identifier,code,value_label,frequency_note,sheet,source_row,value_order,is_placeholder,source_workbook
ABSMID,201408,2014-08-01 00:00:00,,Time,11,1,FALSE,COE_2025_Data_Item_List_DataLab.xlsx
ABSMID,201508,2015-08-01 00:00:00,,Time,12,2,FALSE,COE_2025_Data_Item_List_DataLab.xlsx
ABSMID,201608,2016-08-01 00:00:00,,Time,13,3,FALSE,COE_2025_Data_Item_List_DataLab.xlsx
ABSMID,201708,2017-08-01 00:00:00,,Time,14,4,FALSE,COE_2025_Data_Item_List_DataLab.xlsx
ABSMID,201808,2018-08-01 00:00:00,,Time,15,5,FALSE,COE_2025_Data_Item_List_DataLab.xlsx
ABSMID,201908,2019-08-01 00:00:00,,Time,16,6,FALSE,COE_2025_Data_Item_List_DataLab.xlsx
ABSMID,202008,2020-08-01 00:00:00,,Time,17,7,FALSE,COE_2025_Data_Item_List_DataLab.xlsx
ABSMID,202108,2021-08-01 00:00:00,,Time,18,8,FALSE,COE_2025_Data_Item_List_DataLab.xlsx
ABSMID,202208,2022-08-01 00:00:00,,Time,19,9,FALSE,COE_2025_Data_Item_List_DataLab.xlsx
ABSMID,202308,2023-08-01 00:00:00,,Time,20,10,FALSE,COE_2025_Data_Item_List_DataLab.xlsx
ABSMID,202408,2024-08-01 00:00:00,,Time,21,11,FALSE,COE_2025_Data_Item_List_DataLab.xlsx
ABSMID,202508,2025-08-01 00:00:00,,Time,22,12,FALSE,COE_2025_Data_Item_List_DataLab.xlsx
AGES,015,15 years,,Demography,11,1,FALSE,COE_2025_Data_Item_List_DataLab.xlsx
AGES,016,16 years,,Demography,12,2,FALSE,COE_2025_Data_Item_List_DataLab.xlsx
AGES,017,17 years,,Demography,13,3,FALSE,COE_2025_Data_Item_List_DataLab.xlsx
AGES,...,...,,Demography,14,4,TRUE,COE_2025_Data_Item_List_DataLab.xlsx
AGES,118,118 years,,Demography,15,5,FALSE,COE_2025_Data_Item_List_DataLab.xlsx
AGES,119,119 years,,Demography,16,6,FALSE,COE_2025_Data_Item_List_DataLab.xlsx
AGES,120,120 years and over,,Demography,17,7,FALSE,COE_2025_Data_Item_List_DataLab.xlsx
COBTB21,10000,Australia,,Demography,20,1,FALSE,COE_2025_Data_Item_List_DataLab.xlsx
COBTB21,21201,New Zealand,,Demography,23,2,FALSE,COE_2025_Data_Item_List_DataLab.xlsx
COBTB21,21502,Fiji,,Demography,24,3,FALSE,COE_2025_Data_Item_List_DataLab.xlsx
COBTB21,21999,"Oceania and Antarctica, nec",,Demography,25,4,FALSE,COE_2025_Data_Item_List_DataLab.xlsx
COBTB21,22100,United Kingdom,,Demography,27,5,FALSE,COE_2025_Data_Item_List_DataLab.xlsx
COBTB21,22201,Ireland,,Demography,28,6,FALSE,COE_2025_Data_Item_List_DataLab.xlsx
COBTB21,22304,Germany,,Demography,29,7,FALSE,COE_2025_Data_Item_List_DataLab.xlsx
COBTB21,22308,Netherlands,,Demography,30,8,FALSE,COE_2025_Data_Item_List_DataLab.xlsx
COBTB21,22999,"North-West Europe, nec",,Demography,31,9,FALSE,COE_2025_Data_Item_List_DataLab.xlsx
COBTB21,23104,Italy,,Demography,33,10,FALSE,COE_2025_Data_Item_List_DataLab.xlsx
COBTB21,23105,Malta,,Demography,34,11,FALSE,COE_2025_Data_Item_List_DataLab.xlsx
COBTB21,23204,Croatia,,Demography,35,12,FALSE,COE_2025_Data_Item_List_DataLab.xlsx
COBTB21,23206,North Macedonia,,Demography,36,13,FALSE,COE_2025_Data_Item_List_DataLab.xlsx
COBTB21,23207,Greece,,Demography,37,14,FALSE,COE_2025_Data_Item_List_DataLab.xlsx
COBTB21,23307,Poland,,Demography,38,15,FALSE,COE_2025_Data_Item_List_DataLab.xlsx
COBTB21,23999,"Southern and Eastern Europe, nec",,Demography,39,16,FALSE,COE_2025_Data_Item_List_DataLab.xlsx
COBTB21,24102,Egypt,,Demography,41,17,FALSE,COE_2025_Data_Item_List_DataLab.xlsx
COBTB21,24203,Iran,,Demography,42,18,FALSE,COE_2025_Data_Item_List_DataLab.xlsx
COBTB21,24204,Iraq,,Demography,43,19,FALSE,COE_2025_Data_Item_List_DataLab.xlsx
COBTB21,24208,Lebanon,,Demography,44,20,FALSE,COE_2025_Data_Item_List_DataLab.xlsx
COBTB21,24999,"North Africa and the Middle East, nec",,Demography,45,21,FALSE,COE_2025_Data_Item_List_DataLab.xlsx
COBTB21,25101,Myanmar,,Demography,47,22,FALSE,COE_2025_Data_Item_List_DataLab.xlsx
COBTB21,25102,Cambodia,,Demography,48,23,FALSE,COE_2025_Data_Item_List_DataLab.xlsx
COBTB21,25104,Thailand,,Demography,49,24,FALSE,COE_2025_Data_Item_List_DataLab.xlsx
COBTB21,25105,Vietnam,,Demography,50,25,FALSE,COE_2025_Data_Item_List_DataLab.xlsx
COBTB21,25202,Indonesia,,Demography,51,26,FALSE,COE_2025_Data_Item_List_DataLab.xlsx
COBTB21,25203,Malaysia,,Demography,52,27,FALSE,COE_2025_Data_Item_List_DataLab.xlsx
COBTB21,25204,Philippines,,Demography,53,28,FALSE,COE_2025_Data_Item_List_DataLab.xlsx
COBTB21,25205,Singapore,,Demography,54,29,FALSE,COE_2025_Data_Item_List_DataLab.xlsx
COBTB21,25999,"South-East Asia, nec",,Demography,55,30,FALSE,COE_2025_Data_Item_List_DataLab.xlsx
COBTB21,26101,China,,Demography,57,31,FALSE,COE_2025_Data_Item_List_DataLab.xlsx
COBTB21,26102,Hong Kong,,Demography,58,32,FALSE,COE_2025_Data_Item_List_DataLab.xlsx
COBTB21,26105,Taiwan,,Demography,59,33,FALSE,COE_2025_Data_Item_List_DataLab.xlsx
COBTB21,26201,Japan,,Demography,60,34,FALSE,COE_2025_Data_Item_List_DataLab.xlsx
COBTB21,26203,South Korea,,Demography,61,35,FALSE,COE_2025_Data_Item_List_DataLab.xlsx
COBTB21,26999,"North-East Asia, nec",,Demography,62,36,FALSE,COE_2025_Data_Item_List_DataLab.xlsx
COBTB21,27101,Bangladesh,,Demography,64,37,FALSE,COE_2025_Data_Item_List_DataLab.xlsx
COBTB21,27103,India,,Demography,65,38,FALSE,COE_2025_Data_Item_List_DataLab.xlsx
COBTB21,27105,Nepal,,Demography,66,39,FALSE,COE_2025_Data_Item_List_DataLab.xlsx
COBTB21,27106,Pakistan,,Demography,67,40,FALSE,COE_2025_Data_Item_List_DataLab.xlsx
COBTB21,27107,Sri Lanka,,Demography,68,41,FALSE,COE_2025_Data_Item_List_DataLab.xlsx
COBTB21,27201,Afghanistan,,Demography,69,42,FALSE,COE_2025_Data_Item_List_DataLab.xlsx
COBTB21,27999,"Southern and Central Asia, nec",,Demography,70,43,FALSE,COE_2025_Data_Item_List_DataLab.xlsx
COBTB21,28102,Canada,,Demography,72,44,FALSE,COE_2025_Data_Item_List_DataLab.xlsx
COBTB21,28104,United States of America,,Demography,73,45,FALSE,COE_2025_Data_Item_List_DataLab.xlsx
COBTB21,28999,"Americas, nec",,Demography,74,46,FALSE,COE_2025_Data_Item_List_DataLab.xlsx
COBTB21,29225,South Africa,,Demography,76,47,FALSE,COE_2025_Data_Item_List_DataLab.xlsx
COBTB21,29232,Zimbabwe,,Demography,77,48,FALSE,COE_2025_Data_Item_List_DataLab.xlsx
COBTB21,29999,"Sub-Saharan Africa, nec",,Demography,78,49,FALSE,COE_2025_Data_Item_List_DataLab.xlsx
COBTB21,30000,"Inadequately Described, Born at Sea",,Demography,79,50,FALSE,COE_2025_Data_Item_List_DataLab.xlsx
ELAPSEDA,1,Single years,,Demography,83,1,FALSE,COE_2025_Data_Item_List_DataLab.xlsx
ELAPSEDA,-1,Inadequately described,,Demography,84,2,FALSE,COE_2025_Data_Item_List_DataLab.xlsx
ELAPSEDA,-9,Born in Australia,,Demography,85,3,FALSE,COE_2025_Data_Item_List_DataLab.xlsx
ELAPSEDB,00,Arrived less than 1 year ago (or not born overseas),,Demography,88,1,FALSE,COE_2025_Data_Item_List_DataLab.xlsx
ELAPSEDB,01,Arrived 1 year ago,,Demography,89,2,FALSE,COE_2025_Data_Item_List_DataLab.xlsx
ELAPSEDB,02,Arrived 2 years ago,,Demography,90,3,FALSE,COE_2025_Data_Item_List_DataLab.xlsx
ELAPSEDB,03,Arrived 3 years ago,,Demography,91,4,FALSE,COE_2025_Data_Item_List_DataLab.xlsx
ELAPSEDB,...,...,,Demography,92,5,TRUE,COE_2025_Data_Item_List_DataLab.xlsx
ELAPSEDB,95,Arrived 95 years ago,,Demography,93,6,FALSE,COE_2025_Data_Item_List_DataLab.xlsx
ELAPSEDB,96,Arrived 96 years ago,,Demography,94,7,FALSE,COE_2025_Data_Item_List_DataLab.xlsx
ELAPSEDB,97,Arrived 97 or more years ago,,Demography,95,8,FALSE,COE_2025_Data_Item_List_DataLab.xlsx
ASGSSA4S,102,Central Coast,,Demography,100,1,FALSE,COE_2025_Data_Item_List_DataLab.xlsx
ASGSSA4S,115,Sydney - Baulkham Hills and Hawkesbury,,Demography,101,2,FALSE,COE_2025_Data_Item_List_DataLab.xlsx
ASGSSA4S,116,Sydney - Blacktown,,Demography,102,3,FALSE,COE_2025_Data_Item_List_DataLab.xlsx
ASGSSA4S,117,Sydney - City and Inner South,,Demography,103,4,FALSE,COE_2025_Data_Item_List_DataLab.xlsx
ASGSSA4S,118,Sydney - Eastern Suburbs,,Demography,104,5,FALSE,COE_2025_Data_Item_List_DataLab.xlsx
ASGSSA4S,119,Sydney - Inner South West,,Demography,105,6,FALSE,COE_2025_Data_Item_List_DataLab.xlsx
ASGSSA4S,120,Sydney - Inner West,,Demography,106,7,FALSE,COE_2025_Data_Item_List_DataLab.xlsx
ASGSSA4S,121,Sydney - North Sydney and Hornsby,,Demography,107,8,FALSE,COE_2025_Data_Item_List_DataLab.xlsx
ASGSSA4S,122,Sydney - Northern Beaches,,Demography,108,9,FALSE,COE_2025_Data_Item_List_DataLab.xlsx
ASGSSA4S,123,Sydney - Outer South West,,Demography,109,10,FALSE,COE_2025_Data_Item_List_DataLab.xlsx
ASGSSA4S,124,Sydney - Outer West and Blue Mountains,,Demography,110,11,FALSE,COE_2025_Data_Item_List_DataLab.xlsx
ASGSSA4S,125,Sydney - Parramatta,,Demography,111,12,FALSE,COE_2025_Data_Item_List_DataLab.xlsx
ASGSSA4S,126,Sydney - Ryde,,Demography,112,13,FALSE,COE_2025_Data_Item_List_DataLab.xlsx
ASGSSA4S,127,Sydney - South West,,Demography,113,14,FALSE,COE_2025_Data_Item_List_DataLab.xlsx
ASGSSA4S,128,Sydney - Sutherland,,Demography,114,15,FALSE,COE_2025_Data_Item_List_DataLab.xlsx
ASGSSA4S,101,Capital Region,,Demography,116,16,FALSE,COE_2025_Data_Item_List_DataLab.xlsx
ASGSSA4S,103,New South Wales - Central West,,Demography,117,17,FALSE,COE_2025_Data_Item_List_DataLab.xlsx
ASGSSA4S,104,Coffs Harbour - Grafton,,Demography,118,18,FALSE,COE_2025_Data_Item_List_DataLab.xlsx
ASGSSA4S,105,Far West and Orana,,Demography,119,19,FALSE,COE_2025_Data_Item_List_DataLab.xlsx
ASGSSA4S,106,Hunter Valley exc Newcastle,,Demography,120,20,FALSE,COE_2025_Data_Item_List_DataLab.xlsx
ASGSSA4S,107,Illawarra,,Demography,121,21,FALSE,COE_2025_Data_Item_List_DataLab.xlsx
ASGSSA4S,108,Mid North Coast,,Demography,122,22,FALSE,COE_2025_Data_Item_List_DataLab.xlsx
ASGSSA4S,109,Murray,,Demography,123,23,FALSE,COE_2025_Data_Item_List_DataLab.xlsx
ASGSSA4S,110,New England and North West,,Demography,124,24,FALSE,COE_2025_Data_Item_List_DataLab.xlsx
ASGSSA4S,111,Newcastle and Lake Macquarie,,Demography,125,25,FALSE,COE_2025_Data_Item_List_DataLab.xlsx
ASGSSA4S,112,Richmond - Tweed,,Demography,126,26,FALSE,COE_2025_Data_Item_List_DataLab.xlsx
ASGSSA4S,113,Riverina,,Demography,127,27,FALSE,COE_2025_Data_Item_List_DataLab.xlsx
ASGSSA4S,114,Southern Highlands and Shoalhaven,,Demography,128,28,FALSE,COE_2025_Data_Item_List_DataLab.xlsx
ASGSSA4S,206,Melbourne - Inner,,Demography,131,29,FALSE,COE_2025_Data_Item_List_DataLab.xlsx
ASGSSA4S,207,Melbourne - Inner East,,Demography,132,30,FALSE,COE_2025_Data_Item_List_DataLab.xlsx
ASGSSA4S,208,Melbourne - Inner South,,Demography,133,31,FALSE,COE_2025_Data_Item_List_DataLab.xlsx
ASGSSA4S,209,Melbourne - North East,,Demography,134,32,FALSE,COE_2025_Data_Item_List_DataLab.xlsx
ASGSSA4S,210,Melbourne - North West,,Demography,135,33,FALSE,COE_2025_Data_Item_List_DataLab.xlsx
ASGSSA4S,211,Melbourne - Outer East,,Demography,136,34,FALSE,COE_2025_Data_Item_List_DataLab.xlsx
ASGSSA4S,212,Melbourne - South East,,Demography,137,35,FALSE,COE_2025_Data_Item_List_DataLab.xlsx
ASGSSA4S,213,Melbourne - West,,Demography,138,36,FALSE,COE_2025_Data_Item_List_DataLab.xlsx
ASGSSA4S,214,Mornington Peninsula,,Demography,139,37,FALSE,COE_2025_Data_Item_List_DataLab.xlsx
ASGSSA4S,201,Ballarat,,Demography,141,38,FALSE,COE_2025_Data_Item_List_DataLab.xlsx
ASGSSA4S,202,Bendigo,,Demography,142,39,FALSE,COE_2025_Data_Item_List_DataLab.xlsx
ASGSSA4S,203,Geelong,,Demography,143,40,FALSE,COE_2025_Data_Item_List_DataLab.xlsx
ASGSSA4S,204,Hume,,Demography,144,41,FALSE,COE_2025_Data_Item_List_DataLab.xlsx
ASGSSA4S,205,Latrobe - Gippsland,,Demography,145,42,FALSE,COE_2025_Data_Item_List_DataLab.xlsx
ASGSSA4S,215,Victoria - North West,,Demography,146,43,FALSE,COE_2025_Data_Item_List_DataLab.xlsx
ASGSSA4S,216,Shepparton,,Demography,147,44,FALSE,COE_2025_Data_Item_List_DataLab.xlsx
ASGSSA4S,217,Warrnambool and South West,,Demography,148,45,FALSE,COE_2025_Data_Item_List_DataLab.xlsx
ASGSSA4S,301,Brisbane - East,,Demography,151,46,FALSE,COE_2025_Data_Item_List_DataLab.xlsx
ASGSSA4S,302,Brisbane - North,,Demography,152,47,FALSE,COE_2025_Data_Item_List_DataLab.xlsx
ASGSSA4S,303,Brisbane - South,,Demography,153,48,FALSE,COE_2025_Data_Item_List_DataLab.xlsx
ASGSSA4S,304,Brisbane - West,,Demography,154,49,FALSE,COE_2025_Data_Item_List_DataLab.xlsx
ASGSSA4S,305,Brisbane Inner City,,Demography,155,50,FALSE,COE_2025_Data_Item_List_DataLab.xlsx
ASGSSA4S,310,Ipswich,,Demography,156,51,FALSE,COE_2025_Data_Item_List_DataLab.xlsx
ASGSSA4S,311,Logan - Beaudesert,,Demography,157,52,FALSE,COE_2025_Data_Item_List_DataLab.xlsx
ASGSSA4S,313,Moreton Bay - North,,Demography,158,53,FALSE,COE_2025_Data_Item_List_DataLab.xlsx
ASGSSA4S,314,Moreton Bay - South,,Demography,159,54,FALSE,COE_2025_Data_Item_List_DataLab.xlsx
ASGSSA4S,306,Cairns,,Demography,161,55,FALSE,COE_2025_Data_Item_List_DataLab.xlsx
ASGSSA4S,307,Darling Downs - Maranoa,,Demography,162,56,FALSE,COE_2025_Data_Item_List_DataLab.xlsx
ASGSSA4S,308,Central Queensland,,Demography,163,57,FALSE,COE_2025_Data_Item_List_DataLab.xlsx
ASGSSA4S,309,Gold Coast,,Demography,164,58,FALSE,COE_2025_Data_Item_List_DataLab.xlsx
ASGSSA4S,312,Mackay - Isaac - Whitsunday,,Demography,165,59,FALSE,COE_2025_Data_Item_List_DataLab.xlsx
ASGSSA4S,315,Queensland - Outback,,Demography,166,60,FALSE,COE_2025_Data_Item_List_DataLab.xlsx
ASGSSA4S,316,Sunshine Coast,,Demography,167,61,FALSE,COE_2025_Data_Item_List_DataLab.xlsx
ASGSSA4S,317,Toowoomba,,Demography,168,62,FALSE,COE_2025_Data_Item_List_DataLab.xlsx
ASGSSA4S,318,Townsville,,Demography,169,63,FALSE,COE_2025_Data_Item_List_DataLab.xlsx
ASGSSA4S,319,Wide Bay,,Demography,170,64,FALSE,COE_2025_Data_Item_List_DataLab.xlsx
ASGSSA4S,401,Adelaide - Central and Hills,,Demography,173,65,FALSE,COE_2025_Data_Item_List_DataLab.xlsx
ASGSSA4S,402,Adelaide - North,,Demography,174,66,FALSE,COE_2025_Data_Item_List_DataLab.xlsx
ASGSSA4S,403,Adelaide - South,,Demography,175,67,FALSE,COE_2025_Data_Item_List_DataLab.xlsx
ASGSSA4S,404,Adelaide - West,,Demography,176,68,FALSE,COE_2025_Data_Item_List_DataLab.xlsx
ASGSSA4S,405,Barossa - Yorke - Mid North,,Demography,178,69,FALSE,COE_2025_Data_Item_List_DataLab.xlsx
ASGSSA4S,406,South Australia - Outback,,Demography,179,70,FALSE,COE_2025_Data_Item_List_DataLab.xlsx
ASGSSA4S,407,South Australia - South East,,Demography,180,71,FALSE,COE_2025_Data_Item_List_DataLab.xlsx
ASGSSA4S,502,Mandurah,,Demography,183,72,FALSE,COE_2025_Data_Item_List_DataLab.xlsx
ASGSSA4S,503,Perth - Inner,,Demography,184,73,FALSE,COE_2025_Data_Item_List_DataLab.xlsx
ASGSSA4S,504,Perth - North East,,Demography,185,74,FALSE,COE_2025_Data_Item_List_DataLab.xlsx
ASGSSA4S,505,Perth - North West,,Demography,186,75,FALSE,COE_2025_Data_Item_List_DataLab.xlsx
ASGSSA4S,506,Perth - South East,,Demography,187,76,FALSE,COE_2025_Data_Item_List_DataLab.xlsx
ASGSSA4S,507,Perth - South West,,Demography,188,77,FALSE,COE_2025_Data_Item_List_DataLab.xlsx
ASGSSA4S,501,Bunbury,,Demography,190,78,FALSE,COE_2025_Data_Item_List_DataLab.xlsx
ASGSSA4S,508,Western Australia - Outback (North and South),,Demography,191,79,FALSE,COE_2025_Data_Item_List_DataLab.xlsx
ASGSSA4S,509,Western Australia - Wheat Belt,,Demography,192,80,FALSE,COE_2025_Data_Item_List_DataLab.xlsx
ASGSSA4S,601,Hobart,,Demography,195,81,FALSE,COE_2025_Data_Item_List_DataLab.xlsx
ASGSSA4S,602,Launceston and North East,,Demography,197,82,FALSE,COE_2025_Data_Item_List_DataLab.xlsx
ASGSSA4S,603,Tasmania - South East,,Demography,198,83,FALSE,COE_2025_Data_Item_List_DataLab.xlsx
ASGSSA4S,604,Tasmania - West and North West,,Demography,199,84,FALSE,COE_2025_Data_Item_List_DataLab.xlsx
ASGSSA4S,701,Darwin,,Demography,202,85,FALSE,COE_2025_Data_Item_List_DataLab.xlsx
ASGSSA4S,702,Northern Territory - Outback,,Demography,204,86,FALSE,COE_2025_Data_Item_List_DataLab.xlsx
ASGSSA4S,801,Australian Capital Territory,,Demography,205,87,FALSE,COE_2025_Data_Item_List_DataLab.xlsx
SEXS,1,Male,,Demography,208,1,FALSE,COE_2025_Data_Item_List_DataLab.xlsx
SEXS,2,Female,,Demography,209,2,FALSE,COE_2025_Data_Item_List_DataLab.xlsx
YRBIRTH3,1883,Born 1883,,Demography,212,1,FALSE,COE_2025_Data_Item_List_DataLab.xlsx
YRBIRTH3,1884,Born 1884,,Demography,213,2,FALSE,COE_2025_Data_Item_List_DataLab.xlsx
YRBIRTH3,1885,Born 1885,,Demography,214,3,FALSE,COE_2025_Data_Item_List_DataLab.xlsx
YRBIRTH3,...,...,,Demography,215,4,TRUE,COE_2025_Data_Item_List_DataLab.xlsx
YRBIRTH3,2006,Born 2006,,Demography,216,5,FALSE,COE_2025_Data_Item_List_DataLab.xlsx
YRBIRTH3,2007,Born 2007,,Demography,217,6,FALSE,COE_2025_Data_Item_List_DataLab.xlsx
YRBIRTH3,2008,Born 2008,,Demography,218,7,FALSE,COE_2025_Data_Item_List_DataLab.xlsx
AGEYNGFA,1,Single years,,Families,12,1,FALSE,COE_2025_Data_Item_List_DataLab.xlsx
AGEYNGFA,-1,No children,,Families,13,2,FALSE,COE_2025_Data_Item_List_DataLab.xlsx
AGEYNGFA,-8,Not a parent or family head,,Families,14,3,FALSE,COE_2025_Data_Item_List_DataLab.xlsx
AGEYNGFA,-9,Not available,,Families,15,4,FALSE,COE_2025_Data_Item_List_DataLab.xlsx
AGEYNGFB,00,0 years or no children,,Families,18,1,FALSE,COE_2025_Data_Item_List_DataLab.xlsx
AGEYNGFB,01,1 year,,Families,19,2,FALSE,COE_2025_Data_Item_List_DataLab.xlsx
AGEYNGFB,02,2 years,,Families,20,3,FALSE,COE_2025_Data_Item_List_DataLab.xlsx
AGEYNGFB,...,...,,Families,21,4,TRUE,COE_2025_Data_Item_List_DataLab.xlsx
AGEYNGFB,12,12 years,,Families,22,5,FALSE,COE_2025_Data_Item_List_DataLab.xlsx
AGEYNGFB,13,13 years,,Families,23,6,FALSE,COE_2025_Data_Item_List_DataLab.xlsx
AGEYNGFB,14,14 years,,Families,24,7,FALSE,COE_2025_Data_Item_List_DataLab.xlsx
AGEYNGHA,1,Single years,,Families,28,1,FALSE,COE_2025_Data_Item_List_DataLab.xlsx
AGEYNGHA,-1,No children,,Families,29,2,FALSE,COE_2025_Data_Item_List_DataLab.xlsx
AGEYNGHA,-9,Not available,,Families,30,3,FALSE,COE_2025_Data_Item_List_DataLab.xlsx
AGEYNGHB,00,0 years or no children,,Families,33,1,FALSE,COE_2025_Data_Item_List_DataLab.xlsx
AGEYNGHB,01,1 year,,Families,34,2,FALSE,COE_2025_Data_Item_List_DataLab.xlsx
AGEYNGHB,02,2 years,,Families,35,3,FALSE,COE_2025_Data_Item_List_DataLab.xlsx
AGEYNGHB,...,...,,Families,36,4,TRUE,COE_2025_Data_Item_List_DataLab.xlsx
AGEYNGHB,12,12 years,,Families,37,5,FALSE,COE_2025_Data_Item_List_DataLab.xlsx
AGEYNGHB,13,13 years,,Families,38,6,FALSE,COE_2025_Data_Item_List_DataLab.xlsx
AGEYNGHB,14,14 years,,Families,39,7,FALSE,COE_2025_Data_Item_List_DataLab.xlsx
NUMKD14F,00,No children,From Aug-18,Families,42,1,FALSE,COE_2025_Data_Item_List_DataLab.xlsx
NUMKD14F,01,1 child,,Families,43,2,FALSE,COE_2025_Data_Item_List_DataLab.xlsx
NUMKD14F,02,2 children,,Families,44,3,FALSE,COE_2025_Data_Item_List_DataLab.xlsx
NUMKD14F,03,3 or more children,,Families,45,4,FALSE,COE_2025_Data_Item_List_DataLab.xlsx
NUMKD14F,-8,Not a parent or family head,,Families,46,5,FALSE,COE_2025_Data_Item_List_DataLab.xlsx
NUMKD14F,-9,Not available,,Families,47,6,FALSE,COE_2025_Data_Item_List_DataLab.xlsx
NUMKD14H,00,No children,,Families,50,1,FALSE,COE_2025_Data_Item_List_DataLab.xlsx
NUMKD14H,01,1 child,,Families,51,2,FALSE,COE_2025_Data_Item_List_DataLab.xlsx
NUMKD14H,02,2 children,,Families,52,3,FALSE,COE_2025_Data_Item_List_DataLab.xlsx
NUMKD14H,03,3 or more children,,Families,53,4,FALSE,COE_2025_Data_Item_List_DataLab.xlsx
NUMKD14H,-9,Not available,,Families,54,5,FALSE,COE_2025_Data_Item_List_DataLab.xlsx
NUMDP24F,00,No dependants,From Aug-18,Families,57,1,FALSE,COE_2025_Data_Item_List_DataLab.xlsx
NUMDP24F,01,1 dependant,,Families,58,2,FALSE,COE_2025_Data_Item_List_DataLab.xlsx
NUMDP24F,02,2 dependants,,Families,59,3,FALSE,COE_2025_Data_Item_List_DataLab.xlsx
NUMDP24F,03,3 dependants,,Families,60,4,FALSE,COE_2025_Data_Item_List_DataLab.xlsx
NUMDP24F,04,4 or more dependants,,Families,61,5,FALSE,COE_2025_Data_Item_List_DataLab.xlsx
NUMDP24F,-8,Not a parent or family head,,Families,62,6,FALSE,COE_2025_Data_Item_List_DataLab.xlsx
NUMDP24F,-9,Not available,,Families,63,7,FALSE,COE_2025_Data_Item_List_DataLab.xlsx
NUMDP24H,00,No dependants,,Families,66,1,FALSE,COE_2025_Data_Item_List_DataLab.xlsx
NUMDP24H,01,1 dependant,,Families,67,2,FALSE,COE_2025_Data_Item_List_DataLab.xlsx
NUMDP24H,02,2 dependants,,Families,68,3,FALSE,COE_2025_Data_Item_List_DataLab.xlsx
NUMDP24H,03,3 dependants,,Families,69,4,FALSE,COE_2025_Data_Item_List_DataLab.xlsx
NUMDP24H,04,4 or more dependants,,Families,70,5,FALSE,COE_2025_Data_Item_List_DataLab.xlsx
NUMDP24H,-9,Not available,,Families,71,6,FALSE,COE_2025_Data_Item_List_DataLab.xlsx
RELHH21,211,"Husband, wife or partner with child under 15",,Families,77,1,FALSE,COE_2025_Data_Item_List_DataLab.xlsx
RELHH21,212,"Husband, wife or partner with dependent students 15-24 years",,Families,78,2,FALSE,COE_2025_Data_Item_List_DataLab.xlsx
RELHH21,221,"Husband, wife or partner with non-dependent children 15 years and over",,Families,80,3,FALSE,COE_2025_Data_Item_List_DataLab.xlsx
RELHH21,222,"Husband, wife or partner with no children",,Families,81,4,FALSE,COE_2025_Data_Item_List_DataLab.xlsx
RELHH21,311,Lone parent with children under 15,,Families,84,5,FALSE,COE_2025_Data_Item_List_DataLab.xlsx
RELHH21,312,Lone parent with dependent students 15-24 years,,Families,85,6,FALSE,COE_2025_Data_Item_List_DataLab.xlsx
RELHH21,320,Lone parent with non-dependent children 15 years and over,,Families,86,7,FALSE,COE_2025_Data_Item_List_DataLab.xlsx
RELHH21,401,Dependent student 15 to 24 years,,Families,88,8,FALSE,COE_2025_Data_Item_List_DataLab.xlsx
RELHH21,402,Non-dependent child 15 years and over,,Families,89,9,FALSE,COE_2025_Data_Item_List_DataLab.xlsx
RELHH21,500,Other relative,,Families,90,10,FALSE,COE_2025_Data_Item_List_DataLab.xlsx
RELHH21,700,Person living with non-relatives,,Families,92,11,FALSE,COE_2025_Data_Item_List_DataLab.xlsx
RELHH21,800,Person living alone,,Families,93,12,FALSE,COE_2025_Data_Item_List_DataLab.xlsx
RELHH21,900,Relationship not determined,,Families,94,13,FALSE,COE_2025_Data_Item_List_DataLab.xlsx
RELHH21,000,Not available,,Families,95,14,FALSE,COE_2025_Data_Item_List_DataLab.xlsx
MARSTATS,1,Married,From Aug-18,Families,98,1,FALSE,COE_2025_Data_Item_List_DataLab.xlsx
MARSTATS,2,Not married,,Families,99,2,FALSE,COE_2025_Data_Item_List_DataLab.xlsx
MARSTATS,0,Not available,,Families,100,3,FALSE,COE_2025_Data_Item_List_DataLab.xlsx
ELYRHIQA,1,Single years,,Education,12,1,FALSE,COE_2025_Data_Item_List_DataLab.xlsx
ELYRHIQA,-1,Not stated or inadaquately described,,Education,13,2,FALSE,COE_2025_Data_Item_List_DataLab.xlsx
ELYRHIQA,-8,No educational attainment,,Education,14,3,FALSE,COE_2025_Data_Item_List_DataLab.xlsx
ELYRHIQA,-9,Not available,,Education,15,4,FALSE,COE_2025_Data_Item_List_DataLab.xlsx
ELYRHIQB,01,Completed last year,,Education,18,1,FALSE,COE_2025_Data_Item_List_DataLab.xlsx
ELYRHIQB,02,Completed 2 years ago,,Education,19,2,FALSE,COE_2025_Data_Item_List_DataLab.xlsx
ELYRHIQB,03,Completed 3 years ago,,Education,20,3,FALSE,COE_2025_Data_Item_List_DataLab.xlsx
ELYRHIQB,...,...,,Education,21,4,TRUE,COE_2025_Data_Item_List_DataLab.xlsx
ELYRHIQB,33,Completed 33 years ago,,Education,22,5,FALSE,COE_2025_Data_Item_List_DataLab.xlsx
ELYRHIQB,34,Completed 34 years ago,,Education,23,6,FALSE,COE_2025_Data_Item_List_DataLab.xlsx
ELYRHIQB,35,Completed 35 years or more ago,,Education,24,7,FALSE,COE_2025_Data_Item_List_DataLab.xlsx
ELYRHIQB,00,No educational attainment or not available,,Education,25,8,FALSE,COE_2025_Data_Item_List_DataLab.xlsx
ELYRNSQA,1,Single years,,Education,29,1,FALSE,COE_2025_Data_Item_List_DataLab.xlsx
ELYRNSQA,-1,Not stated or inadaquately described,,Education,30,2,FALSE,COE_2025_Data_Item_List_DataLab.xlsx
ELYRNSQA,-8,No non-school qualification,,Education,31,3,FALSE,COE_2025_Data_Item_List_DataLab.xlsx
ELYRNSQA,-9,Not available,,Education,32,4,FALSE,COE_2025_Data_Item_List_DataLab.xlsx
ELYRNSQB,01,Completed last year,,Education,35,1,FALSE,COE_2025_Data_Item_List_DataLab.xlsx
ELYRNSQB,02,Completed 2 years ago,,Education,36,2,FALSE,COE_2025_Data_Item_List_DataLab.xlsx
ELYRNSQB,03,Completed 3 years ago,,Education,37,3,FALSE,COE_2025_Data_Item_List_DataLab.xlsx
ELYRNSQB,...,...,,Education,38,4,TRUE,COE_2025_Data_Item_List_DataLab.xlsx
ELYRNSQB,33,Completed 33 years ago,,Education,39,5,FALSE,COE_2025_Data_Item_List_DataLab.xlsx
ELYRNSQB,34,Completed 34 years ago,,Education,40,6,FALSE,COE_2025_Data_Item_List_DataLab.xlsx
ELYRNSQB,35,Completed 35 years or more ago,,Education,41,7,FALSE,COE_2025_Data_Item_List_DataLab.xlsx
ELYRNSQB,00,No non-school qualification or not available,,Education,42,8,FALSE,COE_2025_Data_Item_List_DataLab.xlsx
HIGHYR,1,Year 12,From Aug-16,Education,45,1,FALSE,COE_2025_Data_Item_List_DataLab.xlsx
HIGHYR,2,Year 11,,Education,46,2,FALSE,COE_2025_Data_Item_List_DataLab.xlsx
HIGHYR,3,Year 10,,Education,47,3,FALSE,COE_2025_Data_Item_List_DataLab.xlsx
HIGHYR,4,Year 9,,Education,48,4,FALSE,COE_2025_Data_Item_List_DataLab.xlsx
HIGHYR,5,Year 8 or below,,Education,49,5,FALSE,COE_2025_Data_Item_List_DataLab.xlsx
HIGHYR,6,Never attended school,,Education,50,6,FALSE,COE_2025_Data_Item_List_DataLab.xlsx
HIGHYR,7,Level not determined,,Education,51,7,FALSE,COE_2025_Data_Item_List_DataLab.xlsx
HIGHYR,0,Not available,,Education,52,8,FALSE,COE_2025_Data_Item_List_DataLab.xlsx
ASCEDLVL,199,Postgraduate Degree nfd,,Education,56,1,FALSE,COE_2025_Data_Item_List_DataLab.xlsx
ASCEDLVL,110,Doctoral Degree,,Education,57,2,FALSE,COE_2025_Data_Item_List_DataLab.xlsx
ASCEDLVL,120,Masters Degree,,Education,58,3,FALSE,COE_2025_Data_Item_List_DataLab.xlsx
ASCEDLVL,299,Graduate Diploma or Certificate nfd,,Education,60,4,FALSE,COE_2025_Data_Item_List_DataLab.xlsx
ASCEDLVL,210,Graduate Diploma,,Education,61,5,FALSE,COE_2025_Data_Item_List_DataLab.xlsx
ASCEDLVL,220,Graduate Certificate,,Education,62,6,FALSE,COE_2025_Data_Item_List_DataLab.xlsx
ASCEDLVL,310,Bachelor Degree,,Education,63,7,FALSE,COE_2025_Data_Item_List_DataLab.xlsx
ASCEDLVL,499,Advanced Diploma or Diploma nfd,,Education,65,8,FALSE,COE_2025_Data_Item_List_DataLab.xlsx
ASCEDLVL,411,Advanced Diploma,,Education,66,9,FALSE,COE_2025_Data_Item_List_DataLab.xlsx
ASCEDLVL,413,Associate Degree,,Education,67,10,FALSE,COE_2025_Data_Item_List_DataLab.xlsx
ASCEDLVL,421,Diploma,,Education,68,11,FALSE,COE_2025_Data_Item_List_DataLab.xlsx
ASCEDLVL,519,Certificate III or IV nfd,,Education,70,12,FALSE,COE_2025_Data_Item_List_DataLab.xlsx
ASCEDLVL,511,Certificate IV,,Education,71,13,FALSE,COE_2025_Data_Item_List_DataLab.xlsx
ASCEDLVL,514,Certificate III,,Education,72,14,FALSE,COE_2025_Data_Item_List_DataLab.xlsx
ASCEDLVL,611,Year 12 or equivalent,,Education,73,15,FALSE,COE_2025_Data_Item_List_DataLab.xlsx
ASCEDLVL,613,Year 11 or equivalent,,Education,74,16,FALSE,COE_2025_Data_Item_List_DataLab.xlsx
ASCEDLVL,621,Year 10 or equivalent,,Education,75,17,FALSE,COE_2025_Data_Item_List_DataLab.xlsx
ASCEDLVL,599,Certificate nfd,,Education,77,18,FALSE,COE_2025_Data_Item_List_DataLab.xlsx
ASCEDLVL,520,Certificate I or II,,Education,78,19,FALSE,COE_2025_Data_Item_List_DataLab.xlsx
ASCEDLVL,622,Year 9 or equivalent,,Education,79,20,FALSE,COE_2025_Data_Item_List_DataLab.xlsx
ASCEDLVL,623,Year 8 or below,,Education,80,21,FALSE,COE_2025_Data_Item_List_DataLab.xlsx
ASCEDLVL,998,No educational attainment,,Education,81,22,FALSE,COE_2025_Data_Item_List_DataLab.xlsx
ASCEDLVL,011,Level not determined,,Education,82,23,FALSE,COE_2025_Data_Item_List_DataLab.xlsx
ASCEDLVL,000,Not available,,Education,83,24,FALSE,COE_2025_Data_Item_List_DataLab.xlsx
ASCEDLVS,199,Postgraduate Degree nfd,,Education,88,1,FALSE,COE_2025_Data_Item_List_DataLab.xlsx
ASCEDLVS,110,Doctoral Degree,,Education,89,2,FALSE,COE_2025_Data_Item_List_DataLab.xlsx
ASCEDLVS,120,Masters Degree,,Education,90,3,FALSE,COE_2025_Data_Item_List_DataLab.xlsx
ASCEDLVS,299,Graduate Diploma or Certificate nfd,,Education,92,4,FALSE,COE_2025_Data_Item_List_DataLab.xlsx
ASCEDLVS,210,Graduate Diploma,,Education,93,5,FALSE,COE_2025_Data_Item_List_DataLab.xlsx
ASCEDLVS,220,Graduate Certificate,,Education,94,6,FALSE,COE_2025_Data_Item_List_DataLab.xlsx
ASCEDLVS,310,Bachelor Degree,,Education,95,7,FALSE,COE_2025_Data_Item_List_DataLab.xlsx
ASCEDLVS,499,Advanced Diploma or Diploma nfd,,Education,97,8,FALSE,COE_2025_Data_Item_List_DataLab.xlsx
ASCEDLVS,411,Advanced Diploma,,Education,98,9,FALSE,COE_2025_Data_Item_List_DataLab.xlsx
ASCEDLVS,413,Associate Degree,,Education,99,10,FALSE,COE_2025_Data_Item_List_DataLab.xlsx
ASCEDLVS,421,Diploma,,Education,100,11,FALSE,COE_2025_Data_Item_List_DataLab.xlsx
ASCEDLVS,519,Certificate III or IV nfd,,Education,102,12,FALSE,COE_2025_Data_Item_List_DataLab.xlsx
ASCEDLVS,511,Certificate IV,,Education,103,13,FALSE,COE_2025_Data_Item_List_DataLab.xlsx
ASCEDLVS,514,Certificate III,,Education,104,14,FALSE,COE_2025_Data_Item_List_DataLab.xlsx
ASCEDLVS,529,Certificate I or II nfd,,Education,106,15,FALSE,COE_2025_Data_Item_List_DataLab.xlsx
ASCEDLVS,521,Certificate II,,Education,107,16,FALSE,COE_2025_Data_Item_List_DataLab.xlsx
ASCEDLVS,524,Certificate I,,Education,108,17,FALSE,COE_2025_Data_Item_List_DataLab.xlsx
ASCEDLVS,599,Certificate nfd,,Education,109,18,FALSE,COE_2025_Data_Item_List_DataLab.xlsx
ASCEDLVS,011,Level not determined,,Education,110,19,FALSE,COE_2025_Data_Item_List_DataLab.xlsx
ASCEDLVS,998,Without non-school qualification,,Education,111,20,FALSE,COE_2025_Data_Item_List_DataLab.xlsx
ASCEDLVS,000,Not available,,Education,112,21,FALSE,COE_2025_Data_Item_List_DataLab.xlsx
MFHNSQ,0100,Natural and Physical Sciences nfd,,Education,116,1,FALSE,COE_2025_Data_Item_List_DataLab.xlsx
MFHNSQ,0101,Mathematical Sciences,,Education,117,2,FALSE,COE_2025_Data_Item_List_DataLab.xlsx
MFHNSQ,0103,Physics and Astronomy,,Education,118,3,FALSE,COE_2025_Data_Item_List_DataLab.xlsx
MFHNSQ,0105,Chemical Sciences,,Education,119,4,FALSE,COE_2025_Data_Item_List_DataLab.xlsx
MFHNSQ,0107,Earth Sciences,,Education,120,5,FALSE,COE_2025_Data_Item_List_DataLab.xlsx
MFHNSQ,0109,Biological Sciences,,Education,121,6,FALSE,COE_2025_Data_Item_List_DataLab.xlsx
MFHNSQ,0199,Other Natural and Physical Sciences,,Education,122,7,FALSE,COE_2025_Data_Item_List_DataLab.xlsx
MFHNSQ,0200,Information Technology nfd,,Education,124,8,FALSE,COE_2025_Data_Item_List_DataLab.xlsx
MFHNSQ,0201,Computer Science,,Education,125,9,FALSE,COE_2025_Data_Item_List_DataLab.xlsx
MFHNSQ,0203,Information Systems,,Education,126,10,FALSE,COE_2025_Data_Item_List_DataLab.xlsx
MFHNSQ,0299,Other Information Technology,,Education,127,11,FALSE,COE_2025_Data_Item_List_DataLab.xlsx
MFHNSQ,0300,Engineering and Related Technologies nfd,,Education,129,12,FALSE,COE_2025_Data_Item_List_DataLab.xlsx
MFHNSQ,0301,Manufacturing Engineering and Technology,,Education,130,13,FALSE,COE_2025_Data_Item_List_DataLab.xlsx
MFHNSQ,0303,Process and Resources Engineering,,Education,131,14,FALSE,COE_2025_Data_Item_List_DataLab.xlsx
MFHNSQ,0305,Automotive Engineering and Technology,,Education,132,15,FALSE,COE_2025_Data_Item_List_DataLab.xlsx
MFHNSQ,0307,Mechanical and Industrial Engineering and Technology,,Education,133,16,FALSE,COE_2025_Data_Item_List_DataLab.xlsx
MFHNSQ,0309,Civil Engineering,,Education,134,17,FALSE,COE_2025_Data_Item_List_DataLab.xlsx
MFHNSQ,0311,Geomatic Engineering,,Education,135,18,FALSE,COE_2025_Data_Item_List_DataLab.xlsx
MFHNSQ,0313,Electrical and Electronic Engineering and Technology,,Education,136,19,FALSE,COE_2025_Data_Item_List_DataLab.xlsx
MFHNSQ,0315,Aerospace Engineering and Technology,,Education,137,20,FALSE,COE_2025_Data_Item_List_DataLab.xlsx
MFHNSQ,0317,Maritime Engineering and Technology,,Education,138,21,FALSE,COE_2025_Data_Item_List_DataLab.xlsx
MFHNSQ,0399,Other Engineering and Related Technologies,,Education,139,22,FALSE,COE_2025_Data_Item_List_DataLab.xlsx
MFHNSQ,0400,Architecture and Building nfd,,Education,141,23,FALSE,COE_2025_Data_Item_List_DataLab.xlsx
MFHNSQ,0401,Architecture and Urban Environment,,Education,142,24,FALSE,COE_2025_Data_Item_List_DataLab.xlsx
MFHNSQ,0403,Building,,Education,143,25,FALSE,COE_2025_Data_Item_List_DataLab.xlsx
MFHNSQ,0500,"Agriculture, Environmental and Related Studies nfd",,Education,145,26,FALSE,COE_2025_Data_Item_List_DataLab.xlsx
MFHNSQ,0501,Agriculture,,Education,146,27,FALSE,COE_2025_Data_Item_List_DataLab.xlsx
MFHNSQ,0503,Horticulture and Viticulture,,Education,147,28,FALSE,COE_2025_Data_Item_List_DataLab.xlsx
MFHNSQ,0505,Forestry Studies,,Education,148,29,FALSE,COE_2025_Data_Item_List_DataLab.xlsx
MFHNSQ,0507,Fisheries Studies,,Education,149,30,FALSE,COE_2025_Data_Item_List_DataLab.xlsx
MFHNSQ,0509,Environmental Studies,,Education,150,31,FALSE,COE_2025_Data_Item_List_DataLab.xlsx
MFHNSQ,0599,"Other Agriculture, Environmental and Related Studies",,Education,151,32,FALSE,COE_2025_Data_Item_List_DataLab.xlsx
MFHNSQ,0600,Health nfd,,Education,153,33,FALSE,COE_2025_Data_Item_List_DataLab.xlsx
MFHNSQ,0601,Medical Studies,,Education,154,34,FALSE,COE_2025_Data_Item_List_DataLab.xlsx
MFHNSQ,0603,Nursing,,Education,155,35,FALSE,COE_2025_Data_Item_List_DataLab.xlsx
MFHNSQ,0605,Pharmacy,,Education,156,36,FALSE,COE_2025_Data_Item_List_DataLab.xlsx
MFHNSQ,0607,Dental Studies,,Education,157,37,FALSE,COE_2025_Data_Item_List_DataLab.xlsx
MFHNSQ,0609,Optical Science,,Education,158,38,FALSE,COE_2025_Data_Item_List_DataLab.xlsx
MFHNSQ,0611,Veterinary Studies,,Education,159,39,FALSE,COE_2025_Data_Item_List_DataLab.xlsx
MFHNSQ,0613,Public Health,,Education,160,40,FALSE,COE_2025_Data_Item_List_DataLab.xlsx
MFHNSQ,0615,Radiography,,Education,161,41,FALSE,COE_2025_Data_Item_List_DataLab.xlsx
MFHNSQ,0617,Rehabilitation Therapies,,Education,162,42,FALSE,COE_2025_Data_Item_List_DataLab.xlsx
MFHNSQ,0619,Complementary Therapies,,Education,163,43,FALSE,COE_2025_Data_Item_List_DataLab.xlsx
MFHNSQ,0699,Other Health,,Education,164,44,FALSE,COE_2025_Data_Item_List_DataLab.xlsx
MFHNSQ,0700,Education nfd,,Education,166,45,FALSE,COE_2025_Data_Item_List_DataLab.xlsx
MFHNSQ,0701,Teacher Education,,Education,167,46,FALSE,COE_2025_Data_Item_List_DataLab.xlsx
MFHNSQ,0703,Curriculum and Education Studies,,Education,168,47,FALSE,COE_2025_Data_Item_List_DataLab.xlsx
MFHNSQ,0799,Other Education,,Education,169,48,FALSE,COE_2025_Data_Item_List_DataLab.xlsx
MFHNSQ,0800,Management and Commerce nfd,,Education,171,49,FALSE,COE_2025_Data_Item_List_DataLab.xlsx
MFHNSQ,0801,Accounting,,Education,172,50,FALSE,COE_2025_Data_Item_List_DataLab.xlsx
MFHNSQ,0803,Business and Management,,Education,173,51,FALSE,COE_2025_Data_Item_List_DataLab.xlsx
MFHNSQ,0805,Sales and Marketing,,Education,174,52,FALSE,COE_2025_Data_Item_List_DataLab.xlsx
MFHNSQ,0807,Tourism,,Education,175,53,FALSE,COE_2025_Data_Item_List_DataLab.xlsx
MFHNSQ,0809,Office Studies,,Education,176,54,FALSE,COE_2025_Data_Item_List_DataLab.xlsx
MFHNSQ,0811,"Banking, Finance and Related Fields",,Education,177,55,FALSE,COE_2025_Data_Item_List_DataLab.xlsx
MFHNSQ,0899,Other Management and Commerce,,Education,178,56,FALSE,COE_2025_Data_Item_List_DataLab.xlsx
MFHNSQ,0900,Society and Culture nfd,,Education,180,57,FALSE,COE_2025_Data_Item_List_DataLab.xlsx
MFHNSQ,0901,Political Science and Policy Studies,,Education,181,58,FALSE,COE_2025_Data_Item_List_DataLab.xlsx
MFHNSQ,0903,Studies in Human Society,,Education,182,59,FALSE,COE_2025_Data_Item_List_DataLab.xlsx
MFHNSQ,0905,Human Welfare Studies and Services,,Education,183,60,FALSE,COE_2025_Data_Item_List_DataLab.xlsx
MFHNSQ,0907,Behavioural Science,,Education,184,61,FALSE,COE_2025_Data_Item_List_DataLab.xlsx
MFHNSQ,0909,Law,,Education,185,62,FALSE,COE_2025_Data_Item_List_DataLab.xlsx
MFHNSQ,0911,Justice and Law Enforcement,,Education,186,63,FALSE,COE_2025_Data_Item_List_DataLab.xlsx
MFHNSQ,0913,"Librarianship, Information Management and Curatorial Studies",,Education,187,64,FALSE,COE_2025_Data_Item_List_DataLab.xlsx
MFHNSQ,0915,Language and Literature,,Education,188,65,FALSE,COE_2025_Data_Item_List_DataLab.xlsx
MFHNSQ,0917,Philosophy and Religious Studies,,Education,189,66,FALSE,COE_2025_Data_Item_List_DataLab.xlsx
MFHNSQ,0919,Economics and Econometrics,,Education,190,67,FALSE,COE_2025_Data_Item_List_DataLab.xlsx
MFHNSQ,0921,Sport and Recreation,,Education,191,68,FALSE,COE_2025_Data_Item_List_DataLab.xlsx
MFHNSQ,0999,Other Society and Culture,,Education,192,69,FALSE,COE_2025_Data_Item_List_DataLab.xlsx
MFHNSQ,1000,Creative Arts nfd,,Education,194,70,FALSE,COE_2025_Data_Item_List_DataLab.xlsx
MFHNSQ,1001,Performing Arts,,Education,195,71,FALSE,COE_2025_Data_Item_List_DataLab.xlsx
MFHNSQ,1003,Visual Arts and Crafts,,Education,196,72,FALSE,COE_2025_Data_Item_List_DataLab.xlsx
MFHNSQ,1005,Graphic and Design Studies,,Education,197,73,FALSE,COE_2025_Data_Item_List_DataLab.xlsx
MFHNSQ,1007,Communication and Media Studies,,Education,198,74,FALSE,COE_2025_Data_Item_List_DataLab.xlsx
MFHNSQ,1099,Other Creative Arts,,Education,199,75,FALSE,COE_2025_Data_Item_List_DataLab.xlsx
MFHNSQ,1100,"Food, Hospitality and Personal Services nfd",,Education,201,76,FALSE,COE_2025_Data_Item_List_DataLab.xlsx
MFHNSQ,1101,Food and Hospitality,,Education,202,77,FALSE,COE_2025_Data_Item_List_DataLab.xlsx
MFHNSQ,1103,Personal Services,,Education,203,78,FALSE,COE_2025_Data_Item_List_DataLab.xlsx
MFHNSQ,1200,Mixed Field Programmes nfd,,Education,205,79,FALSE,COE_2025_Data_Item_List_DataLab.xlsx
MFHNSQ,1201,General Education Programmes,,Education,206,80,FALSE,COE_2025_Data_Item_List_DataLab.xlsx
MFHNSQ,1203,Social Skills Programmes,,Education,207,81,FALSE,COE_2025_Data_Item_List_DataLab.xlsx
MFHNSQ,1205,Employment Skills Programmes,,Education,208,82,FALSE,COE_2025_Data_Item_List_DataLab.xlsx
MFHNSQ,1299,Other Mixed Field Programmes,,Education,209,83,FALSE,COE_2025_Data_Item_List_DataLab.xlsx
MFHNSQ,9998,Inadequately described,,Education,210,84,FALSE,COE_2025_Data_Item_List_DataLab.xlsx
MFHNSQ,0000,No non-school qualification,,Education,211,85,FALSE,COE_2025_Data_Item_List_DataLab.xlsx
MFHNSQ,9999,Not available,,Education,212,86,FALSE,COE_2025_Data_Item_List_DataLab.xlsx
STUDSTAS,1,Currently studying full-time,,Education,216,1,FALSE,COE_2025_Data_Item_List_DataLab.xlsx
STUDSTAS,2,Currently studying part-time,,Education,217,2,FALSE,COE_2025_Data_Item_List_DataLab.xlsx
STUDSTAS,3,Not currently studying,,Education,218,3,FALSE,COE_2025_Data_Item_List_DataLab.xlsx
NEETSTAT,11,Employed full-time or studying full-time,,Education,223,1,FALSE,COE_2025_Data_Item_List_DataLab.xlsx
NEETSTAT,12,Employed part-time and studying part-time,,Education,224,2,FALSE,COE_2025_Data_Item_List_DataLab.xlsx
NEETSTAT,13,Working in an unpaid trainee job,,Education,225,3,FALSE,COE_2025_Data_Item_List_DataLab.xlsx
NEETSTAT,20,Employed part-time or studying part-time,,Education,227,4,FALSE,COE_2025_Data_Item_List_DataLab.xlsx
NEETSTAT,30,"Not engaged in employment, education or trainnig",,Education,228,5,FALSE,COE_2025_Data_Item_List_DataLab.xlsx
WKDHRSA,1,Single hours,,Employment,12,1,FALSE,COE_2025_Data_Item_List_DataLab.xlsx
WKDHRSA,0,Not employed,,Employment,13,2,FALSE,COE_2025_Data_Item_List_DataLab.xlsx
WKDHRSA,-9,Not collected (2025-),,Employment,14,3,FALSE,COE_2025_Data_Item_List_DataLab.xlsx
WKDHRSB,01,1 hour,,Employment,18,1,FALSE,COE_2025_Data_Item_List_DataLab.xlsx
WKDHRSB,02,2 hours,,Employment,19,2,FALSE,COE_2025_Data_Item_List_DataLab.xlsx
WKDHRSB,03,3 hours,,Employment,20,3,FALSE,COE_2025_Data_Item_List_DataLab.xlsx
WKDHRSB,...,...,,Employment,21,4,TRUE,COE_2025_Data_Item_List_DataLab.xlsx
WKDHRSB,33,33 hours,,Employment,22,5,FALSE,COE_2025_Data_Item_List_DataLab.xlsx
WKDHRSB,34,34 hours,,Employment,23,6,FALSE,COE_2025_Data_Item_List_DataLab.xlsx
WKDHRSB,35,35 hours,,Employment,25,7,FALSE,COE_2025_Data_Item_List_DataLab.xlsx
WKDHRSB,36,36 hours,,Employment,26,8,FALSE,COE_2025_Data_Item_List_DataLab.xlsx
WKDHRSB,...,...,,Employment,27,9,TRUE,COE_2025_Data_Item_List_DataLab.xlsx
WKDHRSB,98,98 hours,,Employment,28,10,FALSE,COE_2025_Data_Item_List_DataLab.xlsx
WKDHRSB,99,99 hours or more,,Employment,29,11,FALSE,COE_2025_Data_Item_List_DataLab.xlsx
WKDHRSB,00,Did not work (0 hours) or Not employed,,Employment,30,12,FALSE,COE_2025_Data_Item_List_DataLab.xlsx
WKDHRSB,-9,Not collected (2025-),,Employment,31,13,FALSE,COE_2025_Data_Item_List_DataLab.xlsx
FTPTEMPS,1,Full-time,,Employment,34,1,FALSE,COE_2025_Data_Item_List_DataLab.xlsx
FTPTEMPS,2,Part-time,,Employment,35,2,FALSE,COE_2025_Data_Item_List_DataLab.xlsx
FTPTEMPS,0,Not employed,,Employment,36,3,FALSE,COE_2025_Data_Item_List_DataLab.xlsx
HRUWAJB,1,Single hours,,Employment,40,1,FALSE,COE_2025_Data_Item_List_DataLab.xlsx
HRUWAJB,0,Not employed,,Employment,41,2,FALSE,COE_2025_Data_Item_List_DataLab.xlsx
HRUWAJB,-9,Not collected (2025-),,Employment,42,3,FALSE,COE_2025_Data_Item_List_DataLab.xlsx
HRUWAJB,001,1 hour,,Employment,46,1,FALSE,COE_2025_Data_Item_List_DataLab.xlsx
HRUWAJB,002,2 hours,,Employment,47,2,FALSE,COE_2025_Data_Item_List_DataLab.xlsx
HRUWAJB,003,3 hours,,Employment,48,3,FALSE,COE_2025_Data_Item_List_DataLab.xlsx
HRUWAJB,...,...,,Employment,49,4,TRUE,COE_2025_Data_Item_List_DataLab.xlsx
HRUWAJB,033,33 hours,,Employment,50,5,FALSE,COE_2025_Data_Item_List_DataLab.xlsx
HRUWAJB,034,34 hours,,Employment,51,6,FALSE,COE_2025_Data_Item_List_DataLab.xlsx
HRUWAJB,035,35 hours,,Employment,53,7,FALSE,COE_2025_Data_Item_List_DataLab.xlsx
HRUWAJB,036,36 hours,,Employment,54,8,FALSE,COE_2025_Data_Item_List_DataLab.xlsx
HRUWAJB,...,...,,Employment,55,9,TRUE,COE_2025_Data_Item_List_DataLab.xlsx
HRUWAJB,167,167 hours,,Employment,56,10,FALSE,COE_2025_Data_Item_List_DataLab.xlsx
HRUWAJB,168,168 hours,,Employment,57,11,FALSE,COE_2025_Data_Item_List_DataLab.xlsx
HRUWAJB,000,Did not usually work (0 hours) or Not employed,,Employment,58,12,FALSE,COE_2025_Data_Item_List_DataLab.xlsx
HRUWAJB,-9,Not collected (2025-),,Employment,59,13,FALSE,COE_2025_Data_Item_List_DataLab.xlsx
LFSTATUS,1,Employed,,Employment,62,1,FALSE,COE_2025_Data_Item_List_DataLab.xlsx
LFSTATUS,2,Unemployed,,Employment,64,2,FALSE,COE_2025_Data_Item_List_DataLab.xlsx
LFSTATUS,3,Not in the labour force,,Employment,65,3,FALSE,COE_2025_Data_Item_List_DataLab.xlsx
LEFT3MTH,11,Retrenched - lost at least one job for economic reasons,,Employment,69,1,FALSE,COE_2025_Data_Item_List_DataLab.xlsx
LEFT3MTH,12,Lost at least one job for non-economic reasons (not retrenched),,Employment,70,2,FALSE,COE_2025_Data_Item_List_DataLab.xlsx
LEFT3MTH,20,Only left jobs in last 3 months (no lost jobs),,Employment,72,3,FALSE,COE_2025_Data_Item_List_DataLab.xlsx
LEFT3MTH,30,No jobs left or lost in last 3 months,,Employment,73,4,FALSE,COE_2025_Data_Item_List_DataLab.xlsx
WKPYAJBR,01,Under $200,,Employment,76,1,FALSE,COE_2025_Data_Item_List_DataLab.xlsx
WKPYAJBR,02,$200 to less than $400,,Employment,77,2,FALSE,COE_2025_Data_Item_List_DataLab.xlsx
WKPYAJBR,03,$400 to less than $600,,Employment,78,3,FALSE,COE_2025_Data_Item_List_DataLab.xlsx
WKPYAJBR,04,$600 to less than $800,,Employment,79,4,FALSE,COE_2025_Data_Item_List_DataLab.xlsx
WKPYAJBR,05,"$800 to less than $1,000",,Employment,80,5,FALSE,COE_2025_Data_Item_List_DataLab.xlsx
WKPYAJBR,06,"$1,000 to less than $1,200",,Employment,81,6,FALSE,COE_2025_Data_Item_List_DataLab.xlsx
WKPYAJBR,07,"$1,200 to less than $1,400",,Employment,82,7,FALSE,COE_2025_Data_Item_List_DataLab.xlsx
WKPYAJBR,08,"$1,400 to less than $1,600",,Employment,83,8,FALSE,COE_2025_Data_Item_List_DataLab.xlsx
WKPYAJBR,09,"$1,600 to less than $1,800",,Employment,84,9,FALSE,COE_2025_Data_Item_List_DataLab.xlsx
WKPYAJBR,10,"$1,800 to less than $2,000",,Employment,85,10,FALSE,COE_2025_Data_Item_List_DataLab.xlsx
WKPYAJBR,11,"$2,000 to less than $2,500",,Employment,86,11,FALSE,COE_2025_Data_Item_List_DataLab.xlsx
WKPYAJBR,12,"$2,500 to less than $3,000",,Employment,87,12,FALSE,COE_2025_Data_Item_List_DataLab.xlsx
WKPYAJBR,13,"$3,000 and over",,Employment,88,13,FALSE,COE_2025_Data_Item_List_DataLab.xlsx
WKPYAJBR,-2,Payment in kind,,Employment,89,14,FALSE,COE_2025_Data_Item_List_DataLab.xlsx
WKPYAJBR,-3,Did not draw a wage or salary (OMIE),,Employment,90,15,FALSE,COE_2025_Data_Item_List_DataLab.xlsx
WKPYAJBR,-9,Not collected,,Employment,91,16,FALSE,COE_2025_Data_Item_List_DataLab.xlsx
WKPYAJBR,00,Not an employee or OMIE in main or second job,,Employment,92,17,FALSE,COE_2025_Data_Item_List_DataLab.xlsx
WKPYAJNR,01,Under $40,,Employment,95,1,FALSE,COE_2025_Data_Item_List_DataLab.xlsx
WKPYAJNR,02,$40 to less than $80,,Employment,96,2,FALSE,COE_2025_Data_Item_List_DataLab.xlsx
WKPYAJNR,03,$80 to less than $120,,Employment,97,3,FALSE,COE_2025_Data_Item_List_DataLab.xlsx
WKPYAJNR,...,...,,Employment,98,4,TRUE,COE_2025_Data_Item_List_DataLab.xlsx
WKPYAJNR,49,$1920 to less than $1960,,Employment,99,5,FALSE,COE_2025_Data_Item_List_DataLab.xlsx
WKPYAJNR,50,$1960 to less than $2000,,Employment,100,6,FALSE,COE_2025_Data_Item_List_DataLab.xlsx
WKPYAJNR,51,$2000 to less than $2050,,Employment,101,7,FALSE,COE_2025_Data_Item_List_DataLab.xlsx
WKPYAJNR,52,$2050 to less than $2100,,Employment,102,8,FALSE,COE_2025_Data_Item_List_DataLab.xlsx
WKPYAJNR,53,$2100 to less than $2150,,Employment,103,9,FALSE,COE_2025_Data_Item_List_DataLab.xlsx
WKPYAJNR,68,$2850 to less than $2900,,Employment,105,10,FALSE,COE_2025_Data_Item_List_DataLab.xlsx
WKPYAJNR,69,$2900 to less than $2950,,Employment,106,11,FALSE,COE_2025_Data_Item_List_DataLab.xlsx
WKPYAJNR,70,$2950 to less than $3000,,Employment,107,12,FALSE,COE_2025_Data_Item_List_DataLab.xlsx
WKPYAJNR,71,"$3,000 and over",,Employment,108,13,FALSE,COE_2025_Data_Item_List_DataLab.xlsx
WKPYAJNR,-2,Payment in kind,,Employment,109,14,FALSE,COE_2025_Data_Item_List_DataLab.xlsx
WKPYAJNR,-3,Did not draw a wage or salary (OMIE),,Employment,110,15,FALSE,COE_2025_Data_Item_List_DataLab.xlsx
WKPYAJNR,-9,Not collected,,Employment,111,16,FALSE,COE_2025_Data_Item_List_DataLab.xlsx
WKPYAJNR,00,Not an employee or OMIE in main or second job,,Employment,112,17,FALSE,COE_2025_Data_Item_List_DataLab.xlsx
WJOBGOTO,1,Had a job and worked last week (employed),,Employment,116,1,FALSE,COE_2025_Data_Item_List_DataLab.xlsx
WJOBGOTO,2,Had a job and away from work last week (employed),,Employment,117,2,FALSE,COE_2025_Data_Item_List_DataLab.xlsx
WJOBGOTO,3,Had a job to start or return to (not currently employed),,Employment,118,3,FALSE,COE_2025_Data_Item_List_DataLab.xlsx
WJOBGOTO,4,Did not have a job (not employed),,Employment,119,4,FALSE,COE_2025_Data_Item_List_DataLab.xlsx
HRAWMJA,1,Single hours,,Main job,12,1,FALSE,COE_2025_Data_Item_List_DataLab.xlsx
HRAWMJA,0,Not employed,,Main job,13,2,FALSE,COE_2025_Data_Item_List_DataLab.xlsx
HRAWMJB,001,1 hour,,Main job,17,1,FALSE,COE_2025_Data_Item_List_DataLab.xlsx
HRAWMJB,002,2 hours,,Main job,18,2,FALSE,COE_2025_Data_Item_List_DataLab.xlsx
HRAWMJB,003,3 hours,,Main job,19,3,FALSE,COE_2025_Data_Item_List_DataLab.xlsx
HRAWMJB,...,...,,Main job,20,4,TRUE,COE_2025_Data_Item_List_DataLab.xlsx
HRAWMJB,033,33 hours,,Main job,21,5,FALSE,COE_2025_Data_Item_List_DataLab.xlsx
HRAWMJB,034,34 hours,,Main job,22,6,FALSE,COE_2025_Data_Item_List_DataLab.xlsx
HRAWMJB,035,35 hours,,Main job,24,7,FALSE,COE_2025_Data_Item_List_DataLab.xlsx
HRAWMJB,036,36 hours,,Main job,25,8,FALSE,COE_2025_Data_Item_List_DataLab.xlsx
HRAWMJB,...,...,,Main job,26,9,TRUE,COE_2025_Data_Item_List_DataLab.xlsx
HRAWMJB,98,98 hours,,Main job,27,10,FALSE,COE_2025_Data_Item_List_DataLab.xlsx
HRAWMJB,99,99 hours or more,,Main job,28,11,FALSE,COE_2025_Data_Item_List_DataLab.xlsx
HRAWMJB,000,Did not work (0 hours) or Not employed,,Main job,29,12,FALSE,COE_2025_Data_Item_List_DataLab.xlsx
DUREMPYA,1,Years (0.00 years),,Main job,33,1,FALSE,COE_2025_Data_Item_List_DataLab.xlsx
DUREMPYA,0,Not employed,,Main job,34,2,FALSE,COE_2025_Data_Item_List_DataLab.xlsx
DUREMPYB,0.08,1 month,,Main job,38,1,FALSE,COE_2025_Data_Item_List_DataLab.xlsx
DUREMPYB,0.16,2 months,,Main job,39,2,FALSE,COE_2025_Data_Item_List_DataLab.xlsx
DUREMPYB,0.25,3 months,,Main job,40,3,FALSE,COE_2025_Data_Item_List_DataLab.xlsx
DUREMPYB,...,...,,Main job,41,4,TRUE,COE_2025_Data_Item_List_DataLab.xlsx
DUREMPYB,0.83,10 months,,Main job,42,5,FALSE,COE_2025_Data_Item_List_DataLab.xlsx
DUREMPYB,0.91,11 months,,Main job,43,6,FALSE,COE_2025_Data_Item_List_DataLab.xlsx
DUREMPYB,1,1 year,,Main job,45,7,FALSE,COE_2025_Data_Item_List_DataLab.xlsx
DUREMPYB,2,2 years,,Main job,46,8,FALSE,COE_2025_Data_Item_List_DataLab.xlsx
DUREMPYB,...,...,,Main job,47,9,TRUE,COE_2025_Data_Item_List_DataLab.xlsx
DUREMPYB,18,18 years,,Main job,48,10,FALSE,COE_2025_Data_Item_List_DataLab.xlsx
DUREMPYB,19,19 years,,Main job,49,11,FALSE,COE_2025_Data_Item_List_DataLab.xlsx
DUREMPYB,20,20 years and over,,Main job,50,12,FALSE,COE_2025_Data_Item_List_DataLab.xlsx
DUREMPYB,00,Not employed,,Main job,51,13,FALSE,COE_2025_Data_Item_List_DataLab.xlsx
DUREMPMA,1,Months,,Main job,55,1,FALSE,COE_2025_Data_Item_List_DataLab.xlsx
DUREMPMA,0,Not employed,,Main job,56,2,FALSE,COE_2025_Data_Item_List_DataLab.xlsx
DUREMPMB,1,1 month,,Main job,60,1,FALSE,COE_2025_Data_Item_List_DataLab.xlsx
DUREMPMB,2,2 months,,Main job,61,2,FALSE,COE_2025_Data_Item_List_DataLab.xlsx
DUREMPMB,3,3 months,,Main job,62,3,FALSE,COE_2025_Data_Item_List_DataLab.xlsx
DUREMPMB,...,...,,Main job,63,4,TRUE,COE_2025_Data_Item_List_DataLab.xlsx
DUREMPMB,10,10 months,,Main job,64,5,FALSE,COE_2025_Data_Item_List_DataLab.xlsx
DUREMPMB,11,11 months,,Main job,65,6,FALSE,COE_2025_Data_Item_List_DataLab.xlsx
DUREMPMB,12,1 year,,Main job,67,7,FALSE,COE_2025_Data_Item_List_DataLab.xlsx
DUREMPMB,24,2 years,,Main job,68,8,FALSE,COE_2025_Data_Item_List_DataLab.xlsx
DUREMPMB,...,...,,Main job,69,9,TRUE,COE_2025_Data_Item_List_DataLab.xlsx
DUREMPMB,216,18 years,,Main job,70,10,FALSE,COE_2025_Data_Item_List_DataLab.xlsx
DUREMPMB,228,19 years,,Main job,71,11,FALSE,COE_2025_Data_Item_List_DataLab.xlsx
DUREMPMB,240,20 years and over,,Main job,72,12,FALSE,COE_2025_Data_Item_List_DataLab.xlsx
DUREMPMB,000,Not employed,,Main job,73,13,FALSE,COE_2025_Data_Item_List_DataLab.xlsx
FTPTMAIN,1,Full-time,,Main job,76,1,FALSE,COE_2025_Data_Item_List_DataLab.xlsx
FTPTMAIN,2,Part-time,,Main job,77,2,FALSE,COE_2025_Data_Item_List_DataLab.xlsx
FTPTMAIN,0,Not employed,,Main job,78,3,FALSE,COE_2025_Data_Item_List_DataLab.xlsx
IND06MJ,01000,"Agriculture, Forestry and Fishing nfd",,Main job,82,1,FALSE,COE_2025_Data_Item_List_DataLab.xlsx
IND06MJ,01010,Agriculture nfd,,Main job,84,2,FALSE,COE_2025_Data_Item_List_DataLab.xlsx
IND06MJ,01011,Nursery and Floriculture Production,,Main job,85,3,FALSE,COE_2025_Data_Item_List_DataLab.xlsx
IND06MJ,01012,Mushroom and Vegetable Growing,,Main job,86,4,FALSE,COE_2025_Data_Item_List_DataLab.xlsx
IND06MJ,01013,Fruit and Tree Nut Growing,,Main job,87,5,FALSE,COE_2025_Data_Item_List_DataLab.xlsx
IND06MJ,01014,"Sheep, Beef Cattle and Grain Farming",,Main job,88,6,FALSE,COE_2025_Data_Item_List_DataLab.xlsx
IND06MJ,01015,Other Crop Growing,,Main job,89,7,FALSE,COE_2025_Data_Item_List_DataLab.xlsx
IND06MJ,01016,Dairy Cattle Farming,,Main job,90,8,FALSE,COE_2025_Data_Item_List_DataLab.xlsx
IND06MJ,01017,Poultry Farming,,Main job,91,9,FALSE,COE_2025_Data_Item_List_DataLab.xlsx
IND06MJ,01018,Deer Farming,,Main job,92,10,FALSE,COE_2025_Data_Item_List_DataLab.xlsx
IND06MJ,01019,Other Livestock Farming,,Main job,93,11,FALSE,COE_2025_Data_Item_List_DataLab.xlsx
IND06MJ,01020,Aquaculture,,Main job,95,12,FALSE,COE_2025_Data_Item_List_DataLab.xlsx
IND06MJ,01030,Forestry and Logging,,Main job,97,13,FALSE,COE_2025_Data_Item_List_DataLab.xlsx
IND06MJ,01040,"Fishing, Hunting and Trapping nfd",,Main job,99,14,FALSE,COE_2025_Data_Item_List_DataLab.xlsx
IND06MJ,01041,Fishing,,Main job,100,15,FALSE,COE_2025_Data_Item_List_DataLab.xlsx
IND06MJ,01042,Hunting and Trapping,,Main job,101,16,FALSE,COE_2025_Data_Item_List_DataLab.xlsx
IND06MJ,01050,"Agriculture, Forestry and Fishing Support Services nfd",,Main job,103,17,FALSE,COE_2025_Data_Item_List_DataLab.xlsx
IND06MJ,01051,Forestry Support Services,,Main job,104,18,FALSE,COE_2025_Data_Item_List_DataLab.xlsx
IND06MJ,01052,Agriculture and Fishing Support Services,,Main job,105,19,FALSE,COE_2025_Data_Item_List_DataLab.xlsx
IND06MJ,02000,Mining nfd,,Main job,107,20,FALSE,COE_2025_Data_Item_List_DataLab.xlsx
IND06MJ,02060,Coal Mining,,Main job,109,21,FALSE,COE_2025_Data_Item_List_DataLab.xlsx
IND06MJ,02070,Oil and Gas Extraction,,Main job,111,22,FALSE,COE_2025_Data_Item_List_DataLab.xlsx
IND06MJ,02080,Metal Ore Mining,,Main job,113,23,FALSE,COE_2025_Data_Item_List_DataLab.xlsx
IND06MJ,02090,Non-Metallic Mineral Mining and Quarrying nfd,,Main job,115,24,FALSE,COE_2025_Data_Item_List_DataLab.xlsx
IND06MJ,02091,Construction Material Mining,,Main job,116,25,FALSE,COE_2025_Data_Item_List_DataLab.xlsx
IND06MJ,02099,Other Non-Metallic Mineral Mining and Quarrying,,Main job,117,26,FALSE,COE_2025_Data_Item_List_DataLab.xlsx
IND06MJ,02100,Exploration and Other Mining Support Services nfd,,Main job,119,27,FALSE,COE_2025_Data_Item_List_DataLab.xlsx
IND06MJ,02101,Exploration,,Main job,120,28,FALSE,COE_2025_Data_Item_List_DataLab.xlsx
IND06MJ,02109,Other Mining Support Services,,Main job,121,29,FALSE,COE_2025_Data_Item_List_DataLab.xlsx
IND06MJ,03000,Manufacturing nfd,,Main job,123,30,FALSE,COE_2025_Data_Item_List_DataLab.xlsx
IND06MJ,03110,Food Product Manufacturing nfd,,Main job,125,31,FALSE,COE_2025_Data_Item_List_DataLab.xlsx
IND06MJ,03111,Meat and Meat Product Manufacturing,,Main job,126,32,FALSE,COE_2025_Data_Item_List_DataLab.xlsx
IND06MJ,03112,Seafood Processing,,Main job,127,33,FALSE,COE_2025_Data_Item_List_DataLab.xlsx
IND06MJ,03113,Dairy Product Manufacturing,,Main job,128,34,FALSE,COE_2025_Data_Item_List_DataLab.xlsx
IND06MJ,03114,Fruit and Vegetable Processing,,Main job,129,35,FALSE,COE_2025_Data_Item_List_DataLab.xlsx
IND06MJ,03115,Oil and Fat Manufacturing,,Main job,130,36,FALSE,COE_2025_Data_Item_List_DataLab.xlsx
IND06MJ,03116,Grain Mill and Cereal Product Manufacturing,,Main job,131,37,FALSE,COE_2025_Data_Item_List_DataLab.xlsx
IND06MJ,03117,Bakery Product Manufacturing,,Main job,132,38,FALSE,COE_2025_Data_Item_List_DataLab.xlsx
IND06MJ,03118,Sugar and Confectionery Manufacturing,,Main job,133,39,FALSE,COE_2025_Data_Item_List_DataLab.xlsx
IND06MJ,03119,Other Food Product Manufacturing,,Main job,134,40,FALSE,COE_2025_Data_Item_List_DataLab.xlsx
IND06MJ,03120,Beverage and Tobacco Product Manufacturing nfd,,Main job,136,41,FALSE,COE_2025_Data_Item_List_DataLab.xlsx
IND06MJ,03121,Beverage Manufacturing,,Main job,137,42,FALSE,COE_2025_Data_Item_List_DataLab.xlsx
IND06MJ,03122,Cigarette and Tobacco Product Manufacturing,,Main job,138,43,FALSE,COE_2025_Data_Item_List_DataLab.xlsx
IND06MJ,03130,"Textile, Leather, Clothing and Footwear Manufacturing nfd",,Main job,140,44,FALSE,COE_2025_Data_Item_List_DataLab.xlsx
IND06MJ,03131,Textile Manufacturing,,Main job,141,45,FALSE,COE_2025_Data_Item_List_DataLab.xlsx
IND06MJ,03132,"Leather Tanning, Fur Dressing and Leather Product Manufacturing",,Main job,142,46,FALSE,COE_2025_Data_Item_List_DataLab.xlsx
IND06MJ,03133,Textile Product Manufacturing,,Main job,143,47,FALSE,COE_2025_Data_Item_List_DataLab.xlsx
IND06MJ,03134,Knitted Product Manufacturing,,Main job,144,48,FALSE,COE_2025_Data_Item_List_DataLab.xlsx
IND06MJ,03135,Clothing and Footwear Manufacturing,,Main job,145,49,FALSE,COE_2025_Data_Item_List_DataLab.xlsx
IND06MJ,03140,Wood Product Manufacturing nfd,,Main job,147,50,FALSE,COE_2025_Data_Item_List_DataLab.xlsx
IND06MJ,03141,Log Sawmilling and Timber Dressing,,Main job,148,51,FALSE,COE_2025_Data_Item_List_DataLab.xlsx
IND06MJ,03149,Other Wood Product Manufacturing,,Main job,149,52,FALSE,COE_2025_Data_Item_List_DataLab.xlsx
IND06MJ,03150,"Pulp, Paper and Converted Paper Product Manufacturing nfd",,Main job,151,53,FALSE,COE_2025_Data_Item_List_DataLab.xlsx
IND06MJ,03151,"Pulp, Paper and Paperboard Manufacturing",,Main job,152,54,FALSE,COE_2025_Data_Item_List_DataLab.xlsx
IND06MJ,03152,Converted Paper Product Manufacturing,,Main job,153,55,FALSE,COE_2025_Data_Item_List_DataLab.xlsx
IND06MJ,03160,Printing (including the Reproduction of Recorded Media) nfd,,Main job,155,56,FALSE,COE_2025_Data_Item_List_DataLab.xlsx
IND06MJ,03161,Printing and Printing Support Services,,Main job,156,57,FALSE,COE_2025_Data_Item_List_DataLab.xlsx
IND06MJ,03162,Reproduction of Recorded Media,,Main job,157,58,FALSE,COE_2025_Data_Item_List_DataLab.xlsx
IND06MJ,03170,Petroleum and Coal Product Manufacturing,,Main job,159,59,FALSE,COE_2025_Data_Item_List_DataLab.xlsx
IND06MJ,03180,Basic Chemical and Chemical Product Manufacturing nfd,,Main job,161,60,FALSE,COE_2025_Data_Item_List_DataLab.xlsx
IND06MJ,03181,Basic Chemical Manufacturing,,Main job,162,61,FALSE,COE_2025_Data_Item_List_DataLab.xlsx
IND06MJ,03182,Basic Polymer Manufacturing,,Main job,163,62,FALSE,COE_2025_Data_Item_List_DataLab.xlsx
IND06MJ,03183,Fertiliser and Pesticide Manufacturing,,Main job,164,63,FALSE,COE_2025_Data_Item_List_DataLab.xlsx
IND06MJ,03184,Pharmaceutical and Medicinal Product Manufacturing,,Main job,165,64,FALSE,COE_2025_Data_Item_List_DataLab.xlsx
IND06MJ,03185,Cleaning Compound and Toiletry Preparation Manufacturing,,Main job,166,65,FALSE,COE_2025_Data_Item_List_DataLab.xlsx
IND06MJ,03189,Other Basic Chemical Product Manufacturing,,Main job,167,66,FALSE,COE_2025_Data_Item_List_DataLab.xlsx
IND06MJ,03190,Polymer Product and Rubber Product Manufacturing nfd,,Main job,169,67,FALSE,COE_2025_Data_Item_List_DataLab.xlsx
IND06MJ,03191,Polymer Product Manufacturing,,Main job,170,68,FALSE,COE_2025_Data_Item_List_DataLab.xlsx
IND06MJ,03192,Natural Rubber Product Manufacturing,,Main job,171,69,FALSE,COE_2025_Data_Item_List_DataLab.xlsx
IND06MJ,03200,Non-Metallic Mineral Product Manufacturing nfd,,Main job,173,70,FALSE,COE_2025_Data_Item_List_DataLab.xlsx
IND06MJ,03201,Glass and Glass Product Manufacturing,,Main job,174,71,FALSE,COE_2025_Data_Item_List_DataLab.xlsx
IND06MJ,03202,Ceramic Product Manufacturing,,Main job,175,72,FALSE,COE_2025_Data_Item_List_DataLab.xlsx
IND06MJ,03203,"Cement, Lime, Plaster and Concrete Product Manufacturing",,Main job,176,73,FALSE,COE_2025_Data_Item_List_DataLab.xlsx
IND06MJ,03209,Other Non-Metallic Mineral Product Manufacturing,,Main job,177,74,FALSE,COE_2025_Data_Item_List_DataLab.xlsx
IND06MJ,03210,Primary Metal and Metal Product Manufacturing nfd,,Main job,179,75,FALSE,COE_2025_Data_Item_List_DataLab.xlsx
IND06MJ,03211,Basic Ferrous Metal Manufacturing,,Main job,180,76,FALSE,COE_2025_Data_Item_List_DataLab.xlsx
IND06MJ,03212,Basic Ferrous Metal Product Manufacturing,,Main job,181,77,FALSE,COE_2025_Data_Item_List_DataLab.xlsx
IND06MJ,03213,Basic Non-Ferrous Metal Manufacturing,,Main job,182,78,FALSE,COE_2025_Data_Item_List_DataLab.xlsx
IND06MJ,03214,Basic Non-Ferrous Metal Product Manufacturing,,Main job,183,79,FALSE,COE_2025_Data_Item_List_DataLab.xlsx
IND06MJ,03220,Fabricated Metal Product Manufacturing nfd,,Main job,185,80,FALSE,COE_2025_Data_Item_List_DataLab.xlsx
IND06MJ,03221,Iron and Steel Forging,,Main job,186,81,FALSE,COE_2025_Data_Item_List_DataLab.xlsx
IND06MJ,03222,Structural Metal Product Manufacturing,,Main job,187,82,FALSE,COE_2025_Data_Item_List_DataLab.xlsx
IND06MJ,03223,Metal Container Manufacturing,,Main job,188,83,FALSE,COE_2025_Data_Item_List_DataLab.xlsx
IND06MJ,03224,Sheet Metal Product Manufacturing (except Metal Structural and Container Products),,Main job,189,84,FALSE,COE_2025_Data_Item_List_DataLab.xlsx
IND06MJ,03229,Other Fabricated Metal Product Manufacturing,,Main job,190,85,FALSE,COE_2025_Data_Item_List_DataLab.xlsx
IND06MJ,03230,Transport Equipment Manufacturing nfd,,Main job,192,86,FALSE,COE_2025_Data_Item_List_DataLab.xlsx
IND06MJ,03231,Motor Vehicle and Motor Vehicle Part Manufacturing,,Main job,193,87,FALSE,COE_2025_Data_Item_List_DataLab.xlsx
IND06MJ,03239,Other Transport Equipment Manufacturing,,Main job,194,88,FALSE,COE_2025_Data_Item_List_DataLab.xlsx
IND06MJ,03240,Machinery and Equipment Manufacturing nfd,,Main job,196,89,FALSE,COE_2025_Data_Item_List_DataLab.xlsx
IND06MJ,03241,Professional and Scientific Equipment Manufacturing,,Main job,197,90,FALSE,COE_2025_Data_Item_List_DataLab.xlsx
IND06MJ,03242,Computer and Electronic Equipment Manufacturing,,Main job,198,91,FALSE,COE_2025_Data_Item_List_DataLab.xlsx
IND06MJ,03243,Electrical Equipment Manufacturing,,Main job,199,92,FALSE,COE_2025_Data_Item_List_DataLab.xlsx
IND06MJ,03244,Domestic Appliance Manufacturing,,Main job,200,93,FALSE,COE_2025_Data_Item_List_DataLab.xlsx
IND06MJ,03245,"Pump, Compressor, Heating and Ventilation Equipment Manufacturing",,Main job,201,94,FALSE,COE_2025_Data_Item_List_DataLab.xlsx
IND06MJ,03246,Specialised Machinery and Equipment Manufacturing,,Main job,202,95,FALSE,COE_2025_Data_Item_List_DataLab.xlsx
IND06MJ,03249,Other Machinery and Equipment Manufacturing,,Main job,203,96,FALSE,COE_2025_Data_Item_List_DataLab.xlsx
IND06MJ,03250,Furniture and Other Manufacturing nfd,,Main job,205,97,FALSE,COE_2025_Data_Item_List_DataLab.xlsx
IND06MJ,03251,Furniture Manufacturing,,Main job,206,98,FALSE,COE_2025_Data_Item_List_DataLab.xlsx
IND06MJ,03259,Other Manufacturing,,Main job,207,99,FALSE,COE_2025_Data_Item_List_DataLab.xlsx
IND06MJ,04000,"Electricity, Gas, Water and Waste Services nfd",,Main job,209,100,FALSE,COE_2025_Data_Item_List_DataLab.xlsx
IND06MJ,04260,Electricity Supply nfd,,Main job,211,101,FALSE,COE_2025_Data_Item_List_DataLab.xlsx
IND06MJ,04261,Electricity Generation,,Main job,212,102,FALSE,COE_2025_Data_Item_List_DataLab.xlsx
IND06MJ,04262,Electricity Transmission,,Main job,213,103,FALSE,COE_2025_Data_Item_List_DataLab.xlsx
IND06MJ,04263,Electricity Distribution,,Main job,214,104,FALSE,COE_2025_Data_Item_List_DataLab.xlsx
IND06MJ,04264,On Selling Electricity and Electricity Market Operation,,Main job,215,105,FALSE,COE_2025_Data_Item_List_DataLab.xlsx
IND06MJ,04270,Gas Supply,,Main job,217,106,FALSE,COE_2025_Data_Item_List_DataLab.xlsx
IND06MJ,04281,"Water Supply, Sewerage and Drainage Services",,Main job,219,107,FALSE,COE_2025_Data_Item_List_DataLab.xlsx
IND06MJ,04290,"Waste Collection, Treatment and Disposal Services nfd",,Main job,221,108,FALSE,COE_2025_Data_Item_List_DataLab.xlsx
IND06MJ,04291,Waste Collection Services,,Main job,222,109,FALSE,COE_2025_Data_Item_List_DataLab.xlsx
IND06MJ,04292,"Waste Treatment, Disposal and Remediation Services",,Main job,223,110,FALSE,COE_2025_Data_Item_List_DataLab.xlsx
IND06MJ,05000,Construction nfd,,Main job,225,111,FALSE,COE_2025_Data_Item_List_DataLab.xlsx
IND06MJ,05300,Building Construction nfd,,Main job,227,112,FALSE,COE_2025_Data_Item_List_DataLab.xlsx
IND06MJ,05301,Residential Building Construction,,Main job,228,113,FALSE,COE_2025_Data_Item_List_DataLab.xlsx
IND06MJ,05302,Non-Residential Building Construction,,Main job,229,114,FALSE,COE_2025_Data_Item_List_DataLab.xlsx
IND06MJ,05310,Heavy and Civil Engineering Construction,,Main job,231,115,FALSE,COE_2025_Data_Item_List_DataLab.xlsx
IND06MJ,05320,Construction Services nfd,,Main job,233,116,FALSE,COE_2025_Data_Item_List_DataLab.xlsx
IND06MJ,05321,Land Development and Site Preparation Services,,Main job,234,117,FALSE,COE_2025_Data_Item_List_DataLab.xlsx
IND06MJ,05322,Building Structure Services,,Main job,235,118,FALSE,COE_2025_Data_Item_List_DataLab.xlsx
IND06MJ,05323,Building Installation Services,,Main job,236,119,FALSE,COE_2025_Data_Item_List_DataLab.xlsx
IND06MJ,05324,Building Completion Services,,Main job,237,120,FALSE,COE_2025_Data_Item_List_DataLab.xlsx
IND06MJ,05329,Other Construction Services,,Main job,238,121,FALSE,COE_2025_Data_Item_List_DataLab.xlsx
IND06MJ,06000,Wholesale Trade nfd,,Main job,240,122,FALSE,COE_2025_Data_Item_List_DataLab.xlsx
IND06MJ,06330,Basic Material Wholesaling nfd,,Main job,242,123,FALSE,COE_2025_Data_Item_List_DataLab.xlsx
IND06MJ,06331,Agricultural Product Wholesaling,,Main job,243,124,FALSE,COE_2025_Data_Item_List_DataLab.xlsx
IND06MJ,06332,"Mineral, Metal and Chemical Wholesaling",,Main job,244,125,FALSE,COE_2025_Data_Item_List_DataLab.xlsx
IND06MJ,06333,Timber and Hardware Goods Wholesaling,,Main job,245,126,FALSE,COE_2025_Data_Item_List_DataLab.xlsx
IND06MJ,06340,Machinery and Equipment Wholesaling nfd,,Main job,247,127,FALSE,COE_2025_Data_Item_List_DataLab.xlsx
IND06MJ,06341,Specialised Industrial Machinery and Equipment Wholesaling,,Main job,248,128,FALSE,COE_2025_Data_Item_List_DataLab.xlsx
IND06MJ,06349,Other Machinery and Equipment Wholesaling,,Main job,249,129,FALSE,COE_2025_Data_Item_List_DataLab.xlsx
IND06MJ,06350,Motor Vehicle and Motor Vehicle Parts Wholesaling,,Main job,251,130,FALSE,COE_2025_Data_Item_List_DataLab.xlsx
IND06MJ,06360,"Grocery, Liquor and Tobacco Product Wholesaling",,Main job,253,131,FALSE,COE_2025_Data_Item_List_DataLab.xlsx
IND06MJ,06370,Other Goods Wholesaling nfd,,Main job,255,132,FALSE,COE_2025_Data_Item_List_DataLab.xlsx
IND06MJ,06371,"Textile, Clothing and Footwear Wholesaling",,Main job,256,133,FALSE,COE_2025_Data_Item_List_DataLab.xlsx
IND06MJ,06372,Pharmaceutical and Toiletry Goods Wholesaling,,Main job,257,134,FALSE,COE_2025_Data_Item_List_DataLab.xlsx
IND06MJ,06373,"Furniture, Floor Covering and Other Goods Wholesaling",,Main job,258,135,FALSE,COE_2025_Data_Item_List_DataLab.xlsx
IND06MJ,06380,Commission-Based Wholesaling,,Main job,260,136,FALSE,COE_2025_Data_Item_List_DataLab.xlsx
IND06MJ,07000,Retail Trade nfd,,Main job,262,137,FALSE,COE_2025_Data_Item_List_DataLab.xlsx
IND06MJ,07390,Motor Vehicle and Motor Vehicle Parts Retailing nfd,,Main job,264,138,FALSE,COE_2025_Data_Item_List_DataLab.xlsx
IND06MJ,07391,Motor Vehicle Retailing,,Main job,265,139,FALSE,COE_2025_Data_Item_List_DataLab.xlsx
IND06MJ,07392,Motor Vehicle Parts and Tyre Retailing,,Main job,266,140,FALSE,COE_2025_Data_Item_List_DataLab.xlsx
IND06MJ,07400,Fuel Retailing,,Main job,268,141,FALSE,COE_2025_Data_Item_List_DataLab.xlsx
IND06MJ,07410,Food Retailing nfd,,Main job,270,142,FALSE,COE_2025_Data_Item_List_DataLab.xlsx
IND06MJ,07411,Supermarket and Grocery Stores,,Main job,271,143,FALSE,COE_2025_Data_Item_List_DataLab.xlsx
IND06MJ,07412,Specialised Food Retailing,,Main job,272,144,FALSE,COE_2025_Data_Item_List_DataLab.xlsx
IND06MJ,07420,Other Store-Based Retailing nfd,,Main job,274,145,FALSE,COE_2025_Data_Item_List_DataLab.xlsx
IND06MJ,07421,"Furniture, Floor Coverings, Houseware and Textile Goods Retailing",,Main job,275,146,FALSE,COE_2025_Data_Item_List_DataLab.xlsx
IND06MJ,07422,Electrical and Electronic Goods Retailing,,Main job,276,147,FALSE,COE_2025_Data_Item_List_DataLab.xlsx
IND06MJ,07423,"Hardware, Building and Garden Supplies Retailing",,Main job,277,148,FALSE,COE_2025_Data_Item_List_DataLab.xlsx
IND06MJ,07424,Recreational Goods Retailing,,Main job,278,149,FALSE,COE_2025_Data_Item_List_DataLab.xlsx
IND06MJ,07425,"Clothing, Footwear and Personal Accessory Retailing",,Main job,279,150,FALSE,COE_2025_Data_Item_List_DataLab.xlsx
IND06MJ,07426,Department Stores,,Main job,280,151,FALSE,COE_2025_Data_Item_List_DataLab.xlsx
IND06MJ,07427,Pharmaceutical and Other Store-Based Retailing,,Main job,281,152,FALSE,COE_2025_Data_Item_List_DataLab.xlsx
IND06MJ,07430,Non-Store Retailing and Retail Commission-Based Buying and/or Selling nfd,,Main job,283,153,FALSE,COE_2025_Data_Item_List_DataLab.xlsx
IND06MJ,07431,Non-Store Retailing,,Main job,284,154,FALSE,COE_2025_Data_Item_List_DataLab.xlsx
IND06MJ,07432,Retail Commission-Based Buying and/or Selling,,Main job,285,155,FALSE,COE_2025_Data_Item_List_DataLab.xlsx
IND06MJ,08000,Accommodation and Food Services nfd,,Main job,287,156,FALSE,COE_2025_Data_Item_List_DataLab.xlsx
IND06MJ,08440,Accommodation,,Main job,289,157,FALSE,COE_2025_Data_Item_List_DataLab.xlsx
IND06MJ,08450,Food and Beverage Services nfd,,Main job,291,158,FALSE,COE_2025_Data_Item_List_DataLab.xlsx
IND06MJ,08451,"Cafes, Restaurants and Takeaway Food Services",,Main job,292,159,FALSE,COE_2025_Data_Item_List_DataLab.xlsx
IND06MJ,08452,"Pubs, Taverns and Bars",,Main job,293,160,FALSE,COE_2025_Data_Item_List_DataLab.xlsx
IND06MJ,08453,Clubs (Hospitality),,Main job,294,161,FALSE,COE_2025_Data_Item_List_DataLab.xlsx
IND06MJ,09000,"Transport, Postal and Warehousing nfd",,Main job,296,162,FALSE,COE_2025_Data_Item_List_DataLab.xlsx
IND06MJ,09460,Road Transport nfd,,Main job,298,163,FALSE,COE_2025_Data_Item_List_DataLab.xlsx
IND06MJ,09461,Road Freight Transport,,Main job,299,164,FALSE,COE_2025_Data_Item_List_DataLab.xlsx
IND06MJ,09462,Road Passenger Transport,,Main job,300,165,FALSE,COE_2025_Data_Item_List_DataLab.xlsx
IND06MJ,09470,Rail Transport nfd,,Main job,302,166,FALSE,COE_2025_Data_Item_List_DataLab.xlsx
IND06MJ,09471,Rail Freight Transport,,Main job,303,167,FALSE,COE_2025_Data_Item_List_DataLab.xlsx
IND06MJ,09472,Rail Passenger Transport,,Main job,304,168,FALSE,COE_2025_Data_Item_List_DataLab.xlsx
IND06MJ,09480,Water Transport nfd,,Main job,306,169,FALSE,COE_2025_Data_Item_List_DataLab.xlsx
IND06MJ,09481,Water Freight Transport,,Main job,307,170,FALSE,COE_2025_Data_Item_List_DataLab.xlsx
IND06MJ,09482,Water Passenger Transport,,Main job,308,171,FALSE,COE_2025_Data_Item_List_DataLab.xlsx
IND06MJ,09490,Air and Space Transport,,Main job,310,172,FALSE,COE_2025_Data_Item_List_DataLab.xlsx
IND06MJ,09500,Other Transport nfd,,Main job,312,173,FALSE,COE_2025_Data_Item_List_DataLab.xlsx
IND06MJ,09501,Scenic and Sightseeing Transport,,Main job,313,174,FALSE,COE_2025_Data_Item_List_DataLab.xlsx
IND06MJ,09502,Pipeline and Other Transport,,Main job,314,175,FALSE,COE_2025_Data_Item_List_DataLab.xlsx
IND06MJ,09510,Postal and Courier Pick-up and Delivery Services,,Main job,316,176,FALSE,COE_2025_Data_Item_List_DataLab.xlsx
IND06MJ,09520,Transport Support Services nfd,,Main job,318,177,FALSE,COE_2025_Data_Item_List_DataLab.xlsx
IND06MJ,09521,Water Transport Support Services,,Main job,319,178,FALSE,COE_2025_Data_Item_List_DataLab.xlsx
IND06MJ,09522,Airport Operations and Other Air Transport Support Services,,Main job,320,179,FALSE,COE_2025_Data_Item_List_DataLab.xlsx
IND06MJ,09529,Other Transport Support Services,,Main job,321,180,FALSE,COE_2025_Data_Item_List_DataLab.xlsx
IND06MJ,09530,Warehousing and Storage Services,,Main job,323,181,FALSE,COE_2025_Data_Item_List_DataLab.xlsx
IND06MJ,10000,Information Media and Telecommunications nfd,,Main job,325,182,FALSE,COE_2025_Data_Item_List_DataLab.xlsx
IND06MJ,10540,Publishing (except Internet and Music Publishing) nfd,,Main job,327,183,FALSE,COE_2025_Data_Item_List_DataLab.xlsx
IND06MJ,10541,"Newspaper, Periodical, Book and Directory Publishing",,Main job,328,184,FALSE,COE_2025_Data_Item_List_DataLab.xlsx
IND06MJ,10542,Software Publishing,,Main job,329,185,FALSE,COE_2025_Data_Item_List_DataLab.xlsx
IND06MJ,10550,Motion Picture and Sound Recording Activities nfd,,Main job,331,186,FALSE,COE_2025_Data_Item_List_DataLab.xlsx
IND06MJ,10551,Motion Picture and Video Activities,,Main job,332,187,FALSE,COE_2025_Data_Item_List_DataLab.xlsx
IND06MJ,10552,Sound Recording and Music Publishing,,Main job,333,188,FALSE,COE_2025_Data_Item_List_DataLab.xlsx
IND06MJ,10560,Broadcasting (except Internet) nfd,,Main job,335,189,FALSE,COE_2025_Data_Item_List_DataLab.xlsx
IND06MJ,10561,Radio Broadcasting,,Main job,336,190,FALSE,COE_2025_Data_Item_List_DataLab.xlsx
IND06MJ,10562,Television Broadcasting,,Main job,337,191,FALSE,COE_2025_Data_Item_List_DataLab.xlsx
IND06MJ,10570,Internet Publishing and Broadcasting,,Main job,339,192,FALSE,COE_2025_Data_Item_List_DataLab.xlsx
IND06MJ,10580,Telecommunications Services,,Main job,341,193,FALSE,COE_2025_Data_Item_List_DataLab.xlsx
IND06MJ,10590,"Internet Service Providers, Web Search Portals and Data Processing Services nfd",,Main job,343,194,FALSE,COE_2025_Data_Item_List_DataLab.xlsx
IND06MJ,10591,Internet Service Providers and Web Search Portals,,Main job,344,195,FALSE,COE_2025_Data_Item_List_DataLab.xlsx
IND06MJ,10592,"Data Processing, Web Hosting and Electronic Information Storage Services",,Main job,345,196,FALSE,COE_2025_Data_Item_List_DataLab.xlsx
IND06MJ,10600,Library and Other Information Services nfd,,Main job,347,197,FALSE,COE_2025_Data_Item_List_DataLab.xlsx
IND06MJ,10601,Libraries and Archives,,Main job,348,198,FALSE,COE_2025_Data_Item_List_DataLab.xlsx
IND06MJ,10602,Other Information Services,,Main job,349,199,FALSE,COE_2025_Data_Item_List_DataLab.xlsx
IND06MJ,11000,Financial and Insurance Services nfd,,Main job,351,200,FALSE,COE_2025_Data_Item_List_DataLab.xlsx
IND06MJ,11620,Finance nfd,,Main job,353,201,FALSE,COE_2025_Data_Item_List_DataLab.xlsx
IND06MJ,11621,Central Banking,,Main job,354,202,FALSE,COE_2025_Data_Item_List_DataLab.xlsx
IND06MJ,11622,Depository Financial Intermediation,,Main job,355,203,FALSE,COE_2025_Data_Item_List_DataLab.xlsx
IND06MJ,11623,Non-Depository Financing,,Main job,356,204,FALSE,COE_2025_Data_Item_List_DataLab.xlsx
IND06MJ,11624,Financial Asset Investing,,Main job,357,205,FALSE,COE_2025_Data_Item_List_DataLab.xlsx
IND06MJ,11630,Insurance and Superannuation Funds nfd,,Main job,359,206,FALSE,COE_2025_Data_Item_List_DataLab.xlsx
IND06MJ,11631,Life Insurance,,Main job,360,207,FALSE,COE_2025_Data_Item_List_DataLab.xlsx
IND06MJ,11632,Health and General Insurance,,Main job,361,208,FALSE,COE_2025_Data_Item_List_DataLab.xlsx
IND06MJ,11633,Superannuation Funds,,Main job,362,209,FALSE,COE_2025_Data_Item_List_DataLab.xlsx
IND06MJ,11640,Auxiliary Finance and Insurance Services nfd,,Main job,364,210,FALSE,COE_2025_Data_Item_List_DataLab.xlsx
IND06MJ,11641,Auxiliary Finance and Investment Services,,Main job,365,211,FALSE,COE_2025_Data_Item_List_DataLab.xlsx
IND06MJ,11642,Auxiliary Insurance Services,,Main job,366,212,FALSE,COE_2025_Data_Item_List_DataLab.xlsx
IND06MJ,12000,"Rental, Hiring and Real Estate Services nfd",,Main job,368,213,FALSE,COE_2025_Data_Item_List_DataLab.xlsx
IND06MJ,12660,Rental and Hiring Services (except Real Estate) nfd,,Main job,370,214,FALSE,COE_2025_Data_Item_List_DataLab.xlsx
IND06MJ,12661,Motor Vehicle and Transport Equipment Rental and Hiring,,Main job,371,215,FALSE,COE_2025_Data_Item_List_DataLab.xlsx
IND06MJ,12662,Farm Animal and Bloodstock Leasing,,Main job,372,216,FALSE,COE_2025_Data_Item_List_DataLab.xlsx
IND06MJ,12663,Other Goods and Equipment Rental and Hiring,,Main job,373,217,FALSE,COE_2025_Data_Item_List_DataLab.xlsx
IND06MJ,12664,Non-Financial Intangible Assets (Except Copyrights) Leasing,,Main job,374,218,FALSE,COE_2025_Data_Item_List_DataLab.xlsx
IND06MJ,12670,Property Operators and Real Estate Services nfd,,Main job,376,219,FALSE,COE_2025_Data_Item_List_DataLab.xlsx
IND06MJ,12671,Property Operators,,Main job,377,220,FALSE,COE_2025_Data_Item_List_DataLab.xlsx
IND06MJ,12672,Real Estate Services,,Main job,378,221,FALSE,COE_2025_Data_Item_List_DataLab.xlsx
IND06MJ,13000,"Professional, Scientific and Technical Services nfd",,Main job,380,222,FALSE,COE_2025_Data_Item_List_DataLab.xlsx
IND06MJ,13690,"Professional, Scientific and Technical Services (Except Computer System Design and Related Services) nfd",,Main job,382,223,FALSE,COE_2025_Data_Item_List_DataLab.xlsx
IND06MJ,13691,Scientific Research Services,,Main job,383,224,FALSE,COE_2025_Data_Item_List_DataLab.xlsx
IND06MJ,13692,"Architectural, Engineering and Technical Services",,Main job,384,225,FALSE,COE_2025_Data_Item_List_DataLab.xlsx
IND06MJ,13693,Legal and Accounting Services,,Main job,385,226,FALSE,COE_2025_Data_Item_List_DataLab.xlsx
IND06MJ,13694,Advertising Services,,Main job,386,227,FALSE,COE_2025_Data_Item_List_DataLab.xlsx
IND06MJ,13695,Market Research and Statistical Services,,Main job,387,228,FALSE,COE_2025_Data_Item_List_DataLab.xlsx
IND06MJ,13696,Management and Related Consulting Services,,Main job,388,229,FALSE,COE_2025_Data_Item_List_DataLab.xlsx
IND06MJ,13697,Veterinary Services,,Main job,389,230,FALSE,COE_2025_Data_Item_List_DataLab.xlsx
IND06MJ,13699,"Other Professional, Scientific and Technical Services",,Main job,390,231,FALSE,COE_2025_Data_Item_List_DataLab.xlsx
IND06MJ,13700,Computer System Design and Related Services,,Main job,392,232,FALSE,COE_2025_Data_Item_List_DataLab.xlsx
IND06MJ,14000,Administrative and Support Services nfd,,Main job,394,233,FALSE,COE_2025_Data_Item_List_DataLab.xlsx
IND06MJ,14720,Administrative Services nfd,,Main job,396,234,FALSE,COE_2025_Data_Item_List_DataLab.xlsx
IND06MJ,14721,Employment Services,,Main job,397,235,FALSE,COE_2025_Data_Item_List_DataLab.xlsx
IND06MJ,14722,Travel Agency and Tour Arrangement Services,,Main job,398,236,FALSE,COE_2025_Data_Item_List_DataLab.xlsx
IND06MJ,14729,Other Administrative Services,,Main job,399,237,FALSE,COE_2025_Data_Item_List_DataLab.xlsx
IND06MJ,14730,"Building Cleaning, Pest Control and Other Support Services nfd",,Main job,401,238,FALSE,COE_2025_Data_Item_List_DataLab.xlsx
IND06MJ,14731,"Building Cleaning, Pest Control and Gardening Services",,Main job,402,239,FALSE,COE_2025_Data_Item_List_DataLab.xlsx
IND06MJ,14732,Packaging Services,,Main job,403,240,FALSE,COE_2025_Data_Item_List_DataLab.xlsx
IND06MJ,15000,Public Administration and Safety nfd,,Main job,405,241,FALSE,COE_2025_Data_Item_List_DataLab.xlsx
IND06MJ,15750,Public Administration nfd,,Main job,407,242,FALSE,COE_2025_Data_Item_List_DataLab.xlsx
IND06MJ,15751,Central Government Administration,,Main job,408,243,FALSE,COE_2025_Data_Item_List_DataLab.xlsx
IND06MJ,15752,State Government Administration,,Main job,409,244,FALSE,COE_2025_Data_Item_List_DataLab.xlsx
IND06MJ,15753,Local Government Administration,,Main job,410,245,FALSE,COE_2025_Data_Item_List_DataLab.xlsx
IND06MJ,15754,Justice,,Main job,411,246,FALSE,COE_2025_Data_Item_List_DataLab.xlsx
IND06MJ,15755,Government Representation,,Main job,412,247,FALSE,COE_2025_Data_Item_List_DataLab.xlsx
IND06MJ,15760,Defence,,Main job,414,248,FALSE,COE_2025_Data_Item_List_DataLab.xlsx
IND06MJ,15770,"Public Order, Safety and Regulatory Services nfd",,Main job,416,249,FALSE,COE_2025_Data_Item_List_DataLab.xlsx
IND06MJ,15771,Public Order and Safety Services,,Main job,417,250,FALSE,COE_2025_Data_Item_List_DataLab.xlsx
IND06MJ,15772,Regulatory Services,,Main job,418,251,FALSE,COE_2025_Data_Item_List_DataLab.xlsx
IND06MJ,16000,Education and Training nfd,,Main job,420,252,FALSE,COE_2025_Data_Item_List_DataLab.xlsx
IND06MJ,16800,Preschool and School Education nfd,,Main job,422,253,FALSE,COE_2025_Data_Item_List_DataLab.xlsx
IND06MJ,16801,Preschool Education,,Main job,423,254,FALSE,COE_2025_Data_Item_List_DataLab.xlsx
IND06MJ,16802,School Education,,Main job,424,255,FALSE,COE_2025_Data_Item_List_DataLab.xlsx
IND06MJ,16810,Tertiary Education,,Main job,426,256,FALSE,COE_2025_Data_Item_List_DataLab.xlsx
IND06MJ,16820,"Adult, Community and Other Education nfd",,Main job,428,257,FALSE,COE_2025_Data_Item_List_DataLab.xlsx
IND06MJ,16821,"Adult, Community and Other Education",,Main job,429,258,FALSE,COE_2025_Data_Item_List_DataLab.xlsx
IND06MJ,16822,Educational Support Services,,Main job,430,259,FALSE,COE_2025_Data_Item_List_DataLab.xlsx
IND06MJ,17000,Health Care and Social Assistance nfd,,Main job,432,260,FALSE,COE_2025_Data_Item_List_DataLab.xlsx
IND06MJ,17840,Hospitals,,Main job,434,261,FALSE,COE_2025_Data_Item_List_DataLab.xlsx
IND06MJ,17850,Medical and Other Health Care Services nfd,,Main job,436,262,FALSE,COE_2025_Data_Item_List_DataLab.xlsx
IND06MJ,17851,Medical Services,,Main job,437,263,FALSE,COE_2025_Data_Item_List_DataLab.xlsx
IND06MJ,17852,Pathology and Diagnostic Imaging Services,,Main job,438,264,FALSE,COE_2025_Data_Item_List_DataLab.xlsx
IND06MJ,17853,Allied Health Services,,Main job,439,265,FALSE,COE_2025_Data_Item_List_DataLab.xlsx
IND06MJ,17859,Other Health Care Services,,Main job,440,266,FALSE,COE_2025_Data_Item_List_DataLab.xlsx
IND06MJ,17860,Residential Care Services,,Main job,442,267,FALSE,COE_2025_Data_Item_List_DataLab.xlsx
IND06MJ,17870,Social Assistance Services nfd,,Main job,444,268,FALSE,COE_2025_Data_Item_List_DataLab.xlsx
IND06MJ,17871,Child Care Services,,Main job,445,269,FALSE,COE_2025_Data_Item_List_DataLab.xlsx
IND06MJ,17879,Other Social Assistance Services,,Main job,446,270,FALSE,COE_2025_Data_Item_List_DataLab.xlsx
IND06MJ,18000,Arts and Recreation Services nfd,,Main job,448,271,FALSE,COE_2025_Data_Item_List_DataLab.xlsx
IND06MJ,18890,Heritage Activities nfd,,Main job,450,272,FALSE,COE_2025_Data_Item_List_DataLab.xlsx
IND06MJ,18891,Museum Operation,,Main job,451,273,FALSE,COE_2025_Data_Item_List_DataLab.xlsx
IND06MJ,18892,Parks and Gardens Operations,,Main job,452,274,FALSE,COE_2025_Data_Item_List_DataLab.xlsx
IND06MJ,18900,Creative and Performing Arts Activities,,Main job,454,275,FALSE,COE_2025_Data_Item_List_DataLab.xlsx
IND06MJ,18910,Sports and Recreation Activities nfd,,Main job,456,276,FALSE,COE_2025_Data_Item_List_DataLab.xlsx
IND06MJ,18911,Sports and Physical Recreation Activities,,Main job,457,277,FALSE,COE_2025_Data_Item_List_DataLab.xlsx
IND06MJ,18912,Horse and Dog Racing Activities,,Main job,458,278,FALSE,COE_2025_Data_Item_List_DataLab.xlsx
IND06MJ,18913,Amusement and Other Recreation Activities,,Main job,459,279,FALSE,COE_2025_Data_Item_List_DataLab.xlsx
IND06MJ,18920,Gambling Activities,,Main job,461,280,FALSE,COE_2025_Data_Item_List_DataLab.xlsx
IND06MJ,19000,Other Services nfd,,Main job,463,281,FALSE,COE_2025_Data_Item_List_DataLab.xlsx
IND06MJ,19940,Repair and Maintenance nfd,,Main job,465,282,FALSE,COE_2025_Data_Item_List_DataLab.xlsx
IND06MJ,19941,Automotive Repair and Maintenance,,Main job,466,283,FALSE,COE_2025_Data_Item_List_DataLab.xlsx
IND06MJ,19942,Machinery and Equipment Repair and Maintenance,,Main job,467,284,FALSE,COE_2025_Data_Item_List_DataLab.xlsx
IND06MJ,19949,Other Repair and Maintenance,,Main job,468,285,FALSE,COE_2025_Data_Item_List_DataLab.xlsx
IND06MJ,19950,Personal and Other Services nfd,,Main job,470,286,FALSE,COE_2025_Data_Item_List_DataLab.xlsx
IND06MJ,19951,Personal Care Services,,Main job,471,287,FALSE,COE_2025_Data_Item_List_DataLab.xlsx
IND06MJ,19952,"Funeral, Crematorium and Cemetery Services",,Main job,472,288,FALSE,COE_2025_Data_Item_List_DataLab.xlsx
IND06MJ,19953,Other Personal Services,,Main job,473,289,FALSE,COE_2025_Data_Item_List_DataLab.xlsx
IND06MJ,19954,Religious Services,,Main job,474,290,FALSE,COE_2025_Data_Item_List_DataLab.xlsx
IND06MJ,19955,"Civic, Professional and Other Interest Group Services",,Main job,475,291,FALSE,COE_2025_Data_Item_List_DataLab.xlsx
IND06MJ,19960,Private Households Employing Staff and Undifferentiated Goods- and Service-Producing Activities of Households for Own Use,,Main job,477,292,FALSE,COE_2025_Data_Item_List_DataLab.xlsx
IND06MJ,00000,Not employed,,Main job,478,293,FALSE,COE_2025_Data_Item_List_DataLab.xlsx
OCC06MJ,1000,Managers nfd,,Main job,482,1,FALSE,COE_2025_Data_Item_List_DataLab.xlsx
OCC06MJ,1100,"Chief Executives, General Managers and Legislators nfd",,Main job,484,2,FALSE,COE_2025_Data_Item_List_DataLab.xlsx
OCC06MJ,1110,"Chief Executives, General Managers and Legislators nfd",,Main job,486,3,FALSE,COE_2025_Data_Item_List_DataLab.xlsx
OCC06MJ,1111,Chief Executives and Managing Directors,,Main job,487,4,FALSE,COE_2025_Data_Item_List_DataLab.xlsx
OCC06MJ,1112,General Managers,,Main job,488,5,FALSE,COE_2025_Data_Item_List_DataLab.xlsx
OCC06MJ,1113,Legislators,,Main job,489,6,FALSE,COE_2025_Data_Item_List_DataLab.xlsx
OCC06MJ,1200,Farmers and Farm Managers nfd,,Main job,491,7,FALSE,COE_2025_Data_Item_List_DataLab.xlsx
OCC06MJ,1210,Farmers and Farm Managers nfd,,Main job,493,8,FALSE,COE_2025_Data_Item_List_DataLab.xlsx
OCC06MJ,1211,Aquaculture Farmers,,Main job,494,9,FALSE,COE_2025_Data_Item_List_DataLab.xlsx
OCC06MJ,1212,Crop Farmers,,Main job,495,10,FALSE,COE_2025_Data_Item_List_DataLab.xlsx
OCC06MJ,1213,Livestock Farmers,,Main job,496,11,FALSE,COE_2025_Data_Item_List_DataLab.xlsx
OCC06MJ,1214,Mixed Crop and Livestock Farmers,,Main job,497,12,FALSE,COE_2025_Data_Item_List_DataLab.xlsx
OCC06MJ,1300,Specialist Managers nfd,,Main job,499,13,FALSE,COE_2025_Data_Item_List_DataLab.xlsx
OCC06MJ,1310,"Advertising, Public Relations and Sales Managers nfd",,Main job,501,14,FALSE,COE_2025_Data_Item_List_DataLab.xlsx
OCC06MJ,1311,"Advertising, Public Relations and Sales Managers",,Main job,502,15,FALSE,COE_2025_Data_Item_List_DataLab.xlsx
OCC06MJ,1320,Business Administration Managers nfd,,Main job,504,16,FALSE,COE_2025_Data_Item_List_DataLab.xlsx
OCC06MJ,1321,Corporate Services Managers,,Main job,505,17,FALSE,COE_2025_Data_Item_List_DataLab.xlsx
OCC06MJ,1322,Finance Managers,,Main job,506,18,FALSE,COE_2025_Data_Item_List_DataLab.xlsx
OCC06MJ,1323,Human Resource Managers,,Main job,507,19,FALSE,COE_2025_Data_Item_List_DataLab.xlsx
OCC06MJ,1324,Policy and Planning Managers,,Main job,508,20,FALSE,COE_2025_Data_Item_List_DataLab.xlsx
OCC06MJ,1325,Research and Development Managers,,Main job,509,21,FALSE,COE_2025_Data_Item_List_DataLab.xlsx
OCC06MJ,1330,"Construction, Distribution and Production Managers nfd",,Main job,511,22,FALSE,COE_2025_Data_Item_List_DataLab.xlsx
OCC06MJ,1331,Construction Managers,,Main job,512,23,FALSE,COE_2025_Data_Item_List_DataLab.xlsx
OCC06MJ,1332,Engineering Managers,,Main job,513,24,FALSE,COE_2025_Data_Item_List_DataLab.xlsx
OCC06MJ,1333,"Importers, Exporters and Wholesalers",,Main job,514,25,FALSE,COE_2025_Data_Item_List_DataLab.xlsx
OCC06MJ,1334,Manufacturers,,Main job,515,26,FALSE,COE_2025_Data_Item_List_DataLab.xlsx
OCC06MJ,1335,Production Managers,,Main job,516,27,FALSE,COE_2025_Data_Item_List_DataLab.xlsx
OCC06MJ,1336,"Supply, Distribution and Procurement Managers",,Main job,517,28,FALSE,COE_2025_Data_Item_List_DataLab.xlsx
OCC06MJ,1340,"Education, Health and Welfare Services Managers nfd",,Main job,519,29,FALSE,COE_2025_Data_Item_List_DataLab.xlsx
OCC06MJ,1341,Child Care Centre Managers,,Main job,520,30,FALSE,COE_2025_Data_Item_List_DataLab.xlsx
OCC06MJ,1342,Health and Welfare Services Managers,,Main job,521,31,FALSE,COE_2025_Data_Item_List_DataLab.xlsx
OCC06MJ,1343,School Principals,,Main job,522,32,FALSE,COE_2025_Data_Item_List_DataLab.xlsx
OCC06MJ,1344,Other Education Managers,,Main job,523,33,FALSE,COE_2025_Data_Item_List_DataLab.xlsx
OCC06MJ,1350,ICT Managers nfd,,Main job,525,34,FALSE,COE_2025_Data_Item_List_DataLab.xlsx
OCC06MJ,1351,ICT Managers,,Main job,526,35,FALSE,COE_2025_Data_Item_List_DataLab.xlsx
OCC06MJ,1390,Miscellaneous Specialist Managers nfd,,Main job,528,36,FALSE,COE_2025_Data_Item_List_DataLab.xlsx
OCC06MJ,1391,Commissioned Officers (Management),,Main job,529,37,FALSE,COE_2025_Data_Item_List_DataLab.xlsx
OCC06MJ,1392,Senior Non-commissioned Defence Force Members,,Main job,530,38,FALSE,COE_2025_Data_Item_List_DataLab.xlsx
OCC06MJ,1399,Other Specialist Managers,,Main job,531,39,FALSE,COE_2025_Data_Item_List_DataLab.xlsx
OCC06MJ,1400,"Hospitality, Retail and Service Managers nfd",,Main job,533,40,FALSE,COE_2025_Data_Item_List_DataLab.xlsx
OCC06MJ,1410,Accommodation and Hospitality Managers nfd,,Main job,535,41,FALSE,COE_2025_Data_Item_List_DataLab.xlsx
OCC06MJ,1411,Cafe and Restaurant Managers,,Main job,536,42,FALSE,COE_2025_Data_Item_List_DataLab.xlsx
OCC06MJ,1412,Caravan Park and Camping Ground Managers,,Main job,537,43,FALSE,COE_2025_Data_Item_List_DataLab.xlsx
OCC06MJ,1413,Hotel and Motel Managers,,Main job,538,44,FALSE,COE_2025_Data_Item_List_DataLab.xlsx
OCC06MJ,1414,Licensed Club Managers,,Main job,539,45,FALSE,COE_2025_Data_Item_List_DataLab.xlsx
OCC06MJ,1419,Other Accommodation and Hospitality Managers,,Main job,540,46,FALSE,COE_2025_Data_Item_List_DataLab.xlsx
OCC06MJ,1420,Retail Managers nfd,,Main job,542,47,FALSE,COE_2025_Data_Item_List_DataLab.xlsx
OCC06MJ,1421,Retail Managers,,Main job,543,48,FALSE,COE_2025_Data_Item_List_DataLab.xlsx
OCC06MJ,1490,"Miscellaneous Hospitality, Retail and Service Managers nfd",,Main job,545,49,FALSE,COE_2025_Data_Item_List_DataLab.xlsx
OCC06MJ,1491,"Amusement, Fitness and Sports Centre Managers",,Main job,546,50,FALSE,COE_2025_Data_Item_List_DataLab.xlsx
OCC06MJ,1492,Call or Contact Centre and Customer Service Managers,,Main job,547,51,FALSE,COE_2025_Data_Item_List_DataLab.xlsx
OCC06MJ,1493,Conference and Event Organisers,,Main job,548,52,FALSE,COE_2025_Data_Item_List_DataLab.xlsx
OCC06MJ,1494,Transport Services Managers,,Main job,549,53,FALSE,COE_2025_Data_Item_List_DataLab.xlsx
OCC06MJ,1499,"Other Hospitality, Retail and Service Managers",,Main job,550,54,FALSE,COE_2025_Data_Item_List_DataLab.xlsx
OCC06MJ,2000,Professionals nfd,,Main job,552,55,FALSE,COE_2025_Data_Item_List_DataLab.xlsx
OCC06MJ,2100,Arts and Media Professionals nfd,,Main job,554,56,FALSE,COE_2025_Data_Item_List_DataLab.xlsx
OCC06MJ,2110,Arts Professionals nfd,,Main job,556,57,FALSE,COE_2025_Data_Item_List_DataLab.xlsx
OCC06MJ,2111,"Actors, Dancers and Other Entertainers",,Main job,557,58,FALSE,COE_2025_Data_Item_List_DataLab.xlsx
OCC06MJ,2112,Music Professionals,,Main job,558,59,FALSE,COE_2025_Data_Item_List_DataLab.xlsx
OCC06MJ,2113,Photographers,,Main job,559,60,FALSE,COE_2025_Data_Item_List_DataLab.xlsx
OCC06MJ,2114,Visual Arts and Crafts Professionals,,Main job,560,61,FALSE,COE_2025_Data_Item_List_DataLab.xlsx
OCC06MJ,2120,Media Professionals nfd,,Main job,562,62,FALSE,COE_2025_Data_Item_List_DataLab.xlsx
OCC06MJ,2121,"Artistic Directors, and Media Producers and Presenters",,Main job,563,63,FALSE,COE_2025_Data_Item_List_DataLab.xlsx
OCC06MJ,2122,"Authors, and Book and Script Editors",,Main job,564,64,FALSE,COE_2025_Data_Item_List_DataLab.xlsx
OCC06MJ,2123,"Film, Television, Radio and Stage Directors",,Main job,565,65,FALSE,COE_2025_Data_Item_List_DataLab.xlsx
OCC06MJ,2124,Journalists and Other Writers,,Main job,566,66,FALSE,COE_2025_Data_Item_List_DataLab.xlsx
OCC06MJ,2200,"Business, Human Resource and Marketing Professionals nfd",,Main job,568,67,FALSE,COE_2025_Data_Item_List_DataLab.xlsx
OCC06MJ,2210,"Accountants, Auditors and Company Secretaries nfd",,Main job,570,68,FALSE,COE_2025_Data_Item_List_DataLab.xlsx
OCC06MJ,2211,Accountants,,Main job,571,69,FALSE,COE_2025_Data_Item_List_DataLab.xlsx
OCC06MJ,2212,"Auditors, Company Secretaries and Corporate Treasurers",,Main job,572,70,FALSE,COE_2025_Data_Item_List_DataLab.xlsx
OCC06MJ,2220,"Financial Brokers and Dealers, and Investment Advisers nfd",,Main job,574,71,FALSE,COE_2025_Data_Item_List_DataLab.xlsx
OCC06MJ,2221,Financial Brokers,,Main job,575,72,FALSE,COE_2025_Data_Item_List_DataLab.xlsx
OCC06MJ,2222,Financial Dealers,,Main job,576,73,FALSE,COE_2025_Data_Item_List_DataLab.xlsx
OCC06MJ,2223,Financial Investment Advisers and Managers,,Main job,577,74,FALSE,COE_2025_Data_Item_List_DataLab.xlsx
OCC06MJ,2230,Human Resource and Training Professionals nfd,,Main job,579,75,FALSE,COE_2025_Data_Item_List_DataLab.xlsx
OCC06MJ,2231,Human Resource Professionals,,Main job,580,76,FALSE,COE_2025_Data_Item_List_DataLab.xlsx
OCC06MJ,2232,ICT Trainers,,Main job,581,77,FALSE,COE_2025_Data_Item_List_DataLab.xlsx
OCC06MJ,2233,Training and Development Professionals,,Main job,582,78,FALSE,COE_2025_Data_Item_List_DataLab.xlsx
OCC06MJ,2240,Information and Organisation Professionals nfd,,Main job,584,79,FALSE,COE_2025_Data_Item_List_DataLab.xlsx
OCC06MJ,2241,"Actuaries, Mathematicians and Statisticians",,Main job,585,80,FALSE,COE_2025_Data_Item_List_DataLab.xlsx
OCC06MJ,2242,"Archivists, Curators and Records Managers",,Main job,586,81,FALSE,COE_2025_Data_Item_List_DataLab.xlsx
OCC06MJ,2243,Economists,,Main job,587,82,FALSE,COE_2025_Data_Item_List_DataLab.xlsx
OCC06MJ,2244,Intelligence and Policy Analysts,,Main job,588,83,FALSE,COE_2025_Data_Item_List_DataLab.xlsx
OCC06MJ,2245,Land Economists and Valuers,,Main job,589,84,FALSE,COE_2025_Data_Item_List_DataLab.xlsx
OCC06MJ,2246,Librarians,,Main job,590,85,FALSE,COE_2025_Data_Item_List_DataLab.xlsx
OCC06MJ,2247,Management and Organisation Analysts,,Main job,591,86,FALSE,COE_2025_Data_Item_List_DataLab.xlsx
OCC06MJ,2249,Other Information and Organisation Professionals,,Main job,592,87,FALSE,COE_2025_Data_Item_List_DataLab.xlsx
OCC06MJ,2250,"Sales, Marketing and Public Relations Professionals nfd",,Main job,594,88,FALSE,COE_2025_Data_Item_List_DataLab.xlsx
OCC06MJ,2251,Advertising and Marketing Professionals,,Main job,595,89,FALSE,COE_2025_Data_Item_List_DataLab.xlsx
OCC06MJ,2252,ICT Sales Professionals,,Main job,596,90,FALSE,COE_2025_Data_Item_List_DataLab.xlsx
OCC06MJ,2253,Public Relations Professionals,,Main job,597,91,FALSE,COE_2025_Data_Item_List_DataLab.xlsx
OCC06MJ,2254,Technical Sales Representatives,,Main job,598,92,FALSE,COE_2025_Data_Item_List_DataLab.xlsx
OCC06MJ,2300,"Design, Engineering, Science and Transport Professionals nfd",,Main job,600,93,FALSE,COE_2025_Data_Item_List_DataLab.xlsx
OCC06MJ,2310,Air and Marine Transport Professionals nfd,,Main job,602,94,FALSE,COE_2025_Data_Item_List_DataLab.xlsx
OCC06MJ,2311,Air Transport Professionals,,Main job,603,95,FALSE,COE_2025_Data_Item_List_DataLab.xlsx
OCC06MJ,2312,Marine Transport Professionals,,Main job,604,96,FALSE,COE_2025_Data_Item_List_DataLab.xlsx
OCC06MJ,2320,"Architects, Designers, Planners and Surveyors nfd",,Main job,606,97,FALSE,COE_2025_Data_Item_List_DataLab.xlsx
OCC06MJ,2321,Architects and Landscape Architects,,Main job,607,98,FALSE,COE_2025_Data_Item_List_DataLab.xlsx
OCC06MJ,2322,Surveyors and Spatial Scientists,,Main job,608,99,FALSE,COE_2025_Data_Item_List_DataLab.xlsx
OCC06MJ,2323,"Fashion, Industrial and Jewellery Designers",,Main job,609,100,FALSE,COE_2025_Data_Item_List_DataLab.xlsx
OCC06MJ,2324,"Graphic and Web Designers, and Illustrators",,Main job,610,101,FALSE,COE_2025_Data_Item_List_DataLab.xlsx
OCC06MJ,2325,Interior Designers,,Main job,611,102,FALSE,COE_2025_Data_Item_List_DataLab.xlsx
OCC06MJ,2326,Urban and Regional Planners,,Main job,612,103,FALSE,COE_2025_Data_Item_List_DataLab.xlsx
OCC06MJ,2330,Engineering Professionals nfd,,Main job,614,104,FALSE,COE_2025_Data_Item_List_DataLab.xlsx
OCC06MJ,2331,Chemical and Materials Engineers,,Main job,615,105,FALSE,COE_2025_Data_Item_List_DataLab.xlsx
OCC06MJ,2332,Civil Engineering Professionals,,Main job,616,106,FALSE,COE_2025_Data_Item_List_DataLab.xlsx
OCC06MJ,2333,Electrical Engineers,,Main job,617,107,FALSE,COE_2025_Data_Item_List_DataLab.xlsx
OCC06MJ,2334,Electronics Engineers,,Main job,618,108,FALSE,COE_2025_Data_Item_List_DataLab.xlsx
OCC06MJ,2335,"Industrial, Mechanical and Production Engineers",,Main job,619,109,FALSE,COE_2025_Data_Item_List_DataLab.xlsx
OCC06MJ,2336,Mining Engineers,,Main job,620,110,FALSE,COE_2025_Data_Item_List_DataLab.xlsx
OCC06MJ,2339,Other Engineering Professionals,,Main job,621,111,FALSE,COE_2025_Data_Item_List_DataLab.xlsx
OCC06MJ,2340,Natural and Physical Science Professionals nfd,,Main job,623,112,FALSE,COE_2025_Data_Item_List_DataLab.xlsx
OCC06MJ,2341,Agricultural and Forestry Scientists,,Main job,624,113,FALSE,COE_2025_Data_Item_List_DataLab.xlsx
OCC06MJ,2342,"Chemists, and Food and Wine Scientists",,Main job,625,114,FALSE,COE_2025_Data_Item_List_DataLab.xlsx
OCC06MJ,2343,Environmental Scientists,,Main job,626,115,FALSE,COE_2025_Data_Item_List_DataLab.xlsx
OCC06MJ,2344,"Geologists, Geophysicists and Hydrogeologists",,Main job,627,116,FALSE,COE_2025_Data_Item_List_DataLab.xlsx
OCC06MJ,2345,Life Scientists,,Main job,628,117,FALSE,COE_2025_Data_Item_List_DataLab.xlsx
OCC06MJ,2346,Medical Laboratory Scientists,,Main job,629,118,FALSE,COE_2025_Data_Item_List_DataLab.xlsx
OCC06MJ,2347,Veterinarians,,Main job,630,119,FALSE,COE_2025_Data_Item_List_DataLab.xlsx
OCC06MJ,2349,Other Natural and Physical Science Professionals,,Main job,631,120,FALSE,COE_2025_Data_Item_List_DataLab.xlsx
OCC06MJ,2400,Education Professionals nfd,,Main job,633,121,FALSE,COE_2025_Data_Item_List_DataLab.xlsx
OCC06MJ,2410,School Teachers nfd,,Main job,635,122,FALSE,COE_2025_Data_Item_List_DataLab.xlsx
OCC06MJ,2411,Early Childhood (Pre-primary School) Teachers,,Main job,636,123,FALSE,COE_2025_Data_Item_List_DataLab.xlsx
OCC06MJ,2412,Primary School Teachers,,Main job,637,124,FALSE,COE_2025_Data_Item_List_DataLab.xlsx
OCC06MJ,2413,Middle School Teachers,,Main job,638,125,FALSE,COE_2025_Data_Item_List_DataLab.xlsx
OCC06MJ,2414,Secondary School Teachers,,Main job,639,126,FALSE,COE_2025_Data_Item_List_DataLab.xlsx
OCC06MJ,2415,Special Education Teachers,,Main job,640,127,FALSE,COE_2025_Data_Item_List_DataLab.xlsx
OCC06MJ,2420,Tertiary Education Teachers nfd,,Main job,642,128,FALSE,COE_2025_Data_Item_List_DataLab.xlsx
OCC06MJ,2421,University Lecturers and Tutors,,Main job,643,129,FALSE,COE_2025_Data_Item_List_DataLab.xlsx
OCC06MJ,2422,Vocational Education Teachers,,Main job,644,130,FALSE,COE_2025_Data_Item_List_DataLab.xlsx
OCC06MJ,2490,Miscellaneous Education Professionals nfd,,Main job,646,131,FALSE,COE_2025_Data_Item_List_DataLab.xlsx
OCC06MJ,2491,Education Advisers and Reviewers,,Main job,647,132,FALSE,COE_2025_Data_Item_List_DataLab.xlsx
OCC06MJ,2492,Private Tutors and Teachers,,Main job,648,133,FALSE,COE_2025_Data_Item_List_DataLab.xlsx
OCC06MJ,2493,Teachers of English to Speakers of Other Languages,,Main job,649,134,FALSE,COE_2025_Data_Item_List_DataLab.xlsx
OCC06MJ,2500,Health Professionals nfd,,Main job,651,135,FALSE,COE_2025_Data_Item_List_DataLab.xlsx
OCC06MJ,2510,Health Diagnostic and Promotion Professionals nfd,,Main job,653,136,FALSE,COE_2025_Data_Item_List_DataLab.xlsx
OCC06MJ,2511,Nutrition Professionals,,Main job,654,137,FALSE,COE_2025_Data_Item_List_DataLab.xlsx
OCC06MJ,2512,Medical Imaging Professionals,,Main job,655,138,FALSE,COE_2025_Data_Item_List_DataLab.xlsx
OCC06MJ,2513,Occupational and Environmental Health Professionals,,Main job,656,139,FALSE,COE_2025_Data_Item_List_DataLab.xlsx
OCC06MJ,2514,Optometrists and Orthoptists,,Main job,657,140,FALSE,COE_2025_Data_Item_List_DataLab.xlsx
OCC06MJ,2515,Pharmacists,,Main job,658,141,FALSE,COE_2025_Data_Item_List_DataLab.xlsx
OCC06MJ,2519,Other Health Diagnostic and Promotion Professionals,,Main job,659,142,FALSE,COE_2025_Data_Item_List_DataLab.xlsx
OCC06MJ,2520,Health Therapy Professionals nfd,,Main job,661,143,FALSE,COE_2025_Data_Item_List_DataLab.xlsx
OCC06MJ,2521,Chiropractors and Osteopaths,,Main job,662,144,FALSE,COE_2025_Data_Item_List_DataLab.xlsx
OCC06MJ,2522,Complementary Health Therapists,,Main job,663,145,FALSE,COE_2025_Data_Item_List_DataLab.xlsx
OCC06MJ,2523,Dental Practitioners,,Main job,664,146,FALSE,COE_2025_Data_Item_List_DataLab.xlsx
OCC06MJ,2524,Occupational Therapists,,Main job,665,147,FALSE,COE_2025_Data_Item_List_DataLab.xlsx
OCC06MJ,2525,Physiotherapists,,Main job,666,148,FALSE,COE_2025_Data_Item_List_DataLab.xlsx
OCC06MJ,2526,Podiatrists,,Main job,667,149,FALSE,COE_2025_Data_Item_List_DataLab.xlsx
OCC06MJ,2527,Audiologists and Speech Pathologists \ Therapists,,Main job,668,150,FALSE,COE_2025_Data_Item_List_DataLab.xlsx
OCC06MJ,2530,Medical Practitioners nfd,,Main job,670,151,FALSE,COE_2025_Data_Item_List_DataLab.xlsx
OCC06MJ,2531,General Practitioners and Resident Medical Officers,,Main job,671,152,FALSE,COE_2025_Data_Item_List_DataLab.xlsx
OCC06MJ,2532,Anaesthetists,,Main job,672,153,FALSE,COE_2025_Data_Item_List_DataLab.xlsx
OCC06MJ,2533,Specialist Physicians,,Main job,673,154,FALSE,COE_2025_Data_Item_List_DataLab.xlsx
OCC06MJ,2534,Psychiatrists,,Main job,674,155,FALSE,COE_2025_Data_Item_List_DataLab.xlsx
OCC06MJ,2535,Surgeons,,Main job,675,156,FALSE,COE_2025_Data_Item_List_DataLab.xlsx
OCC06MJ,2539,Other Medical Practitioners,,Main job,676,157,FALSE,COE_2025_Data_Item_List_DataLab.xlsx
OCC06MJ,2540,Midwifery and Nursing Professionals nfd,,Main job,678,158,FALSE,COE_2025_Data_Item_List_DataLab.xlsx
OCC06MJ,2541,Midwives,,Main job,679,159,FALSE,COE_2025_Data_Item_List_DataLab.xlsx
OCC06MJ,2542,Nurse Educators and Researchers,,Main job,680,160,FALSE,COE_2025_Data_Item_List_DataLab.xlsx
OCC06MJ,2543,Nurse Managers,,Main job,681,161,FALSE,COE_2025_Data_Item_List_DataLab.xlsx
OCC06MJ,2544,Registered Nurses,,Main job,682,162,FALSE,COE_2025_Data_Item_List_DataLab.xlsx
OCC06MJ,2600,ICT Professionals nfd,,Main job,684,163,FALSE,COE_2025_Data_Item_List_DataLab.xlsx
OCC06MJ,2610,"Business and Systems Analysts, and Programmers nfd",,Main job,686,164,FALSE,COE_2025_Data_Item_List_DataLab.xlsx
OCC06MJ,2611,ICT Business and Systems Analysts,,Main job,687,165,FALSE,COE_2025_Data_Item_List_DataLab.xlsx
OCC06MJ,2612,Multimedia Specialists and Web Developers,,Main job,688,166,FALSE,COE_2025_Data_Item_List_DataLab.xlsx
OCC06MJ,2613,Software and Applications Programmers,,Main job,689,167,FALSE,COE_2025_Data_Item_List_DataLab.xlsx
OCC06MJ,2620,"Database and Systems Administrators, and ICT Security Specialists nfd",,Main job,691,168,FALSE,COE_2025_Data_Item_List_DataLab.xlsx
OCC06MJ,2621,"Database and Systems Administrators, and ICT Security Specialists",,Main job,692,169,FALSE,COE_2025_Data_Item_List_DataLab.xlsx
OCC06MJ,2630,ICT Network and Support Professionals nfd,,Main job,694,170,FALSE,COE_2025_Data_Item_List_DataLab.xlsx
OCC06MJ,2631,Computer Network Professionals,,Main job,695,171,FALSE,COE_2025_Data_Item_List_DataLab.xlsx
OCC06MJ,2632,ICT Support and Test Engineers,,Main job,696,172,FALSE,COE_2025_Data_Item_List_DataLab.xlsx
OCC06MJ,2633,Telecommunications Engineering Professionals,,Main job,697,173,FALSE,COE_2025_Data_Item_List_DataLab.xlsx
OCC06MJ,2700,"Legal, Social and Welfare Professionals nfd",,Main job,699,174,FALSE,COE_2025_Data_Item_List_DataLab.xlsx
OCC06MJ,2710,Legal Professionals nfd,,Main job,701,175,FALSE,COE_2025_Data_Item_List_DataLab.xlsx
OCC06MJ,2711,Barristers,,Main job,702,176,FALSE,COE_2025_Data_Item_List_DataLab.xlsx
OCC06MJ,2712,Judicial and Other Legal Professionals,,Main job,703,177,FALSE,COE_2025_Data_Item_List_DataLab.xlsx
OCC06MJ,2713,Solicitors,,Main job,704,178,FALSE,COE_2025_Data_Item_List_DataLab.xlsx
OCC06MJ,2720,Social and Welfare Professionals nfd,,Main job,706,179,FALSE,COE_2025_Data_Item_List_DataLab.xlsx
OCC06MJ,2721,Counsellors,,Main job,707,180,FALSE,COE_2025_Data_Item_List_DataLab.xlsx
OCC06MJ,2722,Ministers of Religion,,Main job,708,181,FALSE,COE_2025_Data_Item_List_DataLab.xlsx
OCC06MJ,2723,Psychologists,,Main job,709,182,FALSE,COE_2025_Data_Item_List_DataLab.xlsx
OCC06MJ,2724,Social Professionals,,Main job,710,183,FALSE,COE_2025_Data_Item_List_DataLab.xlsx
OCC06MJ,2725,Social Workers,,Main job,711,184,FALSE,COE_2025_Data_Item_List_DataLab.xlsx
OCC06MJ,2726,"Welfare, Recreation and Community Arts Workers",,Main job,712,185,FALSE,COE_2025_Data_Item_List_DataLab.xlsx
OCC06MJ,3000,Technicians and Trades Workers nfd,,Main job,714,186,FALSE,COE_2025_Data_Item_List_DataLab.xlsx
OCC06MJ,3100,"Engineering, ICT and Science Technicians nfd",,Main job,716,187,FALSE,COE_2025_Data_Item_List_DataLab.xlsx
OCC06MJ,3110,"Agricultural, Medical and Science Technicians nfd",,Main job,718,188,FALSE,COE_2025_Data_Item_List_DataLab.xlsx
OCC06MJ,3111,Agricultural Technicians,,Main job,719,189,FALSE,COE_2025_Data_Item_List_DataLab.xlsx
OCC06MJ,3112,Medical Technicians,,Main job,720,190,FALSE,COE_2025_Data_Item_List_DataLab.xlsx
OCC06MJ,3113,Primary Products Inspectors,,Main job,721,191,FALSE,COE_2025_Data_Item_List_DataLab.xlsx
OCC06MJ,3114,Science Technicians,,Main job,722,192,FALSE,COE_2025_Data_Item_List_DataLab.xlsx
OCC06MJ,3120,Building and Engineering Technicians nfd,,Main job,724,193,FALSE,COE_2025_Data_Item_List_DataLab.xlsx
OCC06MJ,3121,"Architectural, Building and Surveying Technicians",,Main job,725,194,FALSE,COE_2025_Data_Item_List_DataLab.xlsx
OCC06MJ,3122,Civil Engineering Draftspersons and Technicians,,Main job,726,195,FALSE,COE_2025_Data_Item_List_DataLab.xlsx
OCC06MJ,3123,Electrical Engineering Draftspersons and Technicians,,Main job,727,196,FALSE,COE_2025_Data_Item_List_DataLab.xlsx
OCC06MJ,3124,Electronic Engineering Draftspersons and Technicians,,Main job,728,197,FALSE,COE_2025_Data_Item_List_DataLab.xlsx
OCC06MJ,3125,Mechanical Engineering Draftspersons and Technicians,,Main job,729,198,FALSE,COE_2025_Data_Item_List_DataLab.xlsx
OCC06MJ,3126,Safety Inspectors,,Main job,730,199,FALSE,COE_2025_Data_Item_List_DataLab.xlsx
OCC06MJ,3129,Other Building and Engineering Technicians,,Main job,731,200,FALSE,COE_2025_Data_Item_List_DataLab.xlsx
OCC06MJ,3130,ICT and Telecommunications Technicians nfd,,Main job,733,201,FALSE,COE_2025_Data_Item_List_DataLab.xlsx
OCC06MJ,3131,ICT Support Technicians,,Main job,734,202,FALSE,COE_2025_Data_Item_List_DataLab.xlsx
OCC06MJ,3132,Telecommunications Technical Specialists,,Main job,735,203,FALSE,COE_2025_Data_Item_List_DataLab.xlsx
OCC06MJ,3200,Automotive and Engineering Trades Workers nfd,,Main job,737,204,FALSE,COE_2025_Data_Item_List_DataLab.xlsx
OCC06MJ,3210,Automotive Electricians and Mechanics nfd,,Main job,739,205,FALSE,COE_2025_Data_Item_List_DataLab.xlsx
OCC06MJ,3211,Automotive Electricians,,Main job,740,206,FALSE,COE_2025_Data_Item_List_DataLab.xlsx
OCC06MJ,3212,Motor Mechanics,,Main job,741,207,FALSE,COE_2025_Data_Item_List_DataLab.xlsx
OCC06MJ,3220,Fabrication Engineering Trades Workers nfd,,Main job,743,208,FALSE,COE_2025_Data_Item_List_DataLab.xlsx
OCC06MJ,3221,"Metal Casting, Forging and Finishing Trades Workers",,Main job,744,209,FALSE,COE_2025_Data_Item_List_DataLab.xlsx
OCC06MJ,3222,Sheetmetal Trades Workers,,Main job,745,210,FALSE,COE_2025_Data_Item_List_DataLab.xlsx
OCC06MJ,3223,Structural Steel and Welding Trades Workers,,Main job,746,211,FALSE,COE_2025_Data_Item_List_DataLab.xlsx
OCC06MJ,3230,Mechanical Engineering Trades Workers nfd,,Main job,748,212,FALSE,COE_2025_Data_Item_List_DataLab.xlsx
OCC06MJ,3231,Aircraft Maintenance Engineers,,Main job,749,213,FALSE,COE_2025_Data_Item_List_DataLab.xlsx
OCC06MJ,3232,Metal Fitters and Machinists,,Main job,750,214,FALSE,COE_2025_Data_Item_List_DataLab.xlsx
OCC06MJ,3233,Precision Metal Trades Workers,,Main job,751,215,FALSE,COE_2025_Data_Item_List_DataLab.xlsx
OCC06MJ,3234,Toolmakers and Engineering Patternmakers,,Main job,752,216,FALSE,COE_2025_Data_Item_List_DataLab.xlsx
OCC06MJ,3240,"Panelbeaters, and Vehicle Body Builders, Trimmers and Painters nfd",,Main job,754,217,FALSE,COE_2025_Data_Item_List_DataLab.xlsx
OCC06MJ,3241,Panelbeaters,,Main job,755,218,FALSE,COE_2025_Data_Item_List_DataLab.xlsx
OCC06MJ,3242,Vehicle Body Builders and Trimmers,,Main job,756,219,FALSE,COE_2025_Data_Item_List_DataLab.xlsx
OCC06MJ,3243,Vehicle Painters,,Main job,757,220,FALSE,COE_2025_Data_Item_List_DataLab.xlsx
OCC06MJ,3300,Construction Trades Workers nfd,,Main job,759,221,FALSE,COE_2025_Data_Item_List_DataLab.xlsx
OCC06MJ,3310,"Bricklayers, and Carpenters and Joiners nfd",,Main job,761,222,FALSE,COE_2025_Data_Item_List_DataLab.xlsx
OCC06MJ,3311,Bricklayers and Stonemasons,,Main job,762,223,FALSE,COE_2025_Data_Item_List_DataLab.xlsx
OCC06MJ,3312,Carpenters and Joiners,,Main job,763,224,FALSE,COE_2025_Data_Item_List_DataLab.xlsx
OCC06MJ,3320,Floor Finishers and Painting Trades Workers nfd,,Main job,765,225,FALSE,COE_2025_Data_Item_List_DataLab.xlsx
OCC06MJ,3321,Floor Finishers,,Main job,766,226,FALSE,COE_2025_Data_Item_List_DataLab.xlsx
OCC06MJ,3322,Painting Trades Workers,,Main job,767,227,FALSE,COE_2025_Data_Item_List_DataLab.xlsx
OCC06MJ,3330,"Glaziers, Plasterers and Tilers nfd",,Main job,769,228,FALSE,COE_2025_Data_Item_List_DataLab.xlsx
OCC06MJ,3331,Glaziers,,Main job,770,229,FALSE,COE_2025_Data_Item_List_DataLab.xlsx
OCC06MJ,3332,Plasterers,,Main job,771,230,FALSE,COE_2025_Data_Item_List_DataLab.xlsx
OCC06MJ,3333,Roof Tilers,,Main job,772,231,FALSE,COE_2025_Data_Item_List_DataLab.xlsx
OCC06MJ,3334,Wall and Floor Tilers,,Main job,773,232,FALSE,COE_2025_Data_Item_List_DataLab.xlsx
OCC06MJ,3340,Plumbers nfd,,Main job,775,233,FALSE,COE_2025_Data_Item_List_DataLab.xlsx
OCC06MJ,3341,Plumbers,,Main job,776,234,FALSE,COE_2025_Data_Item_List_DataLab.xlsx
OCC06MJ,3400,Electrotechnology and Telecommunications Trades Workers nfd,,Main job,778,235,FALSE,COE_2025_Data_Item_List_DataLab.xlsx
OCC06MJ,3410,Electricians nfd,,Main job,780,236,FALSE,COE_2025_Data_Item_List_DataLab.xlsx
OCC06MJ,3411,Electricians,,Main job,781,237,FALSE,COE_2025_Data_Item_List_DataLab.xlsx
OCC06MJ,3420,Electronics and Telecommunications Trades Workers nfd,,Main job,783,238,FALSE,COE_2025_Data_Item_List_DataLab.xlsx
OCC06MJ,3421,Airconditioning and Refrigeration Mechanics,,Main job,784,239,FALSE,COE_2025_Data_Item_List_DataLab.xlsx
OCC06MJ,3422,Electrical Distribution Trades Workers,,Main job,785,240,FALSE,COE_2025_Data_Item_List_DataLab.xlsx
OCC06MJ,3423,Electronics Trades Workers,,Main job,786,241,FALSE,COE_2025_Data_Item_List_DataLab.xlsx
OCC06MJ,3424,Telecommunications Trades Workers,,Main job,787,242,FALSE,COE_2025_Data_Item_List_DataLab.xlsx
OCC06MJ,3500,Food Trades Workers nfd,,Main job,789,243,FALSE,COE_2025_Data_Item_List_DataLab.xlsx
OCC06MJ,3510,Food Trades Workers nfd,,Main job,791,244,FALSE,COE_2025_Data_Item_List_DataLab.xlsx
OCC06MJ,3511,Bakers and Pastrycooks,,Main job,792,245,FALSE,COE_2025_Data_Item_List_DataLab.xlsx
OCC06MJ,3512,Butchers and Smallgoods Makers,,Main job,793,246,FALSE,COE_2025_Data_Item_List_DataLab.xlsx
OCC06MJ,3513,Chefs,,Main job,794,247,FALSE,COE_2025_Data_Item_List_DataLab.xlsx
OCC06MJ,3514,Cooks,,Main job,795,248,FALSE,COE_2025_Data_Item_List_DataLab.xlsx
OCC06MJ,3600,Skilled Animal and Horticultural Workers nfd,,Main job,797,249,FALSE,COE_2025_Data_Item_List_DataLab.xlsx
OCC06MJ,3610,"Animal Attendants and Trainers, and Shearers nfd",,Main job,799,250,FALSE,COE_2025_Data_Item_List_DataLab.xlsx
OCC06MJ,3611,Animal Attendants and Trainers,,Main job,800,251,FALSE,COE_2025_Data_Item_List_DataLab.xlsx
OCC06MJ,3612,Shearers,,Main job,801,252,FALSE,COE_2025_Data_Item_List_DataLab.xlsx
OCC06MJ,3613,Veterinary Nurses,,Main job,802,253,FALSE,COE_2025_Data_Item_List_DataLab.xlsx
OCC06MJ,3620,Horticultural Trades Workers nfd,,Main job,804,254,FALSE,COE_2025_Data_Item_List_DataLab.xlsx
OCC06MJ,3621,Florists,,Main job,805,255,FALSE,COE_2025_Data_Item_List_DataLab.xlsx
OCC06MJ,3622,Gardeners,,Main job,806,256,FALSE,COE_2025_Data_Item_List_DataLab.xlsx
OCC06MJ,3623,Greenkeepers,,Main job,807,257,FALSE,COE_2025_Data_Item_List_DataLab.xlsx
OCC06MJ,3624,Nurserypersons,,Main job,808,258,FALSE,COE_2025_Data_Item_List_DataLab.xlsx
OCC06MJ,3900,Other Technicians and Trades Workers nfd,,Main job,810,259,FALSE,COE_2025_Data_Item_List_DataLab.xlsx
OCC06MJ,3910,Hairdressers nfd,,Main job,812,260,FALSE,COE_2025_Data_Item_List_DataLab.xlsx
OCC06MJ,3911,Hairdressers,,Main job,813,261,FALSE,COE_2025_Data_Item_List_DataLab.xlsx
OCC06MJ,3920,Printing Trades Workers nfd,,Main job,815,262,FALSE,COE_2025_Data_Item_List_DataLab.xlsx
OCC06MJ,3921,Print Finishers and Screen Printers,,Main job,816,263,FALSE,COE_2025_Data_Item_List_DataLab.xlsx
OCC06MJ,3922,Graphic Pre-press Trades Workers,,Main job,817,264,FALSE,COE_2025_Data_Item_List_DataLab.xlsx
OCC06MJ,3923,Printers,,Main job,818,265,FALSE,COE_2025_Data_Item_List_DataLab.xlsx
OCC06MJ,3930,"Textile, Clothing and Footwear Trades Workers nfd",,Main job,820,266,FALSE,COE_2025_Data_Item_List_DataLab.xlsx
OCC06MJ,3931,Canvas and Leather Goods Makers,,Main job,821,267,FALSE,COE_2025_Data_Item_List_DataLab.xlsx
OCC06MJ,3932,Clothing Trades Workers,,Main job,822,268,FALSE,COE_2025_Data_Item_List_DataLab.xlsx
OCC06MJ,3933,Upholsterers,,Main job,823,269,FALSE,COE_2025_Data_Item_List_DataLab.xlsx
OCC06MJ,3940,Wood Trades Workers nfd,,Main job,825,270,FALSE,COE_2025_Data_Item_List_DataLab.xlsx
OCC06MJ,3941,Cabinetmakers,,Main job,826,271,FALSE,COE_2025_Data_Item_List_DataLab.xlsx
OCC06MJ,3942,Wood Machinists and Other Wood Trades Workers,,Main job,827,272,FALSE,COE_2025_Data_Item_List_DataLab.xlsx
OCC06MJ,3990,Miscellaneous Technicians and Trades Workers nfd,,Main job,829,273,FALSE,COE_2025_Data_Item_List_DataLab.xlsx
OCC06MJ,3991,Boat Builders and Shipwrights,,Main job,830,274,FALSE,COE_2025_Data_Item_List_DataLab.xlsx
OCC06MJ,3992,"Chemical, Gas, Petroleum and Power Generation Plant Operators",,Main job,831,275,FALSE,COE_2025_Data_Item_List_DataLab.xlsx
OCC06MJ,3993,"Gallery, Library and Museum Technicians",,Main job,832,276,FALSE,COE_2025_Data_Item_List_DataLab.xlsx
OCC06MJ,3994,Jewellers,,Main job,833,277,FALSE,COE_2025_Data_Item_List_DataLab.xlsx
OCC06MJ,3995,Performing Arts Technicians,,Main job,834,278,FALSE,COE_2025_Data_Item_List_DataLab.xlsx
OCC06MJ,3996,Signwriters,,Main job,835,279,FALSE,COE_2025_Data_Item_List_DataLab.xlsx
OCC06MJ,3999,Other Miscellaneous Technicians and Trades Workers,,Main job,836,280,FALSE,COE_2025_Data_Item_List_DataLab.xlsx
OCC06MJ,4000,Community and Personal Service Workers nfd,,Main job,838,281,FALSE,COE_2025_Data_Item_List_DataLab.xlsx
OCC06MJ,4100,Health and Welfare Support Workers nfd,,Main job,840,282,FALSE,COE_2025_Data_Item_List_DataLab.xlsx
OCC06MJ,4110,Health and Welfare Support Workers nfd,,Main job,842,283,FALSE,COE_2025_Data_Item_List_DataLab.xlsx
OCC06MJ,4111,Ambulance Officers and Paramedics,,Main job,843,284,FALSE,COE_2025_Data_Item_List_DataLab.xlsx
OCC06MJ,4112,"Dental Hygienists, Technicians and Therapists",,Main job,844,285,FALSE,COE_2025_Data_Item_List_DataLab.xlsx
OCC06MJ,4113,Diversional Therapists,,Main job,845,286,FALSE,COE_2025_Data_Item_List_DataLab.xlsx
OCC06MJ,4114,Enrolled and Mothercraft Nurses,,Main job,846,287,FALSE,COE_2025_Data_Item_List_DataLab.xlsx
OCC06MJ,4115,Indigenous Health Workers,,Main job,847,288,FALSE,COE_2025_Data_Item_List_DataLab.xlsx
OCC06MJ,4116,Massage Therapists,,Main job,848,289,FALSE,COE_2025_Data_Item_List_DataLab.xlsx
OCC06MJ,4117,Welfare Support Workers,,Main job,849,290,FALSE,COE_2025_Data_Item_List_DataLab.xlsx
OCC06MJ,4200,Carers and Aides nfd,,Main job,851,291,FALSE,COE_2025_Data_Item_List_DataLab.xlsx
OCC06MJ,4210,Child Carers nfd,,Main job,853,292,FALSE,COE_2025_Data_Item_List_DataLab.xlsx
OCC06MJ,4211,Child Carers,,Main job,854,293,FALSE,COE_2025_Data_Item_List_DataLab.xlsx
OCC06MJ,4220,Education Aides nfd,,Main job,856,294,FALSE,COE_2025_Data_Item_List_DataLab.xlsx
OCC06MJ,4221,Education Aides,,Main job,857,295,FALSE,COE_2025_Data_Item_List_DataLab.xlsx
OCC06MJ,4230,Personal Carers and Assistants nfd,,Main job,859,296,FALSE,COE_2025_Data_Item_List_DataLab.xlsx
OCC06MJ,4231,Aged and Disabled Carers,,Main job,860,297,FALSE,COE_2025_Data_Item_List_DataLab.xlsx
OCC06MJ,4232,Dental Assistants,,Main job,861,298,FALSE,COE_2025_Data_Item_List_DataLab.xlsx
OCC06MJ,4233,Nursing Support and Personal Care Workers,,Main job,862,299,FALSE,COE_2025_Data_Item_List_DataLab.xlsx
OCC06MJ,4234,Special Care Workers,,Main job,863,300,FALSE,COE_2025_Data_Item_List_DataLab.xlsx
OCC06MJ,4300,Hospitality Workers nfd,,Main job,865,301,FALSE,COE_2025_Data_Item_List_DataLab.xlsx
OCC06MJ,4310,Hospitality Workers nfd,,Main job,867,302,FALSE,COE_2025_Data_Item_List_DataLab.xlsx
OCC06MJ,4311,Bar Attendants and Baristas,,Main job,868,303,FALSE,COE_2025_Data_Item_List_DataLab.xlsx
OCC06MJ,4312,Cafe Workers,,Main job,869,304,FALSE,COE_2025_Data_Item_List_DataLab.xlsx
OCC06MJ,4313,Gaming Workers,,Main job,870,305,FALSE,COE_2025_Data_Item_List_DataLab.xlsx
OCC06MJ,4314,Hotel Service Managers,,Main job,871,306,FALSE,COE_2025_Data_Item_List_DataLab.xlsx
OCC06MJ,4315,Waiters,,Main job,872,307,FALSE,COE_2025_Data_Item_List_DataLab.xlsx
OCC06MJ,4319,Other Hospitality Workers,,Main job,873,308,FALSE,COE_2025_Data_Item_List_DataLab.xlsx
OCC06MJ,4400,Protective Service Workers nfd,,Main job,875,309,FALSE,COE_2025_Data_Item_List_DataLab.xlsx
OCC06MJ,4410,"Defence Force Members, Fire Fighters and Police nfd",,Main job,877,310,FALSE,COE_2025_Data_Item_List_DataLab.xlsx
OCC06MJ,4411,Defence Force Members - Other Ranks,,Main job,878,311,FALSE,COE_2025_Data_Item_List_DataLab.xlsx
OCC06MJ,4412,Fire and Emergency Workers,,Main job,879,312,FALSE,COE_2025_Data_Item_List_DataLab.xlsx
OCC06MJ,4413,Police,,Main job,880,313,FALSE,COE_2025_Data_Item_List_DataLab.xlsx
OCC06MJ,4420,Prison and Security Officers nfd,,Main job,882,314,FALSE,COE_2025_Data_Item_List_DataLab.xlsx
OCC06MJ,4421,Prison Officers,,Main job,883,315,FALSE,COE_2025_Data_Item_List_DataLab.xlsx
OCC06MJ,4422,Security Officers and Guards,,Main job,884,316,FALSE,COE_2025_Data_Item_List_DataLab.xlsx
OCC06MJ,4500,Sports and Personal Service Workers nfd,,Main job,886,317,FALSE,COE_2025_Data_Item_List_DataLab.xlsx
OCC06MJ,4510,Personal Service and Travel Workers nfd,,Main job,888,318,FALSE,COE_2025_Data_Item_List_DataLab.xlsx
OCC06MJ,4511,Beauty Therapists,,Main job,889,319,FALSE,COE_2025_Data_Item_List_DataLab.xlsx
OCC06MJ,4512,Driving Instructors,,Main job,890,320,FALSE,COE_2025_Data_Item_List_DataLab.xlsx
OCC06MJ,4513,Funeral Workers,,Main job,891,321,FALSE,COE_2025_Data_Item_List_DataLab.xlsx
OCC06MJ,4514,"Gallery, Museum and Tour Guides",,Main job,892,322,FALSE,COE_2025_Data_Item_List_DataLab.xlsx
OCC06MJ,4515,Personal Care Consultants,,Main job,893,323,FALSE,COE_2025_Data_Item_List_DataLab.xlsx
OCC06MJ,4516,Tourism and Travel Advisers,,Main job,894,324,FALSE,COE_2025_Data_Item_List_DataLab.xlsx
OCC06MJ,4517,Travel Attendants,,Main job,895,325,FALSE,COE_2025_Data_Item_List_DataLab.xlsx
OCC06MJ,4518,Other Personal Service Workers,,Main job,896,326,FALSE,COE_2025_Data_Item_List_DataLab.xlsx
OCC06MJ,4520,Sports and Fitness Workers nfd,,Main job,898,327,FALSE,COE_2025_Data_Item_List_DataLab.xlsx
OCC06MJ,4521,Fitness Instructors,,Main job,899,328,FALSE,COE_2025_Data_Item_List_DataLab.xlsx
OCC06MJ,4522,Outdoor Adventure Guides,,Main job,900,329,FALSE,COE_2025_Data_Item_List_DataLab.xlsx
OCC06MJ,4523,"Sports Coaches, Instructors and Officials",,Main job,901,330,FALSE,COE_2025_Data_Item_List_DataLab.xlsx
OCC06MJ,4524,Sportspersons,,Main job,902,331,FALSE,COE_2025_Data_Item_List_DataLab.xlsx
OCC06MJ,5000,Clerical and Administrative Workers nfd,,Main job,904,332,FALSE,COE_2025_Data_Item_List_DataLab.xlsx
OCC06MJ,5100,Office Managers and Program Administrators nfd,,Main job,906,333,FALSE,COE_2025_Data_Item_List_DataLab.xlsx
OCC06MJ,5110,"Contract, Program and Project Administrators nfd",,Main job,908,334,FALSE,COE_2025_Data_Item_List_DataLab.xlsx
OCC06MJ,5111,"Contract, Program and Project Administrators",,Main job,909,335,FALSE,COE_2025_Data_Item_List_DataLab.xlsx
OCC06MJ,5120,Office and Practice Managers nfd,,Main job,911,336,FALSE,COE_2025_Data_Item_List_DataLab.xlsx
OCC06MJ,5121,Office Managers,,Main job,912,337,FALSE,COE_2025_Data_Item_List_DataLab.xlsx
OCC06MJ,5122,Practice Managers,,Main job,913,338,FALSE,COE_2025_Data_Item_List_DataLab.xlsx
OCC06MJ,5200,Personal Assistants and Secretaries nfd,,Main job,915,339,FALSE,COE_2025_Data_Item_List_DataLab.xlsx
OCC06MJ,5210,Personal Assistants and Secretaries nfd,,Main job,917,340,FALSE,COE_2025_Data_Item_List_DataLab.xlsx
OCC06MJ,5211,Personal Assistants,,Main job,918,341,FALSE,COE_2025_Data_Item_List_DataLab.xlsx
OCC06MJ,5212,Secretaries,,Main job,919,342,FALSE,COE_2025_Data_Item_List_DataLab.xlsx
OCC06MJ,5300,General Clerical Workers nfd,,Main job,921,343,FALSE,COE_2025_Data_Item_List_DataLab.xlsx
OCC06MJ,5310,General Clerks nfd,,Main job,923,344,FALSE,COE_2025_Data_Item_List_DataLab.xlsx
OCC06MJ,5311,General Clerks,,Main job,924,345,FALSE,COE_2025_Data_Item_List_DataLab.xlsx
OCC06MJ,5320,Keyboard Operators nfd,,Main job,926,346,FALSE,COE_2025_Data_Item_List_DataLab.xlsx
OCC06MJ,5321,Keyboard Operators,,Main job,927,347,FALSE,COE_2025_Data_Item_List_DataLab.xlsx
OCC06MJ,5400,Inquiry Clerks and Receptionists nfd,,Main job,929,348,FALSE,COE_2025_Data_Item_List_DataLab.xlsx
OCC06MJ,5410,Call or Contact Centre Information Clerks nfd,,Main job,931,349,FALSE,COE_2025_Data_Item_List_DataLab.xlsx
OCC06MJ,5411,Call or Contact Centre Workers,,Main job,932,350,FALSE,COE_2025_Data_Item_List_DataLab.xlsx
OCC06MJ,5412,Information Officers,,Main job,933,351,FALSE,COE_2025_Data_Item_List_DataLab.xlsx
OCC06MJ,5420,Receptionists nfd,,Main job,935,352,FALSE,COE_2025_Data_Item_List_DataLab.xlsx
OCC06MJ,5421,Receptionists,,Main job,936,353,FALSE,COE_2025_Data_Item_List_DataLab.xlsx
OCC06MJ,5500,Numerical Clerks nfd,,Main job,938,354,FALSE,COE_2025_Data_Item_List_DataLab.xlsx
OCC06MJ,5510,Accounting Clerks and Bookkeepers nfd,,Main job,940,355,FALSE,COE_2025_Data_Item_List_DataLab.xlsx
OCC06MJ,5511,Accounting Clerks,,Main job,941,356,FALSE,COE_2025_Data_Item_List_DataLab.xlsx
OCC06MJ,5512,Bookkeepers,,Main job,942,357,FALSE,COE_2025_Data_Item_List_DataLab.xlsx
OCC06MJ,5513,Payroll Clerks,,Main job,943,358,FALSE,COE_2025_Data_Item_List_DataLab.xlsx
OCC06MJ,5520,Financial and Insurance Clerks nfd,,Main job,945,359,FALSE,COE_2025_Data_Item_List_DataLab.xlsx
OCC06MJ,5521,Bank Workers,,Main job,946,360,FALSE,COE_2025_Data_Item_List_DataLab.xlsx
OCC06MJ,5522,Credit and Loans Officers,,Main job,947,361,FALSE,COE_2025_Data_Item_List_DataLab.xlsx
OCC06MJ,5523,"Insurance, Money Market and Statistical Clerks",,Main job,948,362,FALSE,COE_2025_Data_Item_List_DataLab.xlsx
OCC06MJ,5600,Clerical and Office Support Workers nfd,,Main job,950,363,FALSE,COE_2025_Data_Item_List_DataLab.xlsx
OCC06MJ,5610,Clerical and Office Support Workers nfd,,Main job,952,364,FALSE,COE_2025_Data_Item_List_DataLab.xlsx
OCC06MJ,5611,Betting Clerks,,Main job,953,365,FALSE,COE_2025_Data_Item_List_DataLab.xlsx
OCC06MJ,5612,Couriers and Postal Deliverers,,Main job,954,366,FALSE,COE_2025_Data_Item_List_DataLab.xlsx
OCC06MJ,5613,Filing and Registry Clerks,,Main job,955,367,FALSE,COE_2025_Data_Item_List_DataLab.xlsx
OCC06MJ,5614,Mail Sorters,,Main job,956,368,FALSE,COE_2025_Data_Item_List_DataLab.xlsx
OCC06MJ,5615,Survey Interviewers,,Main job,957,369,FALSE,COE_2025_Data_Item_List_DataLab.xlsx
OCC06MJ,5616,Switchboard Operators,,Main job,958,370,FALSE,COE_2025_Data_Item_List_DataLab.xlsx
OCC06MJ,5619,Other Clerical and Office Support Workers,,Main job,959,371,FALSE,COE_2025_Data_Item_List_DataLab.xlsx
OCC06MJ,5900,Other Clerical and Administrative Workers nfd,,Main job,961,372,FALSE,COE_2025_Data_Item_List_DataLab.xlsx
OCC06MJ,5910,Logistics Clerks nfd,,Main job,963,373,FALSE,COE_2025_Data_Item_List_DataLab.xlsx
OCC06MJ,5911,Purchasing and Supply Logistics Clerks,,Main job,964,374,FALSE,COE_2025_Data_Item_List_DataLab.xlsx
OCC06MJ,5912,Transport and Despatch Clerks,,Main job,965,375,FALSE,COE_2025_Data_Item_List_DataLab.xlsx
OCC06MJ,5990,Miscellaneous Clerical and Administrative Workers nfd,,Main job,967,376,FALSE,COE_2025_Data_Item_List_DataLab.xlsx
OCC06MJ,5991,Conveyancers and Legal Executives,,Main job,968,377,FALSE,COE_2025_Data_Item_List_DataLab.xlsx
OCC06MJ,5992,Court and Legal Clerks,,Main job,969,378,FALSE,COE_2025_Data_Item_List_DataLab.xlsx
OCC06MJ,5993,Debt Collectors,,Main job,970,379,FALSE,COE_2025_Data_Item_List_DataLab.xlsx
OCC06MJ,5994,Human Resource Clerks,,Main job,971,380,FALSE,COE_2025_Data_Item_List_DataLab.xlsx
OCC06MJ,5995,Inspectors and Regulatory Officers,,Main job,972,381,FALSE,COE_2025_Data_Item_List_DataLab.xlsx
OCC06MJ,5996,"Insurance Investigators, Loss Adjusters and Risk Surveyors",,Main job,973,382,FALSE,COE_2025_Data_Item_List_DataLab.xlsx
OCC06MJ,5997,Library Assistants,,Main job,974,383,FALSE,COE_2025_Data_Item_List_DataLab.xlsx
OCC06MJ,5999,Other Miscellaneous Clerical and Administrative Workers,,Main job,975,384,FALSE,COE_2025_Data_Item_List_DataLab.xlsx
OCC06MJ,6000,Sales Workers nfd,,Main job,977,385,FALSE,COE_2025_Data_Item_List_DataLab.xlsx
OCC06MJ,6100,Sales Representatives and Agents nfd,,Main job,979,386,FALSE,COE_2025_Data_Item_List_DataLab.xlsx
OCC06MJ,6110,Insurance Agents and Sales Representatives nfd,,Main job,981,387,FALSE,COE_2025_Data_Item_List_DataLab.xlsx
OCC06MJ,6111,"Auctioneers, and Stock and Station Agents",,Main job,982,388,FALSE,COE_2025_Data_Item_List_DataLab.xlsx
OCC06MJ,6112,Insurance Agents,,Main job,983,389,FALSE,COE_2025_Data_Item_List_DataLab.xlsx
OCC06MJ,6113,Sales Representatives,,Main job,984,390,FALSE,COE_2025_Data_Item_List_DataLab.xlsx
OCC06MJ,6120,Real Estate Sales Agents nfd,,Main job,986,391,FALSE,COE_2025_Data_Item_List_DataLab.xlsx
OCC06MJ,6121,Real Estate Sales Agents,,Main job,987,392,FALSE,COE_2025_Data_Item_List_DataLab.xlsx
OCC06MJ,6200,Sales Assistants and Salespersons nfd,,Main job,989,393,FALSE,COE_2025_Data_Item_List_DataLab.xlsx
OCC06MJ,6210,Sales Assistants and Salespersons nfd,,Main job,991,394,FALSE,COE_2025_Data_Item_List_DataLab.xlsx
OCC06MJ,6211,Sales Assistants (General),,Main job,992,395,FALSE,COE_2025_Data_Item_List_DataLab.xlsx
OCC06MJ,6212,ICT Sales Assistants,,Main job,993,396,FALSE,COE_2025_Data_Item_List_DataLab.xlsx
OCC06MJ,6213,Motor Vehicle and Vehicle Parts Salespersons,,Main job,994,397,FALSE,COE_2025_Data_Item_List_DataLab.xlsx
OCC06MJ,6214,Pharmacy Sales Assistants,,Main job,995,398,FALSE,COE_2025_Data_Item_List_DataLab.xlsx
OCC06MJ,6215,Retail Supervisors,,Main job,996,399,FALSE,COE_2025_Data_Item_List_DataLab.xlsx
OCC06MJ,6216,Service Station Attendants,,Main job,997,400,FALSE,COE_2025_Data_Item_List_DataLab.xlsx
OCC06MJ,6217,Street Vendors and Related Salespersons,,Main job,998,401,FALSE,COE_2025_Data_Item_List_DataLab.xlsx
OCC06MJ,6219,Other Sales Assistants and Salespersons,,Main job,999,402,FALSE,COE_2025_Data_Item_List_DataLab.xlsx
OCC06MJ,6300,Sales Support Workers nfd,,Main job,1001,403,FALSE,COE_2025_Data_Item_List_DataLab.xlsx
OCC06MJ,6310,Checkout Operators and Office Cashiers nfd,,Main job,1003,404,FALSE,COE_2025_Data_Item_List_DataLab.xlsx
OCC06MJ,6311,Checkout Operators and Office Cashiers,,Main job,1004,405,FALSE,COE_2025_Data_Item_List_DataLab.xlsx
OCC06MJ,6390,Miscellaneous Sales Support Workers nfd,,Main job,1006,406,FALSE,COE_2025_Data_Item_List_DataLab.xlsx
OCC06MJ,6391,Models and Sales Demonstrators,,Main job,1007,407,FALSE,COE_2025_Data_Item_List_DataLab.xlsx
OCC06MJ,6392,Retail and Wool Buyers,,Main job,1008,408,FALSE,COE_2025_Data_Item_List_DataLab.xlsx
OCC06MJ,6393,Telemarketers,,Main job,1009,409,FALSE,COE_2025_Data_Item_List_DataLab.xlsx
OCC06MJ,6394,Ticket Salespersons,,Main job,1010,410,FALSE,COE_2025_Data_Item_List_DataLab.xlsx
OCC06MJ,6395,Visual Merchandisers,,Main job,1011,411,FALSE,COE_2025_Data_Item_List_DataLab.xlsx
OCC06MJ,6399,Other Sales Support Workers,,Main job,1012,412,FALSE,COE_2025_Data_Item_List_DataLab.xlsx
OCC06MJ,7000,Machinery Operators and Drivers nfd,,Main job,1014,413,FALSE,COE_2025_Data_Item_List_DataLab.xlsx
OCC06MJ,7100,Machine and Stationary Plant Operators nfd,,Main job,1016,414,FALSE,COE_2025_Data_Item_List_DataLab.xlsx
OCC06MJ,7110,Machine Operators nfd,,Main job,1018,415,FALSE,COE_2025_Data_Item_List_DataLab.xlsx
OCC06MJ,7111,"Clay, Concrete, Glass and Stone Processing Machine Operators",,Main job,1019,416,FALSE,COE_2025_Data_Item_List_DataLab.xlsx
OCC06MJ,7112,Industrial Spraypainters,,Main job,1020,417,FALSE,COE_2025_Data_Item_List_DataLab.xlsx
OCC06MJ,7113,Paper and Wood Processing Machine Operators,,Main job,1021,418,FALSE,COE_2025_Data_Item_List_DataLab.xlsx
OCC06MJ,7114,Photographic Developers and Printers,,Main job,1022,419,FALSE,COE_2025_Data_Item_List_DataLab.xlsx
OCC06MJ,7115,Plastics and Rubber Production Machine Operators,,Main job,1023,420,FALSE,COE_2025_Data_Item_List_DataLab.xlsx
OCC06MJ,7116,Sewing Machinists,,Main job,1024,421,FALSE,COE_2025_Data_Item_List_DataLab.xlsx
OCC06MJ,7117,Textile and Footwear Production Machine Operators,,Main job,1025,422,FALSE,COE_2025_Data_Item_List_DataLab.xlsx
OCC06MJ,7119,Other Machine Operators,,Main job,1026,423,FALSE,COE_2025_Data_Item_List_DataLab.xlsx
OCC06MJ,7120,Stationary Plant Operators nfd,,Main job,1028,424,FALSE,COE_2025_Data_Item_List_DataLab.xlsx
OCC06MJ,7121,"Crane, Hoist and Lift Operators",,Main job,1029,425,FALSE,COE_2025_Data_Item_List_DataLab.xlsx
OCC06MJ,7122,"Drillers, Miners and Shot Firers",,Main job,1030,426,FALSE,COE_2025_Data_Item_List_DataLab.xlsx
OCC06MJ,7123,Engineering Production Workers,,Main job,1031,427,FALSE,COE_2025_Data_Item_List_DataLab.xlsx
OCC06MJ,7129,Other Stationary Plant Operators,,Main job,1032,428,FALSE,COE_2025_Data_Item_List_DataLab.xlsx
OCC06MJ,7200,Mobile Plant Operators nfd,,Main job,1034,429,FALSE,COE_2025_Data_Item_List_DataLab.xlsx
OCC06MJ,7210,Mobile Plant Operators nfd,,Main job,1036,430,FALSE,COE_2025_Data_Item_List_DataLab.xlsx
OCC06MJ,7211,"Agricultural, Forestry and Horticultural Plant Operators",,Main job,1037,431,FALSE,COE_2025_Data_Item_List_DataLab.xlsx
OCC06MJ,7212,Earthmoving Plant Operators,,Main job,1038,432,FALSE,COE_2025_Data_Item_List_DataLab.xlsx
OCC06MJ,7213,Forklift Drivers,,Main job,1039,433,FALSE,COE_2025_Data_Item_List_DataLab.xlsx
OCC06MJ,7219,Other Mobile Plant Operators,,Main job,1040,434,FALSE,COE_2025_Data_Item_List_DataLab.xlsx
OCC06MJ,7300,Road and Rail Drivers nfd,,Main job,1042,435,FALSE,COE_2025_Data_Item_List_DataLab.xlsx
OCC06MJ,7310,"Automobile, Bus and Rail Drivers nfd",,Main job,1044,436,FALSE,COE_2025_Data_Item_List_DataLab.xlsx
OCC06MJ,7311,Automobile Drivers,,Main job,1045,437,FALSE,COE_2025_Data_Item_List_DataLab.xlsx
OCC06MJ,7312,Bus and Coach Drivers,,Main job,1046,438,FALSE,COE_2025_Data_Item_List_DataLab.xlsx
OCC06MJ,7313,Train and Tram Drivers,,Main job,1047,439,FALSE,COE_2025_Data_Item_List_DataLab.xlsx
OCC06MJ,7320,Delivery Drivers nfd,,Main job,1049,440,FALSE,COE_2025_Data_Item_List_DataLab.xlsx
OCC06MJ,7321,Delivery Drivers,,Main job,1050,441,FALSE,COE_2025_Data_Item_List_DataLab.xlsx
OCC06MJ,7330,Truck Drivers nfd,,Main job,1052,442,FALSE,COE_2025_Data_Item_List_DataLab.xlsx
OCC06MJ,7331,Truck Drivers,,Main job,1053,443,FALSE,COE_2025_Data_Item_List_DataLab.xlsx
OCC06MJ,7400,Storepersons nfd,,Main job,1055,444,FALSE,COE_2025_Data_Item_List_DataLab.xlsx
OCC06MJ,7410,Storepersons nfd,,Main job,1057,445,FALSE,COE_2025_Data_Item_List_DataLab.xlsx
OCC06MJ,7411,Storepersons,,Main job,1058,446,FALSE,COE_2025_Data_Item_List_DataLab.xlsx
OCC06MJ,8000,Labourers nfd,,Main job,1060,447,FALSE,COE_2025_Data_Item_List_DataLab.xlsx
OCC06MJ,8100,Cleaners and Laundry Workers nfd,,Main job,1062,448,FALSE,COE_2025_Data_Item_List_DataLab.xlsx
OCC06MJ,8110,Cleaners and Laundry Workers nfd,,Main job,1064,449,FALSE,COE_2025_Data_Item_List_DataLab.xlsx
OCC06MJ,8111,Car Detailers,,Main job,1065,450,FALSE,COE_2025_Data_Item_List_DataLab.xlsx
OCC06MJ,8112,Commercial Cleaners,,Main job,1066,451,FALSE,COE_2025_Data_Item_List_DataLab.xlsx
OCC06MJ,8113,Domestic Cleaners,,Main job,1067,452,FALSE,COE_2025_Data_Item_List_DataLab.xlsx
OCC06MJ,8114,Housekeepers,,Main job,1068,453,FALSE,COE_2025_Data_Item_List_DataLab.xlsx
OCC06MJ,8115,Laundry Workers,,Main job,1069,454,FALSE,COE_2025_Data_Item_List_DataLab.xlsx
OCC06MJ,8116,Other Cleaners,,Main job,1070,455,FALSE,COE_2025_Data_Item_List_DataLab.xlsx
OCC06MJ,8200,Construction and Mining Labourers nfd,,Main job,1072,456,FALSE,COE_2025_Data_Item_List_DataLab.xlsx
OCC06MJ,8210,Construction and Mining Labourers nfd,,Main job,1074,457,FALSE,COE_2025_Data_Item_List_DataLab.xlsx
OCC06MJ,8211,Building and Plumbing Labourers,,Main job,1075,458,FALSE,COE_2025_Data_Item_List_DataLab.xlsx
OCC06MJ,8212,Concreters,,Main job,1076,459,FALSE,COE_2025_Data_Item_List_DataLab.xlsx
OCC06MJ,8213,Fencers,,Main job,1077,460,FALSE,COE_2025_Data_Item_List_DataLab.xlsx
OCC06MJ,8214,Insulation and Home Improvement Installers,,Main job,1078,461,FALSE,COE_2025_Data_Item_List_DataLab.xlsx
OCC06MJ,8215,Paving and Surfacing Labourers,,Main job,1079,462,FALSE,COE_2025_Data_Item_List_DataLab.xlsx
OCC06MJ,8216,Railway Track Workers,,Main job,1080,463,FALSE,COE_2025_Data_Item_List_DataLab.xlsx
OCC06MJ,8217,Structural Steel Construction Workers,,Main job,1081,464,FALSE,COE_2025_Data_Item_List_DataLab.xlsx
OCC06MJ,8219,Other Construction and Mining Labourers,,Main job,1082,465,FALSE,COE_2025_Data_Item_List_DataLab.xlsx
OCC06MJ,8300,Factory Process Workers nfd,,Main job,1084,466,FALSE,COE_2025_Data_Item_List_DataLab.xlsx
OCC06MJ,8310,Food Process Workers nfd,,Main job,1086,467,FALSE,COE_2025_Data_Item_List_DataLab.xlsx
OCC06MJ,8311,Food and Drink Factory Workers,,Main job,1087,468,FALSE,COE_2025_Data_Item_List_DataLab.xlsx
OCC06MJ,8312,"Meat Boners and Slicers, and Slaughterers",,Main job,1088,469,FALSE,COE_2025_Data_Item_List_DataLab.xlsx
OCC06MJ,8313,"Meat, Poultry and Seafood Process Workers",,Main job,1089,470,FALSE,COE_2025_Data_Item_List_DataLab.xlsx
OCC06MJ,8320,Packers and Product Assemblers nfd,,Main job,1091,471,FALSE,COE_2025_Data_Item_List_DataLab.xlsx
OCC06MJ,8321,Packers,,Main job,1092,472,FALSE,COE_2025_Data_Item_List_DataLab.xlsx
OCC06MJ,8322,Product Assemblers,,Main job,1093,473,FALSE,COE_2025_Data_Item_List_DataLab.xlsx
OCC06MJ,8390,Miscellaneous Factory Process Workers nfd,,Main job,1095,474,FALSE,COE_2025_Data_Item_List_DataLab.xlsx
OCC06MJ,8391,Metal Engineering Process Workers,,Main job,1096,475,FALSE,COE_2025_Data_Item_List_DataLab.xlsx
OCC06MJ,8392,Plastics and Rubber Factory Workers,,Main job,1097,476,FALSE,COE_2025_Data_Item_List_DataLab.xlsx
OCC06MJ,8393,Product Quality Controllers,,Main job,1098,477,FALSE,COE_2025_Data_Item_List_DataLab.xlsx
OCC06MJ,8394,Timber and Wood Process Workers,,Main job,1099,478,FALSE,COE_2025_Data_Item_List_DataLab.xlsx
OCC06MJ,8399,Other Factory Process Workers,,Main job,1100,479,FALSE,COE_2025_Data_Item_List_DataLab.xlsx
OCC06MJ,8400,"Farm, Forestry and Garden Workers nfd",,Main job,1102,480,FALSE,COE_2025_Data_Item_List_DataLab.xlsx
OCC06MJ,8410,"Farm, Forestry and Garden Workers nfd",,Main job,1104,481,FALSE,COE_2025_Data_Item_List_DataLab.xlsx
OCC06MJ,8411,Aquaculture Workers,,Main job,1105,482,FALSE,COE_2025_Data_Item_List_DataLab.xlsx
OCC06MJ,8412,Crop Farm Workers,,Main job,1106,483,FALSE,COE_2025_Data_Item_List_DataLab.xlsx
OCC06MJ,8413,Forestry and Logging Workers,,Main job,1107,484,FALSE,COE_2025_Data_Item_List_DataLab.xlsx
OCC06MJ,8414,Garden and Nursery Labourers,,Main job,1108,485,FALSE,COE_2025_Data_Item_List_DataLab.xlsx
OCC06MJ,8415,Livestock Farm Workers,,Main job,1109,486,FALSE,COE_2025_Data_Item_List_DataLab.xlsx
OCC06MJ,8416,Mixed Crop and Livestock Farm Workers,,Main job,1110,487,FALSE,COE_2025_Data_Item_List_DataLab.xlsx
OCC06MJ,8419,"Other Farm, Forestry and Garden Workers",,Main job,1111,488,FALSE,COE_2025_Data_Item_List_DataLab.xlsx
OCC06MJ,8500,Food Preparation Assistants nfd,,Main job,1113,489,FALSE,COE_2025_Data_Item_List_DataLab.xlsx
OCC06MJ,8510,Food Preparation Assistants nfd,,Main job,1115,490,FALSE,COE_2025_Data_Item_List_DataLab.xlsx
OCC06MJ,8511,Fast Food Cooks,,Main job,1116,491,FALSE,COE_2025_Data_Item_List_DataLab.xlsx
OCC06MJ,8512,Food Trades Assistants,,Main job,1117,492,FALSE,COE_2025_Data_Item_List_DataLab.xlsx
OCC06MJ,8513,Kitchenhands,,Main job,1118,493,FALSE,COE_2025_Data_Item_List_DataLab.xlsx
OCC06MJ,8900,Other Labourers nfd,,Main job,1120,494,FALSE,COE_2025_Data_Item_List_DataLab.xlsx
OCC06MJ,8910,Freight Handlers and Shelf Fillers nfd,,Main job,1122,495,FALSE,COE_2025_Data_Item_List_DataLab.xlsx
OCC06MJ,8911,Freight and Furniture Handlers,,Main job,1123,496,FALSE,COE_2025_Data_Item_List_DataLab.xlsx
OCC06MJ,8912,Shelf Fillers,,Main job,1124,497,FALSE,COE_2025_Data_Item_List_DataLab.xlsx
OCC06MJ,8990,Miscellaneous Labourers nfd,,Main job,1126,498,FALSE,COE_2025_Data_Item_List_DataLab.xlsx
OCC06MJ,8991,Caretakers,,Main job,1127,499,FALSE,COE_2025_Data_Item_List_DataLab.xlsx
OCC06MJ,8992,Deck and Fishing Hands,,Main job,1128,500,FALSE,COE_2025_Data_Item_List_DataLab.xlsx
OCC06MJ,8993,Handypersons,,Main job,1129,501,FALSE,COE_2025_Data_Item_List_DataLab.xlsx
OCC06MJ,8994,Motor Vehicle Parts and Accessories Fitters,,Main job,1130,502,FALSE,COE_2025_Data_Item_List_DataLab.xlsx
OCC06MJ,8995,Printing Assistants and Table Workers,,Main job,1131,503,FALSE,COE_2025_Data_Item_List_DataLab.xlsx
OCC06MJ,8996,Recycling and Rubbish Collectors,,Main job,1132,504,FALSE,COE_2025_Data_Item_List_DataLab.xlsx
OCC06MJ,8997,Vending Machine Attendants,,Main job,1133,505,FALSE,COE_2025_Data_Item_List_DataLab.xlsx
OCC06MJ,8999,Other Miscellaneous Labourers,,Main job,1134,506,FALSE,COE_2025_Data_Item_List_DataLab.xlsx
OCC06MJ,0000,Not employed,,Main job,1135,507,FALSE,COE_2025_Data_Item_List_DataLab.xlsx
SECTORMJ,1,Public,,Main job,1138,1,FALSE,COE_2025_Data_Item_List_DataLab.xlsx
SECTORMJ,2,Private,,Main job,1139,2,FALSE,COE_2025_Data_Item_List_DataLab.xlsx
SECTORMJ,3,Inadequately described,,Main job,1140,3,FALSE,COE_2025_Data_Item_List_DataLab.xlsx
SECTORMJ,0,Not employed,,Main job,1141,4,FALSE,COE_2025_Data_Item_List_DataLab.xlsx
SKILLMJ,1,Skill level 1,,Main job,1144,1,FALSE,COE_2025_Data_Item_List_DataLab.xlsx
SKILLMJ,2,Skill level 2,,Main job,1145,2,FALSE,COE_2025_Data_Item_List_DataLab.xlsx
SKILLMJ,3,Skill level 3,,Main job,1146,3,FALSE,COE_2025_Data_Item_List_DataLab.xlsx
SKILLMJ,4,Skill level 4,,Main job,1147,4,FALSE,COE_2025_Data_Item_List_DataLab.xlsx
SKILLMJ,5,Skill level 5,,Main job,1148,5,FALSE,COE_2025_Data_Item_List_DataLab.xlsx
SKILLMJ,9,Inadequately described,,Main job,1149,6,FALSE,COE_2025_Data_Item_List_DataLab.xlsx
SKILLMJ,0,Not employed,,Main job,1150,7,FALSE,COE_2025_Data_Item_List_DataLab.xlsx
STEMPMJS,1,Employee,,Main job,1153,1,FALSE,COE_2025_Data_Item_List_DataLab.xlsx
STEMPMJS,2,Owner manager of incorporated enterprise,,Main job,1154,2,FALSE,COE_2025_Data_Item_List_DataLab.xlsx
STEMPMJS,3,Owner manager of unincorporated enterprise,,Main job,1155,3,FALSE,COE_2025_Data_Item_List_DataLab.xlsx
STEMPMJS,4,Contributing family worker,,Main job,1156,4,FALSE,COE_2025_Data_Item_List_DataLab.xlsx
STEMPMJS,0,Not employed,,Main job,1157,5,FALSE,COE_2025_Data_Item_List_DataLab.xlsx
STEMPMJ,11,Employee with paid leave entitlements,,Main job,1161,1,FALSE,COE_2025_Data_Item_List_DataLab.xlsx
STEMPMJ,12,Employee without paid leave entitlements,,Main job,1162,2,FALSE,COE_2025_Data_Item_List_DataLab.xlsx
STEMPMJ,21,Owner manager of incorporated enterprise with employees,,Main job,1164,3,FALSE,COE_2025_Data_Item_List_DataLab.xlsx
STEMPMJ,22,Owner manager of incorporated enterprise without employees,,Main job,1165,4,FALSE,COE_2025_Data_Item_List_DataLab.xlsx
STEMPMJ,31,Owner manager of unincorporated enterprise with employees,,Main job,1167,5,FALSE,COE_2025_Data_Item_List_DataLab.xlsx
STEMPMJ,32,Owner manager of unincorporated enterprise without employees,,Main job,1168,6,FALSE,COE_2025_Data_Item_List_DataLab.xlsx
STEMPMJ,40,Contributing family worker,,Main job,1169,7,FALSE,COE_2025_Data_Item_List_DataLab.xlsx
STEMPMJ,00,Not employed,,Main job,1170,8,FALSE,COE_2025_Data_Item_List_DataLab.xlsx
MUSLHRSA,1,Single hours,,Main job,1174,1,FALSE,COE_2025_Data_Item_List_DataLab.xlsx
MUSLHRSA,0,Not employed,,Main job,1175,2,FALSE,COE_2025_Data_Item_List_DataLab.xlsx
MUSLHRSB,001,1 hour,,Main job,1179,1,FALSE,COE_2025_Data_Item_List_DataLab.xlsx
MUSLHRSB,002,2 hours,,Main job,1180,2,FALSE,COE_2025_Data_Item_List_DataLab.xlsx
MUSLHRSB,003,3 hours,,Main job,1181,3,FALSE,COE_2025_Data_Item_List_DataLab.xlsx
MUSLHRSB,...,...,,Main job,1182,4,TRUE,COE_2025_Data_Item_List_DataLab.xlsx
MUSLHRSB,033,33 hours,,Main job,1183,5,FALSE,COE_2025_Data_Item_List_DataLab.xlsx
MUSLHRSB,034,34 hours,,Main job,1184,6,FALSE,COE_2025_Data_Item_List_DataLab.xlsx
MUSLHRSB,035,35 hours,,Main job,1186,7,FALSE,COE_2025_Data_Item_List_DataLab.xlsx
MUSLHRSB,036,36 hours,,Main job,1187,8,FALSE,COE_2025_Data_Item_List_DataLab.xlsx
MUSLHRSB,...,...,,Main job,1188,9,TRUE,COE_2025_Data_Item_List_DataLab.xlsx
MUSLHRSB,167,167 hours,,Main job,1189,10,FALSE,COE_2025_Data_Item_List_DataLab.xlsx
MUSLHRSB,168,168 hours,,Main job,1190,11,FALSE,COE_2025_Data_Item_List_DataLab.xlsx
MUSLHRSB,000,Did not usually work (0 hours) or Not employed,,Main job,1191,12,FALSE,COE_2025_Data_Item_List_DataLab.xlsx
FRQPAYSJ,01,Weekly,,Second job,11,1,FALSE,COE_2025_Data_Item_List_DataLab.xlsx
FRQPAYSJ,02,Fortnightly,,Second job,12,2,FALSE,COE_2025_Data_Item_List_DataLab.xlsx
FRQPAYSJ,04,Monthly,,Second job,13,3,FALSE,COE_2025_Data_Item_List_DataLab.xlsx
FRQPAYSJ,06,Other,,Second job,14,4,FALSE,COE_2025_Data_Item_List_DataLab.xlsx
FRQPAYSJ,-2,Payment in kind,,Second job,15,5,FALSE,COE_2025_Data_Item_List_DataLab.xlsx
FRQPAYSJ,-3,Did not draw a wage or salary (OMIE),,Second job,16,6,FALSE,COE_2025_Data_Item_List_DataLab.xlsx
FRQPAYSJ,00,No second job or was not an employee or OMIE,,Second job,17,7,FALSE,COE_2025_Data_Item_List_DataLab.xlsx
FRQPAYSJ,91,Four weekly (2014-2023),,Second job,18,8,FALSE,COE_2025_Data_Item_List_DataLab.xlsx
FRQPAYSJ,92,Quarterly (2014-2023),,Second job,19,9,FALSE,COE_2025_Data_Item_List_DataLab.xlsx
FRQPAYSJ,-9,Not collected (2025-),,Second job,20,10,FALSE,COE_2025_Data_Item_List_DataLab.xlsx
HRPAYSJA,1,Single hours,,Second job,24,1,FALSE,COE_2025_Data_Item_List_DataLab.xlsx
HRPAYSJA,-1,On workers compensation,,Second job,25,2,FALSE,COE_2025_Data_Item_List_DataLab.xlsx
HRPAYSJA,-2,Payment in kind,,Second job,26,3,FALSE,COE_2025_Data_Item_List_DataLab.xlsx
HRPAYSJA,-3,Did not draw a wage or salary (OMIE),,Second job,27,4,FALSE,COE_2025_Data_Item_List_DataLab.xlsx
HRPAYSJA,-9,No second job or was not an employee or OMIE,,Second job,28,5,FALSE,COE_2025_Data_Item_List_DataLab.xlsx
HRPAYSJA,-10,Not collected (2025-),,Second job,29,6,FALSE,COE_2025_Data_Item_List_DataLab.xlsx
HRPAYSJB,001,1 hour,,Second job,32,1,FALSE,COE_2025_Data_Item_List_DataLab.xlsx
HRPAYSJB,002,2 hours,,Second job,33,2,FALSE,COE_2025_Data_Item_List_DataLab.xlsx
HRPAYSJB,003,3 hours,,Second job,34,3,FALSE,COE_2025_Data_Item_List_DataLab.xlsx
HRPAYSJB,...,...,,Second job,35,4,TRUE,COE_2025_Data_Item_List_DataLab.xlsx
HRPAYSJB,167,167 hours,,Second job,36,5,FALSE,COE_2025_Data_Item_List_DataLab.xlsx
HRPAYSJB,168,168 hours,,Second job,37,6,FALSE,COE_2025_Data_Item_List_DataLab.xlsx
HRPAYSJB,000,No hours paid for,,Second job,38,7,FALSE,COE_2025_Data_Item_List_DataLab.xlsx
HOURLYSJ,01,Under $10,,Second job,41,1,FALSE,COE_2025_Data_Item_List_DataLab.xlsx
HOURLYSJ,02,$10 to less than $15,,Second job,42,2,FALSE,COE_2025_Data_Item_List_DataLab.xlsx
HOURLYSJ,03,$15 to less than $20,,Second job,43,3,FALSE,COE_2025_Data_Item_List_DataLab.xlsx
HOURLYSJ,04,$20 to less than $25,,Second job,44,4,FALSE,COE_2025_Data_Item_List_DataLab.xlsx
HOURLYSJ,05,$25 to less than $30,,Second job,45,5,FALSE,COE_2025_Data_Item_List_DataLab.xlsx
HOURLYSJ,06,$30 to less than $35,,Second job,46,6,FALSE,COE_2025_Data_Item_List_DataLab.xlsx
HOURLYSJ,07,$35 to less than $40,,Second job,47,7,FALSE,COE_2025_Data_Item_List_DataLab.xlsx
HOURLYSJ,08,$40 to less than $45,,Second job,48,8,FALSE,COE_2025_Data_Item_List_DataLab.xlsx
HOURLYSJ,09,$45 to less than $50,,Second job,49,9,FALSE,COE_2025_Data_Item_List_DataLab.xlsx
HOURLYSJ,10,$50 to less than $55,,Second job,50,10,FALSE,COE_2025_Data_Item_List_DataLab.xlsx
HOURLYSJ,11,$55 to less than $60,,Second job,51,11,FALSE,COE_2025_Data_Item_List_DataLab.xlsx
HOURLYSJ,12,$60 to less than $65,,Second job,52,12,FALSE,COE_2025_Data_Item_List_DataLab.xlsx
HOURLYSJ,13,$65 to less than $70,,Second job,53,13,FALSE,COE_2025_Data_Item_List_DataLab.xlsx
HOURLYSJ,14,$70 to less than $75,,Second job,54,14,FALSE,COE_2025_Data_Item_List_DataLab.xlsx
HOURLYSJ,15,$75 to less than $80,,Second job,55,15,FALSE,COE_2025_Data_Item_List_DataLab.xlsx
HOURLYSJ,16,$80 and over,,Second job,56,16,FALSE,COE_2025_Data_Item_List_DataLab.xlsx
HOURLYSJ,-1,On workers compensation,,Second job,57,17,FALSE,COE_2025_Data_Item_List_DataLab.xlsx
HOURLYSJ,-2,Payment in kind,,Second job,58,18,FALSE,COE_2025_Data_Item_List_DataLab.xlsx
HOURLYSJ,-3,Did not draw a wage or salary (OMIE),,Second job,59,19,FALSE,COE_2025_Data_Item_List_DataLab.xlsx
HOURLYSJ,00,No second job or was not an employee or OMIE,,Second job,60,20,FALSE,COE_2025_Data_Item_List_DataLab.xlsx
HOURLYSJ,-9,Not collected (2025-),,Second job,61,21,FALSE,COE_2025_Data_Item_List_DataLab.xlsx
NUMJOBSS,11,One job last week,,Second job,65,1,FALSE,COE_2025_Data_Item_List_DataLab.xlsx
NUMJOBSS,12,Changed jobs last week,,Second job,66,2,FALSE,COE_2025_Data_Item_List_DataLab.xlsx
NUMJOBSS,20,Two jobs last week,,Second job,68,3,FALSE,COE_2025_Data_Item_List_DataLab.xlsx
NUMJOBSS,30,Three jobs last week,,Second job,69,4,FALSE,COE_2025_Data_Item_List_DataLab.xlsx
NUMJOBSS,40,Four or more jobs last week,,Second job,70,5,FALSE,COE_2025_Data_Item_List_DataLab.xlsx
NUMJOBSS,51,Had a job to start or return to,,Second job,71,6,FALSE,COE_2025_Data_Item_List_DataLab.xlsx
NUMJOBSS,00,Did not have a job last week,,Second job,72,7,FALSE,COE_2025_Data_Item_List_DataLab.xlsx
NUMJOBCC,1,One job,,Second job,75,1,FALSE,COE_2025_Data_Item_List_DataLab.xlsx
NUMJOBCC,2,Two jobs,,Second job,76,2,FALSE,COE_2025_Data_Item_List_DataLab.xlsx
NUMJOBCC,3,Three jobs,,Second job,77,3,FALSE,COE_2025_Data_Item_List_DataLab.xlsx
NUMJOBCC,4,Four or more jobs,,Second job,78,4,FALSE,COE_2025_Data_Item_List_DataLab.xlsx
NUMJOBCC,0,Not employed,,Second job,79,5,FALSE,COE_2025_Data_Item_List_DataLab.xlsx
STEMPSJS,1,Employee,,Second job,82,1,FALSE,COE_2025_Data_Item_List_DataLab.xlsx
STEMPSJS,2,Owner manager of incorporated enterprise,,Second job,83,2,FALSE,COE_2025_Data_Item_List_DataLab.xlsx
STEMPSJS,3,Owner manager of unincorporated enterprise,,Second job,84,3,FALSE,COE_2025_Data_Item_List_DataLab.xlsx
STEMPSJS,4,Contributing family worker,,Second job,85,4,FALSE,COE_2025_Data_Item_List_DataLab.xlsx
STEMPSJS,5,"Unpaid volunteer, trainee, or work placement",,Second job,86,5,FALSE,COE_2025_Data_Item_List_DataLab.xlsx
STEMPSJS,0,No second job or Not employed,,Second job,87,6,FALSE,COE_2025_Data_Item_List_DataLab.xlsx
STEMPSJS,-9,Not collected (2025-),,Second job,88,7,FALSE,COE_2025_Data_Item_List_DataLab.xlsx
STEMPSJ,10,Employee,,Second job,91,1,FALSE,COE_2025_Data_Item_List_DataLab.xlsx
STEMPSJ,20,Owner manager of incorporated enterprise (2024- ),,Second job,93,2,FALSE,COE_2025_Data_Item_List_DataLab.xlsx
STEMPSJ,21,Owner manager of incorporated enterprise with employees (2014-2023),,Second job,94,3,FALSE,COE_2025_Data_Item_List_DataLab.xlsx
STEMPSJ,22,Owner manager of incorporated enterprise without employees (2014-2023),,Second job,95,4,FALSE,COE_2025_Data_Item_List_DataLab.xlsx
STEMPSJ,30,Owner manager of unincorporated enterprise (2024- ),,Second job,97,5,FALSE,COE_2025_Data_Item_List_DataLab.xlsx
STEMPSJ,31,Owner manager of unincorporated enterprise with employees (2014-2023),,Second job,98,6,FALSE,COE_2025_Data_Item_List_DataLab.xlsx
STEMPSJ,32,Owner manager of unincorporated enterprise without employees (2014-2023),,Second job,99,7,FALSE,COE_2025_Data_Item_List_DataLab.xlsx
STEMPSJ,40,Contributing family worker,,Second job,100,8,FALSE,COE_2025_Data_Item_List_DataLab.xlsx
STEMPSJ,50,"Unpaid volunteer, trainee, or work placement",,Second job,101,9,FALSE,COE_2025_Data_Item_List_DataLab.xlsx
STEMPSJ,00,No second job or Not employed,,Second job,102,10,FALSE,COE_2025_Data_Item_List_DataLab.xlsx
STEMPSJ,-9,Not collected (2025-),,Second job,103,11,FALSE,COE_2025_Data_Item_List_DataLab.xlsx
WKPYSJBR,01,Under $100,,Second job,106,1,FALSE,COE_2025_Data_Item_List_DataLab.xlsx
WKPYSJBR,02,$100 to less than $200,,Second job,107,2,FALSE,COE_2025_Data_Item_List_DataLab.xlsx
WKPYSJBR,03,$200 and over,,Second job,108,3,FALSE,COE_2025_Data_Item_List_DataLab.xlsx
WKPYSJBR,-2,Payment in kind,,Second job,109,4,FALSE,COE_2025_Data_Item_List_DataLab.xlsx
WKPYSJBR,-3,Did not draw a wage or salary (OMIE),,Second job,110,5,FALSE,COE_2025_Data_Item_List_DataLab.xlsx
WKPYSJBR,00,No second job or was not an employee or OMIE,,Second job,111,6,FALSE,COE_2025_Data_Item_List_DataLab.xlsx
WKPYSJBR,-9,Not collected (2025-),,Second job,112,7,FALSE,COE_2025_Data_Item_List_DataLab.xlsx
WKPYSJNR,01,Under $20,,Second job,115,1,FALSE,COE_2025_Data_Item_List_DataLab.xlsx
WKPYSJNR,02,$20 to less than $40,,Second job,116,2,FALSE,COE_2025_Data_Item_List_DataLab.xlsx
WKPYSJNR,03,$40 to less than $60,,Second job,117,3,FALSE,COE_2025_Data_Item_List_DataLab.xlsx
WKPYSJNR,04,$60 to less than $80,,Second job,118,4,FALSE,COE_2025_Data_Item_List_DataLab.xlsx
WKPYSJNR,05,$80 to less than $100,,Second job,119,5,FALSE,COE_2025_Data_Item_List_DataLab.xlsx
WKPYSJNR,06,$100 to less than $120,,Second job,120,6,FALSE,COE_2025_Data_Item_List_DataLab.xlsx
WKPYSJNR,07,$120 to less than $140,,Second job,121,7,FALSE,COE_2025_Data_Item_List_DataLab.xlsx
WKPYSJNR,08,$140 to less than $160,,Second job,122,8,FALSE,COE_2025_Data_Item_List_DataLab.xlsx
WKPYSJNR,09,$160 to less than $180,,Second job,123,9,FALSE,COE_2025_Data_Item_List_DataLab.xlsx
WKPYSJNR,10,$180 to less than $200,,Second job,124,10,FALSE,COE_2025_Data_Item_List_DataLab.xlsx
WKPYSJNR,11,$200 and over,,Second job,125,11,FALSE,COE_2025_Data_Item_List_DataLab.xlsx
WKPYSJNR,-2,Payment in kind,,Second job,126,12,FALSE,COE_2025_Data_Item_List_DataLab.xlsx
WKPYSJNR,-3,Did not draw a wage or salary (OMIE),,Second job,127,13,FALSE,COE_2025_Data_Item_List_DataLab.xlsx
WKPYSJNR,00,No second job or was not an employee or OMIE,,Second job,128,14,FALSE,COE_2025_Data_Item_List_DataLab.xlsx
WKPYSJNR,-9,Not collected (2025-),,Second job,129,15,FALSE,COE_2025_Data_Item_List_DataLab.xlsx
FRQPAYMJ,01,Weekly,,Earnings,11,1,FALSE,COE_2025_Data_Item_List_DataLab.xlsx
FRQPAYMJ,02,Fortnightly,,Earnings,12,2,FALSE,COE_2025_Data_Item_List_DataLab.xlsx
FRQPAYMJ,04,Monthly,,Earnings,13,3,FALSE,COE_2025_Data_Item_List_DataLab.xlsx
FRQPAYMJ,06,Other,,Earnings,14,4,FALSE,COE_2025_Data_Item_List_DataLab.xlsx
FRQPAYMJ,-2,Payment in kind,,Earnings,15,5,FALSE,COE_2025_Data_Item_List_DataLab.xlsx
FRQPAYMJ,-3,Did not draw a wage or salary (OMIE),,Earnings,16,6,FALSE,COE_2025_Data_Item_List_DataLab.xlsx
FRQPAYMJ,00,Not an employee or OMIE,,Earnings,17,7,FALSE,COE_2025_Data_Item_List_DataLab.xlsx
FRQPAYMJ,91,Four weekly (2014-2023),,Earnings,18,8,FALSE,COE_2025_Data_Item_List_DataLab.xlsx
FRQPAYMJ,92,Quarterly (2014-2023),,Earnings,19,9,FALSE,COE_2025_Data_Item_List_DataLab.xlsx
HOURLYMJ,01,Under $10,,Earnings,22,1,FALSE,COE_2025_Data_Item_List_DataLab.xlsx
HOURLYMJ,02,$10 to less than $15,,Earnings,23,2,FALSE,COE_2025_Data_Item_List_DataLab.xlsx
HOURLYMJ,03,$15 to less than $20,,Earnings,24,3,FALSE,COE_2025_Data_Item_List_DataLab.xlsx
HOURLYMJ,04,$20 to less than $25,,Earnings,25,4,FALSE,COE_2025_Data_Item_List_DataLab.xlsx
HOURLYMJ,05,$25 to less than $30,,Earnings,26,5,FALSE,COE_2025_Data_Item_List_DataLab.xlsx
HOURLYMJ,06,$30 to less than $35,,Earnings,27,6,FALSE,COE_2025_Data_Item_List_DataLab.xlsx
HOURLYMJ,07,$35 to less than $40,,Earnings,28,7,FALSE,COE_2025_Data_Item_List_DataLab.xlsx
HOURLYMJ,08,$40 to less than $45,,Earnings,29,8,FALSE,COE_2025_Data_Item_List_DataLab.xlsx
HOURLYMJ,09,$45 to less than $50,,Earnings,30,9,FALSE,COE_2025_Data_Item_List_DataLab.xlsx
HOURLYMJ,10,$50 to less than $55,,Earnings,31,10,FALSE,COE_2025_Data_Item_List_DataLab.xlsx
HOURLYMJ,11,$55 to less than $60,,Earnings,32,11,FALSE,COE_2025_Data_Item_List_DataLab.xlsx
HOURLYMJ,12,$60 to less than $65,,Earnings,33,12,FALSE,COE_2025_Data_Item_List_DataLab.xlsx
HOURLYMJ,13,$65 to less than $70,,Earnings,34,13,FALSE,COE_2025_Data_Item_List_DataLab.xlsx
HOURLYMJ,14,$70 to less than $75,,Earnings,35,14,FALSE,COE_2025_Data_Item_List_DataLab.xlsx
HOURLYMJ,15,$75 to less than $80,,Earnings,36,15,FALSE,COE_2025_Data_Item_List_DataLab.xlsx
HOURLYMJ,16,$80 and over,,Earnings,37,16,FALSE,COE_2025_Data_Item_List_DataLab.xlsx
HOURLYMJ,-1,On workers compensation,,Earnings,38,17,FALSE,COE_2025_Data_Item_List_DataLab.xlsx
HOURLYMJ,-2,Payment in kind,,Earnings,39,18,FALSE,COE_2025_Data_Item_List_DataLab.xlsx
HOURLYMJ,-3,Did not draw a wage or salary (OMIE),,Earnings,40,19,FALSE,COE_2025_Data_Item_List_DataLab.xlsx
HOURLYMJ,00,Not an employee or OMIE,,Earnings,41,20,FALSE,COE_2025_Data_Item_List_DataLab.xlsx
HRPAYMJA,1,Single hours,,Earnings,45,1,FALSE,COE_2025_Data_Item_List_DataLab.xlsx
HRPAYMJA,-1,On workers compensation,,Earnings,46,2,FALSE,COE_2025_Data_Item_List_DataLab.xlsx
HRPAYMJA,-2,Payment in kind,,Earnings,47,3,FALSE,COE_2025_Data_Item_List_DataLab.xlsx
HRPAYMJA,-3,Did not draw a wage or salary (OMIE),,Earnings,48,4,FALSE,COE_2025_Data_Item_List_DataLab.xlsx
HRPAYMJA,-9,Not an employee or OMIE,,Earnings,49,5,FALSE,COE_2025_Data_Item_List_DataLab.xlsx
HRPAYMJB,001,1 hour,,Earnings,52,1,FALSE,COE_2025_Data_Item_List_DataLab.xlsx
HRPAYMJB,002,2 hours,,Earnings,53,2,FALSE,COE_2025_Data_Item_List_DataLab.xlsx
HRPAYMJB,003,3 hours,,Earnings,54,3,FALSE,COE_2025_Data_Item_List_DataLab.xlsx
HRPAYMJB,...,...,,Earnings,55,4,TRUE,COE_2025_Data_Item_List_DataLab.xlsx
HRPAYMJB,167,167 hours,,Earnings,56,5,FALSE,COE_2025_Data_Item_List_DataLab.xlsx
HRPAYMJB,168,168 hours,,Earnings,57,6,FALSE,COE_2025_Data_Item_List_DataLab.xlsx
HRPAYMJB,000,No hours paid for,,Earnings,58,7,FALSE,COE_2025_Data_Item_List_DataLab.xlsx
WKPYMJBR,01,Under $200,,Earnings,61,1,FALSE,COE_2025_Data_Item_List_DataLab.xlsx
WKPYMJBR,02,$200 to less than $400,,Earnings,62,2,FALSE,COE_2025_Data_Item_List_DataLab.xlsx
WKPYMJBR,03,$400 to less than $600,,Earnings,63,3,FALSE,COE_2025_Data_Item_List_DataLab.xlsx
WKPYMJBR,04,$600 to less than $800,,Earnings,64,4,FALSE,COE_2025_Data_Item_List_DataLab.xlsx
WKPYMJBR,05,"$800 to less than $1,000",,Earnings,65,5,FALSE,COE_2025_Data_Item_List_DataLab.xlsx
WKPYMJBR,06,"$1,000 to less than $1,200",,Earnings,66,6,FALSE,COE_2025_Data_Item_List_DataLab.xlsx
WKPYMJBR,07,"$1,200 to less than $1,400",,Earnings,67,7,FALSE,COE_2025_Data_Item_List_DataLab.xlsx
WKPYMJBR,08,"$1,400 to less than $1,600",,Earnings,68,8,FALSE,COE_2025_Data_Item_List_DataLab.xlsx
WKPYMJBR,09,"$1,600 to less than $1,800",,Earnings,69,9,FALSE,COE_2025_Data_Item_List_DataLab.xlsx
WKPYMJBR,10,"$1,800 to less than $2,000",,Earnings,70,10,FALSE,COE_2025_Data_Item_List_DataLab.xlsx
WKPYMJBR,11,"$2,000 to less than $2,500",,Earnings,71,11,FALSE,COE_2025_Data_Item_List_DataLab.xlsx
WKPYMJBR,12,"$2,500 to less than $3,000",,Earnings,72,12,FALSE,COE_2025_Data_Item_List_DataLab.xlsx
WKPYMJBR,13,"$3,000 and over",,Earnings,73,13,FALSE,COE_2025_Data_Item_List_DataLab.xlsx
WKPYMJBR,-2,Payment in kind,,Earnings,74,14,FALSE,COE_2025_Data_Item_List_DataLab.xlsx
WKPYMJBR,-3,Did not draw a wage or salary (OMIE),,Earnings,75,15,FALSE,COE_2025_Data_Item_List_DataLab.xlsx
WKPYMJBR,00,Not an employee or OMIE,,Earnings,76,16,FALSE,COE_2025_Data_Item_List_DataLab.xlsx
WKPYMJNR,01,Under $40,,Earnings,79,1,FALSE,COE_2025_Data_Item_List_DataLab.xlsx
WKPYMJNR,02,$40 to less than $80,,Earnings,80,2,FALSE,COE_2025_Data_Item_List_DataLab.xlsx
WKPYMJNR,03,$80 to less than $120,,Earnings,81,3,FALSE,COE_2025_Data_Item_List_DataLab.xlsx
WKPYMJNR,...,...,,Earnings,82,4,TRUE,COE_2025_Data_Item_List_DataLab.xlsx
WKPYMJNR,49,$1920 to less than $1960,,Earnings,83,5,FALSE,COE_2025_Data_Item_List_DataLab.xlsx
WKPYMJNR,50,$1960 to less than $2000,,Earnings,84,6,FALSE,COE_2025_Data_Item_List_DataLab.xlsx
WKPYMJNR,51,$2000 to less than $2050,,Earnings,85,7,FALSE,COE_2025_Data_Item_List_DataLab.xlsx
WKPYMJNR,52,$2050 to less than $2100,,Earnings,86,8,FALSE,COE_2025_Data_Item_List_DataLab.xlsx
WKPYMJNR,53,$2100 to less than $2150,,Earnings,87,9,FALSE,COE_2025_Data_Item_List_DataLab.xlsx
WKPYMJNR,68,$2850 to less than $2900,,Earnings,89,10,FALSE,COE_2025_Data_Item_List_DataLab.xlsx
WKPYMJNR,69,$2900 to less than $2950,,Earnings,90,11,FALSE,COE_2025_Data_Item_List_DataLab.xlsx
WKPYMJNR,70,$2950 to less than $3000,,Earnings,91,12,FALSE,COE_2025_Data_Item_List_DataLab.xlsx
WKPYMJNR,71,"$3,000 and over",,Earnings,92,13,FALSE,COE_2025_Data_Item_List_DataLab.xlsx
WKPYMJNR,-2,Payment in kind,,Earnings,93,14,FALSE,COE_2025_Data_Item_List_DataLab.xlsx
WKPYMJNR,-3,Did not draw a wage or salary (OMIE),,Earnings,94,15,FALSE,COE_2025_Data_Item_List_DataLab.xlsx
WKPYMJNR,00,Not an employee or OMIE,,Earnings,95,16,FALSE,COE_2025_Data_Item_List_DataLab.xlsx
EXPECTS,10,Expects to remain in current job for next 12 months,,Casual,11,1,FALSE,COE_2025_Data_Item_List_DataLab.xlsx
EXPECTS,08,Employer or own business closing down or downsizing,,Casual,14,2,FALSE,COE_2025_Data_Item_List_DataLab.xlsx
EXPECTS,04,Seasonal job,,Casual,16,3,FALSE,COE_2025_Data_Item_List_DataLab.xlsx
EXPECTS,05,Temporary job,,Casual,17,4,FALSE,COE_2025_Data_Item_List_DataLab.xlsx
EXPECTS,06,Fixed-term contract,,Casual,18,5,FALSE,COE_2025_Data_Item_List_DataLab.xlsx
EXPECTS,07,Casual work,,Casual,20,6,FALSE,COE_2025_Data_Item_List_DataLab.xlsx
EXPECTS,01,Changing jobs or seeking other employment,,Casual,22,7,FALSE,COE_2025_Data_Item_List_DataLab.xlsx
EXPECTS,02,"Returning to study, travelling or family reasons",,Casual,23,8,FALSE,COE_2025_Data_Item_List_DataLab.xlsx
EXPECTS,03,Retiring,,Casual,24,9,FALSE,COE_2025_Data_Item_List_DataLab.xlsx
EXPECTS,09,Expects job to end for other reasons,,Casual,25,10,FALSE,COE_2025_Data_Item_List_DataLab.xlsx
EXPECTS,00,Not employed,,Casual,26,11,FALSE,COE_2025_Data_Item_List_DataLab.xlsx
COEQ165,1,Considered job to be casual,Biennial (2014-2022),Casual,29,1,FALSE,COE_2025_Data_Item_List_DataLab.xlsx
COEQ165,5,Did not consider job to be casual,,Casual,30,2,FALSE,COE_2025_Data_Item_List_DataLab.xlsx
COEQ165,0,Not an employee,,Casual,31,3,FALSE,COE_2025_Data_Item_List_DataLab.xlsx
COEQ165,-9,Not collected (2015-2023),,Casual,32,4,FALSE,COE_2025_Data_Item_List_DataLab.xlsx
CASWORK,1,Permanent - employee with paid leave entitlements,,Casual,35,1,FALSE,COE_2025_Data_Item_List_DataLab.xlsx
CASWORK,2,Casual - employee without paid leave entitlements,,Casual,36,2,FALSE,COE_2025_Data_Item_List_DataLab.xlsx
CASWORK,0,Not an employee,,Casual,37,3,FALSE,COE_2025_Data_Item_List_DataLab.xlsx
INCVARY,1,Income varied,Biennial (2014-2022),Casual,40,1,FALSE,COE_2025_Data_Item_List_DataLab.xlsx
INCVARY,5,Income did not vary,,Casual,41,2,FALSE,COE_2025_Data_Item_List_DataLab.xlsx
INCVARY,0,Not employed (or not in scope),,Casual,42,3,FALSE,COE_2025_Data_Item_List_DataLab.xlsx
INCVARY,-1,Payment in kind,,Casual,43,4,FALSE,COE_2025_Data_Item_List_DataLab.xlsx
INCVARY,-9,Not collected (2014-2023),,Casual,44,5,FALSE,COE_2025_Data_Item_List_DataLab.xlsx
GURMINHR,1,Guaranteed minimum hours,Biennial (2014-2022),Casual,47,1,FALSE,COE_2025_Data_Item_List_DataLab.xlsx
GURMINHR,5,Not guaranteed minimum hours,,Casual,48,2,FALSE,COE_2025_Data_Item_List_DataLab.xlsx
GURMINHR,0,Not an employee,,Casual,49,3,FALSE,COE_2025_Data_Item_List_DataLab.xlsx
GURMINHR,-1,Payment in kind,,Casual,50,4,FALSE,COE_2025_Data_Item_List_DataLab.xlsx
GURMINHR,-9,Not collected (2014-2023),,Casual,51,5,FALSE,COE_2025_Data_Item_List_DataLab.xlsx
COEQ198,1,Usually worked the same hours each week,Biennial (2014-2022),Casual,54,1,FALSE,COE_2025_Data_Item_List_DataLab.xlsx
COEQ198,5,Did not usually work the same hours each week,,Casual,55,2,FALSE,COE_2025_Data_Item_List_DataLab.xlsx
COEQ198,0,Not employed (or not in scope),,Casual,56,3,FALSE,COE_2025_Data_Item_List_DataLab.xlsx
COEQ198,-9,Not collected (2014-2023),,Casual,57,4,FALSE,COE_2025_Data_Item_List_DataLab.xlsx
SCHDKNWN,1,Less than 1 day,,Casual,60,1,FALSE,COE_2025_Data_Item_List_DataLab.xlsx
SCHDKNWN,2,1 day to less than 1 week,,Casual,61,2,FALSE,COE_2025_Data_Item_List_DataLab.xlsx
SCHDKNWN,3,1 week to less than 2 weeks,,Casual,62,3,FALSE,COE_2025_Data_Item_List_DataLab.xlsx
SCHDKNWN,4,2 weeks or more,,Casual,63,4,FALSE,COE_2025_Data_Item_List_DataLab.xlsx
SCHDKNWN,9,Usually worked the same hours each week,,Casual,64,5,FALSE,COE_2025_Data_Item_List_DataLab.xlsx
SCHDKNWN,0,Not an employee,,Casual,65,6,FALSE,COE_2025_Data_Item_List_DataLab.xlsx
SCHDKNWN,-1,Payment in kind,,Casual,66,7,FALSE,COE_2025_Data_Item_List_DataLab.xlsx
SCHDKNWN,-9,Not collected (2014-2023),,Casual,67,8,FALSE,COE_2025_Data_Item_List_DataLab.xlsx
PAIDHOLS,1,Entitled to paid holiday leave,,Leave,11,1,FALSE,COE_2025_Data_Item_List_DataLab.xlsx
PAIDHOLS,2,Not entitled to paid holiday leave,,Leave,12,2,FALSE,COE_2025_Data_Item_List_DataLab.xlsx
PAIDHOLS,3,Did not know,,Leave,13,3,FALSE,COE_2025_Data_Item_List_DataLab.xlsx
PAIDHOLS,0,Not an employee,,Leave,14,4,FALSE,COE_2025_Data_Item_List_DataLab.xlsx
PAIDPARN,1,Entitled to paid parental leave,Biennial (2015-2023),Leave,17,1,FALSE,COE_2025_Data_Item_List_DataLab.xlsx
PAIDPARN,2,Not entitled to paid parental leave,,Leave,18,2,FALSE,COE_2025_Data_Item_List_DataLab.xlsx
PAIDPARN,3,Did not know,,Leave,19,3,FALSE,COE_2025_Data_Item_List_DataLab.xlsx
PAIDPARN,0,Not an employee,,Leave,20,4,FALSE,COE_2025_Data_Item_List_DataLab.xlsx
PAIDPARN,-9,Not collected (2014-2023),,Leave,21,5,FALSE,COE_2025_Data_Item_List_DataLab.xlsx
PAIDSICS,1,Entitled to paid sick leave,,Leave,24,1,FALSE,COE_2025_Data_Item_List_DataLab.xlsx
PAIDSICS,2,Not entitled to paid sick leave,,Leave,25,2,FALSE,COE_2025_Data_Item_List_DataLab.xlsx
PAIDSICS,3,Did not know,,Leave,26,3,FALSE,COE_2025_Data_Item_List_DataLab.xlsx
PAIDSICS,0,Not an employee,,Leave,27,4,FALSE,COE_2025_Data_Item_List_DataLab.xlsx
LEAVEENT,1,With paid leave entitlements,,Leave,30,1,FALSE,COE_2025_Data_Item_List_DataLab.xlsx
LEAVEENT,2,Without paid leave entitlements,,Leave,31,2,FALSE,COE_2025_Data_Item_List_DataLab.xlsx
LEAVEENT,0,Not an employee,,Leave,32,3,FALSE,COE_2025_Data_Item_List_DataLab.xlsx
FXTRMNYA,1,Years (0.00 years),,Fixed-term,12,1,FALSE,COE_2025_Data_Item_List_DataLab.xlsx
FXTRMNYA,0,Not on a fixed-term contract (ongoing),,Fixed-term,13,2,FALSE,COE_2025_Data_Item_List_DataLab.xlsx
FXTRMNYA,-1,Not an employee,,Fixed-term,14,3,FALSE,COE_2025_Data_Item_List_DataLab.xlsx
FXTRMNYA,-9,Not collected (2024-),,Fixed-term,15,4,FALSE,COE_2025_Data_Item_List_DataLab.xlsx
FXTRMNYB,0.01,1 week,,Fixed-term,18,1,FALSE,COE_2025_Data_Item_List_DataLab.xlsx
FXTRMNYB,0.03,2 weeks,,Fixed-term,19,2,FALSE,COE_2025_Data_Item_List_DataLab.xlsx
FXTRMNYB,0.05,3 weeks,,Fixed-term,20,3,FALSE,COE_2025_Data_Item_List_DataLab.xlsx
FXTRMNYB,...,...,,Fixed-term,21,4,TRUE,COE_2025_Data_Item_List_DataLab.xlsx
FXTRMNYB,0.94,49 weeks,,Fixed-term,22,5,FALSE,COE_2025_Data_Item_List_DataLab.xlsx
FXTRMNYB,0.96,50 weeks,,Fixed-term,23,6,FALSE,COE_2025_Data_Item_List_DataLab.xlsx
FXTRMNYB,0.98,51 weeks,,Fixed-term,24,7,FALSE,COE_2025_Data_Item_List_DataLab.xlsx
FXTRMNYB,001,1 year,,Fixed-term,25,8,FALSE,COE_2025_Data_Item_List_DataLab.xlsx
FXTRMNYB,002,2 years,,Fixed-term,26,9,FALSE,COE_2025_Data_Item_List_DataLab.xlsx
FXTRMNYB,003,3 years,,Fixed-term,27,10,FALSE,COE_2025_Data_Item_List_DataLab.xlsx
FXTRMNYB,...,...,,Fixed-term,28,11,TRUE,COE_2025_Data_Item_List_DataLab.xlsx
FXTRMNYB,110,59 years,,Fixed-term,29,12,FALSE,COE_2025_Data_Item_List_DataLab.xlsx
FXTRMNYB,111,60 years,,Fixed-term,30,13,FALSE,COE_2025_Data_Item_List_DataLab.xlsx
FXTRMNYB,000,Not on a fixed-term contract or Not collected,,Fixed-term,31,14,FALSE,COE_2025_Data_Item_List_DataLab.xlsx
FXTRMNWA,1,Weeks,,Fixed-term,35,1,FALSE,COE_2025_Data_Item_List_DataLab.xlsx
FXTRMNWA,0,Not on a fixed-term contract (ongoing),,Fixed-term,36,2,FALSE,COE_2025_Data_Item_List_DataLab.xlsx
FXTRMNWA,-1,Not an employee,,Fixed-term,37,3,FALSE,COE_2025_Data_Item_List_DataLab.xlsx
FXTRMNWA,-9,Not collected (2024-),,Fixed-term,38,4,FALSE,COE_2025_Data_Item_List_DataLab.xlsx
FXTRMNWB,0001,1 week,,Fixed-term,41,1,FALSE,COE_2025_Data_Item_List_DataLab.xlsx
FXTRMNWB,0002,2 weeks,,Fixed-term,42,2,FALSE,COE_2025_Data_Item_List_DataLab.xlsx
FXTRMNWB,0003,3 weeks,,Fixed-term,43,3,FALSE,COE_2025_Data_Item_List_DataLab.xlsx
FXTRMNWB,...,...,,Fixed-term,44,4,TRUE,COE_2025_Data_Item_List_DataLab.xlsx
FXTRMNWB,0049,49 weeks,,Fixed-term,45,5,FALSE,COE_2025_Data_Item_List_DataLab.xlsx
FXTRMNWB,0050,50 weeks,,Fixed-term,46,6,FALSE,COE_2025_Data_Item_List_DataLab.xlsx
FXTRMNWB,0051,51 weeks,,Fixed-term,47,7,FALSE,COE_2025_Data_Item_List_DataLab.xlsx
FXTRMNWB,0052,1 year,,Fixed-term,48,8,FALSE,COE_2025_Data_Item_List_DataLab.xlsx
FXTRMNWB,0104,2 years,,Fixed-term,49,9,FALSE,COE_2025_Data_Item_List_DataLab.xlsx
FXTRMNWB,0156,3 years,,Fixed-term,50,10,FALSE,COE_2025_Data_Item_List_DataLab.xlsx
FXTRMNWB,...,...,,Fixed-term,51,11,TRUE,COE_2025_Data_Item_List_DataLab.xlsx
FXTRMNWB,3068,59 years,,Fixed-term,52,12,FALSE,COE_2025_Data_Item_List_DataLab.xlsx
FXTRMNWB,3120,60 years,,Fixed-term,53,13,FALSE,COE_2025_Data_Item_List_DataLab.xlsx
FXTRMNWB,0000,Not on a fixed-term contract or Not collected,,Fixed-term,54,14,FALSE,COE_2025_Data_Item_List_DataLab.xlsx
TMCOMPYA,1,Years (0.00 years),,Fixed-term,58,1,FALSE,COE_2025_Data_Item_List_DataLab.xlsx
TMCOMPYA,0,Did not have a set completion date or event,,Fixed-term,59,2,FALSE,COE_2025_Data_Item_List_DataLab.xlsx
TMCOMPYA,-1,Not an employee,,Fixed-term,60,3,FALSE,COE_2025_Data_Item_List_DataLab.xlsx
TMCOMPYA,-9,Not collected (2024-),,Fixed-term,61,4,FALSE,COE_2025_Data_Item_List_DataLab.xlsx
TMCOMPYB,0.01,1 week,,Fixed-term,64,1,FALSE,COE_2025_Data_Item_List_DataLab.xlsx
TMCOMPYB,0.03,2 weeks,,Fixed-term,65,2,FALSE,COE_2025_Data_Item_List_DataLab.xlsx
TMCOMPYB,0.05,3 weeks,,Fixed-term,66,3,FALSE,COE_2025_Data_Item_List_DataLab.xlsx
TMCOMPYB,...,...,,Fixed-term,67,4,TRUE,COE_2025_Data_Item_List_DataLab.xlsx
TMCOMPYB,0.94,49 weeks,,Fixed-term,68,5,FALSE,COE_2025_Data_Item_List_DataLab.xlsx
TMCOMPYB,0.96,50 weeks,,Fixed-term,69,6,FALSE,COE_2025_Data_Item_List_DataLab.xlsx
TMCOMPYB,0.98,51 weeks,,Fixed-term,70,7,FALSE,COE_2025_Data_Item_List_DataLab.xlsx
TMCOMPYB,1,1 year,,Fixed-term,71,8,FALSE,COE_2025_Data_Item_List_DataLab.xlsx
TMCOMPYB,2,2 years,,Fixed-term,72,9,FALSE,COE_2025_Data_Item_List_DataLab.xlsx
TMCOMPYB,3,3 years,,Fixed-term,73,10,FALSE,COE_2025_Data_Item_List_DataLab.xlsx
TMCOMPYB,...,...,,Fixed-term,74,11,TRUE,COE_2025_Data_Item_List_DataLab.xlsx
TMCOMPYB,110,59 years,,Fixed-term,75,12,FALSE,COE_2025_Data_Item_List_DataLab.xlsx
TMCOMPYB,111,60 years,,Fixed-term,76,13,FALSE,COE_2025_Data_Item_List_DataLab.xlsx
TMCOMPYB,000,Did not have a set completion date or event or Not collected,,Fixed-term,77,14,FALSE,COE_2025_Data_Item_List_DataLab.xlsx
TMCOMPWA,1,Weeks,,Fixed-term,81,1,FALSE,COE_2025_Data_Item_List_DataLab.xlsx
TMCOMPWA,0,Did not have a set completion date or event,,Fixed-term,82,2,FALSE,COE_2025_Data_Item_List_DataLab.xlsx
TMCOMPWA,-1,Not an employee,,Fixed-term,83,3,FALSE,COE_2025_Data_Item_List_DataLab.xlsx
TMCOMPWA,-9,Not collected (2024-),,Fixed-term,84,4,FALSE,COE_2025_Data_Item_List_DataLab.xlsx
TMCOMPWB,0001,1 week,,Fixed-term,87,1,FALSE,COE_2025_Data_Item_List_DataLab.xlsx
TMCOMPWB,0002,2 weeks,,Fixed-term,88,2,FALSE,COE_2025_Data_Item_List_DataLab.xlsx
TMCOMPWB,0003,3 weeks,,Fixed-term,89,3,FALSE,COE_2025_Data_Item_List_DataLab.xlsx
TMCOMPWB,...,...,,Fixed-term,90,4,TRUE,COE_2025_Data_Item_List_DataLab.xlsx
TMCOMPWB,0049,49 weeks,,Fixed-term,91,5,FALSE,COE_2025_Data_Item_List_DataLab.xlsx
TMCOMPWB,0050,50 weeks,,Fixed-term,92,6,FALSE,COE_2025_Data_Item_List_DataLab.xlsx
TMCOMPWB,0051,51 weeks,,Fixed-term,93,7,FALSE,COE_2025_Data_Item_List_DataLab.xlsx
TMCOMPWB,0052,1 year,,Fixed-term,94,8,FALSE,COE_2025_Data_Item_List_DataLab.xlsx
TMCOMPWB,0104,2 years,,Fixed-term,95,9,FALSE,COE_2025_Data_Item_List_DataLab.xlsx
TMCOMPWB,0156,3 years,,Fixed-term,96,10,FALSE,COE_2025_Data_Item_List_DataLab.xlsx
TMCOMPWB,...,...,,Fixed-term,97,11,TRUE,COE_2025_Data_Item_List_DataLab.xlsx
TMCOMPWB,3068,59 years,,Fixed-term,98,12,FALSE,COE_2025_Data_Item_List_DataLab.xlsx
TMCOMPWB,3120,60 years,,Fixed-term,99,13,FALSE,COE_2025_Data_Item_List_DataLab.xlsx
TMCOMPWB,000,Did not have a set completion date or event or Not collected,,Fixed-term,100,14,FALSE,COE_2025_Data_Item_List_DataLab.xlsx
FXTLENYA,1,Years (0.00 years),,Fixed-term,104,1,FALSE,COE_2025_Data_Item_List_DataLab.xlsx
FXTLENYA,0,Not on a fixed-term contract (ongoing),,Fixed-term,105,2,FALSE,COE_2025_Data_Item_List_DataLab.xlsx
FXTLENYA,-1,Not an employee,,Fixed-term,106,3,FALSE,COE_2025_Data_Item_List_DataLab.xlsx
FXTLENYB,0.01,1 week,,Fixed-term,109,1,FALSE,COE_2025_Data_Item_List_DataLab.xlsx
FXTLENYB,0.03,2 weeks,,Fixed-term,110,2,FALSE,COE_2025_Data_Item_List_DataLab.xlsx
FXTLENYB,0.05,3 weeks,,Fixed-term,111,3,FALSE,COE_2025_Data_Item_List_DataLab.xlsx
FXTLENYB,...,...,,Fixed-term,112,4,TRUE,COE_2025_Data_Item_List_DataLab.xlsx
FXTLENYB,0.94,49 weeks,,Fixed-term,113,5,FALSE,COE_2025_Data_Item_List_DataLab.xlsx
FXTLENYB,0.96,50 weeks,,Fixed-term,114,6,FALSE,COE_2025_Data_Item_List_DataLab.xlsx
FXTLENYB,0.98,51 weeks,,Fixed-term,115,7,FALSE,COE_2025_Data_Item_List_DataLab.xlsx
FXTLENYB,1,1 year,,Fixed-term,116,8,FALSE,COE_2025_Data_Item_List_DataLab.xlsx
FXTLENYB,2,2 years,,Fixed-term,117,9,FALSE,COE_2025_Data_Item_List_DataLab.xlsx
FXTLENYB,3,3 years,,Fixed-term,118,10,FALSE,COE_2025_Data_Item_List_DataLab.xlsx
FXTLENYB,...,...,,Fixed-term,119,11,TRUE,COE_2025_Data_Item_List_DataLab.xlsx
FXTLENYB,110,59 years,,Fixed-term,120,12,FALSE,COE_2025_Data_Item_List_DataLab.xlsx
FXTLENYB,111,60 years,,Fixed-term,121,13,FALSE,COE_2025_Data_Item_List_DataLab.xlsx
FXTLENYB,000,Not on a fixed-term contract (ongoing),,Fixed-term,122,14,FALSE,COE_2025_Data_Item_List_DataLab.xlsx
FXTLENWA,1,Weeks,,Fixed-term,126,1,FALSE,COE_2025_Data_Item_List_DataLab.xlsx
FXTLENWA,0,Not on a fixed-term contract (ongoing),,Fixed-term,127,2,FALSE,COE_2025_Data_Item_List_DataLab.xlsx
FXTLENWA,-1,Not an employee,,Fixed-term,128,3,FALSE,COE_2025_Data_Item_List_DataLab.xlsx
FXTLENWB,0001,1 week,,Fixed-term,131,1,FALSE,COE_2025_Data_Item_List_DataLab.xlsx
FXTLENWB,0002,2 weeks,,Fixed-term,132,2,FALSE,COE_2025_Data_Item_List_DataLab.xlsx
FXTLENWB,0003,3 weeks,,Fixed-term,133,3,FALSE,COE_2025_Data_Item_List_DataLab.xlsx
FXTLENWB,...,...,,Fixed-term,134,4,TRUE,COE_2025_Data_Item_List_DataLab.xlsx
FXTLENWB,0049,49 weeks,,Fixed-term,135,5,FALSE,COE_2025_Data_Item_List_DataLab.xlsx
FXTLENWB,0050,50 weeks,,Fixed-term,136,6,FALSE,COE_2025_Data_Item_List_DataLab.xlsx
FXTLENWB,0051,51 weeks,,Fixed-term,137,7,FALSE,COE_2025_Data_Item_List_DataLab.xlsx
FXTLENWB,0052,1 year,,Fixed-term,138,8,FALSE,COE_2025_Data_Item_List_DataLab.xlsx
FXTLENWB,0104,2 years,,Fixed-term,139,9,FALSE,COE_2025_Data_Item_List_DataLab.xlsx
FXTLENWB,0156,3 years,,Fixed-term,140,10,FALSE,COE_2025_Data_Item_List_DataLab.xlsx
FXTLENWB,...,...,,Fixed-term,141,11,TRUE,COE_2025_Data_Item_List_DataLab.xlsx
FXTLENWB,3068,59 years,,Fixed-term,142,12,FALSE,COE_2025_Data_Item_List_DataLab.xlsx
FXTLENWB,3120,60 years,,Fixed-term,143,13,FALSE,COE_2025_Data_Item_List_DataLab.xlsx
FXTLENWB,000,Not on a fixed-term contract (ongoing),,Fixed-term,144,14,FALSE,COE_2025_Data_Item_List_DataLab.xlsx
FXDTERMS,1,Fixed-term contract,,Fixed-term,147,1,FALSE,COE_2025_Data_Item_List_DataLab.xlsx
FXDTERMS,2,Not on a fixed-term contract (ongoing),,Fixed-term,148,2,FALSE,COE_2025_Data_Item_List_DataLab.xlsx
FXDTERMS,0,Not an employee,,Fixed-term,149,3,FALSE,COE_2025_Data_Item_List_DataLab.xlsx
FXDTERM,10,Fixed-term contract (2024- ),,Fixed-term,153,1,FALSE,COE_2025_Data_Item_List_DataLab.xlsx
FXDTERM,11,Fixed-term contract with a set completion date (2014-2023),,Fixed-term,154,2,FALSE,COE_2025_Data_Item_List_DataLab.xlsx
FXDTERM,12,Fixed-term contract with a set completion event (2014-2023),,Fixed-term,155,3,FALSE,COE_2025_Data_Item_List_DataLab.xlsx
FXDTERM,20,Not on a fixed-term contract (ongoing),,Fixed-term,156,4,FALSE,COE_2025_Data_Item_List_DataLab.xlsx
FXDTERM,00,Not an employee,,Fixed-term,157,5,FALSE,COE_2025_Data_Item_List_DataLab.xlsx
SETCOMPS,1,Had a set completion date or event,,Fixed-term,160,1,FALSE,COE_2025_Data_Item_List_DataLab.xlsx
SETCOMPS,2,Did not have a set completion date or event,,Fixed-term,161,2,FALSE,COE_2025_Data_Item_List_DataLab.xlsx
SETCOMPS,0,Not an employee,,Fixed-term,162,3,FALSE,COE_2025_Data_Item_List_DataLab.xlsx
SETCOMP,10,Had a set completion date or event (2024- ),,Fixed-term,166,1,FALSE,COE_2025_Data_Item_List_DataLab.xlsx
SETCOMP,11,Had a set completion date (2014-2023),,Fixed-term,167,2,FALSE,COE_2025_Data_Item_List_DataLab.xlsx
SETCOMP,12,Had a set completion event (2014-2023),,Fixed-term,168,3,FALSE,COE_2025_Data_Item_List_DataLab.xlsx
SETCOMP,20,Did not have a set completion date or event,,Fixed-term,169,4,FALSE,COE_2025_Data_Item_List_DataLab.xlsx
SETCOMP,00,Not an employee,,Fixed-term,170,5,FALSE,COE_2025_Data_Item_List_DataLab.xlsx
CONTRNEW,1,Expects contract to be renewed,,Fixed-term,173,1,FALSE,COE_2025_Data_Item_List_DataLab.xlsx
CONTRNEW,2,Does not expect contract to be renewed,,Fixed-term,174,2,FALSE,COE_2025_Data_Item_List_DataLab.xlsx
CONTRNEW,3,Not on a fixed-term contract (ongoing),,Fixed-term,175,3,FALSE,COE_2025_Data_Item_List_DataLab.xlsx
CONTRNEW,0,Not an employee,,Fixed-term,176,4,FALSE,COE_2025_Data_Item_List_DataLab.xlsx
CONTRNEW,-9,Not collected (2014-2023),,Fixed-term,177,5,FALSE,COE_2025_Data_Item_List_DataLab.xlsx
EMPTYPE2,1,Employee,,Independent,11,1,FALSE,COE_2025_Data_Item_List_DataLab.xlsx
EMPTYPE2,2,Independent contractor,,Independent,12,2,FALSE,COE_2025_Data_Item_List_DataLab.xlsx
EMPTYPE2,3,Other business operator,,Independent,13,3,FALSE,COE_2025_Data_Item_List_DataLab.xlsx
EMPTYPE2,4,Contributing family worker,,Independent,14,4,FALSE,COE_2025_Data_Item_List_DataLab.xlsx
EMPTYPE2,0,Not employed (or not in scope),,Independent,15,5,FALSE,COE_2025_Data_Item_List_DataLab.xlsx
COEQ183,1,Able to sub-contract own work,Even years only,Independent,18,1,FALSE,COE_2025_Data_Item_List_DataLab.xlsx
COEQ183,5,Not able to sub-contract own work,,Independent,19,2,FALSE,COE_2025_Data_Item_List_DataLab.xlsx
COEQ183,0,Not an independent contractor,,Independent,20,3,FALSE,COE_2025_Data_Item_List_DataLab.xlsx
COEQ183,-1,Not employed (or not in scope),,Independent,21,4,FALSE,COE_2025_Data_Item_List_DataLab.xlsx
COEQ183,-9,Not collected (even years only),,Independent,22,5,FALSE,COE_2025_Data_Item_List_DataLab.xlsx
COEQ175,1,Considered to be an independent contractor,,Independent,25,1,FALSE,COE_2025_Data_Item_List_DataLab.xlsx
COEQ175,5,Did not consider to be an independent contractor,,Independent,26,2,FALSE,COE_2025_Data_Item_List_DataLab.xlsx
COEQ175,0,Not employed (or not in scope),,Independent,27,3,FALSE,COE_2025_Data_Item_List_DataLab.xlsx
COEQ185X,1,Had authority over own work,Even years only,Independent,30,1,FALSE,COE_2025_Data_Item_List_DataLab.xlsx
COEQ185X,5,Did not have authority over own work,,Independent,31,2,FALSE,COE_2025_Data_Item_List_DataLab.xlsx
COEQ185X,0,Not an independent contractor,,Independent,32,3,FALSE,COE_2025_Data_Item_List_DataLab.xlsx
COEQ185X,-1,Not employed (or not in scope),,Independent,33,4,FALSE,COE_2025_Data_Item_List_DataLab.xlsx
COEQ185X,-9,Not collected (even years only),,Independent,34,5,FALSE,COE_2025_Data_Item_List_DataLab.xlsx
COEQ181,1,Had more than one active contract,Even years only,Independent,37,1,FALSE,COE_2025_Data_Item_List_DataLab.xlsx
COEQ181,5,Had only one active contract,,Independent,38,2,FALSE,COE_2025_Data_Item_List_DataLab.xlsx
COEQ181,0,Not an independent contractor,,Independent,39,3,FALSE,COE_2025_Data_Item_List_DataLab.xlsx
COEQ181,-1,Not employed (or not in scope),,Independent,40,4,FALSE,COE_2025_Data_Item_List_DataLab.xlsx
COEQ181,-9,Not collected (even years only),,Independent,41,5,FALSE,COE_2025_Data_Item_List_DataLab.xlsx
COEQ180,1,Able to work on multiple active contracts,Even years only,Independent,44,1,FALSE,COE_2025_Data_Item_List_DataLab.xlsx
COEQ180,5,Not able to work on multiple active contracts,,Independent,45,2,FALSE,COE_2025_Data_Item_List_DataLab.xlsx
COEQ180,0,Not an independent contractor,,Independent,46,3,FALSE,COE_2025_Data_Item_List_DataLab.xlsx
COEQ180,-1,Not employed (or not in scope),,Independent,47,4,FALSE,COE_2025_Data_Item_List_DataLab.xlsx
COEQ180,-9,Not collected (even years only),,Independent,48,5,FALSE,COE_2025_Data_Item_List_DataLab.xlsx
COEQ230,1,Registered with a labour hire firm,,Labour hire,11,1,FALSE,COE_2025_Data_Item_List_DataLab.xlsx
COEQ230,2,Registered with an employment agency,,Labour hire,12,2,FALSE,COE_2025_Data_Item_List_DataLab.xlsx
COEQ230,5,Not currently registered with a labour hire firm or employment agency,,Labour hire,13,3,FALSE,COE_2025_Data_Item_List_DataLab.xlsx
COEQ230,0,Not employed (or not in scope),,Labour hire,14,4,FALSE,COE_2025_Data_Item_List_DataLab.xlsx
COEQ230,-9,Not collected (2024- ),,Labour hire,15,5,FALSE,COE_2025_Data_Item_List_DataLab.xlsx
LABHIRW,1,Labour hire worker,Even years only,Labour hire,18,1,FALSE,COE_2025_Data_Item_List_DataLab.xlsx
LABHIRW,2,Not a labour hire worker,,Labour hire,19,2,FALSE,COE_2025_Data_Item_List_DataLab.xlsx
LABHIRW,0,Not an employee,,Labour hire,20,3,FALSE,COE_2025_Data_Item_List_DataLab.xlsx
LABHIRW,-9,Not collected,,Labour hire,21,4,FALSE,COE_2025_Data_Item_List_DataLab.xlsx
LHFNDJBS,1,Found job through a labour hire firm or employment agency,Even years only,Labour hire,24,1,FALSE,COE_2025_Data_Item_List_DataLab.xlsx
LHFNDJBS,2,Did not find job through a labour hire firm or employment agency,,Labour hire,25,2,FALSE,COE_2025_Data_Item_List_DataLab.xlsx
LHFNDJBS,0,Not an employee,,Labour hire,26,3,FALSE,COE_2025_Data_Item_List_DataLab.xlsx
LHFNDJBS,-9,Not collected,,Labour hire,27,4,FALSE,COE_2025_Data_Item_List_DataLab.xlsx
LHFNDJB,10,Found job through a labour hire firm or employment agency (2024- ),,Labour hire,31,1,FALSE,COE_2025_Data_Item_List_DataLab.xlsx
LHFNDJB,11,Found job through a labour hire firm (2014-2023),,Labour hire,32,2,FALSE,COE_2025_Data_Item_List_DataLab.xlsx
LHFNDJB,12,Found job through an employment agency (2014-2023),,Labour hire,33,3,FALSE,COE_2025_Data_Item_List_DataLab.xlsx
LHFNDJB,20,Did not find job through a labour hire firm or employment agency,,Labour hire,34,4,FALSE,COE_2025_Data_Item_List_DataLab.xlsx
LHFNDJB,00,Not an employee,,Labour hire,35,5,FALSE,COE_2025_Data_Item_List_DataLab.xlsx
LHFNDJB,-9,Not collected,,Labour hire,36,6,FALSE,COE_2025_Data_Item_List_DataLab.xlsx
PAIDLHIR,1,Paid by a labour hire firm,Even years only,Labour hire,39,1,FALSE,COE_2025_Data_Item_List_DataLab.xlsx
PAIDLHIR,2,Not paid by a labour hire firm,,Labour hire,40,2,FALSE,COE_2025_Data_Item_List_DataLab.xlsx
PAIDLHIR,3,Did not find job through labour hire or employment agency,,Labour hire,41,3,FALSE,COE_2025_Data_Item_List_DataLab.xlsx
PAIDLHIR,0,Not an employee,,Labour hire,42,4,FALSE,COE_2025_Data_Item_List_DataLab.xlsx
PAIDLHIR,-9,Not collected,,Labour hire,43,5,FALSE,COE_2025_Data_Item_List_DataLab.xlsx
REGLHLY,1,Registered with a labour hire firm in the last 12 months,,Labour hire,47,1,FALSE,COE_2025_Data_Item_List_DataLab.xlsx
REGLHLY,2,Registered with an employment agency in the last 12 months,,Labour hire,48,2,FALSE,COE_2025_Data_Item_List_DataLab.xlsx
REGLHLY,3,Did not register with a labour hire firm or employment agency in the last 12 months,,Labour hire,49,3,FALSE,COE_2025_Data_Item_List_DataLab.xlsx
REGLHLY,0,Not employed (or not in scope),,Labour hire,50,4,FALSE,COE_2025_Data_Item_List_DataLab.xlsx
REGLHLY,-9,Not collected (2024- ),,Labour hire,51,5,FALSE,COE_2025_Data_Item_List_DataLab.xlsx
ABSENCES,16,No work or not enough work available,,Away,13,1,FALSE,COE_2025_Data_Item_List_DataLab.xlsx
ABSENCES,17,Stood down,,Away,14,2,FALSE,COE_2025_Data_Item_List_DataLab.xlsx
ABSENCES,10,"Annual leave, holidays, flextime, or long service leave",,Away,16,3,FALSE,COE_2025_Data_Item_List_DataLab.xlsx
ABSENCES,11,"Own illness, injury or sick leave",,Away,17,4,FALSE,COE_2025_Data_Item_List_DataLab.xlsx
ABSENCES,12,"Standard working arrangements, shift work or rostered day off",,Away,18,5,FALSE,COE_2025_Data_Item_List_DataLab.xlsx
ABSENCES,13,"Personal reasons, studying, caring for sick or injured family",,Away,19,6,FALSE,COE_2025_Data_Item_List_DataLab.xlsx
ABSENCES,14,"Maternity, paternity or parental leave",,Away,20,7,FALSE,COE_2025_Data_Item_List_DataLab.xlsx
ABSENCES,18,Bad weather or plant breakdown,,Away,21,8,FALSE,COE_2025_Data_Item_List_DataLab.xlsx
ABSENCES,19,"On strike, locked out, or industrial dispute",,Away,22,9,FALSE,COE_2025_Data_Item_List_DataLab.xlsx
ABSENCES,20,Seasonal work or end of season,,Away,23,10,FALSE,COE_2025_Data_Item_List_DataLab.xlsx
ABSENCES,21,Away from work for other reasons,,Away,24,11,FALSE,COE_2025_Data_Item_List_DataLab.xlsx
ABSENCES,00,Not away from work last week,,Away,25,12,FALSE,COE_2025_Data_Item_List_DataLab.xlsx
ABSENCES,-1,Not employed,,Away,26,13,FALSE,COE_2025_Data_Item_List_DataLab.xlsx
REALTUHS,17,No work or not enough work available,,Away,31,1,FALSE,COE_2025_Data_Item_List_DataLab.xlsx
REALTUHS,18,Stood down,,Away,32,2,FALSE,COE_2025_Data_Item_List_DataLab.xlsx
REALTUHS,10,"Annual leave, holidays, flextime or long service leave",,Away,34,3,FALSE,COE_2025_Data_Item_List_DataLab.xlsx
REALTUHS,11,"Own illness, injury or sick leave",,Away,35,4,FALSE,COE_2025_Data_Item_List_DataLab.xlsx
REALTUHS,12,"Standard working arrangements, shift work or rostered day off",,Away,36,5,FALSE,COE_2025_Data_Item_List_DataLab.xlsx
REALTUHS,13,"Personal reasons, studying or caring for sick or injured family",,Away,37,6,FALSE,COE_2025_Data_Item_List_DataLab.xlsx
REALTUHS,14,"Maternity, paternity or parental leave",,Away,38,7,FALSE,COE_2025_Data_Item_List_DataLab.xlsx
REALTUHS,19,Bad weather or plant breakdown,,Away,39,8,FALSE,COE_2025_Data_Item_List_DataLab.xlsx
REALTUHS,20,"On strike, locked out or industrial dispute",,Away,40,9,FALSE,COE_2025_Data_Item_List_DataLab.xlsx
REALTUHS,21,Seasonal work or end of season,,Away,41,10,FALSE,COE_2025_Data_Item_List_DataLab.xlsx
REALTUHS,22,"Began, left or lost a job during the week",,Away,42,11,FALSE,COE_2025_Data_Item_List_DataLab.xlsx
REALTUHS,23,Worked less than usual for other reasons,,Away,43,12,FALSE,COE_2025_Data_Item_List_DataLab.xlsx
REALTUHS,00,Did not work less than usual,,Away,44,13,FALSE,COE_2025_Data_Item_List_DataLab.xlsx
REALTUHS,-1,Not employed,,Away,45,14,FALSE,COE_2025_Data_Item_List_DataLab.xlsx
AWAYWRK2,30,Away from work less than 4 weeks,,Away,49,1,FALSE,COE_2025_Data_Item_List_DataLab.xlsx
AWAYWRK2,41,"Paid in last 4 weeks, away from work 1 to 3 months",,Away,51,2,FALSE,COE_2025_Data_Item_List_DataLab.xlsx
AWAYWRK2,42,"Paid in last 4 weeks, away from work over 3 months",,Away,52,3,FALSE,COE_2025_Data_Item_List_DataLab.xlsx
AWAYWRK2,51,"Not paid in last 4 weeks, away from work 1 to 3 months",,Away,54,4,FALSE,COE_2025_Data_Item_List_DataLab.xlsx
AWAYWRK2,52,"Not paid in last 4 weeks, away from work over 3 months",,Away,55,5,FALSE,COE_2025_Data_Item_List_DataLab.xlsx
AWAYWRK2,21,"On workers compensation, expects to return to same employer",,Away,57,6,FALSE,COE_2025_Data_Item_List_DataLab.xlsx
AWAYWRK2,22,"On workers compensation, does not expect to return to same employer",,Away,58,7,FALSE,COE_2025_Data_Item_List_DataLab.xlsx
AWAYWRK2,23,"On workers compensation, did not know if will return to same employer",,Away,59,8,FALSE,COE_2025_Data_Item_List_DataLab.xlsx
AWAYWRK2,11,Away from work and usually works no hours,,Away,61,9,FALSE,COE_2025_Data_Item_List_DataLab.xlsx
AWAYWRK2,12,Away from work in own business,,Away,62,10,FALSE,COE_2025_Data_Item_List_DataLab.xlsx
AWAYWRK2,13,Away from work on standard working arrangements or shift work,,Away,63,11,FALSE,COE_2025_Data_Item_List_DataLab.xlsx
AWAYWRK2,14,"Away from work on strike, locked out or industrial dispute",,Away,64,12,FALSE,COE_2025_Data_Item_List_DataLab.xlsx
AWAYWRK2,60,Working,,Away,65,13,FALSE,COE_2025_Data_Item_List_DataLab.xlsx
AWAYWRK2,00,Not working,,Away,66,14,FALSE,COE_2025_Data_Item_List_DataLab.xlsx
WRKLSSHR,1,Full-time workers who worked the same as or more hours than usual,,Away,70,1,FALSE,COE_2025_Data_Item_List_DataLab.xlsx
WRKLSSHR,2,Full-time workers who worked less hours for non-economic reasons,,Away,72,2,FALSE,COE_2025_Data_Item_List_DataLab.xlsx
WRKLSSHR,3,Full-time workers who worked less hours for economic reasons,,Away,73,3,FALSE,COE_2025_Data_Item_List_DataLab.xlsx
WRKLSSHR,4,Part-time workers who worked the same as or more hours than usual,,Away,75,4,FALSE,COE_2025_Data_Item_List_DataLab.xlsx
WRKLSSHR,5,Part-time workers who worked less hours for non-economic reasons,,Away,77,5,FALSE,COE_2025_Data_Item_List_DataLab.xlsx
WRKLSSHR,6,Part-time workers who worked less hours for economic reasons,,Away,78,6,FALSE,COE_2025_Data_Item_List_DataLab.xlsx
WRKLSSHR,0,Not employed,,Away,79,7,FALSE,COE_2025_Data_Item_List_DataLab.xlsx
WKLSHRUS,1,Worked less hours than usual for economic reasons,,Away,83,1,FALSE,COE_2025_Data_Item_List_DataLab.xlsx
WKLSHRUS,2,Worked less hours than usual for non-economic reasons,,Away,84,2,FALSE,COE_2025_Data_Item_List_DataLab.xlsx
WKLSHRUS,3,Worked the same as or more hours than usual last week,,Away,85,3,FALSE,COE_2025_Data_Item_List_DataLab.xlsx
WKLSHRUS,0,Not employed,,Away,86,4,FALSE,COE_2025_Data_Item_List_DataLab.xlsx
PREFEXTA,1,Single hours,,Underemployment,12,1,FALSE,COE_2025_Data_Item_List_DataLab.xlsx
PREFEXTA,0,Did not prefer more hours,,Underemployment,13,2,FALSE,COE_2025_Data_Item_List_DataLab.xlsx
PREFEXTA,-1,Did not know,,Underemployment,14,3,FALSE,COE_2025_Data_Item_List_DataLab.xlsx
PREFEXTA,-9,Not employed,,Underemployment,15,4,FALSE,COE_2025_Data_Item_List_DataLab.xlsx
PREFEXTB,001,1 hour,,Underemployment,18,1,FALSE,COE_2025_Data_Item_List_DataLab.xlsx
PREFEXTB,002,2 hours,,Underemployment,19,2,FALSE,COE_2025_Data_Item_List_DataLab.xlsx
PREFEXTB,003,3 hours,,Underemployment,20,3,FALSE,COE_2025_Data_Item_List_DataLab.xlsx
PREFEXTB,...,...,,Underemployment,21,4,TRUE,COE_2025_Data_Item_List_DataLab.xlsx
PREFEXTB,167,167 hours,,Underemployment,22,5,FALSE,COE_2025_Data_Item_List_DataLab.xlsx
PREFEXTB,168,168 hours,,Underemployment,23,6,FALSE,COE_2025_Data_Item_List_DataLab.xlsx
PREFEXTB,000,Did not prefer more hours,,Underemployment,24,7,FALSE,COE_2025_Data_Item_List_DataLab.xlsx
PREFHRSA,1,Single hours,,Underemployment,28,1,FALSE,COE_2025_Data_Item_List_DataLab.xlsx
PREFHRSA,0,Did not prefer more hours,,Underemployment,29,2,FALSE,COE_2025_Data_Item_List_DataLab.xlsx
PREFHRSA,-1,Did not know,,Underemployment,30,3,FALSE,COE_2025_Data_Item_List_DataLab.xlsx
PREFHRSA,-9,Not employed,,Underemployment,31,4,FALSE,COE_2025_Data_Item_List_DataLab.xlsx
PREFHRSB,001,1 hour,,Underemployment,35,1,FALSE,COE_2025_Data_Item_List_DataLab.xlsx
PREFHRSB,002,2 hours,,Underemployment,36,2,FALSE,COE_2025_Data_Item_List_DataLab.xlsx
PREFHRSB,...,...,,Underemployment,37,3,TRUE,COE_2025_Data_Item_List_DataLab.xlsx
PREFHRSB,033,33 hours,,Underemployment,38,4,FALSE,COE_2025_Data_Item_List_DataLab.xlsx
PREFHRSB,034,34 hours,,Underemployment,39,5,FALSE,COE_2025_Data_Item_List_DataLab.xlsx
PREFHRSB,035,35 hours,,Underemployment,41,6,FALSE,COE_2025_Data_Item_List_DataLab.xlsx
PREFHRSB,036,36 hours,,Underemployment,42,7,FALSE,COE_2025_Data_Item_List_DataLab.xlsx
PREFHRSB,...,...,,Underemployment,43,8,TRUE,COE_2025_Data_Item_List_DataLab.xlsx
PREFHRSB,167,167 hours,,Underemployment,44,9,FALSE,COE_2025_Data_Item_List_DataLab.xlsx
PREFHRSB,168,168 hours,,Underemployment,45,10,FALSE,COE_2025_Data_Item_List_DataLab.xlsx
PREFHRSB,000,Did not prefer more hours,,Underemployment,46,11,FALSE,COE_2025_Data_Item_List_DataLab.xlsx
UNDREMPS,1,Underemployed full-time workers who worked part-time hours for economic reasons,,Underemployment,50,1,FALSE,COE_2025_Data_Item_List_DataLab.xlsx
UNDREMPS,2,Underemployed part-time workers who prefer and are available for more hours,,Underemployment,51,2,FALSE,COE_2025_Data_Item_List_DataLab.xlsx
UNDREMPS,0,Not underemployed,,Underemployment,52,3,FALSE,COE_2025_Data_Item_List_DataLab.xlsx
UNDREMPS,-1,Not employed,,Underemployment,53,4,FALSE,COE_2025_Data_Item_List_DataLab.xlsx
UNDREXPD,11,Underemployed full-time workers who worked less than usual for economic reasons and preferred and were available for more hours,,Underemployment,57,1,FALSE,COE_2025_Data_Item_List_DataLab.xlsx
UNDREXPD,12,Underemployed full-time workers who worked less than usual for economic reasons,,Underemployment,58,2,FALSE,COE_2025_Data_Item_List_DataLab.xlsx
UNDREXPD,13,Underemployed full-time workers who preferred and were available for more hours,,Underemployment,59,3,FALSE,COE_2025_Data_Item_List_DataLab.xlsx
UNDREXPD,21,Underemployed part-time workers who worked less than usual for economic reasons and preferred and were available for more hours,,Underemployment,61,4,FALSE,COE_2025_Data_Item_List_DataLab.xlsx
UNDREXPD,22,Underemployed part-time workers who worked less than usual for economic reasons,,Underemployment,62,5,FALSE,COE_2025_Data_Item_List_DataLab.xlsx
UNDREXPD,23,Underemployed part-time workers who preferred and were available for more hours,,Underemployment,63,6,FALSE,COE_2025_Data_Item_List_DataLab.xlsx
UNDREXPD,00,Not underemployed,,Underemployment,64,7,FALSE,COE_2025_Data_Item_List_DataLab.xlsx
UNDREXPD,-1,Not employed,,Underemployment,65,8,FALSE,COE_2025_Data_Item_List_DataLab.xlsx
FTPTSUMM,1,Full-time workers who worked full-time hours last week,,Underemployment,69,1,FALSE,COE_2025_Data_Item_List_DataLab.xlsx
FTPTSUMM,2,Full-time workers who worked part-time hours for non-economic reasons,,Underemployment,71,2,FALSE,COE_2025_Data_Item_List_DataLab.xlsx
FTPTSUMM,3,Underemployed full-time workers who worked part-time hours for economic reasons,,Underemployment,72,3,FALSE,COE_2025_Data_Item_List_DataLab.xlsx
FTPTSUMM,4,Part-time workers who did not prefer or were unavailable for more hours,,Underemployment,74,4,FALSE,COE_2025_Data_Item_List_DataLab.xlsx
FTPTSUMM,5,Underemployed part-time workers who preferred and were available for more part-time hours,,Underemployment,76,5,FALSE,COE_2025_Data_Item_List_DataLab.xlsx
FTPTSUMM,6,Underemployed part-time workers who preferred and were available for full-time hours,,Underemployment,77,6,FALSE,COE_2025_Data_Item_List_DataLab.xlsx
FTPTSUMM,0,Not employed,,Underemployment,78,7,FALSE,COE_2025_Data_Item_List_DataLab.xlsx
PRHRREWK,1,Preferred more hours and available to work more last week,,Underemployment,81,1,FALSE,COE_2025_Data_Item_List_DataLab.xlsx
PRHRREWK,2,Preferred more hours but unavailable to work more last week,,Underemployment,82,2,FALSE,COE_2025_Data_Item_List_DataLab.xlsx
PRHRREWK,0,Did not prefer more hours,,Underemployment,83,3,FALSE,COE_2025_Data_Item_List_DataLab.xlsx
PRHRREWK,-1,Not employed,,Underemployment,84,4,FALSE,COE_2025_Data_Item_List_DataLab.xlsx
PREF4WK,1,Preferred more hours and available to work more within four weeks,,Underemployment,87,1,FALSE,COE_2025_Data_Item_List_DataLab.xlsx
PREF4WK,2,Preferred more hours but unavailable to work more within four weeks,,Underemployment,88,2,FALSE,COE_2025_Data_Item_List_DataLab.xlsx
PREF4WK,0,Did not prefer more hours,,Underemployment,89,3,FALSE,COE_2025_Data_Item_List_DataLab.xlsx
PREF4WK,-1,Not employed,,Underemployment,90,4,FALSE,COE_2025_Data_Item_List_DataLab.xlsx
WPREFMHR,1,Full-time workers who did not prefer more hours,,Underemployment,94,1,FALSE,COE_2025_Data_Item_List_DataLab.xlsx
WPREFMHR,2,Full-time workers who preferred more hours,,Underemployment,95,2,FALSE,COE_2025_Data_Item_List_DataLab.xlsx
WPREFMHR,3,Part-time workers who did not prefer more hours,,Underemployment,97,3,FALSE,COE_2025_Data_Item_List_DataLab.xlsx
WPREFMHR,4,Part-time workers who preferred more part-time hours,,Underemployment,99,4,FALSE,COE_2025_Data_Item_List_DataLab.xlsx
WPREFMHR,5,Part-time workers who preferred full-time hours,,Underemployment,100,5,FALSE,COE_2025_Data_Item_List_DataLab.xlsx
WPREFMHR,0,Not employed,,Underemployment,101,6,FALSE,COE_2025_Data_Item_List_DataLab.xlsx
PRFTPTMR,1,Preferred full-time hours,,Underemployment,105,1,FALSE,COE_2025_Data_Item_List_DataLab.xlsx
PRFTPTMR,2,Preferred part-time hours,,Underemployment,106,2,FALSE,COE_2025_Data_Item_List_DataLab.xlsx
PRFTPTMR,3,Did not prefer more hours,,Underemployment,107,3,FALSE,COE_2025_Data_Item_List_DataLab.xlsx
PRFTPTMR,4,Did not know,,Underemployment,108,4,FALSE,COE_2025_Data_Item_List_DataLab.xlsx
PRFTPTMR,0,Not employed,,Underemployment,109,5,FALSE,COE_2025_Data_Item_List_DataLab.xlsx
WPRFMHR2,1,Full-time workers who preferred more full-time hours,,Underemployment,114,1,FALSE,COE_2025_Data_Item_List_DataLab.xlsx
WPRFMHR2,2,Part-time workers who preferred full-time hours,,Underemployment,115,2,FALSE,COE_2025_Data_Item_List_DataLab.xlsx
WPRFMHR2,3,Part-time workers who preferred more part-time hours,,Underemployment,117,3,FALSE,COE_2025_Data_Item_List_DataLab.xlsx
WPRFMHR2,4,Did not prefer to work more hours,,Underemployment,118,4,FALSE,COE_2025_Data_Item_List_DataLab.xlsx
WPRFMHR2,0,Not employed,,Underemployment,119,5,FALSE,COE_2025_Data_Item_List_DataLab.xlsx
OVEREMPS,1,Overemployed workers who preferred fewer hours,Odd years only,Overemployment,11,1,FALSE,COE_2025_Data_Item_List_DataLab.xlsx
OVEREMPS,2,Not overemployed,,Overemployment,12,2,FALSE,COE_2025_Data_Item_List_DataLab.xlsx
OVEREMPS,0,Not employed (or not in scope),,Overemployment,13,3,FALSE,COE_2025_Data_Item_List_DataLab.xlsx
OVEREMPS,-9,Not collected,,Overemployment,14,4,FALSE,COE_2025_Data_Item_List_DataLab.xlsx
NUMFEWHA,1,Single hours,,Overemployment,18,1,FALSE,COE_2025_Data_Item_List_DataLab.xlsx
NUMFEWHA,0,Did not prefer fewer hours,,Overemployment,19,2,FALSE,COE_2025_Data_Item_List_DataLab.xlsx
NUMFEWHA,-1,Not employed (or not in scope),,Overemployment,20,3,FALSE,COE_2025_Data_Item_List_DataLab.xlsx
NUMFEWHA,-9,Not collected,,Overemployment,21,4,FALSE,COE_2025_Data_Item_List_DataLab.xlsx
NUMFEWHB,001,1 hour,,Overemployment,24,1,FALSE,COE_2025_Data_Item_List_DataLab.xlsx
NUMFEWHB,002,2 hours,,Overemployment,25,2,FALSE,COE_2025_Data_Item_List_DataLab.xlsx
NUMFEWHB,003,3 hours,,Overemployment,26,3,FALSE,COE_2025_Data_Item_List_DataLab.xlsx
NUMFEWHB,...,...,,Overemployment,27,4,TRUE,COE_2025_Data_Item_List_DataLab.xlsx
NUMFEWHB,167,167 hours,,Overemployment,28,5,FALSE,COE_2025_Data_Item_List_DataLab.xlsx
NUMFEWHB,168,168 hours,,Overemployment,29,6,FALSE,COE_2025_Data_Item_List_DataLab.xlsx
NUMFEWHB,000,Did not prefer fewer hours or Not collected,,Overemployment,30,7,FALSE,COE_2025_Data_Item_List_DataLab.xlsx
FEWHOURA,1,Single hours,,Overemployment,34,1,FALSE,COE_2025_Data_Item_List_DataLab.xlsx
FEWHOURA,0,Did not prefer fewer hours,,Overemployment,35,2,FALSE,COE_2025_Data_Item_List_DataLab.xlsx
FEWHOURA,-1,Not employed (or not in scope),,Overemployment,36,3,FALSE,COE_2025_Data_Item_List_DataLab.xlsx
FEWHOURA,-9,Not collected,,Overemployment,37,4,FALSE,COE_2025_Data_Item_List_DataLab.xlsx
FEWHOURB,001,1 hour,,Overemployment,41,1,FALSE,COE_2025_Data_Item_List_DataLab.xlsx
FEWHOURB,002,2 hours,,Overemployment,42,2,FALSE,COE_2025_Data_Item_List_DataLab.xlsx
FEWHOURB,...,...,,Overemployment,43,3,TRUE,COE_2025_Data_Item_List_DataLab.xlsx
FEWHOURB,033,33 hours,,Overemployment,44,4,FALSE,COE_2025_Data_Item_List_DataLab.xlsx
FEWHOURB,034,34 hours,,Overemployment,45,5,FALSE,COE_2025_Data_Item_List_DataLab.xlsx
FEWHOURB,035,35 hours,,Overemployment,47,6,FALSE,COE_2025_Data_Item_List_DataLab.xlsx
FEWHOURB,036,36 hours,,Overemployment,48,7,FALSE,COE_2025_Data_Item_List_DataLab.xlsx
FEWHOURB,...,...,,Overemployment,49,8,TRUE,COE_2025_Data_Item_List_DataLab.xlsx
FEWHOURB,167,167 hours,,Overemployment,50,9,FALSE,COE_2025_Data_Item_List_DataLab.xlsx
FEWHOURB,168,168 hours,,Overemployment,51,10,FALSE,COE_2025_Data_Item_List_DataLab.xlsx
FEWHOURB,000,Did not prefer fewer hours or Not collected,,Overemployment,52,11,FALSE,COE_2025_Data_Item_List_DataLab.xlsx
WPREFFHR,1,Full-time workers who did not prefer fewer hours,,Overemployment,56,1,FALSE,COE_2025_Data_Item_List_DataLab.xlsx
WPREFFHR,2,Full-time workers who preferred fewer full-time hours,,Overemployment,58,2,FALSE,COE_2025_Data_Item_List_DataLab.xlsx
WPREFFHR,3,Full-time workers who preferred part-time hours,,Overemployment,59,3,FALSE,COE_2025_Data_Item_List_DataLab.xlsx
WPREFFHR,4,Part-time workers who did not prefer fewer hours,,Overemployment,61,4,FALSE,COE_2025_Data_Item_List_DataLab.xlsx
WPREFFHR,5,Part-time workers who preferred fewer hours,,Overemployment,62,5,FALSE,COE_2025_Data_Item_List_DataLab.xlsx
WPREFFHR,0,Not employed (or not in scope),,Overemployment,63,6,FALSE,COE_2025_Data_Item_List_DataLab.xlsx
WPREFFHR,-9,Not collected (odd years only),,Overemployment,64,7,FALSE,COE_2025_Data_Item_List_DataLab.xlsx
PRFTPTFW,1,Preferred full-time hours,,Overemployment,68,1,FALSE,COE_2025_Data_Item_List_DataLab.xlsx
PRFTPTFW,2,Preferred part-time hours,,Overemployment,69,2,FALSE,COE_2025_Data_Item_List_DataLab.xlsx
PRFTPTFW,3,Did not prefer fewer hours,,Overemployment,70,3,FALSE,COE_2025_Data_Item_List_DataLab.xlsx
PRFTPTFW,0,Not employed (or not in scope),,Overemployment,71,4,FALSE,COE_2025_Data_Item_List_DataLab.xlsx
PRFTPTFW,-9,Not collected (odd years only),,Overemployment,72,5,FALSE,COE_2025_Data_Item_List_DataLab.xlsx
WPRFFHR2,1,Full-time workers who preferred fewer full-time hours,,Overemployment,77,1,FALSE,COE_2025_Data_Item_List_DataLab.xlsx
WPRFFHR2,2,Full-time workers who preferred part-time hours,,Overemployment,79,2,FALSE,COE_2025_Data_Item_List_DataLab.xlsx
WPRFFHR2,3,Part-time workers who preferred fewer hours,,Overemployment,80,3,FALSE,COE_2025_Data_Item_List_DataLab.xlsx
WPRFFHR2,4,Did not prefer to work fewer hours,,Overemployment,81,4,FALSE,COE_2025_Data_Item_List_DataLab.xlsx
WPRFFHR2,0,Not employed (or not in scope),,Overemployment,82,5,FALSE,COE_2025_Data_Item_List_DataLab.xlsx
WPRFFHR2,-9,Not collected (odd years only),,Overemployment,83,6,FALSE,COE_2025_Data_Item_List_DataLab.xlsx
COEQ203,1,Usually worked extra hours or overtime,Biennial (2015-2023),Overemployment,86,1,FALSE,COE_2025_Data_Item_List_DataLab.xlsx
COEQ203,5,Did not usually work extra hours or overtime,,Overemployment,87,2,FALSE,COE_2025_Data_Item_List_DataLab.xlsx
COEQ203,0,Not employed (or not in scope),,Overemployment,88,3,FALSE,COE_2025_Data_Item_List_DataLab.xlsx
COEQ203,-9,Not collected (2014-2023),,Overemployment,89,4,FALSE,COE_2025_Data_Item_List_DataLab.xlsx
PAIDOVTM,1,Paid for overtime,,Overemployment,92,1,FALSE,COE_2025_Data_Item_List_DataLab.xlsx
PAIDOVTM,2,Included in salary package,,Overemployment,93,2,FALSE,COE_2025_Data_Item_List_DataLab.xlsx
PAIDOVTM,3,Entitled to time off in lieu,,Overemployment,94,3,FALSE,COE_2025_Data_Item_List_DataLab.xlsx
PAIDOVTM,4,Compensated in some other way,,Overemployment,95,4,FALSE,COE_2025_Data_Item_List_DataLab.xlsx
PAIDOVTM,5,Not compensated,,Overemployment,96,5,FALSE,COE_2025_Data_Item_List_DataLab.xlsx
PAIDOVTM,9,Did not usually work extra hours or overtime,,Overemployment,97,6,FALSE,COE_2025_Data_Item_List_DataLab.xlsx
PAIDOVTM,0,Not an employee,,Overemployment,98,7,FALSE,COE_2025_Data_Item_List_DataLab.xlsx
PAIDOVTM,-9,Not collected (2014-2023),,Overemployment,99,8,FALSE,COE_2025_Data_Item_List_DataLab.xlsx
WORKHOME,1,Usually worked from home,Biennial (2015-2023),Flexibility,11,1,FALSE,COE_2025_Data_Item_List_DataLab.xlsx
WORKHOME,5,Did not usually work from home,,Flexibility,12,2,FALSE,COE_2025_Data_Item_List_DataLab.xlsx
WORKHOME,0,Not employed (or not in scope),,Flexibility,13,3,FALSE,COE_2025_Data_Item_List_DataLab.xlsx
WORKHOME,-9,Not collected (2014-2023),,Flexibility,14,4,FALSE,COE_2025_Data_Item_List_DataLab.xlsx
REASHOME,11,Operates business from home or Home-based job,,Flexibility,18,1,FALSE,COE_2025_Data_Item_List_DataLab.xlsx
REASHOME,12,Operates farm from home,,Flexibility,19,2,FALSE,COE_2025_Data_Item_List_DataLab.xlsx
REASHOME,13,Childcare or family considerations or caring responsibilities,,Flexibility,20,3,FALSE,COE_2025_Data_Item_List_DataLab.xlsx
REASHOME,14,To catch up on work after hours,,Flexibility,21,4,FALSE,COE_2025_Data_Item_List_DataLab.xlsx
REASHOME,15,Less time spent travelling or commuting or save money,,Flexibility,22,5,FALSE,COE_2025_Data_Item_List_DataLab.xlsx
REASHOME,16,To work more flexibly or choose own hours,,Flexibility,23,6,FALSE,COE_2025_Data_Item_List_DataLab.xlsx
REASHOME,17,"Health reasons or manage injury, illness or long-term health condition",,Flexibility,24,7,FALSE,COE_2025_Data_Item_List_DataLab.xlsx
REASHOME,18,Fewer distractions or prefers to work with less social interaction,,Flexibility,25,8,FALSE,COE_2025_Data_Item_List_DataLab.xlsx
REASHOME,91,"Wanted office at home, no overheads, no rent (2014-2023)",,Flexibility,26,9,FALSE,COE_2025_Data_Item_List_DataLab.xlsx
REASHOME,92,Flexible working arrangements (2014-2023),,Flexibility,27,10,FALSE,COE_2025_Data_Item_List_DataLab.xlsx
REASHOME,93,Conditions of employment (2014-2023),,Flexibility,28,11,FALSE,COE_2025_Data_Item_List_DataLab.xlsx
REASHOME,98,Other reasons,,Flexibility,29,12,FALSE,COE_2025_Data_Item_List_DataLab.xlsx
REASHOME,99,Did not usually work from home,,Flexibility,30,13,FALSE,COE_2025_Data_Item_List_DataLab.xlsx
REASHOME,00,Not employed (or not in scope),,Flexibility,31,14,FALSE,COE_2025_Data_Item_List_DataLab.xlsx
REASHOME,-9,Not collected (2014-2023),,Flexibility,32,15,FALSE,COE_2025_Data_Item_List_DataLab.xlsx
TIMEHOME,1,Less than 1 day a week,,Flexibility,35,1,FALSE,COE_2025_Data_Item_List_DataLab.xlsx
TIMEHOME,2,1 to 2 days a week,,Flexibility,36,2,FALSE,COE_2025_Data_Item_List_DataLab.xlsx
TIMEHOME,3,3 to 4 days a week,,Flexibility,37,3,FALSE,COE_2025_Data_Item_List_DataLab.xlsx
TIMEHOME,4,5 days or more a week,,Flexibility,38,4,FALSE,COE_2025_Data_Item_List_DataLab.xlsx
TIMEHOME,5,Rarely or infrequently,,Flexibility,39,5,FALSE,COE_2025_Data_Item_List_DataLab.xlsx
TIMEHOME,8,Operates business or farm from home or Home-based job,,Flexibility,40,6,FALSE,COE_2025_Data_Item_List_DataLab.xlsx
TIMEHOME,9,Did not usually work from home,,Flexibility,41,7,FALSE,COE_2025_Data_Item_List_DataLab.xlsx
TIMEHOME,0,Not employed (or not in scope),,Flexibility,42,8,FALSE,COE_2025_Data_Item_List_DataLab.xlsx
TIMEHOME,-9,Not collected (2014-2023),,Flexibility,43,9,FALSE,COE_2025_Data_Item_List_DataLab.xlsx
AGRFLEXS,1,Had an agreement to work flexible hours,Biennial (2015-2023),Flexibility,46,1,FALSE,COE_2025_Data_Item_List_DataLab.xlsx
AGRFLEXS,2,Did not have an agreement to work flexible hours,,Flexibility,47,2,FALSE,COE_2025_Data_Item_List_DataLab.xlsx
AGRFLEXS,0,Not an employee,,Flexibility,48,3,FALSE,COE_2025_Data_Item_List_DataLab.xlsx
AGRFLEXS,-9,Not collected (2014-2023),,Flexibility,49,4,FALSE,COE_2025_Data_Item_List_DataLab.xlsx
AGREFLEX,10,Had an agreement to work flexible hours (2024- ),,Flexibility,53,1,FALSE,COE_2025_Data_Item_List_DataLab.xlsx
AGREFLEX,11,Had a written agreement to work flexible hours (2014-2023),,Flexibility,54,2,FALSE,COE_2025_Data_Item_List_DataLab.xlsx
AGREFLEX,12,Had an unwritten agreement to work flexible hours (2014-2023),,Flexibility,55,3,FALSE,COE_2025_Data_Item_List_DataLab.xlsx
AGREFLEX,20,Did not have an agreement to work flexible hours,,Flexibility,56,4,FALSE,COE_2025_Data_Item_List_DataLab.xlsx
AGREFLEX,00,Not an employee,,Flexibility,57,5,FALSE,COE_2025_Data_Item_List_DataLab.xlsx
AGREFLEX,-9,Not collected (2014-2023),,Flexibility,58,6,FALSE,COE_2025_Data_Item_List_DataLab.xlsx
SAYNTIME,11,Able to choose own start or finish times,,Flexibility,62,1,FALSE,COE_2025_Data_Item_List_DataLab.xlsx
SAYNTIME,12,Times negotiated with employer in advance,,Flexibility,63,2,FALSE,COE_2025_Data_Item_List_DataLab.xlsx
SAYNTIME,20,Did not have any say in start or finish times,,Flexibility,64,3,FALSE,COE_2025_Data_Item_List_DataLab.xlsx
SAYNTIME,00,Not an employee,,Flexibility,65,4,FALSE,COE_2025_Data_Item_List_DataLab.xlsx
SAYNTIME,-9,Not collected (2014-2023),,Flexibility,66,5,FALSE,COE_2025_Data_Item_List_DataLab.xlsx
FLEXTIME,1,Able to work extra hours to take time off,,Flexibility,69,1,FALSE,COE_2025_Data_Item_List_DataLab.xlsx
FLEXTIME,5,Not able to work extra hours to take time off,,Flexibility,70,2,FALSE,COE_2025_Data_Item_List_DataLab.xlsx
FLEXTIME,0,Not an employee,,Flexibility,71,3,FALSE,COE_2025_Data_Item_List_DataLab.xlsx
FLEXTIME,-9,Not collected (2014-2023),,Flexibility,72,4,FALSE,COE_2025_Data_Item_List_DataLab.xlsx
DAYWORKA,1,Usually works Monday-Friday,Odd years only,Arrangements,11,1,FALSE,COE_2025_Data_Item_List_DataLab.xlsx
DAYWORKA,0,Does not usually work Monday-Friday,,Arrangements,12,2,FALSE,COE_2025_Data_Item_List_DataLab.xlsx
DAYWORKA,-1,Not employed (or not in scope),,Arrangements,13,3,FALSE,COE_2025_Data_Item_List_DataLab.xlsx
DAYWORKA,-9,Not collected,,Arrangements,14,4,FALSE,COE_2025_Data_Item_List_DataLab.xlsx
DAYWORKB,2,Usually works Monday,Odd years only,Arrangements,17,1,FALSE,COE_2025_Data_Item_List_DataLab.xlsx
DAYWORKB,0,Does not usually work Monday,,Arrangements,18,2,FALSE,COE_2025_Data_Item_List_DataLab.xlsx
DAYWORKB,-1,Not employed (or not in scope),,Arrangements,19,3,FALSE,COE_2025_Data_Item_List_DataLab.xlsx
DAYWORKB,-9,Not collected,,Arrangements,20,4,FALSE,COE_2025_Data_Item_List_DataLab.xlsx
DAYWORKC,3,Usually works Tuesday,Odd years only,Arrangements,23,1,FALSE,COE_2025_Data_Item_List_DataLab.xlsx
DAYWORKC,0,Does not usually work Tuesday,,Arrangements,24,2,FALSE,COE_2025_Data_Item_List_DataLab.xlsx
DAYWORKC,-1,Not employed (or not in scope),,Arrangements,25,3,FALSE,COE_2025_Data_Item_List_DataLab.xlsx
DAYWORKC,-9,Not collected,,Arrangements,26,4,FALSE,COE_2025_Data_Item_List_DataLab.xlsx
DAYWORKD,4,Usually works Wednesday,Odd years only,Arrangements,29,1,FALSE,COE_2025_Data_Item_List_DataLab.xlsx
DAYWORKD,0,Does not usually work Wednesday,,Arrangements,30,2,FALSE,COE_2025_Data_Item_List_DataLab.xlsx
DAYWORKD,-1,Not employed (or not in scope),,Arrangements,31,3,FALSE,COE_2025_Data_Item_List_DataLab.xlsx
DAYWORKD,-9,Not collected,,Arrangements,32,4,FALSE,COE_2025_Data_Item_List_DataLab.xlsx
DAYWORKE,5,Usually works Thursday,Odd years only,Arrangements,35,1,FALSE,COE_2025_Data_Item_List_DataLab.xlsx
DAYWORKE,0,Does not usually work Thursday,,Arrangements,36,2,FALSE,COE_2025_Data_Item_List_DataLab.xlsx
DAYWORKE,-1,Not employed (or not in scope),,Arrangements,37,3,FALSE,COE_2025_Data_Item_List_DataLab.xlsx
DAYWORKE,-9,Not collected,,Arrangements,38,4,FALSE,COE_2025_Data_Item_List_DataLab.xlsx
DAYWORKF,6,Usually works Friday,Odd years only,Arrangements,41,1,FALSE,COE_2025_Data_Item_List_DataLab.xlsx
DAYWORKF,0,Does not usually work Friday,,Arrangements,42,2,FALSE,COE_2025_Data_Item_List_DataLab.xlsx
DAYWORKF,-1,Not employed (or not in scope),,Arrangements,43,3,FALSE,COE_2025_Data_Item_List_DataLab.xlsx
DAYWORKF,-9,Not collected,,Arrangements,44,4,FALSE,COE_2025_Data_Item_List_DataLab.xlsx
DAYWORKG,7,Usually works Saturday,Odd years only,Arrangements,47,1,FALSE,COE_2025_Data_Item_List_DataLab.xlsx
DAYWORKG,0,Does not usually work Saturday,,Arrangements,48,2,FALSE,COE_2025_Data_Item_List_DataLab.xlsx
DAYWORKG,-1,Not employed (or not in scope),,Arrangements,49,3,FALSE,COE_2025_Data_Item_List_DataLab.xlsx
DAYWORKG,-9,Not collected,,Arrangements,50,4,FALSE,COE_2025_Data_Item_List_DataLab.xlsx
DAYWORKH,8,Usually works Sunday,Odd years only,Arrangements,53,1,FALSE,COE_2025_Data_Item_List_DataLab.xlsx
DAYWORKH,0,Does not usually work Sunday,,Arrangements,54,2,FALSE,COE_2025_Data_Item_List_DataLab.xlsx
DAYWORKH,-1,Not employed (or not in scope),,Arrangements,55,3,FALSE,COE_2025_Data_Item_List_DataLab.xlsx
DAYWORKH,-9,Not collected,,Arrangements,56,4,FALSE,COE_2025_Data_Item_List_DataLab.xlsx
DAYWORKI,9,Days worked usually vary,Odd years only,Arrangements,59,1,FALSE,COE_2025_Data_Item_List_DataLab.xlsx
DAYWORKI,0,Did not chose this option,,Arrangements,60,2,FALSE,COE_2025_Data_Item_List_DataLab.xlsx
DAYWORKI,-1,Not employed (or not in scope),,Arrangements,61,3,FALSE,COE_2025_Data_Item_List_DataLab.xlsx
DAYWORKI,-9,Not collected,,Arrangements,62,4,FALSE,COE_2025_Data_Item_List_DataLab.xlsx
WORKDAYS,1,1 day,Odd years only,Arrangements,65,1,FALSE,COE_2025_Data_Item_List_DataLab.xlsx
WORKDAYS,2,2 days,,Arrangements,66,2,FALSE,COE_2025_Data_Item_List_DataLab.xlsx
WORKDAYS,3,3 days,,Arrangements,67,3,FALSE,COE_2025_Data_Item_List_DataLab.xlsx
WORKDAYS,4,4 days,,Arrangements,68,4,FALSE,COE_2025_Data_Item_List_DataLab.xlsx
WORKDAYS,5,5 days,,Arrangements,69,5,FALSE,COE_2025_Data_Item_List_DataLab.xlsx
WORKDAYS,6,6 days,,Arrangements,70,6,FALSE,COE_2025_Data_Item_List_DataLab.xlsx
WORKDAYS,7,7 days,,Arrangements,71,7,FALSE,COE_2025_Data_Item_List_DataLab.xlsx
WORKDAYS,0,Not employed (or not in scope),,Arrangements,72,8,FALSE,COE_2025_Data_Item_List_DataLab.xlsx
WORKDAYS,-9,Not collected (odd years only),,Arrangements,73,9,FALSE,COE_2025_Data_Item_List_DataLab.xlsx
TYPESHFT,1,Rotating shift which periodically changes,,Arrangements,77,1,FALSE,COE_2025_Data_Item_List_DataLab.xlsx
TYPESHFT,2,Regular evening or graveyard shift,,Arrangements,78,2,FALSE,COE_2025_Data_Item_List_DataLab.xlsx
TYPESHFT,3,Regular morning shift,,Arrangements,79,3,FALSE,COE_2025_Data_Item_List_DataLab.xlsx
TYPESHFT,4,Regular afternoon shift,,Arrangements,80,4,FALSE,COE_2025_Data_Item_List_DataLab.xlsx
TYPESHFT,5,Irregular shift,,Arrangements,81,5,FALSE,COE_2025_Data_Item_List_DataLab.xlsx
TYPESHFT,6,Split shift,,Arrangements,82,6,FALSE,COE_2025_Data_Item_List_DataLab.xlsx
TYPESHFT,7,On call,,Arrangements,83,7,FALSE,COE_2025_Data_Item_List_DataLab.xlsx
TYPESHFT,8,Other,,Arrangements,84,8,FALSE,COE_2025_Data_Item_List_DataLab.xlsx
TYPESHFT,9,Did not usually work shift work,,Arrangements,85,9,FALSE,COE_2025_Data_Item_List_DataLab.xlsx
TYPESHFT,0,Not employed (or not in scope),,Arrangements,86,10,FALSE,COE_2025_Data_Item_List_DataLab.xlsx
TYPESHFT,-9,Not collected (2025-),,Arrangements,87,11,FALSE,COE_2025_Data_Item_List_DataLab.xlsx
COEQ205,1,Usually required to be on call or standby,,Arrangements,90,1,FALSE,COE_2025_Data_Item_List_DataLab.xlsx
COEQ205,5,Not usually required to be on call or standby,,Arrangements,91,2,FALSE,COE_2025_Data_Item_List_DataLab.xlsx
COEQ205,0,Not employed (or not in scope),,Arrangements,92,3,FALSE,COE_2025_Data_Item_List_DataLab.xlsx
COEQ205,-9,Not collected (2025-),,Arrangements,93,4,FALSE,COE_2025_Data_Item_List_DataLab.xlsx
WKDDAYS,1,Weekdays only,Odd years only,Arrangements,96,1,FALSE,COE_2025_Data_Item_List_DataLab.xlsx
WKDDAYS,2,Weekends only,,Arrangements,97,2,FALSE,COE_2025_Data_Item_List_DataLab.xlsx
WKDDAYS,3,Both weekdays and weekends,,Arrangements,98,3,FALSE,COE_2025_Data_Item_List_DataLab.xlsx
WKDDAYS,0,Not employed (or not in scope),,Arrangements,99,4,FALSE,COE_2025_Data_Item_List_DataLab.xlsx
WKDDAYS,-9,Not collected (odd years only),,Arrangements,100,5,FALSE,COE_2025_Data_Item_List_DataLab.xlsx
NIGHTSHF,1,Regularly worked an evening or graveyard shift,Odd years only,Arrangements,103,1,FALSE,COE_2025_Data_Item_List_DataLab.xlsx
NIGHTSHF,5,Did not regularly work an evening or graveyard shift,,Arrangements,104,2,FALSE,COE_2025_Data_Item_List_DataLab.xlsx
NIGHTSHF,0,Not employed (or not in scope),,Arrangements,105,3,FALSE,COE_2025_Data_Item_List_DataLab.xlsx
NIGHTSHF,-9,Not collected,,Arrangements,106,4,FALSE,COE_2025_Data_Item_List_DataLab.xlsx
NIGHTWRK,1,Regularly worked at night,,Arrangements,109,1,FALSE,COE_2025_Data_Item_List_DataLab.xlsx
NIGHTWRK,5,Did not regularly work at night,,Arrangements,110,2,FALSE,COE_2025_Data_Item_List_DataLab.xlsx
NIGHTWRK,0,Not employed (or not in scope),,Arrangements,111,3,FALSE,COE_2025_Data_Item_List_DataLab.xlsx
NIGHTWRK,-9,Not collected (2014-2023),,Arrangements,112,4,FALSE,COE_2025_Data_Item_List_DataLab.xlsx
DURTUMYA,1,Years (0.00 years),,Trade Unions,12,1,FALSE,COE_2025_Data_Item_List_DataLab.xlsx
DURTUMYA,-1,Trade union member not in connection with main job,,Trade Unions,13,2,FALSE,COE_2025_Data_Item_List_DataLab.xlsx
DURTUMYA,-2,Previously a trade union member,,Trade Unions,14,3,FALSE,COE_2025_Data_Item_List_DataLab.xlsx
DURTUMYA,-3,Never been a trade union member,,Trade Unions,15,4,FALSE,COE_2025_Data_Item_List_DataLab.xlsx
DURTUMYA,-8,Not employed (or not in scope),,Trade Unions,16,5,FALSE,COE_2025_Data_Item_List_DataLab.xlsx
DURTUMYA,-9,Not collected (even years only),,Trade Unions,17,6,FALSE,COE_2025_Data_Item_List_DataLab.xlsx
DURTUMYB,0.01,1 week,,Trade Unions,20,1,FALSE,COE_2025_Data_Item_List_DataLab.xlsx
DURTUMYB,0.03,2 weeks,,Trade Unions,21,2,FALSE,COE_2025_Data_Item_List_DataLab.xlsx
DURTUMYB,0.05,3 weeks,,Trade Unions,22,3,FALSE,COE_2025_Data_Item_List_DataLab.xlsx
DURTUMYB,...,...,,Trade Unions,23,4,TRUE,COE_2025_Data_Item_List_DataLab.xlsx
DURTUMYB,0.94,49 weeks,,Trade Unions,24,5,FALSE,COE_2025_Data_Item_List_DataLab.xlsx
DURTUMYB,0.96,50 weeks,,Trade Unions,25,6,FALSE,COE_2025_Data_Item_List_DataLab.xlsx
DURTUMYB,0.98,51 weeks,,Trade Unions,26,7,FALSE,COE_2025_Data_Item_List_DataLab.xlsx
DURTUMYB,1,1 year,,Trade Unions,27,8,FALSE,COE_2025_Data_Item_List_DataLab.xlsx
DURTUMYB,2,2 years,,Trade Unions,28,9,FALSE,COE_2025_Data_Item_List_DataLab.xlsx
DURTUMYB,3,3 years,,Trade Unions,29,10,FALSE,COE_2025_Data_Item_List_DataLab.xlsx
DURTUMYB,...,...,,Trade Unions,30,11,TRUE,COE_2025_Data_Item_List_DataLab.xlsx
DURTUMYB,9,9 years,,Trade Unions,31,12,FALSE,COE_2025_Data_Item_List_DataLab.xlsx
DURTUMYB,10,10 years and over,,Trade Unions,32,13,FALSE,COE_2025_Data_Item_List_DataLab.xlsx
DURTUMYB,00,Not a trade union member,,Trade Unions,33,14,FALSE,COE_2025_Data_Item_List_DataLab.xlsx
DURTUMWA,1,Weeks,,Trade Unions,37,1,FALSE,COE_2025_Data_Item_List_DataLab.xlsx
DURTUMWA,-1,Trade union member not in connection with main job,,Trade Unions,38,2,FALSE,COE_2025_Data_Item_List_DataLab.xlsx
DURTUMWA,-2,Previously a trade union member,,Trade Unions,39,3,FALSE,COE_2025_Data_Item_List_DataLab.xlsx
DURTUMWA,-3,Never been a trade union member,,Trade Unions,40,4,FALSE,COE_2025_Data_Item_List_DataLab.xlsx
DURTUMWA,-8,Not employed (or not in scope),,Trade Unions,41,5,FALSE,COE_2025_Data_Item_List_DataLab.xlsx
DURTUMWA,-9,Not collected (even years only),,Trade Unions,42,6,FALSE,COE_2025_Data_Item_List_DataLab.xlsx
DURTUMWB,1,1 week,,Trade Unions,45,1,FALSE,COE_2025_Data_Item_List_DataLab.xlsx
DURTUMWB,2,2 weeks,,Trade Unions,46,2,FALSE,COE_2025_Data_Item_List_DataLab.xlsx
DURTUMWB,3,3 weeks,,Trade Unions,47,3,FALSE,COE_2025_Data_Item_List_DataLab.xlsx
DURTUMWB,...,...,,Trade Unions,48,4,TRUE,COE_2025_Data_Item_List_DataLab.xlsx
DURTUMWB,49,49 weeks,,Trade Unions,49,5,FALSE,COE_2025_Data_Item_List_DataLab.xlsx
DURTUMWB,50,50 weeks,,Trade Unions,50,6,FALSE,COE_2025_Data_Item_List_DataLab.xlsx
DURTUMWB,51,51 weeks,,Trade Unions,51,7,FALSE,COE_2025_Data_Item_List_DataLab.xlsx
DURTUMWB,52,1 year,,Trade Unions,52,8,FALSE,COE_2025_Data_Item_List_DataLab.xlsx
DURTUMWB,104,2 years,,Trade Unions,53,9,FALSE,COE_2025_Data_Item_List_DataLab.xlsx
DURTUMWB,156,3 years,,Trade Unions,54,10,FALSE,COE_2025_Data_Item_List_DataLab.xlsx
DURTUMWB,...,...,,Trade Unions,55,11,TRUE,COE_2025_Data_Item_List_DataLab.xlsx
DURTUMWB,468,9 years,,Trade Unions,56,12,FALSE,COE_2025_Data_Item_List_DataLab.xlsx
DURTUMWB,520,10 years and over,,Trade Unions,57,13,FALSE,COE_2025_Data_Item_List_DataLab.xlsx
DURTUMWB,000,Not a trade union member,,Trade Unions,58,14,FALSE,COE_2025_Data_Item_List_DataLab.xlsx
TUMLAST,1,Currently a trade union member,Even years only,Trade Unions,61,1,FALSE,COE_2025_Data_Item_List_DataLab.xlsx
TUMLAST,2,Previously a trade union member,,Trade Unions,62,2,FALSE,COE_2025_Data_Item_List_DataLab.xlsx
TUMLAST,3,Never been a trade union member,,Trade Unions,63,3,FALSE,COE_2025_Data_Item_List_DataLab.xlsx
TUMLAST,0,Not employed (or not in scope),,Trade Unions,64,4,FALSE,COE_2025_Data_Item_List_DataLab.xlsx
TUMLAST,-9,Not collected (even years only),,Trade Unions,65,5,FALSE,COE_2025_Data_Item_List_DataLab.xlsx
TRADEAJ,1,Trade union member in main job,,Trade Unions,69,1,FALSE,COE_2025_Data_Item_List_DataLab.xlsx
TRADEAJ,2,Trade union member not in connection with main job,,Trade Unions,70,2,FALSE,COE_2025_Data_Item_List_DataLab.xlsx
TRADEAJ,3,Not a trade union member,,Trade Unions,71,3,FALSE,COE_2025_Data_Item_List_DataLab.xlsx
TRADEAJ,4,Did not know,,Trade Unions,72,4,FALSE,COE_2025_Data_Item_List_DataLab.xlsx
TRADEAJ,0,Not employed (or not in scope),,Trade Unions,73,5,FALSE,COE_2025_Data_Item_List_DataLab.xlsx
TRADEAJ,-9,Not collected (even years only),,Trade Unions,74,6,FALSE,COE_2025_Data_Item_List_DataLab.xlsx
HRLYRMJA,1,Hourly rate ($0.00/hr),,Parameters,12,1,FALSE,COE_2025_Data_Item_List_DataLab.xlsx
HRLYRMJA,-1,On workers compensation,,Parameters,13,2,FALSE,COE_2025_Data_Item_List_DataLab.xlsx
HRLYRMJA,-2,Payment in kind,,Parameters,14,3,FALSE,COE_2025_Data_Item_List_DataLab.xlsx
HRLYRMJA,-3,Did not draw a wage or salary (OMIE),,Parameters,15,4,FALSE,COE_2025_Data_Item_List_DataLab.xlsx
HRLYRMJA,-9,Not an employee or OMIE,,Parameters,16,5,FALSE,COE_2025_Data_Item_List_DataLab.xlsx
HRLYRMJB,0.00,Hourly rate ($0.00/hr),,Parameters,19,1,FALSE,COE_2025_Data_Item_List_DataLab.xlsx
HRLYRSJA,1,Hourly rate ($0.00/hr),,Parameters,23,1,FALSE,COE_2025_Data_Item_List_DataLab.xlsx
HRLYRSJA,-1,On workers compensation,,Parameters,24,2,FALSE,COE_2025_Data_Item_List_DataLab.xlsx
HRLYRSJA,-2,Payment in kind,,Parameters,25,3,FALSE,COE_2025_Data_Item_List_DataLab.xlsx
HRLYRSJA,-3,Did not draw a wage or salary (OMIE),,Parameters,26,4,FALSE,COE_2025_Data_Item_List_DataLab.xlsx
HRLYRSJA,-9,No second job or not an employee or OMIE,,Parameters,27,5,FALSE,COE_2025_Data_Item_List_DataLab.xlsx
HRLYRSJA,-10,Not collected (2025-),,Parameters,28,6,FALSE,COE_2025_Data_Item_List_DataLab.xlsx
HRLYRSJB,0.00,Hourly rate ($0.00/hr),,Parameters,31,1,FALSE,COE_2025_Data_Item_List_DataLab.xlsx
WKPAYMJA,1,Single dollar value ($),,Parameters,35,1,FALSE,COE_2025_Data_Item_List_DataLab.xlsx
WKPAYMJA,-2,Payment in kind,,Parameters,36,2,FALSE,COE_2025_Data_Item_List_DataLab.xlsx
WKPAYMJA,-3,Did not draw a wage or salary (OMIE),,Parameters,37,3,FALSE,COE_2025_Data_Item_List_DataLab.xlsx
WKPAYMJA,-9,Not an employee or OMIE,,Parameters,38,4,FALSE,COE_2025_Data_Item_List_DataLab.xlsx
WKPAYMJB,0,Single dollar value ($),,Parameters,41,1,FALSE,COE_2025_Data_Item_List_DataLab.xlsx
WKPAYSJA,1,Single dollar value ($),,Parameters,45,1,FALSE,COE_2025_Data_Item_List_DataLab.xlsx
WKPAYSJA,-2,Payment in kind,,Parameters,46,2,FALSE,COE_2025_Data_Item_List_DataLab.xlsx
WKPAYSJA,-3,Did not draw a wage or salary (OMIE),,Parameters,47,3,FALSE,COE_2025_Data_Item_List_DataLab.xlsx
WKPAYSJA,-9,No second job or not an employee or OMIE,,Parameters,48,4,FALSE,COE_2025_Data_Item_List_DataLab.xlsx
WKPAYSJA,-10,Not collected (2025-),,Parameters,49,5,FALSE,COE_2025_Data_Item_List_DataLab.xlsx
WKPAYSJB,0,Single dollar value ($),,Parameters,52,1,FALSE,COE_2025_Data_Item_List_DataLab.xlsx
WKPAYAJA,1,Single dollar value ($),,Parameters,56,1,FALSE,COE_2025_Data_Item_List_DataLab.xlsx
WKPAYAJA,-2,Payment in kind,,Parameters,57,2,FALSE,COE_2025_Data_Item_List_DataLab.xlsx
WKPAYAJA,-3,Did not draw a wage or salary (OMIE),,Parameters,58,3,FALSE,COE_2025_Data_Item_List_DataLab.xlsx
WKPAYAJA,-9,Not an employee or OMIE in main or second job,,Parameters,59,4,FALSE,COE_2025_Data_Item_List_DataLab.xlsx
WKPAYAJA,-10,Not collected (2025-),,Parameters,60,5,FALSE,COE_2025_Data_Item_List_DataLab.xlsx
WKPAYAJB,0,Single dollar value ($),,Parameters,63,1,FALSE,COE_2025_Data_Item_List_DataLab.xlsx
COEPOP1,1,P01 - Employed people,,Populations,11,1,FALSE,COE_2025_Data_Item_List_DataLab.xlsx
COEPOP1,0,Not in population,,Populations,12,2,FALSE,COE_2025_Data_Item_List_DataLab.xlsx
COEPOP1,-1,Not employed (or not in scope),,Populations,13,3,FALSE,COE_2025_Data_Item_List_DataLab.xlsx
COEPOP2,1,P02 - Employees in main job,,Populations,16,1,FALSE,COE_2025_Data_Item_List_DataLab.xlsx
COEPOP2,0,Not in population,,Populations,17,2,FALSE,COE_2025_Data_Item_List_DataLab.xlsx
COEPOP2,-1,Not employed (or not in scope),,Populations,18,3,FALSE,COE_2025_Data_Item_List_DataLab.xlsx
COEPOP3,1,P03 - Employees and OMIEs in main job,,Populations,21,1,FALSE,COE_2025_Data_Item_List_DataLab.xlsx
COEPOP3,0,Not in population,,Populations,22,2,FALSE,COE_2025_Data_Item_List_DataLab.xlsx
COEPOP3,-1,Not employed (or not in scope),,Populations,23,3,FALSE,COE_2025_Data_Item_List_DataLab.xlsx
COEPOP4,1,P04 - Employees and OMIEs in main job,,Populations,26,1,FALSE,COE_2025_Data_Item_List_DataLab.xlsx
COEPOP4,0,Not in population,,Populations,27,2,FALSE,COE_2025_Data_Item_List_DataLab.xlsx
COEPOP4,-1,Not employed (or not in scope),,Populations,28,3,FALSE,COE_2025_Data_Item_List_DataLab.xlsx
COEPOP5,1,P05 - Owner managers of unincorporated enterprises (OMUEs) in main job,,Populations,31,1,FALSE,COE_2025_Data_Item_List_DataLab.xlsx
COEPOP5,0,Not in population,,Populations,32,2,FALSE,COE_2025_Data_Item_List_DataLab.xlsx
COEPOP5,-1,Not employed (or not in scope),,Populations,33,3,FALSE,COE_2025_Data_Item_List_DataLab.xlsx
COEPOP6,1,P06 - Employed people who would prefer more hours,,Populations,36,1,FALSE,COE_2025_Data_Item_List_DataLab.xlsx
COEPOP6,0,Not in population,,Populations,37,2,FALSE,COE_2025_Data_Item_List_DataLab.xlsx
COEPOP6,-1,Not employed (or not in scope),,Populations,38,3,FALSE,COE_2025_Data_Item_List_DataLab.xlsx
COEPOP7,1,P07 - Independent contractors,,Populations,41,1,FALSE,COE_2025_Data_Item_List_DataLab.xlsx
COEPOP7,0,Not in population,,Populations,42,2,FALSE,COE_2025_Data_Item_List_DataLab.xlsx
COEPOP7,-1,Not employed (or not in scope),,Populations,43,3,FALSE,COE_2025_Data_Item_List_DataLab.xlsx
COEPOP8,1,P08 - Multiple job holders,,Populations,46,1,FALSE,COE_2025_Data_Item_List_DataLab.xlsx
COEPOP8,0,Not in population,,Populations,47,2,FALSE,COE_2025_Data_Item_List_DataLab.xlsx
COEPOP8,-1,Not employed (or not in scope),,Populations,48,3,FALSE,COE_2025_Data_Item_List_DataLab.xlsx
COEPOP9,1,P09 - Employees in second job,,Populations,51,1,FALSE,COE_2025_Data_Item_List_DataLab.xlsx
COEPOP9,0,Not in population,,Populations,52,2,FALSE,COE_2025_Data_Item_List_DataLab.xlsx
COEPOP9,-1,Not employed (or not in scope),,Populations,53,3,FALSE,COE_2025_Data_Item_List_DataLab.xlsx
COEPOP10,1,P10 - Employees and OMIEs in second job,,Populations,56,1,FALSE,COE_2025_Data_Item_List_DataLab.xlsx
COEPOP10,0,Not in population,,Populations,57,2,FALSE,COE_2025_Data_Item_List_DataLab.xlsx
COEPOP10,-1,Not employed (or not in scope),,Populations,58,3,FALSE,COE_2025_Data_Item_List_DataLab.xlsx
COEPOP11,1,P11 - Trade union members in main job,Even years only,Populations,61,1,FALSE,COE_2025_Data_Item_List_DataLab.xlsx
COEPOP11,0,Not in population,,Populations,62,2,FALSE,COE_2025_Data_Item_List_DataLab.xlsx
COEPOP11,-1,Not employed (or not in scope),,Populations,63,3,FALSE,COE_2025_Data_Item_List_DataLab.xlsx
COEPOP11,-9,Not collected (even years only),,Populations,64,4,FALSE,COE_2025_Data_Item_List_DataLab.xlsx
COEPOP12,1,P12 - Trade union members,Even years only,Populations,67,1,FALSE,COE_2025_Data_Item_List_DataLab.xlsx
COEPOP12,0,Not in population,,Populations,68,2,FALSE,COE_2025_Data_Item_List_DataLab.xlsx
COEPOP12,-1,Not employed (or not in scope),,Populations,69,3,FALSE,COE_2025_Data_Item_List_DataLab.xlsx
COEPOP12,-9,Not collected (even years only),,Populations,70,4,FALSE,COE_2025_Data_Item_List_DataLab.xlsx
COEPOP13,1,P13 - People who found work through a labour hire firm or employment agency,Even years only,Populations,73,1,FALSE,COE_2025_Data_Item_List_DataLab.xlsx
COEPOP13,0,Not in population,,Populations,74,2,FALSE,COE_2025_Data_Item_List_DataLab.xlsx
COEPOP13,-1,Not employed (or not in scope),,Populations,75,3,FALSE,COE_2025_Data_Item_List_DataLab.xlsx
COEPOP13,-9,Not collected (even years only),,Populations,76,4,FALSE,COE_2025_Data_Item_List_DataLab.xlsx
COEPOP14,1,P14 - Labour hire workers,Even years only,Populations,79,1,FALSE,COE_2025_Data_Item_List_DataLab.xlsx
COEPOP14,0,Not in population,,Populations,80,2,FALSE,COE_2025_Data_Item_List_DataLab.xlsx
COEPOP14,-1,Not employed (or not in scope),,Populations,81,3,FALSE,COE_2025_Data_Item_List_DataLab.xlsx
COEPOP14,-9,Not collected (even years only),,Populations,82,4,FALSE,COE_2025_Data_Item_List_DataLab.xlsx
