"Domain","Variable.Name","Value","Source.Sheet"
"iplord_technology","","1_electrical_machinery_apparatus_energy","A10"
"iplord_technology","","10_measurement","A10"
"iplord_technology","","11_analysis_of_biological_materials","A10"
"iplord_technology","","12_control","A10"
"iplord_technology","","13_medical_technology","A10"
"iplord_technology","","14_organic_fine_chemistry","A10"
"iplord_technology","","15_biotechnology","A10"
"iplord_technology","","16_pharmaceuticals","A10"
"iplord_technology","","17_macromolecular_chemistry_polymers","A10"
"iplord_technology","","18_food_chemistry","A10"
"iplord_technology","","19_basic_materials_chemistry","A10"
"iplord_technology","","2_audio_visual_technology","A10"
"iplord_technology","","20_materials_metallurgy","A10"
"iplord_technology","","21_surface_technology_coating","A10"
"iplord_technology","","22_micro_structure_and_nano_technology","A10"
"iplord_technology","","23_chemical_engineering","A10"
"iplord_technology","","24_environmental_technology","A10"
"iplord_technology","","25_handling","A10"
"iplord_technology","","26_machine_tools","A10"
"iplord_technology","","27_engines_pumps_turbines","A10"
"iplord_technology","","28_textile_and_paper_machines","A10"
"iplord_technology","","29_other_special_machines","A10"
"iplord_technology","","3_telecommunications","A10"
"iplord_technology","","30_thermal_processes_and_apparatus","A10"
"iplord_technology","","31_mechanical_elements","A10"
"iplord_technology","","32_transport","A10"
"iplord_technology","","33_furniture_games","A10"
"iplord_technology","","34_other_consumer_goods","A10"
"iplord_technology","","35_civil_engineering","A10"
"iplord_technology","","4_digital_communication","A10"
"iplord_technology","","5_basic_communication_processes","A10"
"iplord_technology","","6_computer_technology","A10"
"iplord_technology","","7_it_methods_for_management","A10"
"iplord_technology","","8_semiconductors","A10"
"iplord_technology","","9_optics","A10"
"variable","hq_country","Australia","A11"
"variable","hq_country","Austria","A11"
"variable","hq_country","Bahrain","A11"
"variable","hq_country","Barbados","A11"
"variable","hq_country","Belgium","A11"
"variable","hq_country","Bermuda","A11"
"variable","hq_country","British Virgin Islands","A11"
"variable","hq_country","Bulgaria","A11"
"variable","hq_country","Burkina Faso","A11"
"variable","hq_country","Canada","A11"
"variable","hq_country","Chile","A11"
"variable","hq_country","China","A11"
"variable","hq_country","Colombia","A11"
"variable","hq_country","Denmark","A11"
"variable","hq_country","Estonia","A11"
"variable","hq_country","Finland","A11"
"variable","hq_country","France","A11"
"variable","hq_country","French-Guiana","A11"
"variable","hq_country","Germany","A11"
"variable","hq_country","Ghana","A11"
"variable","hq_country","Hong Kong","A11"
"variable","hq_country","India","A11"
"variable","hq_country","Ireland","A11"
"variable","hq_country","Israel","A11"
"variable","hq_country","Italy","A11"
"variable","hq_country","Jamaica","A11"
"variable","hq_country","Japan","A11"
"variable","hq_country","Latvia","A11"
"variable","hq_country","Malaysia","A11"
"variable","hq_country","Mexico","A11"
"variable","hq_country","Netherlands","A11"
"variable","hq_country","New Zealand","A11"
"variable","hq_country","Nigeria","A11"
"variable","hq_country","Norway","A11"
"variable","hq_country","Pakistan","A11"
"variable","hq_country","Portugal","A11"
"variable","hq_country","Seychelles","A11"
"variable","hq_country","Singapore","A11"
"variable","hq_country","South Africa","A11"
"variable","hq_country","South Korea","A11"
"variable","hq_country","Spain","A11"
"variable","hq_country","Sweden","A11"
"variable","hq_country","Switzerland","A11"
"variable","hq_country","Turkiye","A11"
"variable","hq_country","United Arab Emirates","A11"
"variable","hq_country","United Kingdom","A11"
"variable","hq_country","United States","A11"
"variable","round_type","ACQUISITION","A11"
"variable","round_type","ANGEL","A11"
"variable","round_type","BANKRUPTCY","A11"
"variable","round_type","BUYOUT","A11"
"variable","round_type","CONVERTIBLE","A11"
"variable","round_type","CORPORATE SPINOUT","A11"
"variable","round_type","DEBT","A11"
"variable","round_type","EARLY VC","A11"
"variable","round_type","GRANT","A11"
"variable","round_type","GROWTH EQUITY NON VC","A11"
"variable","round_type","GROWTH EQUITY VC","A11"
"variable","round_type","ICO","A11"
"variable","round_type","IPO","A11"
"variable","round_type","LATE VC","A11"
"variable","round_type","LENDING CAPITAL","A11"
"variable","round_type","MEDIA FOR EQUITY","A11"
"variable","round_type","MERGER","A11"
"variable","round_type","NOTKNOWN","A11"
"variable","round_type","POST IPO CONVERTIBLE","A11"
"variable","round_type","POST IPO DEBT","A11"
"variable","round_type","POST IPO EQUITY","A11"
"variable","round_type","POST IPO SECONDARY","A11"
"variable","round_type","PRIVATE PLACEMENT NON VC","A11"
"variable","round_type","PRIVATE PLACEMENT VC","A11"
"variable","round_type","PROJECT REAL ESTATE INFRASTRUCTURE FINANCE","A11"
"variable","round_type","SECONDARY","A11"
"variable","round_type","SEED","A11"
"variable","round_type","SERIES A","A11"
"variable","round_type","SERIES B","A11"
"variable","round_type","SERIES C","A11"
"variable","round_type","SERIES D","A11"
"variable","round_type","SERIES E","A11"
"variable","round_type","SERIES F","A11"
"variable","round_type","SERIES G","A11"
"variable","round_type","SERIES H","A11"
"variable","round_type","SERIES I","A11"
"variable","round_type","SPAC IPO","A11"
"variable","round_type","SPAC PRIVATE PLACEMENT","A11"
"variable","round_type","SPINOUT","A11"
"variable","round_type","SUPPORT PROGRAM","A11"
"iso_country_alpha2","","AD","A12"
"iso_country_alpha2","","AE","A12"
"iso_country_alpha2","","AF","A12"
"iso_country_alpha2","","AG","A12"
"iso_country_alpha2","","AI","A12"
"iso_country_alpha2","","AL","A12"
"iso_country_alpha2","","AM","A12"
"iso_country_alpha2","","AO","A12"
"iso_country_alpha2","","AP","A12"
"iso_country_alpha2","","AQ","A12"
"iso_country_alpha2","","AR","A12"
"iso_country_alpha2","","AS","A12"
"iso_country_alpha2","","AT","A12"
"iso_country_alpha2","","AU","A12"
"iso_country_alpha2","","AW","A12"
"iso_country_alpha2","","AX","A12"
"iso_country_alpha2","","AZ","A12"
"iso_country_alpha2","","BA","A12"
"iso_country_alpha2","","BB","A12"
"iso_country_alpha2","","BD","A12"
"iso_country_alpha2","","BE","A12"
"iso_country_alpha2","","BF","A12"
"iso_country_alpha2","","BG","A12"
"iso_country_alpha2","","BH","A12"
"iso_country_alpha2","","BI","A12"
"iso_country_alpha2","","BJ","A12"
"iso_country_alpha2","","BL","A12"
"iso_country_alpha2","","BM","A12"
"iso_country_alpha2","","BN","A12"
"iso_country_alpha2","","BO","A12"
"iso_country_alpha2","","BQ","A12"
"iso_country_alpha2","","BR","A12"
"iso_country_alpha2","","BS","A12"
"iso_country_alpha2","","BT","A12"
"iso_country_alpha2","","BV","A12"
"iso_country_alpha2","","BW","A12"
"iso_country_alpha2","","BX","A12"
"iso_country_alpha2","","BY","A12"
"iso_country_alpha2","","BZ","A12"
"iso_country_alpha2","","CA","A12"
"iso_country_alpha2","","CC","A12"
"iso_country_alpha2","","CD","A12"
"iso_country_alpha2","","CF","A12"
"iso_country_alpha2","","CG","A12"
"iso_country_alpha2","","CH","A12"
"iso_country_alpha2","","CI","A12"
"iso_country_alpha2","","CK","A12"
"iso_country_alpha2","","CL","A12"
"iso_country_alpha2","","CM","A12"
"iso_country_alpha2","","CN","A12"
"iso_country_alpha2","","CO","A12"
"iso_country_alpha2","","CR","A12"
"iso_country_alpha2","","CS","A12"
"iso_country_alpha2","","CU","A12"
"iso_country_alpha2","","CV","A12"
"iso_country_alpha2","","CW","A12"
"iso_country_alpha2","","CX","A12"
"iso_country_alpha2","","CY","A12"
"iso_country_alpha2","","CZ","A12"
"iso_country_alpha2","","DD","A12"
"iso_country_alpha2","","DE","A12"
"iso_country_alpha2","","DJ","A12"
"iso_country_alpha2","","DK","A12"
"iso_country_alpha2","","DM","A12"
"iso_country_alpha2","","DO","A12"
"iso_country_alpha2","","DZ","A12"
"iso_country_alpha2","","EA","A12"
"iso_country_alpha2","","EC","A12"
"iso_country_alpha2","","EE","A12"
"iso_country_alpha2","","EG","A12"
"iso_country_alpha2","","EH","A12"
"iso_country_alpha2","","EM","A12"
"iso_country_alpha2","","EP","A12"
"iso_country_alpha2","","ER","A12"
"iso_country_alpha2","","ES","A12"
"iso_country_alpha2","","ET","A12"
"iso_country_alpha2","","EU","A12"
"iso_country_alpha2","","FI","A12"
"iso_country_alpha2","","FJ","A12"
"iso_country_alpha2","","FK","A12"
"iso_country_alpha2","","FM","A12"
"iso_country_alpha2","","FO","A12"
"iso_country_alpha2","","FR","A12"
"iso_country_alpha2","","GA","A12"
"iso_country_alpha2","","GB","A12"
"iso_country_alpha2","","GC","A12"
"iso_country_alpha2","","GD","A12"
"iso_country_alpha2","","GE","A12"
"iso_country_alpha2","","GF","A12"
"iso_country_alpha2","","GG","A12"
"iso_country_alpha2","","GH","A12"
"iso_country_alpha2","","GI","A12"
"iso_country_alpha2","","GL","A12"
"iso_country_alpha2","","GM","A12"
"iso_country_alpha2","","GN","A12"
"iso_country_alpha2","","GP","A12"
"iso_country_alpha2","","GQ","A12"
"iso_country_alpha2","","GR","A12"
"iso_country_alpha2","","GS","A12"
"iso_country_alpha2","","GT","A12"
"iso_country_alpha2","","GU","A12"
"iso_country_alpha2","","GW","A12"
"iso_country_alpha2","","GY","A12"
"iso_country_alpha2","","HK","A12"
"iso_country_alpha2","","HM","A12"
"iso_country_alpha2","","HN","A12"
"iso_country_alpha2","","HR","A12"
"iso_country_alpha2","","HT","A12"
"iso_country_alpha2","","HU","A12"
"iso_country_alpha2","","IB","A12"
"iso_country_alpha2","","ID","A12"
"iso_country_alpha2","","IE","A12"
"iso_country_alpha2","","IL","A12"
"iso_country_alpha2","","IM","A12"
"iso_country_alpha2","","IN","A12"
"iso_country_alpha2","","IO","A12"
"iso_country_alpha2","","IQ","A12"
"iso_country_alpha2","","IR","A12"
"iso_country_alpha2","","IS","A12"
"iso_country_alpha2","","IT","A12"
"iso_country_alpha2","","JA","A12"
"iso_country_alpha2","","JE","A12"
"iso_country_alpha2","","JM","A12"
"iso_country_alpha2","","JO","A12"
"iso_country_alpha2","","JP","A12"
"iso_country_alpha2","","KE","A12"
"iso_country_alpha2","","KG","A12"
"iso_country_alpha2","","KH","A12"
"iso_country_alpha2","","KI","A12"
"iso_country_alpha2","","KM","A12"
"iso_country_alpha2","","KN","A12"
"iso_country_alpha2","","KP","A12"
"iso_country_alpha2","","KR","A12"
"iso_country_alpha2","","KW","A12"
"iso_country_alpha2","","KY","A12"
"iso_country_alpha2","","KZ","A12"
"iso_country_alpha2","","LA","A12"
"iso_country_alpha2","","LB","A12"
"iso_country_alpha2","","LC","A12"
"iso_country_alpha2","","LI","A12"
"iso_country_alpha2","","LK","A12"
"iso_country_alpha2","","LR","A12"
"iso_country_alpha2","","LS","A12"
"iso_country_alpha2","","LT","A12"
"iso_country_alpha2","","LU","A12"
"iso_country_alpha2","","LV","A12"
"iso_country_alpha2","","LY","A12"
"iso_country_alpha2","","MA","A12"
"iso_country_alpha2","","MC","A12"
"iso_country_alpha2","","MD","A12"
"iso_country_alpha2","","ME","A12"
"iso_country_alpha2","","MF","A12"
"iso_country_alpha2","","MG","A12"
"iso_country_alpha2","","MH","A12"
"iso_country_alpha2","","MK","A12"
"iso_country_alpha2","","ML","A12"
"iso_country_alpha2","","MM","A12"
"iso_country_alpha2","","MN","A12"
"iso_country_alpha2","","MO","A12"
"iso_country_alpha2","","MP","A12"
"iso_country_alpha2","","MQ","A12"
"iso_country_alpha2","","MR","A12"
"iso_country_alpha2","","MS","A12"
"iso_country_alpha2","","MT","A12"
"iso_country_alpha2","","MU","A12"
"iso_country_alpha2","","MV","A12"
"iso_country_alpha2","","MW","A12"
"iso_country_alpha2","","MX","A12"
"iso_country_alpha2","","MY","A12"
"iso_country_alpha2","","MZ","A12"
"iso_country_alpha2","","NA","A12"
"iso_country_alpha2","","NAN","A12"
"iso_country_alpha2","","NC","A12"
"iso_country_alpha2","","NE","A12"
"iso_country_alpha2","","NF","A12"
"iso_country_alpha2","","NG","A12"
"iso_country_alpha2","","NI","A12"
"iso_country_alpha2","","NL","A12"
"iso_country_alpha2","","NO","A12"
"iso_country_alpha2","","NP","A12"
"iso_country_alpha2","","NR","A12"
"iso_country_alpha2","","NU","A12"
"iso_country_alpha2","","NZ","A12"
"iso_country_alpha2","","OA","A12"
"iso_country_alpha2","","OM","A12"
"iso_country_alpha2","","PA","A12"
"iso_country_alpha2","","PE","A12"
"iso_country_alpha2","","PF","A12"
"iso_country_alpha2","","PG","A12"
"iso_country_alpha2","","PH","A12"
"iso_country_alpha2","","PK","A12"
"iso_country_alpha2","","PL","A12"
"iso_country_alpha2","","PM","A12"
"iso_country_alpha2","","PN","A12"
"iso_country_alpha2","","PR","A12"
"iso_country_alpha2","","PS","A12"
"iso_country_alpha2","","PT","A12"
"iso_country_alpha2","","PW","A12"
"iso_country_alpha2","","PY","A12"
"iso_country_alpha2","","QA","A12"
"iso_country_alpha2","","RE","A12"
"iso_country_alpha2","","RO","A12"
"iso_country_alpha2","","RS","A12"
"iso_country_alpha2","","RU","A12"
"iso_country_alpha2","","RW","A12"
"iso_country_alpha2","","SA","A12"
"iso_country_alpha2","","SB","A12"
"iso_country_alpha2","","SC","A12"
"iso_country_alpha2","","SD","A12"
"iso_country_alpha2","","SE","A12"
"iso_country_alpha2","","SG","A12"
"iso_country_alpha2","","SH","A12"
"iso_country_alpha2","","SI","A12"
"iso_country_alpha2","","SJ","A12"
"iso_country_alpha2","","SK","A12"
"iso_country_alpha2","","SL","A12"
"iso_country_alpha2","","SM","A12"
"iso_country_alpha2","","SN","A12"
"iso_country_alpha2","","SO","A12"
"iso_country_alpha2","","SR","A12"
"iso_country_alpha2","","SS","A12"
"iso_country_alpha2","","ST","A12"
"iso_country_alpha2","","SU","A12"
"iso_country_alpha2","","SV","A12"
"iso_country_alpha2","","SX","A12"
"iso_country_alpha2","","SY","A12"
"iso_country_alpha2","","SZ","A12"
"iso_country_alpha2","","TC","A12"
"iso_country_alpha2","","TD","A12"
"iso_country_alpha2","","TF","A12"
"iso_country_alpha2","","TG","A12"
"iso_country_alpha2","","TH","A12"
"iso_country_alpha2","","TJ","A12"
"iso_country_alpha2","","TK","A12"
"iso_country_alpha2","","TL","A12"
"iso_country_alpha2","","TM","A12"
"iso_country_alpha2","","TN","A12"
"iso_country_alpha2","","TO","A12"
"iso_country_alpha2","","TR","A12"
"iso_country_alpha2","","TT","A12"
"iso_country_alpha2","","TV","A12"
"iso_country_alpha2","","TW","A12"
"iso_country_alpha2","","TX","A12"
"iso_country_alpha2","","TZ","A12"
"iso_country_alpha2","","UA","A12"
"iso_country_alpha2","","UG","A12"
"iso_country_alpha2","","UK","A12"
"iso_country_alpha2","","UM","A12"
"iso_country_alpha2","","US","A12"
"iso_country_alpha2","","UY","A12"
"iso_country_alpha2","","UZ","A12"
"iso_country_alpha2","","VA","A12"
"iso_country_alpha2","","VC","A12"
"iso_country_alpha2","","VE","A12"
"iso_country_alpha2","","VG","A12"
"iso_country_alpha2","","VI","A12"
"iso_country_alpha2","","VN","A12"
"iso_country_alpha2","","VU","A12"
"iso_country_alpha2","","WF","A12"
"iso_country_alpha2","","WO","A12"
"iso_country_alpha2","","WS","A12"
"iso_country_alpha2","","XN","A12"
"iso_country_alpha2","","XX","A12"
"iso_country_alpha2","","YE","A12"
"iso_country_alpha2","","YT","A12"
"iso_country_alpha2","","YU","A12"
"iso_country_alpha2","","ZA","A12"
"iso_country_alpha2","","ZM","A12"
"iso_country_alpha2","","ZW","A12"
"ip_right_sub_type","","certification","A13"
"ip_right_sub_type","","certification_collective","A13"
"ip_right_sub_type","","certification_collective_trade_mark","A13"
"ip_right_sub_type","","certification_trade_mark","A13"
"ip_right_sub_type","","collective_defensive","A13"
"ip_right_sub_type","","defensive","A13"
"ip_right_sub_type","","design","A13"
"ip_right_sub_type","","innovation","A13"
"ip_right_sub_type","","petty","A13"
"ip_right_sub_type","","provisional","A13"
"ip_right_sub_type","","standard_complete","A13"
"ip_right_sub_type","","trade_mark","A13"
"ip_right_sub_type","","trade_mark_certification","A13"
"ip_right_sub_type","","trade_mark_collective","A13"
"ip_right_sub_type","","trade_mark_collective_certification","A13"
"ip_right_sub_type","","trade_mark_collective_defensive","A13"
"ip_right_sub_type","","trade_mark_defensive","A13"
"ip_status","","accepted","A14"
"ip_status","","cancelled","A14"
"ip_status","","ceased","A14"
"ip_status","","certified","A14"
"ip_status","","converted","A14"
"ip_status","","ex_parte_refused","A14"
"ip_status","","expired","A14"
"ip_status","","filed","A14"
"ip_status","","granted","A14"
"ip_status","","inter_partes_refused","A14"
"ip_status","","lapsed","A14"
"ip_status","","linked","A14"
"ip_status","","not_filed","A14"
"ip_status","","protected","A14"
"ip_status","","published","A14"
"ip_status","","refused","A14"
"ip_status","","registered","A14"
"ip_status","","removed","A14"
"ip_status","","revoked","A14"
"ip_status","","unknown","A14"
"ip_status","","voided","A14"
"ip_status","","withdrawn","A14"
"ip_event_category","","accepted","A17"
"ip_event_category","","accepted_historical","A17"
"ip_event_category","","cancelled","A17"
"ip_event_category","","ceased","A17"
"ip_event_category","","ceased_historical","A17"
"ip_event_category","","certified","A17"
"ip_event_category","","converted","A17"
"ip_event_category","","converted_historical","A17"
"ip_event_category","","exam_adverse_report_correspondence","A17"
"ip_event_category","","exam_commenced_historical","A17"
"ip_event_category","","exam_deferment","A17"
"ip_event_category","","exam_direction","A17"
"ip_event_category","","exam_direction_correspondence","A17"
"ip_event_category","","exam_outcome_adverse","A17"
"ip_event_category","","exam_outcome_clear","A17"
"ip_event_category","","exam_report_response","A17"
"ip_event_category","","exam_request","A17"
"ip_event_category","","exam_request_expedite","A17"
"ip_event_category","","excluded","A17"
"ip_event_category","","expired","A17"
"ip_event_category","","expired_historical","A17"
"ip_event_category","","filing","A17"
"ip_event_category","","filing_historical","A17"
"ip_event_category","","formalities","A17"
"ip_event_category","","granted","A17"
"ip_event_category","","granted_historical","A17"
"ip_event_category","","indexing_approved_historical","A17"
"ip_event_category","","ip_right_date","A17"
"ip_event_category","","ir_full_transform_date","A17"
"ip_event_category","","ir_madrid_export_application_date","A17"
"ip_event_category","","irda_entry","A17"
"ip_event_category","","lapsed","A17"
"ip_event_category","","lapsed_historical","A17"
"ip_event_category","","linked","A17"
"ip_event_category","","linked_historical","A17"
"ip_event_category","","not_filed","A17"
"ip_event_category","","opi","A17"
"ip_event_category","","opposed","A17"
"ip_event_category","","opposed_historical","A17"
"ip_event_category","","party_change","A17"
"ip_event_category","","process_error","A17"
"ip_event_category","","publish_accc","A17"
"ip_event_category","","publish_accepted","A17"
"ip_event_category","","publish_amendment","A17"
"ip_event_category","","publish_application","A17"
"ip_event_category","","publish_cancelled","A17"
"ip_event_category","","publish_ceased","A17"
"ip_event_category","","publish_certified","A17"
"ip_event_category","","publish_claimed_int","A17"
"ip_event_category","","publish_correction","A17"
"ip_event_category","","publish_eot","A17"
"ip_event_category","","publish_eoterm","A17"
"ip_event_category","","publish_excluded","A17"
"ip_event_category","","publish_expired","A17"
"ip_event_category","","publish_filed","A17"
"ip_event_category","","publish_granted","A17"
"ip_event_category","","publish_ir_full_transform","A17"
"ip_event_category","","publish_ir_partial_transform","A17"
"ip_event_category","","publish_irda_entry","A17"
"ip_event_category","","publish_lapsed","A17"
"ip_event_category","","publish_licence","A17"
"ip_event_category","","publish_lodged","A17"
"ip_event_category","","publish_merged","A17"
"ip_event_category","","publish_misc","A17"
"ip_event_category","","publish_mortgage","A17"
"ip_event_category","","publish_name_change","A17"
"ip_event_category","","publish_non_use","A17"
"ip_event_category","","publish_opi","A17"
"ip_event_category","","publish_opposition","A17"
"ip_event_category","","publish_ownership","A17"
"ip_event_category","","publish_party_change","A17"
"ip_event_category","","publish_published","A17"
"ip_event_category","","publish_refused","A17"
"ip_event_category","","publish_registered","A17"
"ip_event_category","","publish_rejected","A17"
"ip_event_category","","publish_removed","A17"
"ip_event_category","","publish_renew","A17"
"ip_event_category","","publish_renewal_due","A17"
"ip_event_category","","publish_republish","A17"
"ip_event_category","","publish_restored","A17"
"ip_event_category","","publish_revoked","A17"
"ip_event_category","","publish_surrender","A17"
"ip_event_category","","publish_user","A17"
"ip_event_category","","publish_withdraw_acceptance","A17"
"ip_event_category","","publish_withdrawn","A17"
"ip_event_category","","published","A17"
"ip_event_category","","received","A17"
"ip_event_category","","refused","A17"
"ip_event_category","","refused_historical","A17"
"ip_event_category","","registered","A17"
"ip_event_category","","registered_historical","A17"
"ip_event_category","","rejected","A17"
"ip_event_category","","removed","A17"
"ip_event_category","","removed_historical","A17"
"ip_event_category","","request_postpone_acceptance","A17"
"ip_event_category","","request_registration_historical","A17"
"ip_event_category","","revoked","A17"
"ip_event_category","","revoked_historical","A17"
"ip_event_category","","voided","A17"
"ip_event_category","","withdrawn","A17"
"ip_event_type","","accepted","A18"
"ip_event_type","","accepted_awaiting_advertisement","A18"
"ip_event_type","","accepted_opposition_period_expired","A18"
"ip_event_type","","application_converted_to_new_act","A18"
"ip_event_type","","application_lapsed","A18"
"ip_event_type","","application_refused","A18"
"ip_event_type","","cancelled","A18"
"ip_event_type","","ceased","A18"
"ip_event_type","","ceased_1st_term_amended_1906_act_","A18"
"ip_event_type","","ceased_2003_act_","A18"
"ip_event_type","","ceased_2nd_term_1906_act_","A18"
"ip_event_type","","ceased_2nd_term_amended_1906_act_","A18"
"ip_event_type","","ceased_initial_term_amended_1906_act_","A18"
"ip_event_type","","certified","A18"
"ip_event_type","","converted","A18"
"ip_event_type","","converted_application","A18"
"ip_event_type","","date_of_patent","A18"
"ip_event_type","","ex_parte_refused","A18"
"ip_event_type","","exam_direction_to_request_exam","A18"
"ip_event_type","","exam_direction_to_request_exam_sent","A18"
"ip_event_type","","exam_expedited_first_report","A18"
"ip_event_type","","exam_expedited_further_report","A18"
"ip_event_type","","exam_expedited_patent_acceptance_notice_sent","A18"
"ip_event_type","","exam_expedited_report_sent","A18"
"ip_event_type","","exam_expedited_request_for_innovation_examination_by_third_party","A18"
"ip_event_type","","exam_expedited_request_full_examination","A18"
"ip_event_type","","exam_expedited_request_modified_examination_standard","A18"
"ip_event_type","","exam_expedited_response_to_examination_report","A18"
"ip_event_type","","exam_first_adverse_report_sent","A18"
"ip_event_type","","exam_first_report","A18"
"ip_event_type","","exam_further_report","A18"
"ip_event_type","","exam_outcome_adverse","A18"
"ip_event_type","","exam_outcome_clear","A18"
"ip_event_type","","exam_outcome_directed_amendment","A18"
"ip_event_type","","exam_outcome_full_refusal","A18"
"ip_event_type","","exam_outcome_intention_to_reject","A18"
"ip_event_type","","exam_outcome_invalid","A18"
"ip_event_type","","exam_outcome_partial_refusal","A18"
"ip_event_type","","exam_outcome_provisional_acceptance","A18"
"ip_event_type","","exam_outcome_unknown_irda_refusal","A18"
"ip_event_type","","exam_patent_acceptance_notice_sent","A18"
"ip_event_type","","exam_report_sent","A18"
"ip_event_type","","exam_request","A18"
"ip_event_type","","exam_request_deferment_of_examination_sec_46","A18"
"ip_event_type","","exam_request_for_innovation_examination_by_third_party","A18"
"ip_event_type","","exam_request_for_innovation_examination_by_third_party_patentee_payment_","A18"
"ip_event_type","","exam_request_for_re_examination_owner","A18"
"ip_event_type","","exam_request_for_re_examination_third_party","A18"
"ip_event_type","","exam_request_full_examination","A18"
"ip_event_type","","exam_request_modified_examination_standard","A18"
"ip_event_type","","exam_response_to_examination_report","A18"
"ip_event_type","","exam_statement_in_response_to_re_examination_report_sec_99_sec_101h_","A18"
"ip_event_type","","excluded_2003_act_","A18"
"ip_event_type","","expedited_exam_request","A18"
"ip_event_type","","expired","A18"
"ip_event_type","","expired_1906_act_","A18"
"ip_event_type","","expired_amended_1906_act_","A18"
"ip_event_type","","expired_renewal_possible","A18"
"ip_event_type","","filed","A18"
"ip_event_type","","first_open_for_public_inspection","A18"
"ip_event_type","","granted","A18"
"ip_event_type","","indexing_approved","A18"
"ip_event_type","","inter_partes_refused","A18"
"ip_event_type","","ip_right_detail_change_request","A18"
"ip_event_type","","ip_right_full_transfer_request","A18"
"ip_event_type","","ip_right_partial_transfer_request","A18"
"ip_event_type","","ip_right_transfer_request","A18"
"ip_event_type","","ir_full_transform_date","A18"
"ip_event_type","","ir_madrid_export_application_date","A18"
"ip_event_type","","ir_notification_of_madrid_import_date","A18"
"ip_event_type","","lapsed","A18"
"ip_event_type","","lapsed_accepted","A18"
"ip_event_type","","lapsed_not_protected","A18"
"ip_event_type","","linked","A18"
"ip_event_type","","linked_merged","A18"
"ip_event_type","","linked_registration","A18"
"ip_event_type","","lodged","A18"
"ip_event_type","","minimum_filing_requirements_met","A18"
"ip_event_type","","new","A18"
"ip_event_type","","not_filed","A18"
"ip_event_type","","opposed","A18"
"ip_event_type","","pct_application_enters_national_phase","A18"
"ip_event_type","","process_error","A18"
"ip_event_type","","protected","A18"
"ip_event_type","","published","A18"
"ip_event_type","","published_2003_act_","A18"
"ip_event_type","","published_alteration_of_name_s_in_register","A18"
"ip_event_type","","published_amendments_alteration_of_name_s_of_applicant_s_patentee_s_","A18"
"ip_event_type","","published_amendments_amendment_made","A18"
"ip_event_type","","published_amendments_applications_for_amendment","A18"
"ip_event_type","","published_amendments_applications_for_amendment_withdrawn","A18"
"ip_event_type","","published_amendments_made_section_105","A18"
"ip_event_type","","published_amendments_to_published_filing_date_under_s3_5_a_","A18"
"ip_event_type","","published_application_refused","A18"
"ip_event_type","","published_application_withdrawn","A18"
"ip_event_type","","published_applications_accepted","A18"
"ip_event_type","","published_applications_opi","A18"
"ip_event_type","","published_assignments_before_grant_section_113","A18"
"ip_event_type","","published_assignments_registered_section_187_reg_19","A18"
"ip_event_type","","published_certified_innovation_patent","A18"
"ip_event_type","","published_change_of_applicant_name_section_104","A18"
"ip_event_type","","published_complete_applications_filed","A18"
"ip_event_type","","published_complete_specification_treated_as_provisional_specification_section_37","A18"
"ip_event_type","","published_corrigenda","A18"
"ip_event_type","","published_crn","A18"
"ip_event_type","","published_cro","A18"
"ip_event_type","","published_discharge_of_a_licence","A18"
"ip_event_type","","published_discharge_of_a_mortgage","A18"
"ip_event_type","","published_eot_advert","A18"
"ip_event_type","","published_eot_grant_advert","A18"
"ip_event_type","","published_extension_of_term_of_standard_patent_accepted","A18"
"ip_event_type","","published_extension_of_term_of_standard_patent_extension_granted","A18"
"ip_event_type","","published_extension_of_term_of_standard_patent_extension_refused","A18"
"ip_event_type","","published_extension_of_term_of_standard_patent_extension_withdrawn","A18"
"ip_event_type","","published_extension_of_term_of_standard_patent_section_70_application_to_extend","A18"
"ip_event_type","","published_extensions_of_time_section_223_applications_allowed","A18"
"ip_event_type","","published_extensions_of_time_section_223_applications_received","A18"
"ip_event_type","","published_general_notice","A18"
"ip_event_type","","published_innovation_application_filed","A18"
"ip_event_type","","published_innovation_patents_opi","A18"
"ip_event_type","","published_innovation_patents_opi_pre_grant","A18"
"ip_event_type","","published_ip_off_surrender","A18"
"ip_event_type","","published_ip_right_assignment","A18"
"ip_event_type","","published_ipr_accc_assess_appr","A18"
"ip_event_type","","published_ipr_accc_assess_appr_vartn","A18"
"ip_event_type","","published_ipr_accc_assess_not_appr","A18"
"ip_event_type","","published_ipr_accc_decn_appr","A18"
"ip_event_type","","published_ipr_accc_decn_appr_vartn","A18"
"ip_event_type","","published_ipr_accc_decn_not_appr","A18"
"ip_event_type","","published_ipr_accepted","A18"
"ip_event_type","","published_ipr_alter_name","A18"
"ip_event_type","","published_ipr_alter_register","A18"
"ip_event_type","","published_ipr_alter_trade_mark","A18"
"ip_event_type","","published_ipr_amend_advert_reps","A18"
"ip_event_type","","published_ipr_amend_advert_sond","A18"
"ip_event_type","","published_ipr_amend_alter_tm","A18"
"ip_event_type","","published_ipr_amend_description","A18"
"ip_event_type","","published_ipr_amend_made_convention","A18"
"ip_event_type","","published_ipr_amend_made_designers","A18"
"ip_event_type","","published_ipr_amend_made_products","A18"
"ip_event_type","","published_ipr_amend_made_reps","A18"
"ip_event_type","","published_ipr_amend_made_sond","A18"
"ip_event_type","","published_ipr_amend_name","A18"
"ip_event_type","","published_ipr_amend_register","A18"
"ip_event_type","","published_ipr_amendment","A18"
"ip_event_type","","published_ipr_appl_vartn_cert","A18"
"ip_event_type","","published_ipr_cancel_lapsing","A18"
"ip_event_type","","published_ipr_cancelled","A18"
"ip_event_type","","published_ipr_cancelled_non_use","A18"
"ip_event_type","","published_ipr_ceased","A18"
"ip_event_type","","published_ipr_cert_rules","A18"
"ip_event_type","","published_ipr_certified","A18"
"ip_event_type","","published_ipr_correct_description","A18"
"ip_event_type","","published_ipr_correct_name","A18"
"ip_event_type","","published_ipr_disassoc","A18"
"ip_event_type","","published_ipr_eot_acc_date","A18"
"ip_event_type","","published_ipr_eot_costs","A18"
"ip_event_type","","published_ipr_eot_deferment","A18"
"ip_event_type","","published_ipr_eot_generic","A18"
"ip_event_type","","published_ipr_eot_reg_date","A18"
"ip_event_type","","published_ipr_excluded","A18"
"ip_event_type","","published_ipr_filed","A18"
"ip_event_type","","published_ipr_intent_renew","A18"
"ip_event_type","","published_ipr_lapsed","A18"
"ip_event_type","","published_ipr_lodged","A18"
"ip_event_type","","published_ipr_merged","A18"
"ip_event_type","","published_ipr_misc_notice","A18"
"ip_event_type","","published_ipr_ownership_assign_full_app","A18"
"ip_event_type","","published_ipr_ownership_assign_full_own","A18"
"ip_event_type","","published_ipr_ownership_assign_part_app","A18"
"ip_event_type","","published_ipr_ownership_assign_part_own","A18"
"ip_event_type","","published_ipr_published","A18"
"ip_event_type","","published_ipr_refused","A18"
"ip_event_type","","published_ipr_refused_exparte","A18"
"ip_event_type","","published_ipr_refused_intparte","A18"
"ip_event_type","","published_ipr_reg_user","A18"
"ip_event_type","","published_ipr_reg_user_appl_cancel","A18"
"ip_event_type","","published_ipr_reg_user_cancel","A18"
"ip_event_type","","published_ipr_reg_user_cancel_assign","A18"
"ip_event_type","","published_ipr_reg_user_cancel_expiry","A18"
"ip_event_type","","published_ipr_reg_user_name_alter","A18"
"ip_event_type","","published_ipr_reg_user_name_correct","A18"
"ip_event_type","","published_ipr_reg_user_variation","A18"
"ip_event_type","","published_ipr_registered","A18"
"ip_event_type","","published_ipr_rejected","A18"
"ip_event_type","","published_ipr_removed","A18"
"ip_event_type","","published_ipr_removed_non_use","A18"
"ip_event_type","","published_ipr_removed_sec23_sec70","A18"
"ip_event_type","","published_ipr_renewal_due","A18"
"ip_event_type","","published_ipr_renewed","A18"
"ip_event_type","","published_ipr_restored","A18"
"ip_event_type","","published_ipr_revoke_acceptance","A18"
"ip_event_type","","published_ipr_revoked","A18"
"ip_event_type","","published_ipr_transform_full","A18"
"ip_event_type","","published_ipr_transform_part","A18"
"ip_event_type","","published_ipr_withdraw_acceptance","A18"
"ip_event_type","","published_ipr_withdrawn","A18"
"ip_event_type","","published_letters_patent_sealed_innovation_patents","A18"
"ip_event_type","","published_letters_patent_sealed_standard_patents","A18"
"ip_event_type","","published_licences_registered_section_187_reg_19_","A18"
"ip_event_type","","published_mortgages_registered_section_187_reg_19_","A18"
"ip_event_type","","published_name_change","A18"
"ip_event_type","","published_national_phase_entry","A18"
"ip_event_type","","published_non_use_dismissed","A18"
"ip_event_type","","published_non_use_lodged","A18"
"ip_event_type","","published_non_use_withdrawn","A18"
"ip_event_type","","published_notice_of_intention_to_amend_under_section_105","A18"
"ip_event_type","","published_offer_to_surrender_innovation_patent","A18"
"ip_event_type","","published_offer_to_surrender_patent","A18"
"ip_event_type","","published_opp_acceptance_refused","A18"
"ip_event_type","","published_opp_disc_regn_not_proceed","A18"
"ip_event_type","","published_opp_disc_regn_proceed","A18"
"ip_event_type","","published_opp_dismsd_regn_not_proceed","A18"
"ip_event_type","","published_opp_dismsd_regn_proceed","A18"
"ip_event_type","","published_opp_lodged","A18"
"ip_event_type","","published_opp_non_use_lodge","A18"
"ip_event_type","","published_opp_non_use_notice","A18"
"ip_event_type","","published_opp_non_use_withdrawn","A18"
"ip_event_type","","published_opp_proceedings","A18"
"ip_event_type","","published_opp_with_regn_not_proceed","A18"
"ip_event_type","","published_opp_with_regn_proceed","A18"
"ip_event_type","","published_opp_withdrawn","A18"
"ip_event_type","","published_opposition_dismissed","A18"
"ip_event_type","","published_opposition_dismissed_proceed_to_grant","A18"
"ip_event_type","","published_opposition_dismissed_proceed_to_sealing","A18"
"ip_event_type","","published_opposition_lodged","A18"
"ip_event_type","","published_opposition_proceedings_application_refused","A18"
"ip_event_type","","published_opposition_proceedings_application_withdrawn","A18"
"ip_event_type","","published_opposition_under_section_104_4_dismissed","A18"
"ip_event_type","","published_opposition_under_section_104_4_lodged","A18"
"ip_event_type","","published_opposition_under_section_104_4_withdrawn","A18"
"ip_event_type","","published_opposition_withdrawn","A18"
"ip_event_type","","published_opposition_withdrawn_proceed_to_grant","A18"
"ip_event_type","","published_opposition_withdrawn_proceed_to_sealing","A18"
"ip_event_type","","published_owner_assigned","A18"
"ip_event_type","","published_owner_name_change","A18"
"ip_event_type","","published_patent_ceased","A18"
"ip_event_type","","published_patent_expired","A18"
"ip_event_type","","published_patent_granted_innovation_patents","A18"
"ip_event_type","","published_patent_granted_standard_patents","A18"
"ip_event_type","","published_patent_lapsed","A18"
"ip_event_type","","published_pend_ipr_amend_conv","A18"
"ip_event_type","","published_pend_ipr_amend_div","A18"
"ip_event_type","","published_pend_ipr_amend_gs","A18"
"ip_event_type","","published_pend_ipr_amend_name","A18"
"ip_event_type","","published_pend_ipr_amend_sec65a","A18"
"ip_event_type","","published_pend_ipr_amend_tm_image","A18"
"ip_event_type","","published_pend_ipr_amend_tm_other","A18"
"ip_event_type","","published_pend_ipr_amend_tm_rep","A18"
"ip_event_type","","published_pend_ipr_amend_tm_type","A18"
"ip_event_type","","published_pend_ipr_amend_tm_words","A18"
"ip_event_type","","published_proceedings_under_section_215_death_of_applicant_patentee","A18"
"ip_event_type","","published_provisional_applications_filed","A18"
"ip_event_type","","published_record_claimed_int","A18"
"ip_event_type","","published_register_charge","A18"
"ip_event_type","","published_remove_claimed_int","A18"
"ip_event_type","","published_republish_specification","A18"
"ip_event_type","","published_republish_wipo_record_cd_only_","A18"
"ip_event_type","","published_revocation_of_patent_ordered_by_federal_court","A18"
"ip_event_type","","published_revocation_of_patent_ordered_by_hearing_decision","A18"
"ip_event_type","","published_section_223_1_allowances_office_error_","A18"
"ip_event_type","","published_surrender_and_revocation_of_innovation_patent","A18"
"ip_event_type","","published_surrender_and_revocation_of_patent","A18"
"ip_event_type","","received","A18"
"ip_event_type","","refused","A18"
"ip_event_type","","refused_due_to_hearing_decision_of_registrar","A18"
"ip_event_type","","registered","A18"
"ip_event_type","","registered_1st_period_2003_act_","A18"
"ip_event_type","","registered_2003_act_","A18"
"ip_event_type","","registered_2nd_extension_amended_1906_act_","A18"
"ip_event_type","","registered_3rd_extension_amended_1906_act_","A18"
"ip_event_type","","registered_protected","A18"
"ip_event_type","","registered_protected_renewal_due","A18"
"ip_event_type","","registered_revocation_pending","A18"
"ip_event_type","","registration_deficiency_notice_sent","A18"
"ip_event_type","","registration_expunged","A18"
"ip_event_type","","registration_requested","A18"
"ip_event_type","","rejected","A18"
"ip_event_type","","removed","A18"
"ip_event_type","","removed_non_use","A18"
"ip_event_type","","removed_not_renewed","A18"
"ip_event_type","","request_for_postponement_of_acceptance","A18"
"ip_event_type","","request_for_re_examination","A18"
"ip_event_type","","revoked","A18"
"ip_event_type","","revoked_2003_act_","A18"
"ip_event_type","","sent_to_exam_branch","A18"
"ip_event_type","","subject_to_a_hearing","A18"
"ip_event_type","","taken_for_examination","A18"
"ip_event_type","","under_examination","A18"
"ip_event_type","","under_examination_deferred","A18"
"ip_event_type","","under_examination_extension_fees_not_required","A18"
"ip_event_type","","under_examination_extension_fees_required","A18"
"ip_event_type","","under_examination_general_provisions_for_extension","A18"
"ip_event_type","","voided","A18"
"ip_event_type","","withdrawn","A18"
"ip_link_type","","additional_child","A19"
"ip_link_type","","additional_parent","A19"
"ip_link_type","","application_to_be_disregarded_for_the_acceptance_of_a_standard_patent_application","A19"
"ip_link_type","","associated_application","A19"
"ip_link_type","","associated_provisional","A19"
"ip_link_type","","association","A19"
"ip_link_type","","complete_associated_with_provisional","A19"
"ip_link_type","","complete_from_a_provisional","A19"
"ip_link_type","","complete_from_an_innovation","A19"
"ip_link_type","","complete_to_a_innovation","A19"
"ip_link_type","","complete_treated_as_provisional_sec_37","A19"
"ip_link_type","","convention","A19"
"ip_link_type","","convention_child","A19"
"ip_link_type","","convention_priority","A19"
"ip_link_type","","defensive","A19"
"ip_link_type","","defensive_unresolved","A19"
"ip_link_type","","divisional_child","A19"
"ip_link_type","","divisional_parent","A19"
"ip_link_type","","divisional_parent_unresolved","A19"
"ip_link_type","","exclusive_parent","A19"
"ip_link_type","","innovation_from_a_complete","A19"
"ip_link_type","","innovation_from_a_petty","A19"
"ip_link_type","","innovation_from_a_provisional","A19"
"ip_link_type","","innovation_to_a_complete","A19"
"ip_link_type","","innovation_to_a_provisional","A19"
"ip_link_type","","ir_full_transform","A19"
"ip_link_type","","linked","A19"
"ip_link_type","","madrid_export","A19"
"ip_link_type","","madrid_import","A19"
"ip_link_type","","partial_assignment","A19"
"ip_link_type","","partial_transformation","A19"
"ip_link_type","","pct_application_number","A19"
"ip_link_type","","petty_to_an_innovation","A19"
"ip_link_type","","petty_to_provisional","A19"
"ip_link_type","","provisional_from_a_complete_sec_37","A19"
"ip_link_type","","provisional_from_petty","A19"
"ip_link_type","","provisional_to_a_complete","A19"
"ip_link_type","","provisional_to_an_innovation","A19"
"ip_link_type","","section_33_36_claims","A19"
"ip_link_type","","tm_number_gs_copied_from","A19"
"ip_link_type","","tm_number_gs_copied_from_unresolved","A19"
"max_market","","Afghanistan","A21"
"max_market","","Albania","A21"
"max_market","","Algeria","A21"
"max_market","","American Samoa","A21"
"max_market","","Andorra","A21"
"max_market","","Angola","A21"
"max_market","","Antigua and Barbuda","A21"
"max_market","","Argentina","A21"
"max_market","","Armenia","A21"
"max_market","","Aruba","A21"
"max_market","","Australia","A21"
"max_market","","Austria","A21"
"max_market","","Azerbaijan","A21"
"max_market","","Bahamas","A21"
"max_market","","Bahrain","A21"
"max_market","","Bangladesh","A21"
"max_market","","Barbados","A21"
"max_market","","Belarus","A21"
"max_market","","Belgium","A21"
"max_market","","Belize","A21"
"max_market","","Benin","A21"
"max_market","","Berlin","A21"
"max_market","","Bermuda","A21"
"max_market","","Bhutan","A21"
"max_market","","Bolivia","A21"
"max_market","","Bosnia and Herzegovina","A21"
"max_market","","Botswana","A21"
"max_market","","Brazil","A21"
"max_market","","Brunei","A21"
"max_market","","Bulgaria","A21"
"max_market","","Burkina Faso","A21"
"max_market","","Burundi","A21"
"max_market","","Cabo Verde","A21"
"max_market","","Cambodia","A21"
"max_market","","Cameroon","A21"
"max_market","","Canada","A21"
"max_market","","Canary Islands","A21"
"max_market","","Cayman Islands","A21"
"max_market","","Central African Republic","A21"
"max_market","","Chad","A21"
"max_market","","Chile","A21"
"max_market","","China","A21"
"max_market","","Colombia","A21"
"max_market","","Commonwealth of Independent States","A21"
"max_market","","Congo, Democratic Republic of","A21"
"max_market","","Congo, Republic of","A21"
"max_market","","Cook Islands","A21"
"max_market","","Costa Rica","A21"
"max_market","","Croatia","A21"
"max_market","","Cuba","A21"
"max_market","","Cyprus","A21"
"max_market","","Czech Republic","A21"
"max_market","","Denmark","A21"
"max_market","","Djibouti","A21"
"max_market","","Dominica","A21"
"max_market","","Dominican Republic","A21"
"max_market","","East Europe","A21"
"max_market","","Ecuador","A21"
"max_market","","Egypt","A21"
"max_market","","El Salvador","A21"
"max_market","","Equatorial Guinea","A21"
"max_market","","Eritrea","A21"
"max_market","","Estonia","A21"
"max_market","","Eswatini","A21"
"max_market","","Ethiopia","A21"
"max_market","","Europe","A21"
"max_market","","European Union","A21"
"max_market","","Fiji","A21"
"max_market","","Finland","A21"
"max_market","","France","A21"
"max_market","","French Antilles","A21"
"max_market","","French Guiana","A21"
"max_market","","French Polynesia","A21"
"max_market","","Gabon","A21"
"max_market","","Gambia","A21"
"max_market","","Georgia","A21"
"max_market","","Germany","A21"
"max_market","","Ghana","A21"
"max_market","","Gibraltar","A21"
"max_market","","Greece","A21"
"max_market","","Grenada","A21"
"max_market","","Guam","A21"
"max_market","","Guatemala","A21"
"max_market","","Guinea","A21"
"max_market","","Guyana","A21"
"max_market","","Haiti","A21"
"max_market","","Holy See","A21"
"max_market","","Honduras","A21"
"max_market","","Hong Kong (SAR of China)","A21"
"max_market","","Hungary","A21"
"max_market","","Iceland","A21"
"max_market","","India","A21"
"max_market","","Indonesia","A21"
"max_market","","Iran","A21"
"max_market","","Iraq","A21"
"max_market","","Ireland","A21"
"max_market","","Isle Of Man","A21"
"max_market","","Israel","A21"
"max_market","","Italy","A21"
"max_market","","Ivory Coast","A21"
"max_market","","Jamaica","A21"
"max_market","","Japan","A21"
"max_market","","Jordan","A21"
"max_market","","Kazakhstan","A21"
"max_market","","Kenya","A21"
"max_market","","Kiribati","A21"
"max_market","","Korea, Democratic People's Republic of (North)","A21"
"max_market","","Korea, Republic of (South)","A21"
"max_market","","Kuwait","A21"
"max_market","","Kyrgyz Republic","A21"
"max_market","","Laos","A21"
"max_market","","Latvia","A21"
"max_market","","Lebanon","A21"
"max_market","","Liberia","A21"
"max_market","","Libya","A21"
"max_market","","Liechtenstein","A21"
"max_market","","Lithuania","A21"
"max_market","","Luxembourg","A21"
"max_market","","Macau (SAR of China)","A21"
"max_market","","Madagascar","A21"
"max_market","","Malawi","A21"
"max_market","","Malaysia","A21"
"max_market","","Maldives","A21"
"max_market","","Mali","A21"
"max_market","","Malta","A21"
"max_market","","Marshall Islands","A21"
"max_market","","Mauritania","A21"
"max_market","","Mauritius","A21"
"max_market","","Mexico","A21"
"max_market","","Micronesia, Federated States of","A21"
"max_market","","Middle East","A21"
"max_market","","Moldova","A21"
"max_market","","Monaco","A21"
"max_market","","Mongolia","A21"
"max_market","","Montenegro","A21"
"max_market","","Morocco","A21"
"max_market","","Mozambique","A21"
"max_market","","Myanmar","A21"
"max_market","","Namibia","A21"
"max_market","","Nauru","A21"
"max_market","","Nepal","A21"
"max_market","","Neth Antilles","A21"
"max_market","","Netherlands","A21"
"max_market","","New Caledonia","A21"
"max_market","","New Zealand","A21"
"max_market","","Nicaragua","A21"
"max_market","","Niger","A21"
"max_market","","Nigeria","A21"
"max_market","","Niue","A21"
"max_market","","Norfolk Island","A21"
"max_market","","North America","A21"
"max_market","","North Asia","A21"
"max_market","","North Macedonia","A21"
"max_market","","Norway","A21"
"max_market","","Oman","A21"
"max_market","","Pacific Oceania","A21"
"max_market","","Pakistan","A21"
"max_market","","Panama","A21"
"max_market","","Papua New Guinea","A21"
"max_market","","Paraguay","A21"
"max_market","","Peru","A21"
"max_market","","Philippines","A21"
"max_market","","Poland","A21"
"max_market","","Portugal","A21"
"max_market","","Puerto Rico","A21"
"max_market","","Qatar","A21"
"max_market","","Republic of Palau","A21"
"max_market","","Reunion","A21"
"max_market","","Romania","A21"
"max_market","","Russia","A21"
"max_market","","Rwanda","A21"
"max_market","","Samoa","A21"
"max_market","","San Francisco","A21"
"max_market","","San Marino","A21"
"max_market","","Sao Tome and Principe","A21"
"max_market","","Saudi Arabia","A21"
"max_market","","Senegal","A21"
"max_market","","Serbia","A21"
"max_market","","Seychelles","A21"
"max_market","","Shanghai","A21"
"max_market","","Sierra Leone","A21"
"max_market","","Singapore","A21"
"max_market","","Slovakia","A21"
"max_market","","Slovenia","A21"
"max_market","","Solomon Islands","A21"
"max_market","","Somalia","A21"
"max_market","","South Africa","A21"
"max_market","","South America","A21"
"max_market","","South Asia","A21"
"max_market","","South East Asia","A21"
"max_market","","South Sudan","A21"
"max_market","","Spain","A21"
"max_market","","Sri Lanka","A21"
"max_market","","St Kitts and Nevis","A21"
"max_market","","Sub-Saharan Africa","A21"
"max_market","","Sudan","A21"
"max_market","","Suriname","A21"
"max_market","","Sweden","A21"
"max_market","","Switzerland","A21"
"max_market","","Syria","A21"
"max_market","","Taiwan","A21"
"max_market","","Tajikistan","A21"
"max_market","","Tanzania","A21"
"max_market","","Tel Aviv","A21"
"max_market","","Thailand","A21"
"max_market","","Timor-Leste","A21"
"max_market","","Togo","A21"
"max_market","","Tokelau","A21"
"max_market","","Tonga","A21"
"max_market","","Trinidad and Tobago","A21"
"max_market","","Tunisia","A21"
"max_market","","Turkey","A21"
"max_market","","Turkmenistan","A21"
"max_market","","Turks and Caicos Islands","A21"
"max_market","","Tuvalu","A21"
"max_market","","Uganda","A21"
"max_market","","Ukraine","A21"
"max_market","","United Arab Emirates","A21"
"max_market","","United Kingdom","A21"
"max_market","","United States of America","A21"
"max_market","","Uruguay","A21"
"max_market","","Uzbekistan","A21"
"max_market","","Vanuatu","A21"
"max_market","","Venezuela","A21"
"max_market","","Vietnam","A21"
"max_market","","Virgin Islands, British","A21"
"max_market","","Wallis and Futuna","A21"
"max_market","","West Europe","A21"
"max_market","","Western Sahara","A21"
"max_market","","Windward Isles","A21"
"max_market","","World","A21"
"max_market","","Yemen","A21"
"max_market","","Zambia","A21"
"max_market","","Zimbabwe","A21"
"variable","c_fcrncy",".","A3"
"variable","c_fcrncy","0","A3"
"variable","c_fcrncy","1","A3"
"variable","c_fcrncy","10","A3"
"variable","c_fcrncy","100","A3"
"variable","c_fcrncy","101","A3"
"variable","c_fcrncy","102","A3"
"variable","c_fcrncy","103","A3"
"variable","c_fcrncy","104","A3"
"variable","c_fcrncy","105","A3"
"variable","c_fcrncy","106","A3"
"variable","c_fcrncy","107","A3"
"variable","c_fcrncy","108","A3"
"variable","c_fcrncy","109","A3"
"variable","c_fcrncy","11","A3"
"variable","c_fcrncy","110","A3"
"variable","c_fcrncy","111","A3"
"variable","c_fcrncy","112","A3"
"variable","c_fcrncy","113","A3"
"variable","c_fcrncy","114","A3"
"variable","c_fcrncy","115","A3"
"variable","c_fcrncy","116","A3"
"variable","c_fcrncy","117","A3"
"variable","c_fcrncy","118","A3"
"variable","c_fcrncy","119","A3"
"variable","c_fcrncy","12","A3"
"variable","c_fcrncy","120","A3"
"variable","c_fcrncy","121","A3"
"variable","c_fcrncy","122","A3"
"variable","c_fcrncy","123","A3"
"variable","c_fcrncy","124","A3"
"variable","c_fcrncy","125","A3"
"variable","c_fcrncy","126","A3"
"variable","c_fcrncy","127","A3"
"variable","c_fcrncy","128","A3"
"variable","c_fcrncy","129","A3"
"variable","c_fcrncy","13","A3"
"variable","c_fcrncy","130","A3"
"variable","c_fcrncy","131","A3"
"variable","c_fcrncy","132","A3"
"variable","c_fcrncy","133","A3"
"variable","c_fcrncy","134","A3"
"variable","c_fcrncy","135","A3"
"variable","c_fcrncy","136","A3"
"variable","c_fcrncy","137","A3"
"variable","c_fcrncy","138","A3"
"variable","c_fcrncy","139","A3"
"variable","c_fcrncy","14","A3"
"variable","c_fcrncy","140","A3"
"variable","c_fcrncy","141","A3"
"variable","c_fcrncy","142","A3"
"variable","c_fcrncy","144","A3"
"variable","c_fcrncy","145","A3"
"variable","c_fcrncy","146","A3"
"variable","c_fcrncy","147","A3"
"variable","c_fcrncy","148","A3"
"variable","c_fcrncy","149","A3"
"variable","c_fcrncy","15","A3"
"variable","c_fcrncy","150","A3"
"variable","c_fcrncy","151","A3"
"variable","c_fcrncy","152","A3"
"variable","c_fcrncy","153","A3"
"variable","c_fcrncy","154","A3"
"variable","c_fcrncy","155","A3"
"variable","c_fcrncy","156","A3"
"variable","c_fcrncy","157","A3"
"variable","c_fcrncy","158","A3"
"variable","c_fcrncy","159","A3"
"variable","c_fcrncy","16","A3"
"variable","c_fcrncy","160","A3"
"variable","c_fcrncy","161","A3"
"variable","c_fcrncy","162","A3"
"variable","c_fcrncy","163","A3"
"variable","c_fcrncy","164","A3"
"variable","c_fcrncy","165","A3"
"variable","c_fcrncy","166","A3"
"variable","c_fcrncy","167","A3"
"variable","c_fcrncy","168","A3"
"variable","c_fcrncy","169","A3"
"variable","c_fcrncy","17","A3"
"variable","c_fcrncy","170","A3"
"variable","c_fcrncy","171","A3"
"variable","c_fcrncy","172","A3"
"variable","c_fcrncy","173","A3"
"variable","c_fcrncy","174","A3"
"variable","c_fcrncy","175","A3"
"variable","c_fcrncy","176","A3"
"variable","c_fcrncy","177","A3"
"variable","c_fcrncy","178","A3"
"variable","c_fcrncy","179","A3"
"variable","c_fcrncy","18","A3"
"variable","c_fcrncy","180","A3"
"variable","c_fcrncy","181","A3"
"variable","c_fcrncy","182","A3"
"variable","c_fcrncy","183","A3"
"variable","c_fcrncy","185","A3"
"variable","c_fcrncy","19","A3"
"variable","c_fcrncy","190","A3"
"variable","c_fcrncy","193","A3"
"variable","c_fcrncy","195","A3"
"variable","c_fcrncy","2","A3"
"variable","c_fcrncy","20","A3"
"variable","c_fcrncy","21","A3"
"variable","c_fcrncy","210","A3"
"variable","c_fcrncy","215","A3"
"variable","c_fcrncy","22","A3"
"variable","c_fcrncy","220","A3"
"variable","c_fcrncy","225","A3"
"variable","c_fcrncy","23","A3"
"variable","c_fcrncy","230","A3"
"variable","c_fcrncy","235","A3"
"variable","c_fcrncy","24","A3"
"variable","c_fcrncy","240","A3"
"variable","c_fcrncy","245","A3"
"variable","c_fcrncy","25","A3"
"variable","c_fcrncy","250","A3"
"variable","c_fcrncy","255","A3"
"variable","c_fcrncy","256","A3"
"variable","c_fcrncy","257","A3"
"variable","c_fcrncy","258","A3"
"variable","c_fcrncy","259","A3"
"variable","c_fcrncy","26","A3"
"variable","c_fcrncy","260","A3"
"variable","c_fcrncy","261","A3"
"variable","c_fcrncy","262","A3"
"variable","c_fcrncy","27","A3"
"variable","c_fcrncy","28","A3"
"variable","c_fcrncy","29","A3"
"variable","c_fcrncy","3","A3"
"variable","c_fcrncy","30","A3"
"variable","c_fcrncy","31","A3"
"variable","c_fcrncy","32","A3"
"variable","c_fcrncy","33","A3"
"variable","c_fcrncy","34","A3"
"variable","c_fcrncy","35","A3"
"variable","c_fcrncy","36","A3"
"variable","c_fcrncy","37","A3"
"variable","c_fcrncy","38","A3"
"variable","c_fcrncy","39","A3"
"variable","c_fcrncy","4","A3"
"variable","c_fcrncy","40","A3"
"variable","c_fcrncy","41","A3"
"variable","c_fcrncy","42","A3"
"variable","c_fcrncy","43","A3"
"variable","c_fcrncy","44","A3"
"variable","c_fcrncy","45","A3"
"variable","c_fcrncy","46","A3"
"variable","c_fcrncy","47","A3"
"variable","c_fcrncy","48","A3"
"variable","c_fcrncy","49","A3"
"variable","c_fcrncy","5","A3"
"variable","c_fcrncy","50","A3"
"variable","c_fcrncy","51","A3"
"variable","c_fcrncy","52","A3"
"variable","c_fcrncy","53","A3"
"variable","c_fcrncy","54","A3"
"variable","c_fcrncy","55","A3"
"variable","c_fcrncy","56","A3"
"variable","c_fcrncy","57","A3"
"variable","c_fcrncy","58","A3"
"variable","c_fcrncy","59","A3"
"variable","c_fcrncy","6","A3"
"variable","c_fcrncy","60","A3"
"variable","c_fcrncy","61","A3"
"variable","c_fcrncy","62","A3"
"variable","c_fcrncy","63","A3"
"variable","c_fcrncy","64","A3"
"variable","c_fcrncy","65","A3"
"variable","c_fcrncy","66","A3"
"variable","c_fcrncy","67","A3"
"variable","c_fcrncy","68","A3"
"variable","c_fcrncy","69","A3"
"variable","c_fcrncy","7","A3"
"variable","c_fcrncy","70","A3"
"variable","c_fcrncy","71","A3"
"variable","c_fcrncy","72","A3"
"variable","c_fcrncy","73","A3"
"variable","c_fcrncy","74","A3"
"variable","c_fcrncy","75","A3"
"variable","c_fcrncy","76","A3"
"variable","c_fcrncy","77","A3"
"variable","c_fcrncy","78","A3"
"variable","c_fcrncy","79","A3"
"variable","c_fcrncy","80","A3"
"variable","c_fcrncy","81","A3"
"variable","c_fcrncy","82","A3"
"variable","c_fcrncy","83","A3"
"variable","c_fcrncy","84","A3"
"variable","c_fcrncy","85","A3"
"variable","c_fcrncy","86","A3"
"variable","c_fcrncy","87","A3"
"variable","c_fcrncy","88","A3"
"variable","c_fcrncy","89","A3"
"variable","c_fcrncy","9","A3"
"variable","c_fcrncy","90","A3"
"variable","c_fcrncy","91","A3"
"variable","c_fcrncy","92","A3"
"variable","c_fcrncy","93","A3"
"variable","c_fcrncy","94","A3"
"variable","c_fcrncy","95","A3"
"variable","c_fcrncy","96","A3"
"variable","c_fcrncy","97","A3"
"variable","c_fcrncy","98","A3"
"variable","c_fcrncy","99","A3"
"variable","c_fcrncy","999","A3"
"variable","c_uhccntcd",".","A3"
"variable","c_uhccntcd","0","A3"
"variable","c_uhccntcd","1","A3"
"variable","c_uhccntcd","10","A3"
"variable","c_uhccntcd","100","A3"
"variable","c_uhccntcd","101","A3"
"variable","c_uhccntcd","102","A3"
"variable","c_uhccntcd","103","A3"
"variable","c_uhccntcd","104","A3"
"variable","c_uhccntcd","105","A3"
"variable","c_uhccntcd","106","A3"
"variable","c_uhccntcd","107","A3"
"variable","c_uhccntcd","108","A3"
"variable","c_uhccntcd","109","A3"
"variable","c_uhccntcd","11","A3"
"variable","c_uhccntcd","110","A3"
"variable","c_uhccntcd","111","A3"
"variable","c_uhccntcd","112","A3"
"variable","c_uhccntcd","113","A3"
"variable","c_uhccntcd","114","A3"
"variable","c_uhccntcd","115","A3"
"variable","c_uhccntcd","116","A3"
"variable","c_uhccntcd","117","A3"
"variable","c_uhccntcd","118","A3"
"variable","c_uhccntcd","119","A3"
"variable","c_uhccntcd","12","A3"
"variable","c_uhccntcd","120","A3"
"variable","c_uhccntcd","121","A3"
"variable","c_uhccntcd","122","A3"
"variable","c_uhccntcd","123","A3"
"variable","c_uhccntcd","124","A3"
"variable","c_uhccntcd","125","A3"
"variable","c_uhccntcd","126","A3"
"variable","c_uhccntcd","127","A3"
"variable","c_uhccntcd","128","A3"
"variable","c_uhccntcd","129","A3"
"variable","c_uhccntcd","13","A3"
"variable","c_uhccntcd","130","A3"
"variable","c_uhccntcd","131","A3"
"variable","c_uhccntcd","132","A3"
"variable","c_uhccntcd","133","A3"
"variable","c_uhccntcd","134","A3"
"variable","c_uhccntcd","135","A3"
"variable","c_uhccntcd","136","A3"
"variable","c_uhccntcd","137","A3"
"variable","c_uhccntcd","138","A3"
"variable","c_uhccntcd","139","A3"
"variable","c_uhccntcd","14","A3"
"variable","c_uhccntcd","140","A3"
"variable","c_uhccntcd","141","A3"
"variable","c_uhccntcd","142","A3"
"variable","c_uhccntcd","143","A3"
"variable","c_uhccntcd","144","A3"
"variable","c_uhccntcd","145","A3"
"variable","c_uhccntcd","146","A3"
"variable","c_uhccntcd","147","A3"
"variable","c_uhccntcd","148","A3"
"variable","c_uhccntcd","149","A3"
"variable","c_uhccntcd","15","A3"
"variable","c_uhccntcd","150","A3"
"variable","c_uhccntcd","151","A3"
"variable","c_uhccntcd","152","A3"
"variable","c_uhccntcd","153","A3"
"variable","c_uhccntcd","154","A3"
"variable","c_uhccntcd","155","A3"
"variable","c_uhccntcd","156","A3"
"variable","c_uhccntcd","157","A3"
"variable","c_uhccntcd","158","A3"
"variable","c_uhccntcd","159","A3"
"variable","c_uhccntcd","16","A3"
"variable","c_uhccntcd","160","A3"
"variable","c_uhccntcd","161","A3"
"variable","c_uhccntcd","162","A3"
"variable","c_uhccntcd","163","A3"
"variable","c_uhccntcd","164","A3"
"variable","c_uhccntcd","165","A3"
"variable","c_uhccntcd","166","A3"
"variable","c_uhccntcd","167","A3"
"variable","c_uhccntcd","168","A3"
"variable","c_uhccntcd","169","A3"
"variable","c_uhccntcd","17","A3"
"variable","c_uhccntcd","170","A3"
"variable","c_uhccntcd","171","A3"
"variable","c_uhccntcd","172","A3"
"variable","c_uhccntcd","173","A3"
"variable","c_uhccntcd","174","A3"
"variable","c_uhccntcd","175","A3"
"variable","c_uhccntcd","176","A3"
"variable","c_uhccntcd","177","A3"
"variable","c_uhccntcd","178","A3"
"variable","c_uhccntcd","179","A3"
"variable","c_uhccntcd","18","A3"
"variable","c_uhccntcd","180","A3"
"variable","c_uhccntcd","181","A3"
"variable","c_uhccntcd","182","A3"
"variable","c_uhccntcd","183","A3"
"variable","c_uhccntcd","184","A3"
"variable","c_uhccntcd","185","A3"
"variable","c_uhccntcd","186","A3"
"variable","c_uhccntcd","187","A3"
"variable","c_uhccntcd","188","A3"
"variable","c_uhccntcd","189","A3"
"variable","c_uhccntcd","19","A3"
"variable","c_uhccntcd","190","A3"
"variable","c_uhccntcd","191","A3"
"variable","c_uhccntcd","192","A3"
"variable","c_uhccntcd","193","A3"
"variable","c_uhccntcd","194","A3"
"variable","c_uhccntcd","195","A3"
"variable","c_uhccntcd","196","A3"
"variable","c_uhccntcd","197","A3"
"variable","c_uhccntcd","198","A3"
"variable","c_uhccntcd","199","A3"
"variable","c_uhccntcd","2","A3"
"variable","c_uhccntcd","20","A3"
"variable","c_uhccntcd","200","A3"
"variable","c_uhccntcd","201","A3"
"variable","c_uhccntcd","202","A3"
"variable","c_uhccntcd","203","A3"
"variable","c_uhccntcd","204","A3"
"variable","c_uhccntcd","205","A3"
"variable","c_uhccntcd","206","A3"
"variable","c_uhccntcd","207","A3"
"variable","c_uhccntcd","208","A3"
"variable","c_uhccntcd","209","A3"
"variable","c_uhccntcd","21","A3"
"variable","c_uhccntcd","210","A3"
"variable","c_uhccntcd","211","A3"
"variable","c_uhccntcd","212","A3"
"variable","c_uhccntcd","213","A3"
"variable","c_uhccntcd","214","A3"
"variable","c_uhccntcd","215","A3"
"variable","c_uhccntcd","216","A3"
"variable","c_uhccntcd","217","A3"
"variable","c_uhccntcd","218","A3"
"variable","c_uhccntcd","219","A3"
"variable","c_uhccntcd","22","A3"
"variable","c_uhccntcd","220","A3"
"variable","c_uhccntcd","221","A3"
"variable","c_uhccntcd","222","A3"
"variable","c_uhccntcd","223","A3"
"variable","c_uhccntcd","224","A3"
"variable","c_uhccntcd","225","A3"
"variable","c_uhccntcd","226","A3"
"variable","c_uhccntcd","227","A3"
"variable","c_uhccntcd","228","A3"
"variable","c_uhccntcd","229","A3"
"variable","c_uhccntcd","23","A3"
"variable","c_uhccntcd","230","A3"
"variable","c_uhccntcd","231","A3"
"variable","c_uhccntcd","232","A3"
"variable","c_uhccntcd","233","A3"
"variable","c_uhccntcd","234","A3"
"variable","c_uhccntcd","235","A3"
"variable","c_uhccntcd","236","A3"
"variable","c_uhccntcd","237","A3"
"variable","c_uhccntcd","238","A3"
"variable","c_uhccntcd","239","A3"
"variable","c_uhccntcd","24","A3"
"variable","c_uhccntcd","240","A3"
"variable","c_uhccntcd","241","A3"
"variable","c_uhccntcd","242","A3"
"variable","c_uhccntcd","243","A3"
"variable","c_uhccntcd","244","A3"
"variable","c_uhccntcd","245","A3"
"variable","c_uhccntcd","246","A3"
"variable","c_uhccntcd","247","A3"
"variable","c_uhccntcd","248","A3"
"variable","c_uhccntcd","249","A3"
"variable","c_uhccntcd","25","A3"
"variable","c_uhccntcd","250","A3"
"variable","c_uhccntcd","251","A3"
"variable","c_uhccntcd","252","A3"
"variable","c_uhccntcd","253","A3"
"variable","c_uhccntcd","254","A3"
"variable","c_uhccntcd","255","A3"
"variable","c_uhccntcd","256","A3"
"variable","c_uhccntcd","257","A3"
"variable","c_uhccntcd","258","A3"
"variable","c_uhccntcd","259","A3"
"variable","c_uhccntcd","26","A3"
"variable","c_uhccntcd","260","A3"
"variable","c_uhccntcd","261","A3"
"variable","c_uhccntcd","262","A3"
"variable","c_uhccntcd","263","A3"
"variable","c_uhccntcd","264","A3"
"variable","c_uhccntcd","265","A3"
"variable","c_uhccntcd","266","A3"
"variable","c_uhccntcd","267","A3"
"variable","c_uhccntcd","268","A3"
"variable","c_uhccntcd","269","A3"
"variable","c_uhccntcd","27","A3"
"variable","c_uhccntcd","270","A3"
"variable","c_uhccntcd","271","A3"
"variable","c_uhccntcd","272","A3"
"variable","c_uhccntcd","273","A3"
"variable","c_uhccntcd","274","A3"
"variable","c_uhccntcd","275","A3"
"variable","c_uhccntcd","276","A3"
"variable","c_uhccntcd","277","A3"
"variable","c_uhccntcd","278","A3"
"variable","c_uhccntcd","28","A3"
"variable","c_uhccntcd","29","A3"
"variable","c_uhccntcd","3","A3"
"variable","c_uhccntcd","30","A3"
"variable","c_uhccntcd","31","A3"
"variable","c_uhccntcd","32","A3"
"variable","c_uhccntcd","33","A3"
"variable","c_uhccntcd","34","A3"
"variable","c_uhccntcd","35","A3"
"variable","c_uhccntcd","36","A3"
"variable","c_uhccntcd","37","A3"
"variable","c_uhccntcd","38","A3"
"variable","c_uhccntcd","39","A3"
"variable","c_uhccntcd","4","A3"
"variable","c_uhccntcd","40","A3"
"variable","c_uhccntcd","41","A3"
"variable","c_uhccntcd","42","A3"
"variable","c_uhccntcd","43","A3"
"variable","c_uhccntcd","44","A3"
"variable","c_uhccntcd","45","A3"
"variable","c_uhccntcd","46","A3"
"variable","c_uhccntcd","47","A3"
"variable","c_uhccntcd","48","A3"
"variable","c_uhccntcd","49","A3"
"variable","c_uhccntcd","5","A3"
"variable","c_uhccntcd","50","A3"
"variable","c_uhccntcd","51","A3"
"variable","c_uhccntcd","52","A3"
"variable","c_uhccntcd","53","A3"
"variable","c_uhccntcd","54","A3"
"variable","c_uhccntcd","55","A3"
"variable","c_uhccntcd","56","A3"
"variable","c_uhccntcd","57","A3"
"variable","c_uhccntcd","58","A3"
"variable","c_uhccntcd","59","A3"
"variable","c_uhccntcd","6","A3"
"variable","c_uhccntcd","60","A3"
"variable","c_uhccntcd","61","A3"
"variable","c_uhccntcd","62","A3"
"variable","c_uhccntcd","63","A3"
"variable","c_uhccntcd","64","A3"
"variable","c_uhccntcd","65","A3"
"variable","c_uhccntcd","66","A3"
"variable","c_uhccntcd","67","A3"
"variable","c_uhccntcd","68","A3"
"variable","c_uhccntcd","69","A3"
"variable","c_uhccntcd","7","A3"
"variable","c_uhccntcd","70","A3"
"variable","c_uhccntcd","71","A3"
"variable","c_uhccntcd","72","A3"
"variable","c_uhccntcd","73","A3"
"variable","c_uhccntcd","74","A3"
"variable","c_uhccntcd","75","A3"
"variable","c_uhccntcd","76","A3"
"variable","c_uhccntcd","77","A3"
"variable","c_uhccntcd","771","A3"
"variable","c_uhccntcd","772","A3"
"variable","c_uhccntcd","773","A3"
"variable","c_uhccntcd","774","A3"
"variable","c_uhccntcd","776","A3"
"variable","c_uhccntcd","777","A3"
"variable","c_uhccntcd","778","A3"
"variable","c_uhccntcd","779","A3"
"variable","c_uhccntcd","78","A3"
"variable","c_uhccntcd","780","A3"
"variable","c_uhccntcd","781","A3"
"variable","c_uhccntcd","782","A3"
"variable","c_uhccntcd","783","A3"
"variable","c_uhccntcd","79","A3"
"variable","c_uhccntcd","8","A3"
"variable","c_uhccntcd","80","A3"
"variable","c_uhccntcd","81","A3"
"variable","c_uhccntcd","82","A3"
"variable","c_uhccntcd","83","A3"
"variable","c_uhccntcd","84","A3"
"variable","c_uhccntcd","85","A3"
"variable","c_uhccntcd","86","A3"
"variable","c_uhccntcd","87","A3"
"variable","c_uhccntcd","88","A3"
"variable","c_uhccntcd","89","A3"
"variable","c_uhccntcd","9","A3"
"variable","c_uhccntcd","90","A3"
"variable","c_uhccntcd","91","A3"
"variable","c_uhccntcd","92","A3"
"variable","c_uhccntcd","93","A3"
"variable","c_uhccntcd","94","A3"
"variable","c_uhccntcd","95","A3"
"variable","c_uhccntcd","96","A3"
"variable","c_uhccntcd","97","A3"
"variable","c_uhccntcd","98","A3"
"variable","c_uhccntcd","99","A3"
"variable","c_uhccntcd","999","A3"
"variable","t_asmt_calcn_cd",".","A3"
"variable","t_asmt_calcn_cd","10","A3"
"variable","t_asmt_calcn_cd","100","A3"
"variable","t_asmt_calcn_cd","105","A3"
"variable","t_asmt_calcn_cd","110","A3"
"variable","t_asmt_calcn_cd","115","A3"
"variable","t_asmt_calcn_cd","120","A3"
"variable","t_asmt_calcn_cd","125","A3"
"variable","t_asmt_calcn_cd","130","A3"
"variable","t_asmt_calcn_cd","135","A3"
"variable","t_asmt_calcn_cd","140","A3"
"variable","t_asmt_calcn_cd","145","A3"
"variable","t_asmt_calcn_cd","15","A3"
"variable","t_asmt_calcn_cd","150","A3"
"variable","t_asmt_calcn_cd","155","A3"
"variable","t_asmt_calcn_cd","160","A3"
"variable","t_asmt_calcn_cd","165","A3"
"variable","t_asmt_calcn_cd","170","A3"
"variable","t_asmt_calcn_cd","20","A3"
"variable","t_asmt_calcn_cd","25","A3"
"variable","t_asmt_calcn_cd","30","A3"
"variable","t_asmt_calcn_cd","35","A3"
"variable","t_asmt_calcn_cd","40","A3"
"variable","t_asmt_calcn_cd","45","A3"
"variable","t_asmt_calcn_cd","5","A3"
"variable","t_asmt_calcn_cd","50","A3"
"variable","t_asmt_calcn_cd","55","A3"
"variable","t_asmt_calcn_cd","60","A3"
"variable","t_asmt_calcn_cd","65","A3"
"variable","t_asmt_calcn_cd","70","A3"
"variable","t_asmt_calcn_cd","75","A3"
"variable","t_asmt_calcn_cd","80","A3"
"variable","t_asmt_calcn_cd","85","A3"
"variable","t_asmt_calcn_cd","90","A3"
"variable","t_asmt_calcn_cd","95","A3"
"variable","t_trst_asmt_no_bnfcry_calcn_cd",".","A3"
"variable","t_trst_asmt_no_bnfcry_calcn_cd","10","A3"
"variable","t_trst_asmt_no_bnfcry_calcn_cd","100","A3"
"variable","t_trst_asmt_no_bnfcry_calcn_cd","105","A3"
"variable","t_trst_asmt_no_bnfcry_calcn_cd","110","A3"
"variable","t_trst_asmt_no_bnfcry_calcn_cd","115","A3"
"variable","t_trst_asmt_no_bnfcry_calcn_cd","120","A3"
"variable","t_trst_asmt_no_bnfcry_calcn_cd","125","A3"
"variable","t_trst_asmt_no_bnfcry_calcn_cd","130","A3"
"variable","t_trst_asmt_no_bnfcry_calcn_cd","135","A3"
"variable","t_trst_asmt_no_bnfcry_calcn_cd","140","A3"
"variable","t_trst_asmt_no_bnfcry_calcn_cd","145","A3"
"variable","t_trst_asmt_no_bnfcry_calcn_cd","15","A3"
"variable","t_trst_asmt_no_bnfcry_calcn_cd","150","A3"
"variable","t_trst_asmt_no_bnfcry_calcn_cd","155","A3"
"variable","t_trst_asmt_no_bnfcry_calcn_cd","160","A3"
"variable","t_trst_asmt_no_bnfcry_calcn_cd","165","A3"
"variable","t_trst_asmt_no_bnfcry_calcn_cd","170","A3"
"variable","t_trst_asmt_no_bnfcry_calcn_cd","20","A3"
"variable","t_trst_asmt_no_bnfcry_calcn_cd","25","A3"
"variable","t_trst_asmt_no_bnfcry_calcn_cd","30","A3"
"variable","t_trst_asmt_no_bnfcry_calcn_cd","35","A3"
"variable","t_trst_asmt_no_bnfcry_calcn_cd","40","A3"
"variable","t_trst_asmt_no_bnfcry_calcn_cd","45","A3"
"variable","t_trst_asmt_no_bnfcry_calcn_cd","5","A3"
"variable","t_trst_asmt_no_bnfcry_calcn_cd","50","A3"
"variable","t_trst_asmt_no_bnfcry_calcn_cd","55","A3"
"variable","t_trst_asmt_no_bnfcry_calcn_cd","60","A3"
"variable","t_trst_asmt_no_bnfcry_calcn_cd","65","A3"
"variable","t_trst_asmt_no_bnfcry_calcn_cd","70","A3"
"variable","t_trst_asmt_no_bnfcry_calcn_cd","75","A3"
"variable","t_trst_asmt_no_bnfcry_calcn_cd","80","A3"
"variable","t_trst_asmt_no_bnfcry_calcn_cd","85","A3"
"variable","t_trst_asmt_no_bnfcry_calcn_cd","90","A3"
"variable","t_trst_asmt_no_bnfcry_calcn_cd","95","A3"
"trade_country_code","","004","A6"
"trade_country_code","","008","A6"
"trade_country_code","","012","A6"
"trade_country_code","","016","A6"
"trade_country_code","","024","A6"
"trade_country_code","","028","A6"
"trade_country_code","","031","A6"
"trade_country_code","","032","A6"
"trade_country_code","","036","A6"
"trade_country_code","","038","A6"
"trade_country_code","","040","A6"
"trade_country_code","","044","A6"
"trade_country_code","","048","A6"
"trade_country_code","","050","A6"
"trade_country_code","","051","A6"
"trade_country_code","","052","A6"
"trade_country_code","","058","A6"
"trade_country_code","","060","A6"
"trade_country_code","","064","A6"
"trade_country_code","","068","A6"
"trade_country_code","","070","A6"
"trade_country_code","","072","A6"
"trade_country_code","","076","A6"
"trade_country_code","","084","A6"
"trade_country_code","","086","A6"
"trade_country_code","","090","A6"
"trade_country_code","","092","A6"
"trade_country_code","","096","A6"
"trade_country_code","","100","A6"
"trade_country_code","","104","A6"
"trade_country_code","","108","A6"
"trade_country_code","","112","A6"
"trade_country_code","","116","A6"
"trade_country_code","","120","A6"
"trade_country_code","","124","A6"
"trade_country_code","","132","A6"
"trade_country_code","","136","A6"
"trade_country_code","","140","A6"
"trade_country_code","","144","A6"
"trade_country_code","","148","A6"
"trade_country_code","","152","A6"
"trade_country_code","","156","A6"
"trade_country_code","","157","A6"
"trade_country_code","","162","A6"
"trade_country_code","","166","A6"
"trade_country_code","","170","A6"
"trade_country_code","","174","A6"
"trade_country_code","","178","A6"
"trade_country_code","","180","A6"
"trade_country_code","","184","A6"
"trade_country_code","","188","A6"
"trade_country_code","","191","A6"
"trade_country_code","","192","A6"
"trade_country_code","","196","A6"
"trade_country_code","","203","A6"
"trade_country_code","","204","A6"
"trade_country_code","","208","A6"
"trade_country_code","","212","A6"
"trade_country_code","","214","A6"
"trade_country_code","","218","A6"
"trade_country_code","","222","A6"
"trade_country_code","","226","A6"
"trade_country_code","","230","A6"
"trade_country_code","","233","A6"
"trade_country_code","","238","A6"
"trade_country_code","","242","A6"
"trade_country_code","","246","A6"
"trade_country_code","","250","A6"
"trade_country_code","","254","A6"
"trade_country_code","","258","A6"
"trade_country_code","","261","A6"
"trade_country_code","","262","A6"
"trade_country_code","","266","A6"
"trade_country_code","","268","A6"
"trade_country_code","","270","A6"
"trade_country_code","","276","A6"
"trade_country_code","","288","A6"
"trade_country_code","","292","A6"
"trade_country_code","","296","A6"
"trade_country_code","","300","A6"
"trade_country_code","","308","A6"
"trade_country_code","","312","A6"
"trade_country_code","","316","A6"
"trade_country_code","","320","A6"
"trade_country_code","","324","A6"
"trade_country_code","","328","A6"
"trade_country_code","","332","A6"
"trade_country_code","","340","A6"
"trade_country_code","","344","A6"
"trade_country_code","","348","A6"
"trade_country_code","","352","A6"
"trade_country_code","","356","A6"
"trade_country_code","","360","A6"
"trade_country_code","","364","A6"
"trade_country_code","","368","A6"
"trade_country_code","","372","A6"
"trade_country_code","","376","A6"
"trade_country_code","","380","A6"
"trade_country_code","","384","A6"
"trade_country_code","","388","A6"
"trade_country_code","","392","A6"
"trade_country_code","","398","A6"
"trade_country_code","","400","A6"
"trade_country_code","","404","A6"
"trade_country_code","","408","A6"
"trade_country_code","","410","A6"
"trade_country_code","","414","A6"
"trade_country_code","","417","A6"
"trade_country_code","","418","A6"
"trade_country_code","","422","A6"
"trade_country_code","","426","A6"
"trade_country_code","","428","A6"
"trade_country_code","","430","A6"
"trade_country_code","","434","A6"
"trade_country_code","","440","A6"
"trade_country_code","","442","A6"
"trade_country_code","","446","A6"
"trade_country_code","","450","A6"
"trade_country_code","","454","A6"
"trade_country_code","","458","A6"
"trade_country_code","","462","A6"
"trade_country_code","","466","A6"
"trade_country_code","","470","A6"
"trade_country_code","","478","A6"
"trade_country_code","","480","A6"
"trade_country_code","","484","A6"
"trade_country_code","","496","A6"
"trade_country_code","","498","A6"
"trade_country_code","","500","A6"
"trade_country_code","","504","A6"
"trade_country_code","","508","A6"
"trade_country_code","","512","A6"
"trade_country_code","","516","A6"
"trade_country_code","","520","A6"
"trade_country_code","","524","A6"
"trade_country_code","","528","A6"
"trade_country_code","","530","A6"
"trade_country_code","","540","A6"
"trade_country_code","","548","A6"
"trade_country_code","","554","A6"
"trade_country_code","","558","A6"
"trade_country_code","","562","A6"
"trade_country_code","","566","A6"
"trade_country_code","","570","A6"
"trade_country_code","","574","A6"
"trade_country_code","","578","A6"
"trade_country_code","","580","A6"
"trade_country_code","","583","A6"
"trade_country_code","","584","A6"
"trade_country_code","","585","A6"
"trade_country_code","","586","A6"
"trade_country_code","","591","A6"
"trade_country_code","","598","A6"
"trade_country_code","","600","A6"
"trade_country_code","","604","A6"
"trade_country_code","","608","A6"
"trade_country_code","","612","A6"
"trade_country_code","","616","A6"
"trade_country_code","","620","A6"
"trade_country_code","","624","A6"
"trade_country_code","","626","A6"
"trade_country_code","","630","A6"
"trade_country_code","","634","A6"
"trade_country_code","","638","A6"
"trade_country_code","","642","A6"
"trade_country_code","","643","A6"
"trade_country_code","","646","A6"
"trade_country_code","","654","A6"
"trade_country_code","","659","A6"
"trade_country_code","","660","A6"
"trade_country_code","","662","A6"
"trade_country_code","","666","A6"
"trade_country_code","","670","A6"
"trade_country_code","","678","A6"
"trade_country_code","","682","A6"
"trade_country_code","","686","A6"
"trade_country_code","","690","A6"
"trade_country_code","","694","A6"
"trade_country_code","","702","A6"
"trade_country_code","","703","A6"
"trade_country_code","","704","A6"
"trade_country_code","","705","A6"
"trade_country_code","","706","A6"
"trade_country_code","","710","A6"
"trade_country_code","","716","A6"
"trade_country_code","","724","A6"
"trade_country_code","","732","A6"
"trade_country_code","","735","A6"
"trade_country_code","","736","A6"
"trade_country_code","","737","A6"
"trade_country_code","","740","A6"
"trade_country_code","","748","A6"
"trade_country_code","","752","A6"
"trade_country_code","","756","A6"
"trade_country_code","","760","A6"
"trade_country_code","","762","A6"
"trade_country_code","","764","A6"
"trade_country_code","","768","A6"
"trade_country_code","","776","A6"
"trade_country_code","","780","A6"
"trade_country_code","","784","A6"
"trade_country_code","","788","A6"
"trade_country_code","","792","A6"
"trade_country_code","","795","A6"
"trade_country_code","","796","A6"
"trade_country_code","","798","A6"
"trade_country_code","","800","A6"
"trade_country_code","","804","A6"
"trade_country_code","","818","A6"
"trade_country_code","","826","A6"
"trade_country_code","","834","A6"
"trade_country_code","","840","A6"
"trade_country_code","","848","A6"
"trade_country_code","","850","A6"
"trade_country_code","","854","A6"
"trade_country_code","","858","A6"
"trade_country_code","","860","A6"
"trade_country_code","","862","A6"
"trade_country_code","","876","A6"
"trade_country_code","","882","A6"
"trade_country_code","","887","A6"
"trade_country_code","","891","A6"
"trade_country_code","","894","A6"
"trade_country_code","","895","A6"
"trade_country_code","","896","A6"
"trade_country_code","","906","A6"
"trade_country_code","","990","A6"
"trade_country_code","","994","A6"
"trade_country_code","","995","A6"
"trade_country_code","","996","A6"
"trade_country_code","","998","A6"
"trade_foreign_port","","004399","A6"
"trade_foreign_port","","008449","A6"
"trade_foreign_port","","012449","A6"
"trade_foreign_port","","016399","A6"
"trade_foreign_port","","024449","A6"
"trade_foreign_port","","028449","A6"
"trade_foreign_port","","031449","A6"
"trade_foreign_port","","032001","A6"
"trade_foreign_port","","032003","A6"
"trade_foreign_port","","032005","A6"
"trade_foreign_port","","032007","A6"
"trade_foreign_port","","032449","A6"
"trade_foreign_port","","038449","A6"
"trade_foreign_port","","040100","A6"
"trade_foreign_port","","040200","A6"
"trade_foreign_port","","040399","A6"
"trade_foreign_port","","044449","A6"
"trade_foreign_port","","048399","A6"
"trade_foreign_port","","050001","A6"
"trade_foreign_port","","050003","A6"
"trade_foreign_port","","050100","A6"
"trade_foreign_port","","050449","A6"
"trade_foreign_port","","051449","A6"
"trade_foreign_port","","052449","A6"
"trade_foreign_port","","058001","A6"
"trade_foreign_port","","058003","A6"
"trade_foreign_port","","058005","A6"
"trade_foreign_port","","058100","A6"
"trade_foreign_port","","058399","A6"
"trade_foreign_port","","060449","A6"
"trade_foreign_port","","064399","A6"
"trade_foreign_port","","068399","A6"
"trade_foreign_port","","070449","A6"
"trade_foreign_port","","072399","A6"
"trade_foreign_port","","076001","A6"
"trade_foreign_port","","076003","A6"
"trade_foreign_port","","076005","A6"
"trade_foreign_port","","076007","A6"
"trade_foreign_port","","076009","A6"
"trade_foreign_port","","076011","A6"
"trade_foreign_port","","076449","A6"
"trade_foreign_port","","084449","A6"
"trade_foreign_port","","086449","A6"
"trade_foreign_port","","090001","A6"
"trade_foreign_port","","090449","A6"
"trade_foreign_port","","092449","A6"
"trade_foreign_port","","096100","A6"
"trade_foreign_port","","096101","A6"
"trade_foreign_port","","096449","A6"
"trade_foreign_port","","100449","A6"
"trade_foreign_port","","104450","A6"
"trade_foreign_port","","104899","A6"
"trade_foreign_port","","108399","A6"
"trade_foreign_port","","112449","A6"
"trade_foreign_port","","116003","A6"
"trade_foreign_port","","116005","A6"
"trade_foreign_port","","116449","A6"
"trade_foreign_port","","120899","A6"
"trade_foreign_port","","124001","A6"
"trade_foreign_port","","124005","A6"
"trade_foreign_port","","124009","A6"
"trade_foreign_port","","124011","A6"
"trade_foreign_port","","124017","A6"
"trade_foreign_port","","124023","A6"
"trade_foreign_port","","124100","A6"
"trade_foreign_port","","124120","A6"
"trade_foreign_port","","124399","A6"
"trade_foreign_port","","124454","A6"
"trade_foreign_port","","124458","A6"
"trade_foreign_port","","124464","A6"
"trade_foreign_port","","132889","A6"
"trade_foreign_port","","136449","A6"
"trade_foreign_port","","140399","A6"
"trade_foreign_port","","144001","A6"
"trade_foreign_port","","144449","A6"
"trade_foreign_port","","148399","A6"
"trade_foreign_port","","152100","A6"
"trade_foreign_port","","152450","A6"
"trade_foreign_port","","152454","A6"
"trade_foreign_port","","152458","A6"
"trade_foreign_port","","152899","A6"
"trade_foreign_port","","156001","A6"
"trade_foreign_port","","156003","A6"
"trade_foreign_port","","156007","A6"
"trade_foreign_port","","156009","A6"
"trade_foreign_port","","156013","A6"
"trade_foreign_port","","156015","A6"
"trade_foreign_port","","156019","A6"
"trade_foreign_port","","156021","A6"
"trade_foreign_port","","156023","A6"
"trade_foreign_port","","156025","A6"
"trade_foreign_port","","156027","A6"
"trade_foreign_port","","156029","A6"
"trade_foreign_port","","156031","A6"
"trade_foreign_port","","156033","A6"
"trade_foreign_port","","156035","A6"
"trade_foreign_port","","156037","A6"
"trade_foreign_port","","156040","A6"
"trade_foreign_port","","156042","A6"
"trade_foreign_port","","156044","A6"
"trade_foreign_port","","156046","A6"
"trade_foreign_port","","156048","A6"
"trade_foreign_port","","156050","A6"
"trade_foreign_port","","156051","A6"
"trade_foreign_port","","156052","A6"
"trade_foreign_port","","156053","A6"
"trade_foreign_port","","156054","A6"
"trade_foreign_port","","156055","A6"
"trade_foreign_port","","156056","A6"
"trade_foreign_port","","156057","A6"
"trade_foreign_port","","156058","A6"
"trade_foreign_port","","156059","A6"
"trade_foreign_port","","156060","A6"
"trade_foreign_port","","156061","A6"
"trade_foreign_port","","156062","A6"
"trade_foreign_port","","156449","A6"
"trade_foreign_port","","157001","A6"
"trade_foreign_port","","157003","A6"
"trade_foreign_port","","157005","A6"
"trade_foreign_port","","157100","A6"
"trade_foreign_port","","157449","A6"
"trade_foreign_port","","162001","A6"
"trade_foreign_port","","166001","A6"
"trade_foreign_port","","170001","A6"
"trade_foreign_port","","170399","A6"
"trade_foreign_port","","170450","A6"
"trade_foreign_port","","174449","A6"
"trade_foreign_port","","178899","A6"
"trade_foreign_port","","180899","A6"
"trade_foreign_port","","184399","A6"
"trade_foreign_port","","188899","A6"
"trade_foreign_port","","191449","A6"
"trade_foreign_port","","192449","A6"
"trade_foreign_port","","196003","A6"
"trade_foreign_port","","196005","A6"
"trade_foreign_port","","196449","A6"
"trade_foreign_port","","203100","A6"
"trade_foreign_port","","203399","A6"
"trade_foreign_port","","204899","A6"
"trade_foreign_port","","208001","A6"
"trade_foreign_port","","208003","A6"
"trade_foreign_port","","208449","A6"
"trade_foreign_port","","212449","A6"
"trade_foreign_port","","214899","A6"
"trade_foreign_port","","218452","A6"
"trade_foreign_port","","218899","A6"
"trade_foreign_port","","222899","A6"
"trade_foreign_port","","226449","A6"
"trade_foreign_port","","230449","A6"
"trade_foreign_port","","233449","A6"
"trade_foreign_port","","238449","A6"
"trade_foreign_port","","242001","A6"
"trade_foreign_port","","242003","A6"
"trade_foreign_port","","242006","A6"
"trade_foreign_port","","242899","A6"
"trade_foreign_port","","246001","A6"
"trade_foreign_port","","246005","A6"
"trade_foreign_port","","246007","A6"
"trade_foreign_port","","246899","A6"
"trade_foreign_port","","250001","A6"
"trade_foreign_port","","250003","A6"
"trade_foreign_port","","250100","A6"
"trade_foreign_port","","250399","A6"
"trade_foreign_port","","250450","A6"
"trade_foreign_port","","250452","A6"
"trade_foreign_port","","250454","A6"
"trade_foreign_port","","250456","A6"
"trade_foreign_port","","254449","A6"
"trade_foreign_port","","258399","A6"
"trade_foreign_port","","261899","A6"
"trade_foreign_port","","262449","A6"
"trade_foreign_port","","266899","A6"
"trade_foreign_port","","268449","A6"
"trade_foreign_port","","270449","A6"
"trade_foreign_port","","276100","A6"
"trade_foreign_port","","276150","A6"
"trade_foreign_port","","276200","A6"
"trade_foreign_port","","276399","A6"
"trade_foreign_port","","276450","A6"
"trade_foreign_port","","276452","A6"
"trade_foreign_port","","276458","A6"
"trade_foreign_port","","276460","A6"
"trade_foreign_port","","276462","A6"
"trade_foreign_port","","276468","A6"
"trade_foreign_port","","276470","A6"
"trade_foreign_port","","288001","A6"
"trade_foreign_port","","288003","A6"
"trade_foreign_port","","288005","A6"
"trade_foreign_port","","288449","A6"
"trade_foreign_port","","292001","A6"
"trade_foreign_port","","296001","A6"
"trade_foreign_port","","296899","A6"
"trade_foreign_port","","300001","A6"
"trade_foreign_port","","300100","A6"
"trade_foreign_port","","300349","A6"
"trade_foreign_port","","300399","A6"
"trade_foreign_port","","308449","A6"
"trade_foreign_port","","312399","A6"
"trade_foreign_port","","316399","A6"
"trade_foreign_port","","320100","A6"
"trade_foreign_port","","320399","A6"
"trade_foreign_port","","320452","A6"
"trade_foreign_port","","324899","A6"
"trade_foreign_port","","328449","A6"
"trade_foreign_port","","332449","A6"
"trade_foreign_port","","340001","A6"
"trade_foreign_port","","340399","A6"
"trade_foreign_port","","344449","A6"
"trade_foreign_port","","348001","A6"
"trade_foreign_port","","348399","A6"
"trade_foreign_port","","352449","A6"
"trade_foreign_port","","356001","A6"
"trade_foreign_port","","356003","A6"
"trade_foreign_port","","356005","A6"
"trade_foreign_port","","356007","A6"
"trade_foreign_port","","356009","A6"
"trade_foreign_port","","356011","A6"
"trade_foreign_port","","356013","A6"
"trade_foreign_port","","356015","A6"
"trade_foreign_port","","356017","A6"
"trade_foreign_port","","356019","A6"
"trade_foreign_port","","356100","A6"
"trade_foreign_port","","356399","A6"
"trade_foreign_port","","356450","A6"
"trade_foreign_port","","356452","A6"
"trade_foreign_port","","360005","A6"
"trade_foreign_port","","360015","A6"
"trade_foreign_port","","360019","A6"
"trade_foreign_port","","360021","A6"
"trade_foreign_port","","360023","A6"
"trade_foreign_port","","360027","A6"
"trade_foreign_port","","360033","A6"
"trade_foreign_port","","360035","A6"
"trade_foreign_port","","360037","A6"
"trade_foreign_port","","360039","A6"
"trade_foreign_port","","360041","A6"
"trade_foreign_port","","360043","A6"
"trade_foreign_port","","360045","A6"
"trade_foreign_port","","360047","A6"
"trade_foreign_port","","360100","A6"
"trade_foreign_port","","360899","A6"
"trade_foreign_port","","364009","A6"
"trade_foreign_port","","364100","A6"
"trade_foreign_port","","364449","A6"
"trade_foreign_port","","368003","A6"
"trade_foreign_port","","368100","A6"
"trade_foreign_port","","368449","A6"
"trade_foreign_port","","372001","A6"
"trade_foreign_port","","372100","A6"
"trade_foreign_port","","372899","A6"
"trade_foreign_port","","376001","A6"
"trade_foreign_port","","376450","A6"
"trade_foreign_port","","376452","A6"
"trade_foreign_port","","376899","A6"
"trade_foreign_port","","380001","A6"
"trade_foreign_port","","380003","A6"
"trade_foreign_port","","380005","A6"
"trade_foreign_port","","380007","A6"
"trade_foreign_port","","380100","A6"
"trade_foreign_port","","380140","A6"
"trade_foreign_port","","380450","A6"
"trade_foreign_port","","380452","A6"
"trade_foreign_port","","380454","A6"
"trade_foreign_port","","380458","A6"
"trade_foreign_port","","380460","A6"
"trade_foreign_port","","380462","A6"
"trade_foreign_port","","380464","A6"
"trade_foreign_port","","380899","A6"
"trade_foreign_port","","384399","A6"
"trade_foreign_port","","388399","A6"
"trade_foreign_port","","392001","A6"
"trade_foreign_port","","392003","A6"
"trade_foreign_port","","392007","A6"
"trade_foreign_port","","392012","A6"
"trade_foreign_port","","392014","A6"
"trade_foreign_port","","392016","A6"
"trade_foreign_port","","392018","A6"
"trade_foreign_port","","392020","A6"
"trade_foreign_port","","392022","A6"
"trade_foreign_port","","392026","A6"
"trade_foreign_port","","392028","A6"
"trade_foreign_port","","392030","A6"
"trade_foreign_port","","392032","A6"
"trade_foreign_port","","392038","A6"
"trade_foreign_port","","392040","A6"
"trade_foreign_port","","392042","A6"
"trade_foreign_port","","392044","A6"
"trade_foreign_port","","392046","A6"
"trade_foreign_port","","392048","A6"
"trade_foreign_port","","392050","A6"
"trade_foreign_port","","392052","A6"
"trade_foreign_port","","392054","A6"
"trade_foreign_port","","392056","A6"
"trade_foreign_port","","392060","A6"
"trade_foreign_port","","392062","A6"
"trade_foreign_port","","392064","A6"
"trade_foreign_port","","392068","A6"
"trade_foreign_port","","392071","A6"
"trade_foreign_port","","392075","A6"
"trade_foreign_port","","392079","A6"
"trade_foreign_port","","392083","A6"
"trade_foreign_port","","392090","A6"
"trade_foreign_port","","392092","A6"
"trade_foreign_port","","392095","A6"
"trade_foreign_port","","392097","A6"
"trade_foreign_port","","392100","A6"
"trade_foreign_port","","392102","A6"
"trade_foreign_port","","392104","A6"
"trade_foreign_port","","392106","A6"
"trade_foreign_port","","392108","A6"
"trade_foreign_port","","392110","A6"
"trade_foreign_port","","392111","A6"
"trade_foreign_port","","392112","A6"
"trade_foreign_port","","392113","A6"
"trade_foreign_port","","392114","A6"
"trade_foreign_port","","392115","A6"
"trade_foreign_port","","392116","A6"
"trade_foreign_port","","392117","A6"
"trade_foreign_port","","392118","A6"
"trade_foreign_port","","392119","A6"
"trade_foreign_port","","392150","A6"
"trade_foreign_port","","392200","A6"
"trade_foreign_port","","392899","A6"
"trade_foreign_port","","398449","A6"
"trade_foreign_port","","400001","A6"
"trade_foreign_port","","400100","A6"
"trade_foreign_port","","400449","A6"
"trade_foreign_port","","404001","A6"
"trade_foreign_port","","404100","A6"
"trade_foreign_port","","404449","A6"
"trade_foreign_port","","408449","A6"
"trade_foreign_port","","410001","A6"
"trade_foreign_port","","410003","A6"
"trade_foreign_port","","410005","A6"
"trade_foreign_port","","410007","A6"
"trade_foreign_port","","410009","A6"
"trade_foreign_port","","410011","A6"
"trade_foreign_port","","410013","A6"
"trade_foreign_port","","410015","A6"
"trade_foreign_port","","410017","A6"
"trade_foreign_port","","410018","A6"
"trade_foreign_port","","410019","A6"
"trade_foreign_port","","410020","A6"
"trade_foreign_port","","410100","A6"
"trade_foreign_port","","410449","A6"
"trade_foreign_port","","414001","A6"
"trade_foreign_port","","414449","A6"
"trade_foreign_port","","417449","A6"
"trade_foreign_port","","418399","A6"
"trade_foreign_port","","422450","A6"
"trade_foreign_port","","422899","A6"
"trade_foreign_port","","426399","A6"
"trade_foreign_port","","428449","A6"
"trade_foreign_port","","430399","A6"
"trade_foreign_port","","434003","A6"
"trade_foreign_port","","434005","A6"
"trade_foreign_port","","434100","A6"
"trade_foreign_port","","434449","A6"
"trade_foreign_port","","440449","A6"
"trade_foreign_port","","442899","A6"
"trade_foreign_port","","446001","A6"
"trade_foreign_port","","446449","A6"
"trade_foreign_port","","450399","A6"
"trade_foreign_port","","454399","A6"
"trade_foreign_port","","458001","A6"
"trade_foreign_port","","458003","A6"
"trade_foreign_port","","458007","A6"
"trade_foreign_port","","458009","A6"
"trade_foreign_port","","458011","A6"
"trade_foreign_port","","458015","A6"
"trade_foreign_port","","458018","A6"
"trade_foreign_port","","458020","A6"
"trade_foreign_port","","458023","A6"
"trade_foreign_port","","458025","A6"
"trade_foreign_port","","458027","A6"
"trade_foreign_port","","458029","A6"
"trade_foreign_port","","458031","A6"
"trade_foreign_port","","458033","A6"
"trade_foreign_port","","458035","A6"
"trade_foreign_port","","458037","A6"
"trade_foreign_port","","458039","A6"
"trade_foreign_port","","458041","A6"
"trade_foreign_port","","458043","A6"
"trade_foreign_port","","458045","A6"
"trade_foreign_port","","458046","A6"
"trade_foreign_port","","458100","A6"
"trade_foreign_port","","458449","A6"
"trade_foreign_port","","462399","A6"
"trade_foreign_port","","466399","A6"
"trade_foreign_port","","470399","A6"
"trade_foreign_port","","478899","A6"
"trade_foreign_port","","480001","A6"
"trade_foreign_port","","480499","A6"
"trade_foreign_port","","484001","A6"
"trade_foreign_port","","484003","A6"
"trade_foreign_port","","484200","A6"
"trade_foreign_port","","484300","A6"
"trade_foreign_port","","484399","A6"
"trade_foreign_port","","484452","A6"
"trade_foreign_port","","484454","A6"
"trade_foreign_port","","484458","A6"
"trade_foreign_port","","496399","A6"
"trade_foreign_port","","498449","A6"
"trade_foreign_port","","500399","A6"
"trade_foreign_port","","504450","A6"
"trade_foreign_port","","504899","A6"
"trade_foreign_port","","508001","A6"
"trade_foreign_port","","508003","A6"
"trade_foreign_port","","508449","A6"
"trade_foreign_port","","512001","A6"
"trade_foreign_port","","512449","A6"
"trade_foreign_port","","516899","A6"
"trade_foreign_port","","520399","A6"
"trade_foreign_port","","524399","A6"
"trade_foreign_port","","528050","A6"
"trade_foreign_port","","528052","A6"
"trade_foreign_port","","528058","A6"
"trade_foreign_port","","528062","A6"
"trade_foreign_port","","528899","A6"
"trade_foreign_port","","530899","A6"
"trade_foreign_port","","540005","A6"
"trade_foreign_port","","540449","A6"
"trade_foreign_port","","548001","A6"
"trade_foreign_port","","548003","A6"
"trade_foreign_port","","548449","A6"
"trade_foreign_port","","554001","A6"
"trade_foreign_port","","554003","A6"
"trade_foreign_port","","554005","A6"
"trade_foreign_port","","554009","A6"
"trade_foreign_port","","554013","A6"
"trade_foreign_port","","554015","A6"
"trade_foreign_port","","554017","A6"
"trade_foreign_port","","554019","A6"
"trade_foreign_port","","554100","A6"
"trade_foreign_port","","554150","A6"
"trade_foreign_port","","554250","A6"
"trade_foreign_port","","554399","A6"
"trade_foreign_port","","554454","A6"
"trade_foreign_port","","554456","A6"
"trade_foreign_port","","558449","A6"
"trade_foreign_port","","562399","A6"
"trade_foreign_port","","566003","A6"
"trade_foreign_port","","566449","A6"
"trade_foreign_port","","570449","A6"
"trade_foreign_port","","574399","A6"
"trade_foreign_port","","578050","A6"
"trade_foreign_port","","578052","A6"
"trade_foreign_port","","578058","A6"
"trade_foreign_port","","578060","A6"
"trade_foreign_port","","578899","A6"
"trade_foreign_port","","580009","A6"
"trade_foreign_port","","583011","A6"
"trade_foreign_port","","584007","A6"
"trade_foreign_port","","585005","A6"
"trade_foreign_port","","586001","A6"
"trade_foreign_port","","586003","A6"
"trade_foreign_port","","586449","A6"
"trade_foreign_port","","591449","A6"
"trade_foreign_port","","598003","A6"
"trade_foreign_port","","598011","A6"
"trade_foreign_port","","598013","A6"
"trade_foreign_port","","598015","A6"
"trade_foreign_port","","598019","A6"
"trade_foreign_port","","598021","A6"
"trade_foreign_port","","598054","A6"
"trade_foreign_port","","598056","A6"
"trade_foreign_port","","598058","A6"
"trade_foreign_port","","598060","A6"
"trade_foreign_port","","598062","A6"
"trade_foreign_port","","598899","A6"
"trade_foreign_port","","600399","A6"
"trade_foreign_port","","604001","A6"
"trade_foreign_port","","604100","A6"
"trade_foreign_port","","604449","A6"
"trade_foreign_port","","608001","A6"
"trade_foreign_port","","608003","A6"
"trade_foreign_port","","608007","A6"
"trade_foreign_port","","608011","A6"
"trade_foreign_port","","608449","A6"
"trade_foreign_port","","612449","A6"
"trade_foreign_port","","616001","A6"
"trade_foreign_port","","616003","A6"
"trade_foreign_port","","616100","A6"
"trade_foreign_port","","616449","A6"
"trade_foreign_port","","620050","A6"
"trade_foreign_port","","620899","A6"
"trade_foreign_port","","624899","A6"
"trade_foreign_port","","626100","A6"
"trade_foreign_port","","626399","A6"
"trade_foreign_port","","630001","A6"
"trade_foreign_port","","630449","A6"
"trade_foreign_port","","634001","A6"
"trade_foreign_port","","634003","A6"
"trade_foreign_port","","634449","A6"
"trade_foreign_port","","638449","A6"
"trade_foreign_port","","642001","A6"
"trade_foreign_port","","642449","A6"
"trade_foreign_port","","643003","A6"
"trade_foreign_port","","643399","A6"
"trade_foreign_port","","643454","A6"
"trade_foreign_port","","643456","A6"
"trade_foreign_port","","646399","A6"
"trade_foreign_port","","654449","A6"
"trade_foreign_port","","659499","A6"
"trade_foreign_port","","660499","A6"
"trade_foreign_port","","662449","A6"
"trade_foreign_port","","666449","A6"
"trade_foreign_port","","670499","A6"
"trade_foreign_port","","678449","A6"
"trade_foreign_port","","682001","A6"
"trade_foreign_port","","682003","A6"
"trade_foreign_port","","682399","A6"
"trade_foreign_port","","682450","A6"
"trade_foreign_port","","686899","A6"
"trade_foreign_port","","690399","A6"
"trade_foreign_port","","694899","A6"
"trade_foreign_port","","702399","A6"
"trade_foreign_port","","703399","A6"
"trade_foreign_port","","704001","A6"
"trade_foreign_port","","704003","A6"
"trade_foreign_port","","704005","A6"
"trade_foreign_port","","704007","A6"
"trade_foreign_port","","704010","A6"
"trade_foreign_port","","704011","A6"
"trade_foreign_port","","704012","A6"
"trade_foreign_port","","704013","A6"
"trade_foreign_port","","704014","A6"
"trade_foreign_port","","704449","A6"
"trade_foreign_port","","705449","A6"
"trade_foreign_port","","706449","A6"
"trade_foreign_port","","710001","A6"
"trade_foreign_port","","710003","A6"
"trade_foreign_port","","710005","A6"
"trade_foreign_port","","710007","A6"
"trade_foreign_port","","710009","A6"
"trade_foreign_port","","710100","A6"
"trade_foreign_port","","710449","A6"
"trade_foreign_port","","716399","A6"
"trade_foreign_port","","724005","A6"
"trade_foreign_port","","724007","A6"
"trade_foreign_port","","724100","A6"
"trade_foreign_port","","724399","A6"
"trade_foreign_port","","724450","A6"
"trade_foreign_port","","724452","A6"
"trade_foreign_port","","724454","A6"
"trade_foreign_port","","732899","A6"
"trade_foreign_port","","735001","A6"
"trade_foreign_port","","735449","A6"
"trade_foreign_port","","736001","A6"
"trade_foreign_port","","736449","A6"
"trade_foreign_port","","737449","A6"
"trade_foreign_port","","740449","A6"
"trade_foreign_port","","748399","A6"
"trade_foreign_port","","752001","A6"
"trade_foreign_port","","752003","A6"
"trade_foreign_port","","752005","A6"
"trade_foreign_port","","752007","A6"
"trade_foreign_port","","752009","A6"
"trade_foreign_port","","752011","A6"
"trade_foreign_port","","752013","A6"
"trade_foreign_port","","752449","A6"
"trade_foreign_port","","756100","A6"
"trade_foreign_port","","756150","A6"
"trade_foreign_port","","756300","A6"
"trade_foreign_port","","756399","A6"
"trade_foreign_port","","760452","A6"
"trade_foreign_port","","760899","A6"
"trade_foreign_port","","762449","A6"
"trade_foreign_port","","764001","A6"
"trade_foreign_port","","764003","A6"
"trade_foreign_port","","764449","A6"
"trade_foreign_port","","768449","A6"
"trade_foreign_port","","776399","A6"
"trade_foreign_port","","780001","A6"
"trade_foreign_port","","780449","A6"
"trade_foreign_port","","784001","A6"
"trade_foreign_port","","784002","A6"
"trade_foreign_port","","784003","A6"
"trade_foreign_port","","784004","A6"
"trade_foreign_port","","784005","A6"
"trade_foreign_port","","784449","A6"
"trade_foreign_port","","788449","A6"
"trade_foreign_port","","792006","A6"
"trade_foreign_port","","792899","A6"
"trade_foreign_port","","795449","A6"
"trade_foreign_port","","796449","A6"
"trade_foreign_port","","798449","A6"
"trade_foreign_port","","800399","A6"
"trade_foreign_port","","804449","A6"
"trade_foreign_port","","818100","A6"
"trade_foreign_port","","818399","A6"
"trade_foreign_port","","818450","A6"
"trade_foreign_port","","818452","A6"
"trade_foreign_port","","818454","A6"
"trade_foreign_port","","826001","A6"
"trade_foreign_port","","826003","A6"
"trade_foreign_port","","826005","A6"
"trade_foreign_port","","826007","A6"
"trade_foreign_port","","826011","A6"
"trade_foreign_port","","826013","A6"
"trade_foreign_port","","826017","A6"
"trade_foreign_port","","826019","A6"
"trade_foreign_port","","826021","A6"
"trade_foreign_port","","826150","A6"
"trade_foreign_port","","826399","A6"
"trade_foreign_port","","826450","A6"
"trade_foreign_port","","826451","A6"
"trade_foreign_port","","826452","A6"
"trade_foreign_port","","826454","A6"
"trade_foreign_port","","826456","A6"
"trade_foreign_port","","826458","A6"
"trade_foreign_port","","826459","A6"
"trade_foreign_port","","826460","A6"
"trade_foreign_port","","834001","A6"
"trade_foreign_port","","834449","A6"
"trade_foreign_port","","840001","A6"
"trade_foreign_port","","840002","A6"
"trade_foreign_port","","840005","A6"
"trade_foreign_port","","840007","A6"
"trade_foreign_port","","840009","A6"
"trade_foreign_port","","840011","A6"
"trade_foreign_port","","840013","A6"
"trade_foreign_port","","840015","A6"
"trade_foreign_port","","840017","A6"
"trade_foreign_port","","840023","A6"
"trade_foreign_port","","840025","A6"
"trade_foreign_port","","840027","A6"
"trade_foreign_port","","840029","A6"
"trade_foreign_port","","840033","A6"
"trade_foreign_port","","840035","A6"
"trade_foreign_port","","840037","A6"
"trade_foreign_port","","840039","A6"
"trade_foreign_port","","840041","A6"
"trade_foreign_port","","840045","A6"
"trade_foreign_port","","840049","A6"
"trade_foreign_port","","840051","A6"
"trade_foreign_port","","840054","A6"
"trade_foreign_port","","840055","A6"
"trade_foreign_port","","840058","A6"
"trade_foreign_port","","840399","A6"
"trade_foreign_port","","840450","A6"
"trade_foreign_port","","840458","A6"
"trade_foreign_port","","840460","A6"
"trade_foreign_port","","840464","A6"
"trade_foreign_port","","840466","A6"
"trade_foreign_port","","840468","A6"
"trade_foreign_port","","840470","A6"
"trade_foreign_port","","840472","A6"
"trade_foreign_port","","840474","A6"
"trade_foreign_port","","840476","A6"
"trade_foreign_port","","840480","A6"
"trade_foreign_port","","840488","A6"
"trade_foreign_port","","840489","A6"
"trade_foreign_port","","840490","A6"
"trade_foreign_port","","840491","A6"
"trade_foreign_port","","848399","A6"
"trade_foreign_port","","850449","A6"
"trade_foreign_port","","854399","A6"
"trade_foreign_port","","858001","A6"
"trade_foreign_port","","858449","A6"
"trade_foreign_port","","860449","A6"
"trade_foreign_port","","862003","A6"
"trade_foreign_port","","862449","A6"
"trade_foreign_port","","876449","A6"
"trade_foreign_port","","882399","A6"
"trade_foreign_port","","887003","A6"
"trade_foreign_port","","887007","A6"
"trade_foreign_port","","887449","A6"
"trade_foreign_port","","891899","A6"
"trade_foreign_port","","894399","A6"
"trade_foreign_port","","895899","A6"
"trade_foreign_port","","896899","A6"
"trade_foreign_port","","990888","A6"
"trade_foreign_port","","990899","A6"
"trade_foreign_port","","994001","A6"
"trade_foreign_port","","994399","A6"
"trade_foreign_port","","995449","A6"
"trade_foreign_port","","996399","A6"
"trade_foreign_port","","998449","A6"
"trade_australian_port","","101","A7"
"trade_australian_port","","102","A7"
"trade_australian_port","","103","A7"
"trade_australian_port","","104","A7"
"trade_australian_port","","105","A7"
"trade_australian_port","","106","A7"
"trade_australian_port","","107","A7"
"trade_australian_port","","112","A7"
"trade_australian_port","","118","A7"
"trade_australian_port","","198","A7"
"trade_australian_port","","201","A7"
"trade_australian_port","","202","A7"
"trade_australian_port","","203","A7"
"trade_australian_port","","204","A7"
"trade_australian_port","","212","A7"
"trade_australian_port","","298","A7"
"trade_australian_port","","301","A7"
"trade_australian_port","","303","A7"
"trade_australian_port","","304","A7"
"trade_australian_port","","305","A7"
"trade_australian_port","","306","A7"
"trade_australian_port","","307","A7"
"trade_australian_port","","309","A7"
"trade_australian_port","","310","A7"
"trade_australian_port","","311","A7"
"trade_australian_port","","312","A7"
"trade_australian_port","","313","A7"
"trade_australian_port","","316","A7"
"trade_australian_port","","317","A7"
"trade_australian_port","","318","A7"
"trade_australian_port","","325","A7"
"trade_australian_port","","326","A7"
"trade_australian_port","","327","A7"
"trade_australian_port","","398","A7"
"trade_australian_port","","401","A7"
"trade_australian_port","","402","A7"
"trade_australian_port","","403","A7"
"trade_australian_port","","406","A7"
"trade_australian_port","","408","A7"
"trade_australian_port","","409","A7"
"trade_australian_port","","411","A7"
"trade_australian_port","","413","A7"
"trade_australian_port","","417","A7"
"trade_australian_port","","418","A7"
"trade_australian_port","","421","A7"
"trade_australian_port","","429","A7"
"trade_australian_port","","498","A7"
"trade_australian_port","","501","A7"
"trade_australian_port","","502","A7"
"trade_australian_port","","504","A7"
"trade_australian_port","","505","A7"
"trade_australian_port","","507","A7"
"trade_australian_port","","508","A7"
"trade_australian_port","","509","A7"
"trade_australian_port","","510","A7"
"trade_australian_port","","512","A7"
"trade_australian_port","","513","A7"
"trade_australian_port","","515","A7"
"trade_australian_port","","517","A7"
"trade_australian_port","","518","A7"
"trade_australian_port","","519","A7"
"trade_australian_port","","520","A7"
"trade_australian_port","","521","A7"
"trade_australian_port","","523","A7"
"trade_australian_port","","524","A7"
"trade_australian_port","","526","A7"
"trade_australian_port","","527","A7"
"trade_australian_port","","580","A7"
"trade_australian_port","","598","A7"
"trade_australian_port","","601","A7"
"trade_australian_port","","602","A7"
"trade_australian_port","","603","A7"
"trade_australian_port","","605","A7"
"trade_australian_port","","607","A7"
"trade_australian_port","","610","A7"
"trade_australian_port","","611","A7"
"trade_australian_port","","698","A7"
"trade_australian_port","","701","A7"
"trade_australian_port","","703","A7"
"trade_australian_port","","704","A7"
"trade_australian_port","","780","A7"
"trade_australian_port","","798","A7"
"trade_australian_port","","801","A7"
"trade_australian_port","","898","A7"
"trade_australian_port","","998","A7"
"trade_currency","","ATS","A8"
"trade_currency","","AUD","A8"
"trade_currency","","BEF","A8"
"trade_currency","","BRC","A8"
"trade_currency","","BRL","A8"
"trade_currency","","CAD","A8"
"trade_currency","","CHF","A8"
"trade_currency","","CNY","A8"
"trade_currency","","DEM","A8"
"trade_currency","","DKK","A8"
"trade_currency","","ESP","A8"
"trade_currency","","EUR","A8"
"trade_currency","","FJD","A8"
"trade_currency","","FRF","A8"
"trade_currency","","GBP","A8"
"trade_currency","","HKD","A8"
"trade_currency","","IDR","A8"
"trade_currency","","IEP","A8"
"trade_currency","","ILS","A8"
"trade_currency","","INR","A8"
"trade_currency","","ITL","A8"
"trade_currency","","JPY","A8"
"trade_currency","","KRW","A8"
"trade_currency","","LKR","A8"
"trade_currency","","MYR","A8"
"trade_currency","","NOK","A8"
"trade_currency","","NZD","A8"
"trade_currency","","PGK","A8"
"trade_currency","","PHP","A8"
"trade_currency","","PKR","A8"
"trade_currency","","SAR","A8"
"trade_currency","","SBD","A8"
"trade_currency","","SEK","A8"
"trade_currency","","SGD","A8"
"trade_currency","","THB","A8"
"trade_currency","","TWD","A8"
"trade_currency","","USD","A8"
"trade_currency","","ZAR","A8"
"trade_unit","","* A basic carton consists of 24 x 825g cans or equivalent. For industry purposes there are 50 basic cartons to the tonne.","A9"
"trade_unit","","** A carton consists of 24 x 425g cans or equivalent. For industry purposes there are approximately 100 cartons to the tonne.","A9"
"trade_unit","","*** These units of quantity are not used for any export commodities that have been open since 2003-04. Therefore, they are not relevant to the exports data in the DataLab.","A9"
"trade_unit","","BC","A9"
"trade_unit","","CM","A9"
"trade_unit","","CT","A9"
"trade_unit","","CU","A9"
"trade_unit","","G","A9"
"trade_unit","","IU","A9"
"trade_unit","","KG","A9"
"trade_unit","","L","A9"
"trade_unit","","LA","A9"
"trade_unit","","M","A9"
"trade_unit","","MC","A9"
"trade_unit","","NO","A9"
"trade_unit","","NR","A9"
"trade_unit","","PR","A9"
"trade_unit","","SM","A9"
"trade_unit","","SR","A9"
"trade_unit","","T","A9"
"trade_unit","","TH","A9"
"local_plausible_trade_code","bec_group_code_im","111","LOCAL_PLAUSIBLE_NOT_OFFICIAL"
"local_plausible_trade_code","bec_group_code_im","121","LOCAL_PLAUSIBLE_NOT_OFFICIAL"
"local_plausible_trade_code","bec_group_code_im","210","LOCAL_PLAUSIBLE_NOT_OFFICIAL"
"local_plausible_trade_code","bec_group_code_im","310","LOCAL_PLAUSIBLE_NOT_OFFICIAL"
"local_plausible_trade_code","bec_group_code_im","410","LOCAL_PLAUSIBLE_NOT_OFFICIAL"
"local_plausible_trade_code","bec_group_code_im","521","LOCAL_PLAUSIBLE_NOT_OFFICIAL"
"local_plausible_trade_code","bec_group_code_im","610","LOCAL_PLAUSIBLE_NOT_OFFICIAL"
"local_plausible_trade_code","bec_group_code_im","730","LOCAL_PLAUSIBLE_NOT_OFFICIAL"
"local_plausible_trade_code","commodity_code_ex","02013000","LOCAL_PLAUSIBLE_NOT_OFFICIAL"
"local_plausible_trade_code","commodity_code_ex","04022100","LOCAL_PLAUSIBLE_NOT_OFFICIAL"
"local_plausible_trade_code","commodity_code_ex","10019900","LOCAL_PLAUSIBLE_NOT_OFFICIAL"
"local_plausible_trade_code","commodity_code_ex","22042100","LOCAL_PLAUSIBLE_NOT_OFFICIAL"
"local_plausible_trade_code","commodity_code_ex","26011100","LOCAL_PLAUSIBLE_NOT_OFFICIAL"
"local_plausible_trade_code","commodity_code_ex","27090000","LOCAL_PLAUSIBLE_NOT_OFFICIAL"
"local_plausible_trade_code","commodity_code_ex","71081200","LOCAL_PLAUSIBLE_NOT_OFFICIAL"
"local_plausible_trade_code","commodity_code_ex","76011000","LOCAL_PLAUSIBLE_NOT_OFFICIAL"
"local_plausible_trade_code","commodity_code_ex","84713000","LOCAL_PLAUSIBLE_NOT_OFFICIAL"
"local_plausible_trade_code","commodity_code_ex","87032300","LOCAL_PLAUSIBLE_NOT_OFFICIAL"
"local_plausible_trade_code","commodity_code_im","0201300010","LOCAL_PLAUSIBLE_NOT_OFFICIAL"
"local_plausible_trade_code","commodity_code_im","0901110001","LOCAL_PLAUSIBLE_NOT_OFFICIAL"
"local_plausible_trade_code","commodity_code_im","3004900010","LOCAL_PLAUSIBLE_NOT_OFFICIAL"
"local_plausible_trade_code","commodity_code_im","3926900090","LOCAL_PLAUSIBLE_NOT_OFFICIAL"
"local_plausible_trade_code","commodity_code_im","6403999010","LOCAL_PLAUSIBLE_NOT_OFFICIAL"
"local_plausible_trade_code","commodity_code_im","8471300010","LOCAL_PLAUSIBLE_NOT_OFFICIAL"
"local_plausible_trade_code","commodity_code_im","8517130010","LOCAL_PLAUSIBLE_NOT_OFFICIAL"
"local_plausible_trade_code","commodity_code_im","8703230010","LOCAL_PLAUSIBLE_NOT_OFFICIAL"
"local_plausible_trade_code","preference_code_im","DCS","LOCAL_PLAUSIBLE_NOT_OFFICIAL"
"local_plausible_trade_code","preference_code_im","FTA","LOCAL_PLAUSIBLE_NOT_OFFICIAL"
"local_plausible_trade_code","preference_code_im","GEN","LOCAL_PLAUSIBLE_NOT_OFFICIAL"
"local_plausible_trade_code","preference_code_im","LDC","LOCAL_PLAUSIBLE_NOT_OFFICIAL"
"local_plausible_trade_code","preference_code_im","NZ","LOCAL_PLAUSIBLE_NOT_OFFICIAL"
"local_plausible_trade_code","preference_code_im","US","LOCAL_PLAUSIBLE_NOT_OFFICIAL"
"local_plausible_trade_code","sitc_item_code_ex","01111","LOCAL_PLAUSIBLE_NOT_OFFICIAL"
"local_plausible_trade_code","sitc_item_code_ex","04120","LOCAL_PLAUSIBLE_NOT_OFFICIAL"
"local_plausible_trade_code","sitc_item_code_ex","07110","LOCAL_PLAUSIBLE_NOT_OFFICIAL"
"local_plausible_trade_code","sitc_item_code_ex","28150","LOCAL_PLAUSIBLE_NOT_OFFICIAL"
"local_plausible_trade_code","sitc_item_code_ex","33300","LOCAL_PLAUSIBLE_NOT_OFFICIAL"
"local_plausible_trade_code","sitc_item_code_ex","68410","LOCAL_PLAUSIBLE_NOT_OFFICIAL"
"local_plausible_trade_code","sitc_item_code_ex","78120","LOCAL_PLAUSIBLE_NOT_OFFICIAL"
"local_plausible_trade_code","sitc_item_code_ex","84140","LOCAL_PLAUSIBLE_NOT_OFFICIAL"
"local_plausible_trade_code","sitc_item_code_im","01111","LOCAL_PLAUSIBLE_NOT_OFFICIAL"
"local_plausible_trade_code","sitc_item_code_im","07110","LOCAL_PLAUSIBLE_NOT_OFFICIAL"
"local_plausible_trade_code","sitc_item_code_im","54170","LOCAL_PLAUSIBLE_NOT_OFFICIAL"
"local_plausible_trade_code","sitc_item_code_im","58390","LOCAL_PLAUSIBLE_NOT_OFFICIAL"
"local_plausible_trade_code","sitc_item_code_im","76410","LOCAL_PLAUSIBLE_NOT_OFFICIAL"
"local_plausible_trade_code","sitc_item_code_im","78120","LOCAL_PLAUSIBLE_NOT_OFFICIAL"
"local_plausible_trade_code","sitc_item_code_im","89390","LOCAL_PLAUSIBLE_NOT_OFFICIAL"
"local_plausible_trade_code","sitc_item_code_im","93100","LOCAL_PLAUSIBLE_NOT_OFFICIAL"
"local_plausible_trade_code","treatment_code_im","000","LOCAL_PLAUSIBLE_NOT_OFFICIAL"
"local_plausible_trade_code","treatment_code_im","100","LOCAL_PLAUSIBLE_NOT_OFFICIAL"
"local_plausible_trade_code","treatment_code_im","200","LOCAL_PLAUSIBLE_NOT_OFFICIAL"
"local_plausible_trade_code","treatment_code_im","300","LOCAL_PLAUSIBLE_NOT_OFFICIAL"
"local_plausible_trade_code","treatment_code_im","400","LOCAL_PLAUSIBLE_NOT_OFFICIAL"
"local_plausible_trade_code","treatment_code_im","500","LOCAL_PLAUSIBLE_NOT_OFFICIAL"
