"dataset","table","variable","type","observed_generated_domain_or_distribution","observed_small_domain_values","plida_or_crosswalk_variable","plida_or_crosswalk_description","crosswalk_status","evidence_status","source_url","source_summary","current_generated_assessment","required_next_action"
"MBS","2020","AGGRITEM","character","75842=97; 75042=95; 75606=94; 75400=91; 75851=91; 75206=90; 75007=89; 75049=89; 75610=87; 75023=86; 75603=86; 75032=84","75842; 75042; 75606; 75400; 75851; 75206; 75007; 75049; 75610; 75023; 75603; 75032; 75011; 75034; 75048; 75845; 75024; 75051; 75609; 75800; 75015; 75009; 75200; 75600; 75820; 75002; 75050; 75402; 75833; 75848","AGGRITEM","Mbs item number from the aggregate item number field. for most mbs items this will be the same as the mbs item number in the base item number field. where the schedule fee for one item is dependent on the schedule fee for another item  the main item is stored in the aggregate item number field and the other item number is stored in the base item number field.note: all mbs statistics are based on the latest mapped item number which is derived from the aggregate item number. | Original item number","direct_plida_dataset_variable","official_mbs_schedule_anchor_local_lookup_distribution","https://www.abs.gov.au/statistics/data-integration/integrated-data/person-level-integrated-data-asset-plida/plida-data-and-legislation | https://www.aihw.gov.au/about-our-data/our-data-collections/medicare-benefits-schedule-mbs | https://www.mbsonline.gov.au/internet/mbsonline/publishing.nsf/Content/downloads | https://www.mbsonline.gov.au/internet/mbsonline/publishing.nsf/Content/81D3D41DCEAE03F0CA2581C60013304B/%24File/MBS%20Classification%20specifications%20effective%20November%202014.pdf","MBS Online downloads provide official MBS item/schedule material. Current fplida values come from local mbs_item_lookup.csv; generated frequencies are synthetic.","Variable concept is anchored to official schedule/classification material; observed generated frequencies come from local sampling over the packaged lookup.","Pin the exact official schedule/lookup release and add tests that item/classification values stay within that lookup."
"MBS","2020","BENPAID","numeric","1.20 / 43.35 / 98.95 / 231.25 / 7897.60","","BENPAID","The total amount of medicare benefit paid for services performed by a medicare service provider  expressed in australian dollars. | Benefit paid","direct_plida_dataset_variable","direct_plida_metadata_public_collection_context_distribution_local","https://www.abs.gov.au/statistics/data-integration/integrated-data/person-level-integrated-data-asset-plida/plida-data-and-legislation | https://www.aihw.gov.au/about-our-data/our-data-collections/medicare-benefits-schedule-mbs | https://www.mbsonline.gov.au/internet/mbsonline/publishing.nsf/Content/downloads | https://www.mbsonline.gov.au/internet/mbsonline/publishing.nsf/Content/81D3D41DCEAE03F0CA2581C60013304B/%24File/MBS%20Classification%20specifications%20effective%20November%202014.pdf","AIHW describes MBS as processed Medicare fee-for-service claims including benefits paid, patients and providers; local PLIDA metadata supplies the variable description; generated distributions are synthetic smoke-output evidence.","Variable concept is source-supported, but observed frequencies/quantiles are generated synthetic output, not official distribution evidence.","Keep generated distribution labelled synthetic unless calibrated against an official aggregate/statistical distribution."
"MBS","2020","BILLTYPECD","character","D=60970; P=13470","D; P","BILLTYPECD","The type of medicare billing issued for the provided service  as represented by a code. code d is for direct billed (bulk billed). code p is for patient billed. | Bulk-billing flag","direct_plida_dataset_variable","direct_plida_metadata_code_labels_public_collection_context","https://www.abs.gov.au/statistics/data-integration/integrated-data/person-level-integrated-data-asset-plida/plida-data-and-legislation | https://www.aihw.gov.au/about-our-data/our-data-collections/medicare-benefits-schedule-mbs | https://www.mbsonline.gov.au/internet/mbsonline/publishing.nsf/Content/downloads | https://www.mbsonline.gov.au/internet/mbsonline/publishing.nsf/Content/81D3D41DCEAE03F0CA2581C60013304B/%24File/MBS%20Classification%20specifications%20effective%20November%202014.pdf","Local PLIDA metadata defines D as direct/bulk billed and P as patient billed. Public MBS collection sources confirm claims/payment context, not generated frequencies.","Source supports the concept; value-domain equivalence is as described in the source summary.","Keep as source-supported concept but do not infer unsourced distributional calibration."
"MBS","2020","BTOS","character","U=32863; P=22287; I=5989; O=5977; R=3632; A=2245; D=1447","U; P; I; O; R; A; D","BTOS","Broad classifications of the mbs used for reporting. the categories for the broad type of service (btos) hierarchy in reporting order  as represented by a code. | Broad Type of Service","direct_plida_dataset_variable","direct_plida_metadata_public_code_table_not_found","https://www.abs.gov.au/statistics/data-integration/integrated-data/person-level-integrated-data-asset-plida/plida-data-and-legislation | https://www.aihw.gov.au/about-our-data/our-data-collections/medicare-benefits-schedule-mbs | https://www.mbsonline.gov.au/internet/mbsonline/publishing.nsf/Content/downloads | https://www.mbsonline.gov.au/internet/mbsonline/publishing.nsf/Content/81D3D41DCEAE03F0CA2581C60013304B/%24File/MBS%20Classification%20specifications%20effective%20November%202014.pdf","Local PLIDA metadata defines Broad Type of Service. I did not find a public code table proving the generated compact BTOS labels; treat values as local generator evidence.","Generated domain/labels are observed local values; no public codebook evidence was found in this pass.","Find a public code table or keep guide wording as local-generator/PLIDA-metadata only."
"MBS","2020","DOP","Date","2020-01-01 to 2021-01-16","","DOP","The date in which the mbs item was processed. | Date of processing","direct_plida_dataset_variable","direct_plida_metadata_public_collection_context_distribution_local","https://www.abs.gov.au/statistics/data-integration/integrated-data/person-level-integrated-data-asset-plida/plida-data-and-legislation | https://www.aihw.gov.au/about-our-data/our-data-collections/medicare-benefits-schedule-mbs | https://www.mbsonline.gov.au/internet/mbsonline/publishing.nsf/Content/downloads | https://www.mbsonline.gov.au/internet/mbsonline/publishing.nsf/Content/81D3D41DCEAE03F0CA2581C60013304B/%24File/MBS%20Classification%20specifications%20effective%20November%202014.pdf","AIHW describes MBS as processed Medicare fee-for-service claims including benefits paid, patients and providers; local PLIDA metadata supplies the variable description; generated distributions are synthetic smoke-output evidence.","Variable concept is source-supported, but observed frequencies/quantiles are generated synthetic output, not official distribution evidence.","Keep generated distribution labelled synthetic unless calibrated against an official aggregate/statistical distribution."
"MBS","2020","DOS","Date","2020-01-01 to 2020-12-31","","DOS","The date on which the medicare service provider performed the medicare claimable service. the date of service is entered during claims processing and is mandatory for processing patient claims. | Date of service","direct_plida_dataset_variable","direct_plida_metadata_public_collection_context_distribution_local","https://www.abs.gov.au/statistics/data-integration/integrated-data/person-level-integrated-data-asset-plida/plida-data-and-legislation | https://www.aihw.gov.au/about-our-data/our-data-collections/medicare-benefits-schedule-mbs | https://www.mbsonline.gov.au/internet/mbsonline/publishing.nsf/Content/downloads | https://www.mbsonline.gov.au/internet/mbsonline/publishing.nsf/Content/81D3D41DCEAE03F0CA2581C60013304B/%24File/MBS%20Classification%20specifications%20effective%20November%202014.pdf","AIHW describes MBS as processed Medicare fee-for-service claims including benefits paid, patients and providers; local PLIDA metadata supplies the variable description; generated distributions are synthetic smoke-output evidence.","Variable concept is source-supported, but observed frequencies/quantiles are generated synthetic output, not official distribution evidence.","Keep generated distribution labelled synthetic unless calibrated against an official aggregate/statistical distribution."
"MBS","2020","ENRPC","character","2603=113; 2609=111; 2601=110; 2616=109; 2610=105; 2606=103; 2605=100; 2600=98; 2615=98; 2613=96; 2602=94; 2607=94","2603; 2609; 2601; 2616; 2610; 2606; 2605; 2600; 2615; 2613; 2602; 2607; 2604; 2608; 2612; 2618; 2617; 2611; 2614; 2515; 2127; 2669; 2941; 2348; 2500; 2022; 2076; 2123; 2483; 2066","ENRPC","The australian numeric descriptor for a postal delivery area for an address.note: patient demographics (date of birth  sex  address) are sourced from the medicare enrolment file at the time the claim was processed. these demographics may change over time. patients may change address. sex and date of birth may be updated if the enrolment record is found to be in error. | Patient postcode","direct_plida_dataset_variable","direct_plida_metadata_public_collection_context_distribution_local","https://www.abs.gov.au/statistics/data-integration/integrated-data/person-level-integrated-data-asset-plida/plida-data-and-legislation | https://www.aihw.gov.au/about-our-data/our-data-collections/medicare-benefits-schedule-mbs | https://www.mbsonline.gov.au/internet/mbsonline/publishing.nsf/Content/downloads | https://www.mbsonline.gov.au/internet/mbsonline/publishing.nsf/Content/81D3D41DCEAE03F0CA2581C60013304B/%24File/MBS%20Classification%20specifications%20effective%20November%202014.pdf","AIHW describes MBS as processed Medicare fee-for-service claims including benefits paid, patients and providers; local PLIDA metadata supplies the variable description; generated distributions are synthetic smoke-output evidence.","Variable concept is source-supported, but observed frequencies/quantiles are generated synthetic output, not official distribution evidence.","Keep generated distribution labelled synthetic unless calibrated against an official aggregate/statistical distribution."
"MBS","2020","FEECHARGED","numeric","1.60 / 52.60 / 121.70 / 308.30 / 10300.72","","FEECHARGED","The total amount charged as contained on accounts submitted by the practitioner to claim payment for a service provided  expressed in australian dollars. | Fee charged","direct_plida_dataset_variable","direct_plida_metadata_public_collection_context_distribution_local","https://www.abs.gov.au/statistics/data-integration/integrated-data/person-level-integrated-data-asset-plida/plida-data-and-legislation | https://www.aihw.gov.au/about-our-data/our-data-collections/medicare-benefits-schedule-mbs | https://www.mbsonline.gov.au/internet/mbsonline/publishing.nsf/Content/downloads | https://www.mbsonline.gov.au/internet/mbsonline/publishing.nsf/Content/81D3D41DCEAE03F0CA2581C60013304B/%24File/MBS%20Classification%20specifications%20effective%20November%202014.pdf","AIHW describes MBS as processed Medicare fee-for-service claims including benefits paid, patients and providers; local PLIDA metadata supplies the variable description; generated distributions are synthetic smoke-output evidence.","Variable concept is source-supported, but observed frequencies/quantiles are generated synthetic output, not official distribution evidence.","Keep generated distribution labelled synthetic unless calibrated against an official aggregate/statistical distribution."
"MBS","2020","INHOSPITAL","character","N=68455; Y=5985","N; Y","INHOSPITAL","An indicator for services involving private patients in public or private hospitals or approved day hospitals  or hospital substitute services (benefits based on 75% of the schedule fee and identified with the letter 'y').note: services to public patients in hospital  services in public accident and emergency departments and services in public outpatient departments  are funded under state and federal government public hospital funding arrangements  and do not involve the payment of medicare benefits. | Hospital flag","direct_plida_dataset_variable","direct_plida_metadata_code_labels_public_collection_context","https://www.abs.gov.au/statistics/data-integration/integrated-data/person-level-integrated-data-asset-plida/plida-data-and-legislation | https://www.aihw.gov.au/about-our-data/our-data-collections/medicare-benefits-schedule-mbs | https://www.mbsonline.gov.au/internet/mbsonline/publishing.nsf/Content/downloads | https://www.mbsonline.gov.au/internet/mbsonline/publishing.nsf/Content/81D3D41DCEAE03F0CA2581C60013304B/%24File/MBS%20Classification%20specifications%20effective%20November%202014.pdf","Local PLIDA metadata defines the hospital flag concept and Y coding for relevant private-patient/hospital-substitute services. Public MBS collection sources confirm claims/payment context, not generated frequencies.","Source supports the concept; value-domain equivalence is as described in the source summary.","Keep as source-supported concept but do not infer unsourced distributional calibration."
"MBS","2020","ITEM","character","75842=97; 75042=95; 75606=94; 75400=91; 75851=91; 75206=90; 75007=89; 75049=89; 75610=87; 75023=86; 75603=86; 75032=84","75842; 75042; 75606; 75400; 75851; 75206; 75007; 75049; 75610; 75023; 75603; 75032; 75011; 75034; 75048; 75845; 75024; 75051; 75609; 75800; 75015; 75009; 75200; 75600; 75820; 75002; 75050; 75402; 75833; 75848","ITEM","Latest mbs item number for the aggregate item. | Current item number","direct_plida_dataset_variable","official_mbs_schedule_anchor_local_lookup_distribution","https://www.abs.gov.au/statistics/data-integration/integrated-data/person-level-integrated-data-asset-plida/plida-data-and-legislation | https://www.aihw.gov.au/about-our-data/our-data-collections/medicare-benefits-schedule-mbs | https://www.mbsonline.gov.au/internet/mbsonline/publishing.nsf/Content/downloads | https://www.mbsonline.gov.au/internet/mbsonline/publishing.nsf/Content/81D3D41DCEAE03F0CA2581C60013304B/%24File/MBS%20Classification%20specifications%20effective%20November%202014.pdf","MBS Online downloads provide official MBS item/schedule material. Current fplida values come from local mbs_item_lookup.csv; generated frequencies are synthetic.","Variable concept is anchored to official schedule/classification material; observed generated frequencies come from local sampling over the packaged lookup.","Pin the exact official schedule/lookup release and add tests that item/classification values stay within that lookup."
"MBS","2020","MBSCAT","integer","1 / 1 / 4 / 6 / 8","1; 2; 3; 4; 5; 6; 7; 8","MBSCAT","The categories which represent the service events within the mbs  as represented by a code. | MBS category","direct_plida_dataset_variable","official_mbs_classification_structure_local_lookup_values","https://www.abs.gov.au/statistics/data-integration/integrated-data/person-level-integrated-data-asset-plida/plida-data-and-legislation | https://www.aihw.gov.au/about-our-data/our-data-collections/medicare-benefits-schedule-mbs | https://www.mbsonline.gov.au/internet/mbsonline/publishing.nsf/Content/downloads | https://www.mbsonline.gov.au/internet/mbsonline/publishing.nsf/Content/81D3D41DCEAE03F0CA2581C60013304B/%24File/MBS%20Classification%20specifications%20effective%20November%202014.pdf","MBS classification specifications define Category, Group, Subgroup and SubHeading fields and their hierarchy; generated values are from the local MBS item lookup, not an independently audited official distribution.","Variable concept is anchored to official schedule/classification material; observed generated frequencies come from local sampling over the packaged lookup.","Pin the exact official schedule/lookup release and add tests that item/classification values stay within that lookup."
"MBS","2020","MBSGROUP","character","A40=9723; P7=5967; P2=5142; T8=4658; C1=3632; P4=2811; A7=2767; P3=2320; D1=2166; A15=2014; P1=1784; A24=1775","A40; P7; P2; T8; C1; P4; A7; P3; D1; A15; P1; A24; A8; I1; I3; M18; I5; A10; I4; A21; P9; P5; A36; T10; A35; P10; P6; M7; I2; A31","MBSGROUP","The groups which represent the service events within the mbs  as represented by a code. | MBS group","direct_plida_dataset_variable","official_mbs_classification_structure_local_lookup_values","https://www.abs.gov.au/statistics/data-integration/integrated-data/person-level-integrated-data-asset-plida/plida-data-and-legislation | https://www.aihw.gov.au/about-our-data/our-data-collections/medicare-benefits-schedule-mbs | https://www.mbsonline.gov.au/internet/mbsonline/publishing.nsf/Content/downloads | https://www.mbsonline.gov.au/internet/mbsonline/publishing.nsf/Content/81D3D41DCEAE03F0CA2581C60013304B/%24File/MBS%20Classification%20specifications%20effective%20November%202014.pdf","MBS classification specifications define Category, Group, Subgroup and SubHeading fields and their hierarchy; generated values are from the local MBS item lookup, not an independently audited official distribution.","Variable concept is anchored to official schedule/classification material; observed generated frequencies come from local sampling over the packaged lookup.","Pin the exact official schedule/lookup release and add tests that item/classification values stay within that lookup."
"MBS","2020","MBSSUBGROUP","character","=70074; 1=1690; 2=592; 4=399; 3=324; 5=306; 14=153; 12=125; 7=125; 6=101; 8=94; 17=74","; 1; 2; 4; 3; 5; 14; 12; 7; 6; 8; 17; 10; 16; 13; 9; 11; 15; 19; 20; 18","MBSSUBGROUP","The subgroups which represent the service events within the mbs  as represented by a code. | MBS subgroup","direct_plida_dataset_variable","official_mbs_classification_structure_local_lookup_values","https://www.abs.gov.au/statistics/data-integration/integrated-data/person-level-integrated-data-asset-plida/plida-data-and-legislation | https://www.aihw.gov.au/about-our-data/our-data-collections/medicare-benefits-schedule-mbs | https://www.mbsonline.gov.au/internet/mbsonline/publishing.nsf/Content/downloads | https://www.mbsonline.gov.au/internet/mbsonline/publishing.nsf/Content/81D3D41DCEAE03F0CA2581C60013304B/%24File/MBS%20Classification%20specifications%20effective%20November%202014.pdf","MBS classification specifications define Category, Group, Subgroup and SubHeading fields and their hierarchy; generated values are from the local MBS item lookup, not an independently audited official distribution.","Variable concept is anchored to official schedule/classification material; observed generated frequencies come from local sampling over the packaged lookup.","Pin the exact official schedule/lookup release and add tests that item/classification values stay within that lookup."
"MBS","2020","NUMSERV","integer","1 / 1 / 1 / 1 / 4","1; 2; 3; 4","NUMSERV","The total number of medicare services that are provided by a registered medicare service provider for items in the mbs for which a claim has been processed. it does not include services which can only be claimed in conjunction with other items  such as bulk-billing incentive items and modifier items. | Number of services provided","direct_plida_dataset_variable","direct_plida_metadata_public_collection_context_distribution_local","https://www.abs.gov.au/statistics/data-integration/integrated-data/person-level-integrated-data-asset-plida/plida-data-and-legislation | https://www.aihw.gov.au/about-our-data/our-data-collections/medicare-benefits-schedule-mbs | https://www.mbsonline.gov.au/internet/mbsonline/publishing.nsf/Content/downloads | https://www.mbsonline.gov.au/internet/mbsonline/publishing.nsf/Content/81D3D41DCEAE03F0CA2581C60013304B/%24File/MBS%20Classification%20specifications%20effective%20November%202014.pdf","AIHW describes MBS as processed Medicare fee-for-service claims including benefits paid, patients and providers; local PLIDA metadata supplies the variable description; generated distributions are synthetic smoke-output evidence.","Variable concept is source-supported, but observed frequencies/quantiles are generated synthetic output, not official distribution evidence.","Keep generated distribution labelled synthetic unless calibrated against an official aggregate/statistical distribution."
"MBS","2020","RPDATE","Date","2019-10-04 to 2020-12-29","","RPDATE","Referral date. | Referring date","direct_plida_dataset_variable","direct_plida_metadata_public_collection_context_distribution_local","https://www.abs.gov.au/statistics/data-integration/integrated-data/person-level-integrated-data-asset-plida/plida-data-and-legislation | https://www.aihw.gov.au/about-our-data/our-data-collections/medicare-benefits-schedule-mbs | https://www.mbsonline.gov.au/internet/mbsonline/publishing.nsf/Content/downloads | https://www.mbsonline.gov.au/internet/mbsonline/publishing.nsf/Content/81D3D41DCEAE03F0CA2581C60013304B/%24File/MBS%20Classification%20specifications%20effective%20November%202014.pdf","AIHW describes MBS as processed Medicare fee-for-service claims including benefits paid, patients and providers; local PLIDA metadata supplies the variable description; generated distributions are synthetic smoke-output evidence.","Variable concept is source-supported, but observed frequencies/quantiles are generated synthetic output, not official distribution evidence.","Keep generated distribution labelled synthetic unless calibrated against an official aggregate/statistical distribution."
"MBS","2020","RPRPC","character","2606=41; 2607=41; 2603=38; 2613=34; 2601=33; 2609=32; 2608=31; 2602=30; 2618=30; 2611=29; 2600=28; 2614=27","2606; 2607; 2603; 2613; 2601; 2609; 2608; 2602; 2618; 2611; 2600; 2614; 2615; 2617; 2604; 2605; 2610; 2612; 2616; 2208; 2774; 2178; 2328; 2359; 2444; 2453; 2654; 3337; 2020; 2210","RPRPC","The australian numeric descriptor for a postal delivery area for an address. | Referring provider practice postcode","direct_plida_dataset_variable","direct_plida_metadata_public_collection_context_distribution_local","https://www.abs.gov.au/statistics/data-integration/integrated-data/person-level-integrated-data-asset-plida/plida-data-and-legislation | https://www.aihw.gov.au/about-our-data/our-data-collections/medicare-benefits-schedule-mbs | https://www.mbsonline.gov.au/internet/mbsonline/publishing.nsf/Content/downloads | https://www.mbsonline.gov.au/internet/mbsonline/publishing.nsf/Content/81D3D41DCEAE03F0CA2581C60013304B/%24File/MBS%20Classification%20specifications%20effective%20November%202014.pdf","AIHW describes MBS as processed Medicare fee-for-service claims including benefits paid, patients and providers; local PLIDA metadata supplies the variable description; generated distributions are synthetic smoke-output evidence.","Variable concept is source-supported, but observed frequencies/quantiles are generated synthetic output, not official distribution evidence.","Keep generated distribution labelled synthetic unless calibrated against an official aggregate/statistical distribution."
"MBS","2020","RPRPRAC","character","P827487=531; P191628=520; P408735=513; P964766=513; P544128=511; P537699=509; P143607=501; P950432=500; P982430=500; P309215=496; P540954=496; P160709=493","P827487; P191628; P408735; P964766; P544128; P537699; P143607; P950432; P982430; P309215; P540954; P160709; P221558; P756565; P270679; P779898; P312043; P700764; P725255; P818166; P107264; P328551; P267536; P391267; P977944; P780261; P316912; P514925; P056373; P319429","RPRPRAC","A unique alphanumeric identifier for the practice site of the medicare service provider who requested further care  services or treatment. | Referring provider practice location ID","direct_plida_dataset_variable","direct_plida_metadata_public_collection_context_distribution_local","https://www.abs.gov.au/statistics/data-integration/integrated-data/person-level-integrated-data-asset-plida/plida-data-and-legislation | https://www.aihw.gov.au/about-our-data/our-data-collections/medicare-benefits-schedule-mbs | https://www.mbsonline.gov.au/internet/mbsonline/publishing.nsf/Content/downloads | https://www.mbsonline.gov.au/internet/mbsonline/publishing.nsf/Content/81D3D41DCEAE03F0CA2581C60013304B/%24File/MBS%20Classification%20specifications%20effective%20November%202014.pdf","AIHW describes MBS as processed Medicare fee-for-service claims including benefits paid, patients and providers; local PLIDA metadata supplies the variable description; generated distributions are synthetic smoke-output evidence.","Variable concept is source-supported, but observed frequencies/quantiles are generated synthetic output, not official distribution evidence.","Keep generated distribution labelled synthetic unless calibrated against an official aggregate/statistical distribution."
"MBS","2020","SCHEDFEE","numeric","1.60 / 50.95 / 114.65 / 276.30 / 8000.00","","SCHEDFEE","The fee listed in the mbs for each approved medical service  expressed in australian dollars. | Schedule fee","direct_plida_dataset_variable","official_mbs_schedule_anchor_local_lookup_distribution","https://www.abs.gov.au/statistics/data-integration/integrated-data/person-level-integrated-data-asset-plida/plida-data-and-legislation | https://www.aihw.gov.au/about-our-data/our-data-collections/medicare-benefits-schedule-mbs | https://www.mbsonline.gov.au/internet/mbsonline/publishing.nsf/Content/downloads | https://www.mbsonline.gov.au/internet/mbsonline/publishing.nsf/Content/81D3D41DCEAE03F0CA2581C60013304B/%24File/MBS%20Classification%20specifications%20effective%20November%202014.pdf","MBS Online downloads provide official MBS item/schedule material. Current fplida values come from local mbs_item_lookup.csv; generated frequencies are synthetic.","Variable concept is anchored to official schedule/classification material; observed generated frequencies come from local sampling over the packaged lookup.","Pin the exact official schedule/lookup release and add tests that item/classification values stay within that lookup."
"MBS","2020","SCRAM_RPR","character","RPR4F21F61D=288; RPR6AA7BD98=270; RPR1B7400AC=269; RPR44F6BE2D=264; RPR63E8C5D3=264; RPR6650E9AA=264; RPR77F2CF36=264; RPR0A7099B0=263; RPR7159373A=263; RPR002DA8AF=260; RPR732D2B72=259; RPR4CCD1941=258","RPR4F21F61D; RPR6AA7BD98; RPR1B7400AC; RPR44F6BE2D; RPR63E8C5D3; RPR6650E9AA; RPR77F2CF36; RPR0A7099B0; RPR7159373A; RPR002DA8AF; RPR732D2B72; RPR4CCD1941; RPR743496F2; RPR0BEA98B9; RPR20EF31A9; RPR77808033; RPR7934D810; RPR3D16F12A; RPR61810C91; RPR3629102E; RPR2C8FD88B; RPR70BCF220; RPR4411C149; RPR6EFEFC41; RPR60486EE2; RPR0E6A2140; RPR63242174; RPR6D577931; RPR1166D0D5; RPR223AEFEB","SCRAM_RPR","A unique numeric identifier for a medicare service provider who requested further care  services or treatment. | Referring provider ID - scrambled","direct_plida_dataset_variable","direct_plida_metadata_public_collection_context_distribution_local","https://www.abs.gov.au/statistics/data-integration/integrated-data/person-level-integrated-data-asset-plida/plida-data-and-legislation | https://www.aihw.gov.au/about-our-data/our-data-collections/medicare-benefits-schedule-mbs | https://www.mbsonline.gov.au/internet/mbsonline/publishing.nsf/Content/downloads | https://www.mbsonline.gov.au/internet/mbsonline/publishing.nsf/Content/81D3D41DCEAE03F0CA2581C60013304B/%24File/MBS%20Classification%20specifications%20effective%20November%202014.pdf","AIHW describes MBS as processed Medicare fee-for-service claims including benefits paid, patients and providers; local PLIDA metadata supplies the variable description; generated distributions are synthetic smoke-output evidence.","Variable concept is source-supported, but observed frequencies/quantiles are generated synthetic output, not official distribution evidence.","Keep generated distribution labelled synthetic unless calibrated against an official aggregate/statistical distribution."
"MBS","2020","SCRAM_SPR","character","SPR0D3C2C3D=806; SPR049400B8=805; SPR4AA68CE4=805; SPR6C5B5A98=801; SPR7BAB7A52=799; SPR6C71EF9D=792; SPR6A7341B1=788; SPR59B26A0F=786; SPR456CE39E=784; SPR07643E83=783; SPR471F6DB6=783; SPR46AA0C27=782","SPR0D3C2C3D; SPR049400B8; SPR4AA68CE4; SPR6C5B5A98; SPR7BAB7A52; SPR6C71EF9D; SPR6A7341B1; SPR59B26A0F; SPR456CE39E; SPR07643E83; SPR471F6DB6; SPR46AA0C27; SPR5CAD71CF; SPR37F5AA60; SPR4070344E; SPR397DD7AF; SPR793C7E9D; SPR1B9E6247; SPR4E2AF743; SPR28CFC641; SPR296DD3E0; SPR5D04271F; SPR6C077EF7; SPR4693B18A; SPR273761F0; SPR67FC6EF3; SPR7E9B6C09; SPR7069C631; SPR0DAA6EF8; SPR136DFEF5","SCRAM_SPR","A unique numeric identifier for the medicare service provider to facilitate the payment of patient/provider claims  stored as a number. | Service provider ID - scrambled","direct_plida_dataset_variable","direct_plida_metadata_public_collection_context_distribution_local","https://www.abs.gov.au/statistics/data-integration/integrated-data/person-level-integrated-data-asset-plida/plida-data-and-legislation | https://www.aihw.gov.au/about-our-data/our-data-collections/medicare-benefits-schedule-mbs | https://www.mbsonline.gov.au/internet/mbsonline/publishing.nsf/Content/downloads | https://www.mbsonline.gov.au/internet/mbsonline/publishing.nsf/Content/81D3D41DCEAE03F0CA2581C60013304B/%24File/MBS%20Classification%20specifications%20effective%20November%202014.pdf","AIHW describes MBS as processed Medicare fee-for-service claims including benefits paid, patients and providers; local PLIDA metadata supplies the variable description; generated distributions are synthetic smoke-output evidence.","Variable concept is source-supported, but observed frequencies/quantiles are generated synthetic output, not official distribution evidence.","Keep generated distribution labelled synthetic unless calibrated against an official aggregate/statistical distribution."
"MBS","2020","SPR_RSP","character","GP=26595; PAT=22287; RAD=5382; ORT=2035; OPH=1930; CAR=1654; URO=1539; PSY=1380; GAS=1315; NEU=1275; PSK=1068; GEN=926","GP; PAT; RAD; ORT; OPH; CAR; URO; PSY; GAS; NEU; PSK; GEN; DER; RHE; PHY; GYN; NUC; ONC; ENT; PLS; POD; OCC; AUD; DIE; SOC","SPR_RSP","The registered specialty of the authorised health professional who provided the service  as represented by a code.  where a health professional has multiple registered specialties  the code is the one that was relevant in assessing the claim.  this specialty may not be a health professional's major specialty. | Service provider registered specialty","direct_plida_dataset_variable","direct_plida_metadata_public_code_table_not_found","https://www.abs.gov.au/statistics/data-integration/integrated-data/person-level-integrated-data-asset-plida/plida-data-and-legislation | https://www.aihw.gov.au/about-our-data/our-data-collections/medicare-benefits-schedule-mbs | https://www.mbsonline.gov.au/internet/mbsonline/publishing.nsf/Content/downloads | https://www.mbsonline.gov.au/internet/mbsonline/publishing.nsf/Content/81D3D41DCEAE03F0CA2581C60013304B/%24File/MBS%20Classification%20specifications%20effective%20November%202014.pdf","Local PLIDA metadata defines service provider registered specialty. I did not find a public code table proving the generated specialty abbreviations; treat values as local generator evidence.","Generated domain/labels are observed local values; no public codebook evidence was found in this pass.","Find a public code table or keep guide wording as local-generator/PLIDA-metadata only."
"MBS","2020","SPRPC","character","2601=116; 2603=105; 2607=105; 2610=104; 2608=101; 2605=100; 2613=100; 2604=98; 2612=97; 2616=96; 2602=94; 2600=92","2601; 2603; 2607; 2610; 2608; 2605; 2613; 2604; 2612; 2616; 2602; 2600; 2606; 2609; 2614; 2618; 2615; 2611; 2617; 2955; 2688; 2795; 2935; 2814; 2216; 2493; 2652; 2256; 2679; 2727","SPRPC","The australian numeric descriptor for a postal delivery area for an address. | Service provider practice postcode","direct_plida_dataset_variable","direct_plida_metadata_public_collection_context_distribution_local","https://www.abs.gov.au/statistics/data-integration/integrated-data/person-level-integrated-data-asset-plida/plida-data-and-legislation | https://www.aihw.gov.au/about-our-data/our-data-collections/medicare-benefits-schedule-mbs | https://www.mbsonline.gov.au/internet/mbsonline/publishing.nsf/Content/downloads | https://www.mbsonline.gov.au/internet/mbsonline/publishing.nsf/Content/81D3D41DCEAE03F0CA2581C60013304B/%24File/MBS%20Classification%20specifications%20effective%20November%202014.pdf","AIHW describes MBS as processed Medicare fee-for-service claims including benefits paid, patients and providers; local PLIDA metadata supplies the variable description; generated distributions are synthetic smoke-output evidence.","Variable concept is source-supported, but observed frequencies/quantiles are generated synthetic output, not official distribution evidence.","Keep generated distribution labelled synthetic unless calibrated against an official aggregate/statistical distribution."
"MBS","2020","SPRPRAC","character","P326568=1570; P443065=1566; P514925=1552; P191628=1547; P233913=1547; P537699=1543; P152486=1542; P319429=1541; P143607=1537; P312043=1534; P982430=1524; P780261=1520","P326568; P443065; P514925; P191628; P233913; P537699; P152486; P319429; P143607; P312043; P982430; P780261; P540954; P328551; P056373; P903309; P391267; P267536; P590864; P154000; P475208; P107264; P233486; P740895; P837727; P699621; P815931; P827487; P221558; P964766","SPRPRAC","A unique alphanumeric identifier for a medicare service provider's location  which may be the place of a providers practice or the place of equipment. | Service provider practice location ID","direct_plida_dataset_variable","direct_plida_metadata_public_collection_context_distribution_local","https://www.abs.gov.au/statistics/data-integration/integrated-data/person-level-integrated-data-asset-plida/plida-data-and-legislation | https://www.aihw.gov.au/about-our-data/our-data-collections/medicare-benefits-schedule-mbs | https://www.mbsonline.gov.au/internet/mbsonline/publishing.nsf/Content/downloads | https://www.mbsonline.gov.au/internet/mbsonline/publishing.nsf/Content/81D3D41DCEAE03F0CA2581C60013304B/%24File/MBS%20Classification%20specifications%20effective%20November%202014.pdf","AIHW describes MBS as processed Medicare fee-for-service claims including benefits paid, patients and providers; local PLIDA metadata supplies the variable description; generated distributions are synthetic smoke-output evidence.","Variable concept is source-supported, but observed frequencies/quantiles are generated synthetic output, not official distribution evidence.","Keep generated distribution labelled synthetic unless calibrated against an official aggregate/statistical distribution."
"MBS","2020","SYNTHETIC_AEUID","character","3723B00000E5=51; 3723B0000516=51; 3723B0001028=51; 3723B00012AF=51; 3723B0000B63=50; 3723B0000550=49; 3723B00012F7=49; 3723B0000717=48; 3723B00008E0=48; 3723B0000DB6=47; 3723B0001336=47; 3723B000053B=46","3723B00000E5; 3723B0000516; 3723B0001028; 3723B00012AF; 3723B0000B63; 3723B0000550; 3723B00012F7; 3723B0000717; 3723B00008E0; 3723B0000DB6; 3723B0001336; 3723B000053B; 3723B0000A19; 3723B000014B; 3723B00002F4; 3723B0000346; 3723B000089F; 3723B0000930; 3723B0000A1B; 3723B0000BA6; 3723B0000EAC; 3723B00012C5; 3723B00000D5; 3723B0000466; 3723B0000A6A; 3723B0001098; 3723B00000FF; 3723B0000109; 3723B0000202; 3723B00005FC","SYNTHETIC_AEUID","Synthetic MADIP Person ID | Synthetic id of individual person on dataset","direct_plida_dataset_variable","direct_plida_metadata_public_collection_context_distribution_local","https://www.abs.gov.au/statistics/data-integration/integrated-data/person-level-integrated-data-asset-plida/plida-data-and-legislation | https://www.aihw.gov.au/about-our-data/our-data-collections/medicare-benefits-schedule-mbs | https://www.mbsonline.gov.au/internet/mbsonline/publishing.nsf/Content/downloads | https://www.mbsonline.gov.au/internet/mbsonline/publishing.nsf/Content/81D3D41DCEAE03F0CA2581C60013304B/%24File/MBS%20Classification%20specifications%20effective%20November%202014.pdf","AIHW describes MBS as processed Medicare fee-for-service claims including benefits paid, patients and providers; local PLIDA metadata supplies the variable description; generated distributions are synthetic smoke-output evidence.","Variable concept is source-supported, but observed frequencies/quantiles are generated synthetic output, not official distribution evidence.","Keep generated distribution labelled synthetic unless calibrated against an official aggregate/statistical distribution."
"PBS","2020","BNFT_AMT","numeric","0.00 / 0.00 / 4.12 / 38.33 / 99904.00","","BNFT_AMT","Benefit amount","direct_plida_dataset_variable","direct_plida_metadata_public_pbs_context_distribution_local","https://www.abs.gov.au/statistics/data-integration/integrated-data/person-level-integrated-data-asset-plida/plida-data-and-legislation | https://data.pbs.gov.au/download/api/files/2025-PBS-API-V3-Data-Dictionary-v3.6.5.pdf | https://www.pbs.gov.au/info/healthpro/explanatory-notes/front/fee | https://www.pbs.gov.au/info/statistics/expenditure-prescriptions/expenditure-prescriptions-report-1-july-2023-30-june-2024 | https://www.aihw.gov.au/reports/medicines/pbs-prescriptions-over-time/contents/summary","PBS sources document patient co-payments, patient categories, Safety Net/benefit concepts and claim context. Amount distributions and compact flags in fplida remain generated evidence unless separately calibrated.","Variable concept is source-supported, but observed frequencies/quantiles are generated synthetic output, not official distribution evidence.","Keep generated distribution labelled synthetic unless calibrated against an official aggregate/statistical distribution."
"PBS","2020","CTG_BNFT_AMT","numeric","0 / 0 / 0 / 0 / 25","","CTG_BNFT_AMT","Closing the gap benefit amount | Closing the Gap benefit amount","direct_plida_dataset_variable","direct_plida_metadata_public_pbs_context_distribution_local","https://www.abs.gov.au/statistics/data-integration/integrated-data/person-level-integrated-data-asset-plida/plida-data-and-legislation | https://data.pbs.gov.au/download/api/files/2025-PBS-API-V3-Data-Dictionary-v3.6.5.pdf | https://www.pbs.gov.au/info/healthpro/explanatory-notes/front/fee | https://www.pbs.gov.au/info/statistics/expenditure-prescriptions/expenditure-prescriptions-report-1-july-2023-30-june-2024 | https://www.aihw.gov.au/reports/medicines/pbs-prescriptions-over-time/contents/summary","PBS sources document patient co-payments, patient categories, Safety Net/benefit concepts and claim context. Amount distributions and compact flags in fplida remain generated evidence unless separately calibrated.","Variable concept is source-supported, but observed frequencies/quantiles are generated synthetic output, not official distribution evidence.","Keep generated distribution labelled synthetic unless calibrated against an official aggregate/statistical distribution."
"PBS","2020","CTG_CD","character","N=46718; Y=1458","N; Y","CTG_CD","Closing the gap co-payment eligibility indicator | Closing the Gap co-payment eligibility indicator","direct_plida_dataset_variable","direct_plida_metadata_public_pbs_context_distribution_local","https://www.abs.gov.au/statistics/data-integration/integrated-data/person-level-integrated-data-asset-plida/plida-data-and-legislation | https://data.pbs.gov.au/download/api/files/2025-PBS-API-V3-Data-Dictionary-v3.6.5.pdf | https://www.pbs.gov.au/info/healthpro/explanatory-notes/front/fee | https://www.pbs.gov.au/info/statistics/expenditure-prescriptions/expenditure-prescriptions-report-1-july-2023-30-june-2024 | https://www.aihw.gov.au/reports/medicines/pbs-prescriptions-over-time/contents/summary","PBS sources document patient co-payments, patient categories, Safety Net/benefit concepts and claim context. Amount distributions and compact flags in fplida remain generated evidence unless separately calibrated.","Variable concept is source-supported, but observed frequencies/quantiles are generated synthetic output, not official distribution evidence.","Keep generated distribution labelled synthetic unless calibrated against an official aggregate/statistical distribution."
"PBS","2020","DRG_TYP_CD","character","R=19497; S=14345; U=8899; A=5435","R; S; U; A","DRG_TYP_CD","Type of drug supplied - broad category code","direct_plida_dataset_variable","official_pbs_api_code_concept_local_lookup_distribution","https://www.abs.gov.au/statistics/data-integration/integrated-data/person-level-integrated-data-asset-plida/plida-data-and-legislation | https://data.pbs.gov.au/download/api/files/2025-PBS-API-V3-Data-Dictionary-v3.6.5.pdf | https://www.pbs.gov.au/info/healthpro/explanatory-notes/front/fee | https://www.pbs.gov.au/info/statistics/expenditure-prescriptions/expenditure-prescriptions-report-1-july-2023-30-june-2024 | https://www.aihw.gov.au/reports/medicines/pbs-prescriptions-over-time/contents/summary","Current generator uses local PBS benefit_type values A/R/S/U. PBS API dictionary defines benefit_type_code values U, R, A and S, but the generated variable name/PLIDA label still needs an exact same-field confirmation.","Variable concept is anchored to official schedule/classification material; observed generated frequencies come from local sampling over the packaged lookup.","Pin the exact official schedule/lookup release and add tests that item/classification values stay within that lookup."
"PBS","2020","EXTRCT_DT","Date","2020-01-02 to 2021-01-09","","EXTRCT_DT","Date of processing","direct_plida_dataset_variable","direct_plida_metadata_public_pbs_context_distribution_local","https://www.abs.gov.au/statistics/data-integration/integrated-data/person-level-integrated-data-asset-plida/plida-data-and-legislation | https://data.pbs.gov.au/download/api/files/2025-PBS-API-V3-Data-Dictionary-v3.6.5.pdf | https://www.pbs.gov.au/info/healthpro/explanatory-notes/front/fee | https://www.pbs.gov.au/info/statistics/expenditure-prescriptions/expenditure-prescriptions-report-1-july-2023-30-june-2024 | https://www.aihw.gov.au/reports/medicines/pbs-prescriptions-over-time/contents/summary","Local PLIDA metadata supplies the variable description. PBS API/statistics sources provide schedule, prescribing, co-payment and dispensing context; generated distributions/frequencies are synthetic.","Variable concept is source-supported, but observed frequencies/quantiles are generated synthetic output, not official distribution evidence.","Keep generated distribution labelled synthetic unless calibrated against an official aggregate/statistical distribution."
"PBS","2020","ITM_CD","character","2730Q=47; 9047E=46; 2868Y=45; 9439T=44; 3048K=43; 1975Y=42; 15199Y=41; 8503M=41; 8459F=39; 8481J=38; 8511Y=38; 9048F=38","2730Q; 9047E; 2868Y; 9439T; 3048K; 1975Y; 15199Y; 8503M; 8459F; 8481J; 8511Y; 9048F; 8558K; 13414B; 8431R; 15017J; 2757D; 5076E; 8257N; 1302M; 13438G; 13522Q; 1898X; 5178M; 5179N; 8510X; 9323Q; 10007Q; 10018G; 13427Q","ITM_CD","Item code","direct_plida_dataset_variable","official_pbs_api_code_concept_local_lookup_distribution","https://www.abs.gov.au/statistics/data-integration/integrated-data/person-level-integrated-data-asset-plida/plida-data-and-legislation | https://data.pbs.gov.au/download/api/files/2025-PBS-API-V3-Data-Dictionary-v3.6.5.pdf | https://www.pbs.gov.au/info/healthpro/explanatory-notes/front/fee | https://www.pbs.gov.au/info/statistics/expenditure-prescriptions/expenditure-prescriptions-report-1-july-2023-30-june-2024 | https://www.aihw.gov.au/reports/medicines/pbs-prescriptions-over-time/contents/summary","PBS API dictionary defines PBS item code as the code attached to a prescribing rule/item; generated values are from the local PBS item lookup and generated frequencies are synthetic.","Variable concept is anchored to official schedule/classification material; observed generated frequencies come from local sampling over the packaged lookup.","Pin the exact official schedule/lookup release and add tests that item/classification values stay within that lookup."
"PBS","2020","MJR_SPCLTY_GRP_CD","character","GP=36079; SP=9661; OT=2436","GP; SP; OT","MJR_SPCLTY_GRP_CD","Major specialty of prescriber","direct_plida_dataset_variable","direct_plida_metadata_public_code_table_not_found","https://www.abs.gov.au/statistics/data-integration/integrated-data/person-level-integrated-data-asset-plida/plida-data-and-legislation | https://data.pbs.gov.au/download/api/files/2025-PBS-API-V3-Data-Dictionary-v3.6.5.pdf | https://www.pbs.gov.au/info/healthpro/explanatory-notes/front/fee | https://www.pbs.gov.au/info/statistics/expenditure-prescriptions/expenditure-prescriptions-report-1-july-2023-30-june-2024 | https://www.aihw.gov.au/reports/medicines/pbs-prescriptions-over-time/contents/summary","Local PLIDA metadata defines the prescriber/pharmacy concept. I did not find a public code table proving the compact generated labels; treat labels as generator evidence.","Generated domain/labels are observed local values; no public codebook evidence was found in this pass.","Find a public code table or keep guide wording as local-generator/PLIDA-metadata only."
"PBS","2020","PBS_RGLTN24_ADJST_QTY","integer","1 / 1 / 28 / 30 / 473","","PBS_RGLTN24_ADJST_QTY","Quantity supplied","direct_plida_dataset_variable","direct_plida_metadata_public_pbs_context_distribution_local","https://www.abs.gov.au/statistics/data-integration/integrated-data/person-level-integrated-data-asset-plida/plida-data-and-legislation | https://data.pbs.gov.au/download/api/files/2025-PBS-API-V3-Data-Dictionary-v3.6.5.pdf | https://www.pbs.gov.au/info/healthpro/explanatory-notes/front/fee | https://www.pbs.gov.au/info/statistics/expenditure-prescriptions/expenditure-prescriptions-report-1-july-2023-30-june-2024 | https://www.aihw.gov.au/reports/medicines/pbs-prescriptions-over-time/contents/summary","Local PLIDA metadata supplies the variable description. PBS API/statistics sources provide schedule, prescribing, co-payment and dispensing context; generated distributions/frequencies are synthetic.","Variable concept is source-supported, but observed frequencies/quantiles are generated synthetic output, not official distribution evidence.","Keep generated distribution labelled synthetic unless calibrated against an official aggregate/statistical distribution."
"PBS","2020","PHRMCY_APPRVL_TYP_CD","character","A=45744; F=2432","A; F","PHRMCY_APPRVL_TYP_CD","Pharmacy approval type","direct_plida_dataset_variable","direct_plida_metadata_public_code_table_not_found","https://www.abs.gov.au/statistics/data-integration/integrated-data/person-level-integrated-data-asset-plida/plida-data-and-legislation | https://data.pbs.gov.au/download/api/files/2025-PBS-API-V3-Data-Dictionary-v3.6.5.pdf | https://www.pbs.gov.au/info/healthpro/explanatory-notes/front/fee | https://www.pbs.gov.au/info/statistics/expenditure-prescriptions/expenditure-prescriptions-report-1-july-2023-30-june-2024 | https://www.aihw.gov.au/reports/medicines/pbs-prescriptions-over-time/contents/summary","Local PLIDA metadata defines the prescriber/pharmacy concept. I did not find a public code table proving the compact generated labels; treat labels as generator evidence.","Generated domain/labels are observed local values; no public codebook evidence was found in this pass.","Find a public code table or keep guide wording as local-generator/PLIDA-metadata only."
"PBS","2020","PHRMCY_ID_SCRAM","character","PHAR32DCC5BE=1041; PHAR6AF3BAB0=1030; PHAR398A63FB=1003; PHAR60C17CA4=1000; PHAR6D9B2DCF=999; PHAR7BBDE8FD=999; PHAR36ABDB60=997; PHAR0C37123A=996; PHAR07E3F10E=992; PHAR2817E34D=990; PHAR0BEEB003=988; PHAR7050B505=987","PHAR32DCC5BE; PHAR6AF3BAB0; PHAR398A63FB; PHAR60C17CA4; PHAR6D9B2DCF; PHAR7BBDE8FD; PHAR36ABDB60; PHAR0C37123A; PHAR07E3F10E; PHAR2817E34D; PHAR0BEEB003; PHAR7050B505; PHAR067DBE9C; PHAR161B05DF; PHAR3644EE35; PHAR423C0B9B; PHAR3785BBC2; PHAR6D97D601; PHAR03BE58EC; PHAR67625296; PHAR7B7A14FE; PHAR3359126B; PHAR53029454; PHAR4C86EADD; PHAR7B321CC3; PHAR201D4078; PHAR7E6DBE62; PHAR20EED61B; PHAR72372904; PHAR20EA2CDD","PHRMCY_ID_SCRAM","Supplying pharmacy id - scrambled | Supplying pharmacy ID - scrambled","direct_plida_dataset_variable","direct_plida_metadata_public_pbs_context_distribution_local","https://www.abs.gov.au/statistics/data-integration/integrated-data/person-level-integrated-data-asset-plida/plida-data-and-legislation | https://data.pbs.gov.au/download/api/files/2025-PBS-API-V3-Data-Dictionary-v3.6.5.pdf | https://www.pbs.gov.au/info/healthpro/explanatory-notes/front/fee | https://www.pbs.gov.au/info/statistics/expenditure-prescriptions/expenditure-prescriptions-report-1-july-2023-30-june-2024 | https://www.aihw.gov.au/reports/medicines/pbs-prescriptions-over-time/contents/summary","Local PLIDA metadata supplies the variable description. PBS API/statistics sources provide schedule, prescribing, co-payment and dispensing context; generated distributions/frequencies are synthetic.","Variable concept is source-supported, but observed frequencies/quantiles are generated synthetic output, not official distribution evidence.","Keep generated distribution labelled synthetic unless calibrated against an official aggregate/statistical distribution."
"PBS","2020","PHRMCY_PSTCD","character","2601=85; 2600=79; 2615=77; 2607=70; 2618=68; 2616=67; 2610=65; 2612=64; 2603=63; 2608=63; 2606=62; 2614=62","2601; 2600; 2615; 2607; 2618; 2616; 2610; 2612; 2603; 2608; 2606; 2614; 2609; 2611; 2613; 2602; 2604; 2605; 2617; 2560; 2258; 2274; 2288; 2665; 2875; 3705; 2115; 2199; 2254; 2273","PHRMCY_PSTCD","Pharmacy postcode","direct_plida_dataset_variable","direct_plida_metadata_public_pbs_context_distribution_local","https://www.abs.gov.au/statistics/data-integration/integrated-data/person-level-integrated-data-asset-plida/plida-data-and-legislation | https://data.pbs.gov.au/download/api/files/2025-PBS-API-V3-Data-Dictionary-v3.6.5.pdf | https://www.pbs.gov.au/info/healthpro/explanatory-notes/front/fee | https://www.pbs.gov.au/info/statistics/expenditure-prescriptions/expenditure-prescriptions-report-1-july-2023-30-june-2024 | https://www.aihw.gov.au/reports/medicines/pbs-prescriptions-over-time/contents/summary","Local PLIDA metadata supplies the variable description. PBS API/statistics sources provide schedule, prescribing, co-payment and dispensing context; generated distributions/frequencies are synthetic.","Variable concept is source-supported, but observed frequencies/quantiles are generated synthetic output, not official distribution evidence.","Keep generated distribution labelled synthetic unless calibrated against an official aggregate/statistical distribution."
"PBS","2020","PRSCRB_DT","Date","2019-12-21 to 2020-12-31","","PRSCRB_DT","Date of prescribing","direct_plida_dataset_variable","direct_plida_metadata_public_pbs_context_distribution_local","https://www.abs.gov.au/statistics/data-integration/integrated-data/person-level-integrated-data-asset-plida/plida-data-and-legislation | https://data.pbs.gov.au/download/api/files/2025-PBS-API-V3-Data-Dictionary-v3.6.5.pdf | https://www.pbs.gov.au/info/healthpro/explanatory-notes/front/fee | https://www.pbs.gov.au/info/statistics/expenditure-prescriptions/expenditure-prescriptions-report-1-july-2023-30-june-2024 | https://www.aihw.gov.au/reports/medicines/pbs-prescriptions-over-time/contents/summary","Local PLIDA metadata supplies the variable description. PBS API/statistics sources provide schedule, prescribing, co-payment and dispensing context; generated distributions/frequencies are synthetic.","Variable concept is source-supported, but observed frequencies/quantiles are generated synthetic output, not official distribution evidence.","Keep generated distribution labelled synthetic unless calibrated against an official aggregate/statistical distribution."
"PBS","2020","PRSCRBR_ID_SCRAM","character","PRES3C8D3F9B=546; PRES3609C5B9=524; PRES60A9A540=521; PRES53282583=520; PRES7CE64203=520; PRES0428D870=519; PRES2255DB20=515; PRES47459932=515; PRES76A3C5FA=515; PRES26CCE0BC=514; PRES00760C56=512; PRES3CE98A16=512","PRES3C8D3F9B; PRES3609C5B9; PRES60A9A540; PRES53282583; PRES7CE64203; PRES0428D870; PRES2255DB20; PRES47459932; PRES76A3C5FA; PRES26CCE0BC; PRES00760C56; PRES3CE98A16; PRES4A958C7D; PRES12BDF0F7; PRES36A23347; PRES46A42082; PRES0A5EB909; PRES0D9B6E18; PRES14044355; PRES1DE6FF26; PRES2AD53E97; PRES30215123; PRES6ECD5F8D; PRES080539DA; PRES17EB22D3; PRES49B06008; PRES3EEF93F4; PRES502E3EA5; PRES62C71C9C; PRES6FAF8F32","PRSCRBR_ID_SCRAM","Prescriber id - scrambled | Prescriber ID - scrambled","direct_plida_dataset_variable","direct_plida_metadata_public_pbs_context_distribution_local","https://www.abs.gov.au/statistics/data-integration/integrated-data/person-level-integrated-data-asset-plida/plida-data-and-legislation | https://data.pbs.gov.au/download/api/files/2025-PBS-API-V3-Data-Dictionary-v3.6.5.pdf | https://www.pbs.gov.au/info/healthpro/explanatory-notes/front/fee | https://www.pbs.gov.au/info/statistics/expenditure-prescriptions/expenditure-prescriptions-report-1-july-2023-30-june-2024 | https://www.aihw.gov.au/reports/medicines/pbs-prescriptions-over-time/contents/summary","Local PLIDA metadata supplies the variable description. PBS API/statistics sources provide schedule, prescribing, co-payment and dispensing context; generated distributions/frequencies are synthetic.","Variable concept is source-supported, but observed frequencies/quantiles are generated synthetic output, not official distribution evidence.","Keep generated distribution labelled synthetic unless calibrated against an official aggregate/statistical distribution."
"PBS","2020","PRSCRBR_MJR_PSTCD","character","2606=80; 2603=78; 2610=77; 2600=76; 2618=76; 2617=72; 2608=71; 2613=71; 2601=70; 2602=68; 2611=66; 2609=65","2606; 2603; 2610; 2600; 2618; 2617; 2608; 2613; 2601; 2602; 2611; 2609; 2615; 2612; 2616; 2607; 2614; 2605; 2604; 2133; 2284; 2710; 2302; 2784; 2903; 2019; 2046; 2192; 2223; 2382","PRSCRBR_MJR_PSTCD","Prescriber postcode","direct_plida_dataset_variable","direct_plida_metadata_public_pbs_context_distribution_local","https://www.abs.gov.au/statistics/data-integration/integrated-data/person-level-integrated-data-asset-plida/plida-data-and-legislation | https://data.pbs.gov.au/download/api/files/2025-PBS-API-V3-Data-Dictionary-v3.6.5.pdf | https://www.pbs.gov.au/info/healthpro/explanatory-notes/front/fee | https://www.pbs.gov.au/info/statistics/expenditure-prescriptions/expenditure-prescriptions-report-1-july-2023-30-june-2024 | https://www.aihw.gov.au/reports/medicines/pbs-prescriptions-over-time/contents/summary","Local PLIDA metadata supplies the variable description. PBS API/statistics sources provide schedule, prescribing, co-payment and dispensing context; generated distributions/frequencies are synthetic.","Variable concept is source-supported, but observed frequencies/quantiles are generated synthetic output, not official distribution evidence.","Keep generated distribution labelled synthetic unless calibrated against an official aggregate/statistical distribution."
"PBS","2020","PRSCRBR_TYP_CD","character","M=46761; N=1415","M; N","PRSCRBR_TYP_CD","Prescriber type","direct_plida_dataset_variable","direct_plida_metadata_public_code_table_not_found","https://www.abs.gov.au/statistics/data-integration/integrated-data/person-level-integrated-data-asset-plida/plida-data-and-legislation | https://data.pbs.gov.au/download/api/files/2025-PBS-API-V3-Data-Dictionary-v3.6.5.pdf | https://www.pbs.gov.au/info/healthpro/explanatory-notes/front/fee | https://www.pbs.gov.au/info/statistics/expenditure-prescriptions/expenditure-prescriptions-report-1-july-2023-30-june-2024 | https://www.aihw.gov.au/reports/medicines/pbs-prescriptions-over-time/contents/summary","Local PLIDA metadata defines the prescriber/pharmacy concept. I did not find a public code table proving the compact generated labels; treat labels as generator evidence.","Generated domain/labels are observed local values; no public codebook evidence was found in this pass.","Find a public code table or keep guide wording as local-generator/PLIDA-metadata only."
"PBS","2020","PRSCRPTN_CNT","integer","1 / 3 / 6 / 6 / 16","1; 10; 11; 16; 2; 3; 4; 5; 6; 7; 8; 9","PRSCRPTN_CNT","Number of authorised medication supplies","direct_plida_dataset_variable","direct_plida_metadata_public_pbs_context_distribution_local","https://www.abs.gov.au/statistics/data-integration/integrated-data/person-level-integrated-data-asset-plida/plida-data-and-legislation | https://data.pbs.gov.au/download/api/files/2025-PBS-API-V3-Data-Dictionary-v3.6.5.pdf | https://www.pbs.gov.au/info/healthpro/explanatory-notes/front/fee | https://www.pbs.gov.au/info/statistics/expenditure-prescriptions/expenditure-prescriptions-report-1-july-2023-30-june-2024 | https://www.aihw.gov.au/reports/medicines/pbs-prescriptions-over-time/contents/summary","Local PLIDA metadata supplies the variable description. PBS API/statistics sources provide schedule, prescribing, co-payment and dispensing context; generated distributions/frequencies are synthetic.","Variable concept is source-supported, but observed frequencies/quantiles are generated synthetic output, not official distribution evidence.","Keep generated distribution labelled synthetic unless calibrated against an official aggregate/statistical distribution."
"PBS","2020","PRVS_SPPLY_NMBR","integer","0 / 0 / 0 / 1 / 6","0; 1; 2; 3; 4; 5; 6","PRVS_SPPLY_NMBR","Number of times previously supplied","direct_plida_dataset_variable","direct_plida_metadata_public_pbs_context_distribution_local","https://www.abs.gov.au/statistics/data-integration/integrated-data/person-level-integrated-data-asset-plida/plida-data-and-legislation | https://data.pbs.gov.au/download/api/files/2025-PBS-API-V3-Data-Dictionary-v3.6.5.pdf | https://www.pbs.gov.au/info/healthpro/explanatory-notes/front/fee | https://www.pbs.gov.au/info/statistics/expenditure-prescriptions/expenditure-prescriptions-report-1-july-2023-30-june-2024 | https://www.aihw.gov.au/reports/medicines/pbs-prescriptions-over-time/contents/summary","Local PLIDA metadata supplies the variable description. PBS API/statistics sources provide schedule, prescribing, co-payment and dispensing context; generated distributions/frequencies are synthetic.","Variable concept is source-supported, but observed frequencies/quantiles are generated synthetic output, not official distribution evidence.","Keep generated distribution labelled synthetic unless calibrated against an official aggregate/statistical distribution."
"PBS","2020","PTNT_BRTH_MTH","integer","1 / 3 / 6 / 9 / 12","1; 10; 11; 12; 2; 3; 4; 5; 6; 7; 8; 9","PTNT_BRTH_MTH","Month of birth | Patient birth month","direct_plida_dataset_variable","direct_plida_metadata_public_pbs_context_distribution_local","https://www.abs.gov.au/statistics/data-integration/integrated-data/person-level-integrated-data-asset-plida/plida-data-and-legislation | https://data.pbs.gov.au/download/api/files/2025-PBS-API-V3-Data-Dictionary-v3.6.5.pdf | https://www.pbs.gov.au/info/healthpro/explanatory-notes/front/fee | https://www.pbs.gov.au/info/statistics/expenditure-prescriptions/expenditure-prescriptions-report-1-july-2023-30-june-2024 | https://www.aihw.gov.au/reports/medicines/pbs-prescriptions-over-time/contents/summary","Local PLIDA metadata supplies the variable description. PBS API/statistics sources provide schedule, prescribing, co-payment and dispensing context; generated distributions/frequencies are synthetic.","Variable concept is source-supported, but observed frequencies/quantiles are generated synthetic output, not official distribution evidence.","Keep generated distribution labelled synthetic unless calibrated against an official aggregate/statistical distribution."
"PBS","2020","PTNT_BRTH_YR","integer","1922 / 1947 / 1959 / 1979 / 2020","","PTNT_BRTH_YR","Year of birth | Patient birth year","direct_plida_dataset_variable","direct_plida_metadata_public_pbs_context_distribution_local","https://www.abs.gov.au/statistics/data-integration/integrated-data/person-level-integrated-data-asset-plida/plida-data-and-legislation | https://data.pbs.gov.au/download/api/files/2025-PBS-API-V3-Data-Dictionary-v3.6.5.pdf | https://www.pbs.gov.au/info/healthpro/explanatory-notes/front/fee | https://www.pbs.gov.au/info/statistics/expenditure-prescriptions/expenditure-prescriptions-report-1-july-2023-30-june-2024 | https://www.aihw.gov.au/reports/medicines/pbs-prescriptions-over-time/contents/summary","Local PLIDA metadata supplies the variable description. PBS API/statistics sources provide schedule, prescribing, co-payment and dispensing context; generated distributions/frequencies are synthetic.","Variable concept is source-supported, but observed frequencies/quantiles are generated synthetic output, not official distribution evidence.","Keep generated distribution labelled synthetic unless calibrated against an official aggregate/statistical distribution."
"PBS","2020","PTNT_CNTRBTN_AMT","numeric","0.00 / 6.87 / 7.70 / 11.17 / 25.00","","PTNT_CNTRBTN_AMT","Patient contribution amount","direct_plida_dataset_variable","official_pbs_copayment_threshold_current_distribution_local","https://www.abs.gov.au/statistics/data-integration/integrated-data/person-level-integrated-data-asset-plida/plida-data-and-legislation | https://data.pbs.gov.au/download/api/files/2025-PBS-API-V3-Data-Dictionary-v3.6.5.pdf | https://www.pbs.gov.au/info/healthpro/explanatory-notes/front/fee | https://www.pbs.gov.au/info/statistics/expenditure-prescriptions/expenditure-prescriptions-report-1-july-2023-30-june-2024 | https://www.aihw.gov.au/reports/medicines/pbs-prescriptions-over-time/contents/summary","PBS sources document patient co-payments, patient categories, Safety Net/benefit concepts and claim context. Amount distributions and compact flags in fplida remain generated evidence unless separately calibrated.","Variable concept is source-supported, but observed frequencies/quantiles are generated synthetic output, not official distribution evidence.","Keep generated distribution labelled synthetic unless calibrated against an official aggregate/statistical distribution."
"PBS","2020","PTNT_CTGRY_DRVD_CD","character","C=27520; G=20656","C; G","PTNT_CTGRY_DRVD_CD","Patient entitlement status (derived)","direct_plida_dataset_variable","direct_plida_metadata_public_pbs_context_distribution_local","https://www.abs.gov.au/statistics/data-integration/integrated-data/person-level-integrated-data-asset-plida/plida-data-and-legislation | https://data.pbs.gov.au/download/api/files/2025-PBS-API-V3-Data-Dictionary-v3.6.5.pdf | https://www.pbs.gov.au/info/healthpro/explanatory-notes/front/fee | https://www.pbs.gov.au/info/statistics/expenditure-prescriptions/expenditure-prescriptions-report-1-july-2023-30-june-2024 | https://www.aihw.gov.au/reports/medicines/pbs-prescriptions-over-time/contents/summary","PBS sources document patient co-payments, patient categories, Safety Net/benefit concepts and claim context. Amount distributions and compact flags in fplida remain generated evidence unless separately calibrated.","Variable concept is source-supported, but observed frequencies/quantiles are generated synthetic output, not official distribution evidence.","Keep generated distribution labelled synthetic unless calibrated against an official aggregate/statistical distribution."
"PBS","2020","PTNT_PSTCD","character","2602=80; 2612=80; 2609=79; 2607=75; 2601=74; 2605=72; 2608=72; 2618=68; 2603=66; 2613=66; 2616=65; 2604=64","2602; 2612; 2609; 2607; 2601; 2605; 2608; 2618; 2603; 2613; 2616; 2604; 2606; 2615; 2610; 2614; 2600; 2611; 2617; 2101; 2984; 2137; 2400; 2475; 2787; 2329; 2521; 2538; 2895; 4685","PTNT_PSTCD","Patient postcode","direct_plida_dataset_variable","direct_plida_metadata_public_pbs_context_distribution_local","https://www.abs.gov.au/statistics/data-integration/integrated-data/person-level-integrated-data-asset-plida/plida-data-and-legislation | https://data.pbs.gov.au/download/api/files/2025-PBS-API-V3-Data-Dictionary-v3.6.5.pdf | https://www.pbs.gov.au/info/healthpro/explanatory-notes/front/fee | https://www.pbs.gov.au/info/statistics/expenditure-prescriptions/expenditure-prescriptions-report-1-july-2023-30-june-2024 | https://www.aihw.gov.au/reports/medicines/pbs-prescriptions-over-time/contents/summary","Local PLIDA metadata supplies the variable description. PBS API/statistics sources provide schedule, prescribing, co-payment and dispensing context; generated distributions/frequencies are synthetic.","Variable concept is source-supported, but observed frequencies/quantiles are generated synthetic output, not official distribution evidence.","Keep generated distribution labelled synthetic unless calibrated against an official aggregate/statistical distribution."
"PBS","2020","PTNT_SEX_CD","character","F=26453; M=21723","F; M","PTNT_SEX_CD","Patient sex","direct_plida_dataset_variable","direct_plida_metadata_public_pbs_context_distribution_local","https://www.abs.gov.au/statistics/data-integration/integrated-data/person-level-integrated-data-asset-plida/plida-data-and-legislation | https://data.pbs.gov.au/download/api/files/2025-PBS-API-V3-Data-Dictionary-v3.6.5.pdf | https://www.pbs.gov.au/info/healthpro/explanatory-notes/front/fee | https://www.pbs.gov.au/info/statistics/expenditure-prescriptions/expenditure-prescriptions-report-1-july-2023-30-june-2024 | https://www.aihw.gov.au/reports/medicines/pbs-prescriptions-over-time/contents/summary","Local PLIDA metadata supplies the variable description. PBS API/statistics sources provide schedule, prescribing, co-payment and dispensing context; generated distributions/frequencies are synthetic.","Variable concept is source-supported, but observed frequencies/quantiles are generated synthetic output, not official distribution evidence.","Keep generated distribution labelled synthetic unless calibrated against an official aggregate/statistical distribution."
"PBS","2020","RGLTN24_IND","character","N=47680; Y=496","N; Y","RGLTN24_IND","Regulation 24 applicable indicator","direct_plida_dataset_variable","direct_plida_metadata_public_pbs_context_distribution_local","https://www.abs.gov.au/statistics/data-integration/integrated-data/person-level-integrated-data-asset-plida/plida-data-and-legislation | https://data.pbs.gov.au/download/api/files/2025-PBS-API-V3-Data-Dictionary-v3.6.5.pdf | https://www.pbs.gov.au/info/healthpro/explanatory-notes/front/fee | https://www.pbs.gov.au/info/statistics/expenditure-prescriptions/expenditure-prescriptions-report-1-july-2023-30-june-2024 | https://www.aihw.gov.au/reports/medicines/pbs-prescriptions-over-time/contents/summary","PBS sources document patient co-payments, patient categories, Safety Net/benefit concepts and claim context. Amount distributions and compact flags in fplida remain generated evidence unless separately calibrated.","Variable concept is source-supported, but observed frequencies/quantiles are generated synthetic output, not official distribution evidence.","Keep generated distribution labelled synthetic unless calibrated against an official aggregate/statistical distribution."
"PBS","2020","RPT_ORDR_NMBR","integer","0 / 2 / 5 / 5 / 15","0; 1; 10; 15; 2; 3; 4; 5; 6; 7; 8; 9","RPT_ORDR_NMBR","Number of authorised prescription repeats","direct_plida_dataset_variable","direct_plida_metadata_public_pbs_context_distribution_local","https://www.abs.gov.au/statistics/data-integration/integrated-data/person-level-integrated-data-asset-plida/plida-data-and-legislation | https://data.pbs.gov.au/download/api/files/2025-PBS-API-V3-Data-Dictionary-v3.6.5.pdf | https://www.pbs.gov.au/info/healthpro/explanatory-notes/front/fee | https://www.pbs.gov.au/info/statistics/expenditure-prescriptions/expenditure-prescriptions-report-1-july-2023-30-june-2024 | https://www.aihw.gov.au/reports/medicines/pbs-prescriptions-over-time/contents/summary","Local PLIDA metadata supplies the variable description. PBS API/statistics sources provide schedule, prescribing, co-payment and dispensing context; generated distributions/frequencies are synthetic.","Variable concept is source-supported, but observed frequencies/quantiles are generated synthetic output, not official distribution evidence.","Keep generated distribution labelled synthetic unless calibrated against an official aggregate/statistical distribution."
"PBS","2020","SPPLY_DT","Date","2020-01-01 to 2020-12-31","","SPPLY_DT","Date of supply","direct_plida_dataset_variable","direct_plida_metadata_public_pbs_context_distribution_local","https://www.abs.gov.au/statistics/data-integration/integrated-data/person-level-integrated-data-asset-plida/plida-data-and-legislation | https://data.pbs.gov.au/download/api/files/2025-PBS-API-V3-Data-Dictionary-v3.6.5.pdf | https://www.pbs.gov.au/info/healthpro/explanatory-notes/front/fee | https://www.pbs.gov.au/info/statistics/expenditure-prescriptions/expenditure-prescriptions-report-1-july-2023-30-june-2024 | https://www.aihw.gov.au/reports/medicines/pbs-prescriptions-over-time/contents/summary","Local PLIDA metadata supplies the variable description. PBS API/statistics sources provide schedule, prescribing, co-payment and dispensing context; generated distributions/frequencies are synthetic.","Variable concept is source-supported, but observed frequencies/quantiles are generated synthetic output, not official distribution evidence.","Keep generated distribution labelled synthetic unless calibrated against an official aggregate/statistical distribution."
"PBS","2020","SRT_RPT_IND","character","N=29821; Y=18355","N; Y","SRT_RPT_IND","Repeat prescription indicator","direct_plida_dataset_variable","direct_plida_metadata_public_pbs_context_distribution_local","https://www.abs.gov.au/statistics/data-integration/integrated-data/person-level-integrated-data-asset-plida/plida-data-and-legislation | https://data.pbs.gov.au/download/api/files/2025-PBS-API-V3-Data-Dictionary-v3.6.5.pdf | https://www.pbs.gov.au/info/healthpro/explanatory-notes/front/fee | https://www.pbs.gov.au/info/statistics/expenditure-prescriptions/expenditure-prescriptions-report-1-july-2023-30-june-2024 | https://www.aihw.gov.au/reports/medicines/pbs-prescriptions-over-time/contents/summary","Local PLIDA metadata supplies the variable description. PBS API/statistics sources provide schedule, prescribing, co-payment and dispensing context; generated distributions/frequencies are synthetic.","Variable concept is source-supported, but observed frequencies/quantiles are generated synthetic output, not official distribution evidence.","Keep generated distribution labelled synthetic unless calibrated against an official aggregate/statistical distribution."
"PBS","2020","STRMLND_ATHRTY_CD","character","S2436=8; S2471=8; S0615=7; S1372=7; S2495=7; S3870=7; S4596=7; S5581=7; S5980=7; S7712=7; S8434=7; S8457=7","S2436; S2471; S0615; S1372; S2495; S3870; S4596; S5581; S5980; S7712; S8434; S8457; S9100; S0178; S0356; S0546; S0636; S0784; S1078; S1344; S1497; S1514; S1597; S1920; S2158; S2245; S2318; S2347; S3769; S3927","STRMLND_ATHRTY_CD","Streamlined authority code","direct_plida_dataset_variable","official_pbs_restriction_concept_local_synthetic_code_values","https://www.abs.gov.au/statistics/data-integration/integrated-data/person-level-integrated-data-asset-plida/plida-data-and-legislation | https://data.pbs.gov.au/download/api/files/2025-PBS-API-V3-Data-Dictionary-v3.6.5.pdf | https://www.pbs.gov.au/info/healthpro/explanatory-notes/front/fee | https://www.pbs.gov.au/info/statistics/expenditure-prescriptions/expenditure-prescriptions-report-1-july-2023-30-june-2024 | https://www.aihw.gov.au/reports/medicines/pbs-prescriptions-over-time/contents/summary","PBS API dictionary covers restrictions, prescribing rules and item restriction relationships; generated streamlined authority strings are local synthetic values and require exact public code-table validation.","Source supports the concept; value-domain equivalence is as described in the source summary.","Keep as source-supported concept but do not infer unsourced distributional calibration."
"PBS","2020","SYNTHETIC_AEUID","character","3723B0000CDE=49; 3723B00008FA=46; 3723B000115C=46; 3723B000133F=46; 3723B0000856=44; 3723B0000AB9=44; 3723B0000BCB=44; 3723B00011D9=44; 3723B00004D3=43; 3723B00009F0=43; 3723B00011F1=43; 3723B0001336=43","3723B0000CDE; 3723B00008FA; 3723B000115C; 3723B000133F; 3723B0000856; 3723B0000AB9; 3723B0000BCB; 3723B00011D9; 3723B00004D3; 3723B00009F0; 3723B00011F1; 3723B0001336; 3723B0000423; 3723B000095C; 3723B00009CF; 3723B0000B7D; 3723B0000516; 3723B00007B9; 3723B00008BB; 3723B0000927; 3723B0000D80; 3723B0000E78; 3723B0000F17; 3723B000104A; 3723B0001080; 3723B00010FC; 3723B0001160; 3723B00002F4; 3723B0000386; 3723B00004CA","SYNTHETIC_AEUID","Synthetic MADIP Person ID | Synthetic id of individual person on dataset","direct_plida_dataset_variable","direct_plida_metadata_public_pbs_context_distribution_local","https://www.abs.gov.au/statistics/data-integration/integrated-data/person-level-integrated-data-asset-plida/plida-data-and-legislation | https://data.pbs.gov.au/download/api/files/2025-PBS-API-V3-Data-Dictionary-v3.6.5.pdf | https://www.pbs.gov.au/info/healthpro/explanatory-notes/front/fee | https://www.pbs.gov.au/info/statistics/expenditure-prescriptions/expenditure-prescriptions-report-1-july-2023-30-june-2024 | https://www.aihw.gov.au/reports/medicines/pbs-prescriptions-over-time/contents/summary","Local PLIDA metadata supplies the variable description. PBS API/statistics sources provide schedule, prescribing, co-payment and dispensing context; generated distributions/frequencies are synthetic.","Variable concept is source-supported, but observed frequencies/quantiles are generated synthetic output, not official distribution evidence.","Keep generated distribution labelled synthetic unless calibrated against an official aggregate/statistical distribution."
"PBS","2020","UNDR_CPRSCRPTN_TYP_CD","character","1=12427; 2=7257","1; 2","UNDR_CPRSCRPTN_TYP_CD","Under co-payment prescription type","direct_plida_dataset_variable","direct_plida_metadata_public_code_table_not_found","https://www.abs.gov.au/statistics/data-integration/integrated-data/person-level-integrated-data-asset-plida/plida-data-and-legislation | https://data.pbs.gov.au/download/api/files/2025-PBS-API-V3-Data-Dictionary-v3.6.5.pdf | https://www.pbs.gov.au/info/healthpro/explanatory-notes/front/fee | https://www.pbs.gov.au/info/statistics/expenditure-prescriptions/expenditure-prescriptions-report-1-july-2023-30-june-2024 | https://www.aihw.gov.au/reports/medicines/pbs-prescriptions-over-time/contents/summary","PBS sources document patient co-payments, patient categories, Safety Net/benefit concepts and claim context. Amount distributions and compact flags in fplida remain generated evidence unless separately calibrated.","Generated domain/labels are observed local values; no public codebook evidence was found in this pass.","Find a public code table or keep guide wording as local-generator/PLIDA-metadata only."
"AIR","AIR","ABORIND","character","N=25256; Y=880","N; Y","ABORIND","Individual Aboriginality indicator","direct_plida_dataset_variable","direct_or_crosswalk_plida_metadata_air_context_distribution_local","https://www.abs.gov.au/statistics/data-integration/integrated-data/person-level-integrated-data-asset-plida/plida-data-and-legislation | https://www.health.gov.au/topics/immunisation/immunisation-information-for-health-professionals/using-the-australian-immunisation-register?language=en","Health guidance confirms AIR vaccination reporting context and relevant personal/vaccine/provider data elements. Local PLIDA metadata or crosswalk supplies the generated-field concept; generated values are local evidence.","Variable concept is source-supported, but observed frequencies/quantiles are generated synthetic output, not official distribution evidence.","Keep generated distribution labelled synthetic unless calibrated against an official aggregate/statistical distribution."
"AIR","AIR","ANTIGEN_CODE","character","COVID=10578; FLU=4806; DTPA=916; HEP_B=916; HIB=916; HPV=916; IPV=916; MENACWY=916; MMR=916; PCV13=916; ROTA=916; VAR=916","COVID; FLU; DTPA; HEP_B; HIB; HPV; IPV; MENACWY; MMR; PCV13; ROTA; VAR; DTPA_BOOST; FLU_CHILD","ANTGNCDE","The antigen code","manual_same_dataset_plida_concept_match","official_air_reporting_context_public_code_table_not_found","https://www.abs.gov.au/statistics/data-integration/integrated-data/person-level-integrated-data-asset-plida/plida-data-and-legislation | https://www.health.gov.au/topics/immunisation/immunisation-information-for-health-professionals/using-the-australian-immunisation-register?language=en","Health guidance says AIR mandatory reporting covers relevant vaccines and data elements such as date of birth, gender, dose number and date given. I did not find a public AIR extract code table for the generated compact antigen/status/schedule values.","Generated domain/labels are observed local values; no public codebook evidence was found in this pass.","Find a public code table or keep guide wording as local-generator/PLIDA-metadata only."
"AIR","AIR","DOB_MONTH","integer","1 / 4 / 7 / 10 / 12","1; 10; 11; 12; 2; 3; 4; 5; 6; 7; 8; 9","DOB_MONTH","Month of birth","direct_plida_dataset_variable","direct_or_crosswalk_plida_metadata_air_context_distribution_local","https://www.abs.gov.au/statistics/data-integration/integrated-data/person-level-integrated-data-asset-plida/plida-data-and-legislation | https://www.health.gov.au/topics/immunisation/immunisation-information-for-health-professionals/using-the-australian-immunisation-register?language=en","Health guidance confirms AIR vaccination reporting context and relevant personal/vaccine/provider data elements. Local PLIDA metadata or crosswalk supplies the generated-field concept; generated values are local evidence.","Variable concept is source-supported, but observed frequencies/quantiles are generated synthetic output, not official distribution evidence.","Keep generated distribution labelled synthetic unless calibrated against an official aggregate/statistical distribution."
"AIR","AIR","DOB_YEAR","integer","1922 / 1971 / 1997 / 2011 / 2021","","DOB_YEAR","Year of birth","direct_plida_dataset_variable","direct_or_crosswalk_plida_metadata_air_context_distribution_local","https://www.abs.gov.au/statistics/data-integration/integrated-data/person-level-integrated-data-asset-plida/plida-data-and-legislation | https://www.health.gov.au/topics/immunisation/immunisation-information-for-health-professionals/using-the-australian-immunisation-register?language=en","Health guidance confirms AIR vaccination reporting context and relevant personal/vaccine/provider data elements. Local PLIDA metadata or crosswalk supplies the generated-field concept; generated values are local evidence.","Variable concept is source-supported, but observed frequencies/quantiles are generated synthetic output, not official distribution evidence.","Keep generated distribution labelled synthetic unless calibrated against an official aggregate/statistical distribution."
"AIR","AIR","ENCOUNTER_DATE","Date","2006-01-01 to 2024-12-28","","ENCDATE","Immunisation encounter date","manual_same_dataset_plida_concept_match","direct_or_crosswalk_plida_metadata_air_context_distribution_local","https://www.abs.gov.au/statistics/data-integration/integrated-data/person-level-integrated-data-asset-plida/plida-data-and-legislation | https://www.health.gov.au/topics/immunisation/immunisation-information-for-health-professionals/using-the-australian-immunisation-register?language=en","Health guidance confirms AIR vaccination reporting context and relevant personal/vaccine/provider data elements. Local PLIDA metadata or crosswalk supplies the generated-field concept; generated values are local evidence.","Variable concept is source-supported, but observed frequencies/quantiles are generated synthetic output, not official distribution evidence.","Keep generated distribution labelled synthetic unless calibrated against an official aggregate/statistical distribution."
"AIR","AIR","EPISODE_STATUS","character","Valid=26136","Valid","EPSSTAT","Episode status code","manual_same_dataset_plida_concept_match","official_air_reporting_context_public_code_table_not_found","https://www.abs.gov.au/statistics/data-integration/integrated-data/person-level-integrated-data-asset-plida/plida-data-and-legislation | https://www.health.gov.au/topics/immunisation/immunisation-information-for-health-professionals/using-the-australian-immunisation-register?language=en","Health guidance says AIR mandatory reporting covers relevant vaccines and data elements such as date of birth, gender, dose number and date given. I did not find a public AIR extract code table for the generated compact antigen/status/schedule values.","Generated domain/labels are observed local values; no public codebook evidence was found in this pass.","Find a public code table or keep guide wording as local-generator/PLIDA-metadata only."
"AIR","AIR","SCHEDULE_CLASSIFICATION","character","NIP=26136","NIP","SCHEDCDE","Schedule the Individual is being assessed against","manual_same_dataset_plida_concept_match","official_air_reporting_context_public_code_table_not_found","https://www.abs.gov.au/statistics/data-integration/integrated-data/person-level-integrated-data-asset-plida/plida-data-and-legislation | https://www.health.gov.au/topics/immunisation/immunisation-information-for-health-professionals/using-the-australian-immunisation-register?language=en","Health guidance says AIR mandatory reporting covers relevant vaccines and data elements such as date of birth, gender, dose number and date given. I did not find a public AIR extract code table for the generated compact antigen/status/schedule values.","Generated domain/labels are observed local values; no public codebook evidence was found in this pass.","Find a public code table or keep guide wording as local-generator/PLIDA-metadata only."
"AIR","AIR","SEXCDE","character","F=13175; M=12961","F; M","SEXCDE","Individual gender","direct_plida_dataset_variable","direct_or_crosswalk_plida_metadata_air_context_distribution_local","https://www.abs.gov.au/statistics/data-integration/integrated-data/person-level-integrated-data-asset-plida/plida-data-and-legislation | https://www.health.gov.au/topics/immunisation/immunisation-information-for-health-professionals/using-the-australian-immunisation-register?language=en","Health guidance confirms AIR vaccination reporting context and relevant personal/vaccine/provider data elements. Local PLIDA metadata or crosswalk supplies the generated-field concept; generated values are local evidence.","Variable concept is source-supported, but observed frequencies/quantiles are generated synthetic output, not official distribution evidence.","Keep generated distribution labelled synthetic unless calibrated against an official aggregate/statistical distribution."
"AIR","AIR","STATE_ASGS_2021","integer","1 / 1 / 2 / 3 / 8","1; 2; 3; 4; 5; 6; 7; 8","STATE_ASGS_2021","State (number)","direct_plida_dataset_variable","direct_or_crosswalk_plida_metadata_air_context_distribution_local","https://www.abs.gov.au/statistics/data-integration/integrated-data/person-level-integrated-data-asset-plida/plida-data-and-legislation | https://www.health.gov.au/topics/immunisation/immunisation-information-for-health-professionals/using-the-australian-immunisation-register?language=en","Health guidance confirms AIR vaccination reporting context and relevant personal/vaccine/provider data elements. Local PLIDA metadata or crosswalk supplies the generated-field concept; generated values are local evidence.","Variable concept is source-supported, but observed frequencies/quantiles are generated synthetic output, not official distribution evidence.","Keep generated distribution labelled synthetic unless calibrated against an official aggregate/statistical distribution."
"AIR","AIR","SYNTHETIC_AEUID","character","3723B0000130=19; 3723B000019A=19; 3723B0000270=19; 3723B000041A=19; 3723B00006F7=19; 3723B00007B1=19; 3723B0000894=19; 3723B0000D93=19; 3723B0000EF3=19; 3723B000012B=18; 3723B00001C0=18; 3723B000049A=18","3723B0000130; 3723B000019A; 3723B0000270; 3723B000041A; 3723B00006F7; 3723B00007B1; 3723B0000894; 3723B0000D93; 3723B0000EF3; 3723B000012B; 3723B00001C0; 3723B000049A; 3723B00006B4; 3723B0000C1B; 3723B00010F9; 3723B000127B; 3723B0001388; 3723B0000520; 3723B0000620; 3723B0000A18; 3723B0000ED0; 3723B00010F3; 3723B000007B; 3723B000053E; 3723B00006FD; 3723B0000C7E; 3723B0000C8D; 3723B0000F48; 3723B0000F5C; 3723B00010CA","SYNTHETIC_AEUID","Synthetic MADIP Person ID","direct_plida_dataset_variable","direct_or_crosswalk_plida_metadata_air_context_distribution_local","https://www.abs.gov.au/statistics/data-integration/integrated-data/person-level-integrated-data-asset-plida/plida-data-and-legislation | https://www.health.gov.au/topics/immunisation/immunisation-information-for-health-professionals/using-the-australian-immunisation-register?language=en","Health guidance confirms AIR vaccination reporting context and relevant personal/vaccine/provider data elements. Local PLIDA metadata or crosswalk supplies the generated-field concept; generated values are local evidence.","Variable concept is source-supported, but observed frequencies/quantiles are generated synthetic output, not official distribution evidence.","Keep generated distribution labelled synthetic unless calibrated against an official aggregate/statistical distribution."
"AIR","AIR","VACCINE_SEQUENCE","integer","1 / 2 / 3 / 6 / 19","1; 10; 11; 12; 13; 14; 15; 16; 17; 18; 19; 2; 3; 4; 5; 6; 7; 8; 9","VACCSEQ","Vaccine sequence number (dose)","manual_same_dataset_plida_concept_match","direct_or_crosswalk_plida_metadata_air_context_distribution_local","https://www.abs.gov.au/statistics/data-integration/integrated-data/person-level-integrated-data-asset-plida/plida-data-and-legislation | https://www.health.gov.au/topics/immunisation/immunisation-information-for-health-professionals/using-the-australian-immunisation-register?language=en","Health guidance confirms AIR vaccination reporting context and relevant personal/vaccine/provider data elements. Local PLIDA metadata or crosswalk supplies the generated-field concept; generated values are local evidence.","Variable concept is source-supported, but observed frequencies/quantiles are generated synthetic output, not official distribution evidence.","Keep generated distribution labelled synthetic unless calibrated against an official aggregate/statistical distribution."
"MCD","MCD","ADR_TYP","character","R=4843","R","ADR_TYP","Address type","direct_plida_dataset_variable","public_mcd_variable_codebook_not_found_local_metadata_only","https://www.abs.gov.au/statistics/data-integration/integrated-data/person-level-integrated-data-asset-plida/plida-data-and-legislation | https://www.servicesaustralia.gov.au/statistical-information-and-data?context=22 | https://www.anao.gov.au/work/performance-audit/integrity-medicare-customer-data","ABS PLIDA and Services Australia sources confirm Medicare Consumer Directory inclusion/context. I did not find a public MCD variable-level codebook for generated consumer-status, address-type or entitlement-code labels; current values are local generator/PLIDA metadata evidence only.","Generated domain/labels are observed local values; no public codebook evidence was found in this pass.","Find a public code table or keep guide wording as local-generator/PLIDA-metadata only."
"MCD","MCD","CNPGM_ETM_CDE","character","M=4592; DVA=186; HCCA=65","M; DVA; HCCA","CNPGM_ETM_CDE","Entitlement type | Entitlement code","direct_plida_dataset_variable","public_mcd_variable_codebook_not_found_local_metadata_only","https://www.abs.gov.au/statistics/data-integration/integrated-data/person-level-integrated-data-asset-plida/plida-data-and-legislation | https://www.servicesaustralia.gov.au/statistical-information-and-data?context=22 | https://www.anao.gov.au/work/performance-audit/integrity-medicare-customer-data","ABS PLIDA and Services Australia sources confirm Medicare Consumer Directory inclusion/context. I did not find a public MCD variable-level codebook for generated consumer-status, address-type or entitlement-code labels; current values are local generator/PLIDA metadata evidence only.","Generated domain/labels are observed local values; no public codebook evidence was found in this pass.","Find a public code table or keep guide wording as local-generator/PLIDA-metadata only."
"MCD","MCD","CNSMR_STS","Date","2000-01-01 to 2061-01-01","","CNSMR_STS","Consumer start date","direct_plida_dataset_variable","public_mcd_variable_codebook_not_found_local_metadata_only","https://www.abs.gov.au/statistics/data-integration/integrated-data/person-level-integrated-data-asset-plida/plida-data-and-legislation | https://www.servicesaustralia.gov.au/statistical-information-and-data?context=22 | https://www.anao.gov.au/work/performance-audit/integrity-medicare-customer-data","ABS PLIDA and Services Australia sources confirm Medicare Consumer Directory inclusion/context. I did not find a public MCD variable-level codebook for generated consumer-status, address-type or entitlement-code labels; current values are local generator/PLIDA metadata evidence only.","Generated domain/labels are observed local values; no public codebook evidence was found in this pass.","Find a public code table or keep guide wording as local-generator/PLIDA-metadata only."
"MCD","MCD","MONTH_OF_BIRTH","integer","1 / 4 / 6 / 9 / 12","1; 10; 11; 12; 2; 3; 4; 5; 6; 7; 8; 9","MONTH_OF_BIRTH","Month of birth","direct_plida_dataset_variable","public_mcd_variable_codebook_not_found_local_metadata_only","https://www.abs.gov.au/statistics/data-integration/integrated-data/person-level-integrated-data-asset-plida/plida-data-and-legislation | https://www.servicesaustralia.gov.au/statistical-information-and-data?context=22 | https://www.anao.gov.au/work/performance-audit/integrity-medicare-customer-data","ABS PLIDA and Services Australia sources confirm Medicare Consumer Directory inclusion/context. I did not find a public MCD variable-level codebook for generated consumer-status, address-type or entitlement-code labels; current values are local generator/PLIDA metadata evidence only.","Generated domain/labels are observed local values; no public codebook evidence was found in this pass.","Find a public code table or keep guide wording as local-generator/PLIDA-metadata only."
"MCD","MCD","MONTH_OF_DEATH","integer","all missing","","MONTH_OF_DEATH","Month of Death","direct_plida_dataset_variable","public_mcd_variable_codebook_not_found_local_metadata_only","https://www.abs.gov.au/statistics/data-integration/integrated-data/person-level-integrated-data-asset-plida/plida-data-and-legislation | https://www.servicesaustralia.gov.au/statistical-information-and-data?context=22 | https://www.anao.gov.au/work/performance-audit/integrity-medicare-customer-data","ABS PLIDA and Services Australia sources confirm Medicare Consumer Directory inclusion/context. I did not find a public MCD variable-level codebook for generated consumer-status, address-type or entitlement-code labels; current values are local generator/PLIDA metadata evidence only.","Generated domain/labels are observed local values; no public codebook evidence was found in this pass.","Find a public code table or keep guide wording as local-generator/PLIDA-metadata only."
"MCD","MCD","SEX","character","F=2496; M=2347","F; M","SEX","Sex","direct_plida_dataset_variable","public_mcd_variable_codebook_not_found_local_metadata_only","https://www.abs.gov.au/statistics/data-integration/integrated-data/person-level-integrated-data-asset-plida/plida-data-and-legislation | https://www.servicesaustralia.gov.au/statistical-information-and-data?context=22 | https://www.anao.gov.au/work/performance-audit/integrity-medicare-customer-data","ABS PLIDA and Services Australia sources confirm Medicare Consumer Directory inclusion/context. I did not find a public MCD variable-level codebook for generated consumer-status, address-type or entitlement-code labels; current values are local generator/PLIDA metadata evidence only.","Generated domain/labels are observed local values; no public codebook evidence was found in this pass.","Find a public code table or keep guide wording as local-generator/PLIDA-metadata only."
"MCD","MCD","STATE_ASGS_2021","integer","1 / 1 / 2 / 3 / 8","1; 2; 3; 4; 5; 6; 7; 8","STATE_ASGS_2021","State (number)","direct_plida_dataset_variable","public_mcd_variable_codebook_not_found_local_metadata_only","https://www.abs.gov.au/statistics/data-integration/integrated-data/person-level-integrated-data-asset-plida/plida-data-and-legislation | https://www.servicesaustralia.gov.au/statistical-information-and-data?context=22 | https://www.anao.gov.au/work/performance-audit/integrity-medicare-customer-data","ABS PLIDA and Services Australia sources confirm Medicare Consumer Directory inclusion/context. I did not find a public MCD variable-level codebook for generated consumer-status, address-type or entitlement-code labels; current values are local generator/PLIDA metadata evidence only.","Generated domain/labels are observed local values; no public codebook evidence was found in this pass.","Find a public code table or keep guide wording as local-generator/PLIDA-metadata only."
"MCD","MCD","SYNTHETIC_AEUID","character","67CCE0000001=1; 67CCE0000002=1; 67CCE0000003=1; 67CCE0000004=1; 67CCE0000005=1; 67CCE0000006=1; 67CCE0000007=1; 67CCE0000008=1; 67CCE0000009=1; 67CCE000000A=1; 67CCE000000B=1; 67CCE000000C=1","67CCE0000001; 67CCE0000002; 67CCE0000003; 67CCE0000004; 67CCE0000005; 67CCE0000006; 67CCE0000007; 67CCE0000008; 67CCE0000009; 67CCE000000A; 67CCE000000B; 67CCE000000C; 67CCE000000D; 67CCE000000E; 67CCE000000F; 67CCE0000010; 67CCE0000011; 67CCE0000012; 67CCE0000013; 67CCE0000014; 67CCE0000015; 67CCE0000016; 67CCE0000017; 67CCE0000018; 67CCE0000019; 67CCE000001A; 67CCE000001B; 67CCE000001C; 67CCE000001D; 67CCE000001E","SYNTHETIC_AEUID","Synthetic MADIP Person ID | Scrambled pin","direct_plida_dataset_variable","public_mcd_variable_codebook_not_found_local_metadata_only","https://www.abs.gov.au/statistics/data-integration/integrated-data/person-level-integrated-data-asset-plida/plida-data-and-legislation | https://www.servicesaustralia.gov.au/statistical-information-and-data?context=22 | https://www.anao.gov.au/work/performance-audit/integrity-medicare-customer-data","ABS PLIDA and Services Australia sources confirm Medicare Consumer Directory inclusion/context. I did not find a public MCD variable-level codebook for generated consumer-status, address-type or entitlement-code labels; current values are local generator/PLIDA metadata evidence only.","Generated domain/labels are observed local values; no public codebook evidence was found in this pass.","Find a public code table or keep guide wording as local-generator/PLIDA-metadata only."
"MCD","MCD","YEAR_OF_BIRTH","integer","1922 / 1963 / 1982 / 2000 / 2021","","YEAR_OF_BIRTH","Year of birth","direct_plida_dataset_variable","public_mcd_variable_codebook_not_found_local_metadata_only","https://www.abs.gov.au/statistics/data-integration/integrated-data/person-level-integrated-data-asset-plida/plida-data-and-legislation | https://www.servicesaustralia.gov.au/statistical-information-and-data?context=22 | https://www.anao.gov.au/work/performance-audit/integrity-medicare-customer-data","ABS PLIDA and Services Australia sources confirm Medicare Consumer Directory inclusion/context. I did not find a public MCD variable-level codebook for generated consumer-status, address-type or entitlement-code labels; current values are local generator/PLIDA metadata evidence only.","Generated domain/labels are observed local values; no public codebook evidence was found in this pass.","Find a public code table or keep guide wording as local-generator/PLIDA-metadata only."
"MCD","MCD","YEAR_OF_DEATH","integer","all missing","","YEAR_OF_DEATH","Year of Death","direct_plida_dataset_variable","public_mcd_variable_codebook_not_found_local_metadata_only","https://www.abs.gov.au/statistics/data-integration/integrated-data/person-level-integrated-data-asset-plida/plida-data-and-legislation | https://www.servicesaustralia.gov.au/statistical-information-and-data?context=22 | https://www.anao.gov.au/work/performance-audit/integrity-medicare-customer-data","ABS PLIDA and Services Australia sources confirm Medicare Consumer Directory inclusion/context. I did not find a public MCD variable-level codebook for generated consumer-status, address-type or entitlement-code labels; current values are local generator/PLIDA metadata evidence only.","Generated domain/labels are observed local values; no public codebook evidence was found in this pass.","Find a public code table or keep guide wording as local-generator/PLIDA-metadata only."
"NACDC","NACDC","BIRTH_MONTH","integer","1 / 4 / 6 / 9 / 12","1; 10; 11; 12; 2; 3; 4; 5; 6; 7; 8; 9","BIRTH_MONTH","Person's month of birth.","direct_plida_dataset_variable","direct_or_crosswalk_plida_metadata_nacdc_context_distribution_local","https://www.abs.gov.au/statistics/data-integration/integrated-data/person-level-integrated-data-asset-plida/plida-data-and-legislation | https://www.gen-agedcaredata.gov.au/about-our-data/national-aged-care-data-clearinghouse | https://www.gen-agedcaredata.gov.au/resources/publications/2026/may/national-aged-care-data-clearinghouse-user-guide | https://www.gen-agedcaredata.gov.au/getmedia/37f96968-da83-453b-8ccb-003404df9d45/NACDC-table-specifications-May-2026","NACDC public sources describe scope, coverage and table specifications; local PLIDA metadata/crosswalk supplies the concept. Generated domains/distributions are local unless a public value list is named here.","Variable concept is source-supported, but observed frequencies/quantiles are generated synthetic output, not official distribution evidence.","Keep generated distribution labelled synthetic unless calibrated against an official aggregate/statistical distribution."
"NACDC","NACDC","BIRTH_YEAR","integer","1922 / 1940 / 1945 / 1953 / 1967","","BIRTH_YEAR","Year of birth","direct_plida_dataset_variable","direct_or_crosswalk_plida_metadata_nacdc_context_distribution_local","https://www.abs.gov.au/statistics/data-integration/integrated-data/person-level-integrated-data-asset-plida/plida-data-and-legislation | https://www.gen-agedcaredata.gov.au/about-our-data/national-aged-care-data-clearinghouse | https://www.gen-agedcaredata.gov.au/resources/publications/2026/may/national-aged-care-data-clearinghouse-user-guide | https://www.gen-agedcaredata.gov.au/getmedia/37f96968-da83-453b-8ccb-003404df9d45/NACDC-table-specifications-May-2026","NACDC public sources describe scope, coverage and table specifications; local PLIDA metadata/crosswalk supplies the concept. Generated domains/distributions are local unless a public value list is named here.","Variable concept is source-supported, but observed frequencies/quantiles are generated synthetic output, not official distribution evidence.","Keep generated distribution labelled synthetic unless calibrated against an official aggregate/statistical distribution."
"NACDC","NACDC","CARE_TYPE","character","CHSP=70; RAC=52; HCP=33; TCP=12","CHSP; RAC; HCP; TCP","SERVICE_APPROVAL_CARE_TYPE","The type of care the aged care service is approved for  as represented by text.","manual_same_dataset_plida_concept_match","official_nacdc_concept_found_generated_compact_not_source_equivalent","https://www.abs.gov.au/statistics/data-integration/integrated-data/person-level-integrated-data-asset-plida/plida-data-and-legislation | https://www.gen-agedcaredata.gov.au/about-our-data/national-aged-care-data-clearinghouse | https://www.gen-agedcaredata.gov.au/resources/publications/2026/may/national-aged-care-data-clearinghouse-user-guide | https://www.gen-agedcaredata.gov.au/getmedia/37f96968-da83-453b-8ccb-003404df9d45/NACDC-table-specifications-May-2026","NACDC 2026 specs include approved-care/service concepts and full text descriptions; generated CHSP/HCP/RAC/TCP is a local compact service-family coding and not an exact public table field.","Generated domain is useful for smoke tests but should not be documented as the official source schema for this field.","Do not treat generated values as source code values. Rebuild generator/crosswalk if fplida needs source-equivalent NACDC coding."
"NACDC","NACDC","COUNTRY_OF_BIRTH","integer","0 / 0 / 0 / 1 / 1","0; 1","COUNTRY_OF_BIRTH_CODE","Student's country of birth (code).","manual_same_dataset_plida_concept_match","official_nacdc_concept_found_generated_compact_not_source_equivalent","https://www.abs.gov.au/statistics/data-integration/integrated-data/person-level-integrated-data-asset-plida/plida-data-and-legislation | https://www.gen-agedcaredata.gov.au/about-our-data/national-aged-care-data-clearinghouse | https://www.gen-agedcaredata.gov.au/resources/publications/2026/may/national-aged-care-data-clearinghouse-user-guide | https://www.gen-agedcaredata.gov.au/getmedia/37f96968-da83-453b-8ccb-003404df9d45/NACDC-table-specifications-May-2026","NACDC 2026 table specs use SACC country-of-birth code/description fields. Generated 0/1 values are a local binary/non-SACC representation, not source-equivalent.","Generated domain is useful for smoke tests but should not be documented as the official source schema for this field.","Do not treat generated values as source code values. Rebuild generator/crosswalk if fplida needs source-equivalent NACDC coding."
"NACDC","NACDC","ENTRY_DATE","Date","2015-01-02 to 2024-12-28","","ENTRY_DATE","Date the recipient entered into the program","direct_plida_dataset_variable","direct_or_crosswalk_plida_metadata_nacdc_context_distribution_local","https://www.abs.gov.au/statistics/data-integration/integrated-data/person-level-integrated-data-asset-plida/plida-data-and-legislation | https://www.gen-agedcaredata.gov.au/about-our-data/national-aged-care-data-clearinghouse | https://www.gen-agedcaredata.gov.au/resources/publications/2026/may/national-aged-care-data-clearinghouse-user-guide | https://www.gen-agedcaredata.gov.au/getmedia/37f96968-da83-453b-8ccb-003404df9d45/NACDC-table-specifications-May-2026","NACDC public sources describe scope, coverage and table specifications; local PLIDA metadata/crosswalk supplies the concept. Generated domains/distributions are local unless a public value list is named here.","Variable concept is source-supported, but observed frequencies/quantiles are generated synthetic output, not official distribution evidence.","Keep generated distribution labelled synthetic unless calibrated against an official aggregate/statistical distribution."
"NACDC","NACDC","EXIT_DATE","Date","2015-06-05 to 2024-12-16","","EXIT_DATE","Date of exit of recipient from a service facility","direct_plida_dataset_variable","direct_or_crosswalk_plida_metadata_nacdc_context_distribution_local","https://www.abs.gov.au/statistics/data-integration/integrated-data/person-level-integrated-data-asset-plida/plida-data-and-legislation | https://www.gen-agedcaredata.gov.au/about-our-data/national-aged-care-data-clearinghouse | https://www.gen-agedcaredata.gov.au/resources/publications/2026/may/national-aged-care-data-clearinghouse-user-guide | https://www.gen-agedcaredata.gov.au/getmedia/37f96968-da83-453b-8ccb-003404df9d45/NACDC-table-specifications-May-2026","NACDC public sources describe scope, coverage and table specifications; local PLIDA metadata/crosswalk supplies the concept. Generated domains/distributions are local unless a public value list is named here.","Variable concept is source-supported, but observed frequencies/quantiles are generated synthetic output, not official distribution evidence.","Keep generated distribution labelled synthetic unless calibrated against an official aggregate/statistical distribution."
"NACDC","NACDC","FUNCTIONAL_CAPACITY_SCORE","numeric","2 / 41 / 52 / 67 / 100","","FUNCTIONAL_CAPACITY_ENTRY","Functional capacity score (between 0-100) of the recipient at time of entry to transition care","manual_same_dataset_plida_concept_match","official_nacdc_table_spec_found_generated_subset_or_distribution_local","https://www.abs.gov.au/statistics/data-integration/integrated-data/person-level-integrated-data-asset-plida/plida-data-and-legislation | https://www.gen-agedcaredata.gov.au/about-our-data/national-aged-care-data-clearinghouse | https://www.gen-agedcaredata.gov.au/resources/publications/2026/may/national-aged-care-data-clearinghouse-user-guide | https://www.gen-agedcaredata.gov.au/getmedia/37f96968-da83-453b-8ccb-003404df9d45/NACDC-table-specifications-May-2026","NACDC 2026 specs contain FUNCTIONAL_CAPACITY_ENTRY and EXIT numeric items. I did not find a public value range/distribution for the generated 0-100 score; current distribution is local.","Variable concept is source-supported, but observed frequencies/quantiles are generated synthetic output, not official distribution evidence.","Keep generated distribution labelled synthetic unless calibrated against an official aggregate/statistical distribution."
"NACDC","NACDC","HCP_LEVEL","integer","1 / 2 / 2 / 3 / 4","1; 2; 3; 4","CARE_APPROVAL_LEVEL","The level of care the person is approved to receive  as represented by text.","manual_same_dataset_plida_concept_match","official_nacdc_concept_found_generated_compact_not_source_equivalent","https://www.abs.gov.au/statistics/data-integration/integrated-data/person-level-integrated-data-asset-plida/plida-data-and-legislation | https://www.gen-agedcaredata.gov.au/about-our-data/national-aged-care-data-clearinghouse | https://www.gen-agedcaredata.gov.au/resources/publications/2026/may/national-aged-care-data-clearinghouse-user-guide | https://www.gen-agedcaredata.gov.au/getmedia/37f96968-da83-453b-8ccb-003404df9d45/NACDC-table-specifications-May-2026","NACDC 2026 specs include HCP approval concepts such as approval for HCP levels 1-2 and 3-4. Generated numeric 1-4 HCP level is a local compact value needing exact source-table validation.","Generated domain is useful for smoke tests but should not be documented as the official source schema for this field.","Do not treat generated values as source code values. Rebuild generator/crosswalk if fplida needs source-equivalent NACDC coding."
"NACDC","NACDC","INDIGENOUS_STATUS","character","N=156; Y=11","N; Y","indigenous_status_code","Public NACDC May 2026 table specifications include Indigenous-status concepts such as INDIGENOUS_STATUS_CODE with detailed Aboriginal and Torres Strait Islander categories.","external_source_concept_not_source_equivalent","official_nacdc_concept_found_generated_compact_not_source_equivalent","https://www.abs.gov.au/statistics/data-integration/integrated-data/person-level-integrated-data-asset-plida/plida-data-and-legislation | https://www.gen-agedcaredata.gov.au/about-our-data/national-aged-care-data-clearinghouse | https://www.gen-agedcaredata.gov.au/resources/publications/2026/may/national-aged-care-data-clearinghouse-user-guide | https://www.gen-agedcaredata.gov.au/getmedia/37f96968-da83-453b-8ccb-003404df9d45/NACDC-table-specifications-May-2026","NACDC 2026 table specs use multi-category Indigenous status values 1, 2, 3, 4 and 9 plus descriptions. Generated Y/N is a local binary collapse, not source-equivalent.","Generated domain is useful for smoke tests but should not be documented as the official source schema for this field.","Do not treat generated values as source code values. Rebuild generator/crosswalk if fplida needs source-equivalent NACDC coding."
"NACDC","NACDC","MARITAL_STATUS","character","Married=51; Widowed=44; Divorced=42; Single=30","Married; Widowed; Divorced; Single","MARITAL_STATUS_CODE","Marital status of the recipient (at time of assessment)","manual_same_dataset_plida_concept_match","official_nacdc_concept_found_generated_compact_not_source_equivalent","https://www.abs.gov.au/statistics/data-integration/integrated-data/person-level-integrated-data-asset-plida/plida-data-and-legislation | https://www.gen-agedcaredata.gov.au/about-our-data/national-aged-care-data-clearinghouse | https://www.gen-agedcaredata.gov.au/resources/publications/2026/may/national-aged-care-data-clearinghouse-user-guide | https://www.gen-agedcaredata.gov.au/getmedia/37f96968-da83-453b-8ccb-003404df9d45/NACDC-table-specifications-May-2026","NACDC 2026 table specs use marital status code/description values including divorced, married, separated, never married and widowed/unknown. Generated labels are a local compact subset and use Single rather than the public Never Married wording.","Generated domain is useful for smoke tests but should not be documented as the official source schema for this field.","Do not treat generated values as source code values. Rebuild generator/crosswalk if fplida needs source-equivalent NACDC coding."
"NACDC","NACDC","SEX","character","F=84; M=83","F; M","SEX_CODE","The sex of the person  as represented by a code.","manual_same_dataset_plida_concept_match","official_nacdc_table_spec_found_generated_subset_or_distribution_local","https://www.abs.gov.au/statistics/data-integration/integrated-data/person-level-integrated-data-asset-plida/plida-data-and-legislation | https://www.gen-agedcaredata.gov.au/about-our-data/national-aged-care-data-clearinghouse | https://www.gen-agedcaredata.gov.au/resources/publications/2026/may/national-aged-care-data-clearinghouse-user-guide | https://www.gen-agedcaredata.gov.au/getmedia/37f96968-da83-453b-8ccb-003404df9d45/NACDC-table-specifications-May-2026","NACDC 2026 table specs list sex code/description values. Generated F/M is a subset of public sex values and omits unknown/intersex/not-stated cases.","Variable concept is source-supported, but observed frequencies/quantiles are generated synthetic output, not official distribution evidence.","Keep generated distribution labelled synthetic unless calibrated against an official aggregate/statistical distribution."
"NACDC","NACDC","STATE","integer","1 / 1 / 2 / 3 / 8","1; 2; 3; 4; 5; 6; 7; 8","RECIPIENT_STATE","State of recipient","manual_same_dataset_plida_concept_match","official_nacdc_state_code_found_crosswalk_needs_tightening","https://www.abs.gov.au/statistics/data-integration/integrated-data/person-level-integrated-data-asset-plida/plida-data-and-legislation | https://www.gen-agedcaredata.gov.au/about-our-data/national-aged-care-data-clearinghouse | https://www.gen-agedcaredata.gov.au/resources/publications/2026/may/national-aged-care-data-clearinghouse-user-guide | https://www.gen-agedcaredata.gov.au/getmedia/37f96968-da83-453b-8ccb-003404df9d45/NACDC-table-specifications-May-2026","NACDC 2026 table specs include both state abbreviations and ASGS state/territory codes 1-9. Generated 1-8 is source-compatible only with ASGS STE_CODE-style fields, not with RECIPIENT_STATE abbreviations.","Source supports the concept; value-domain equivalence is as described in the source summary.","Change the concept crosswalk from RECIPIENT_STATE abbreviation to an ASGS STE_CODE-style field before claiming source equivalence."
"NACDC","NACDC","SYNTHETIC_AEUID","character","9A3640000031=1; 9A3640000038=1; 9A3640000058=1; 9A3640000061=1; 9A3640000065=1; 9A3640000087=1; 9A36400000C5=1; 9A364000011F=1; 9A3640000144=1; 9A3640000147=1; 9A364000014D=1; 9A3640000154=1","9A3640000031; 9A3640000038; 9A3640000058; 9A3640000061; 9A3640000065; 9A3640000087; 9A36400000C5; 9A364000011F; 9A3640000144; 9A3640000147; 9A364000014D; 9A3640000154; 9A36400001B3; 9A3640000202; 9A3640000223; 9A364000023F; 9A364000027B; 9A364000028E; 9A36400002B1; 9A36400002B6; 9A36400002EE; 9A36400002F9; 9A36400002FE; 9A3640000320; 9A364000032F; 9A3640000347; 9A3640000367; 9A364000037B; 9A36400003A4; 9A36400003AD","SYNTHETIC_AEUID","Synthetic MADIP Person ID","direct_plida_dataset_variable","direct_or_crosswalk_plida_metadata_nacdc_context_distribution_local","https://www.abs.gov.au/statistics/data-integration/integrated-data/person-level-integrated-data-asset-plida/plida-data-and-legislation | https://www.gen-agedcaredata.gov.au/about-our-data/national-aged-care-data-clearinghouse | https://www.gen-agedcaredata.gov.au/resources/publications/2026/may/national-aged-care-data-clearinghouse-user-guide | https://www.gen-agedcaredata.gov.au/getmedia/37f96968-da83-453b-8ccb-003404df9d45/NACDC-table-specifications-May-2026","NACDC public sources describe scope, coverage and table specifications; local PLIDA metadata/crosswalk supplies the concept. Generated domains/distributions are local unless a public value list is named here.","Variable concept is source-supported, but observed frequencies/quantiles are generated synthetic output, not official distribution evidence.","Keep generated distribution labelled synthetic unless calibrated against an official aggregate/statistical distribution."
