"item_num","category","group","sub_heading","benefit_type","schedule_fee","benefit_75","benefit_85","benefit_100","anaes","weight"
3,1,"A1",1,"E",20.05,0,0,20.05,"N",0.000638666196070475
23,1,"A1",2,"E",43.9,0,0,43.9,"N",0.000638666196070475
36,1,"A1",3,"E",84.9,0,0,84.9,"N",0.000638666196070475
44,1,"A1",4,"E",125.1,0,0,125.1,"N",0.000638666196070475
123,1,"A1",NA,"E",202.65,0,0,202.65,"N",0.000638666196070475
10905,1,"A10",NA,"B",77.8,0,66.15,0,"N",0.000638666196070475
10907,1,"A10",NA,"B",39,0,33.15,0,"N",0.000638666196070475
10910,1,"A10",NA,"B",77.8,0,66.15,0,"N",0.000638666196070475
10911,1,"A10",NA,"B",77.8,0,66.15,0,"N",0.000638666196070475
10913,1,"A10",NA,"B",77.8,0,66.15,0,"N",0.000638666196070475
10914,1,"A10",NA,"B",77.8,0,66.15,0,"N",0.000638666196070475
10915,1,"A10",NA,"B",77.8,0,66.15,0,"N",0.000638666196070475
10916,1,"A10",NA,"B",39,0,33.15,0,"N",0.000638666196070475
10918,1,"A10",NA,"B",39,0,33.15,0,"N",0.000638666196070475
10921,1,"A10",NA,"B",193.45,0,164.45,0,"N",0.000638666196070475
10924,1,"A10",NA,"B",244.05,0,207.45,0,"N",0.000638666196070475
10926,1,"A10",NA,"B",193.45,0,164.45,0,"N",0.000638666196070475
10927,1,"A10",NA,"B",244.05,0,207.45,0,"N",0.000638666196070475
10928,1,"A10",NA,"B",193.45,0,164.45,0,"N",0.000638666196070475
10929,1,"A10",NA,"B",244.05,0,207.45,0,"N",0.000638666196070475
10930,1,"A10",NA,"B",193.45,0,164.45,0,"N",0.000638666196070475
10931,1,"A10",NA,"B",44.8,0,38.1,0,"N",0.000638666196070475
10938,1,"A10",NA,"B",74.3,0,63.2,0,"N",0.000638666196070475
10939,1,"A10",NA,"B",44.85,0,38.15,0,"N",0.000638666196070475
10940,1,"A10",NA,"B",74.3,0,63.2,0,"N",0.000638666196070475
10941,1,"A10",NA,"B",44.85,0,38.15,0,"N",0.000638666196070475
10942,1,"A10",NA,"B",39,0,33.15,0,"N",0.000638666196070475
10943,1,"A10",NA,"B",39,0,33.15,0,"N",0.000638666196070475
10944,1,"A10",NA,"B",84.15,0,71.55,0,"N",0.000638666196070475
10945,1,"A10",1,"B",39,0,33.15,0,"N",0.000638666196070475
10946,1,"A10",1,"B",77.8,0,66.15,0,"N",0.000638666196070475
585,1,"A11",NA,"D",151.45,113.6,0,151.45,"N",0.000638666196070475
588,1,"A11",NA,"D",151.45,113.6,0,151.45,"N",0.000638666196070475
591,1,"A11",NA,"D",105,78.75,0,105,"N",0.000638666196070475
594,1,"A11",NA,"D",48.95,36.75,0,48.95,"N",0.000638666196070475
599,1,"A11",NA,"D",178.5,133.9,0,178.5,"N",0.000638666196070475
600,1,"A11",NA,"D",142.65,107,0,142.65,"N",0.000638666196070475
385,1,"A12",NA,"C",101.3,76,86.15,0,"N",0.000638666196070475
386,1,"A12",NA,"C",50.95,38.25,43.35,0,"N",0.000638666196070475
387,1,"A12",NA,"C",148.65,111.5,126.4,0,"N",0.000638666196070475
388,1,"A12",NA,"C",94.1,70.6,80,0,"N",0.000638666196070475
410,1,"A13",1,"C",23.15,17.4,19.7,0,"N",0.000638666196070475
411,1,"A13",1,"C",50.6,37.95,43.05,0,"N",0.000638666196070475
412,1,"A13",1,"C",97.95,73.5,83.3,0,"N",0.000638666196070475
413,1,"A13",1,"C",144.2,108.15,122.6,0,"N",0.000638666196070475
695,1,"A14",1,"E",101.9,0,0,101.9,"N",0.000638666196070475
699,1,"A14",1,"E",84.9,0,0,84.9,"N",0.000638666196070475
701,1,"A14",1,"E",69.2,0,0,69.2,"N",0.000638666196070475
703,1,"A14",1,"E",160.85,0,0,160.85,"N",0.000638666196070475
705,1,"A14",1,"E",222,0,0,222,"N",0.000638666196070475
707,1,"A14",1,"E",313.6,0,0,313.6,"N",0.000638666196070475
715,1,"A14",2,"E",247.65,0,0,247.65,"N",0.000638666196070475
729,1,"A15",NA,"E",82.1,0,0,82.1,"N",0.000638666196070475
731,1,"A15",NA,"E",82.1,0,0,82.1,"N",0.000638666196070475
735,1,"A15",NA,"D",82.5,61.9,0,82.5,"N",0.000638666196070475
739,1,"A15",NA,"D",141.05,105.8,0,141.05,"N",0.000638666196070475
743,1,"A15",NA,"D",235.15,176.4,0,235.15,"N",0.000638666196070475
747,1,"A15",NA,"D",60.6,45.45,0,60.6,"N",0.000638666196070475
750,1,"A15",NA,"D",103.9,77.95,0,103.9,"N",0.000638666196070475
758,1,"A15",NA,"D",172.85,129.65,0,172.85,"N",0.000638666196070475
820,1,"A15",NA,"C",164.65,123.5,140,0,"N",0.000638666196070475
822,1,"A15",NA,"C",247.15,185.4,210.1,0,"N",0.000638666196070475
823,1,"A15",NA,"C",329.25,246.95,279.9,0,"N",0.000638666196070475
825,1,"A15",NA,"C",118.25,88.7,100.55,0,"N",0.000638666196070475
826,1,"A15",NA,"C",188.65,141.5,160.4,0,"N",0.000638666196070475
828,1,"A15",NA,"C",259,194.25,220.15,0,"N",0.000638666196070475
830,1,"A15",NA,"C",164.65,123.5,140,0,"N",0.000638666196070475
832,1,"A15",NA,"C",247.15,185.4,210.1,0,"N",0.000638666196070475
834,1,"A15",NA,"C",329.25,246.95,279.9,0,"N",0.000638666196070475
835,1,"A15",NA,"C",118.25,88.7,100.55,0,"N",0.000638666196070475
837,1,"A15",NA,"C",188.65,141.5,160.4,0,"N",0.000638666196070475
838,1,"A15",NA,"C",259,194.25,220.15,0,"N",0.000638666196070475
855,1,"A15",NA,"C",164.65,123.5,140,0,"N",0.000638666196070475
857,1,"A15",NA,"C",247.15,185.4,210.1,0,"N",0.000638666196070475
858,1,"A15",NA,"C",329.25,246.95,279.9,0,"N",0.000638666196070475
861,1,"A15",NA,"C",164.65,123.5,140,0,"N",0.000638666196070475
864,1,"A15",NA,"C",247.15,185.4,210.1,0,"N",0.000638666196070475
866,1,"A15",NA,"C",329.25,246.95,279.9,0,"N",0.000638666196070475
871,1,"A15",NA,"C",95.1,71.35,80.85,0,"N",0.000638666196070475
872,1,"A15",NA,"C",44.3,33.25,37.7,0,"N",0.000638666196070475
880,1,"A15",NA,"A",57.6,43.2,0,0,"N",0.000638666196070475
930,1,"A15",NA,"D",82.5,61.9,0,82.5,"N",0.000638666196070475
933,1,"A15",NA,"D",141.05,105.8,0,141.05,"N",0.000638666196070475
935,1,"A15",NA,"D",235.15,176.4,0,235.15,"N",0.000638666196070475
937,1,"A15",NA,"D",60.6,45.45,0,60.6,"N",0.000638666196070475
943,1,"A15",NA,"D",103.9,77.95,0,103.9,"N",0.000638666196070475
945,1,"A15",NA,"D",172.85,129.65,0,172.85,"N",0.000638666196070475
946,1,"A15",NA,"C",164.65,123.5,140,0,"N",0.000638666196070475
948,1,"A15",NA,"C",247.15,185.4,210.1,0,"N",0.000638666196070475
959,1,"A15",NA,"C",329.25,246.95,279.9,0,"N",0.000638666196070475
961,1,"A15",NA,"C",118.25,88.7,100.55,0,"N",0.000638666196070475
962,1,"A15",NA,"C",188.65,141.5,160.4,0,"N",0.000638666196070475
964,1,"A15",NA,"C",259,194.25,220.15,0,"N",0.000638666196070475
965,1,"A15",NA,"D",156.55,117.45,0,156.55,"N",0.000638666196070475
967,1,"A15",NA,"D",156.55,117.45,0,156.55,"N",0.000638666196070475
900,1,"A17",NA,"E",180.65,0,0,180.65,"N",0.000638666196070475
903,1,"A17",NA,"E",123.7,0,0,123.7,"N",0.000638666196070475
52,1,"A2",1,"E",11,0,0,11,"N",0.000638666196070475
53,1,"A2",1,"E",21,0,0,21,"N",0.000638666196070475
54,1,"A2",1,"E",38,0,0,38,"N",0.000638666196070475
57,1,"A2",1,"E",61,0,0,61,"N",0.000638666196070475
151,1,"A2",NA,"E",98.4,0,0,98.4,"N",0.000638666196070475
2700,1,"A20",NA,"D",83.65,62.75,0,83.65,"N",0.000638666196070475
2701,1,"A20",NA,"D",123.15,92.4,0,123.15,"N",0.000638666196070475
2712,1,"A20",NA,"D",83.65,62.75,0,83.65,"N",0.000638666196070475
2713,1,"A20",NA,"E",83.65,0,0,83.65,"N",0.000638666196070475
2715,1,"A20",NA,"D",106.2,79.65,0,106.2,"N",0.000638666196070475
2717,1,"A20",NA,"D",156.45,117.35,0,156.45,"N",0.000638666196070475
2721,1,"A20",NA,"E",108.2,0,0,108.2,"N",0.000638666196070475
2725,1,"A20",NA,"E",154.85,0,0,154.85,"N",0.000638666196070475
2739,1,"A20",NA,"E",108.2,0,0,108.2,"N",0.000638666196070475
2743,1,"A20",NA,"E",154.85,0,0,154.85,"N",0.000638666196070475
5001,1,"A21",NA,"C",68.45,51.35,58.2,0,"N",0.000638666196070475
5004,1,"A21",NA,"C",114.95,86.25,97.75,0,"N",0.000638666196070475
5011,1,"A21",NA,"C",114.95,86.25,97.75,0,"N",0.000638666196070475
5012,1,"A21",NA,"C",180.15,135.15,153.15,0,"N",0.000638666196070475
5013,1,"A21",NA,"C",226.65,170,192.7,0,"N",0.000638666196070475
5014,1,"A21",NA,"C",226.65,170,192.7,0,"N",0.000638666196070475
5016,1,"A21",NA,"C",304.15,228.15,258.55,0,"N",0.000638666196070475
5017,1,"A21",NA,"C",350.7,263.05,298.1,0,"N",0.000638666196070475
5019,1,"A21",NA,"C",350.7,263.05,298.1,0,"N",0.000638666196070475
5021,1,"A21",NA,"C",51.3,38.5,43.65,0,"N",0.000638666196070475
5022,1,"A21",NA,"C",86.2,64.65,73.3,0,"N",0.000638666196070475
5027,1,"A21",NA,"C",86.2,64.65,73.3,0,"N",0.000638666196070475
5030,1,"A21",NA,"C",135.05,101.3,114.8,0,"N",0.000638666196070475
5031,1,"A21",NA,"C",170,127.5,144.5,0,"N",0.000638666196070475
5032,1,"A21",NA,"C",170,127.5,144.5,0,"N",0.000638666196070475
5033,1,"A21",NA,"C",228.1,171.1,193.9,0,"N",0.000638666196070475
5035,1,"A21",NA,"C",263.05,197.3,223.6,0,"N",0.000638666196070475
5036,1,"A21",NA,"C",263.05,197.3,223.6,0,"N",0.000638666196070475
5039,1,"A21",NA,"C",166.2,124.65,141.3,0,"N",0.000638666196070475
5041,1,"A21",NA,"C",312.45,234.35,265.6,0,"N",0.000638666196070475
5042,1,"A21",NA,"C",124.7,93.55,106,0,"N",0.000638666196070475
5044,1,"A21",NA,"C",234.35,175.8,199.2,0,"N",0.000638666196070475
5000,1,"A22",1,"E",33.8,0,0,33.8,"N",0.000638666196070475
5020,1,"A22",2,"E",57.15,0,0,57.15,"N",0.000638666196070475
5040,1,"A22",3,"E",98,0,0,98,"N",0.000638666196070475
5060,1,"A22",4,"E",137.4,0,0,137.4,"N",0.000638666196070475
5071,1,"A22",NA,"E",233.4,0,0,233.4,"N",0.000638666196070475
5200,1,"A23",1,"E",21.5,0,0,21.5,"N",0.000638666196070475
5203,1,"A23",1,"E",31.75,0,0,31.75,"N",0.000638666196070475
5207,1,"A23",1,"E",49.15,0,0,49.15,"N",0.000638666196070475
5208,1,"A23",1,"E",72.7,0,0,72.7,"N",0.000638666196070475
5209,1,"A23",NA,"E",125.35,0,0,125.35,"N",0.000638666196070475
2801,1,"A24",NA,"C",178.7,134.05,151.9,0,"N",0.000638666196070475
2806,1,"A24",NA,"C",89.4,67.05,76,0,"N",0.000638666196070475
2814,1,"A24",NA,"C",50.95,38.25,43.35,0,"N",0.000638666196070475
2824,1,"A24",NA,"B",216.75,0,184.25,0,"N",0.000638666196070475
2832,1,"A24",NA,"B",131.1,0,111.45,0,"N",0.000638666196070475
2840,1,"A24",NA,"B",94.45,0,80.3,0,"N",0.000638666196070475
2946,1,"A24",NA,"C",164.65,123.5,140,0,"N",0.000638666196070475
2949,1,"A24",NA,"C",247.15,185.4,210.1,0,"N",0.000638666196070475
2954,1,"A24",NA,"C",329.25,246.95,279.9,0,"N",0.000638666196070475
2958,1,"A24",NA,"C",118.25,88.7,100.55,0,"N",0.000638666196070475
2972,1,"A24",NA,"C",188.65,141.5,160.4,0,"N",0.000638666196070475
2974,1,"A24",NA,"C",259,194.25,220.15,0,"N",0.000638666196070475
2978,1,"A24",NA,"C",164.65,123.5,140,0,"N",0.000638666196070475
2984,1,"A24",NA,"C",247.15,185.4,210.1,0,"N",0.000638666196070475
2988,1,"A24",NA,"C",329.25,246.95,279.9,0,"N",0.000638666196070475
2992,1,"A24",NA,"C",118.25,88.7,100.55,0,"N",0.000638666196070475
2996,1,"A24",NA,"C",188.65,141.5,160.4,0,"N",0.000638666196070475
3000,1,"A24",NA,"C",259,194.25,220.15,0,"N",0.000638666196070475
3005,1,"A24",NA,"C",178.7,134.05,151.9,0,"N",0.000638666196070475
3010,1,"A24",NA,"C",89.4,67.05,76,0,"N",0.000638666196070475
3014,1,"A24",NA,"C",50.95,38.25,43.35,0,"N",0.000638666196070475
3018,1,"A24",NA,"B",216.75,0,184.25,0,"N",0.000638666196070475
3023,1,"A24",NA,"B",131.1,0,111.45,0,"N",0.000638666196070475
3028,1,"A24",NA,"B",94.45,0,80.3,0,"N",0.000638666196070475
3032,1,"A24",NA,"C",164.65,123.5,140,0,"N",0.000638666196070475
3040,1,"A24",NA,"C",247.15,185.4,210.1,0,"N",0.000638666196070475
3044,1,"A24",NA,"C",329.25,246.95,279.9,0,"N",0.000638666196070475
3051,1,"A24",NA,"C",118.25,88.7,100.55,0,"N",0.000638666196070475
3055,1,"A24",NA,"C",188.65,141.5,160.4,0,"N",0.000638666196070475
3062,1,"A24",NA,"C",259,194.25,220.15,0,"N",0.000638666196070475
3069,1,"A24",NA,"C",164.65,123.5,140,0,"N",0.000638666196070475
3074,1,"A24",NA,"C",247.15,185.4,210.1,0,"N",0.000638666196070475
3078,1,"A24",NA,"C",329.25,246.95,279.9,0,"N",0.000638666196070475
3083,1,"A24",NA,"C",118.25,88.7,100.55,0,"N",0.000638666196070475
3088,1,"A24",NA,"C",188.65,141.5,160.4,0,"N",0.000638666196070475
3093,1,"A24",NA,"C",259,194.25,220.15,0,"N",0.000638666196070475
6007,1,"A26",NA,"C",153.4,115.05,130.4,0,"N",0.000638666196070475
6009,1,"A26",NA,"C",50.95,38.25,43.35,0,"N",0.000638666196070475
6011,1,"A26",NA,"C",101.3,76,86.15,0,"N",0.000638666196070475
6013,1,"A26",NA,"C",140.35,105.3,119.3,0,"N",0.000638666196070475
6015,1,"A26",NA,"C",178.7,134.05,151.9,0,"N",0.000638666196070475
4001,1,"A27",NA,"E",89.35,0,0,89.35,"N",0.000638666196070475
141,1,"A28",NA,"C",535.95,402,455.6,0,"N",0.000638666196070475
143,1,"A28",NA,"C",335.05,251.3,284.8,0,"N",0.000638666196070475
145,1,"A28",NA,"B",649.85,0,552.4,0,"N",0.000638666196070475
147,1,"A28",NA,"B",406.2,0,345.3,0,"N",0.000638666196070475
135,1,"A29",NA,"C",312.45,234.35,265.6,0,"N",0.000638666196070475
137,1,"A29",NA,"C",312.45,234.35,265.6,0,"N",0.000638666196070475
139,1,"A29",NA,"E",156.95,0,0,156.95,"N",0.000638666196070475
104,1,"A3",NA,"C",101.3,76,86.15,0,"N",0.000638666196070475
105,1,"A3",NA,"C",50.95,38.25,43.35,0,"N",0.000638666196070475
106,1,"A3",NA,"C",84.05,63.05,71.45,0,"N",0.000638666196070475
107,1,"A3",NA,"C",148.65,111.5,126.4,0,"N",0.000638666196070475
108,1,"A3",NA,"C",94.1,70.6,80,0,"N",0.000638666196070475
109,1,"A3",NA,"C",228.3,171.25,194.1,0,"N",0.000638666196070475
111,1,"A3",NA,"C",50.95,38.25,43.35,0,"N",0.000638666196070475
115,1,"A3",NA,"C",50.95,38.25,43.35,0,"N",0.000638666196070475
125,1,"A3",NA,"C",178.7,134.05,151.9,0,"N",0.000638666196070475
126,1,"A3",NA,"C",89.4,67.05,76,0,"N",0.000638666196070475
127,1,"A3",NA,"B",178.7,0,151.9,0,"N",0.000638666196070475
129,1,"A3",NA,"B",89.4,0,76,0,"N",0.000638666196070475
6018,1,"A31",NA,"C",178.7,134.05,151.9,0,"N",0.000638666196070475
6019,1,"A31",NA,"C",89.4,67.05,76,0,"N",0.000638666196070475
6023,1,"A31",NA,"C",312.45,234.35,265.6,0,"N",0.000638666196070475
6024,1,"A31",NA,"C",156.45,117.35,133,0,"N",0.000638666196070475
6028,1,"A31",NA,"C",58.35,43.8,49.6,0,"N",0.000638666196070475
6029,1,"A31",NA,"C",50.55,37.95,43,0,"N",0.000638666196070475
6031,1,"A31",NA,"C",89.4,67.05,76,0,"N",0.000638666196070475
6032,1,"A31",NA,"C",134.2,100.65,114.1,0,"N",0.000638666196070475
6034,1,"A31",NA,"C",178.7,134.05,151.9,0,"N",0.000638666196070475
6035,1,"A31",NA,"C",40.45,30.35,34.4,0,"N",0.000638666196070475
6037,1,"A31",NA,"C",71.55,53.7,60.85,0,"N",0.000638666196070475
6038,1,"A31",NA,"C",107.3,80.5,91.25,0,"N",0.000638666196070475
6042,1,"A31",NA,"C",142.9,107.2,121.5,0,"N",0.000638666196070475
6051,1,"A32",NA,"C",178.7,134.05,151.9,0,"N",0.000638666196070475
6052,1,"A32",NA,"C",89.4,67.05,76,0,"N",0.000638666196070475
6057,1,"A32",NA,"C",312.45,234.35,265.6,0,"N",0.000638666196070475
6058,1,"A32",NA,"C",156.45,117.35,133,0,"N",0.000638666196070475
6062,1,"A32",NA,"B",216.75,0,184.25,0,"N",0.000638666196070475
6063,1,"A32",NA,"B",131.1,0,111.45,0,"N",0.000638666196070475
6064,1,"A32",NA,"C",50.55,37.95,43,0,"N",0.000638666196070475
6065,1,"A32",NA,"C",89.4,67.05,76,0,"N",0.000638666196070475
6067,1,"A32",NA,"C",134.2,100.65,114.1,0,"N",0.000638666196070475
6068,1,"A32",NA,"C",178.7,134.05,151.9,0,"N",0.000638666196070475
6071,1,"A32",NA,"C",40.45,30.35,34.4,0,"N",0.000638666196070475
6072,1,"A32",NA,"C",71.55,53.7,60.85,0,"N",0.000638666196070475
6074,1,"A32",NA,"C",107.3,80.5,91.25,0,"N",0.000638666196070475
6075,1,"A32",NA,"C",142.9,107.2,121.5,0,"N",0.000638666196070475
6080,1,"A33",NA,"C",59.4,44.55,50.5,0,"N",0.000638666196070475
6081,1,"A33",NA,"C",44.3,33.25,37.7,0,"N",0.000638666196070475
6082,1,"A33",NA,"C",59.4,44.55,50.5,0,"N",0.000638666196070475
6084,1,"A33",NA,"C",44.3,33.25,37.7,0,"N",0.000638666196070475
90001,1,"A35",NA,"E",64.15,0,0,64.15,"N",0.000638666196070475
90002,1,"A35",NA,"E",46.6,0,0,46.6,"N",0.000638666196070475
90020,1,"A35",NA,"E",20.05,0,0,20.05,"N",0.000638666196070475
90035,1,"A35",NA,"E",43.9,0,0,43.9,"N",0.000638666196070475
90043,1,"A35",NA,"E",84.9,0,0,84.9,"N",0.000638666196070475
90051,1,"A35",NA,"E",125.1,0,0,125.1,"N",0.000638666196070475
90054,1,"A35",NA,"E",202.65,0,0,202.65,"N",0.000638666196070475
90092,1,"A35",NA,"E",8.5,0,0,8.5,"N",0.000638666196070475
90093,1,"A35",NA,"E",16,0,0,16,"N",0.000638666196070475
90095,1,"A35",NA,"E",35.5,0,0,35.5,"N",0.000638666196070475
90096,1,"A35",NA,"E",57.5,0,0,57.5,"N",0.000638666196070475
90098,1,"A35",NA,"E",88.2,0,0,88.2,"N",0.000638666196070475
90183,1,"A35",NA,"E",16.1,0,0,16.1,"N",0.000638666196070475
90188,1,"A35",NA,"E",35.05,0,0,35.05,"N",0.000638666196070475
90202,1,"A35",NA,"E",67.95,0,0,67.95,"N",0.000638666196070475
90212,1,"A35",NA,"E",100.05,0,0,100.05,"N",0.000638666196070475
90215,1,"A35",NA,"E",162.1,0,0,162.1,"N",0.000638666196070475
90250,1,"A36",NA,"E",83.65,0,0,83.65,"N",0.000638666196070475
90251,1,"A36",NA,"E",123.15,0,0,123.15,"N",0.000638666196070475
90252,1,"A36",NA,"E",106.2,0,0,106.2,"N",0.000638666196070475
90253,1,"A36",NA,"E",156.45,0,0,156.45,"N",0.000638666196070475
90254,1,"A36",NA,"E",66.9,0,0,66.9,"N",0.000638666196070475
90255,1,"A36",NA,"E",98.5,0,0,98.5,"N",0.000638666196070475
90256,1,"A36",NA,"E",84.95,0,0,84.95,"N",0.000638666196070475
90257,1,"A36",NA,"E",125.2,0,0,125.2,"N",0.000638666196070475
90260,1,"A36",NA,"B",535.95,0,455.6,0,"N",0.000638666196070475
90261,1,"A36",NA,"B",312.45,0,265.6,0,"N",0.000638666196070475
90264,1,"A36",NA,"E",83.65,0,0,83.65,"N",0.000638666196070475
90265,1,"A36",NA,"E",66.9,0,0,66.9,"N",0.000638666196070475
90266,1,"A36",NA,"B",335.05,0,284.8,0,"N",0.000638666196070475
90267,1,"A36",NA,"B",156.45,0,133,0,"N",0.000638666196070475
90271,1,"A36",NA,"E",108.2,0,0,108.2,"N",0.000638666196070475
90273,1,"A36",NA,"E",154.85,0,0,154.85,"N",0.000638666196070475
90275,1,"A36",NA,"E",86.6,0,0,86.6,"N",0.000638666196070475
90277,1,"A36",NA,"E",123.9,0,0,123.9,"N",0.000638666196070475
90300,1,"A37",NA,"A",1003.65,752.75,0,0,"N",0.000638666196070475
110,1,"A4",NA,"C",178.7,134.05,151.9,0,"N",0.000638666196070475
116,1,"A4",NA,"C",89.4,67.05,76,0,"N",0.000638666196070475
117,1,"A4",NA,"C",89.4,67.05,76,0,"N",0.000638666196070475
119,1,"A4",NA,"C",50.95,38.25,43.35,0,"N",0.000638666196070475
120,1,"A4",NA,"C",50.95,38.25,43.35,0,"N",0.000638666196070475
122,1,"A4",NA,"C",216.75,162.6,184.25,0,"N",0.000638666196070475
128,1,"A4",NA,"C",131.1,98.35,111.45,0,"N",0.000638666196070475
131,1,"A4",NA,"C",94.45,70.85,80.3,0,"N",0.000638666196070475
132,1,"A4",NA,"C",312.45,234.35,265.6,0,"N",0.000638666196070475
133,1,"A4",NA,"C",156.45,117.35,133,0,"N",0.000638666196070475
91790,1,"A40",NA,"E",20.05,0,0,20.05,"N",0.000638666196070475
91792,1,"A40",NA,"E",11,0,0,11,"N",0.000638666196070475
91794,1,"A40",NA,"E",16.1,0,0,16.1,"N",0.000638666196070475
91800,1,"A40",NA,"E",43.9,0,0,43.9,"N",0.000638666196070475
91801,1,"A40",NA,"E",84.9,0,0,84.9,"N",0.000638666196070475
91802,1,"A40",NA,"E",125.1,0,0,125.1,"N",0.000638666196070475
91803,1,"A40",NA,"E",21,0,0,21,"N",0.000638666196070475
91804,1,"A40",NA,"E",38,0,0,38,"N",0.000638666196070475
91805,1,"A40",NA,"E",61,0,0,61,"N",0.000638666196070475
91806,1,"A40",NA,"E",35.05,0,0,35.05,"N",0.000638666196070475
91807,1,"A40",NA,"E",67.95,0,0,67.95,"N",0.000638666196070475
91808,1,"A40",NA,"E",100.05,0,0,100.05,"N",0.000638666196070475
91818,1,"A40",NA,"E",108.2,0,0,108.2,"N",0.000638666196070475
91819,1,"A40",NA,"E",154.85,0,0,154.85,"N",0.000638666196070475
91820,1,"A40",NA,"E",86.6,0,0,86.6,"N",0.000638666196070475
91821,1,"A40",NA,"E",123.9,0,0,123.9,"N",0.000638666196070475
91822,1,"A40",NA,"B",101.3,0,86.15,0,"N",0.000638666196070475
91823,1,"A40",NA,"B",50.95,0,43.35,0,"N",0.000638666196070475
91824,1,"A40",NA,"B",178.7,0,151.9,0,"N",0.000638666196070475
91825,1,"A40",NA,"B",89.4,0,76,0,"N",0.000638666196070475
91826,1,"A40",NA,"B",50.95,0,43.35,0,"N",0.000638666196070475
91827,1,"A40",NA,"B",51.3,0,43.65,0,"N",0.000638666196070475
91828,1,"A40",NA,"B",102.4,0,87.05,0,"N",0.000638666196070475
91829,1,"A40",NA,"B",157.6,0,134,0,"N",0.000638666196070475
91830,1,"A40",NA,"B",217.5,0,184.9,0,"N",0.000638666196070475
91831,1,"A40",NA,"B",252.4,0,214.55,0,"N",0.000638666196070475
91833,1,"A40",NA,"B",50.95,0,43.35,0,"N",0.000638666196070475
91836,1,"A40",NA,"B",50.95,0,43.35,0,"N",0.000638666196070475
91837,1,"A40",NA,"B",51.3,0,43.65,0,"N",0.000638666196070475
91838,1,"A40",NA,"B",102.4,0,87.05,0,"N",0.000638666196070475
91839,1,"A40",NA,"B",157.6,0,134,0,"N",0.000638666196070475
91842,1,"A40",NA,"E",108.2,0,0,108.2,"N",0.000638666196070475
91843,1,"A40",NA,"E",154.85,0,0,154.85,"N",0.000638666196070475
91844,1,"A40",NA,"E",86.6,0,0,86.6,"N",0.000638666196070475
91845,1,"A40",NA,"E",123.9,0,0,123.9,"N",0.000638666196070475
91859,1,"A40",NA,"E",108.2,0,0,108.2,"N",0.000638666196070475
91861,1,"A40",NA,"E",154.85,0,0,154.85,"N",0.000638666196070475
91862,1,"A40",NA,"E",86.55,0,0,86.55,"N",0.000638666196070475
91863,1,"A40",NA,"E",123.9,0,0,123.9,"N",0.000638666196070475
91864,1,"A40",NA,"E",108.2,0,0,108.2,"N",0.000638666196070475
91865,1,"A40",NA,"E",154.85,0,0,154.85,"N",0.000638666196070475
91866,1,"A40",NA,"E",86.55,0,0,86.55,"N",0.000638666196070475
91867,1,"A40",NA,"E",123.9,0,0,123.9,"N",0.000638666196070475
91868,1,"A40",NA,"B",25.55,0,21.75,0,"N",0.000638666196070475
91869,1,"A40",NA,"B",51.3,0,43.65,0,"N",0.000638666196070475
91870,1,"A40",NA,"B",79,0,67.15,0,"N",0.000638666196070475
91871,1,"A40",NA,"B",108.85,0,92.55,0,"N",0.000638666196070475
91872,1,"A40",NA,"B",126.2,0,107.3,0,"N",0.000638666196070475
91873,1,"A40",NA,"B",217.5,0,184.9,0,"N",0.000638666196070475
91874,1,"A40",NA,"C",51.3,38.5,43.65,0,"N",0.000638666196070475
91875,1,"A40",NA,"C",102.4,76.8,87.05,0,"N",0.000638666196070475
91876,1,"A40",NA,"C",157.6,118.2,134,0,"N",0.000638666196070475
91877,1,"A40",NA,"C",217.5,163.15,184.9,0,"N",0.000638666196070475
91878,1,"A40",NA,"C",252.4,189.3,214.55,0,"N",0.000638666196070475
91879,1,"A40",NA,"B",25.55,0,21.75,0,"N",0.000638666196070475
91880,1,"A40",NA,"B",51.3,0,43.65,0,"N",0.000638666196070475
91881,1,"A40",NA,"B",79,0,67.15,0,"N",0.000638666196070475
91882,1,"A40",NA,"C",51.3,38.5,43.65,0,"N",0.000638666196070475
91883,1,"A40",NA,"C",102.4,76.8,87.05,0,"N",0.000638666196070475
91884,1,"A40",NA,"C",157.6,118.2,134,0,"N",0.000638666196070475
91890,1,"A40",NA,"E",20.05,0,0,20.05,"N",0.000638666196070475
91891,1,"A40",NA,"E",43.9,0,0,43.9,"N",0.000638666196070475
91892,1,"A40",NA,"E",11,0,0,11,"N",0.000638666196070475
91893,1,"A40",NA,"E",21,0,0,21,"N",0.000638666196070475
91900,1,"A40",NA,"E",84.9,0,0,84.9,"N",0.000638666196070475
91903,1,"A40",NA,"E",38,0,0,38,"N",0.000638666196070475
91906,1,"A40",NA,"E",67.95,0,0,67.95,"N",0.000638666196070475
91910,1,"A40",NA,"E",125.1,0,0,125.1,"N",0.000638666196070475
91913,1,"A40",NA,"E",61,0,0,61,"N",0.000638666196070475
91916,1,"A40",NA,"E",100.05,0,0,100.05,"N",0.000638666196070475
91920,1,"A40",NA,"E",202.65,0,0,202.65,"N",0.000638666196070475
91923,1,"A40",NA,"E",98.4,0,0,98.4,"N",0.000638666196070475
91926,1,"A40",NA,"E",162.1,0,0,162.1,"N",0.000638666196070475
92004,1,"A40",NA,"E",247.65,0,0,247.65,"N",0.000638666196070475
92011,1,"A40",NA,"E",198.1,0,0,198.1,"N",0.000638666196070475
92026,1,"A40",NA,"E",82.1,0,0,82.1,"N",0.000638666196070475
92027,1,"A40",NA,"E",82.1,0,0,82.1,"N",0.000638666196070475
92029,1,"A40",NA,"E",156.55,0,0,156.55,"N",0.000638666196070475
92030,1,"A40",NA,"E",156.55,0,0,156.55,"N",0.000638666196070475
92057,1,"A40",NA,"E",65.7,0,0,65.7,"N",0.000638666196070475
92058,1,"A40",NA,"E",65.7,0,0,65.7,"N",0.000638666196070475
92060,1,"A40",NA,"E",125.3,0,0,125.3,"N",0.000638666196070475
92061,1,"A40",NA,"E",125.3,0,0,125.3,"N",0.000638666196070475
92112,1,"A40",NA,"E",83.65,0,0,83.65,"N",0.000638666196070475
92113,1,"A40",NA,"E",123.15,0,0,123.15,"N",0.000638666196070475
92114,1,"A40",NA,"E",83.65,0,0,83.65,"N",0.000638666196070475
92115,1,"A40",NA,"E",83.65,0,0,83.65,"N",0.000638666196070475
92116,1,"A40",NA,"E",106.2,0,0,106.2,"N",0.000638666196070475
92117,1,"A40",NA,"E",156.45,0,0,156.45,"N",0.000638666196070475
92118,1,"A40",NA,"E",66.9,0,0,66.9,"N",0.000638666196070475
92119,1,"A40",NA,"E",98.5,0,0,98.5,"N",0.000638666196070475
92120,1,"A40",NA,"E",66.9,0,0,66.9,"N",0.000638666196070475
92121,1,"A40",NA,"E",66.9,0,0,66.9,"N",0.000638666196070475
92122,1,"A40",NA,"E",84.95,0,0,84.95,"N",0.000638666196070475
92123,1,"A40",NA,"E",125.2,0,0,125.2,"N",0.000638666196070475
92126,1,"A40",NA,"E",83.65,0,0,83.65,"N",0.000638666196070475
92127,1,"A40",NA,"E",83.65,0,0,83.65,"N",0.000638666196070475
92132,1,"A40",NA,"E",66.9,0,0,66.9,"N",0.000638666196070475
92133,1,"A40",NA,"E",66.9,0,0,66.9,"N",0.000638666196070475
92136,1,"A40",NA,"E",89.35,0,0,89.35,"N",0.000638666196070475
92137,1,"A40",NA,"E",71.5,0,0,71.5,"N",0.000638666196070475
92138,1,"A40",NA,"E",89.35,0,0,89.35,"N",0.000638666196070475
92139,1,"A40",NA,"E",71.5,0,0,71.5,"N",0.000638666196070475
92140,1,"A40",NA,"B",312.45,0,265.6,0,"N",0.000638666196070475
92141,1,"A40",NA,"B",312.45,0,265.6,0,"N",0.000638666196070475
92142,1,"A40",NA,"E",156.95,0,0,156.95,"N",0.000638666196070475
92146,1,"A40",NA,"E",83.65,0,0,83.65,"N",0.000638666196070475
92147,1,"A40",NA,"E",123.15,0,0,123.15,"N",0.000638666196070475
92148,1,"A40",NA,"E",106.2,0,0,106.2,"N",0.000638666196070475
92149,1,"A40",NA,"E",156.45,0,0,156.45,"N",0.000638666196070475
92150,1,"A40",NA,"E",66.9,0,0,66.9,"N",0.000638666196070475
92151,1,"A40",NA,"E",98.5,0,0,98.5,"N",0.000638666196070475
92152,1,"A40",NA,"E",84.95,0,0,84.95,"N",0.000638666196070475
92153,1,"A40",NA,"E",125.2,0,0,125.2,"N",0.000638666196070475
92162,1,"A40",NA,"B",535.95,0,455.6,0,"N",0.000638666196070475
92163,1,"A40",NA,"B",312.45,0,265.6,0,"N",0.000638666196070475
92170,1,"A40",NA,"E",83.65,0,0,83.65,"N",0.000638666196070475
92171,1,"A40",NA,"E",66.9,0,0,66.9,"N",0.000638666196070475
92172,1,"A40",NA,"B",335.05,0,284.8,0,"N",0.000638666196070475
92173,1,"A40",NA,"B",156.45,0,133,0,"N",0.000638666196070475
92176,1,"A40",NA,"E",83.65,0,0,83.65,"N",0.000638666196070475
92177,1,"A40",NA,"E",66.9,0,0,66.9,"N",0.000638666196070475
92182,1,"A40",NA,"E",108.2,0,0,108.2,"N",0.000638666196070475
92184,1,"A40",NA,"E",154.85,0,0,154.85,"N",0.000638666196070475
92186,1,"A40",NA,"E",86.6,0,0,86.6,"N",0.000638666196070475
92188,1,"A40",NA,"E",123.9,0,0,123.9,"N",0.000638666196070475
92194,1,"A40",NA,"E",108.2,0,0,108.2,"N",0.000638666196070475
92196,1,"A40",NA,"E",154.85,0,0,154.85,"N",0.000638666196070475
92198,1,"A40",NA,"E",86.6,0,0,86.6,"N",0.000638666196070475
92200,1,"A40",NA,"E",123.9,0,0,123.9,"N",0.000638666196070475
92210,1,"A40",NA,"E",178.5,0,0,178.5,"N",0.000638666196070475
92211,1,"A40",NA,"E",142.65,0,0,142.65,"N",0.000638666196070475
92422,1,"A40",NA,"B",312.45,0,265.6,0,"N",0.000638666196070475
92423,1,"A40",NA,"B",156.45,0,133,0,"N",0.000638666196070475
92434,1,"A40",NA,"B",312.45,0,265.6,0,"N",0.000638666196070475
92435,1,"A40",NA,"B",535.95,0,455.6,0,"N",0.000638666196070475
92436,1,"A40",NA,"B",335.05,0,284.8,0,"N",0.000638666196070475
92437,1,"A40",NA,"B",308.3,0,262.1,0,"N",0.000638666196070475
92455,1,"A40",NA,"B",58.35,0,49.6,0,"N",0.000638666196070475
92456,1,"A40",NA,"B",77.45,0,65.85,0,"N",0.000638666196070475
92457,1,"A40",NA,"B",114.65,0,97.5,0,"N",0.000638666196070475
92478,1,"A40",NA,"A",51.3,38.5,0,0,"N",0.000638666196070475
92479,1,"A40",NA,"A",102.4,76.8,0,0,"N",0.000638666196070475
92480,1,"A40",NA,"A",157.6,118.2,0,0,"N",0.000638666196070475
92481,1,"A40",NA,"A",217.5,163.15,0,0,"N",0.000638666196070475
92482,1,"A40",NA,"A",252.4,189.3,0,0,"N",0.000638666196070475
92483,1,"A40",NA,"A",308.3,231.25,0,0,"N",0.000638666196070475
92513,1,"A40",NA,"B",23.15,0,19.7,0,"N",0.000638666196070475
92514,1,"A40",NA,"B",50.6,0,43.05,0,"N",0.000638666196070475
92515,1,"A40",NA,"B",97.95,0,83.3,0,"N",0.000638666196070475
92516,1,"A40",NA,"B",144.2,0,122.6,0,"N",0.000638666196070475
92521,1,"A40",NA,"B",23.15,0,19.7,0,"N",0.000638666196070475
92522,1,"A40",NA,"B",50.6,0,43.05,0,"N",0.000638666196070475
92610,1,"A40",NA,"B",153.4,0,130.4,0,"N",0.000638666196070475
92611,1,"A40",NA,"B",50.95,0,43.35,0,"N",0.000638666196070475
92612,1,"A40",NA,"B",101.3,0,86.15,0,"N",0.000638666196070475
92613,1,"A40",NA,"B",140.35,0,119.3,0,"N",0.000638666196070475
92614,1,"A40",NA,"B",178.7,0,151.9,0,"N",0.000638666196070475
92618,1,"A40",NA,"B",50.95,0,43.35,0,"N",0.000638666196070475
92623,1,"A40",NA,"B",535.95,0,455.6,0,"N",0.000638666196070475
92624,1,"A40",NA,"B",335.05,0,284.8,0,"N",0.000638666196070475
92701,1,"A40",NA,"B",101.3,0,86.15,0,"N",0.000638666196070475
92715,1,"A40",NA,"E",20.05,0,0,20.05,"N",0.000638666196070475
92716,1,"A40",NA,"E",11,0,0,11,"N",0.000638666196070475
92717,1,"A40",NA,"E",16.1,0,0,16.1,"N",0.000638666196070475
92718,1,"A40",NA,"E",43.9,0,0,43.9,"N",0.000638666196070475
92719,1,"A40",NA,"E",21,0,0,21,"N",0.000638666196070475
92720,1,"A40",NA,"E",35.05,0,0,35.05,"N",0.000638666196070475
92721,1,"A40",NA,"E",84.9,0,0,84.9,"N",0.000638666196070475
92722,1,"A40",NA,"E",38,0,0,38,"N",0.000638666196070475
92723,1,"A40",NA,"E",67.95,0,0,67.95,"N",0.000638666196070475
92724,1,"A40",NA,"E",125.1,0,0,125.1,"N",0.000638666196070475
92725,1,"A40",NA,"E",61,0,0,61,"N",0.000638666196070475
92726,1,"A40",NA,"E",100.05,0,0,100.05,"N",0.000638666196070475
92731,1,"A40",NA,"E",20.05,0,0,20.05,"N",0.000638666196070475
92732,1,"A40",NA,"E",11,0,0,11,"N",0.000638666196070475
92733,1,"A40",NA,"E",16.1,0,0,16.1,"N",0.000638666196070475
92734,1,"A40",NA,"E",43.9,0,0,43.9,"N",0.000638666196070475
92735,1,"A40",NA,"E",21,0,0,21,"N",0.000638666196070475
92736,1,"A40",NA,"E",35.05,0,0,35.05,"N",0.000638666196070475
92737,1,"A40",NA,"E",84.9,0,0,84.9,"N",0.000638666196070475
92738,1,"A40",NA,"E",38,0,0,38,"N",0.000638666196070475
92739,1,"A40",NA,"E",67.95,0,0,67.95,"N",0.000638666196070475
92740,1,"A40",NA,"E",125.1,0,0,125.1,"N",0.000638666196070475
92741,1,"A40",NA,"E",61,0,0,61,"N",0.000638666196070475
92742,1,"A40",NA,"E",100.05,0,0,100.05,"N",0.000638666196070475
92748,1,"A40",NA,"B",101.3,0,86.15,0,"N",0.000638666196070475
92749,1,"A40",NA,"B",50.95,0,43.35,0,"N",0.000638666196070475
92750,1,"A40",NA,"B",50.95,0,43.35,0,"N",0.000638666196070475
92751,1,"A40",NA,"B",178.7,0,151.9,0,"N",0.000638666196070475
92752,1,"A40",NA,"B",89.4,0,76,0,"N",0.000638666196070475
92753,1,"A40",NA,"B",50.95,0,43.35,0,"N",0.000638666196070475
92754,1,"A40",NA,"B",50.95,0,43.35,0,"N",0.000638666196070475
92755,1,"A40",NA,"B",178.7,0,151.9,0,"N",0.000638666196070475
92756,1,"A40",NA,"B",89.4,0,76,0,"N",0.000638666196070475
92757,1,"A40",NA,"B",50.95,0,43.35,0,"N",0.000638666196070475
92758,1,"A40",NA,"B",50.95,0,43.35,0,"N",0.000638666196070475
92759,1,"A40",NA,"B",178.7,0,151.9,0,"N",0.000638666196070475
92760,1,"A40",NA,"B",89.4,0,76,0,"N",0.000638666196070475
92761,1,"A40",NA,"B",50.95,0,43.35,0,"N",0.000638666196070475
92762,1,"A40",NA,"B",312.45,0,265.6,0,"N",0.000638666196070475
92763,1,"A40",NA,"B",156.45,0,133,0,"N",0.000638666196070475
92764,1,"A40",NA,"B",178.7,0,151.9,0,"N",0.000638666196070475
92765,1,"A40",NA,"B",89.4,0,76,0,"N",0.000638666196070475
92766,1,"A40",NA,"B",50.95,0,43.35,0,"N",0.000638666196070475
92767,1,"A40",NA,"B",312.45,0,265.6,0,"N",0.000638666196070475
92768,1,"A40",NA,"B",156.45,0,133,0,"N",0.000638666196070475
160,1,"A5",1,"D",258.45,193.85,0,258.45,"N",0.000638666196070475
161,1,"A5",1,"D",430.65,323,0,430.65,"N",0.000638666196070475
162,1,"A5",1,"D",602.7,452.05,0,602.7,"N",0.000638666196070475
163,1,"A5",1,"D",775.25,581.45,0,775.25,"N",0.000638666196070475
164,1,"A5",1,"D",861.4,646.05,0,861.4,"N",0.000638666196070475
170,1,"A6",NA,"D",137.15,102.9,0,137.15,"N",0.000638666196070475
171,1,"A6",NA,"D",144.5,108.4,0,144.5,"N",0.000638666196070475
172,1,"A6",NA,"D",175.8,131.85,0,175.8,"N",0.000638666196070475
177,1,"A7",NA,"E",67.95,0,0,67.95,"N",0.000638666196070475
179,1,"A7",NA,"E",16.1,0,0,16.1,"N",0.000638666196070475
185,1,"A7",NA,"E",35.05,0,0,35.05,"N",0.000638666196070475
189,1,"A7",NA,"E",67.95,0,0,67.95,"N",0.000638666196070475
193,1,"A7",NA,"E",43.2,0,0,43.2,"N",0.000638666196070475
197,1,"A7",NA,"E",83.65,0,0,83.65,"N",0.000638666196070475
199,1,"A7",NA,"E",123.15,0,0,123.15,"N",0.000638666196070475
203,1,"A7",NA,"E",100.05,0,0,100.05,"N",0.000638666196070475
214,1,"A7",NA,"D",206.8,155.1,0,206.8,"N",0.000638666196070475
215,1,"A7",NA,"D",344.6,258.45,0,344.6,"N",0.000638666196070475
218,1,"A7",NA,"D",482.1,361.6,0,482.1,"N",0.000638666196070475
219,1,"A7",NA,"D",620.25,465.2,0,620.25,"N",0.000638666196070475
220,1,"A7",NA,"D",689.1,516.85,0,689.1,"N",0.000638666196070475
221,1,"A7",NA,"D",109.65,82.25,0,109.65,"N",0.000638666196070475
222,1,"A7",NA,"D",115.6,86.7,0,115.6,"N",0.000638666196070475
223,1,"A7",NA,"D",140.65,105.5,0,140.65,"N",0.000638666196070475
224,1,"A7",NA,"E",55.4,0,0,55.4,"N",0.000638666196070475
225,1,"A7",NA,"E",128.7,0,0,128.7,"N",0.000638666196070475
226,1,"A7",NA,"E",177.55,0,0,177.55,"N",0.000638666196070475
227,1,"A7",NA,"E",250.9,0,0,250.9,"N",0.000638666196070475
228,1,"A7",NA,"E",198.1,0,0,198.1,"N",0.000638666196070475
231,1,"A7",NA,"D",65.7,49.3,0,65.7,"N",0.000638666196070475
232,1,"A7",NA,"D",65.7,49.3,0,65.7,"N",0.000638666196070475
235,1,"A7",NA,"D",66.05,49.55,0,66.05,"N",0.000638666196070475
236,1,"A7",NA,"D",112.9,84.7,0,112.9,"N",0.000638666196070475
237,1,"A7",NA,"D",188.1,141.1,0,188.1,"N",0.000638666196070475
238,1,"A7",NA,"D",48.5,36.4,0,48.5,"N",0.000638666196070475
239,1,"A7",NA,"D",83.1,62.35,0,83.1,"N",0.000638666196070475
240,1,"A7",NA,"D",138.3,103.75,0,138.3,"N",0.000638666196070475
243,1,"A7",NA,"D",64.65,48.5,0,64.65,"N",0.000638666196070475
244,1,"A7",NA,"D",30.15,22.65,0,30.15,"N",0.000638666196070475
245,1,"A7",NA,"E",144.5,0,0,144.5,"N",0.000638666196070475
249,1,"A7",NA,"E",98.9,0,0,98.9,"N",0.000638666196070475
272,1,"A7",NA,"D",66.9,50.2,0,66.9,"N",0.000638666196070475
276,1,"A7",NA,"D",98.5,73.9,0,98.5,"N",0.000638666196070475
277,1,"A7",NA,"D",66.9,50.2,0,66.9,"N",0.000638666196070475
279,1,"A7",NA,"D",66.9,50.2,0,66.9,"N",0.000638666196070475
281,1,"A7",NA,"D",84.95,63.75,0,84.95,"N",0.000638666196070475
282,1,"A7",NA,"D",125.2,93.9,0,125.2,"N",0.000638666196070475
283,1,"A7",NA,"E",86.6,0,0,86.6,"N",0.000638666196070475
286,1,"A7",NA,"E",123.9,0,0,123.9,"N",0.000638666196070475
301,1,"A7",NA,"E",162.1,0,0,162.1,"N",0.000638666196070475
309,1,"A7",NA,"E",86.6,0,0,86.6,"N",0.000638666196070475
313,1,"A7",NA,"E",123.9,0,0,123.9,"N",0.000638666196070475
392,1,"A7",NA,"D",125.3,94,0,125.3,"N",0.000638666196070475
393,1,"A7",NA,"D",125.3,94,0,125.3,"N",0.000638666196070475
733,1,"A7",NA,"E",27.05,0,0,27.05,"N",0.000638666196070475
737,1,"A7",NA,"E",45.65,0,0,45.65,"N",0.000638666196070475
741,1,"A7",NA,"E",78.4,0,0,78.4,"N",0.000638666196070475
745,1,"A7",NA,"E",109.95,0,0,109.95,"N",0.000638666196070475
792,1,"A7",NA,"E",71.5,0,0,71.5,"N",0.000638666196070475
969,1,"A7",NA,"D",66.05,49.55,0,66.05,"N",0.000638666196070475
971,1,"A7",NA,"D",112.9,84.7,0,112.9,"N",0.000638666196070475
972,1,"A7",NA,"D",188.15,141.15,0,188.15,"N",0.000638666196070475
973,1,"A7",NA,"D",48.5,36.4,0,48.5,"N",0.000638666196070475
975,1,"A7",NA,"D",83.1,62.35,0,83.1,"N",0.000638666196070475
986,1,"A7",NA,"D",138.3,103.75,0,138.3,"N",0.000638666196070475
2197,1,"A7",NA,"E",186.75,0,0,186.75,"N",0.000638666196070475
19000,1,"A7",NA,"E",81.5,0,0,81.5,"N",0.000638666196070475
289,1,"A8",NA,"C",312.45,234.35,265.6,0,"N",0.000638666196070475
291,1,"A8",NA,"B",535.95,0,455.6,0,"N",0.000638666196070475
293,1,"A8",NA,"B",335.05,0,284.8,0,"N",0.000638666196070475
296,1,"A8",NA,"C",308.3,231.25,262.1,0,"N",0.000638666196070475
297,1,"A8",NA,"A",308.3,231.25,0,0,"N",0.000638666196070475
299,1,"A8",NA,"B",368.55,0,313.3,0,"N",0.000638666196070475
300,1,"A8",NA,"C",51.3,38.5,43.65,0,"N",0.000638666196070475
302,1,"A8",NA,"C",102.4,76.8,87.05,0,"N",0.000638666196070475
304,1,"A8",NA,"C",157.6,118.2,134,0,"N",0.000638666196070475
306,1,"A8",NA,"C",217.5,163.15,184.9,0,"N",0.000638666196070475
308,1,"A8",NA,"C",252.4,189.3,214.55,0,"N",0.000638666196070475
310,1,"A8",NA,"C",25.55,19.2,21.75,0,"N",0.000638666196070475
312,1,"A8",NA,"C",51.3,38.5,43.65,0,"N",0.000638666196070475
314,1,"A8",NA,"C",79,59.25,67.15,0,"N",0.000638666196070475
316,1,"A8",NA,"C",108.85,81.65,92.55,0,"N",0.000638666196070475
318,1,"A8",NA,"C",126.2,94.65,107.3,0,"N",0.000638666196070475
319,1,"A8",NA,"C",217.5,163.15,184.9,0,"N",0.000638666196070475
320,1,"A8",NA,"C",51.3,38.5,43.65,0,"N",0.000638666196070475
322,1,"A8",NA,"C",102.4,76.8,87.05,0,"N",0.000638666196070475
324,1,"A8",NA,"C",157.6,118.2,134,0,"N",0.000638666196070475
326,1,"A8",NA,"C",217.5,163.15,184.9,0,"N",0.000638666196070475
328,1,"A8",NA,"C",252.4,189.3,214.55,0,"N",0.000638666196070475
330,1,"A8",NA,"C",94.2,70.65,80.1,0,"N",0.000638666196070475
332,1,"A8",NA,"C",147.5,110.65,125.4,0,"N",0.000638666196070475
334,1,"A8",NA,"C",215,161.25,182.75,0,"N",0.000638666196070475
336,1,"A8",NA,"C",260.15,195.15,221.15,0,"N",0.000638666196070475
338,1,"A8",NA,"C",295.5,221.65,251.2,0,"N",0.000638666196070475
341,1,"A8",NA,"C",51.3,38.5,43.65,0,"N",0.000638666196070475
342,1,"A8",NA,"C",58.35,43.8,49.6,0,"N",0.000638666196070475
343,1,"A8",NA,"C",102.4,76.8,87.05,0,"N",0.000638666196070475
344,1,"A8",NA,"C",77.45,58.1,65.85,0,"N",0.000638666196070475
345,1,"A8",NA,"C",157.6,118.2,134,0,"N",0.000638666196070475
346,1,"A8",NA,"C",114.65,86,97.5,0,"N",0.000638666196070475
347,1,"A8",NA,"C",217.5,163.15,184.9,0,"N",0.000638666196070475
349,1,"A8",NA,"C",252.4,189.3,214.55,0,"N",0.000638666196070475
10801,1,"A9",NA,"C",144.1,108.1,122.5,0,"N",0.000638666196070475
10802,1,"A9",NA,"C",144.1,108.1,122.5,0,"N",0.000638666196070475
10803,1,"A9",NA,"C",144.1,108.1,122.5,0,"N",0.000638666196070475
10804,1,"A9",NA,"C",144.1,108.1,122.5,0,"N",0.000638666196070475
10805,1,"A9",NA,"C",144.1,108.1,122.5,0,"N",0.000638666196070475
10806,1,"A9",NA,"C",144.1,108.1,122.5,0,"N",0.000638666196070475
10807,1,"A9",NA,"C",144.1,108.1,122.5,0,"N",0.000638666196070475
10808,1,"A9",NA,"C",144.1,108.1,122.5,0,"N",0.000638666196070475
10809,1,"A9",NA,"C",144.1,108.1,122.5,0,"N",0.000638666196070475
10816,1,"A9",NA,"C",144.1,108.1,122.5,0,"N",0.000638666196070475
11000,2,"D1",NA,"C",143.6,107.7,122.1,0,"N",0.000221190002211884
11003,2,"D1",NA,"C",379.9,284.95,322.95,0,"N",0.000221190002211884
11004,2,"D1",NA,"C",379.9,284.95,322.95,0,"N",0.000221190002211884
11005,2,"D1",NA,"C",379.9,284.95,322.95,0,"N",0.000221190002211884
11009,2,"D1",NA,"C",379.9,284.95,322.95,0,"N",0.000221190002211884
11012,2,"D1",NA,"C",130.6,97.95,111.05,0,"N",0.000221190002211884
11015,2,"D1",NA,"C",174.85,131.15,148.65,0,"N",0.000221190002211884
11018,2,"D1",NA,"C",261.3,196,222.15,0,"N",0.000221190002211884
11021,2,"D1",NA,"C",174.85,131.15,148.65,0,"N",0.000221190002211884
11024,2,"D1",NA,"C",132.8,99.6,112.9,0,"N",0.000221190002211884
11027,2,"D1",NA,"C",196.95,147.75,167.45,0,"N",0.000221190002211884
11200,2,"D1",NA,"C",47.55,35.7,40.45,0,"N",0.000221190002211884
11204,2,"D1",NA,"C",126.25,94.7,107.35,0,"N",0.000221190002211884
11205,2,"D1",NA,"C",126.25,94.7,107.35,0,"N",0.000221190002211884
11210,2,"D1",NA,"C",126.25,94.7,107.35,0,"N",0.000221190002211884
11211,2,"D1",NA,"C",126.25,94.7,107.35,0,"N",0.000221190002211884
11215,2,"D1",NA,"C",143.45,107.6,121.95,0,"N",0.000221190002211884
11218,2,"D1",NA,"C",177.3,133,150.75,0,"N",0.000221190002211884
11219,2,"D1",NA,"C",46.6,34.95,39.65,0,"N",0.000221190002211884
11220,2,"D1",NA,"C",46.6,34.95,39.65,0,"N",0.000221190002211884
11221,2,"D1",NA,"C",79.1,59.35,67.25,0,"N",0.000221190002211884
11224,2,"D1",NA,"C",47.6,35.7,40.5,0,"N",0.000221190002211884
11235,2,"D1",NA,"C",143.15,107.4,121.7,0,"N",0.000221190002211884
11237,2,"D1",NA,"C",95.05,71.3,80.8,0,"N",0.000221190002211884
11240,2,"D1",NA,"C",95.05,71.3,80.8,0,"N",0.000221190002211884
11241,2,"D1",NA,"C",120.95,90.75,102.85,0,"N",0.000221190002211884
11242,2,"D1",NA,"C",93.5,70.15,79.5,0,"N",0.000221190002211884
11243,2,"D1",NA,"C",93.5,70.15,79.5,0,"N",0.000221190002211884
11244,2,"D1",NA,"C",89.8,67.35,76.35,0,"N",0.000221190002211884
11300,2,"D1",NA,"C",224.55,168.45,190.9,0,"N",0.000221190002211884
11302,2,"D1",NA,"C",224.55,168.45,190.9,0,"N",0.000221190002211884
11303,2,"D1",NA,"C",224.55,168.45,190.9,0,"N",0.000221190002211884
11304,2,"D1",NA,"C",369.75,277.35,314.3,0,"N",0.000221190002211884
11306,2,"D1",NA,"C",25.55,19.2,21.75,0,"N",0.000221190002211884
11309,2,"D1",NA,"C",30.65,23,26.1,0,"N",0.000221190002211884
11312,2,"D1",NA,"C",43.3,32.5,36.85,0,"N",0.000221190002211884
11315,2,"D1",NA,"C",57.35,43.05,48.75,0,"N",0.000221190002211884
11318,2,"D1",NA,"C",70.85,53.15,60.25,0,"N",0.000221190002211884
11324,2,"D1",NA,"C",23.15,17.4,19.7,0,"N",0.000221190002211884
11332,2,"D1",NA,"C",68.35,51.3,58.1,0,"N",0.000221190002211884
11340,2,"D1",NA,"C",217.15,162.9,184.6,0,"N",0.000221190002211884
11341,2,"D1",NA,"C",435.35,326.55,370.05,0,"N",0.000221190002211884
11342,2,"D1",NA,"B",179.6,0,152.7,0,"N",0.000221190002211884
11343,2,"D1",NA,"C",651.3,488.5,553.65,0,"N",0.000221190002211884
11345,2,"D1",NA,"B",179.6,0,152.7,0,"N",0.000221190002211884
11503,2,"D1",NA,"C",161.75,121.35,137.5,0,"N",0.000221190002211884
11505,2,"D1",NA,"C",48.05,36.05,40.85,0,"N",0.000221190002211884
11506,2,"D1",NA,"C",24,18,20.4,0,"N",0.000221190002211884
11507,2,"D1",NA,"C",116.9,87.7,99.4,0,"N",0.000221190002211884
11508,2,"D1",NA,"C",339.25,254.45,288.4,0,"N",0.000221190002211884
11512,2,"D1",NA,"C",72.1,54.1,61.3,0,"N",0.000221190002211884
11600,2,"D1",NA,"C",80.85,60.65,68.75,0,"N",0.000221190002211884
11602,2,"D1",NA,"C",67.35,50.55,57.25,0,"N",0.000221190002211884
11604,2,"D1",NA,"C",88.25,66.2,75.05,0,"N",0.000221190002211884
11605,2,"D1",NA,"C",88.25,66.2,75.05,0,"N",0.000221190002211884
11607,2,"D1",NA,"C",120.1,90.1,102.1,0,"N",0.000221190002211884
11610,2,"D1",NA,"C",74.3,55.75,63.2,0,"N",0.000221190002211884
11611,2,"D1",NA,"C",74.3,55.75,63.2,0,"N",0.000221190002211884
11612,2,"D1",NA,"C",131.1,98.35,111.45,0,"N",0.000221190002211884
11614,2,"D1",NA,"C",88.25,66.2,75.05,0,"N",0.000221190002211884
11615,2,"D1",NA,"C",88.45,66.35,75.2,0,"N",0.000221190002211884
11627,2,"D1",NA,"A",266.7,200.05,0,0,"N",0.000221190002211884
11704,2,"D1",NA,"B",36.45,0,31,0,"N",0.000221190002211884
11705,2,"D1",NA,"C",21.45,16.1,18.25,0,"N",0.000221190002211884
11707,2,"D1",NA,"B",21.45,0,18.25,0,"N",0.000221190002211884
11713,2,"D1",NA,"C",81.35,61.05,69.15,0,"N",0.000221190002211884
11714,2,"D1",NA,"B",28.25,0,24.05,0,"N",0.000221190002211884
11716,2,"D1",NA,"B",195.45,0,166.15,0,"N",0.000221190002211884
11717,2,"D1",NA,"B",114.85,0,97.65,0,"N",0.000221190002211884
11719,2,"D1",NA,"C",77.9,58.45,66.25,0,"N",0.000221190002211884
11720,2,"D1",NA,"C",77.9,58.45,66.25,0,"N",0.000221190002211884
11721,2,"D1",NA,"C",81.35,61.05,69.15,0,"N",0.000221190002211884
11723,2,"D1",NA,"B",60.6,0,51.55,0,"N",0.000221190002211884
11724,2,"D1",NA,"C",196.95,147.75,167.45,0,"N",0.000221190002211884
11725,2,"D1",NA,"C",221.1,165.85,187.95,0,"N",0.000221190002211884
11726,2,"D1",NA,"C",110.55,82.95,94,0,"N",0.000221190002211884
11727,2,"D1",NA,"C",110.55,82.95,94,0,"N",0.000221190002211884
11728,2,"D1",NA,"C",40.55,30.45,34.5,0,"N",0.000221190002211884
11729,2,"D1",NA,"C",177.55,133.2,150.95,0,"N",0.000221190002211884
11730,2,"D1",NA,"C",177.55,133.2,150.95,0,"N",0.000221190002211884
11731,2,"D1",NA,"C",40.55,30.45,34.5,0,"N",0.000221190002211884
11732,2,"D1",NA,"C",177.55,133.2,150.95,0,"N",0.000221190002211884
11735,2,"D1",NA,"B",149.25,0,126.9,0,"N",0.000221190002211884
11736,2,"D1",NA,"C",40.55,30.45,34.5,0,"N",0.000221190002211884
11737,2,"D1",NA,"C",40.55,30.45,34.5,0,"N",0.000221190002211884
11800,2,"D1",NA,"C",203.45,152.6,172.95,0,"N",0.000221190002211884
11801,2,"D1",NA,"A",306.85,230.15,0,0,"N",0.000221190002211884
11810,2,"D1",NA,"C",203.45,152.6,172.95,0,"N",0.000221190002211884
11820,2,"D1",NA,"C",1434.1,1075.6,1331.7,0,"N",0.000221190002211884
11823,2,"D1",NA,"C",1434.1,1075.6,1331.7,0,"N",0.000221190002211884
11830,2,"D1",NA,"C",217.9,163.45,185.25,0,"N",0.000221190002211884
11833,2,"D1",NA,"C",291.3,218.5,247.65,0,"N",0.000221190002211884
11900,2,"D1",NA,"C",32.1,24.1,27.3,0,"N",0.000221190002211884
11912,2,"D1",NA,"C",230.4,172.8,195.85,0,"N",0.000221190002211884
11917,2,"D1",NA,"C",499.75,374.85,424.8,0,"N",0.000221190002211884
11919,2,"D1",NA,"C",499.75,374.85,424.8,0,"N",0.000221190002211884
12000,2,"D1",NA,"C",45.4,34.05,38.6,0,"N",0.000221190002211884
12001,2,"D1",NA,"C",45.4,34.05,38.6,0,"N",0.000221190002211884
12002,2,"D1",NA,"C",45.4,34.05,38.6,0,"N",0.000221190002211884
12003,2,"D1",NA,"C",45.4,34.05,38.6,0,"N",0.000221190002211884
12004,2,"D1",NA,"C",68.65,51.5,58.4,0,"N",0.000221190002211884
12005,2,"D1",NA,"C",92.35,69.3,78.5,0,"N",0.000221190002211884
12012,2,"D1",NA,"C",24.25,18.2,20.65,0,"N",0.000221190002211884
12017,2,"D1",NA,"C",81.9,61.45,69.65,0,"N",0.000221190002211884
12021,2,"D1",NA,"C",134.7,101.05,114.5,0,"N",0.000221190002211884
12022,2,"D1",NA,"C",158.15,118.65,134.45,0,"N",0.000221190002211884
12024,2,"D1",NA,"C",180.2,135.15,153.2,0,"N",0.000221190002211884
12200,2,"D1",NA,"C",43.35,32.55,36.85,0,"N",0.000221190002211884
12201,2,"D1",NA,"C",2791.5,2093.65,2689.1,0,"N",0.000221190002211884
12203,2,"D1",NA,"C",685.95,514.5,583.55,0,"N",0.000221190002211884
12204,2,"D1",NA,"C",685.95,514.5,583.55,0,"N",0.000221190002211884
12205,2,"D1",NA,"C",685.95,514.5,583.55,0,"N",0.000221190002211884
12207,2,"D1",NA,"C",685.95,514.5,583.55,0,"N",0.000221190002211884
12208,2,"D1",NA,"C",685.95,514.5,583.55,0,"N",0.000221190002211884
12210,2,"D1",NA,"C",818.8,614.1,716.4,0,"N",0.000221190002211884
12213,2,"D1",NA,"C",737.6,553.2,635.2,0,"N",0.000221190002211884
12215,2,"D1",NA,"C",818.8,614.1,716.4,0,"N",0.000221190002211884
12217,2,"D1",NA,"C",737.6,553.2,635.2,0,"N",0.000221190002211884
12250,2,"D1",NA,"C",391.1,293.35,332.45,0,"N",0.000221190002211884
12254,2,"D1",NA,"C",1065.85,799.4,963.45,0,"N",0.000221190002211884
12258,2,"D1",NA,"C",1065.85,799.4,963.45,0,"N",0.000221190002211884
12261,2,"D1",NA,"C",1117.6,838.2,1015.2,0,"N",0.000221190002211884
12265,2,"D1",NA,"C",1117.6,838.2,1015.2,0,"N",0.000221190002211884
12268,2,"D1",NA,"C",1198.75,899.1,1096.35,0,"N",0.000221190002211884
12272,2,"D1",NA,"C",1198.75,899.1,1096.35,0,"N",0.000221190002211884
12306,2,"D1",NA,"C",119.45,89.6,101.55,0,"N",0.000221190002211884
12312,2,"D1",NA,"C",119.45,89.6,101.55,0,"N",0.000221190002211884
12315,2,"D1",NA,"C",119.45,89.6,101.55,0,"N",0.000221190002211884
12320,2,"D1",NA,"C",119.45,89.6,101.55,0,"N",0.000221190002211884
12321,2,"D1",NA,"C",119.45,89.6,101.55,0,"N",0.000221190002211884
12322,2,"D1",NA,"C",119.45,89.6,101.55,0,"N",0.000221190002211884
12325,2,"D1",NA,"C",58.25,43.7,49.55,0,"N",0.000221190002211884
12326,2,"D1",NA,"C",58.25,43.7,49.55,0,"N",0.000221190002211884
12500,2,"D2",NA,"C",252.7,189.55,214.8,0,"N",0.000221190002211884
12524,2,"D2",NA,"C",184.75,138.6,157.05,0,"N",0.000221190002211884
12527,2,"D2",NA,"C",99.05,74.3,84.2,0,"N",0.000221190002211884
12533,2,"D2",NA,"C",98.7,74.05,83.9,0,"N",0.000221190002211884
13015,3,"T1",NA,"C",297.2,222.9,252.65,0,"N",2.38583055234942e-05
13020,3,"T1",NA,"C",301.95,226.5,256.7,0,"N",2.38583055234942e-05
13025,3,"T1",NA,"C",134.95,101.25,114.75,0,"N",2.38583055234942e-05
13030,3,"T1",NA,"A",190.6,142.95,0,0,"N",2.38583055234942e-05
13100,3,"T1",NA,"A",159.45,119.6,0,0,"N",2.38583055234942e-05
13103,3,"T1",NA,"A",83.1,62.35,0,0,"N",2.38583055234942e-05
13104,3,"T1",NA,"B",172.55,0,146.7,0,"N",2.38583055234942e-05
13105,3,"T1",NA,"E",690.6,0,0,690.6,"N",2.38583055234942e-05
13106,3,"T1",NA,"C",141.5,106.15,120.3,0,"N",2.38583055234942e-05
13109,3,"T1",NA,"C",265.65,199.25,225.85,0,"N",2.38583055234942e-05
13110,3,"T1",NA,"C",266.55,199.95,226.6,0,"N",2.38583055234942e-05
13200,3,"T1",NA,"C",3628.9,2721.7,3526.5,0,"N",2.38583055234942e-05
13201,3,"T1",NA,"C",3394.45,2545.85,3292.05,0,"N",2.38583055234942e-05
13202,3,"T1",NA,"C",543.1,407.35,461.65,0,"N",2.38583055234942e-05
13203,3,"T1",NA,"C",567.75,425.85,482.6,0,"N",2.38583055234942e-05
13207,3,"T1",NA,"C",128.9,96.7,109.6,0,"N",2.38583055234942e-05
13209,3,"T1",NA,"C",98.75,74.1,83.95,0,"N",2.38583055234942e-05
13212,3,"T1",NA,"A",413.5,310.15,0,0,"N",2.38583055234942e-05
13215,3,"T1",NA,"C",129.7,97.3,110.25,0,"N",2.38583055234942e-05
13218,3,"T1",NA,"C",925.7,694.3,823.3,0,"N",2.38583055234942e-05
13221,3,"T1",NA,"C",59.25,44.45,50.4,0,"N",2.38583055234942e-05
13241,3,"T1",NA,"A",991.6,743.7,0,0,"N",2.38583055234942e-05
13251,3,"T1",NA,"C",487.6,365.7,414.5,0,"N",2.38583055234942e-05
13260,3,"T1",NA,"C",484.1,363.1,411.5,0,"N",2.38583055234942e-05
13290,3,"T1",NA,"C",238.2,178.65,202.5,0,"N",2.38583055234942e-05
13300,3,"T1",NA,"A",66.4,49.8,0,0,"N",2.38583055234942e-05
13303,3,"T1",NA,"A",98.45,73.85,0,0,"N",2.38583055234942e-05
13306,3,"T1",NA,"A",389.75,292.35,0,0,"N",2.38583055234942e-05
13309,3,"T1",NA,"A",332.3,249.25,0,0,"N",2.38583055234942e-05
13312,3,"T1",NA,"C",33.2,24.9,28.25,0,"N",2.38583055234942e-05
13318,3,"T1",NA,"A",265.3,199,0,0,"N",2.38583055234942e-05
13319,3,"T1",NA,"A",265.3,199,0,0,"N",2.38583055234942e-05
13400,3,"T1",NA,"A",113,84.75,0,0,"N",2.38583055234942e-05
13506,3,"T1",NA,"A",215.15,161.4,0,0,"N",2.38583055234942e-05
13700,3,"T1",NA,"A",388.85,291.65,0,0,"N",2.38583055234942e-05
13703,3,"T1",NA,"A",139.35,104.55,0,0,"N",2.38583055234942e-05
13706,3,"T1",NA,"A",97.2,72.9,0,0,"N",2.38583055234942e-05
13750,3,"T1",NA,"A",159.45,119.6,0,0,"N",2.38583055234942e-05
13755,3,"T1",NA,"A",159.45,119.6,0,0,"N",2.38583055234942e-05
13757,3,"T1",NA,"C",85.1,63.85,72.35,0,"N",2.38583055234942e-05
13760,3,"T1",NA,"C",889.65,667.25,787.25,0,"N",2.38583055234942e-05
13761,3,"T1",NA,"A",2139.55,1604.7,0,0,"N",2.38583055234942e-05
13762,3,"T1",NA,"A",2139.55,1604.7,0,0,"N",2.38583055234942e-05
13815,3,"T1",NA,"A",132.6,99.45,0,0,"N",2.38583055234942e-05
13818,3,"T1",NA,"A",132.65,99.5,0,0,"N",2.38583055234942e-05
13830,3,"T1",NA,"A",87.85,65.9,0,0,"N",2.38583055234942e-05
13832,3,"T1",NA,"A",1028.65,771.5,0,0,"N",2.38583055234942e-05
13834,3,"T1",NA,"A",575.85,431.9,0,0,"N",2.38583055234942e-05
13835,3,"T1",NA,"A",133.95,100.5,0,0,"N",2.38583055234942e-05
13837,3,"T1",NA,"A",575.85,431.9,0,0,"N",2.38583055234942e-05
13838,3,"T1",NA,"A",133.95,100.5,0,0,"N",2.38583055234942e-05
13839,3,"T1",NA,"C",26.95,20.25,22.95,0,"N",2.38583055234942e-05
13840,3,"T1",NA,"A",689.2,516.9,0,0,"N",2.38583055234942e-05
13842,3,"T1",NA,"C",109.1,81.85,92.75,0,"N",2.38583055234942e-05
13848,3,"T1",NA,"A",182.1,136.6,0,0,"N",2.38583055234942e-05
13851,3,"T1",NA,"A",575.85,431.9,0,0,"N",2.38583055234942e-05
13854,3,"T1",NA,"A",133.95,100.5,0,0,"N",2.38583055234942e-05
13857,3,"T1",NA,"C",170.8,128.1,145.2,0,"N",2.38583055234942e-05
13870,3,"T1",NA,"A",422.45,316.85,0,0,"N",2.38583055234942e-05
13873,3,"T1",NA,"A",313.3,235,0,0,"N",2.38583055234942e-05
13876,3,"T1",NA,"A",89.7,67.3,0,0,"N",2.38583055234942e-05
13881,3,"T1",NA,"A",170.8,128.1,0,0,"N",2.38583055234942e-05
13882,3,"T1",NA,"A",134.45,100.85,0,0,"N",2.38583055234942e-05
13885,3,"T1",NA,"A",179.25,134.45,0,0,"N",2.38583055234942e-05
13888,3,"T1",NA,"A",89.7,67.3,0,0,"N",2.38583055234942e-05
13899,3,"T1",NA,"C",312.45,234.35,265.6,0,"N",2.38583055234942e-05
13950,3,"T1",NA,"C",126,94.5,107.1,0,"N",2.38583055234942e-05
14050,3,"T1",NA,"C",61.6,46.2,52.4,0,"N",2.38583055234942e-05
14100,3,"T1",NA,"C",177.85,133.4,151.2,0,"N",2.38583055234942e-05
14106,3,"T1",NA,"C",186.85,140.15,158.85,0,"N",2.38583055234942e-05
14115,3,"T1",NA,"C",299.2,224.4,254.35,0,"N",2.38583055234942e-05
14118,3,"T1",NA,"C",379.95,285,323,0,"N",2.38583055234942e-05
14124,3,"T1",NA,"C",177.85,133.4,151.2,0,"N",2.38583055234942e-05
14201,3,"T1",NA,"C",276.3,207.25,234.9,0,"N",2.38583055234942e-05
14202,3,"T1",NA,"C",139.85,104.9,118.9,0,"N",2.38583055234942e-05
14203,3,"T1",NA,"C",59.65,44.75,50.75,0,"N",2.38583055234942e-05
14206,3,"T1",NA,"C",41.5,31.15,35.3,0,"N",2.38583055234942e-05
14212,3,"T1",NA,"A",216.1,162.1,0,0,"N",2.38583055234942e-05
14216,3,"T1",NA,"C",209,156.75,177.65,0,"N",2.38583055234942e-05
14217,3,"T1",NA,"C",179.35,134.55,152.45,0,"N",2.38583055234942e-05
14218,3,"T1",NA,"C",114.3,85.75,97.2,0,"N",2.38583055234942e-05
14219,3,"T1",NA,"C",209,156.75,177.65,0,"N",2.38583055234942e-05
14220,3,"T1",NA,"C",179.35,134.55,152.45,0,"N",2.38583055234942e-05
14221,3,"T1",NA,"C",61.25,45.95,52.1,0,"N",2.38583055234942e-05
14224,3,"T1",NA,"A",179.35,134.55,0,0,"N",2.38583055234942e-05
14227,3,"T1",NA,"C",114.3,85.75,97.2,0,"N",2.38583055234942e-05
14234,3,"T1",NA,"A",422.15,316.65,0,0,"N",2.38583055234942e-05
14237,3,"T1",NA,"A",769.8,577.35,0,0,"N",2.38583055234942e-05
14245,3,"T1",NA,"C",114.3,85.75,97.2,0,"N",2.38583055234942e-05
14247,3,"T1",NA,"A",2158.85,1619.15,0,0,"N",2.38583055234942e-05
14249,3,"T1",NA,"A",2158.85,1619.15,0,0,"N",2.38583055234942e-05
14255,3,"T1",NA,"C",173.05,129.8,147.1,0,"N",2.38583055234942e-05
14256,3,"T1",NA,"C",332.85,249.65,282.95,0,"N",2.38583055234942e-05
14257,3,"T1",NA,"C",662.9,497.2,563.5,0,"N",2.38583055234942e-05
14258,3,"T1",NA,"C",129.9,97.45,110.45,0,"N",2.38583055234942e-05
14259,3,"T1",NA,"C",249.65,187.25,212.25,0,"N",2.38583055234942e-05
14260,3,"T1",NA,"C",497.15,372.9,422.6,0,"N",2.38583055234942e-05
14263,3,"T1",NA,"C",60.95,45.75,51.85,0,"N",2.38583055234942e-05
14264,3,"T1",NA,"C",137.15,102.9,116.6,0,"N",2.38583055234942e-05
14265,3,"T1",NA,"C",45.65,34.25,38.85,0,"N",2.38583055234942e-05
14266,3,"T1",NA,"C",102.85,77.15,87.45,0,"N",2.38583055234942e-05
14270,3,"T1",NA,"C",153.75,115.35,130.7,0,"N",2.38583055234942e-05
14272,3,"T1",NA,"C",115.35,86.55,98.05,0,"N",2.38583055234942e-05
14277,3,"T1",NA,"C",173.05,129.8,147.1,0,"N",2.38583055234942e-05
14278,3,"T1",NA,"C",129.9,97.45,110.45,0,"N",2.38583055234942e-05
14280,3,"T1",NA,"C",173.05,129.8,147.1,0,"N",2.38583055234942e-05
14283,3,"T1",NA,"C",129.9,97.45,110.45,0,"N",2.38583055234942e-05
14285,3,"T1",NA,"C",173.05,129.8,147.1,0,"N",2.38583055234942e-05
14288,3,"T1",NA,"C",129.9,97.45,110.45,0,"N",2.38583055234942e-05
20100,3,"T10",NA,"C",115.5,86.65,98.2,0,"N",2.38583055234942e-05
20102,3,"T10",NA,"A",138.6,103.95,0,0,"N",2.38583055234942e-05
20104,3,"T10",NA,"A",92.4,69.3,0,0,"N",2.38583055234942e-05
20120,3,"T10",NA,"C",115.5,86.65,98.2,0,"N",2.38583055234942e-05
20124,3,"T10",NA,"C",92.4,69.3,78.55,0,"N",2.38583055234942e-05
20140,3,"T10",NA,"C",115.5,86.65,98.2,0,"N",2.38583055234942e-05
20142,3,"T10",NA,"A",115.5,86.65,0,0,"N",2.38583055234942e-05
20143,3,"T10",NA,"A",138.6,103.95,0,0,"N",2.38583055234942e-05
20144,3,"T10",NA,"A",161.7,121.3,0,0,"N",2.38583055234942e-05
20145,3,"T10",NA,"A",161.7,121.3,0,0,"N",2.38583055234942e-05
20146,3,"T10",NA,"C",115.5,86.65,98.2,0,"N",2.38583055234942e-05
20147,3,"T10",NA,"A",138.6,103.95,0,0,"N",2.38583055234942e-05
20148,3,"T10",NA,"C",92.4,69.3,78.55,0,"N",2.38583055234942e-05
20160,3,"T10",NA,"C",138.6,103.95,117.85,0,"N",2.38583055234942e-05
20162,3,"T10",NA,"A",161.7,121.3,0,0,"N",2.38583055234942e-05
20164,3,"T10",NA,"C",92.4,69.3,78.55,0,"N",2.38583055234942e-05
20170,3,"T10",NA,"C",138.6,103.95,117.85,0,"N",2.38583055234942e-05
20172,3,"T10",NA,"A",161.7,121.3,0,0,"N",2.38583055234942e-05
20174,3,"T10",NA,"A",207.9,155.95,0,0,"N",2.38583055234942e-05
20176,3,"T10",NA,"A",231,173.25,0,0,"N",2.38583055234942e-05
20190,3,"T10",NA,"A",115.5,86.65,0,0,"N",2.38583055234942e-05
20192,3,"T10",NA,"A",231,173.25,0,0,"N",2.38583055234942e-05
20210,3,"T10",NA,"A",346.5,259.9,0,0,"N",2.38583055234942e-05
20212,3,"T10",NA,"A",115.5,86.65,0,0,"N",2.38583055234942e-05
20214,3,"T10",NA,"A",207.9,155.95,0,0,"N",2.38583055234942e-05
20216,3,"T10",NA,"A",462,346.5,0,0,"N",2.38583055234942e-05
20220,3,"T10",NA,"A",231,173.25,0,0,"N",2.38583055234942e-05
20222,3,"T10",NA,"A",138.6,103.95,0,0,"N",2.38583055234942e-05
20225,3,"T10",NA,"A",277.2,207.9,0,0,"N",2.38583055234942e-05
20230,3,"T10",NA,"A",277.2,207.9,0,0,"N",2.38583055234942e-05
20300,3,"T10",NA,"C",115.5,86.65,98.2,0,"N",2.38583055234942e-05
20305,3,"T10",NA,"C",346.5,259.9,294.55,0,"N",2.38583055234942e-05
20320,3,"T10",NA,"A",138.6,103.95,0,0,"N",2.38583055234942e-05
20321,3,"T10",NA,"A",231,173.25,0,0,"N",2.38583055234942e-05
20330,3,"T10",NA,"A",184.8,138.6,0,0,"N",2.38583055234942e-05
20350,3,"T10",NA,"A",231,173.25,0,0,"N",2.38583055234942e-05
20352,3,"T10",NA,"A",115.5,86.65,0,0,"N",2.38583055234942e-05
20355,3,"T10",NA,"A",277.2,207.9,0,0,"N",2.38583055234942e-05
20400,3,"T10",NA,"C",69.3,52,58.95,0,"N",2.38583055234942e-05
20401,3,"T10",NA,"A",92.4,69.3,0,0,"N",2.38583055234942e-05
20402,3,"T10",NA,"A",115.5,86.65,0,0,"N",2.38583055234942e-05
20403,3,"T10",NA,"A",115.5,86.65,0,0,"N",2.38583055234942e-05
20404,3,"T10",NA,"A",138.6,103.95,0,0,"N",2.38583055234942e-05
20405,3,"T10",NA,"A",184.8,138.6,0,0,"N",2.38583055234942e-05
20406,3,"T10",NA,"A",300.3,225.25,0,0,"N",2.38583055234942e-05
20410,3,"T10",NA,"A",92.4,69.3,0,0,"N",2.38583055234942e-05
20420,3,"T10",NA,"C",115.5,86.65,98.2,0,"N",2.38583055234942e-05
20440,3,"T10",NA,"C",92.4,69.3,78.55,0,"N",2.38583055234942e-05
20450,3,"T10",NA,"A",115.5,86.65,0,0,"N",2.38583055234942e-05
20452,3,"T10",NA,"A",138.6,103.95,0,0,"N",2.38583055234942e-05
20470,3,"T10",NA,"A",138.6,103.95,0,0,"N",2.38583055234942e-05
20472,3,"T10",NA,"A",231,173.25,0,0,"N",2.38583055234942e-05
20474,3,"T10",NA,"A",300.3,225.25,0,0,"N",2.38583055234942e-05
20475,3,"T10",NA,"C",231,173.25,196.35,0,"N",2.38583055234942e-05
20500,3,"T10",NA,"A",346.5,259.9,0,0,"N",2.38583055234942e-05
20520,3,"T10",NA,"C",138.6,103.95,117.85,0,"N",2.38583055234942e-05
20522,3,"T10",NA,"A",92.4,69.3,0,0,"N",2.38583055234942e-05
20524,3,"T10",NA,"A",92.4,69.3,0,0,"N",2.38583055234942e-05
20526,3,"T10",NA,"A",231,173.25,0,0,"N",2.38583055234942e-05
20528,3,"T10",NA,"A",184.8,138.6,0,0,"N",2.38583055234942e-05
20540,3,"T10",NA,"A",300.3,225.25,0,0,"N",2.38583055234942e-05
20542,3,"T10",NA,"A",346.5,259.9,0,0,"N",2.38583055234942e-05
20546,3,"T10",NA,"A",346.5,259.9,0,0,"N",2.38583055234942e-05
20548,3,"T10",NA,"A",346.5,259.9,0,0,"N",2.38583055234942e-05
20560,3,"T10",NA,"A",462,346.5,0,0,"N",2.38583055234942e-05
20600,3,"T10",NA,"A",231,173.25,0,0,"N",2.38583055234942e-05
20604,3,"T10",NA,"A",300.3,225.25,0,0,"N",2.38583055234942e-05
20620,3,"T10",NA,"A",231,173.25,0,0,"N",2.38583055234942e-05
20622,3,"T10",NA,"A",300.3,225.25,0,0,"N",2.38583055234942e-05
20630,3,"T10",NA,"C",184.8,138.6,157.1,0,"N",2.38583055234942e-05
20632,3,"T10",NA,"A",161.7,121.3,0,0,"N",2.38583055234942e-05
20634,3,"T10",NA,"A",231,173.25,0,0,"N",2.38583055234942e-05
20670,3,"T10",NA,"A",300.3,225.25,0,0,"N",2.38583055234942e-05
20680,3,"T10",NA,"A",69.3,52,0,0,"N",2.38583055234942e-05
20690,3,"T10",NA,"A",115.5,86.65,0,0,"N",2.38583055234942e-05
20700,3,"T10",NA,"C",69.3,52,58.95,0,"N",2.38583055234942e-05
20702,3,"T10",NA,"C",92.4,69.3,78.55,0,"N",2.38583055234942e-05
20703,3,"T10",NA,"C",92.4,69.3,78.55,0,"N",2.38583055234942e-05
20704,3,"T10",NA,"A",231,173.25,0,0,"N",2.38583055234942e-05
20706,3,"T10",NA,"A",161.7,121.3,0,0,"N",2.38583055234942e-05
20730,3,"T10",NA,"C",115.5,86.65,98.2,0,"N",2.38583055234942e-05
20740,3,"T10",NA,"A",115.5,86.65,0,0,"N",2.38583055234942e-05
20745,3,"T10",NA,"A",161.7,121.3,0,0,"N",2.38583055234942e-05
20750,3,"T10",NA,"C",115.5,86.65,98.2,0,"N",2.38583055234942e-05
20752,3,"T10",NA,"A",138.6,103.95,0,0,"N",2.38583055234942e-05
20754,3,"T10",NA,"A",161.7,121.3,0,0,"N",2.38583055234942e-05
20756,3,"T10",NA,"A",207.9,155.95,0,0,"N",2.38583055234942e-05
20770,3,"T10",NA,"A",346.5,259.9,0,0,"N",2.38583055234942e-05
20790,3,"T10",NA,"A",184.8,138.6,0,0,"N",2.38583055234942e-05
20791,3,"T10",NA,"A",231,173.25,0,0,"N",2.38583055234942e-05
20792,3,"T10",NA,"A",300.3,225.25,0,0,"N",2.38583055234942e-05
20793,3,"T10",NA,"A",346.5,259.9,0,0,"N",2.38583055234942e-05
20794,3,"T10",NA,"A",277.2,207.9,0,0,"N",2.38583055234942e-05
20798,3,"T10",NA,"A",231,173.25,0,0,"N",2.38583055234942e-05
20799,3,"T10",NA,"C",138.6,103.95,117.85,0,"N",2.38583055234942e-05
20800,3,"T10",NA,"C",69.3,52,58.95,0,"N",2.38583055234942e-05
20802,3,"T10",NA,"C",115.5,86.65,98.2,0,"N",2.38583055234942e-05
20803,3,"T10",NA,"C",92.4,69.3,78.55,0,"N",2.38583055234942e-05
20804,3,"T10",NA,"C",231,173.25,196.35,0,"N",2.38583055234942e-05
20806,3,"T10",NA,"A",161.7,121.3,0,0,"N",2.38583055234942e-05
20810,3,"T10",NA,"A",92.4,69.3,0,0,"N",2.38583055234942e-05
20815,3,"T10",NA,"C",138.6,103.95,117.85,0,"N",2.38583055234942e-05
20820,3,"T10",NA,"C",115.5,86.65,98.2,0,"N",2.38583055234942e-05
20830,3,"T10",NA,"A",92.4,69.3,0,0,"N",2.38583055234942e-05
20832,3,"T10",NA,"C",138.6,103.95,117.85,0,"N",2.38583055234942e-05
20840,3,"T10",NA,"A",138.6,103.95,0,0,"N",2.38583055234942e-05
20841,3,"T10",NA,"A",184.8,138.6,0,0,"N",2.38583055234942e-05
20842,3,"T10",NA,"C",92.4,69.3,78.55,0,"N",2.38583055234942e-05
20844,3,"T10",NA,"A",231,173.25,0,0,"N",2.38583055234942e-05
20845,3,"T10",NA,"A",231,173.25,0,0,"N",2.38583055234942e-05
20846,3,"T10",NA,"A",231,173.25,0,0,"N",2.38583055234942e-05
20847,3,"T10",NA,"A",231,173.25,0,0,"N",2.38583055234942e-05
20848,3,"T10",NA,"A",231,173.25,0,0,"N",2.38583055234942e-05
20850,3,"T10",NA,"A",277.2,207.9,0,0,"N",2.38583055234942e-05
20855,3,"T10",NA,"A",346.5,259.9,0,0,"N",2.38583055234942e-05
20860,3,"T10",NA,"A",138.6,103.95,0,0,"N",2.38583055234942e-05
20862,3,"T10",NA,"A",161.7,121.3,0,0,"N",2.38583055234942e-05
20863,3,"T10",NA,"A",231,173.25,0,0,"N",2.38583055234942e-05
20864,3,"T10",NA,"A",231,173.25,0,0,"N",2.38583055234942e-05
20866,3,"T10",NA,"A",231,173.25,0,0,"N",2.38583055234942e-05
20867,3,"T10",NA,"A",231,173.25,0,0,"N",2.38583055234942e-05
20868,3,"T10",NA,"A",231,173.25,0,0,"N",2.38583055234942e-05
20880,3,"T10",NA,"A",346.5,259.9,0,0,"N",2.38583055234942e-05
20882,3,"T10",NA,"A",231,173.25,0,0,"N",2.38583055234942e-05
20884,3,"T10",NA,"A",115.5,86.65,0,0,"N",2.38583055234942e-05
20886,3,"T10",NA,"C",138.6,103.95,117.85,0,"N",2.38583055234942e-05
20900,3,"T10",NA,"C",69.3,52,58.95,0,"N",2.38583055234942e-05
20902,3,"T10",NA,"A",92.4,69.3,0,0,"N",2.38583055234942e-05
20904,3,"T10",NA,"A",161.7,121.3,0,0,"N",2.38583055234942e-05
20905,3,"T10",NA,"A",231,173.25,0,0,"N",2.38583055234942e-05
20906,3,"T10",NA,"A",92.4,69.3,0,0,"N",2.38583055234942e-05
20910,3,"T10",NA,"C",92.4,69.3,78.55,0,"N",2.38583055234942e-05
20911,3,"T10",NA,"A",115.5,86.65,0,0,"N",2.38583055234942e-05
20912,3,"T10",NA,"A",115.5,86.65,0,0,"N",2.38583055234942e-05
20914,3,"T10",NA,"A",161.7,121.3,0,0,"N",2.38583055234942e-05
20916,3,"T10",NA,"A",161.7,121.3,0,0,"N",2.38583055234942e-05
20920,3,"T10",NA,"C",92.4,69.3,78.55,0,"N",2.38583055234942e-05
20924,3,"T10",NA,"A",92.4,69.3,0,0,"N",2.38583055234942e-05
20926,3,"T10",NA,"A",92.4,69.3,0,0,"N",2.38583055234942e-05
20928,3,"T10",NA,"A",138.6,103.95,0,0,"N",2.38583055234942e-05
20930,3,"T10",NA,"A",92.4,69.3,0,0,"N",2.38583055234942e-05
20932,3,"T10",NA,"A",92.4,69.3,0,0,"N",2.38583055234942e-05
20934,3,"T10",NA,"A",138.6,103.95,0,0,"N",2.38583055234942e-05
20936,3,"T10",NA,"A",184.8,138.6,0,0,"N",2.38583055234942e-05
20938,3,"T10",NA,"A",92.4,69.3,0,0,"N",2.38583055234942e-05
20940,3,"T10",NA,"C",92.4,69.3,78.55,0,"N",2.38583055234942e-05
20942,3,"T10",NA,"A",115.5,86.65,0,0,"N",2.38583055234942e-05
20943,3,"T10",NA,"C",92.4,69.3,78.55,0,"N",2.38583055234942e-05
20944,3,"T10",NA,"A",138.6,103.95,0,0,"N",2.38583055234942e-05
20946,3,"T10",NA,"C",184.8,138.6,157.1,0,"N",2.38583055234942e-05
20948,3,"T10",NA,"C",92.4,69.3,78.55,0,"N",2.38583055234942e-05
20950,3,"T10",NA,"C",115.5,86.65,98.2,0,"N",2.38583055234942e-05
20952,3,"T10",NA,"C",92.4,69.3,78.55,0,"N",2.38583055234942e-05
20954,3,"T10",NA,"A",231,173.25,0,0,"N",2.38583055234942e-05
20956,3,"T10",NA,"C",92.4,69.3,78.55,0,"N",2.38583055234942e-05
20958,3,"T10",NA,"C",115.5,86.65,98.2,0,"N",2.38583055234942e-05
20960,3,"T10",NA,"A",161.7,121.3,0,0,"N",2.38583055234942e-05
21100,3,"T10",NA,"C",69.3,52,58.95,0,"N",2.38583055234942e-05
21110,3,"T10",NA,"C",115.5,86.65,98.2,0,"N",2.38583055234942e-05
21112,3,"T10",NA,"C",92.4,69.3,78.55,0,"N",2.38583055234942e-05
21114,3,"T10",NA,"C",115.5,86.65,98.2,0,"N",2.38583055234942e-05
21116,3,"T10",NA,"A",138.6,103.95,0,0,"N",2.38583055234942e-05
21120,3,"T10",NA,"A",138.6,103.95,0,0,"N",2.38583055234942e-05
21130,3,"T10",NA,"A",69.3,52,0,0,"N",2.38583055234942e-05
21140,3,"T10",NA,"A",346.5,259.9,0,0,"N",2.38583055234942e-05
21150,3,"T10",NA,"A",231,173.25,0,0,"N",2.38583055234942e-05
21155,3,"T10",NA,"A",231,173.25,0,0,"N",2.38583055234942e-05
21160,3,"T10",NA,"A",92.4,69.3,0,0,"N",2.38583055234942e-05
21170,3,"T10",NA,"A",184.8,138.6,0,0,"N",2.38583055234942e-05
21195,3,"T10",NA,"C",69.3,52,58.95,0,"N",2.38583055234942e-05
21199,3,"T10",NA,"C",92.4,69.3,78.55,0,"N",2.38583055234942e-05
21200,3,"T10",NA,"A",92.4,69.3,0,0,"N",2.38583055234942e-05
21202,3,"T10",NA,"A",92.4,69.3,0,0,"N",2.38583055234942e-05
21210,3,"T10",NA,"A",138.6,103.95,0,0,"N",2.38583055234942e-05
21212,3,"T10",NA,"A",231,173.25,0,0,"N",2.38583055234942e-05
21214,3,"T10",NA,"A",231,173.25,0,0,"N",2.38583055234942e-05
21215,3,"T10",NA,"A",346.5,259.9,0,0,"N",2.38583055234942e-05
21216,3,"T10",NA,"A",323.4,242.55,0,0,"N",2.38583055234942e-05
21220,3,"T10",NA,"A",92.4,69.3,0,0,"N",2.38583055234942e-05
21230,3,"T10",NA,"A",138.6,103.95,0,0,"N",2.38583055234942e-05
21232,3,"T10",NA,"A",115.5,86.65,0,0,"N",2.38583055234942e-05
21234,3,"T10",NA,"A",184.8,138.6,0,0,"N",2.38583055234942e-05
21260,3,"T10",NA,"C",92.4,69.3,78.55,0,"N",2.38583055234942e-05
21270,3,"T10",NA,"A",184.8,138.6,0,0,"N",2.38583055234942e-05
21272,3,"T10",NA,"A",92.4,69.3,0,0,"N",2.38583055234942e-05
21274,3,"T10",NA,"A",138.6,103.95,0,0,"N",2.38583055234942e-05
21275,3,"T10",NA,"A",231,173.25,0,0,"N",2.38583055234942e-05
21280,3,"T10",NA,"A",346.5,259.9,0,0,"N",2.38583055234942e-05
21300,3,"T10",NA,"C",69.3,52,58.95,0,"N",2.38583055234942e-05
21321,3,"T10",NA,"C",92.4,69.3,78.55,0,"N",2.38583055234942e-05
21340,3,"T10",NA,"A",92.4,69.3,0,0,"N",2.38583055234942e-05
21360,3,"T10",NA,"A",115.5,86.65,0,0,"N",2.38583055234942e-05
21380,3,"T10",NA,"A",69.3,52,0,0,"N",2.38583055234942e-05
21382,3,"T10",NA,"A",92.4,69.3,0,0,"N",2.38583055234942e-05
21390,3,"T10",NA,"A",69.3,52,0,0,"N",2.38583055234942e-05
21392,3,"T10",NA,"A",92.4,69.3,0,0,"N",2.38583055234942e-05
21400,3,"T10",NA,"A",92.4,69.3,0,0,"N",2.38583055234942e-05
21402,3,"T10",NA,"A",161.7,121.3,0,0,"N",2.38583055234942e-05
21403,3,"T10",NA,"A",231,173.25,0,0,"N",2.38583055234942e-05
21404,3,"T10",NA,"A",115.5,86.65,0,0,"N",2.38583055234942e-05
21420,3,"T10",NA,"A",69.3,52,0,0,"N",2.38583055234942e-05
21430,3,"T10",NA,"A",92.4,69.3,0,0,"N",2.38583055234942e-05
21432,3,"T10",NA,"A",115.5,86.65,0,0,"N",2.38583055234942e-05
21440,3,"T10",NA,"A",184.8,138.6,0,0,"N",2.38583055234942e-05
21445,3,"T10",NA,"A",231,173.25,0,0,"N",2.38583055234942e-05
21460,3,"T10",NA,"C",69.3,52,58.95,0,"N",2.38583055234942e-05
21461,3,"T10",NA,"C",92.4,69.3,78.55,0,"N",2.38583055234942e-05
21462,3,"T10",NA,"C",69.3,52,58.95,0,"N",2.38583055234942e-05
21464,3,"T10",NA,"A",92.4,69.3,0,0,"N",2.38583055234942e-05
21472,3,"T10",NA,"A",115.5,86.65,0,0,"N",2.38583055234942e-05
21474,3,"T10",NA,"A",115.5,86.65,0,0,"N",2.38583055234942e-05
21480,3,"T10",NA,"A",92.4,69.3,0,0,"N",2.38583055234942e-05
21482,3,"T10",NA,"A",115.5,86.65,0,0,"N",2.38583055234942e-05
21484,3,"T10",NA,"A",115.5,86.65,0,0,"N",2.38583055234942e-05
21486,3,"T10",NA,"A",161.7,121.3,0,0,"N",2.38583055234942e-05
21490,3,"T10",NA,"A",69.3,52,0,0,"N",2.38583055234942e-05
21500,3,"T10",NA,"A",184.8,138.6,0,0,"N",2.38583055234942e-05
21502,3,"T10",NA,"A",138.6,103.95,0,0,"N",2.38583055234942e-05
21520,3,"T10",NA,"C",92.4,69.3,78.55,0,"N",2.38583055234942e-05
21522,3,"T10",NA,"A",115.5,86.65,0,0,"N",2.38583055234942e-05
21530,3,"T10",NA,"A",346.5,259.9,0,0,"N",2.38583055234942e-05
21532,3,"T10",NA,"A",184.8,138.6,0,0,"N",2.38583055234942e-05
21535,3,"T10",NA,"A",231,173.25,0,0,"N",2.38583055234942e-05
21600,3,"T10",NA,"C",69.3,52,58.95,0,"N",2.38583055234942e-05
21610,3,"T10",NA,"C",115.5,86.65,98.2,0,"N",2.38583055234942e-05
21620,3,"T10",NA,"A",92.4,69.3,0,0,"N",2.38583055234942e-05
21622,3,"T10",NA,"A",115.5,86.65,0,0,"N",2.38583055234942e-05
21630,3,"T10",NA,"A",115.5,86.65,0,0,"N",2.38583055234942e-05
21632,3,"T10",NA,"A",138.6,103.95,0,0,"N",2.38583055234942e-05
21634,3,"T10",NA,"A",207.9,155.95,0,0,"N",2.38583055234942e-05
21636,3,"T10",NA,"A",346.5,259.9,0,0,"N",2.38583055234942e-05
21638,3,"T10",NA,"A",231,173.25,0,0,"N",2.38583055234942e-05
21650,3,"T10",NA,"A",184.8,138.6,0,0,"N",2.38583055234942e-05
21652,3,"T10",NA,"A",231,173.25,0,0,"N",2.38583055234942e-05
21654,3,"T10",NA,"A",184.8,138.6,0,0,"N",2.38583055234942e-05
21656,3,"T10",NA,"A",231,173.25,0,0,"N",2.38583055234942e-05
21670,3,"T10",NA,"A",92.4,69.3,0,0,"N",2.38583055234942e-05
21680,3,"T10",NA,"A",69.3,52,0,0,"N",2.38583055234942e-05
21682,3,"T10",NA,"A",92.4,69.3,0,0,"N",2.38583055234942e-05
21685,3,"T10",NA,"A",231,173.25,0,0,"N",2.38583055234942e-05
21700,3,"T10",NA,"C",69.3,52,58.95,0,"N",2.38583055234942e-05
21710,3,"T10",NA,"C",92.4,69.3,78.55,0,"N",2.38583055234942e-05
21712,3,"T10",NA,"A",115.5,86.65,0,0,"N",2.38583055234942e-05
21714,3,"T10",NA,"A",115.5,86.65,0,0,"N",2.38583055234942e-05
21716,3,"T10",NA,"A",115.5,86.65,0,0,"N",2.38583055234942e-05
21730,3,"T10",NA,"A",69.3,52,0,0,"N",2.38583055234942e-05
21732,3,"T10",NA,"A",92.4,69.3,0,0,"N",2.38583055234942e-05
21740,3,"T10",NA,"C",115.5,86.65,98.2,0,"N",2.38583055234942e-05
21756,3,"T10",NA,"A",138.6,103.95,0,0,"N",2.38583055234942e-05
21760,3,"T10",NA,"A",161.7,121.3,0,0,"N",2.38583055234942e-05
21770,3,"T10",NA,"C",184.8,138.6,157.1,0,"N",2.38583055234942e-05
21772,3,"T10",NA,"A",138.6,103.95,0,0,"N",2.38583055234942e-05
21780,3,"T10",NA,"C",92.4,69.3,78.55,0,"N",2.38583055234942e-05
21785,3,"T10",NA,"A",231,173.25,0,0,"N",2.38583055234942e-05
21790,3,"T10",NA,"A",346.5,259.9,0,0,"N",2.38583055234942e-05
21800,3,"T10",NA,"C",69.3,52,58.95,0,"N",2.38583055234942e-05
21810,3,"T10",NA,"C",92.4,69.3,78.55,0,"N",2.38583055234942e-05
21820,3,"T10",NA,"A",69.3,52,0,0,"N",2.38583055234942e-05
21830,3,"T10",NA,"A",92.4,69.3,0,0,"N",2.38583055234942e-05
21832,3,"T10",NA,"A",161.7,121.3,0,0,"N",2.38583055234942e-05
21834,3,"T10",NA,"A",92.4,69.3,0,0,"N",2.38583055234942e-05
21840,3,"T10",NA,"A",184.8,138.6,0,0,"N",2.38583055234942e-05
21842,3,"T10",NA,"A",138.6,103.95,0,0,"N",2.38583055234942e-05
21850,3,"T10",NA,"C",92.4,69.3,78.55,0,"N",2.38583055234942e-05
21860,3,"T10",NA,"A",69.3,52,0,0,"N",2.38583055234942e-05
21865,3,"T10",NA,"A",231,173.25,0,0,"N",2.38583055234942e-05
21870,3,"T10",NA,"A",346.5,259.9,0,0,"N",2.38583055234942e-05
21872,3,"T10",NA,"A",184.8,138.6,0,0,"N",2.38583055234942e-05
21878,3,"T10",NA,"C",69.3,52,58.95,0,"N",2.38583055234942e-05
21879,3,"T10",NA,"A",115.5,86.65,0,0,"N",2.38583055234942e-05
21880,3,"T10",NA,"A",161.7,121.3,0,0,"N",2.38583055234942e-05
21881,3,"T10",NA,"A",207.9,155.95,0,0,"N",2.38583055234942e-05
21882,3,"T10",NA,"A",254.1,190.6,0,0,"N",2.38583055234942e-05
21883,3,"T10",NA,"A",300.3,225.25,0,0,"N",2.38583055234942e-05
21884,3,"T10",NA,"A",346.5,259.9,0,0,"N",2.38583055234942e-05
21885,3,"T10",NA,"A",392.7,294.55,0,0,"N",2.38583055234942e-05
21886,3,"T10",NA,"A",438.9,329.2,0,0,"N",2.38583055234942e-05
21887,3,"T10",NA,"A",485.1,363.85,0,0,"N",2.38583055234942e-05
21900,3,"T10",NA,"C",69.3,52,58.95,0,"N",2.38583055234942e-05
21906,3,"T10",NA,"C",115.5,86.65,98.2,0,"N",2.38583055234942e-05
21908,3,"T10",NA,"C",138.6,103.95,117.85,0,"N",2.38583055234942e-05
21910,3,"T10",NA,"A",207.9,155.95,0,0,"N",2.38583055234942e-05
21912,3,"T10",NA,"C",115.5,86.65,98.2,0,"N",2.38583055234942e-05
21914,3,"T10",NA,"C",138.6,103.95,117.85,0,"N",2.38583055234942e-05
21915,3,"T10",NA,"A",115.5,86.65,0,0,"N",2.38583055234942e-05
21916,3,"T10",NA,"A",115.5,86.65,0,0,"N",2.38583055234942e-05
21918,3,"T10",NA,"C",115.5,86.65,98.2,0,"N",2.38583055234942e-05
21922,3,"T10",NA,"C",138.6,103.95,117.85,0,"N",2.38583055234942e-05
21925,3,"T10",NA,"A",92.4,69.3,0,0,"N",2.38583055234942e-05
21926,3,"T10",NA,"C",92.4,69.3,78.55,0,"N",2.38583055234942e-05
21930,3,"T10",NA,"A",138.6,103.95,0,0,"N",2.38583055234942e-05
21935,3,"T10",NA,"C",115.5,86.65,98.2,0,"N",2.38583055234942e-05
21936,3,"T10",NA,"A",115.5,86.65,0,0,"N",2.38583055234942e-05
21939,3,"T10",NA,"C",69.3,52,58.95,0,"N",2.38583055234942e-05
21941,3,"T10",NA,"A",161.7,121.3,0,0,"N",2.38583055234942e-05
21942,3,"T10",NA,"A",231,173.25,0,0,"N",2.38583055234942e-05
21943,3,"T10",NA,"A",115.5,86.65,0,0,"N",2.38583055234942e-05
21945,3,"T10",NA,"C",115.5,86.65,98.2,0,"N",2.38583055234942e-05
21949,3,"T10",NA,"C",115.5,86.65,98.2,0,"N",2.38583055234942e-05
21952,3,"T10",NA,"A",92.4,69.3,0,0,"N",2.38583055234942e-05
21955,3,"T10",NA,"C",115.5,86.65,98.2,0,"N",2.38583055234942e-05
21959,3,"T10",NA,"C",115.5,86.65,98.2,0,"N",2.38583055234942e-05
21962,3,"T10",NA,"C",115.5,86.65,98.2,0,"N",2.38583055234942e-05
21965,3,"T10",NA,"C",115.5,86.65,98.2,0,"N",2.38583055234942e-05
21969,3,"T10",NA,"C",184.8,138.6,157.1,0,"N",2.38583055234942e-05
21970,3,"T10",NA,"C",346.5,259.9,294.55,0,"N",2.38583055234942e-05
21973,3,"T10",NA,"C",115.5,86.65,98.2,0,"N",2.38583055234942e-05
21976,3,"T10",NA,"C",115.5,86.65,98.2,0,"N",2.38583055234942e-05
21980,3,"T10",NA,"C",115.5,86.65,98.2,0,"N",2.38583055234942e-05
21990,3,"T10",NA,"C",69.3,52,58.95,0,"N",2.38583055234942e-05
21992,3,"T10",NA,"C",92.4,69.3,78.55,0,"N",2.38583055234942e-05
21997,3,"T10",NA,"C",92.4,69.3,78.55,0,"N",2.38583055234942e-05
22002,3,"T10",NA,"A",92.4,69.3,0,0,"N",2.38583055234942e-05
22007,3,"T10",NA,"A",92.4,69.3,0,0,"N",2.38583055234942e-05
22008,3,"T10",NA,"A",92.4,69.3,0,0,"N",2.38583055234942e-05
22012,3,"T10",NA,"A",69.3,52,0,0,"N",2.38583055234942e-05
22014,3,"T10",NA,"A",69.3,52,0,0,"N",2.38583055234942e-05
22015,3,"T10",NA,"A",138.6,103.95,0,0,"N",2.38583055234942e-05
22020,3,"T10",NA,"A",92.4,69.3,0,0,"N",2.38583055234942e-05
22025,3,"T10",NA,"A",92.4,69.3,0,0,"N",2.38583055234942e-05
22031,3,"T10",NA,"A",115.5,86.65,0,0,"N",2.38583055234942e-05
22032,3,"T10",NA,"C",92.4,69.3,78.55,0,"N",2.38583055234942e-05
22036,3,"T10",NA,"A",69.3,52,0,0,"N",2.38583055234942e-05
22041,3,"T10",NA,"A",46.2,34.65,0,0,"N",2.38583055234942e-05
22042,3,"T10",NA,"C",23.1,17.35,19.65,0,"N",2.38583055234942e-05
22051,3,"T10",NA,"A",207.9,155.95,0,0,"N",2.38583055234942e-05
22052,3,"T10",NA,"C",138.6,103.95,117.85,0,"N",2.38583055234942e-05
22053,3,"T10",NA,"C",138.6,103.95,117.85,0,"N",2.38583055234942e-05
22054,3,"T10",NA,"C",415.8,311.85,353.45,0,"N",2.38583055234942e-05
22055,3,"T10",NA,"A",277.2,207.9,0,0,"N",2.38583055234942e-05
22060,3,"T10",NA,"A",693,519.75,0,0,"N",2.38583055234942e-05
22065,3,"T10",NA,"A",115.5,86.65,0,0,"N",2.38583055234942e-05
22075,3,"T10",NA,"A",346.5,259.9,0,0,"N",2.38583055234942e-05
22900,3,"T10",NA,"C",138.6,103.95,117.85,0,"N",2.38583055234942e-05
22905,3,"T10",NA,"C",138.6,103.95,117.85,0,"N",2.38583055234942e-05
23010,3,"T10",NA,"A",23.1,17.35,0,0,"N",2.38583055234942e-05
23025,3,"T10",NA,"C",46.2,34.65,39.3,0,"N",2.38583055234942e-05
23035,3,"T10",NA,"C",69.3,52,58.95,0,"N",2.38583055234942e-05
23045,3,"T10",NA,"C",92.4,69.3,78.55,0,"N",2.38583055234942e-05
23055,3,"T10",NA,"C",115.5,86.65,98.2,0,"N",2.38583055234942e-05
23065,3,"T10",NA,"C",138.6,103.95,117.85,0,"N",2.38583055234942e-05
23075,3,"T10",NA,"C",161.7,121.3,137.45,0,"N",2.38583055234942e-05
23085,3,"T10",NA,"C",184.8,138.6,157.1,0,"N",2.38583055234942e-05
23091,3,"T10",NA,"C",207.9,155.95,176.75,0,"N",2.38583055234942e-05
23101,3,"T10",NA,"C",231,173.25,196.35,0,"N",2.38583055234942e-05
23111,3,"T10",NA,"C",254.1,190.6,216,0,"N",2.38583055234942e-05
23112,3,"T10",NA,"C",277.2,207.9,235.65,0,"N",2.38583055234942e-05
23113,3,"T10",NA,"C",300.3,225.25,255.3,0,"N",2.38583055234942e-05
23114,3,"T10",NA,"C",323.4,242.55,274.9,0,"N",2.38583055234942e-05
23115,3,"T10",NA,"C",346.5,259.9,294.55,0,"N",2.38583055234942e-05
23116,3,"T10",NA,"C",369.6,277.2,314.2,0,"N",2.38583055234942e-05
23117,3,"T10",NA,"C",392.7,294.55,333.8,0,"N",2.38583055234942e-05
23118,3,"T10",NA,"C",415.8,311.85,353.45,0,"N",2.38583055234942e-05
23119,3,"T10",NA,"C",438.9,329.2,373.1,0,"N",2.38583055234942e-05
23121,3,"T10",NA,"C",462,346.5,392.7,0,"N",2.38583055234942e-05
23170,3,"T10",NA,"C",485.1,363.85,412.35,0,"N",2.38583055234942e-05
23180,3,"T10",NA,"C",508.2,381.15,432,0,"N",2.38583055234942e-05
23190,3,"T10",NA,"C",531.3,398.5,451.65,0,"N",2.38583055234942e-05
23200,3,"T10",NA,"C",554.4,415.8,471.25,0,"N",2.38583055234942e-05
23210,3,"T10",NA,"C",577.5,433.15,490.9,0,"N",2.38583055234942e-05
23220,3,"T10",NA,"C",600.6,450.45,510.55,0,"N",2.38583055234942e-05
23230,3,"T10",NA,"C",623.7,467.8,530.15,0,"N",2.38583055234942e-05
23240,3,"T10",NA,"C",646.8,485.1,549.8,0,"N",2.38583055234942e-05
23250,3,"T10",NA,"C",669.9,502.45,569.45,0,"N",2.38583055234942e-05
23260,3,"T10",NA,"C",693,519.75,590.6,0,"N",2.38583055234942e-05
23270,3,"T10",NA,"C",716.1,537.1,613.7,0,"N",2.38583055234942e-05
23280,3,"T10",NA,"C",739.2,554.4,636.8,0,"N",2.38583055234942e-05
23290,3,"T10",NA,"C",762.3,571.75,659.9,0,"N",2.38583055234942e-05
23300,3,"T10",NA,"C",785.4,589.05,683,0,"N",2.38583055234942e-05
23310,3,"T10",NA,"C",808.5,606.4,706.1,0,"N",2.38583055234942e-05
23320,3,"T10",NA,"C",831.6,623.7,729.2,0,"N",2.38583055234942e-05
23330,3,"T10",NA,"C",854.7,641.05,752.3,0,"N",2.38583055234942e-05
23340,3,"T10",NA,"C",877.8,658.35,775.4,0,"N",2.38583055234942e-05
23350,3,"T10",NA,"C",900.9,675.7,798.5,0,"N",2.38583055234942e-05
23360,3,"T10",NA,"C",924,693,821.6,0,"N",2.38583055234942e-05
23370,3,"T10",NA,"C",947.1,710.35,844.7,0,"N",2.38583055234942e-05
23380,3,"T10",NA,"C",970.2,727.65,867.8,0,"N",2.38583055234942e-05
23390,3,"T10",NA,"C",993.3,745,890.9,0,"N",2.38583055234942e-05
23400,3,"T10",NA,"C",1016.4,762.3,914,0,"N",2.38583055234942e-05
23410,3,"T10",NA,"C",1039.5,779.65,937.1,0,"N",2.38583055234942e-05
23420,3,"T10",NA,"C",1062.6,796.95,960.2,0,"N",2.38583055234942e-05
23430,3,"T10",NA,"C",1085.7,814.3,983.3,0,"N",2.38583055234942e-05
23440,3,"T10",NA,"C",1108.8,831.6,1006.4,0,"N",2.38583055234942e-05
23450,3,"T10",NA,"C",1131.9,848.95,1029.5,0,"N",2.38583055234942e-05
23460,3,"T10",NA,"C",1155,866.25,1052.6,0,"N",2.38583055234942e-05
23470,3,"T10",NA,"C",1178.1,883.6,1075.7,0,"N",2.38583055234942e-05
23480,3,"T10",NA,"C",1201.2,900.9,1098.8,0,"N",2.38583055234942e-05
23490,3,"T10",NA,"C",1224.3,918.25,1121.9,0,"N",2.38583055234942e-05
23500,3,"T10",NA,"C",1247.4,935.55,1145,0,"N",2.38583055234942e-05
23510,3,"T10",NA,"C",1270.5,952.9,1168.1,0,"N",2.38583055234942e-05
23520,3,"T10",NA,"C",1293.6,970.2,1191.2,0,"N",2.38583055234942e-05
23530,3,"T10",NA,"C",1316.7,987.55,1214.3,0,"N",2.38583055234942e-05
23540,3,"T10",NA,"C",1339.8,1004.85,1237.4,0,"N",2.38583055234942e-05
23550,3,"T10",NA,"C",1362.9,1022.2,1260.5,0,"N",2.38583055234942e-05
23560,3,"T10",NA,"C",1386,1039.5,1283.6,0,"N",2.38583055234942e-05
23570,3,"T10",NA,"C",1409.1,1056.85,1306.7,0,"N",2.38583055234942e-05
23580,3,"T10",NA,"C",1432.2,1074.15,1329.8,0,"N",2.38583055234942e-05
23590,3,"T10",NA,"C",1455.3,1091.5,1352.9,0,"N",2.38583055234942e-05
23600,3,"T10",NA,"C",1478.4,1108.8,1376,0,"N",2.38583055234942e-05
23610,3,"T10",NA,"C",1501.5,1126.15,1399.1,0,"N",2.38583055234942e-05
23620,3,"T10",NA,"C",1524.6,1143.45,1422.2,0,"N",2.38583055234942e-05
23630,3,"T10",NA,"C",1547.7,1160.8,1445.3,0,"N",2.38583055234942e-05
23640,3,"T10",NA,"C",1570.8,1178.1,1468.4,0,"N",2.38583055234942e-05
23650,3,"T10",NA,"C",1593.9,1195.45,1491.5,0,"N",2.38583055234942e-05
23660,3,"T10",NA,"C",1617,1212.75,1514.6,0,"N",2.38583055234942e-05
23670,3,"T10",NA,"C",1640.1,1230.1,1537.7,0,"N",2.38583055234942e-05
23680,3,"T10",NA,"C",1663.2,1247.4,1560.8,0,"N",2.38583055234942e-05
23690,3,"T10",NA,"C",1686.3,1264.75,1583.9,0,"N",2.38583055234942e-05
23700,3,"T10",NA,"C",1709.4,1282.05,1607,0,"N",2.38583055234942e-05
23710,3,"T10",NA,"C",1732.5,1299.4,1630.1,0,"N",2.38583055234942e-05
23720,3,"T10",NA,"C",1755.6,1316.7,1653.2,0,"N",2.38583055234942e-05
23730,3,"T10",NA,"C",1778.7,1334.05,1676.3,0,"N",2.38583055234942e-05
23740,3,"T10",NA,"C",1801.8,1351.35,1699.4,0,"N",2.38583055234942e-05
23750,3,"T10",NA,"C",1824.9,1368.7,1722.5,0,"N",2.38583055234942e-05
23760,3,"T10",NA,"C",1848,1386,1745.6,0,"N",2.38583055234942e-05
23770,3,"T10",NA,"C",1871.1,1403.35,1768.7,0,"N",2.38583055234942e-05
23780,3,"T10",NA,"C",1894.2,1420.65,1791.8,0,"N",2.38583055234942e-05
23790,3,"T10",NA,"C",1917.3,1438,1814.9,0,"N",2.38583055234942e-05
23800,3,"T10",NA,"C",1940.4,1455.3,1838,0,"N",2.38583055234942e-05
23810,3,"T10",NA,"C",1963.5,1472.65,1861.1,0,"N",2.38583055234942e-05
23820,3,"T10",NA,"C",1986.6,1489.95,1884.2,0,"N",2.38583055234942e-05
23830,3,"T10",NA,"C",2009.7,1507.3,1907.3,0,"N",2.38583055234942e-05
23840,3,"T10",NA,"C",2032.8,1524.6,1930.4,0,"N",2.38583055234942e-05
23850,3,"T10",NA,"C",2055.9,1541.95,1953.5,0,"N",2.38583055234942e-05
23860,3,"T10",NA,"C",2079,1559.25,1976.6,0,"N",2.38583055234942e-05
23870,3,"T10",NA,"C",2102.1,1576.6,1999.7,0,"N",2.38583055234942e-05
23880,3,"T10",NA,"C",2125.2,1593.9,2022.8,0,"N",2.38583055234942e-05
23890,3,"T10",NA,"C",2148.3,1611.25,2045.9,0,"N",2.38583055234942e-05
23900,3,"T10",NA,"C",2171.4,1628.55,2069,0,"N",2.38583055234942e-05
23910,3,"T10",NA,"C",2194.5,1645.9,2092.1,0,"N",2.38583055234942e-05
23920,3,"T10",NA,"C",2217.6,1663.2,2115.2,0,"N",2.38583055234942e-05
23930,3,"T10",NA,"C",2240.7,1680.55,2138.3,0,"N",2.38583055234942e-05
23940,3,"T10",NA,"C",2263.8,1697.85,2161.4,0,"N",2.38583055234942e-05
23950,3,"T10",NA,"C",2286.9,1715.2,2184.5,0,"N",2.38583055234942e-05
23960,3,"T10",NA,"C",2310,1732.5,2207.6,0,"N",2.38583055234942e-05
23970,3,"T10",NA,"C",2333.1,1749.85,2230.7,0,"N",2.38583055234942e-05
23980,3,"T10",NA,"C",2356.2,1767.15,2253.8,0,"N",2.38583055234942e-05
23990,3,"T10",NA,"C",2379.3,1784.5,2276.9,0,"N",2.38583055234942e-05
24100,3,"T10",NA,"C",2402.4,1801.8,2300,0,"N",2.38583055234942e-05
24101,3,"T10",NA,"C",2425.5,1819.15,2323.1,0,"N",2.38583055234942e-05
24102,3,"T10",NA,"C",2448.6,1836.45,2346.2,0,"N",2.38583055234942e-05
24103,3,"T10",NA,"C",2471.7,1853.8,2369.3,0,"N",2.38583055234942e-05
24104,3,"T10",NA,"C",2494.8,1871.1,2392.4,0,"N",2.38583055234942e-05
24105,3,"T10",NA,"C",2517.9,1888.45,2415.5,0,"N",2.38583055234942e-05
24106,3,"T10",NA,"C",2541,1905.75,2438.6,0,"N",2.38583055234942e-05
24107,3,"T10",NA,"C",2564.1,1923.1,2461.7,0,"N",2.38583055234942e-05
24108,3,"T10",NA,"C",2587.2,1940.4,2484.8,0,"N",2.38583055234942e-05
24109,3,"T10",NA,"C",2610.3,1957.75,2507.9,0,"N",2.38583055234942e-05
24110,3,"T10",NA,"C",2633.4,1975.05,2531,0,"N",2.38583055234942e-05
24111,3,"T10",NA,"C",2656.5,1992.4,2554.1,0,"N",2.38583055234942e-05
24112,3,"T10",NA,"C",2679.6,2009.7,2577.2,0,"N",2.38583055234942e-05
24113,3,"T10",NA,"C",2702.7,2027.05,2600.3,0,"N",2.38583055234942e-05
24114,3,"T10",NA,"C",2725.8,2044.35,2623.4,0,"N",2.38583055234942e-05
24115,3,"T10",NA,"C",2748.9,2061.7,2646.5,0,"N",2.38583055234942e-05
24116,3,"T10",NA,"C",2772,2079,2669.6,0,"N",2.38583055234942e-05
24117,3,"T10",NA,"C",2795.1,2096.35,2692.7,0,"N",2.38583055234942e-05
24118,3,"T10",NA,"C",2818.2,2113.65,2715.8,0,"N",2.38583055234942e-05
24119,3,"T10",NA,"C",2841.3,2131,2738.9,0,"N",2.38583055234942e-05
24120,3,"T10",NA,"C",2864.4,2148.3,2762,0,"N",2.38583055234942e-05
24121,3,"T10",NA,"C",2887.5,2165.65,2785.1,0,"N",2.38583055234942e-05
24122,3,"T10",NA,"C",2910.6,2182.95,2808.2,0,"N",2.38583055234942e-05
24123,3,"T10",NA,"C",2933.7,2200.3,2831.3,0,"N",2.38583055234942e-05
24124,3,"T10",NA,"C",2956.8,2217.6,2854.4,0,"N",2.38583055234942e-05
24125,3,"T10",NA,"C",2979.9,2234.95,2877.5,0,"N",2.38583055234942e-05
24126,3,"T10",NA,"C",3003,2252.25,2900.6,0,"N",2.38583055234942e-05
24127,3,"T10",NA,"C",3026.1,2269.6,2923.7,0,"N",2.38583055234942e-05
24128,3,"T10",NA,"C",3049.2,2286.9,2946.8,0,"N",2.38583055234942e-05
24129,3,"T10",NA,"C",3072.3,2304.25,2969.9,0,"N",2.38583055234942e-05
24130,3,"T10",NA,"C",3095.4,2321.55,2993,0,"N",2.38583055234942e-05
24131,3,"T10",NA,"C",3118.5,2338.9,3016.1,0,"N",2.38583055234942e-05
24132,3,"T10",NA,"C",3141.6,2356.2,3039.2,0,"N",2.38583055234942e-05
24133,3,"T10",NA,"C",3164.7,2373.55,3062.3,0,"N",2.38583055234942e-05
24134,3,"T10",NA,"C",3187.8,2390.85,3085.4,0,"N",2.38583055234942e-05
24135,3,"T10",NA,"C",3210.9,2408.2,3108.5,0,"N",2.38583055234942e-05
24136,3,"T10",NA,"C",3234,2425.5,3131.6,0,"N",2.38583055234942e-05
25000,3,"T10",NA,"A",23.1,17.35,0,0,"N",2.38583055234942e-05
25005,3,"T10",NA,"A",46.2,34.65,0,0,"N",2.38583055234942e-05
25010,3,"T10",NA,"A",69.3,52,0,0,"N",2.38583055234942e-05
25013,3,"T10",NA,"A",23.1,17.35,0,0,"N",2.38583055234942e-05
25014,3,"T10",NA,"A",23.1,17.35,0,0,"N",2.38583055234942e-05
25020,3,"T10",NA,"A",46.2,34.65,0,0,"N",2.38583055234942e-05
18350,3,"T11",NA,"C",145.65,109.25,123.85,0,"N",2.38583055234942e-05
18351,3,"T11",NA,"C",145.65,109.25,123.85,0,"N",2.38583055234942e-05
18353,3,"T11",NA,"C",291.3,218.5,247.65,0,"N",2.38583055234942e-05
18354,3,"T11",NA,"C",145.65,109.25,123.85,0,"N",2.38583055234942e-05
18360,3,"T11",NA,"C",145.65,109.25,123.85,0,"N",2.38583055234942e-05
18361,3,"T11",NA,"C",145.65,109.25,123.85,0,"N",2.38583055234942e-05
18362,3,"T11",NA,"C",287.8,215.85,244.65,0,"N",2.38583055234942e-05
18365,3,"T11",NA,"C",145.65,109.25,123.85,0,"N",2.38583055234942e-05
18366,3,"T11",NA,"C",182.5,136.9,155.15,0,"N",2.38583055234942e-05
18368,3,"T11",NA,"C",311.5,233.65,264.8,0,"N",2.38583055234942e-05
18369,3,"T11",NA,"C",52.55,39.45,44.7,0,"N",2.38583055234942e-05
18370,3,"T11",NA,"C",52.55,39.45,44.7,0,"N",2.38583055234942e-05
18372,3,"T11",NA,"C",145.65,109.25,123.85,0,"N",2.38583055234942e-05
18374,3,"T11",NA,"C",145.65,109.25,123.85,0,"N",2.38583055234942e-05
18375,3,"T11",NA,"A",268.2,201.15,0,0,"N",2.38583055234942e-05
18377,3,"T11",NA,"C",145.65,109.25,123.85,0,"N",2.38583055234942e-05
18379,3,"T11",NA,"A",268.2,201.15,0,0,"N",2.38583055234942e-05
15900,3,"T2",NA,"A",291.6,218.7,0,0,"N",2.38583055234942e-05
15902,3,"T2",NA,"C",742.85,557.15,640.45,0,"N",2.38583055234942e-05
15904,3,"T2",NA,"C",1088.35,816.3,985.95,0,"N",2.38583055234942e-05
15906,3,"T2",NA,"C",1678.05,1258.55,1575.65,0,"N",2.38583055234942e-05
15908,3,"T2",NA,"C",2712.85,2034.65,2610.45,0,"N",2.38583055234942e-05
15910,3,"T2",NA,"C",4242.1,3181.6,4139.7,0,"N",2.38583055234942e-05
15912,3,"T2",NA,"C",2121.05,1590.8,2018.65,0,"N",2.38583055234942e-05
15914,3,"T2",NA,"C",6096.85,4572.65,5994.45,0,"N",2.38583055234942e-05
15916,3,"T2",NA,"C",3048.4,2286.3,2946,0,"N",2.38583055234942e-05
15918,3,"T2",NA,"C",6836.2,5127.15,6733.8,0,"N",2.38583055234942e-05
15920,3,"T2",NA,"C",6836.2,5127.15,6733.8,0,"N",2.38583055234942e-05
15922,3,"T2",NA,"C",3418.15,2563.65,3315.75,0,"N",2.38583055234942e-05
15924,3,"T2",NA,"C",7215.4,5411.55,7113,0,"N",2.38583055234942e-05
15926,3,"T2",NA,"C",7215.4,5411.55,7113,0,"N",2.38583055234942e-05
15928,3,"T2",NA,"C",3607.7,2705.8,3505.3,0,"N",2.38583055234942e-05
15930,3,"T2",NA,"C",93.45,70.1,79.45,0,"N",2.38583055234942e-05
15932,3,"T2",NA,"C",116.4,87.3,98.95,0,"N",2.38583055234942e-05
15934,3,"T2",NA,"C",262.1,196.6,222.8,0,"N",2.38583055234942e-05
15936,3,"T2",NA,"C",285.1,213.85,242.35,0,"N",2.38583055234942e-05
15938,3,"T2",NA,"C",285.1,213.85,242.35,0,"N",2.38583055234942e-05
15940,3,"T2",NA,"C",313.6,235.2,266.6,0,"N",2.38583055234942e-05
15942,3,"T2",NA,"C",808.3,606.25,705.9,0,"N",2.38583055234942e-05
15944,3,"T2",NA,"C",808.3,606.25,705.9,0,"N",2.38583055234942e-05
15946,3,"T2",NA,"C",929.55,697.2,827.15,0,"N",2.38583055234942e-05
15948,3,"T2",NA,"C",929.55,697.2,827.15,0,"N",2.38583055234942e-05
15950,3,"T2",NA,"C",208.6,156.45,177.35,0,"N",2.38583055234942e-05
15952,3,"T2",NA,"C",56.15,42.15,47.75,0,"N",2.38583055234942e-05
15954,3,"T2",NA,"C",22.55,16.95,19.2,0,"N",2.38583055234942e-05
15956,3,"T2",NA,"C",69.05,51.8,58.7,0,"N",2.38583055234942e-05
15958,3,"T2",NA,"C",108.95,81.75,92.65,0,"N",2.38583055234942e-05
15960,3,"T2",NA,"C",150.3,112.75,127.8,0,"N",2.38583055234942e-05
15962,3,"T2",NA,"C",326.8,245.1,277.8,0,"N",2.38583055234942e-05
15964,3,"T2",NA,"C",435.8,326.85,370.45,0,"N",2.38583055234942e-05
15966,3,"T2",NA,"C",544.7,408.55,463,0,"N",2.38583055234942e-05
15968,3,"T2",NA,"C",853.8,640.35,751.4,0,"N",2.38583055234942e-05
15970,3,"T2",NA,"C",141.65,106.25,120.45,0,"N",2.38583055234942e-05
15972,3,"T2",NA,"C",70.85,53.15,60.25,0,"N",2.38583055234942e-05
15974,3,"T2",NA,"C",950,712.5,847.6,0,"N",2.38583055234942e-05
15976,3,"T2",NA,"C",475.05,356.3,403.8,0,"N",2.38583055234942e-05
15978,3,"T2",NA,"C",1103.95,828,1001.55,0,"N",2.38583055234942e-05
15980,3,"T2",NA,"C",552.05,414.05,469.25,0,"N",2.38583055234942e-05
15982,3,"T2",NA,"C",413.95,310.5,351.9,0,"N",2.38583055234942e-05
15984,3,"T2",NA,"C",152.5,114.4,129.65,0,"N",2.38583055234942e-05
15990,3,"T2",NA,"C",7532.8,5649.6,7430.4,0,"N",2.38583055234942e-05
16003,3,"T3",NA,"C",1655.45,1241.6,1553.05,0,"N",2.38583055234942e-05
16006,3,"T3",NA,"C",1115.95,837,1013.55,0,"N",2.38583055234942e-05
16009,3,"T3",NA,"C",540.6,405.45,459.55,0,"N",2.38583055234942e-05
16012,3,"T3",NA,"C",3105,2328.75,3002.6,0,"N",2.38583055234942e-05
16015,3,"T3",NA,"C",4766.15,3574.65,4663.75,0,"N",2.38583055234942e-05
16018,3,"T3",NA,"C",5128.3,3846.25,5025.9,0,"N",2.38583055234942e-05
16050,3,"T3",NA,"C",8000,6000,7897.6,0,"N",2.38583055234942e-05
16055,3,"T3",NA,"C",8000,6000,7897.6,0,"N",2.38583055234942e-05
16400,3,"T4",NA,"B",31.8,0,27.05,0,"N",2.38583055234942e-05
16401,3,"T4",NA,"C",99.75,74.85,84.8,0,"N",2.38583055234942e-05
16404,3,"T4",NA,"C",50.2,37.65,42.7,0,"N",2.38583055234942e-05
16406,3,"T4",NA,"C",156.3,117.25,132.9,0,"N",2.38583055234942e-05
16407,3,"T4",NA,"C",83.65,62.75,71.15,0,"N",2.38583055234942e-05
16408,3,"T4",NA,"B",62.3,0,53,0,"N",2.38583055234942e-05
16500,3,"T4",NA,"C",55,41.25,46.75,0,"N",2.38583055234942e-05
16501,3,"T4",NA,"C",163.95,123,139.4,0,"N",2.38583055234942e-05
16502,3,"T4",NA,"C",55,41.25,46.75,0,"N",2.38583055234942e-05
16505,3,"T4",NA,"C",55,41.25,46.75,0,"N",2.38583055234942e-05
16508,3,"T4",NA,"C",55,41.25,46.75,0,"N",2.38583055234942e-05
16509,3,"T4",NA,"C",55,41.25,46.75,0,"N",2.38583055234942e-05
16511,3,"T4",NA,"C",256.5,192.4,218.05,0,"N",2.38583055234942e-05
16512,3,"T4",NA,"C",74.05,55.55,62.95,0,"N",2.38583055234942e-05
16514,3,"T4",NA,"C",42.75,32.1,36.35,0,"N",2.38583055234942e-05
16515,3,"T4",NA,"C",735.9,551.95,633.5,0,"N",2.38583055234942e-05
16518,3,"T4",NA,"C",525.65,394.25,446.85,0,"N",2.38583055234942e-05
16519,3,"T4",NA,"C",809.55,607.2,707.15,0,"N",2.38583055234942e-05
16520,3,"T4",NA,"A",735.9,551.95,0,0,"N",2.38583055234942e-05
16522,3,"T4",NA,"A",1900.7,1425.55,0,0,"N",2.38583055234942e-05
16527,3,"T4",NA,"C",735.9,551.95,633.5,0,"N",2.38583055234942e-05
16528,3,"T4",NA,"A",735.9,551.95,0,0,"N",2.38583055234942e-05
16530,3,"T4",NA,"C",448.35,336.3,381.1,0,"N",2.38583055234942e-05
16531,3,"T4",NA,"A",896.7,672.55,0,0,"N",2.38583055234942e-05
16533,3,"T4",NA,"A",123.15,92.4,0,0,"N",2.38583055234942e-05
16534,3,"T4",NA,"A",123.15,92.4,0,0,"N",2.38583055234942e-05
16564,3,"T4",NA,"A",254.3,190.75,0,0,"N",2.38583055234942e-05
16567,3,"T4",NA,"C",371.9,278.95,316.15,0,"N",2.38583055234942e-05
16570,3,"T4",NA,"C",485.45,364.1,412.65,0,"N",2.38583055234942e-05
16571,3,"T4",NA,"C",371.9,278.95,316.15,0,"N",2.38583055234942e-05
16573,3,"T4",NA,"A",303,227.25,0,0,"N",2.38583055234942e-05
16590,3,"T4",NA,"C",434.85,326.15,369.65,0,"N",2.38583055234942e-05
16591,3,"T4",NA,"C",166.4,124.8,141.45,0,"N",2.38583055234942e-05
16600,3,"T4",NA,"C",74.05,55.55,62.95,0,"N",2.38583055234942e-05
16603,3,"T4",NA,"C",142.2,106.65,120.9,0,"N",2.38583055234942e-05
16606,3,"T4",NA,"C",283.75,212.85,241.2,0,"N",2.38583055234942e-05
16609,3,"T4",NA,"C",578.6,433.95,491.85,0,"N",2.38583055234942e-05
16612,3,"T4",NA,"C",455.25,341.45,387,0,"N",2.38583055234942e-05
16615,3,"T4",NA,"C",242.5,181.9,206.15,0,"N",2.38583055234942e-05
16618,3,"T4",NA,"C",242.5,181.9,206.15,0,"N",2.38583055234942e-05
16621,3,"T4",NA,"A",242.5,181.9,0,0,"N",2.38583055234942e-05
16624,3,"T4",NA,"A",349.05,261.8,0,0,"N",2.38583055234942e-05
16627,3,"T4",NA,"A",710.45,532.85,0,0,"N",2.38583055234942e-05
91850,3,"T4",NA,"B",31.8,0,27.05,0,"N",2.38583055234942e-05
91851,3,"T4",NA,"B",83.65,0,71.15,0,"N",2.38583055234942e-05
91852,3,"T4",NA,"B",62.3,0,53,0,"N",2.38583055234942e-05
91853,3,"T4",NA,"B",55,0,46.75,0,"N",2.38583055234942e-05
91855,3,"T4",NA,"B",31.8,0,27.05,0,"N",2.38583055234942e-05
91856,3,"T4",NA,"B",83.65,0,71.15,0,"N",2.38583055234942e-05
91857,3,"T4",NA,"B",62.3,0,53,0,"N",2.38583055234942e-05
91858,3,"T4",NA,"B",55,0,46.75,0,"N",2.38583055234942e-05
17610,3,"T6",NA,"C",50.95,38.25,43.35,0,"N",2.38583055234942e-05
17615,3,"T6",NA,"C",101.3,76,86.15,0,"N",2.38583055234942e-05
17620,3,"T6",NA,"C",140.35,105.3,119.3,0,"N",2.38583055234942e-05
17625,3,"T6",NA,"C",178.7,134.05,151.9,0,"N",2.38583055234942e-05
17640,3,"T6",NA,"C",50.95,38.25,43.35,0,"N",2.38583055234942e-05
17645,3,"T6",NA,"C",101.3,76,86.15,0,"N",2.38583055234942e-05
17650,3,"T6",NA,"C",140.35,105.3,119.3,0,"N",2.38583055234942e-05
17655,3,"T6",NA,"C",178.7,134.05,151.9,0,"N",2.38583055234942e-05
17680,3,"T6",NA,"C",101.3,76,86.15,0,"N",2.38583055234942e-05
17690,3,"T6",NA,"C",46.8,35.1,39.8,0,"N",2.38583055234942e-05
18213,3,"T7",NA,"C",103.35,77.55,87.85,0,"N",2.38583055234942e-05
18216,3,"T7",NA,"A",221.55,166.2,0,0,"N",2.38583055234942e-05
18222,3,"T7",NA,"C",43.95,33,37.4,0,"N",2.38583055234942e-05
18225,3,"T7",NA,"C",58.35,43.8,49.6,0,"N",2.38583055234942e-05
18226,3,"T7",NA,"A",332.25,249.2,0,0,"N",2.38583055234942e-05
18228,3,"T7",NA,"C",72.95,54.75,62.05,0,"N",2.38583055234942e-05
18230,3,"T7",NA,"C",278.1,208.6,236.4,0,"N",2.38583055234942e-05
18232,3,"T7",NA,"C",221.55,166.2,188.35,0,"N",2.38583055234942e-05
18233,3,"T7",NA,"C",221.55,166.2,188.35,0,"N",2.38583055234942e-05
18234,3,"T7",NA,"C",145.65,109.25,123.85,0,"N",2.38583055234942e-05
18236,3,"T7",NA,"C",72.95,54.75,62.05,0,"N",2.38583055234942e-05
18238,3,"T7",NA,"C",43.95,33,37.4,0,"N",2.38583055234942e-05
18240,3,"T7",NA,"C",109.15,81.9,92.8,0,"N",2.38583055234942e-05
18242,3,"T7",NA,"C",43.95,33,37.4,0,"N",2.38583055234942e-05
18244,3,"T7",NA,"C",117.65,88.25,100.05,0,"N",2.38583055234942e-05
18248,3,"T7",NA,"C",103.35,77.55,87.85,0,"N",2.38583055234942e-05
18250,3,"T7",NA,"C",72.95,54.75,62.05,0,"N",2.38583055234942e-05
18252,3,"T7",NA,"C",117.65,88.25,100.05,0,"N",2.38583055234942e-05
18254,3,"T7",NA,"C",117.65,88.25,100.05,0,"N",2.38583055234942e-05
18256,3,"T7",NA,"C",72.95,54.75,62.05,0,"N",2.38583055234942e-05
18258,3,"T7",NA,"C",72.95,54.75,62.05,0,"N",2.38583055234942e-05
18260,3,"T7",NA,"C",103.35,77.55,87.85,0,"N",2.38583055234942e-05
18262,3,"T7",NA,"C",72.95,54.75,62.05,0,"N",2.38583055234942e-05
18264,3,"T7",NA,"C",117.65,88.25,100.05,0,"N",2.38583055234942e-05
18266,3,"T7",NA,"C",72.95,54.75,62.05,0,"N",2.38583055234942e-05
18268,3,"T7",NA,"C",103.35,77.55,87.85,0,"N",2.38583055234942e-05
18270,3,"T7",NA,"C",103.35,77.55,87.85,0,"N",2.38583055234942e-05
18272,3,"T7",NA,"C",72.95,54.75,62.05,0,"N",2.38583055234942e-05
18276,3,"T7",NA,"C",145.65,109.25,123.85,0,"N",2.38583055234942e-05
18278,3,"T7",NA,"C",103.35,77.55,87.85,0,"N",2.38583055234942e-05
18280,3,"T7",NA,"C",145.65,109.25,123.85,0,"N",2.38583055234942e-05
18282,3,"T7",NA,"A",117.65,88.25,0,0,"N",2.38583055234942e-05
18284,3,"T7",NA,"A",172.2,129.15,0,0,"N",2.38583055234942e-05
18286,3,"T7",NA,"A",172.2,129.15,0,0,"N",2.38583055234942e-05
18288,3,"T7",NA,"A",172.2,129.15,0,0,"N",2.38583055234942e-05
18290,3,"T7",NA,"C",291.3,218.5,247.65,0,"N",2.38583055234942e-05
18292,3,"T7",NA,"C",145.65,109.25,123.85,0,"N",2.38583055234942e-05
18294,3,"T7",NA,"A",205.35,154.05,0,0,"N",2.38583055234942e-05
18296,3,"T7",NA,"A",175.6,131.7,0,0,"N",2.38583055234942e-05
18297,3,"T7",NA,"C",69.2,51.9,58.85,0,"N",2.38583055234942e-05
18298,3,"T7",NA,"C",205.35,154.05,174.55,0,"N",2.38583055234942e-05
30003,3,"T8",NA,"C",42.4,31.8,36.05,0,"N",2.38583055234942e-05
30006,3,"T8",NA,"C",54.2,40.65,46.1,0,"N",2.38583055234942e-05
30007,3,"T8",NA,"C",181.3,136,154.15,0,"N",2.38583055234942e-05
30010,3,"T8",NA,"A",86.25,64.7,0,0,"N",2.38583055234942e-05
30014,3,"T8",NA,"A",181.3,136,0,0,"N",2.38583055234942e-05
30015,3,"T8",NA,"A",271.95,204,0,0,"N",2.38583055234942e-05
30016,3,"T8",NA,"A",407.85,305.9,0,0,"N",2.38583055234942e-05
30023,3,"T8",NA,"C",380.35,285.3,323.3,0,"N",2.38583055234942e-05
30024,3,"T8",NA,"A",380.35,285.3,0,0,"N",2.38583055234942e-05
30026,3,"T8",NA,"C",60.95,45.75,51.85,0,"N",2.38583055234942e-05
30029,3,"T8",NA,"C",105,78.75,89.25,0,"N",2.38583055234942e-05
30032,3,"T8",NA,"C",96.2,72.15,81.8,0,"N",2.38583055234942e-05
30035,3,"T8",NA,"C",137.15,102.9,116.6,0,"N",2.38583055234942e-05
30038,3,"T8",NA,"C",105,78.75,89.25,0,"N",2.38583055234942e-05
30042,3,"T8",NA,"C",216.45,162.35,184,0,"N",2.38583055234942e-05
30045,3,"T8",NA,"C",137.15,102.9,116.6,0,"N",2.38583055234942e-05
30049,3,"T8",NA,"C",216.45,162.35,184,0,"N",2.38583055234942e-05
30052,3,"T8",NA,"C",296.3,222.25,251.9,0,"N",2.38583055234942e-05
30055,3,"T8",NA,"C",86.25,64.7,73.35,0,"N",2.38583055234942e-05
30058,3,"T8",NA,"A",168.4,126.3,0,0,"N",2.38583055234942e-05
30061,3,"T8",NA,"C",27.45,20.6,23.35,0,"N",2.38583055234942e-05
30062,3,"T8",NA,"C",70.85,53.15,60.25,0,"N",2.38583055234942e-05
30064,3,"T8",NA,"C",128.2,96.15,109,0,"N",2.38583055234942e-05
30068,3,"T8",NA,"C",322.85,242.15,274.45,0,"N",2.38583055234942e-05
30071,3,"T8",NA,"C",60.95,45.75,51.85,0,"N",2.38583055234942e-05
30072,3,"T8",NA,"C",60.95,45.75,51.85,0,"N",2.38583055234942e-05
30075,3,"T8",NA,"C",174.7,131.05,148.5,0,"N",2.38583055234942e-05
30078,3,"T8",NA,"C",56.5,42.4,48.05,0,"N",2.38583055234942e-05
30081,3,"T8",NA,"C",128.2,96.15,109,0,"N",2.38583055234942e-05
30084,3,"T8",NA,"C",68.6,51.45,58.35,0,"N",2.38583055234942e-05
30087,3,"T8",NA,"C",34.3,25.75,29.2,0,"N",2.38583055234942e-05
30090,3,"T8",NA,"C",149.95,112.5,127.5,0,"N",2.38583055234942e-05
30093,3,"T8",NA,"C",200.15,150.15,170.15,0,"N",2.38583055234942e-05
30094,3,"T8",NA,"C",221,165.75,187.85,0,"N",2.38583055234942e-05
30097,3,"T8",NA,"C",113.35,85.05,96.35,0,"N",2.38583055234942e-05
30099,3,"T8",NA,"C",105,78.75,89.25,0,"N",2.38583055234942e-05
30103,3,"T8",NA,"C",214.55,160.95,182.4,0,"N",2.38583055234942e-05
30104,3,"T8",NA,"C",148.1,111.1,125.9,0,"N",2.38583055234942e-05
30105,3,"T8",NA,"C",192.45,144.35,163.6,0,"N",2.38583055234942e-05
30107,3,"T8",NA,"C",256.5,192.4,218.05,0,"N",2.38583055234942e-05
30166,3,"T8",NA,"A",874.95,656.25,0,0,"N",2.38583055234942e-05
30169,3,"T8",NA,"A",699.95,525,0,0,"N",2.38583055234942e-05
30175,3,"T8",NA,"A",1131.65,848.75,0,0,"N",2.38583055234942e-05
30176,3,"T8",NA,"A",1149.8,862.35,0,0,"N",2.38583055234942e-05
30177,3,"T8",NA,"A",1149.8,862.35,0,0,"N",2.38583055234942e-05
30179,3,"T8",NA,"A",1415.2,1061.4,0,0,"N",2.38583055234942e-05
30180,3,"T8",NA,"C",159.25,119.45,135.4,0,"N",2.38583055234942e-05
30183,3,"T8",NA,"A",287.6,215.7,0,0,"N",2.38583055234942e-05
30187,3,"T8",NA,"C",299.8,224.85,254.85,0,"N",2.38583055234942e-05
30189,3,"T8",NA,"A",171.8,128.85,0,0,"N",2.38583055234942e-05
30190,3,"T8",NA,"C",463.95,348,394.4,0,"N",2.38583055234942e-05
30191,3,"T8",NA,"C",74.05,55.55,62.95,0,"N",2.38583055234942e-05
30192,3,"T8",NA,"C",46.1,34.6,39.2,0,"N",2.38583055234942e-05
30196,3,"T8",NA,"C",147.25,110.45,125.2,0,"N",2.38583055234942e-05
30202,3,"T8",NA,"C",56.35,42.3,47.9,0,"N",2.38583055234942e-05
30207,3,"T8",NA,"C",52,39,44.2,0,"N",2.38583055234942e-05
30210,3,"T8",NA,"A",190.1,142.6,0,0,"N",2.38583055234942e-05
30216,3,"T8",NA,"C",31.9,23.95,27.15,0,"N",2.38583055234942e-05
30219,3,"T8",NA,"C",31.9,23.95,27.15,0,"N",2.38583055234942e-05
30223,3,"T8",NA,"A",190.1,142.6,0,0,"N",2.38583055234942e-05
30224,3,"T8",NA,"C",277.15,207.9,235.6,0,"N",2.38583055234942e-05
30225,3,"T8",NA,"C",312.25,234.2,265.45,0,"N",2.38583055234942e-05
30226,3,"T8",NA,"C",174.7,131.05,148.5,0,"N",2.38583055234942e-05
30229,3,"T8",NA,"A",318.4,238.8,0,0,"N",2.38583055234942e-05
30232,3,"T8",NA,"C",260.8,195.6,221.7,0,"N",2.38583055234942e-05
30235,3,"T8",NA,"A",344.95,258.75,0,0,"N",2.38583055234942e-05
30238,3,"T8",NA,"C",174.7,131.05,148.5,0,"N",2.38583055234942e-05
30241,3,"T8",NA,"C",415.75,311.85,353.4,0,"N",2.38583055234942e-05
30244,3,"T8",NA,"A",415.75,311.85,0,0,"N",2.38583055234942e-05
30246,3,"T8",NA,"A",804.75,603.6,0,0,"N",2.38583055234942e-05
30247,3,"T8",NA,"A",862.5,646.9,0,0,"N",2.38583055234942e-05
30250,3,"T8",NA,"A",1459.45,1094.6,0,0,"N",2.38583055234942e-05
30251,3,"T8",NA,"A",2241.9,1681.45,0,0,"N",2.38583055234942e-05
30253,3,"T8",NA,"A",973,729.75,0,0,"N",2.38583055234942e-05
30255,3,"T8",NA,"A",1295.65,971.75,0,0,"N",2.38583055234942e-05
30256,3,"T8",NA,"A",519.65,389.75,0,0,"N",2.38583055234942e-05
30257,3,"T8",NA,"C",583.25,437.45,495.8,0,"N",2.38583055234942e-05
30259,3,"T8",NA,"A",231.65,173.75,0,0,"N",2.38583055234942e-05
30262,3,"T8",NA,"C",68.6,51.45,58.35,0,"N",2.38583055234942e-05
30266,3,"T8",NA,"C",174.7,131.05,148.5,0,"N",2.38583055234942e-05
30269,3,"T8",NA,"A",174.7,131.05,0,0,"N",2.38583055234942e-05
30272,3,"T8",NA,"A",344.95,258.75,0,0,"N",2.38583055234942e-05
30275,3,"T8",NA,"A",2056.35,1542.3,0,0,"N",2.38583055234942e-05
30278,3,"T8",NA,"C",54.2,40.65,46.1,0,"N",2.38583055234942e-05
30281,3,"T8",NA,"A",139.35,104.55,0,0,"N",2.38583055234942e-05
30283,3,"T8",NA,"C",238.8,179.1,203,0,"N",2.38583055234942e-05
30286,3,"T8",NA,"A",464.15,348.15,0,0,"N",2.38583055234942e-05
30287,3,"T8",NA,"A",603.45,452.6,0,0,"N",2.38583055234942e-05
30289,3,"T8",NA,"A",585.9,439.45,0,0,"N",2.38583055234942e-05
30293,3,"T8",NA,"A",519.65,389.75,0,0,"N",2.38583055234942e-05
30294,3,"T8",NA,"A",2056.35,1542.3,0,0,"N",2.38583055234942e-05
30296,3,"T8",NA,"A",1194.25,895.7,0,0,"N",2.38583055234942e-05
30297,3,"T8",NA,"A",1194.25,895.7,0,0,"N",2.38583055234942e-05
30299,3,"T8",NA,"A",828.5,621.4,0,0,"N",2.38583055234942e-05
30305,3,"T8",NA,"A",828.55,621.45,0,0,"N",2.38583055234942e-05
30306,3,"T8",NA,"A",931.65,698.75,0,0,"N",2.38583055234942e-05
30310,3,"T8",NA,"A",931.65,698.75,0,0,"N",2.38583055234942e-05
30311,3,"T8",NA,"A",726.1,544.6,0,0,"N",2.38583055234942e-05
30314,3,"T8",NA,"A",533.5,400.15,0,0,"N",2.38583055234942e-05
30315,3,"T8",NA,"A",1329.8,997.35,0,0,"N",2.38583055234942e-05
30317,3,"T8",NA,"A",1592.2,1194.15,0,0,"N",2.38583055234942e-05
30318,3,"T8",NA,"A",1329.8,997.35,0,0,"N",2.38583055234942e-05
30320,3,"T8",NA,"A",1592.2,1194.15,0,0,"N",2.38583055234942e-05
30323,3,"T8",NA,"A",1592.2,1194.15,0,0,"N",2.38583055234942e-05
30324,3,"T8",NA,"A",1592.2,1194.15,0,0,"N",2.38583055234942e-05
30326,3,"T8",NA,"A",693.6,520.2,0,0,"N",2.38583055234942e-05
30329,3,"T8",NA,"C",288.05,216.05,244.85,0,"N",2.38583055234942e-05
30330,3,"T8",NA,"A",838.45,628.85,0,0,"N",2.38583055234942e-05
30332,3,"T8",NA,"A",404.5,303.4,0,0,"N",2.38583055234942e-05
30336,3,"T8",NA,"A",1213.5,910.15,0,0,"N",2.38583055234942e-05
30382,3,"T8",NA,"A",1524.6,1143.45,0,0,"N",2.38583055234942e-05
30384,3,"T8",NA,"A",1592.2,1194.15,0,0,"N",2.38583055234942e-05
30385,3,"T8",NA,"A",657.2,492.9,0,0,"N",2.38583055234942e-05
30387,3,"T8",NA,"A",740.75,555.6,0,0,"N",2.38583055234942e-05
30388,3,"T8",NA,"A",1242.5,931.9,0,0,"N",2.38583055234942e-05
30390,3,"T8",NA,"A",256.5,192.4,0,0,"N",2.38583055234942e-05
30392,3,"T8",NA,"A",786.9,590.2,0,0,"N",2.38583055234942e-05
30396,3,"T8",NA,"A",1185.85,889.4,0,0,"N",2.38583055234942e-05
30397,3,"T8",NA,"A",271,203.25,0,0,"N",2.38583055234942e-05
30399,3,"T8",NA,"A",372.75,279.6,0,0,"N",2.38583055234942e-05
30400,3,"T8",NA,"A",737.8,553.35,0,0,"N",2.38583055234942e-05
30406,3,"T8",NA,"C",60.95,45.75,51.85,0,"N",2.38583055234942e-05
30408,3,"T8",NA,"A",457.4,343.05,0,0,"N",2.38583055234942e-05
30409,3,"T8",NA,"C",203.45,152.6,172.95,0,"N",2.38583055234942e-05
30411,3,"T8",NA,"A",103.6,77.7,0,0,"N",2.38583055234942e-05
30412,3,"T8",NA,"A",61.1,45.85,0,0,"N",2.38583055234942e-05
30414,3,"T8",NA,"A",804.75,603.6,0,0,"N",2.38583055234942e-05
30415,3,"T8",NA,"A",1609.2,1206.9,0,0,"N",2.38583055234942e-05
30416,3,"T8",NA,"A",873.7,655.3,0,0,"N",2.38583055234942e-05
30417,3,"T8",NA,"A",1310.5,982.9,0,0,"N",2.38583055234942e-05
30418,3,"T8",NA,"A",1863.7,1397.8,0,0,"N",2.38583055234942e-05
30419,3,"T8",NA,"A",953.2,714.9,0,0,"N",2.38583055234942e-05
30421,3,"T8",NA,"A",2329.2,1746.9,0,0,"N",2.38583055234942e-05
30422,3,"T8",NA,"A",787.8,590.85,0,0,"N",2.38583055234942e-05
30425,3,"T8",NA,"A",1524.6,1143.45,0,0,"N",2.38583055234942e-05
30427,3,"T8",NA,"A",1821.05,1365.8,0,0,"N",2.38583055234942e-05
30428,3,"T8",NA,"A",1948.15,1461.15,0,0,"N",2.38583055234942e-05
30430,3,"T8",NA,"A",2710.2,2032.65,0,0,"N",2.38583055234942e-05
30431,3,"T8",NA,"A",608.15,456.15,0,0,"N",2.38583055234942e-05
30433,3,"T8",NA,"A",847,635.25,0,0,"N",2.38583055234942e-05
30439,3,"T8",NA,"A",216.45,162.35,0,0,"N",2.38583055234942e-05
30440,3,"T8",NA,"A",614.1,460.6,0,0,"N",2.38583055234942e-05
30441,3,"T8",NA,"A",159,119.25,0,0,"N",2.38583055234942e-05
30442,3,"T8",NA,"A",216.45,162.35,0,0,"N",2.38583055234942e-05
30443,3,"T8",NA,"A",749.4,562.05,0,0,"N",2.38583055234942e-05
30445,3,"T8",NA,"A",970.7,728.05,0,0,"N",2.38583055234942e-05
30448,3,"T8",NA,"A",1135.05,851.3,0,0,"N",2.38583055234942e-05
30449,3,"T8",NA,"A",1262.05,946.55,0,0,"N",2.38583055234942e-05
30450,3,"T8",NA,"A",611.75,458.85,0,0,"N",2.38583055234942e-05
30451,3,"T8",NA,"C",312.25,234.2,265.45,0,"N",2.38583055234942e-05
30452,3,"T8",NA,"A",440.35,330.3,0,0,"N",2.38583055234942e-05
30454,3,"T8",NA,"A",1537.8,1153.35,0,0,"N",2.38583055234942e-05
30455,3,"T8",NA,"A",1537.8,1153.35,0,0,"N",2.38583055234942e-05
30457,3,"T8",NA,"A",1609.2,1206.9,0,0,"N",2.38583055234942e-05
30458,3,"T8",NA,"A",1182.9,887.2,0,0,"N",2.38583055234942e-05
30460,3,"T8",NA,"A",1006.15,754.65,0,0,"N",2.38583055234942e-05
30461,3,"T8",NA,"A",1724.6,1293.45,0,0,"N",2.38583055234942e-05
30463,3,"T8",NA,"A",2117.6,1588.2,0,0,"N",2.38583055234942e-05
30464,3,"T8",NA,"A",2541.05,1905.8,0,0,"N",2.38583055234942e-05
30469,3,"T8",NA,"A",2007.55,1505.7,0,0,"N",2.38583055234942e-05
30472,3,"T8",NA,"A",1554.95,1166.25,0,0,"N",2.38583055234942e-05
30473,3,"T8",NA,"C",206.6,154.95,175.65,0,"N",2.38583055234942e-05
30475,3,"T8",NA,"A",407.1,305.35,0,0,"N",2.38583055234942e-05
30478,3,"T8",NA,"A",286.5,214.9,0,0,"N",2.38583055234942e-05
30479,3,"T8",NA,"C",555.35,416.55,472.05,0,"N",2.38583055234942e-05
30481,3,"T8",NA,"A",416.45,312.35,0,0,"N",2.38583055234942e-05
30482,3,"T8",NA,"C",296.15,222.15,251.75,0,"N",2.38583055234942e-05
30483,3,"T8",NA,"C",206.55,154.95,175.6,0,"N",2.38583055234942e-05
30484,3,"T8",NA,"A",425.75,319.35,0,0,"N",2.38583055234942e-05
30485,3,"T8",NA,"A",657.2,492.9,0,0,"N",2.38583055234942e-05
30488,3,"T8",NA,"A",105,78.75,0,0,"N",2.38583055234942e-05
30490,3,"T8",NA,"A",614.1,460.6,0,0,"N",2.38583055234942e-05
30491,3,"T8",NA,"A",647.9,485.95,0,0,"N",2.38583055234942e-05
30492,3,"T8",NA,"A",918.45,688.85,0,0,"N",2.38583055234942e-05
30494,3,"T8",NA,"A",490.55,367.95,0,0,"N",2.38583055234942e-05
30495,3,"T8",NA,"A",918.45,688.85,0,0,"N",2.38583055234942e-05
30515,3,"T8",NA,"A",821.7,616.3,0,0,"N",2.38583055234942e-05
30517,3,"T8",NA,"A",1075.8,806.85,0,0,"N",2.38583055234942e-05
30518,3,"T8",NA,"A",1152,864,0,0,"N",2.38583055234942e-05
30520,3,"T8",NA,"A",991.15,743.4,0,0,"N",2.38583055234942e-05
30521,3,"T8",NA,"A",1685.5,1264.15,0,0,"N",2.38583055234942e-05
30526,3,"T8",NA,"A",2515.45,1886.6,0,0,"N",2.38583055234942e-05
30529,3,"T8",NA,"A",1524.6,1143.45,0,0,"N",2.38583055234942e-05
30530,3,"T8",NA,"A",914.85,686.15,0,0,"N",2.38583055234942e-05
30532,3,"T8",NA,"A",1050.4,787.8,0,0,"N",2.38583055234942e-05
30533,3,"T8",NA,"A",1249.4,937.05,0,0,"N",2.38583055234942e-05
30559,3,"T8",NA,"A",991.15,743.4,0,0,"N",2.38583055234942e-05
30560,3,"T8",NA,"A",1100.95,825.75,0,0,"N",2.38583055234942e-05
30562,3,"T8",NA,"A",694,520.5,0,0,"N",2.38583055234942e-05
30563,3,"T8",NA,"A",694,520.5,0,0,"N",2.38583055234942e-05
30565,3,"T8",NA,"A",1016.4,762.3,0,0,"N",2.38583055234942e-05
30574,3,"T8",NA,"A",71.9,53.95,0,0,"N",2.38583055234942e-05
30577,3,"T8",NA,"A",1270.6,952.95,0,0,"N",2.38583055234942e-05
30583,3,"T8",NA,"A",1813.3,1360,0,0,"N",2.38583055234942e-05
30584,3,"T8",NA,"A",3499.65,2624.75,0,0,"N",2.38583055234942e-05
30589,3,"T8",NA,"A",1459.45,1094.6,0,0,"N",2.38583055234942e-05
30590,3,"T8",NA,"A",1609.2,1206.9,0,0,"N",2.38583055234942e-05
30593,3,"T8",NA,"A",2202.15,1651.65,0,0,"N",2.38583055234942e-05
30594,3,"T8",NA,"A",2541.05,1905.8,0,0,"N",2.38583055234942e-05
30596,3,"T8",NA,"A",1046.75,785.1,0,0,"N",2.38583055234942e-05
30599,3,"T8",NA,"A",1524.6,1143.45,0,0,"N",2.38583055234942e-05
30600,3,"T8",NA,"A",906.6,679.95,0,0,"N",2.38583055234942e-05
30601,3,"T8",NA,"A",1116.85,837.65,0,0,"N",2.38583055234942e-05
30606,3,"T8",NA,"A",1295.8,971.85,0,0,"N",2.38583055234942e-05
30608,3,"T8",NA,"A",1467.85,1100.9,0,0,"N",2.38583055234942e-05
30611,3,"T8",NA,"C",657.25,492.95,558.7,0,"N",2.38583055234942e-05
30615,3,"T8",NA,"A",608.15,456.15,0,0,"N",2.38583055234942e-05
30618,3,"T8",NA,"A",609.25,456.95,0,0,"N",2.38583055234942e-05
30619,3,"T8",NA,"A",1092.25,819.2,0,0,"N",2.38583055234942e-05
30621,3,"T8",NA,"A",475.4,356.55,0,0,"N",2.38583055234942e-05
30622,3,"T8",NA,"A",790.6,592.95,0,0,"N",2.38583055234942e-05
30623,3,"T8",NA,"A",790.6,592.95,0,0,"N",2.38583055234942e-05
30626,3,"T8",NA,"A",794.25,595.7,0,0,"N",2.38583055234942e-05
30627,3,"T8",NA,"A",333.55,250.2,0,0,"N",2.38583055234942e-05
30628,3,"T8",NA,"C",41.5,31.15,35.3,0,"N",2.38583055234942e-05
30629,3,"T8",NA,"A",608.15,456.15,0,0,"N",2.38583055234942e-05
30630,3,"T8",NA,"A",552.7,414.55,0,0,"N",2.38583055234942e-05
30631,3,"T8",NA,"A",276.05,207.05,0,0,"N",2.38583055234942e-05
30635,3,"T8",NA,"A",340.4,255.3,0,0,"N",2.38583055234942e-05
30636,3,"T8",NA,"C",272.05,204.05,231.25,0,"N",2.38583055234942e-05
30637,3,"T8",NA,"A",902.45,676.85,0,0,"N",2.38583055234942e-05
30639,3,"T8",NA,"A",902.45,676.85,0,0,"N",2.38583055234942e-05
30640,3,"T8",NA,"A",1067.35,800.55,0,0,"N",2.38583055234942e-05
30641,3,"T8",NA,"A",475.4,356.55,0,0,"N",2.38583055234942e-05
30642,3,"T8",NA,"A",884.45,663.35,0,0,"N",2.38583055234942e-05
30643,3,"T8",NA,"A",790.6,592.95,0,0,"N",2.38583055234942e-05
30644,3,"T8",NA,"A",608.15,456.15,0,0,"N",2.38583055234942e-05
30645,3,"T8",NA,"A",675.4,506.55,0,0,"N",2.38583055234942e-05
30646,3,"T8",NA,"A",675.4,506.55,0,0,"N",2.38583055234942e-05
30648,3,"T8",NA,"A",541.95,406.5,0,0,"N",2.38583055234942e-05
30649,3,"T8",NA,"A",218.95,164.25,0,0,"N",2.38583055234942e-05
30651,3,"T8",NA,"A",608.15,456.15,0,0,"N",2.38583055234942e-05
30652,3,"T8",NA,"A",608.15,456.15,0,0,"N",2.38583055234942e-05
30654,3,"T8",NA,"C",54.2,40.65,46.1,0,"N",2.38583055234942e-05
30655,3,"T8",NA,"A",1067.35,800.55,0,0,"N",2.38583055234942e-05
30657,3,"T8",NA,"A",1519.9,1139.95,0,0,"N",2.38583055234942e-05
30658,3,"T8",NA,"C",165.6,124.2,140.8,0,"N",2.38583055234942e-05
30661,3,"T8",NA,"A",447.5,335.65,0,0,"N",2.38583055234942e-05
30662,3,"T8",NA,"A",894.8,671.1,0,0,"N",2.38583055234942e-05
30663,3,"T8",NA,"A",168.4,126.3,0,0,"N",2.38583055234942e-05
30664,3,"T8",NA,"A",682.95,512.25,0,0,"N",2.38583055234942e-05
30665,3,"T8",NA,"A",955.3,716.5,0,0,"N",2.38583055234942e-05
30666,3,"T8",NA,"A",55.35,41.55,0,0,"N",2.38583055234942e-05
30672,3,"T8",NA,"A",519.65,389.75,0,0,"N",2.38583055234942e-05
30676,3,"T8",NA,"A",442.2,331.65,0,0,"N",2.38583055234942e-05
30679,3,"T8",NA,"A",112.35,84.3,0,0,"N",2.38583055234942e-05
30680,3,"T8",NA,"A",1364.9,1023.7,0,0,"N",2.38583055234942e-05
30682,3,"T8",NA,"A",1364.9,1023.7,0,0,"N",2.38583055234942e-05
30684,3,"T8",NA,"A",1679.65,1259.75,0,0,"N",2.38583055234942e-05
30686,3,"T8",NA,"A",1679.65,1259.75,0,0,"N",2.38583055234942e-05
30687,3,"T8",NA,"A",555.35,416.55,0,0,"N",2.38583055234942e-05
30688,3,"T8",NA,"A",425.75,319.35,0,0,"N",2.38583055234942e-05
30690,3,"T8",NA,"A",657.2,492.9,0,0,"N",2.38583055234942e-05
30692,3,"T8",NA,"A",425.75,319.35,0,0,"N",2.38583055234942e-05
30694,3,"T8",NA,"A",657.2,492.9,0,0,"N",2.38583055234942e-05
30720,3,"T8",NA,"A",519.65,389.75,0,0,"N",2.38583055234942e-05
30721,3,"T8",NA,"A",563.75,422.85,0,0,"N",2.38583055234942e-05
30722,3,"T8",NA,"A",608.15,456.15,0,0,"N",2.38583055234942e-05
30723,3,"T8",NA,"A",608.15,456.15,0,0,"N",2.38583055234942e-05
30724,3,"T8",NA,"A",610.95,458.25,0,0,"N",2.38583055234942e-05
30725,3,"T8",NA,"A",1082.75,812.1,0,0,"N",2.38583055234942e-05
30730,3,"T8",NA,"A",1129.1,846.85,0,0,"N",2.38583055234942e-05
30731,3,"T8",NA,"A",847,635.25,0,0,"N",2.38583055234942e-05
30732,3,"T8",NA,"A",4637.2,3477.9,0,0,"N",2.38583055234942e-05
30750,3,"T8",NA,"A",2405.8,1804.35,0,0,"N",2.38583055234942e-05
30751,3,"T8",NA,"A",2405.8,1804.35,0,0,"N",2.38583055234942e-05
30752,3,"T8",NA,"A",1804.3,1353.25,0,0,"N",2.38583055234942e-05
30753,3,"T8",NA,"A",2007.55,1505.7,0,0,"N",2.38583055234942e-05
30754,3,"T8",NA,"A",2007.55,1505.7,0,0,"N",2.38583055234942e-05
30755,3,"T8",NA,"A",1505.65,1129.25,0,0,"N",2.38583055234942e-05
30756,3,"T8",NA,"A",1016.4,762.3,0,0,"N",2.38583055234942e-05
30760,3,"T8",NA,"A",686.1,514.6,0,0,"N",2.38583055234942e-05
30761,3,"T8",NA,"A",885.15,663.9,0,0,"N",2.38583055234942e-05
30762,3,"T8",NA,"A",1939.65,1454.75,0,0,"N",2.38583055234942e-05
30763,3,"T8",NA,"A",787.8,590.85,0,0,"N",2.38583055234942e-05
30770,3,"T8",NA,"A",975.65,731.75,0,0,"N",2.38583055234942e-05
30771,3,"T8",NA,"A",1967.85,1475.9,0,0,"N",2.38583055234942e-05
30780,3,"T8",NA,"A",1638.9,1229.2,0,0,"N",2.38583055234942e-05
30790,3,"T8",NA,"A",818.1,613.6,0,0,"N",2.38583055234942e-05
30791,3,"T8",NA,"A",508.3,381.25,0,0,"N",2.38583055234942e-05
30792,3,"T8",NA,"A",1393.2,1044.9,0,0,"N",2.38583055234942e-05
30800,3,"T8",NA,"A",840.2,630.15,0,0,"N",2.38583055234942e-05
30810,3,"T8",NA,"A",1338.3,1003.75,0,0,"N",2.38583055234942e-05
30820,3,"T8",NA,"C",214.55,160.95,182.4,0,"N",2.38583055234942e-05
31000,3,"T8",NA,"C",677.7,508.3,576.05,0,"N",2.38583055234942e-05
31001,3,"T8",NA,"C",847,635.25,744.6,0,"N",2.38583055234942e-05
31002,3,"T8",NA,"C",1016.4,762.3,914,0,"N",2.38583055234942e-05
31003,3,"T8",NA,"C",677.7,508.3,576.05,0,"N",2.38583055234942e-05
31004,3,"T8",NA,"C",847,635.25,744.6,0,"N",2.38583055234942e-05
31005,3,"T8",NA,"C",1016.4,762.3,914,0,"N",2.38583055234942e-05
31206,3,"T8",NA,"C",111.4,83.55,94.7,0,"N",2.38583055234942e-05
31211,3,"T8",NA,"C",143.6,107.7,122.1,0,"N",2.38583055234942e-05
31216,3,"T8",NA,"C",167.55,125.7,142.45,0,"N",2.38583055234942e-05
31220,3,"T8",NA,"C",250.2,187.65,212.7,0,"N",2.38583055234942e-05
31221,3,"T8",NA,"C",250.2,187.65,212.7,0,"N",2.38583055234942e-05
31225,3,"T8",NA,"C",444.85,333.65,378.15,0,"N",2.38583055234942e-05
31227,3,"T8",NA,"C",156.25,117.2,132.85,0,"N",2.38583055234942e-05
31245,3,"T8",NA,"A",430.4,322.8,0,0,"N",2.38583055234942e-05
31250,3,"T8",NA,"C",430.4,322.8,365.85,0,"N",2.38583055234942e-05
31344,3,"T8",NA,"A",736.95,552.75,0,0,"N",2.38583055234942e-05
31345,3,"T8",NA,"C",246.1,184.6,209.2,0,"N",2.38583055234942e-05
31346,3,"T8",NA,"C",246.1,184.6,209.2,0,"N",2.38583055234942e-05
31350,3,"T8",NA,"C",505.5,379.15,429.7,0,"N",2.38583055234942e-05
31355,3,"T8",NA,"C",833.55,625.2,731.15,0,"N",2.38583055234942e-05
31356,3,"T8",NA,"C",258.2,193.65,219.5,0,"N",2.38583055234942e-05
31357,3,"T8",NA,"C",127.9,95.95,108.75,0,"N",2.38583055234942e-05
31358,3,"T8",NA,"C",316,237,268.6,0,"N",2.38583055234942e-05
31359,3,"T8",NA,"A",385.15,288.9,0,0,"N",2.38583055234942e-05
31360,3,"T8",NA,"C",196,147,166.6,0,"N",2.38583055234942e-05
31361,3,"T8",NA,"C",217.8,163.35,185.15,0,"N",2.38583055234942e-05
31362,3,"T8",NA,"C",156.25,117.2,132.85,0,"N",2.38583055234942e-05
31363,3,"T8",NA,"C",284.95,213.75,242.25,0,"N",2.38583055234942e-05
31364,3,"T8",NA,"C",196,147,166.6,0,"N",2.38583055234942e-05
31365,3,"T8",NA,"C",184.65,138.5,157,0,"N",2.38583055234942e-05
31366,3,"T8",NA,"C",111.4,83.55,94.7,0,"N",2.38583055234942e-05
31367,3,"T8",NA,"C",249.2,186.9,211.85,0,"N",2.38583055234942e-05
31368,3,"T8",NA,"C",146.5,109.9,124.55,0,"N",2.38583055234942e-05
31369,3,"T8",NA,"C",286.85,215.15,243.85,0,"N",2.38583055234942e-05
31370,3,"T8",NA,"C",167.55,125.7,142.45,0,"N",2.38583055234942e-05
31371,3,"T8",NA,"C",416.45,312.35,354,0,"N",2.38583055234942e-05
31372,3,"T8",NA,"C",360.15,270.15,306.15,0,"N",2.38583055234942e-05
31373,3,"T8",NA,"C",416.25,312.2,353.85,0,"N",2.38583055234942e-05
31374,3,"T8",NA,"C",328.85,246.65,279.55,0,"N",2.38583055234942e-05
31375,3,"T8",NA,"C",353.9,265.45,300.85,0,"N",2.38583055234942e-05
31376,3,"T8",NA,"C",410.2,307.65,348.7,0,"N",2.38583055234942e-05
31377,3,"T8",NA,"C",127.9,95.95,108.75,0,"N",2.38583055234942e-05
31378,3,"T8",NA,"C",196,147,166.6,0,"N",2.38583055234942e-05
31379,3,"T8",NA,"C",156.25,117.2,132.85,0,"N",2.38583055234942e-05
31380,3,"T8",NA,"C",196,147,166.6,0,"N",2.38583055234942e-05
31381,3,"T8",NA,"C",111.4,83.55,94.7,0,"N",2.38583055234942e-05
31382,3,"T8",NA,"C",146.5,109.9,124.55,0,"N",2.38583055234942e-05
31383,3,"T8",NA,"C",167.55,125.7,142.45,0,"N",2.38583055234942e-05
31386,3,"T8",NA,"A",833.55,625.2,0,0,"N",2.38583055234942e-05
31387,3,"T8",NA,"A",750.05,562.55,0,0,"N",2.38583055234942e-05
31388,3,"T8",NA,"A",675,506.25,0,0,"N",2.38583055234942e-05
31400,3,"T8",NA,"A",304.6,228.45,0,0,"N",2.38583055234942e-05
31403,3,"T8",NA,"A",351.5,263.65,0,0,"N",2.38583055234942e-05
31406,3,"T8",NA,"A",585.8,439.35,0,0,"N",2.38583055234942e-05
31409,3,"T8",NA,"A",1820.05,1365.05,0,0,"N",2.38583055234942e-05
31412,3,"T8",NA,"A",2241.9,1681.45,0,0,"N",2.38583055234942e-05
31423,3,"T8",NA,"A",468.75,351.6,0,0,"N",2.38583055234942e-05
31426,3,"T8",NA,"A",937.3,703,0,0,"N",2.38583055234942e-05
31429,3,"T8",NA,"A",1460.7,1095.55,0,0,"N",2.38583055234942e-05
31432,3,"T8",NA,"A",1562.25,1171.7,0,0,"N",2.38583055234942e-05
31435,3,"T8",NA,"A",1148.25,861.2,0,0,"N",2.38583055234942e-05
31438,3,"T8",NA,"A",1820.05,1365.05,0,0,"N",2.38583055234942e-05
31454,3,"T8",NA,"A",657.2,492.9,0,0,"N",2.38583055234942e-05
31456,3,"T8",NA,"A",286.5,214.9,0,0,"N",2.38583055234942e-05
31458,3,"T8",NA,"A",343.7,257.8,0,0,"N",2.38583055234942e-05
31460,3,"T8",NA,"A",416.45,312.35,0,0,"N",2.38583055234942e-05
31462,3,"T8",NA,"A",608.15,456.15,0,0,"N",2.38583055234942e-05
31466,3,"T8",NA,"A",1524.65,1143.5,0,0,"N",2.38583055234942e-05
31468,3,"T8",NA,"A",1675,1256.25,0,0,"N",2.38583055234942e-05
31472,3,"T8",NA,"A",1569.4,1177.05,0,0,"N",2.38583055234942e-05
31500,3,"T8",NA,"A",303.3,227.5,0,0,"N",2.38583055234942e-05
31503,3,"T8",NA,"A",404.5,303.4,0,0,"N",2.38583055234942e-05
31506,3,"T8",NA,"A",455.1,341.35,0,0,"N",2.38583055234942e-05
31509,3,"T8",NA,"A",404.5,303.4,0,0,"N",2.38583055234942e-05
31512,3,"T8",NA,"A",758.45,568.85,0,0,"N",2.38583055234942e-05
31513,3,"T8",NA,"A",991.6,743.7,0,0,"N",2.38583055234942e-05
31514,3,"T8",NA,"A",1429.6,1072.2,0,0,"N",2.38583055234942e-05
31515,3,"T8",NA,"A",508.85,381.65,0,0,"N",2.38583055234942e-05
31516,3,"T8",NA,"A",1011.4,758.55,0,0,"N",2.38583055234942e-05
31519,3,"T8",NA,"A",858.7,644.05,0,0,"N",2.38583055234942e-05
31520,3,"T8",NA,"A",1502.6,1126.95,0,0,"N",2.38583055234942e-05
31522,3,"T8",NA,"A",1213.5,910.15,0,0,"N",2.38583055234942e-05
31523,3,"T8",NA,"A",2123.7,1592.8,0,0,"N",2.38583055234942e-05
31525,3,"T8",NA,"A",606.6,454.95,0,0,"N",2.38583055234942e-05
31526,3,"T8",NA,"A",1061.6,796.2,0,0,"N",2.38583055234942e-05
31528,3,"T8",NA,"A",1213.5,910.15,0,0,"N",2.38583055234942e-05
31529,3,"T8",NA,"A",2123.7,1592.8,0,0,"N",2.38583055234942e-05
31530,3,"T8",NA,"C",694.9,521.2,592.5,0,"N",2.38583055234942e-05
31533,3,"T8",NA,"C",160.85,120.65,136.75,0,"N",2.38583055234942e-05
31536,3,"T8",NA,"C",221,165.75,187.85,0,"N",2.38583055234942e-05
31537,3,"T8",NA,"C",221,165.75,187.85,0,"N",2.38583055234942e-05
31548,3,"T8",NA,"C",233.3,175,198.35,0,"N",2.38583055234942e-05
31551,3,"T8",NA,"A",252.85,189.65,0,0,"N",2.38583055234942e-05
31554,3,"T8",NA,"A",505.65,379.25,0,0,"N",2.38583055234942e-05
31557,3,"T8",NA,"A",404.5,303.4,0,0,"N",2.38583055234942e-05
31560,3,"T8",NA,"C",404.5,303.4,343.85,0,"N",2.38583055234942e-05
31563,3,"T8",NA,"C",302.95,227.25,257.55,0,"N",2.38583055234942e-05
31566,3,"T8",NA,"C",151.6,113.7,128.9,0,"N",2.38583055234942e-05
31569,3,"T8",1,"A",991.15,743.4,0,0,"N",2.38583055234942e-05
31572,3,"T8",1,"A",1219.55,914.7,0,0,"N",2.38583055234942e-05
31575,3,"T8",1,"A",991.15,743.4,0,0,"N",2.38583055234942e-05
31578,3,"T8",1,"A",991.15,743.4,0,0,"N",2.38583055234942e-05
31581,3,"T8",1,"A",1219.55,914.7,0,0,"N",2.38583055234942e-05
31584,3,"T8",1,"A",1795.55,1346.7,0,0,"N",2.38583055234942e-05
31585,3,"T8",NA,"A",970.7,728.05,0,0,"N",2.38583055234942e-05
31587,3,"T8",1,"C",114.3,85.75,97.2,0,"N",2.38583055234942e-05
31590,3,"T8",1,"C",293.75,220.35,249.7,0,"N",2.38583055234942e-05
32000,3,"T8",NA,"A",1203.1,902.35,0,0,"N",2.38583055234942e-05
32003,3,"T8",NA,"A",1258.45,943.85,0,0,"N",2.38583055234942e-05
32004,3,"T8",NA,"A",1342,1006.5,0,0,"N",2.38583055234942e-05
32005,3,"T8",NA,"A",1516,1137,0,0,"N",2.38583055234942e-05
32006,3,"T8",NA,"A",1342,1006.5,0,0,"N",2.38583055234942e-05
32009,3,"T8",NA,"A",1591.85,1193.9,0,0,"N",2.38583055234942e-05
32012,3,"T8",NA,"A",1758.4,1318.8,0,0,"N",2.38583055234942e-05
32015,3,"T8",NA,"A",2161.1,1620.85,0,0,"N",2.38583055234942e-05
32018,3,"T8",NA,"A",1832.55,1374.45,0,0,"N",2.38583055234942e-05
32021,3,"T8",NA,"A",657.2,492.9,0,0,"N",2.38583055234942e-05
32023,3,"T8",NA,"A",647.9,485.95,0,0,"N",2.38583055234942e-05
32024,3,"T8",NA,"A",1591.85,1193.9,0,0,"N",2.38583055234942e-05
32025,3,"T8",NA,"A",2129.3,1597,0,0,"N",2.38583055234942e-05
32026,3,"T8",NA,"A",2384.3,1788.25,0,0,"N",2.38583055234942e-05
32028,3,"T8",NA,"A",2532.7,1899.55,0,0,"N",2.38583055234942e-05
32030,3,"T8",NA,"A",1203.1,902.35,0,0,"N",2.38583055234942e-05
32033,3,"T8",NA,"A",1758.4,1318.8,0,0,"N",2.38583055234942e-05
32036,3,"T8",NA,"A",2230.25,1672.7,0,0,"N",2.38583055234942e-05
32039,3,"T8",NA,"A",1790.7,1343.05,0,0,"N",2.38583055234942e-05
32042,3,"T8",NA,"A",1508.55,1131.45,0,0,"N",2.38583055234942e-05
32045,3,"T8",NA,"A",564.6,423.45,0,0,"N",2.38583055234942e-05
32046,3,"T8",NA,"A",872.45,654.35,0,0,"N",2.38583055234942e-05
32047,3,"T8",NA,"A",1016.4,762.3,0,0,"N",2.38583055234942e-05
32051,3,"T8",NA,"A",2702.45,2026.85,0,0,"N",2.38583055234942e-05
32054,3,"T8",NA,"A",2480.35,1860.3,0,0,"N",2.38583055234942e-05
32057,3,"T8",NA,"A",657.2,492.9,0,0,"N",2.38583055234942e-05
32060,3,"T8",NA,"A",2702.45,2026.85,0,0,"N",2.38583055234942e-05
32063,3,"T8",NA,"A",2480.35,1860.3,0,0,"N",2.38583055234942e-05
32066,3,"T8",NA,"A",657.2,492.9,0,0,"N",2.38583055234942e-05
32069,3,"T8",NA,"A",1999.05,1499.3,0,0,"N",2.38583055234942e-05
32072,3,"T8",NA,"C",55.8,41.85,47.45,0,"N",2.38583055234942e-05
32075,3,"T8",NA,"A",87.55,65.7,0,0,"N",2.38583055234942e-05
32084,3,"T8",NA,"A",129.95,97.5,0,0,"N",2.38583055234942e-05
32087,3,"T8",NA,"A",238.8,179.1,0,0,"N",2.38583055234942e-05
32094,3,"T8",NA,"A",643.75,482.85,0,0,"N",2.38583055234942e-05
32095,3,"T8",NA,"A",149.1,111.85,0,0,"N",2.38583055234942e-05
32096,3,"T8",NA,"A",299.8,224.85,0,0,"N",2.38583055234942e-05
32105,3,"T8",NA,"A",564.6,423.45,0,0,"N",2.38583055234942e-05
32106,3,"T8",NA,"A",1591.85,1193.9,0,0,"N",2.38583055234942e-05
32108,3,"T8",NA,"A",1166.2,874.65,0,0,"N",2.38583055234942e-05
32117,3,"T8",NA,"A",1465.45,1099.1,0,0,"N",2.38583055234942e-05
32118,3,"T8",NA,"A",1718.55,1288.95,0,0,"N",2.38583055234942e-05
32123,3,"T8",NA,"A",388.75,291.6,0,0,"N",2.38583055234942e-05
32129,3,"T8",NA,"A",740.4,555.3,0,0,"N",2.38583055234942e-05
32131,3,"T8",NA,"A",622.5,466.9,0,0,"N",2.38583055234942e-05
32135,3,"T8",NA,"C",78.75,59.1,66.95,0,"N",2.38583055234942e-05
32139,3,"T8",NA,"A",428.95,321.75,0,0,"N",2.38583055234942e-05
32147,3,"T8",NA,"C",52.6,39.45,44.75,0,"N",2.38583055234942e-05
32150,3,"T8",NA,"A",299.8,224.85,0,0,"N",2.38583055234942e-05
32156,3,"T8",NA,"A",153.6,115.2,0,0,"N",2.38583055234942e-05
32159,3,"T8",NA,"A",388.75,291.6,0,0,"N",2.38583055234942e-05
32162,3,"T8",NA,"A",564.6,423.45,0,0,"N",2.38583055234942e-05
32165,3,"T8",NA,"A",740.4,555.3,0,0,"N",2.38583055234942e-05
32166,3,"T8",NA,"C",240.6,180.45,204.55,0,"N",2.38583055234942e-05
32171,3,"T8",NA,"A",103.6,77.7,0,0,"N",2.38583055234942e-05
32174,3,"T8",NA,"C",103.6,77.7,88.1,0,"N",2.38583055234942e-05
32175,3,"T8",NA,"A",189.75,142.35,0,0,"N",2.38583055234942e-05
32183,3,"T8",NA,"A",655.2,491.4,0,0,"N",2.38583055234942e-05
32186,3,"T8",NA,"A",655.2,491.4,0,0,"N",2.38583055234942e-05
32212,3,"T8",NA,"A",159,119.25,0,0,"N",2.38583055234942e-05
32213,3,"T8",NA,"A",771,578.25,0,0,"N",2.38583055234942e-05
32215,3,"T8",NA,"C",146.3,109.75,124.4,0,"N",2.38583055234942e-05
32216,3,"T8",NA,"A",692.45,519.35,0,0,"N",2.38583055234942e-05
32218,3,"T8",NA,"A",182.3,136.75,0,0,"N",2.38583055234942e-05
32221,3,"T8",NA,"A",1054.45,790.85,0,0,"N",2.38583055234942e-05
32222,3,"T8",NA,"A",390.05,292.55,0,0,"N",2.38583055234942e-05
32223,3,"T8",NA,"A",390.05,292.55,0,0,"N",2.38583055234942e-05
32224,3,"T8",NA,"A",390.05,292.55,0,0,"N",2.38583055234942e-05
32225,3,"T8",NA,"A",390.05,292.55,0,0,"N",2.38583055234942e-05
32226,3,"T8",NA,"A",390.05,292.55,0,0,"N",2.38583055234942e-05
32227,3,"T8",NA,"A",547.3,410.5,0,0,"N",2.38583055234942e-05
32228,3,"T8",NA,"A",390.05,292.55,0,0,"N",2.38583055234942e-05
32229,3,"T8",NA,"A",314.6,235.95,0,0,"N",2.38583055234942e-05
32230,3,"T8",NA,"A",779.45,584.6,0,0,"N",2.38583055234942e-05
32231,3,"T8",NA,"A",388.75,291.6,0,0,"N",2.38583055234942e-05
32232,3,"T8",NA,"A",1054,790.5,0,0,"N",2.38583055234942e-05
32233,3,"T8",NA,"A",748.55,561.45,0,0,"N",2.38583055234942e-05
32234,3,"T8",NA,"A",148.05,111.05,0,0,"N",2.38583055234942e-05
32235,3,"T8",NA,"C",142.85,107.15,121.45,0,"N",2.38583055234942e-05
32236,3,"T8",NA,"A",203.25,152.45,0,0,"N",2.38583055234942e-05
32237,3,"T8",NA,"A",329.7,247.3,0,0,"N",2.38583055234942e-05
32500,3,"T8",1,"C",128.1,96.1,108.9,0,"N",2.38583055234942e-05
32504,3,"T8",1,"C",312.25,234.2,265.45,0,"N",2.38583055234942e-05
32507,3,"T8",1,"A",622.5,466.9,0,0,"N",2.38583055234942e-05
32508,3,"T8",1,"A",622.5,466.9,0,0,"N",2.38583055234942e-05
32511,3,"T8",1,"A",925.45,694.1,0,0,"N",2.38583055234942e-05
32514,3,"T8",1,"A",1081.2,810.9,0,0,"N",2.38583055234942e-05
32517,3,"T8",1,"A",1392.25,1044.2,0,0,"N",2.38583055234942e-05
32520,3,"T8",1,"C",622.5,466.9,529.15,0,"N",2.38583055234942e-05
32522,3,"T8",1,"C",925.45,694.1,823.05,0,"N",2.38583055234942e-05
32523,3,"T8",1,"C",622.5,466.9,529.15,0,"N",2.38583055234942e-05
32526,3,"T8",1,"C",925.45,694.1,823.05,0,"N",2.38583055234942e-05
32528,3,"T8",1,"C",622.5,466.9,529.15,0,"N",2.38583055234942e-05
32529,3,"T8",1,"C",925.45,694.1,823.05,0,"N",2.38583055234942e-05
32700,3,"T8",2,"A",1675.55,1256.7,0,0,"N",2.38583055234942e-05
32703,3,"T8",2,"A",1386.1,1039.6,0,0,"N",2.38583055234942e-05
32708,3,"T8",2,"A",1658.1,1243.6,0,0,"N",2.38583055234942e-05
32710,3,"T8",2,"A",1842.35,1381.8,0,0,"N",2.38583055234942e-05
32711,3,"T8",2,"A",2026.6,1519.95,0,0,"N",2.38583055234942e-05
32712,3,"T8",2,"A",1465.05,1098.8,0,0,"N",2.38583055234942e-05
32715,3,"T8",2,"A",1465.05,1098.8,0,0,"N",2.38583055234942e-05
32718,3,"T8",2,"A",1386.1,1039.6,0,0,"N",2.38583055234942e-05
32721,3,"T8",2,"A",2201.7,1651.3,0,0,"N",2.38583055234942e-05
32724,3,"T8",2,"A",2500.1,1875.1,0,0,"N",2.38583055234942e-05
32730,3,"T8",2,"A",1894.9,1421.2,0,0,"N",2.38583055234942e-05
32733,3,"T8",2,"A",2201.7,1651.3,0,0,"N",2.38583055234942e-05
32736,3,"T8",2,"A",482.45,361.85,0,0,"N",2.38583055234942e-05
32739,3,"T8",2,"A",1508.85,1131.65,0,0,"N",2.38583055234942e-05
32742,3,"T8",2,"A",1728.25,1296.2,0,0,"N",2.38583055234942e-05
32745,3,"T8",2,"A",1973.75,1480.35,0,0,"N",2.38583055234942e-05
32748,3,"T8",2,"A",2140.45,1605.35,0,0,"N",2.38583055234942e-05
32751,3,"T8",2,"A",1386.1,1039.6,0,0,"N",2.38583055234942e-05
32754,3,"T8",2,"A",1728.25,1296.2,0,0,"N",2.38583055234942e-05
32757,3,"T8",2,"A",482.45,361.85,0,0,"N",2.38583055234942e-05
32760,3,"T8",2,"A",473.65,355.25,0,0,"N",2.38583055234942e-05
32763,3,"T8",2,"A",1386.1,1039.6,0,0,"N",2.38583055234942e-05
32766,3,"T8",2,"A",921.2,690.9,0,0,"N",2.38583055234942e-05
32769,3,"T8",2,"A",319.25,239.45,0,0,"N",2.38583055234942e-05
33050,3,"T8",3,"A",1697.75,1273.35,0,0,"N",2.38583055234942e-05
33055,3,"T8",3,"A",1361.45,1021.1,0,0,"N",2.38583055234942e-05
33070,3,"T8",3,"C",982.2,736.65,879.8,0,"N",2.38583055234942e-05
33075,3,"T8",3,"A",1249.45,937.1,0,0,"N",2.38583055234942e-05
33080,3,"T8",3,"A",1525.2,1143.9,0,0,"N",2.38583055234942e-05
33100,3,"T8",3,"A",1675.55,1256.7,0,0,"N",2.38583055234942e-05
33103,3,"T8",3,"A",2351,1763.25,0,0,"N",2.38583055234942e-05
33109,3,"T8",3,"A",2842.35,2131.8,0,0,"N",2.38583055234942e-05
33112,3,"T8",3,"A",2465,1848.75,0,0,"N",2.38583055234942e-05
33115,3,"T8",3,"A",1658.1,1243.6,0,0,"N",2.38583055234942e-05
33116,3,"T8",3,"A",1632.05,1224.05,0,0,"N",2.38583055234942e-05
33118,3,"T8",3,"A",1842.35,1381.8,0,0,"N",2.38583055234942e-05
33119,3,"T8",3,"A",1813.5,1360.15,0,0,"N",2.38583055234942e-05
33121,3,"T8",3,"A",2026.6,1519.95,0,0,"N",2.38583055234942e-05
33124,3,"T8",3,"A",1412.5,1059.4,0,0,"N",2.38583055234942e-05
33127,3,"T8",3,"A",1851.15,1388.4,0,0,"N",2.38583055234942e-05
33130,3,"T8",3,"A",1614.2,1210.65,0,0,"N",2.38583055234942e-05
33133,3,"T8",3,"A",1210.55,907.95,0,0,"N",2.38583055234942e-05
33136,3,"T8",3,"A",3052.65,2289.5,0,0,"N",2.38583055234942e-05
33139,3,"T8",3,"A",1851.15,1388.4,0,0,"N",2.38583055234942e-05
33142,3,"T8",3,"A",1728.25,1296.2,0,0,"N",2.38583055234942e-05
33145,3,"T8",3,"A",2973.8,2230.35,0,0,"N",2.38583055234942e-05
33148,3,"T8",3,"A",3693.15,2769.9,0,0,"N",2.38583055234942e-05
33151,3,"T8",3,"A",3509,2631.75,0,0,"N",2.38583055234942e-05
33154,3,"T8",3,"A",2596.6,1947.45,0,0,"N",2.38583055234942e-05
33157,3,"T8",3,"A",2894.85,2171.15,0,0,"N",2.38583055234942e-05
33160,3,"T8",3,"A",2894.85,2171.15,0,0,"N",2.38583055234942e-05
33163,3,"T8",3,"A",2456.45,1842.35,0,0,"N",2.38583055234942e-05
33166,3,"T8",3,"A",2456.45,1842.35,0,0,"N",2.38583055234942e-05
33169,3,"T8",3,"A",1912.45,1434.35,0,0,"N",2.38583055234942e-05
33172,3,"T8",3,"A",1491.3,1118.5,0,0,"N",2.38583055234942e-05
33175,3,"T8",3,"A",1374.35,1030.8,0,0,"N",2.38583055234942e-05
33178,3,"T8",3,"A",1747.7,1310.8,0,0,"N",2.38583055234942e-05
33181,3,"T8",3,"A",2136.8,1602.6,0,0,"N",2.38583055234942e-05
33500,3,"T8",4,"A",1324.5,993.4,0,0,"N",2.38583055234942e-05
33506,3,"T8",4,"A",1482.55,1111.95,0,0,"N",2.38583055234942e-05
33509,3,"T8",4,"A",1658.1,1243.6,0,0,"N",2.38583055234942e-05
33512,3,"T8",4,"A",1842.35,1381.8,0,0,"N",2.38583055234942e-05
33515,3,"T8",4,"A",2026.6,1519.95,0,0,"N",2.38583055234942e-05
33518,3,"T8",4,"A",1482.55,1111.95,0,0,"N",2.38583055234942e-05
33521,3,"T8",4,"A",1605.2,1203.9,0,0,"N",2.38583055234942e-05
33524,3,"T8",4,"A",1894.9,1421.2,0,0,"N",2.38583055234942e-05
33527,3,"T8",4,"A",2201.7,1651.3,0,0,"N",2.38583055234942e-05
33530,3,"T8",4,"A",1894.9,1421.2,0,0,"N",2.38583055234942e-05
33533,3,"T8",4,"A",2201.7,1651.3,0,0,"N",2.38583055234942e-05
33536,3,"T8",4,"A",1570.3,1177.75,0,0,"N",2.38583055234942e-05
33539,3,"T8",4,"A",1131.55,848.7,0,0,"N",2.38583055234942e-05
33542,3,"T8",4,"A",1614.2,1210.65,0,0,"N",2.38583055234942e-05
33545,3,"T8",4,"A",319.25,239.45,0,0,"N",2.38583055234942e-05
33548,3,"T8",4,"A",649.3,487,0,0,"N",2.38583055234942e-05
33551,3,"T8",4,"A",319.25,239.45,0,0,"N",2.38583055234942e-05
33554,3,"T8",4,"A",317.8,238.35,0,0,"N",2.38583055234942e-05
33800,3,"T8",5,"A",1377.3,1033,0,0,"N",2.38583055234942e-05
33803,3,"T8",5,"A",1316,987,0,0,"N",2.38583055234942e-05
33806,3,"T8",5,"A",947.45,710.6,0,0,"N",2.38583055234942e-05
33810,3,"T8",5,"A",691.2,518.4,0,0,"N",2.38583055234942e-05
33811,3,"T8",5,"A",2057.55,1543.2,0,0,"N",2.38583055234942e-05
33812,3,"T8",5,"A",1087.7,815.8,0,0,"N",2.38583055234942e-05
33815,3,"T8",5,"A",1000,750,0,0,"N",2.38583055234942e-05
33818,3,"T8",5,"A",1166.8,875.1,0,0,"N",2.38583055234942e-05
33821,3,"T8",5,"A",1333.4,1000.05,0,0,"N",2.38583055234942e-05
33824,3,"T8",5,"A",1271.9,953.95,0,0,"N",2.38583055234942e-05
33827,3,"T8",5,"A",1491.3,1118.5,0,0,"N",2.38583055234942e-05
33830,3,"T8",5,"A",1710.55,1282.95,0,0,"N",2.38583055234942e-05
33833,3,"T8",5,"A",1552.9,1164.7,0,0,"N",2.38583055234942e-05
33836,3,"T8",5,"A",1851.15,1388.4,0,0,"N",2.38583055234942e-05
33839,3,"T8",5,"A",2166.75,1625.1,0,0,"N",2.38583055234942e-05
33842,3,"T8",5,"A",1070.2,802.65,0,0,"N",2.38583055234942e-05
33845,3,"T8",5,"A",745.8,559.35,0,0,"N",2.38583055234942e-05
33848,3,"T8",5,"A",745.8,559.35,0,0,"N",2.38583055234942e-05
34100,3,"T8",6,"A",824.7,618.55,0,0,"N",2.38583055234942e-05
34103,3,"T8",6,"A",482.45,361.85,0,0,"N",2.38583055234942e-05
34106,3,"T8",6,"A",340.3,255.25,0,0,"N",2.38583055234942e-05
34109,3,"T8",6,"C",394.75,296.1,335.55,0,"N",2.38583055234942e-05
34112,3,"T8",6,"A",1000,750,0,0,"N",2.38583055234942e-05
34115,3,"T8",6,"A",1131.55,848.7,0,0,"N",2.38583055234942e-05
34118,3,"T8",6,"A",1614.2,1210.65,0,0,"N",2.38583055234942e-05
34121,3,"T8",6,"A",1289.45,967.1,0,0,"N",2.38583055234942e-05
34124,3,"T8",6,"A",1412.5,1059.4,0,0,"N",2.38583055234942e-05
34127,3,"T8",6,"A",1851.15,1388.4,0,0,"N",2.38583055234942e-05
34130,3,"T8",6,"A",578.9,434.2,0,0,"N",2.38583055234942e-05
34133,3,"T8",6,"A",649.3,487,0,0,"N",2.38583055234942e-05
34136,3,"T8",6,"A",1043.75,782.85,0,0,"N",2.38583055234942e-05
34139,3,"T8",6,"A",1043.75,782.85,0,0,"N",2.38583055234942e-05
34142,3,"T8",6,"A",1289.45,967.1,0,0,"N",2.38583055234942e-05
34145,3,"T8",6,"A",938.6,703.95,0,0,"N",2.38583055234942e-05
34148,3,"T8",6,"A",1675.55,1256.7,0,0,"N",2.38583055234942e-05
34151,3,"T8",6,"A",2289.5,1717.15,0,0,"N",2.38583055234942e-05
34154,3,"T8",6,"A",2728.3,2046.25,0,0,"N",2.38583055234942e-05
34157,3,"T8",6,"A",1386.1,1039.6,0,0,"N",2.38583055234942e-05
34160,3,"T8",6,"A",2596.6,1947.45,0,0,"N",2.38583055234942e-05
34163,3,"T8",6,"A",3333.5,2500.15,0,0,"N",2.38583055234942e-05
34166,3,"T8",6,"A",3333.5,2500.15,0,0,"N",2.38583055234942e-05
34169,3,"T8",6,"A",1851.15,1388.4,0,0,"N",2.38583055234942e-05
34172,3,"T8",6,"A",1508.85,1131.65,0,0,"N",2.38583055234942e-05
34175,3,"T8",6,"A",1386.1,1039.6,0,0,"N",2.38583055234942e-05
34500,3,"T8",7,"A",359.85,269.9,0,0,"N",2.38583055234942e-05
34503,3,"T8",7,"A",482.45,361.85,0,0,"N",2.38583055234942e-05
34506,3,"T8",7,"A",245.45,184.1,0,0,"N",2.38583055234942e-05
34509,3,"T8",7,"A",1140.35,855.3,0,0,"N",2.38583055234942e-05
34512,3,"T8",7,"A",1254.6,940.95,0,0,"N",2.38583055234942e-05
34515,3,"T8",7,"A",894.7,671.05,0,0,"N",2.38583055234942e-05
34518,3,"T8",7,"A",1499.95,1125,0,0,"N",2.38583055234942e-05
34521,3,"T8",7,"A",921.6,691.2,0,0,"N",2.38583055234942e-05
34524,3,"T8",7,"A",482.45,361.85,0,0,"N",2.38583055234942e-05
34527,3,"T8",7,"A",643.5,482.65,0,0,"N",2.38583055234942e-05
34528,3,"T8",7,"A",317.8,238.35,0,0,"N",2.38583055234942e-05
34529,3,"T8",7,"A",836.6,627.45,0,0,"N",2.38583055234942e-05
34530,3,"T8",7,"A",238.2,178.65,0,0,"N",2.38583055234942e-05
34533,3,"T8",7,"A",1447.25,1085.45,0,0,"N",2.38583055234942e-05
34534,3,"T8",7,"A",413.15,309.9,0,0,"N",2.38583055234942e-05
34538,3,"T8",7,"A",317.8,238.35,0,0,"N",2.38583055234942e-05
34539,3,"T8",7,"C",238.2,178.65,202.5,0,"N",2.38583055234942e-05
34540,3,"T8",7,"A",309.7,232.3,0,0,"N",2.38583055234942e-05
34800,3,"T8",8,"A",947.45,710.6,0,0,"N",2.38583055234942e-05
34803,3,"T8",8,"A",2088,1566,0,0,"N",2.38583055234942e-05
34806,3,"T8",8,"A",1131.55,848.7,0,0,"N",2.38583055234942e-05
34809,3,"T8",8,"A",1131.55,848.7,0,0,"N",2.38583055234942e-05
34812,3,"T8",8,"A",1368.45,1026.35,0,0,"N",2.38583055234942e-05
34815,3,"T8",8,"A",1131.55,848.7,0,0,"N",2.38583055234942e-05
34818,3,"T8",8,"A",1245.7,934.3,0,0,"N",2.38583055234942e-05
34821,3,"T8",8,"A",1693.15,1269.9,0,0,"N",2.38583055234942e-05
34824,3,"T8",8,"A",578.9,434.2,0,0,"N",2.38583055234942e-05
34827,3,"T8",8,"A",701.9,526.45,0,0,"N",2.38583055234942e-05
34830,3,"T8",8,"A",824.7,618.55,0,0,"N",2.38583055234942e-05
34833,3,"T8",8,"A",1070.2,802.65,0,0,"N",2.38583055234942e-05
35000,3,"T8",9,"A",824.7,618.55,0,0,"N",2.38583055234942e-05
35003,3,"T8",9,"A",1070.2,802.65,0,0,"N",2.38583055234942e-05
35006,3,"T8",9,"A",1342.25,1006.7,0,0,"N",2.38583055234942e-05
35009,3,"T8",9,"A",1043.75,782.85,0,0,"N",2.38583055234942e-05
35012,3,"T8",9,"A",824.7,618.55,0,0,"N",2.38583055234942e-05
35100,3,"T8",10,"A",429.95,322.5,0,0,"N",2.38583055234942e-05
35103,3,"T8",10,"A",273.65,205.25,0,0,"N",2.38583055234942e-05
35200,3,"T8",11,"A",200.1,150.1,0,0,"N",2.38583055234942e-05
35202,3,"T8",11,"A",953.2,714.9,0,0,"N",2.38583055234942e-05
35300,3,"T8",12,"A",601.2,450.9,0,0,"N",2.38583055234942e-05
35303,3,"T8",12,"A",770.8,578.1,0,0,"N",2.38583055234942e-05
35306,3,"T8",12,"A",711.5,533.65,0,0,"N",2.38583055234942e-05
35307,3,"T8",12,"A",1307.9,980.95,0,0,"N",2.38583055234942e-05
35309,3,"T8",12,"A",889.3,667,0,0,"N",2.38583055234942e-05
35312,3,"T8",12,"A",1007.95,756,0,0,"N",2.38583055234942e-05
35315,3,"T8",12,"A",1007.95,756,0,0,"N",2.38583055234942e-05
35317,3,"T8",12,"C",415.05,311.3,352.8,0,"N",2.38583055234942e-05
35319,3,"T8",12,"A",743.95,558,0,0,"N",2.38583055234942e-05
35320,3,"T8",12,"A",999.35,749.55,0,0,"N",2.38583055234942e-05
35321,3,"T8",12,"A",948.8,711.6,0,0,"N",2.38583055234942e-05
35324,3,"T8",12,"A",355.8,266.85,0,0,"N",2.38583055234942e-05
35327,3,"T8",12,"A",476.85,357.65,0,0,"N",2.38583055234942e-05
35330,3,"T8",12,"A",601.2,450.9,0,0,"N",2.38583055234942e-05
35331,3,"T8",12,"A",691.2,518.4,0,0,"N",2.38583055234942e-05
35360,3,"T8",12,"A",966.15,724.65,0,0,"N",2.38583055234942e-05
35361,3,"T8",12,"A",828.55,621.45,0,0,"N",2.38583055234942e-05
35362,3,"T8",12,"A",691.2,518.4,0,0,"N",2.38583055234942e-05
35363,3,"T8",12,"A",553.75,415.35,0,0,"N",2.38583055234942e-05
35401,3,"T8",13,"A",796.55,597.45,0,0,"N",2.38583055234942e-05
35404,3,"T8",13,"A",404.35,303.3,0,0,"N",2.38583055234942e-05
35406,3,"T8",13,"A",948.8,711.6,0,0,"N",2.38583055234942e-05
35408,3,"T8",13,"A",711.7,533.8,0,0,"N",2.38583055234942e-05
35410,3,"T8",13,"A",948.8,711.6,0,0,"N",2.38583055234942e-05
35412,3,"T8",13,"A",3333.5,2500.15,0,0,"N",2.38583055234942e-05
35414,3,"T8",13,"A",4083,3062.25,0,0,"N",2.38583055234942e-05
35500,3,"T8",NA,"A",94.85,71.15,0,0,"N",2.38583055234942e-05
35503,3,"T8",NA,"C",93.55,70.2,79.55,0,"N",2.38583055234942e-05
35506,3,"T8",NA,"A",62.6,46.95,0,0,"N",2.38583055234942e-05
35507,3,"T8",NA,"A",203.45,152.6,0,0,"N",2.38583055234942e-05
35508,3,"T8",NA,"A",299.8,224.85,0,0,"N",2.38583055234942e-05
35509,3,"T8",NA,"C",104.4,78.3,88.75,0,"N",2.38583055234942e-05
35513,3,"T8",NA,"C",258.65,194,219.9,0,"N",2.38583055234942e-05
35517,3,"T8",NA,"C",170.4,127.8,144.85,0,"N",2.38583055234942e-05
35518,3,"T8",NA,"C",242.5,181.9,206.15,0,"N",2.38583055234942e-05
35527,3,"T8",NA,"C",170.4,127.8,144.85,0,"N",2.38583055234942e-05
35533,3,"T8",NA,"A",408.1,306.1,0,0,"N",2.38583055234942e-05
35534,3,"T8",NA,"A",408.1,306.1,0,0,"N",2.38583055234942e-05
35536,3,"T8",NA,"A",406.5,304.9,0,0,"N",2.38583055234942e-05
35539,3,"T8",NA,"C",318.4,238.8,270.65,0,"N",2.38583055234942e-05
35545,3,"T8",NA,"C",214.15,160.65,182.05,0,"N",2.38583055234942e-05
35548,3,"T8",NA,"A",1459.45,1094.6,0,0,"N",2.38583055234942e-05
35551,3,"T8",NA,"A",1078.75,809.1,0,0,"N",2.38583055234942e-05
35552,3,"T8",NA,"A",1622.85,1217.15,0,0,"N",2.38583055234942e-05
35554,3,"T8",NA,"C",50.7,38.05,43.1,0,"N",2.38583055234942e-05
35557,3,"T8",NA,"C",250.15,187.65,212.65,0,"N",2.38583055234942e-05
35560,3,"T8",NA,"A",797.85,598.4,0,0,"N",2.38583055234942e-05
35561,3,"T8",NA,"A",1790.7,1343.05,0,0,"N",2.38583055234942e-05
35562,3,"T8",NA,"A",1508.55,1131.45,0,0,"N",2.38583055234942e-05
35564,3,"T8",NA,"A",754.3,565.75,0,0,"N",2.38583055234942e-05
35565,3,"T8",NA,"A",797.85,598.4,0,0,"N",2.38583055234942e-05
35566,3,"T8",NA,"A",463.4,347.55,0,0,"N",2.38583055234942e-05
35568,3,"T8",NA,"A",728.6,546.45,0,0,"N",2.38583055234942e-05
35569,3,"T8",NA,"A",187.65,140.75,0,0,"N",2.38583055234942e-05
35570,3,"T8",NA,"A",646.15,484.65,0,0,"N",2.38583055234942e-05
35571,3,"T8",NA,"A",646.15,484.65,0,0,"N",2.38583055234942e-05
35573,3,"T8",NA,"A",969.25,726.95,0,0,"N",2.38583055234942e-05
35577,3,"T8",NA,"A",786.9,590.2,0,0,"N",2.38583055234942e-05
35578,3,"T8",NA,"A",786.9,590.2,0,0,"N",2.38583055234942e-05
35581,3,"T8",NA,"A",646.15,484.65,0,0,"N",2.38583055234942e-05
35582,3,"T8",NA,"A",969.25,726.95,0,0,"N",2.38583055234942e-05
35585,3,"T8",NA,"A",1718.55,1288.95,0,0,"N",2.38583055234942e-05
35591,3,"T8",NA,"A",1078.75,809.1,0,0,"N",2.38583055234942e-05
35592,3,"T8",NA,"A",1078.75,809.1,0,0,"N",2.38583055234942e-05
35595,3,"T8",NA,"A",728.6,546.45,0,0,"N",2.38583055234942e-05
35596,3,"T8",NA,"A",1078.75,809.1,0,0,"N",2.38583055234942e-05
35597,3,"T8",NA,"A",1718.55,1288.95,0,0,"N",2.38583055234942e-05
35599,3,"T8",NA,"A",884.1,663.1,0,0,"N",2.38583055234942e-05
35608,3,"T8",NA,"C",74.6,55.95,63.45,0,"N",2.38583055234942e-05
35609,3,"T8",NA,"C",254.3,190.75,216.2,0,"N",2.38583055234942e-05
35610,3,"T8",NA,"C",445.05,333.8,378.3,0,"N",2.38583055234942e-05
35611,3,"T8",NA,"C",74.6,55.95,63.45,0,"N",2.38583055234942e-05
35612,3,"T8",NA,"A",590.25,442.7,0,0,"N",2.38583055234942e-05
35614,3,"T8",NA,"C",74.5,55.9,63.35,0,"N",2.38583055234942e-05
35615,3,"T8",NA,"C",82.1,61.6,69.8,0,"N",2.38583055234942e-05
35616,3,"T8",NA,"A",524.45,393.35,0,0,"N",2.38583055234942e-05
35620,3,"T8",NA,"C",62.25,46.7,52.95,0,"N",2.38583055234942e-05
35622,3,"T8",NA,"A",702.85,527.15,0,0,"N",2.38583055234942e-05
35623,3,"T8",NA,"A",955.75,716.85,0,0,"N",2.38583055234942e-05
35626,3,"T8",NA,"C",261.45,196.1,222.25,0,"N",2.38583055234942e-05
35630,3,"T8",NA,"A",213.5,160.15,0,0,"N",2.38583055234942e-05
35631,3,"T8",NA,"A",830.05,622.55,0,0,"N",2.38583055234942e-05
35632,3,"T8",NA,"A",1037.45,778.1,0,0,"N",2.38583055234942e-05
35633,3,"T8",NA,"C",254.3,190.75,216.2,0,"N",2.38583055234942e-05
35635,3,"T8",NA,"A",349.4,262.05,0,0,"N",2.38583055234942e-05
35636,3,"T8",NA,"A",505.15,378.9,0,0,"N",2.38583055234942e-05
35637,3,"T8",NA,"A",474.3,355.75,0,0,"N",2.38583055234942e-05
35640,3,"T8",NA,"C",213.5,160.15,181.5,0,"N",2.38583055234942e-05
35641,3,"T8",NA,"A",1449.7,1087.3,0,0,"N",2.38583055234942e-05
35643,3,"T8",NA,"C",254.3,190.75,216.2,0,"N",2.38583055234942e-05
35644,3,"T8",NA,"C",237.55,178.2,201.95,0,"N",2.38583055234942e-05
35645,3,"T8",NA,"C",371.8,278.85,316.05,0,"N",2.38583055234942e-05
35647,3,"T8",NA,"C",237.55,178.2,201.95,0,"N",2.38583055234942e-05
35648,3,"T8",NA,"C",371.8,278.85,316.05,0,"N",2.38583055234942e-05
35649,3,"T8",NA,"A",625.25,468.95,0,0,"N",2.38583055234942e-05
35653,3,"T8",NA,"A",787.15,590.4,0,0,"N",2.38583055234942e-05
35657,3,"T8",NA,"A",787.15,590.4,0,0,"N",2.38583055234942e-05
35658,3,"T8",NA,"A",485.45,364.1,0,0,"N",2.38583055234942e-05
35661,3,"T8",NA,"A",1968.05,1476.05,0,0,"N",2.38583055234942e-05
35667,3,"T8",NA,"A",1858.9,1394.2,0,0,"N",2.38583055234942e-05
35668,3,"T8",NA,"A",2159.65,1619.75,0,0,"N",2.38583055234942e-05
35669,3,"T8",NA,"A",2159.65,1619.75,0,0,"N",2.38583055234942e-05
35671,3,"T8",NA,"A",1694.15,1270.65,0,0,"N",2.38583055234942e-05
35673,3,"T8",NA,"A",884,663,0,0,"N",2.38583055234942e-05
35674,3,"T8",NA,"C",242.5,181.9,206.15,0,"N",2.38583055234942e-05
35680,3,"T8",NA,"A",678.95,509.25,0,0,"N",2.38583055234942e-05
35691,3,"T8",NA,"A",185.1,138.85,0,0,"N",2.38583055234942e-05
35694,3,"T8",NA,"A",743.85,557.9,0,0,"N",2.38583055234942e-05
35697,3,"T8",NA,"A",1103.8,827.85,0,0,"N",2.38583055234942e-05
35700,3,"T8",NA,"A",851.75,638.85,0,0,"N",2.38583055234942e-05
35703,3,"T8",NA,"C",78.75,59.1,66.95,0,"N",2.38583055234942e-05
35717,3,"T8",NA,"A",995.25,746.45,0,0,"N",2.38583055234942e-05
35720,3,"T8",NA,"A",1860.6,1395.45,0,0,"N",2.38583055234942e-05
35721,3,"T8",NA,"A",3721.2,2790.9,0,0,"N",2.38583055234942e-05
35723,3,"T8",NA,"A",1618.1,1213.6,0,0,"N",2.38583055234942e-05
35724,3,"T8",NA,"A",2434.35,1825.8,0,0,"N",2.38583055234942e-05
35726,3,"T8",NA,"A",563.6,422.7,0,0,"N",2.38583055234942e-05
35729,3,"T8",NA,"A",254.1,190.6,0,0,"N",2.38583055234942e-05
35730,3,"T8",NA,"A",254.1,190.6,0,0,"N",2.38583055234942e-05
35750,3,"T8",NA,"A",915.3,686.5,0,0,"N",2.38583055234942e-05
35751,3,"T8",NA,"A",915.3,686.5,0,0,"N",2.38583055234942e-05
35753,3,"T8",NA,"A",1012.05,759.05,0,0,"N",2.38583055234942e-05
35754,3,"T8",NA,"A",1955.7,1466.8,0,0,"N",2.38583055234942e-05
35756,3,"T8",NA,"A",1669.2,1251.9,0,0,"N",2.38583055234942e-05
35759,3,"T8",NA,"A",657.2,492.9,0,0,"N",2.38583055234942e-05
36502,3,"T8",1,"A",797.85,598.4,0,0,"N",2.38583055234942e-05
36503,3,"T8",1,"A",1622.85,1217.15,0,0,"N",2.38583055234942e-05
36504,3,"T8",2,"A",343.9,257.95,0,0,"N",2.38583055234942e-05
36505,3,"T8",2,"C",270.25,202.7,229.75,0,"N",2.38583055234942e-05
36506,3,"T8",1,"A",1078.75,809.1,0,0,"N",2.38583055234942e-05
36507,3,"T8",2,"A",452.8,339.6,0,0,"N",2.38583055234942e-05
36508,3,"T8",2,"A",882.45,661.85,0,0,"N",2.38583055234942e-05
36509,3,"T8",1,"A",913.4,685.05,0,0,"N",2.38583055234942e-05
36516,3,"T8",1,"A",1078.75,809.1,0,0,"N",2.38583055234942e-05
36519,3,"T8",1,"A",1506.2,1129.65,0,0,"N",2.38583055234942e-05
36522,3,"T8",1,"A",1292.55,969.45,0,0,"N",2.38583055234942e-05
36525,3,"T8",1,"A",1836.65,1377.5,0,0,"N",2.38583055234942e-05
36528,3,"T8",1,"A",1506.2,1129.65,0,0,"N",2.38583055234942e-05
36529,3,"T8",1,"A",1858.9,1394.2,0,0,"N",2.38583055234942e-05
36530,3,"T8",1,"A",944.7,708.55,0,0,"N",2.38583055234942e-05
36531,3,"T8",1,"A",1350.75,1013.1,0,0,"N",2.38583055234942e-05
36532,3,"T8",1,"A",1938.65,1454,0,0,"N",2.38583055234942e-05
36533,3,"T8",1,"A",2291.35,1718.55,0,0,"N",2.38583055234942e-05
36537,3,"T8",1,"A",806.55,604.95,0,0,"N",2.38583055234942e-05
36543,3,"T8",1,"A",1506.2,1129.65,0,0,"N",2.38583055234942e-05
36546,3,"T8",1,"A",806.55,604.95,0,0,"N",2.38583055234942e-05
36549,3,"T8",1,"A",971.9,728.95,0,0,"N",2.38583055234942e-05
36552,3,"T8",1,"A",864.95,648.75,0,0,"N",2.38583055234942e-05
36558,3,"T8",1,"A",758.05,568.55,0,0,"N",2.38583055234942e-05
36561,3,"T8",1,"C",201.2,150.9,171.05,0,"N",2.38583055234942e-05
36564,3,"T8",1,"A",1078.75,809.1,0,0,"N",2.38583055234942e-05
36567,3,"T8",1,"A",1185.6,889.2,0,0,"N",2.38583055234942e-05
36570,3,"T8",1,"A",1506.2,1129.65,0,0,"N",2.38583055234942e-05
36573,3,"T8",1,"A",1078.75,809.1,0,0,"N",2.38583055234942e-05
36576,3,"T8",1,"A",1350.75,1013.1,0,0,"N",2.38583055234942e-05
36579,3,"T8",1,"A",864.95,648.75,0,0,"N",2.38583055234942e-05
36585,3,"T8",1,"A",864.95,648.75,0,0,"N",2.38583055234942e-05
36588,3,"T8",1,"A",1078.75,809.1,0,0,"N",2.38583055234942e-05
36591,3,"T8",1,"A",1292.55,969.45,0,0,"N",2.38583055234942e-05
36594,3,"T8",1,"A",1078.75,809.1,0,0,"N",2.38583055234942e-05
36597,3,"T8",1,"A",1078.75,809.1,0,0,"N",2.38583055234942e-05
36600,3,"T8",1,"A",1292.55,969.45,0,0,"N",2.38583055234942e-05
36603,3,"T8",1,"A",1506.2,1129.65,0,0,"N",2.38583055234942e-05
36604,3,"T8",1,"A",312.25,234.2,0,0,"N",2.38583055234942e-05
36606,3,"T8",1,"A",2701.55,2026.2,0,0,"N",2.38583055234942e-05
36607,3,"T8",1,"A",805.8,604.35,0,0,"N",2.38583055234942e-05
36608,3,"T8",1,"A",312.25,234.2,0,0,"N",2.38583055234942e-05
36609,3,"T8",1,"A",864.95,648.75,0,0,"N",2.38583055234942e-05
36610,3,"T8",1,"A",2070.7,1553.05,0,0,"N",2.38583055234942e-05
36611,3,"T8",1,"A",3266.1,2449.6,0,0,"N",2.38583055234942e-05
36612,3,"T8",1,"A",758.05,568.55,0,0,"N",2.38583055234942e-05
36615,3,"T8",1,"A",864.95,648.75,0,0,"N",2.38583055234942e-05
36618,3,"T8",1,"A",758.05,568.55,0,0,"N",2.38583055234942e-05
36621,3,"T8",1,"A",541.95,406.5,0,0,"N",2.38583055234942e-05
36624,3,"T8",1,"A",651.1,488.35,0,0,"N",2.38583055234942e-05
36627,3,"T8",1,"A",806.55,604.95,0,0,"N",2.38583055234942e-05
36633,3,"T8",1,"A",864.95,648.75,0,0,"N",2.38583055234942e-05
36636,3,"T8",1,"A",466.5,349.9,0,0,"N",2.38583055234942e-05
36639,3,"T8",1,"A",971.9,728.95,0,0,"N",2.38583055234942e-05
36645,3,"T8",1,"A",1243.95,933,0,0,"N",2.38583055234942e-05
36649,3,"T8",1,"C",312.25,234.2,265.45,0,"N",2.38583055234942e-05
36650,3,"T8",1,"A",174.65,131,0,0,"N",2.38583055234942e-05
36652,3,"T8",1,"A",758.05,568.55,0,0,"N",2.38583055234942e-05
36654,3,"T8",1,"A",971.9,728.95,0,0,"N",2.38583055234942e-05
36656,3,"T8",1,"A",1243.95,933,0,0,"N",2.38583055234942e-05
36663,3,"T8",2,"A",771,578.25,0,0,"N",2.38583055234942e-05
36664,3,"T8",2,"A",692.45,519.35,0,0,"N",2.38583055234942e-05
36665,3,"T8",2,"C",146.3,109.75,124.4,0,"N",2.38583055234942e-05
36666,3,"T8",2,"A",389.65,292.25,0,0,"N",2.38583055234942e-05
36667,3,"T8",2,"C",182.3,136.75,155,0,"N",2.38583055234942e-05
36668,3,"T8",2,"C",182.3,136.75,155,0,"N",2.38583055234942e-05
36671,3,"T8",2,"C",233.3,175,198.35,0,"N",2.38583055234942e-05
36672,3,"T8",2,"C",233.3,175,198.35,0,"N",2.38583055234942e-05
36673,3,"T8",2,"C",233.3,175,198.35,0,"N",2.38583055234942e-05
36800,3,"T8",2,"C",32.15,24.15,27.35,0,"N",2.38583055234942e-05
36803,3,"T8",2,"A",544,408,0,0,"N",2.38583055234942e-05
36806,3,"T8",2,"A",758.05,568.55,0,0,"N",2.38583055234942e-05
36809,3,"T8",2,"A",971.9,728.95,0,0,"N",2.38583055234942e-05
36811,3,"T8",2,"A",377.25,282.95,0,0,"N",2.38583055234942e-05
36812,3,"T8",2,"C",194.45,145.85,165.3,0,"N",2.38583055234942e-05
36815,3,"T8",2,"C",277.5,208.15,235.9,0,"N",2.38583055234942e-05
36818,3,"T8",2,"A",322.65,242,0,0,"N",2.38583055234942e-05
36821,3,"T8",2,"A",377.05,282.8,0,0,"N",2.38583055234942e-05
36822,3,"T8",2,"A",538.45,403.85,0,0,"N",2.38583055234942e-05
36823,3,"T8",2,"A",619.1,464.35,0,0,"N",2.38583055234942e-05
36824,3,"T8",2,"A",248.65,186.5,0,0,"N",2.38583055234942e-05
36827,3,"T8",2,"A",268.2,201.15,0,0,"N",2.38583055234942e-05
36830,3,"T8",2,"A",237.15,177.9,0,0,"N",2.38583055234942e-05
36833,3,"T8",2,"A",322.65,242,0,0,"N",2.38583055234942e-05
36836,3,"T8",2,"A",268.2,201.15,0,0,"N",2.38583055234942e-05
36840,3,"T8",2,"A",377.05,282.8,0,0,"N",2.38583055234942e-05
36842,3,"T8",2,"A",379.35,284.55,0,0,"N",2.38583055234942e-05
36845,3,"T8",2,"A",806.55,604.95,0,0,"N",2.38583055234942e-05
36848,3,"T8",2,"A",268.2,201.15,0,0,"N",2.38583055234942e-05
36851,3,"T8",2,"A",268.2,201.15,0,0,"N",2.38583055234942e-05
36854,3,"T8",2,"A",544,408,0,0,"N",2.38583055234942e-05
36860,3,"T8",2,"A",194.45,145.85,0,0,"N",2.38583055234942e-05
36863,3,"T8",2,"A",544,408,0,0,"N",2.38583055234942e-05
37000,3,"T8",2,"A",864.95,648.75,0,0,"N",2.38583055234942e-05
37004,3,"T8",2,"A",758.05,568.55,0,0,"N",2.38583055234942e-05
37008,3,"T8",2,"A",485.85,364.4,0,0,"N",2.38583055234942e-05
37011,3,"T8",2,"C",108.85,81.65,92.55,0,"N",2.38583055234942e-05
37014,3,"T8",2,"A",1243.95,933,0,0,"N",2.38583055234942e-05
37015,3,"T8",2,"A",1492.7,1119.55,0,0,"N",2.38583055234942e-05
37016,3,"T8",2,"A",2327.55,1745.7,0,0,"N",2.38583055234942e-05
37018,3,"T8",2,"A",3491.45,2618.6,0,0,"N",2.38583055234942e-05
37019,3,"T8",2,"A",2324.95,1743.75,0,0,"N",2.38583055234942e-05
37020,3,"T8",2,"A",864.95,648.75,0,0,"N",2.38583055234942e-05
37021,3,"T8",2,"A",3487.3,2615.5,0,0,"N",2.38583055234942e-05
37023,3,"T8",2,"A",485.85,364.4,0,0,"N",2.38583055234942e-05
37026,3,"T8",2,"A",485.85,364.4,0,0,"N",2.38583055234942e-05
37029,3,"T8",2,"A",1078.75,809.1,0,0,"N",2.38583055234942e-05
37038,3,"T8",2,"A",806.9,605.2,0,0,"N",2.38583055234942e-05
37039,3,"T8",2,"A",786.9,590.2,0,0,"N",2.38583055234942e-05
37040,3,"T8",2,"A",1063.1,797.35,0,0,"N",2.38583055234942e-05
37041,3,"T8",2,"C",54.35,40.8,46.2,0,"N",2.38583055234942e-05
37042,3,"T8",2,"A",1063.1,797.35,0,0,"N",2.38583055234942e-05
37044,3,"T8",2,"A",904.2,678.15,0,0,"N",2.38583055234942e-05
37045,3,"T8",2,"A",1666.65,1250,0,0,"N",2.38583055234942e-05
37046,3,"T8",NA,"A",807.85,605.9,0,0,"N",2.38583055234942e-05
37047,3,"T8",2,"A",1943.55,1457.7,0,0,"N",2.38583055234942e-05
37048,3,"T8",2,"A",1078.75,809.1,0,0,"N",2.38583055234942e-05
37050,3,"T8",2,"A",864.95,648.75,0,0,"N",2.38583055234942e-05
37053,3,"T8",2,"A",999.35,749.55,0,0,"N",2.38583055234942e-05
37200,3,"T8",4,"A",1185.6,889.2,0,0,"N",2.38583055234942e-05
37201,3,"T8",4,"A",966.95,725.25,0,0,"N",2.38583055234942e-05
37203,3,"T8",4,"A",1215.7,911.8,0,0,"N",2.38583055234942e-05
37204,3,"T8",4,"C",929.25,696.95,826.85,0,"N",2.38583055234942e-05
37205,3,"T8",4,"C",377.25,282.95,320.7,0,"N",2.38583055234942e-05
37207,3,"T8",4,"A",1215.7,911.8,0,0,"N",2.38583055234942e-05
37208,3,"T8",4,"A",651.1,488.35,0,0,"N",2.38583055234942e-05
37209,3,"T8",4,"A",1506.2,1129.65,0,0,"N",2.38583055234942e-05
37210,3,"T8",4,"A",1858.9,1394.2,0,0,"N",2.38583055234942e-05
37211,3,"T8",4,"A",2257.5,1693.15,0,0,"N",2.38583055234942e-05
37213,3,"T8",4,"A",2788.1,2091.1,0,0,"N",2.38583055234942e-05
37214,3,"T8",4,"A",3386.6,2539.95,0,0,"N",2.38583055234942e-05
37215,3,"T8",4,"A",485.85,364.4,0,0,"N",2.38583055234942e-05
37216,3,"T8",4,"C",163.85,122.9,139.3,0,"N",2.38583055234942e-05
37217,3,"T8",4,"C",161.35,121.05,137.15,0,"N",2.38583055234942e-05
37218,3,"T8",4,"C",161.35,121.05,137.15,0,"N",2.38583055234942e-05
37219,3,"T8",4,"C",393.25,294.95,334.3,0,"N",2.38583055234942e-05
37220,3,"T8",4,"A",1218.15,913.65,0,0,"N",2.38583055234942e-05
37221,3,"T8",4,"A",544,408,0,0,"N",2.38583055234942e-05
37223,3,"T8",4,"A",240.65,180.5,0,0,"N",2.38583055234942e-05
37224,3,"T8",4,"A",377.05,282.8,0,0,"N",2.38583055234942e-05
37226,3,"T8",NA,"C",327.7,245.8,278.55,0,"N",2.38583055234942e-05
37227,3,"T8",4,"A",660.05,495.05,0,0,"N",2.38583055234942e-05
37245,3,"T8",4,"A",1472.35,1104.3,0,0,"N",2.38583055234942e-05
37300,3,"T8",5,"C",54.35,40.8,46.2,0,"N",2.38583055234942e-05
37303,3,"T8",5,"C",86.45,64.85,73.5,0,"N",2.38583055234942e-05
37306,3,"T8",5,"A",758.05,568.55,0,0,"N",2.38583055234942e-05
37309,3,"T8",5,"A",1078.75,809.1,0,0,"N",2.38583055234942e-05
37318,3,"T8",5,"C",322.65,242,274.3,0,"N",2.38583055234942e-05
37321,3,"T8",5,"C",108.85,81.65,92.55,0,"N",2.38583055234942e-05
37324,3,"T8",5,"A",268.2,201.15,0,0,"N",2.38583055234942e-05
37327,3,"T8",5,"A",377.05,282.8,0,0,"N",2.38583055234942e-05
37330,3,"T8",5,"A",758.05,568.55,0,0,"N",2.38583055234942e-05
37333,3,"T8",5,"A",651.1,488.35,0,0,"N",2.38583055234942e-05
37336,3,"T8",5,"A",864.95,648.75,0,0,"N",2.38583055234942e-05
37338,3,"T8",5,"A",1063.1,797.35,0,0,"N",2.38583055234942e-05
37339,3,"T8",5,"C",279.85,209.9,237.9,0,"N",2.38583055234942e-05
37340,3,"T8",5,"A",1063.1,797.35,0,0,"N",2.38583055234942e-05
37341,3,"T8",5,"A",1063.1,797.35,0,0,"N",2.38583055234942e-05
37342,3,"T8",5,"A",971.9,728.95,0,0,"N",2.38583055234942e-05
37343,3,"T8",5,"A",1622.85,1217.15,0,0,"N",2.38583055234942e-05
37344,3,"T8",5,"A",1063.1,797.35,0,0,"N",2.38583055234942e-05
37345,3,"T8",5,"A",806.55,604.95,0,0,"N",2.38583055234942e-05
37348,3,"T8",5,"A",806.55,604.95,0,0,"N",2.38583055234942e-05
37351,3,"T8",5,"A",322.65,242,0,0,"N",2.38583055234942e-05
37354,3,"T8",5,"A",377.05,282.8,0,0,"N",2.38583055234942e-05
37369,3,"T8",5,"A",217.7,163.3,0,0,"N",2.38583055234942e-05
37372,3,"T8",5,"A",1078.75,809.1,0,0,"N",2.38583055234942e-05
37375,3,"T8",5,"A",1350.75,1013.1,0,0,"N",2.38583055234942e-05
37381,3,"T8",5,"A",864.95,648.75,0,0,"N",2.38583055234942e-05
37384,3,"T8",5,"A",1350.75,1013.1,0,0,"N",2.38583055234942e-05
37387,3,"T8",5,"A",377.05,282.8,0,0,"N",2.38583055234942e-05
37388,3,"T8",5,"C",114.3,85.75,97.2,0,"N",2.38583055234942e-05
37390,3,"T8",5,"A",1078.75,809.1,0,0,"N",2.38583055234942e-05
37393,3,"T8",5,"C",268.2,201.15,228,0,"N",2.38583055234942e-05
37396,3,"T8",5,"A",864.95,648.75,0,0,"N",2.38583055234942e-05
37402,3,"T8",5,"A",544,408,0,0,"N",2.38583055234942e-05
37405,3,"T8",5,"A",1078.75,809.1,0,0,"N",2.38583055234942e-05
37408,3,"T8",5,"A",544,408,0,0,"N",2.38583055234942e-05
37411,3,"T8",5,"A",1078.75,809.1,0,0,"N",2.38583055234942e-05
37415,3,"T8",5,"C",54.35,40.8,46.2,0,"N",2.38583055234942e-05
37417,3,"T8",5,"A",651.1,488.35,0,0,"N",2.38583055234942e-05
37418,3,"T8",5,"A",864.95,648.75,0,0,"N",2.38583055234942e-05
37423,3,"T8",5,"A",1078.75,809.1,0,0,"N",2.38583055234942e-05
37426,3,"T8",5,"A",1136.9,852.7,0,0,"N",2.38583055234942e-05
37429,3,"T8",5,"A",377.05,282.8,0,0,"N",2.38583055234942e-05
37432,3,"T8",5,"A",1078.75,809.1,0,0,"N",2.38583055234942e-05
37435,3,"T8",5,"C",108.85,81.65,92.55,0,"N",2.38583055234942e-05
37438,3,"T8",5,"C",322.65,242,274.3,0,"N",2.38583055234942e-05
37601,3,"T8",6,"C",322.65,242,274.3,0,"N",2.38583055234942e-05
37604,3,"T8",6,"A",322.65,242,0,0,"N",2.38583055234942e-05
37605,3,"T8",6,"C",435.65,326.75,370.35,0,"N",2.38583055234942e-05
37606,3,"T8",6,"A",646.9,485.2,0,0,"N",2.38583055234942e-05
37607,3,"T8",6,"A",1618.1,1213.6,0,0,"N",2.38583055234942e-05
37610,3,"T8",6,"A",2434.35,1825.8,0,0,"N",2.38583055234942e-05
37613,3,"T8",6,"C",322.65,242,274.3,0,"N",2.38583055234942e-05
37616,3,"T8",6,"A",806.55,604.95,0,0,"N",2.38583055234942e-05
37619,3,"T8",6,"A",322.65,242,0,0,"N",2.38583055234942e-05
37623,3,"T8",6,"C",268.2,201.15,228,0,"N",2.38583055234942e-05
37800,3,"T8",7,"A",608.15,456.15,0,0,"N",2.38583055234942e-05
37801,3,"T8",7,"A",790.6,592.95,0,0,"N",2.38583055234942e-05
37803,3,"T8",7,"A",608.15,456.15,0,0,"N",2.38583055234942e-05
37804,3,"T8",7,"A",790.6,592.95,0,0,"N",2.38583055234942e-05
37806,3,"T8",7,"A",702.6,526.95,0,0,"N",2.38583055234942e-05
37807,3,"T8",7,"A",913.4,685.05,0,0,"N",2.38583055234942e-05
37809,3,"T8",7,"A",702.6,526.95,0,0,"N",2.38583055234942e-05
37810,3,"T8",7,"A",913.4,685.05,0,0,"N",2.38583055234942e-05
37812,3,"T8",7,"A",648.55,486.45,0,0,"N",2.38583055234942e-05
37813,3,"T8",7,"A",843.15,632.4,0,0,"N",2.38583055234942e-05
37815,3,"T8",7,"A",108.2,81.15,0,0,"N",2.38583055234942e-05
37816,3,"T8",7,"A",140.7,105.55,0,0,"N",2.38583055234942e-05
37818,3,"T8",7,"A",573.35,430.05,0,0,"N",2.38583055234942e-05
37819,3,"T8",7,"A",745.3,559,0,0,"N",2.38583055234942e-05
37821,3,"T8",7,"A",971.9,728.95,0,0,"N",2.38583055234942e-05
37822,3,"T8",7,"A",1263.5,947.65,0,0,"N",2.38583055234942e-05
37824,3,"T8",7,"A",1351.25,1013.45,0,0,"N",2.38583055234942e-05
37825,3,"T8",7,"A",1756.6,1317.45,0,0,"N",2.38583055234942e-05
37827,3,"T8",7,"A",622.5,466.9,0,0,"N",2.38583055234942e-05
37828,3,"T8",7,"A",809.2,606.9,0,0,"N",2.38583055234942e-05
37830,3,"T8",7,"A",806.55,604.95,0,0,"N",2.38583055234942e-05
37831,3,"T8",7,"A",1048.65,786.5,0,0,"N",2.38583055234942e-05
37833,3,"T8",7,"A",384.9,288.7,0,0,"N",2.38583055234942e-05
37834,3,"T8",7,"A",500.5,375.4,0,0,"N",2.38583055234942e-05
37836,3,"T8",7,"A",810.7,608.05,0,0,"N",2.38583055234942e-05
37839,3,"T8",7,"A",918.75,689.1,0,0,"N",2.38583055234942e-05
37842,3,"T8",7,"A",1783.75,1337.85,0,0,"N",2.38583055234942e-05
37845,3,"T8",7,"A",810.7,608.05,0,0,"N",2.38583055234942e-05
37848,3,"T8",7,"A",1459.4,1094.55,0,0,"N",2.38583055234942e-05
37851,3,"T8",7,"A",1081.2,810.9,0,0,"N",2.38583055234942e-05
37854,3,"T8",7,"A",427.45,320.6,0,0,"N",2.38583055234942e-05
38200,3,"T8",1,"A",519.65,389.75,0,0,"N",2.38583055234942e-05
38203,3,"T8",1,"A",620.15,465.15,0,0,"N",2.38583055234942e-05
38206,3,"T8",1,"A",749.65,562.25,0,0,"N",2.38583055234942e-05
38209,3,"T8",1,"A",962.6,721.95,0,0,"N",2.38583055234942e-05
38212,3,"T8",1,"A",1601,1200.75,0,0,"N",2.38583055234942e-05
38213,3,"T8",1,"A",476.85,357.65,0,0,"N",2.38583055234942e-05
38241,3,"T8",1,"A",547.85,410.9,0,0,"N",2.38583055234942e-05
38244,3,"T8",1,"A",1031.4,773.55,0,0,"N",2.38583055234942e-05
38247,3,"T8",1,"A",1652.5,1239.4,0,0,"N",2.38583055234942e-05
38248,3,"T8",1,"A",1031.4,773.55,0,0,"N",2.38583055234942e-05
38249,3,"T8",1,"A",1652.5,1239.4,0,0,"N",2.38583055234942e-05
38251,3,"T8",1,"A",1031.4,773.55,0,0,"N",2.38583055234942e-05
38252,3,"T8",1,"A",1652.5,1239.4,0,0,"N",2.38583055234942e-05
38254,3,"T8",1,"A",519.65,389.75,0,0,"N",2.38583055234942e-05
38256,3,"T8",1,"A",311.75,233.85,0,0,"N",2.38583055234942e-05
38270,3,"T8",1,"A",1064.25,798.2,0,0,"N",2.38583055234942e-05
38272,3,"T8",1,"A",1064.25,798.2,0,0,"N",2.38583055234942e-05
38273,3,"T8",1,"A",1064.25,798.2,0,0,"N",2.38583055234942e-05
38274,3,"T8",1,"A",871.85,653.9,0,0,"N",2.38583055234942e-05
38275,3,"T8",1,"A",347.85,260.9,0,0,"N",2.38583055234942e-05
38276,3,"T8",1,"A",1064.25,798.2,0,0,"N",2.38583055234942e-05
38285,3,"T8",1,"C",179.95,135,153,0,"N",2.38583055234942e-05
38286,3,"T8",1,"C",162.1,121.6,137.8,0,"N",2.38583055234942e-05
38287,3,"T8",2,"A",2448.1,1836.1,0,0,"N",2.38583055234942e-05
38288,3,"T8",1,"C",225.1,168.85,191.35,0,"N",2.38583055234942e-05
38290,3,"T8",2,"A",3117.05,2337.8,0,0,"N",2.38583055234942e-05
38293,3,"T8",2,"A",3345.75,2509.35,0,0,"N",2.38583055234942e-05
38307,3,"T8",3,"A",2068,1551,0,0,"N",2.38583055234942e-05
38308,3,"T8",3,"A",2379.25,1784.45,0,0,"N",2.38583055234942e-05
38309,3,"T8",3,"A",1402.2,1051.65,0,0,"N",2.38583055234942e-05
38310,3,"T8",3,"A",2690.65,2018,0,0,"N",2.38583055234942e-05
38311,3,"T8",3,"A",2068,1551,0,0,"N",2.38583055234942e-05
38313,3,"T8",3,"A",2379.25,1784.45,0,0,"N",2.38583055234942e-05
38314,3,"T8",3,"A",2690.65,2018,0,0,"N",2.38583055234942e-05
38316,3,"T8",3,"A",1848.75,1386.6,0,0,"N",2.38583055234942e-05
38317,3,"T8",3,"A",2341.85,1756.4,0,0,"N",2.38583055234942e-05
38319,3,"T8",3,"A",2653.1,1989.85,0,0,"N",2.38583055234942e-05
38320,3,"T8",3,"A",1848.75,1386.6,0,0,"N",2.38583055234942e-05
38322,3,"T8",3,"A",2341.85,1756.4,0,0,"N",2.38583055234942e-05
38323,3,"T8",3,"A",2653.1,1989.85,0,0,"N",2.38583055234942e-05
38325,3,"T8",NA,"A",539.15,404.4,0,0,"N",2.38583055234942e-05
38326,3,"T8",3,"A",539.15,404.4,0,0,"N",2.38583055234942e-05
38350,3,"T8",4,"A",745.05,558.8,0,0,"N",2.38583055234942e-05
38353,3,"T8",4,"A",298,223.5,0,0,"N",2.38583055234942e-05
38356,3,"T8",4,"A",976.8,732.6,0,0,"N",2.38583055234942e-05
38358,3,"T8",4,"A",3345.75,2509.35,0,0,"N",2.38583055234942e-05
38359,3,"T8",4,"C",155.85,116.9,132.5,0,"N",2.38583055234942e-05
38362,3,"T8",4,"A",449,336.75,0,0,"N",2.38583055234942e-05
38365,3,"T8",4,"A",298,223.5,0,0,"N",2.38583055234942e-05
38368,3,"T8",4,"A",1428.6,1071.45,0,0,"N",2.38583055234942e-05
38372,3,"T8",4,"A",879.95,660,0,0,"N",2.38583055234942e-05
38373,3,"T8",4,"A",879.95,660,0,0,"N",2.38583055234942e-05
38374,3,"T8",4,"A",879.95,660,0,0,"N",2.38583055234942e-05
38375,3,"T8",4,"A",3293.1,2469.85,0,0,"N",2.38583055234942e-05
38376,3,"T8",NA,"A",735.25,551.45,0,0,"N",2.38583055234942e-05
38416,3,"T8",5,"A",657.2,492.9,0,0,"N",2.38583055234942e-05
38417,3,"T8",5,"A",657.2,492.9,0,0,"N",2.38583055234942e-05
38419,3,"T8",5,"A",207.65,155.75,0,0,"N",2.38583055234942e-05
38420,3,"T8",5,"A",274.25,205.7,0,0,"N",2.38583055234942e-05
38422,3,"T8",5,"A",428.95,321.75,0,0,"N",2.38583055234942e-05
38423,3,"T8",5,"A",299.8,224.85,0,0,"N",2.38583055234942e-05
38425,3,"T8",5,"A",704.9,528.7,0,0,"N",2.38583055234942e-05
38426,3,"T8",NA,"A",528.85,396.65,0,0,"N",2.38583055234942e-05
38428,3,"T8",5,"A",287.6,215.7,0,0,"N",2.38583055234942e-05
38429,3,"T8",5,"A",2007.55,1505.7,0,0,"N",2.38583055234942e-05
38431,3,"T8",5,"A",2715.4,2036.55,0,0,"N",2.38583055234942e-05
38461,3,"T8",7,"A",1670.8,1253.1,0,0,"N",2.38583055234942e-05
38463,3,"T8",7,"A",1670.8,1253.1,0,0,"N",2.38583055234942e-05
38467,3,"T8",6,"A",1118.05,838.55,0,0,"N",2.38583055234942e-05
38471,3,"T8",4,"A",1227.95,921,0,0,"N",2.38583055234942e-05
38472,3,"T8",4,"A",335.8,251.85,0,0,"N",2.38583055234942e-05
38474,3,"T8",16,"A",2530.5,1897.9,0,0,"N",2.38583055234942e-05
38477,3,"T8",7,"A",2337.1,1752.85,0,0,"N",2.38583055234942e-05
38484,3,"T8",7,"A",2368.05,1776.05,0,0,"N",2.38583055234942e-05
38485,3,"T8",7,"A",953.2,714.9,0,0,"N",2.38583055234942e-05
38487,3,"T8",7,"A",2007.55,1505.7,0,0,"N",2.38583055234942e-05
38490,3,"T8",7,"A",646.9,485.2,0,0,"N",2.38583055234942e-05
38493,3,"T8",7,"A",2283.6,1712.7,0,0,"N",2.38583055234942e-05
38495,3,"T8",7,"A",1670.8,1253.1,0,0,"N",2.38583055234942e-05
38499,3,"T8",7,"A",2368.05,1776.05,0,0,"N",2.38583055234942e-05
38502,3,"T8",8,"A",2748.45,2061.35,0,0,"N",2.38583055234942e-05
38508,3,"T8",8,"A",2238,1678.5,0,0,"N",2.38583055234942e-05
38509,3,"T8",8,"A",2786.5,2089.9,0,0,"N",2.38583055234942e-05
38510,3,"T8",8,"A",727.9,545.95,0,0,"N",2.38583055234942e-05
38511,3,"T8",8,"A",699.95,525,0,0,"N",2.38583055234942e-05
38512,3,"T8",9,"A",2448.1,1836.1,0,0,"N",2.38583055234942e-05
38513,3,"T8",8,"A",1166.65,875,0,0,"N",2.38583055234942e-05
38514,3,"T8",7,"A",1670.8,1253.1,0,0,"N",2.38583055234942e-05
38515,3,"T8",9,"A",3117.05,2337.8,0,0,"N",2.38583055234942e-05
38516,3,"T8",7,"A",2914.95,2186.25,0,0,"N",2.38583055234942e-05
38517,3,"T8",7,"A",3587.7,2690.8,0,0,"N",2.38583055234942e-05
38518,3,"T8",9,"A",3345.75,2509.35,0,0,"N",2.38583055234942e-05
38519,3,"T8",7,"A",1233.3,925,0,0,"N",2.38583055234942e-05
38522,3,"T8",7,"A",1670.8,1253.1,0,0,"N",2.38583055234942e-05
38523,3,"T8",7,"A",303.7,227.8,0,0,"N",2.38583055234942e-05
38550,3,"T8",10,"A",2620.65,1965.5,0,0,"N",2.38583055234942e-05
38553,3,"T8",10,"A",3299.45,2474.6,0,0,"N",2.38583055234942e-05
38554,3,"T8",10,"A",4749.65,3562.25,0,0,"N",2.38583055234942e-05
38555,3,"T8",10,"A",2914.95,2186.25,0,0,"N",2.38583055234942e-05
38556,3,"T8",10,"A",3621.85,2716.4,0,0,"N",2.38583055234942e-05
38557,3,"T8",10,"A",5045.15,3783.9,0,0,"N",2.38583055234942e-05
38558,3,"T8",10,"A",5699.55,4274.7,0,0,"N",2.38583055234942e-05
38568,3,"T8",10,"A",2173.25,1629.95,0,0,"N",2.38583055234942e-05
38571,3,"T8",10,"A",2477.3,1858,0,0,"N",2.38583055234942e-05
38572,3,"T8",10,"A",2318.15,1738.65,0,0,"N",2.38583055234942e-05
38600,3,"T8",12,"A",1787.15,1340.4,0,0,"N",2.38583055234942e-05
38603,3,"T8",12,"A",1118.05,838.55,0,0,"N",2.38583055234942e-05
38609,3,"T8",12,"A",558.95,419.25,0,0,"N",2.38583055234942e-05
38612,3,"T8",12,"A",626.65,470,0,0,"N",2.38583055234942e-05
38615,3,"T8",12,"A",1787.15,1340.4,0,0,"N",2.38583055234942e-05
38616,3,"T8",NA,"A",1102.85,827.15,0,0,"N",2.38583055234942e-05
38618,3,"T8",12,"A",2227.6,1670.7,0,0,"N",2.38583055234942e-05
38619,3,"T8",NA,"A",661.5,496.15,0,0,"N",2.38583055234942e-05
38621,3,"T8",12,"A",889.3,667,0,0,"N",2.38583055234942e-05
38624,3,"T8",12,"A",999.3,749.5,0,0,"N",2.38583055234942e-05
38627,3,"T8",12,"A",781.1,585.85,0,0,"N",2.38583055234942e-05
38637,3,"T8",13,"A",646.9,485.2,0,0,"N",2.38583055234942e-05
38653,3,"T8",14,"A",2343.75,1757.85,0,0,"N",2.38583055234942e-05
38670,3,"T8",15,"A",2227.2,1670.4,0,0,"N",2.38583055234942e-05
38673,3,"T8",15,"A",2506.85,1880.15,0,0,"N",2.38583055234942e-05
38677,3,"T8",15,"A",2345.15,1758.9,0,0,"N",2.38583055234942e-05
38680,3,"T8",15,"A",2781.75,2086.35,0,0,"N",2.38583055234942e-05
38700,3,"T8",16,"A",1245.15,933.9,0,0,"N",2.38583055234942e-05
38703,3,"T8",16,"A",2252.25,1689.2,0,0,"N",2.38583055234942e-05
38706,3,"T8",16,"A",2125.95,1594.5,0,0,"N",2.38583055234942e-05
38709,3,"T8",16,"A",2506.2,1879.65,0,0,"N",2.38583055234942e-05
38715,3,"T8",16,"A",1990.55,1492.95,0,0,"N",2.38583055234942e-05
38718,3,"T8",16,"A",2517.75,1888.35,0,0,"N",2.38583055234942e-05
38721,3,"T8",16,"A",1745.05,1308.8,0,0,"N",2.38583055234942e-05
38724,3,"T8",16,"A",2538.9,1904.2,0,0,"N",2.38583055234942e-05
38727,3,"T8",16,"A",1745.05,1308.8,0,0,"N",2.38583055234942e-05
38730,3,"T8",16,"A",2490.1,1867.6,0,0,"N",2.38583055234942e-05
38733,3,"T8",16,"A",1745.05,1308.8,0,0,"N",2.38583055234942e-05
38736,3,"T8",16,"A",2490.1,1867.6,0,0,"N",2.38583055234942e-05
38739,3,"T8",16,"A",2283.25,1712.45,0,0,"N",2.38583055234942e-05
38742,3,"T8",16,"A",2244.65,1683.5,0,0,"N",2.38583055234942e-05
38745,3,"T8",16,"A",2490.1,1867.6,0,0,"N",2.38583055234942e-05
38748,3,"T8",16,"A",2490.1,1867.6,0,0,"N",2.38583055234942e-05
38751,3,"T8",16,"A",2490.1,1867.6,0,0,"N",2.38583055234942e-05
38754,3,"T8",16,"A",3117.05,2337.8,0,0,"N",2.38583055234942e-05
38757,3,"T8",16,"A",2490.1,1867.6,0,0,"N",2.38583055234942e-05
38760,3,"T8",16,"A",2490.1,1867.6,0,0,"N",2.38583055234942e-05
38764,3,"T8",14,"A",2490.1,1867.6,0,0,"N",2.38583055234942e-05
38766,3,"T8",16,"A",2490.1,1867.6,0,0,"N",2.38583055234942e-05
38800,3,"T8",17,"C",44.9,33.7,38.2,0,"N",2.38583055234942e-05
38803,3,"T8",17,"C",89.7,67.3,76.25,0,"N",2.38583055234942e-05
38812,3,"T8",17,"C",244,183,207.4,0,"N",2.38583055234942e-05
38815,3,"T8",5,"A",291.3,218.5,0,0,"N",2.38583055234942e-05
38816,3,"T8",5,"A",1118.05,838.55,0,0,"N",2.38583055234942e-05
38817,3,"T8",5,"A",1757.6,1318.2,0,0,"N",2.38583055234942e-05
38818,3,"T8",5,"A",1118.05,838.55,0,0,"N",2.38583055234942e-05
38820,3,"T8",5,"A",1338.3,1003.75,0,0,"N",2.38583055234942e-05
38821,3,"T8",5,"A",2007.45,1505.6,0,0,"N",2.38583055234942e-05
38822,3,"T8",5,"A",1787.15,1340.4,0,0,"N",2.38583055234942e-05
38823,3,"T8",5,"A",2208.15,1656.15,0,0,"N",2.38583055234942e-05
38824,3,"T8",5,"A",2760.2,2070.15,0,0,"N",2.38583055234942e-05
38828,3,"T8",5,"C",155.85,116.9,132.5,0,"N",2.38583055234942e-05
38829,3,"T8",5,"A",192,144,0,0,"N",2.38583055234942e-05
38830,3,"T8",5,"A",465.9,349.45,0,0,"N",2.38583055234942e-05
38831,3,"T8",5,"A",1677.05,1257.8,0,0,"N",2.38583055234942e-05
38832,3,"T8",5,"A",1787.15,1340.4,0,0,"N",2.38583055234942e-05
38833,3,"T8",5,"A",1118.05,838.55,0,0,"N",2.38583055234942e-05
38834,3,"T8",5,"A",4140.45,3105.35,0,0,"N",2.38583055234942e-05
38837,3,"T8",5,"A",423.55,317.7,0,0,"N",2.38583055234942e-05
38838,3,"T8",5,"A",1380.6,1035.45,0,0,"N",2.38583055234942e-05
38839,3,"T8",5,"A",669.3,502,0,0,"N",2.38583055234942e-05
38840,3,"T8",5,"A",999.3,749.5,0,0,"N",2.38583055234942e-05
38841,3,"T8",5,"A",1787.15,1340.4,0,0,"N",2.38583055234942e-05
38842,3,"T8",5,"A",2500.2,1875.15,0,0,"N",2.38583055234942e-05
38845,3,"T8",5,"A",321.3,241,0,0,"N",2.38583055234942e-05
38846,3,"T8",5,"A",1668.5,1251.4,0,0,"N",2.38583055234942e-05
38847,3,"T8",5,"A",889.3,667,0,0,"N",2.38583055234942e-05
38848,3,"T8",5,"A",1334.8,1001.1,0,0,"N",2.38583055234942e-05
38849,3,"T8",5,"A",667.35,500.55,0,0,"N",2.38583055234942e-05
38850,3,"T8",5,"A",380.85,285.65,0,0,"N",2.38583055234942e-05
38851,3,"T8",5,"A",413.9,310.45,0,0,"N",2.38583055234942e-05
38852,3,"T8",5,"A",1117.6,838.2,0,0,"N",2.38583055234942e-05
38853,3,"T8",5,"A",1752.05,1314.05,0,0,"N",2.38583055234942e-05
38857,3,"T8",5,"A",2117.6,1588.2,0,0,"N",2.38583055234942e-05
38858,3,"T8",5,"A",2760.2,2070.15,0,0,"N",2.38583055234942e-05
38859,3,"T8",5,"A",1118.05,838.55,0,0,"N",2.38583055234942e-05
38864,3,"T8",5,"A",1787.15,1340.4,0,0,"N",2.38583055234942e-05
39000,3,"T8",1,"C",87.8,65.85,74.65,0,"N",2.38583055234942e-05
39007,3,"T8",1,"A",185.95,139.5,0,0,"N",2.38583055234942e-05
39013,3,"T8",1,"C",127.3,95.5,108.25,0,"N",2.38583055234942e-05
39014,3,"T8",NA,"C",145.65,109.25,123.85,0,"N",2.38583055234942e-05
39015,3,"T8",1,"A",438.65,329,0,0,"N",2.38583055234942e-05
39018,3,"T8",1,"A",964.35,723.3,0,0,"N",2.38583055234942e-05
39100,3,"T8",2,"C",277.15,207.9,235.6,0,"N",2.38583055234942e-05
39109,3,"T8",2,"A",1653.7,1240.3,0,0,"N",2.38583055234942e-05
39110,3,"T8",NA,"C",312.65,234.5,265.8,0,"N",2.38583055234942e-05
39111,3,"T8",NA,"C",312.65,234.5,265.8,0,"N",2.38583055234942e-05
39113,3,"T8",2,"A",2774.15,2080.65,0,0,"N",2.38583055234942e-05
39116,3,"T8",NA,"C",347.45,260.6,295.35,0,"N",2.38583055234942e-05
39117,3,"T8",NA,"C",347.45,260.6,295.35,0,"N",2.38583055234942e-05
39118,3,"T8",2,"C",382.15,286.65,324.85,0,"N",2.38583055234942e-05
39119,3,"T8",NA,"C",382.15,286.65,324.85,0,"N",2.38583055234942e-05
39121,3,"T8",2,"A",736.95,552.75,0,0,"N",2.38583055234942e-05
39124,3,"T8",2,"A",1886.1,1414.6,0,0,"N",2.38583055234942e-05
39125,3,"T8",2,"A",347.7,260.8,0,0,"N",2.38583055234942e-05
39126,3,"T8",2,"A",422.15,316.65,0,0,"N",2.38583055234942e-05
39127,3,"T8",2,"A",552.6,414.45,0,0,"N",2.38583055234942e-05
39128,3,"T8",2,"A",769.8,577.35,0,0,"N",2.38583055234942e-05
39129,3,"T8",NA,"A",707.75,530.85,0,0,"N",2.38583055234942e-05
39130,3,"T8",2,"A",786.4,589.8,0,0,"N",2.38583055234942e-05
39131,3,"T8",2,"C",149.1,111.85,126.75,0,"N",2.38583055234942e-05
39133,3,"T8",2,"A",185.95,139.5,0,0,"N",2.38583055234942e-05
39134,3,"T8",2,"A",397.25,297.95,0,0,"N",2.38583055234942e-05
39135,3,"T8",2,"A",185.95,139.5,0,0,"N",2.38583055234942e-05
39136,3,"T8",2,"A",185.95,139.5,0,0,"N",2.38583055234942e-05
39137,3,"T8",2,"A",706.2,529.65,0,0,"N",2.38583055234942e-05
39138,3,"T8",2,"A",786.4,589.8,0,0,"N",2.38583055234942e-05
39139,3,"T8",2,"A",1055.85,791.9,0,0,"N",2.38583055234942e-05
39140,3,"T8",2,"A",341.65,256.25,0,0,"N",2.38583055234942e-05
39141,3,"T8",2,"C",149.1,111.85,126.75,0,"N",2.38583055234942e-05
39300,3,"T8",3,"A",412.25,309.2,0,0,"N",2.38583055234942e-05
39303,3,"T8",3,"A",543.75,407.85,0,0,"N",2.38583055234942e-05
39306,3,"T8",3,"A",789.5,592.15,0,0,"N",2.38583055234942e-05
39307,3,"T8",3,"A",961.4,721.05,0,0,"N",2.38583055234942e-05
39309,3,"T8",3,"A",833.4,625.05,0,0,"N",2.38583055234942e-05
39312,3,"T8",3,"A",464.95,348.75,0,0,"N",2.38583055234942e-05
39315,3,"T8",3,"A",1201.8,901.35,0,0,"N",2.38583055234942e-05
39318,3,"T8",3,"A",745.8,559.35,0,0,"N",2.38583055234942e-05
39319,3,"T8",3,"A",543.75,407.85,0,0,"N",2.38583055234942e-05
39321,3,"T8",3,"A",552.6,414.45,0,0,"N",2.38583055234942e-05
39323,3,"T8",3,"C",322.85,242.15,274.45,0,"N",2.38583055234942e-05
39324,3,"T8",3,"C",322.85,242.15,274.45,0,"N",2.38583055234942e-05
39327,3,"T8",3,"A",552.7,414.55,0,0,"N",2.38583055234942e-05
39328,3,"T8",3,"A",552.7,414.55,0,0,"N",2.38583055234942e-05
39329,3,"T8",3,"A",412.25,309.2,0,0,"N",2.38583055234942e-05
39330,3,"T8",3,"A",322.85,242.15,0,0,"N",2.38583055234942e-05
39331,3,"T8",3,"C",322.85,242.15,274.45,0,"N",2.38583055234942e-05
39332,3,"T8",3,"A",484.35,363.3,0,0,"N",2.38583055234942e-05
39336,3,"T8",3,"C",322.85,242.15,274.45,0,"N",2.38583055234942e-05
39339,3,"T8",3,"A",484.35,363.3,0,0,"N",2.38583055234942e-05
39342,3,"T8",3,"A",635.45,476.6,0,0,"N",2.38583055234942e-05
39345,3,"T8",3,"A",322.85,242.15,0,0,"N",2.38583055234942e-05
39503,3,"T8",4,"A",1114.1,835.6,0,0,"N",2.38583055234942e-05
39604,3,"T8",5,"A",2092.3,1569.25,0,0,"N",2.38583055234942e-05
39610,3,"T8",5,"A",1114.1,835.6,0,0,"N",2.38583055234942e-05
39612,3,"T8",5,"A",1307.15,980.4,0,0,"N",2.38583055234942e-05
39615,3,"T8",5,"A",2230.5,1672.9,0,0,"N",2.38583055234942e-05
39638,3,"T8",6,"A",4966.2,3724.65,0,0,"N",2.38583055234942e-05
39639,3,"T8",6,"A",3968.55,2976.45,0,0,"N",2.38583055234942e-05
39641,3,"T8",6,"A",5238.15,3928.65,0,0,"N",2.38583055234942e-05
39651,3,"T8",6,"A",6462.55,4846.95,0,0,"N",2.38583055234942e-05
39654,3,"T8",6,"A",4966.2,3724.65,0,0,"N",2.38583055234942e-05
39656,3,"T8",6,"A",3968.55,2976.45,0,0,"N",2.38583055234942e-05
39700,3,"T8",7,"A",2114.15,1585.65,0,0,"N",2.38583055234942e-05
39703,3,"T8",7,"A",1697.65,1273.25,0,0,"N",2.38583055234942e-05
39710,3,"T8",7,"A",2827.05,2120.3,0,0,"N",2.38583055234942e-05
39712,3,"T8",7,"A",4318.25,3238.7,0,0,"N",2.38583055234942e-05
39715,3,"T8",7,"A",3151.6,2363.7,0,0,"N",2.38583055234942e-05
39718,3,"T8",7,"A",1903.7,1427.8,0,0,"N",2.38583055234942e-05
39720,3,"T8",7,"A",4039.7,3029.8,0,0,"N",2.38583055234942e-05
39801,3,"T8",8,"A",6462.55,4846.95,0,0,"N",2.38583055234942e-05
39803,3,"T8",8,"A",6462.55,4846.95,0,0,"N",2.38583055234942e-05
39815,3,"T8",8,"A",2131.6,1598.7,0,0,"N",2.38583055234942e-05
39818,3,"T8",8,"A",2829.2,2121.9,0,0,"N",2.38583055234942e-05
39821,3,"T8",8,"A",4030.9,3023.2,0,0,"N",2.38583055234942e-05
39900,3,"T8",9,"A",1697.65,1273.25,0,0,"N",2.38583055234942e-05
39903,3,"T8",9,"A",2548.55,1911.45,0,0,"N",2.38583055234942e-05
39906,3,"T8",9,"A",929.85,697.4,0,0,"N",2.38583055234942e-05
40004,3,"T8",8,"A",1930.05,1447.55,0,0,"N",2.38583055234942e-05
40012,3,"T8",10,"A",1995.85,1496.9,0,0,"N",2.38583055234942e-05
40018,3,"T8",10,"A",185.95,139.5,0,0,"N",2.38583055234942e-05
40104,3,"T8",11,"A",1184.3,888.25,0,0,"N",2.38583055234942e-05
40106,3,"T8",11,"A",2811.55,2108.7,0,0,"N",2.38583055234942e-05
40109,3,"T8",11,"A",2182.2,1636.65,0,0,"N",2.38583055234942e-05
40112,3,"T8",11,"A",2787.6,2090.7,0,0,"N",2.38583055234942e-05
40119,3,"T8",11,"A",1114.1,835.6,0,0,"N",2.38583055234942e-05
40600,3,"T8",13,"A",1114.1,835.6,0,0,"N",2.38583055234942e-05
40700,3,"T8",14,"A",2732.75,2049.6,0,0,"N",2.38583055234942e-05
40701,3,"T8",14,"A",397.25,297.95,0,0,"N",2.38583055234942e-05
40702,3,"T8",14,"A",185.95,139.5,0,0,"N",2.38583055234942e-05
40703,3,"T8",14,"A",2827.05,2120.3,0,0,"N",2.38583055234942e-05
40704,3,"T8",14,"A",786.4,589.8,0,0,"N",2.38583055234942e-05
40705,3,"T8",14,"A",706.2,529.65,0,0,"N",2.38583055234942e-05
40706,3,"T8",14,"A",4039.75,3029.85,0,0,"N",2.38583055234942e-05
40707,3,"T8",14,"C",221.3,166,188.15,0,"N",2.38583055234942e-05
40708,3,"T8",14,"A",397.25,297.95,0,0,"N",2.38583055234942e-05
40709,3,"T8",14,"A",1697.65,1273.25,0,0,"N",2.38583055234942e-05
40712,3,"T8",14,"A",4039.75,3029.85,0,0,"N",2.38583055234942e-05
40801,3,"T8",15,"A",2036.6,1527.45,0,0,"N",2.38583055234942e-05
40803,3,"T8",15,"A",1394.85,1046.15,0,0,"N",2.38583055234942e-05
40804,3,"T8",15,"A",1097.5,823.15,0,0,"N",2.38583055234942e-05
40805,3,"T8",15,"A",2267.75,1700.85,0,0,"N",2.38583055234942e-05
40806,3,"T8",15,"A",3493.05,2619.8,0,0,"N",2.38583055234942e-05
40850,3,"T8",15,"A",2641.65,1981.25,0,0,"N",2.38583055234942e-05
40851,3,"T8",15,"A",4623.2,3467.4,0,0,"N",2.38583055234942e-05
40852,3,"T8",15,"A",397.25,297.95,0,0,"N",2.38583055234942e-05
40854,3,"T8",15,"A",614.1,460.6,0,0,"N",2.38583055234942e-05
40856,3,"T8",15,"A",298,223.5,0,0,"N",2.38583055234942e-05
40858,3,"T8",15,"A",614.1,460.6,0,0,"N",2.38583055234942e-05
40860,3,"T8",15,"A",2359.6,1769.7,0,0,"N",2.38583055234942e-05
40862,3,"T8",15,"C",221.3,166,188.15,0,"N",2.38583055234942e-05
40863,3,"T8",15,"C",221.3,166,188.15,0,"N",2.38583055234942e-05
40905,3,"T8",16,"A",701.95,526.5,0,0,"N",2.38583055234942e-05
41500,3,"T8",NA,"C",96.2,72.15,81.8,0,"N",2.38583055234942e-05
41501,3,"T8",NA,"C",216.45,162.35,184,0,"N",2.38583055234942e-05
41503,3,"T8",NA,"C",278.6,208.95,236.85,0,"N",2.38583055234942e-05
41506,3,"T8",NA,"C",168.05,126.05,142.85,0,"N",2.38583055234942e-05
41509,3,"T8",NA,"A",190.1,142.6,0,0,"N",2.38583055234942e-05
41512,3,"T8",NA,"A",683.45,512.6,0,0,"N",2.38583055234942e-05
41515,3,"T8",NA,"A",448.55,336.45,0,0,"N",2.38583055234942e-05
41518,3,"T8",NA,"A",1083.45,812.6,0,0,"N",2.38583055234942e-05
41521,3,"T8",NA,"A",1153.55,865.2,0,0,"N",2.38583055234942e-05
41524,3,"T8",NA,"A",333.2,249.9,0,0,"N",2.38583055234942e-05
41527,3,"T8",NA,"A",685.45,514.1,0,0,"N",2.38583055234942e-05
41530,3,"T8",NA,"A",1116.85,837.65,0,0,"N",2.38583055234942e-05
41533,3,"T8",NA,"A",1334.9,1001.2,0,0,"N",2.38583055234942e-05
41536,3,"T8",NA,"A",1495.25,1121.45,0,0,"N",2.38583055234942e-05
41539,3,"T8",NA,"A",1271.45,953.6,0,0,"N",2.38583055234942e-05
41542,3,"T8",NA,"A",1393.2,1044.9,0,0,"N",2.38583055234942e-05
41545,3,"T8",NA,"A",608.15,456.15,0,0,"N",2.38583055234942e-05
41548,3,"T8",NA,"A",806.9,605.2,0,0,"N",2.38583055234942e-05
41551,3,"T8",NA,"A",1858.4,1393.8,0,0,"N",2.38583055234942e-05
41554,3,"T8",NA,"A",2189.6,1642.2,0,0,"N",2.38583055234942e-05
41557,3,"T8",NA,"A",1271.45,953.6,0,0,"N",2.38583055234942e-05
41560,3,"T8",NA,"A",1393.2,1044.9,0,0,"N",2.38583055234942e-05
41563,3,"T8",NA,"A",1724.6,1293.45,0,0,"N",2.38583055234942e-05
41564,3,"T8",NA,"A",2230.25,1672.7,0,0,"N",2.38583055234942e-05
41566,3,"T8",NA,"A",1271.45,953.6,0,0,"N",2.38583055234942e-05
41569,3,"T8",NA,"A",1393.2,1044.9,0,0,"N",2.38583055234942e-05
41572,3,"T8",NA,"A",1205.3,904,0,0,"N",2.38583055234942e-05
41575,3,"T8",NA,"A",2841.4,2131.05,0,0,"N",2.38583055234942e-05
41576,3,"T8",NA,"A",4262.2,3196.65,0,0,"N",2.38583055234942e-05
41578,3,"T8",NA,"A",2841.4,2131.05,0,0,"N",2.38583055234942e-05
41579,3,"T8",NA,"A",2131,1598.25,0,0,"N",2.38583055234942e-05
41581,3,"T8",NA,"A",3268.2,2451.15,0,0,"N",2.38583055234942e-05
41584,3,"T8",NA,"A",2242.85,1682.15,0,0,"N",2.38583055234942e-05
41587,3,"T8",NA,"A",3054.8,2291.1,0,0,"N",2.38583055234942e-05
41590,3,"T8",NA,"A",1393.2,1044.9,0,0,"N",2.38583055234942e-05
41593,3,"T8",NA,"A",1815.7,1361.8,0,0,"N",2.38583055234942e-05
41596,3,"T8",NA,"A",2029.25,1521.95,0,0,"N",2.38583055234942e-05
41599,3,"T8",NA,"A",2029.25,1521.95,0,0,"N",2.38583055234942e-05
41603,3,"T8",NA,"A",696.65,522.5,0,0,"N",2.38583055234942e-05
41608,3,"T8",NA,"A",1271.45,953.6,0,0,"N",2.38583055234942e-05
41611,3,"T8",NA,"A",818.1,613.6,0,0,"N",2.38583055234942e-05
41614,3,"T8",NA,"A",1271.45,953.6,0,0,"N",2.38583055234942e-05
41615,3,"T8",NA,"A",1271.45,953.6,0,0,"N",2.38583055234942e-05
41617,3,"T8",NA,"A",2210.9,1658.2,0,0,"N",2.38583055234942e-05
41618,3,"T8",NA,"A",2189.6,1642.2,0,0,"N",2.38583055234942e-05
41620,3,"T8",NA,"A",961.9,721.45,0,0,"N",2.38583055234942e-05
41623,3,"T8",NA,"A",1393.2,1044.9,0,0,"N",2.38583055234942e-05
41626,3,"T8",NA,"C",168.05,126.05,142.85,0,"N",2.38583055234942e-05
41629,3,"T8",NA,"A",608.15,456.15,0,0,"N",2.38583055234942e-05
41632,3,"T8",NA,"C",278.6,208.95,236.85,0,"N",2.38583055234942e-05
41635,3,"T8",NA,"A",1334.9,1001.2,0,0,"N",2.38583055234942e-05
41638,3,"T8",NA,"A",1666.25,1249.7,0,0,"N",2.38583055234942e-05
41641,3,"T8",NA,"C",55.35,41.55,47.05,0,"N",2.38583055234942e-05
41644,3,"T8",NA,"C",166.7,125.05,141.7,0,"N",2.38583055234942e-05
41647,3,"T8",NA,"C",128.2,96.15,109,0,"N",2.38583055234942e-05
41650,3,"T8",NA,"A",128.2,96.15,0,0,"N",2.38583055234942e-05
41656,3,"T8",NA,"C",143.25,107.45,121.8,0,"N",2.38583055234942e-05
41659,3,"T8",NA,"C",90.45,67.85,76.9,0,"N",2.38583055234942e-05
41662,3,"T8",NA,"C",96.2,72.15,81.8,0,"N",2.38583055234942e-05
41668,3,"T8",NA,"C",256.5,192.4,218.05,0,"N",2.38583055234942e-05
41671,3,"T8",NA,"A",611.85,458.9,0,0,"N",2.38583055234942e-05
41674,3,"T8",NA,"C",117.2,87.9,99.65,0,"N",2.38583055234942e-05
41677,3,"T8",NA,"C",105,78.75,89.25,0,"N",2.38583055234942e-05
41683,3,"T8",NA,"C",136.75,102.6,116.25,0,"N",2.38583055234942e-05
41686,3,"T8",NA,"A",83.9,62.95,0,0,"N",2.38583055234942e-05
41689,3,"T8",NA,"C",238.9,179.2,203.1,0,"N",2.38583055234942e-05
41692,3,"T8",NA,"A",311.55,233.7,0,0,"N",2.38583055234942e-05
41693,3,"T8",NA,"A",894.8,671.1,0,0,"N",2.38583055234942e-05
41698,3,"T8",NA,"C",38,28.5,32.3,0,"N",2.38583055234942e-05
41701,3,"T8",NA,"A",107.2,80.4,0,0,"N",2.38583055234942e-05
41702,3,"T8",NA,"A",796.05,597.05,0,0,"N",2.38583055234942e-05
41703,3,"T8",NA,"A",1176.85,882.65,0,0,"N",2.38583055234942e-05
41704,3,"T8",NA,"C",42.4,31.8,36.05,0,"N",2.38583055234942e-05
41705,3,"T8",NA,"A",1914.9,1436.2,0,0,"N",2.38583055234942e-05
41707,3,"T8",NA,"A",523.25,392.45,0,0,"N",2.38583055234942e-05
41710,3,"T8",NA,"A",412.75,309.6,0,0,"N",2.38583055234942e-05
41713,3,"T8",NA,"A",707.55,530.7,0,0,"N",2.38583055234942e-05
41719,3,"T8",NA,"C",137.15,102.9,116.6,0,"N",2.38583055234942e-05
41722,3,"T8",NA,"C",685.45,514.1,583.05,0,"N",2.38583055234942e-05
41725,3,"T8",NA,"A",523.25,392.45,0,0,"N",2.38583055234942e-05
41728,3,"T8",NA,"A",1046.75,785.1,0,0,"N",2.38583055234942e-05
41734,3,"T8",NA,"A",1182.9,887.2,0,0,"N",2.38583055234942e-05
41737,3,"T8",NA,"A",563.75,422.85,0,0,"N",2.38583055234942e-05
41740,3,"T8",NA,"A",68.6,51.45,0,0,"N",2.38583055234942e-05
41743,3,"T8",NA,"A",393.7,295.3,0,0,"N",2.38583055234942e-05
41746,3,"T8",NA,"A",906.6,679.95,0,0,"N",2.38583055234942e-05
41749,3,"T8",NA,"A",707.55,530.7,0,0,"N",2.38583055234942e-05
41752,3,"T8",NA,"A",344.95,258.75,0,0,"N",2.38583055234942e-05
41755,3,"T8",NA,"C",54.2,40.65,46.1,0,"N",2.38583055234942e-05
41764,3,"T8",NA,"C",143.25,107.45,121.8,0,"N",2.38583055234942e-05
41768,3,"T8",NA,"C",210.85,158.15,179.25,0,"N",2.38583055234942e-05
41769,3,"T8",NA,"C",316.3,237.25,268.9,0,"N",2.38583055234942e-05
41770,3,"T8",NA,"A",818.1,613.6,0,0,"N",2.38583055234942e-05
41776,3,"T8",NA,"A",684.45,513.35,0,0,"N",2.38583055234942e-05
41779,3,"T8",NA,"A",818.1,613.6,0,0,"N",2.38583055234942e-05
41785,3,"T8",NA,"A",1330.4,997.8,0,0,"N",2.38583055234942e-05
41786,3,"T8",NA,"A",859.8,644.85,0,0,"N",2.38583055234942e-05
41789,3,"T8",NA,"A",344.95,258.75,0,0,"N",2.38583055234942e-05
41793,3,"T8",NA,"A",433.4,325.05,0,0,"N",2.38583055234942e-05
41797,3,"T8",NA,"A",168.05,126.05,0,0,"N",2.38583055234942e-05
41801,3,"T8",NA,"A",190.1,142.6,0,0,"N",2.38583055234942e-05
41804,3,"T8",NA,"A",105,78.75,0,0,"N",2.38583055234942e-05
41807,3,"T8",NA,"C",81.7,61.3,69.45,0,"N",2.38583055234942e-05
41810,3,"T8",NA,"A",41.5,31.15,0,0,"N",2.38583055234942e-05
41813,3,"T8",NA,"A",415.75,311.85,0,0,"N",2.38583055234942e-05
41822,3,"T8",NA,"A",224.2,168.15,0,0,"N",2.38583055234942e-05
41825,3,"T8",NA,"A",415.75,311.85,0,0,"N",2.38583055234942e-05
41828,3,"T8",NA,"C",60.95,45.75,51.85,0,"N",2.38583055234942e-05
41831,3,"T8",NA,"A",416.45,312.35,0,0,"N",2.38583055234942e-05
41832,3,"T8",NA,"A",266.55,199.95,0,0,"N",2.38583055234942e-05
41834,3,"T8",NA,"A",1845.65,1384.25,0,0,"N",2.38583055234942e-05
41837,3,"T8",NA,"A",1441.95,1081.5,0,0,"N",2.38583055234942e-05
41840,3,"T8",NA,"A",1772.9,1329.7,0,0,"N",2.38583055234942e-05
41843,3,"T8",NA,"A",1559.05,1169.3,0,0,"N",2.38583055234942e-05
41855,3,"T8",NA,"A",336.2,252.15,0,0,"N",2.38583055234942e-05
41861,3,"T8",NA,"A",704.9,528.7,0,0,"N",2.38583055234942e-05
41867,3,"T8",NA,"A",715.55,536.7,0,0,"N",2.38583055234942e-05
41870,3,"T8",NA,"C",530.6,397.95,451.05,0,"N",2.38583055234942e-05
41873,3,"T8",NA,"A",685.45,514.1,0,0,"N",2.38583055234942e-05
41876,3,"T8",NA,"A",685.45,514.1,0,0,"N",2.38583055234942e-05
41879,3,"T8",NA,"A",1110.75,833.1,0,0,"N",2.38583055234942e-05
41880,3,"T8",NA,"A",296.45,222.35,0,0,"N",2.38583055234942e-05
41881,3,"T8",NA,"A",468.75,351.6,0,0,"N",2.38583055234942e-05
41884,3,"T8",NA,"A",106.2,79.65,0,0,"N",2.38583055234942e-05
41885,3,"T8",NA,"A",335.85,251.9,0,0,"N",2.38583055234942e-05
41886,3,"T8",NA,"A",207.65,155.75,0,0,"N",2.38583055234942e-05
41887,3,"T8",NA,"A",3151.6,2363.7,0,0,"N",2.38583055234942e-05
41888,3,"T8",NA,"A",2230.5,1672.9,0,0,"N",2.38583055234942e-05
41890,3,"T8",NA,"A",1491.3,1118.5,0,0,"N",2.38583055234942e-05
41907,3,"T8",NA,"C",143.25,107.45,121.8,0,"N",2.38583055234942e-05
41910,3,"T8",NA,"A",455.25,341.45,0,0,"N",2.38583055234942e-05
42503,3,"T8",NA,"A",119.55,89.7,0,0,"N",2.38583055234942e-05
42504,3,"T8",NA,"A",350.85,263.15,0,0,"N",2.38583055234942e-05
42505,3,"T8",NA,"C",350.85,263.15,298.25,0,"N",2.38583055234942e-05
42506,3,"T8",NA,"A",561.4,421.05,0,0,"N",2.38583055234942e-05
42509,3,"T8",NA,"A",710.55,532.95,0,0,"N",2.38583055234942e-05
42510,3,"T8",NA,"A",819,614.25,0,0,"N",2.38583055234942e-05
42512,3,"T8",NA,"A",561.4,421.05,0,0,"N",2.38583055234942e-05
42515,3,"T8",NA,"A",710.55,532.95,0,0,"N",2.38583055234942e-05
42518,3,"T8",NA,"A",412.25,309.2,0,0,"N",2.38583055234942e-05
42521,3,"T8",NA,"A",1403.65,1052.75,0,0,"N",2.38583055234942e-05
42527,3,"T8",NA,"A",473.65,355.25,0,0,"N",2.38583055234942e-05
42530,3,"T8",NA,"A",736.95,552.75,0,0,"N",2.38583055234942e-05
42533,3,"T8",NA,"A",473.65,355.25,0,0,"N",2.38583055234942e-05
42536,3,"T8",NA,"A",973.55,730.2,0,0,"N",2.38583055234942e-05
42539,3,"T8",NA,"A",1386.1,1039.6,0,0,"N",2.38583055234942e-05
42542,3,"T8",NA,"A",587.85,440.9,0,0,"N",2.38583055234942e-05
42543,3,"T8",NA,"A",1031.05,773.3,0,0,"N",2.38583055234942e-05
42545,3,"T8",NA,"A",1491.3,1118.5,0,0,"N",2.38583055234942e-05
42548,3,"T8",NA,"A",885.85,664.4,0,0,"N",2.38583055234942e-05
42551,3,"T8",NA,"A",736.95,552.75,0,0,"N",2.38583055234942e-05
42554,3,"T8",NA,"A",859.8,644.85,0,0,"N",2.38583055234942e-05
42557,3,"T8",NA,"A",1201.8,901.35,0,0,"N",2.38583055234942e-05
42563,3,"T8",NA,"A",605.45,454.1,0,0,"N",2.38583055234942e-05
42569,3,"T8",NA,"A",1201.8,901.35,0,0,"N",2.38583055234942e-05
42572,3,"T8",NA,"C",136.9,102.7,116.4,0,"N",2.38583055234942e-05
42573,3,"T8",NA,"C",265.3,199,225.55,0,"N",2.38583055234942e-05
42574,3,"T8",NA,"A",563.75,422.85,0,0,"N",2.38583055234942e-05
42575,3,"T8",NA,"C",96.5,72.4,82.05,0,"N",2.38583055234942e-05
42576,3,"T8",NA,"A",344.95,258.75,0,0,"N",2.38583055234942e-05
42581,3,"T8",NA,"C",136.9,102.7,116.4,0,"N",2.38583055234942e-05
42584,3,"T8",NA,"C",322.85,242.15,274.45,0,"N",2.38583055234942e-05
42587,3,"T8",NA,"C",60.65,45.5,51.6,0,"N",2.38583055234942e-05
42588,3,"T8",NA,"C",60.65,45.5,51.6,0,"N",2.38583055234942e-05
42590,3,"T8",NA,"C",394.75,296.1,335.55,0,"N",2.38583055234942e-05
42596,3,"T8",NA,"A",587.85,440.9,0,0,"N",2.38583055234942e-05
42599,3,"T8",NA,"A",736.95,552.75,0,0,"N",2.38583055234942e-05
42602,3,"T8",NA,"A",736.95,552.75,0,0,"N",2.38583055234942e-05
42605,3,"T8",NA,"A",543.75,407.85,0,0,"N",2.38583055234942e-05
42608,3,"T8",NA,"C",350.85,263.15,298.25,0,"N",2.38583055234942e-05
42610,3,"T8",NA,"C",112.3,84.25,95.5,0,"N",2.38583055234942e-05
42611,3,"T8",NA,"C",168.4,126.3,143.15,0,"N",2.38583055234942e-05
42614,3,"T8",NA,"C",56.3,42.25,47.9,0,"N",2.38583055234942e-05
42615,3,"T8",NA,"C",84.3,63.25,71.7,0,"N",2.38583055234942e-05
42617,3,"T8",NA,"C",159.8,119.85,135.85,0,"N",2.38583055234942e-05
42620,3,"T8",NA,"C",61.5,46.15,52.3,0,"N",2.38583055234942e-05
42622,3,"T8",NA,"C",96.5,72.4,82.05,0,"N",2.38583055234942e-05
42623,3,"T8",NA,"A",815.95,612,0,0,"N",2.38583055234942e-05
42626,3,"T8",NA,"A",1316,987,0,0,"N",2.38583055234942e-05
42629,3,"T8",NA,"A",991.3,743.5,0,0,"N",2.38583055234942e-05
42632,3,"T8",NA,"C",136.9,102.7,116.4,0,"N",2.38583055234942e-05
42635,3,"T8",NA,"C",350.85,263.15,298.25,0,"N",2.38583055234942e-05
42638,3,"T8",NA,"C",438.65,329,372.9,0,"N",2.38583055234942e-05
42641,3,"T8",NA,"C",570.2,427.65,484.7,0,"N",2.38583055234942e-05
42644,3,"T8",NA,"C",84.15,63.15,71.55,0,"N",2.38583055234942e-05
42647,3,"T8",NA,"C",238.65,179,202.9,0,"N",2.38583055234942e-05
42650,3,"T8",NA,"C",84.15,63.15,71.55,0,"N",2.38583055234942e-05
42651,3,"T8",NA,"C",187.6,140.7,159.5,0,"N",2.38583055234942e-05
42652,3,"T8",NA,"C",1399.9,1049.95,1297.5,0,"N",2.38583055234942e-05
42653,3,"T8",NA,"A",1525.55,1144.2,0,0,"N",2.38583055234942e-05
42656,3,"T8",NA,"A",1947.55,1460.7,0,0,"N",2.38583055234942e-05
42662,3,"T8",NA,"A",1052.55,789.45,0,0,"N",2.38583055234942e-05
42665,3,"T8",NA,"A",701.9,526.45,0,0,"N",2.38583055234942e-05
42667,3,"T8",NA,"C",165.55,124.2,140.75,0,"N",2.38583055234942e-05
42668,3,"T8",NA,"C",87.8,65.85,74.65,0,"N",2.38583055234942e-05
42672,3,"T8",NA,"A",1052.55,789.45,0,0,"N",2.38583055234942e-05
42673,3,"T8",NA,"A",526.2,394.65,0,0,"N",2.38583055234942e-05
42676,3,"T8",NA,"C",134.95,101.25,114.75,0,"N",2.38583055234942e-05
42677,3,"T8",NA,"C",71.1,53.35,60.45,0,"N",2.38583055234942e-05
42680,3,"T8",NA,"C",350.85,263.15,298.25,0,"N",2.38583055234942e-05
42683,3,"T8",NA,"A",140.45,105.35,0,0,"N",2.38583055234942e-05
42686,3,"T8",NA,"C",319.25,239.45,271.4,0,"N",2.38583055234942e-05
42689,3,"T8",NA,"C",136.9,102.7,116.4,0,"N",2.38583055234942e-05
42692,3,"T8",NA,"C",322.85,242.15,274.45,0,"N",2.38583055234942e-05
42695,3,"T8",NA,"C",526.2,394.65,447.3,0,"N",2.38583055234942e-05
42698,3,"T8",NA,"A",693.75,520.35,0,0,"N",2.38583055234942e-05
42701,3,"T8",NA,"A",386.9,290.2,0,0,"N",2.38583055234942e-05
42702,3,"T8",NA,"A",887.3,665.5,0,0,"N",2.38583055234942e-05
42703,3,"T8",NA,"A",667.3,500.5,0,0,"N",2.38583055234942e-05
42704,3,"T8",NA,"A",543.75,407.85,0,0,"N",2.38583055234942e-05
42705,3,"T8",NA,"A",1062.9,797.2,0,0,"N",2.38583055234942e-05
42707,3,"T8",NA,"A",929.85,697.4,0,0,"N",2.38583055234942e-05
42710,3,"T8",NA,"A",1052.55,789.45,0,0,"N",2.38583055234942e-05
42713,3,"T8",NA,"A",438.65,329,0,0,"N",2.38583055234942e-05
42716,3,"T8",NA,"A",1394.85,1046.15,0,0,"N",2.38583055234942e-05
42719,3,"T8",NA,"A",605.45,454.1,0,0,"N",2.38583055234942e-05
42725,3,"T8",NA,"A",1561.4,1171.05,0,0,"N",2.38583055234942e-05
42731,3,"T8",NA,"A",1772,1329,0,0,"N",2.38583055234942e-05
42734,3,"T8",NA,"A",350.85,263.15,0,0,"N",2.38583055234942e-05
42743,3,"T8",NA,"A",736.95,552.75,0,0,"N",2.38583055234942e-05
42744,3,"T8",NA,"C",350.65,263,298.1,0,"N",2.38583055234942e-05
42746,3,"T8",NA,"A",1114.1,835.6,0,0,"N",2.38583055234942e-05
42749,3,"T8",NA,"A",1394.85,1046.15,0,0,"N",2.38583055234942e-05
42750,3,"T8",NA,"C",62.2,46.65,52.9,0,"N",2.38583055234942e-05
42752,3,"T8",NA,"A",1561.4,1171.05,0,0,"N",2.38583055234942e-05
42755,3,"T8",NA,"A",192.95,144.75,0,0,"N",2.38583055234942e-05
42758,3,"T8",NA,"A",815.95,612,0,0,"N",2.38583055234942e-05
42761,3,"T8",NA,"A",605.45,454.1,0,0,"N",2.38583055234942e-05
42764,3,"T8",NA,"A",605.45,454.1,0,0,"N",2.38583055234942e-05
42767,3,"T8",NA,"A",1271.9,953.95,0,0,"N",2.38583055234942e-05
42770,3,"T8",NA,"C",343.85,257.9,292.3,0,"N",2.38583055234942e-05
42773,3,"T8",NA,"A",1052.55,789.45,0,0,"N",2.38583055234942e-05
42776,3,"T8",NA,"A",1561.4,1171.05,0,0,"N",2.38583055234942e-05
42779,3,"T8",NA,"A",1947.55,1460.7,0,0,"N",2.38583055234942e-05
42782,3,"T8",NA,"C",526.2,394.65,447.3,0,"N",2.38583055234942e-05
42785,3,"T8",NA,"C",412.25,309.2,350.45,0,"N",2.38583055234942e-05
42788,3,"T8",NA,"C",412.25,309.2,350.45,0,"N",2.38583055234942e-05
42791,3,"T8",NA,"C",412.25,309.2,350.45,0,"N",2.38583055234942e-05
42794,3,"T8",NA,"C",79,59.25,67.15,0,"N",2.38583055234942e-05
42801,3,"T8",NA,"A",1224.6,918.45,0,0,"N",2.38583055234942e-05
42802,3,"T8",NA,"A",612.05,459.05,0,0,"N",2.38583055234942e-05
42805,3,"T8",NA,"C",684.2,513.15,581.8,0,"N",2.38583055234942e-05
42808,3,"T8",NA,"C",415.05,311.3,352.8,0,"N",2.38583055234942e-05
42809,3,"T8",NA,"C",526.2,394.65,447.3,0,"N",2.38583055234942e-05
42810,3,"T8",NA,"C",662.2,496.65,562.9,0,"N",2.38583055234942e-05
42811,3,"T8",NA,"C",526.2,394.65,447.3,0,"N",2.38583055234942e-05
42812,3,"T8",NA,"C",192.95,144.75,164.05,0,"N",2.38583055234942e-05
42815,3,"T8",NA,"A",736.95,552.75,0,0,"N",2.38583055234942e-05
42818,3,"T8",NA,"C",684.2,513.15,581.8,0,"N",2.38583055234942e-05
42821,3,"T8",NA,"C",105.45,79.1,89.65,0,"N",2.38583055234942e-05
42824,3,"T8",NA,"C",81.5,61.15,69.3,0,"N",2.38583055234942e-05
42833,3,"T8",NA,"A",684.2,513.15,0,0,"N",2.38583055234942e-05
42836,3,"T8",NA,"A",850.9,638.2,0,0,"N",2.38583055234942e-05
42839,3,"T8",NA,"A",815.95,612,0,0,"N",2.38583055234942e-05
42842,3,"T8",NA,"A",1017.6,763.2,0,0,"N",2.38583055234942e-05
42845,3,"T8",NA,"C",221,165.75,187.85,0,"N",2.38583055234942e-05
42848,3,"T8",NA,"A",815.95,612,0,0,"N",2.38583055234942e-05
42851,3,"T8",NA,"A",1017.6,763.2,0,0,"N",2.38583055234942e-05
42854,3,"T8",NA,"A",473.65,355.25,0,0,"N",2.38583055234942e-05
42857,3,"T8",NA,"A",473.65,355.25,0,0,"N",2.38583055234942e-05
42860,3,"T8",NA,"A",1052.55,789.45,0,0,"N",2.38583055234942e-05
42863,3,"T8",NA,"C",903.65,677.75,801.25,0,"N",2.38583055234942e-05
42866,3,"T8",NA,"C",877.05,657.8,774.65,0,"N",2.38583055234942e-05
42869,3,"T8",NA,"C",640.45,480.35,544.4,0,"N",2.38583055234942e-05
42872,3,"T8",NA,"C",280.75,210.6,238.65,0,"N",2.38583055234942e-05
43021,3,"T8",NA,"C",530.9,398.2,451.3,0,"N",2.38583055234942e-05
43022,3,"T8",NA,"C",637.15,477.9,541.6,0,"N",2.38583055234942e-05
43030,3,"T8",NA,"C",350.85,263.15,298.25,0,"N",2.38583055234942e-05
43032,3,"T8",NA,"C",350.85,263.15,298.25,0,"N",2.38583055234942e-05
43034,3,"T8",NA,"C",350.85,263.15,298.25,0,"N",2.38583055234942e-05
43036,3,"T8",NA,"C",350.85,263.15,298.25,0,"N",2.38583055234942e-05
43038,3,"T8",NA,"C",350.85,263.15,298.25,0,"N",2.38583055234942e-05
43040,3,"T8",NA,"C",350.85,263.15,298.25,0,"N",2.38583055234942e-05
43050,3,"T8",NA,"A",786.5,589.9,0,0,"N",2.38583055234942e-05
43521,3,"T8",2,"A",541.95,406.5,0,0,"N",2.38583055234942e-05
43527,3,"T8",2,"A",415.75,311.85,0,0,"N",2.38583055234942e-05
43530,3,"T8",2,"A",415.75,311.85,0,0,"N",2.38583055234942e-05
43533,3,"T8",2,"A",685.45,514.1,0,0,"N",2.38583055234942e-05
43801,3,"T8",1,"A",1116.85,837.65,0,0,"N",2.38583055234942e-05
43804,3,"T8",1,"A",1189,891.75,0,0,"N",2.38583055234942e-05
43805,3,"T8",1,"A",415.75,311.85,0,0,"N",2.38583055234942e-05
43807,3,"T8",1,"A",1297.2,972.9,0,0,"N",2.38583055234942e-05
43810,3,"T8",1,"A",1513.4,1135.05,0,0,"N",2.38583055234942e-05
43813,3,"T8",1,"A",1513.4,1135.05,0,0,"N",2.38583055234942e-05
43816,3,"T8",1,"A",1405.25,1053.95,0,0,"N",2.38583055234942e-05
43819,3,"T8",1,"A",1135.1,851.35,0,0,"N",2.38583055234942e-05
43822,3,"T8",1,"A",1135.1,851.35,0,0,"N",2.38583055234942e-05
43825,3,"T8",1,"A",1297.2,972.9,0,0,"N",2.38583055234942e-05
43828,3,"T8",1,"A",1433.2,1074.9,0,0,"N",2.38583055234942e-05
43831,3,"T8",1,"A",1116.85,837.65,0,0,"N",2.38583055234942e-05
43832,3,"T8",1,"A",761.7,571.3,0,0,"N",2.38583055234942e-05
43834,3,"T8",1,"A",1297.2,972.9,0,0,"N",2.38583055234942e-05
43835,3,"T8",1,"A",790.6,592.95,0,0,"N",2.38583055234942e-05
43837,3,"T8",1,"A",1621.45,1216.1,0,0,"N",2.38583055234942e-05
43838,3,"T8",1,"A",1451.7,1088.8,0,0,"N",2.38583055234942e-05
43840,3,"T8",1,"A",1405.25,1053.95,0,0,"N",2.38583055234942e-05
43841,3,"T8",1,"A",704.4,528.3,0,0,"N",2.38583055234942e-05
43843,3,"T8",1,"A",2162.05,1621.55,0,0,"N",2.38583055234942e-05
43846,3,"T8",1,"A",2324.1,1743.1,0,0,"N",2.38583055234942e-05
43849,3,"T8",1,"A",594.6,445.95,0,0,"N",2.38583055234942e-05
43852,3,"T8",1,"A",1891.65,1418.75,0,0,"N",2.38583055234942e-05
43855,3,"T8",1,"A",1999.95,1500,0,0,"N",2.38583055234942e-05
43858,3,"T8",1,"A",702.6,526.95,0,0,"N",2.38583055234942e-05
43861,3,"T8",1,"A",1945.9,1459.45,0,0,"N",2.38583055234942e-05
43864,3,"T8",1,"A",1459.4,1094.55,0,0,"N",2.38583055234942e-05
43867,3,"T8",1,"A",810.7,608.05,0,0,"N",2.38583055234942e-05
43870,3,"T8",1,"A",1135.1,851.35,0,0,"N",2.38583055234942e-05
43873,3,"T8",1,"A",1513.4,1135.05,0,0,"N",2.38583055234942e-05
43876,3,"T8",1,"A",1297.2,972.9,0,0,"N",2.38583055234942e-05
43879,3,"T8",1,"A",1513.4,1135.05,0,0,"N",2.38583055234942e-05
43882,3,"T8",1,"A",1945.9,1459.45,0,0,"N",2.38583055234942e-05
43900,3,"T8",2,"A",1297.2,972.9,0,0,"N",2.38583055234942e-05
43903,3,"T8",2,"A",2162.05,1621.55,0,0,"N",2.38583055234942e-05
43906,3,"T8",2,"A",1891.65,1418.75,0,0,"N",2.38583055234942e-05
43909,3,"T8",2,"A",1891.65,1418.75,0,0,"N",2.38583055234942e-05
43912,3,"T8",2,"A",1787.15,1340.4,0,0,"N",2.38583055234942e-05
43915,3,"T8",2,"A",1351.25,1013.45,0,0,"N",2.38583055234942e-05
43930,3,"T8",3,"A",519.65,389.75,0,0,"N",2.38583055234942e-05
43933,3,"T8",3,"A",608.3,456.25,0,0,"N",2.38583055234942e-05
43936,3,"T8",3,"A",1135.1,851.35,0,0,"N",2.38583055234942e-05
43939,3,"T8",3,"A",864.75,648.6,0,0,"N",2.38583055234942e-05
43942,3,"T8",3,"A",270.25,202.7,0,0,"N",2.38583055234942e-05
43945,3,"T8",3,"A",1135.1,851.35,0,0,"N",2.38583055234942e-05
43948,3,"T8",3,"A",162.25,121.7,0,0,"N",2.38583055234942e-05
43951,3,"T8",3,"A",1016.4,762.3,0,0,"N",2.38583055234942e-05
43954,3,"T8",3,"A",1243.3,932.5,0,0,"N",2.38583055234942e-05
43957,3,"T8",3,"A",1351.25,1013.45,0,0,"N",2.38583055234942e-05
43960,3,"T8",3,"A",475.4,356.55,0,0,"N",2.38583055234942e-05
43963,3,"T8",3,"A",1891.65,1418.75,0,0,"N",2.38583055234942e-05
43966,3,"T8",3,"A",2162.05,1621.55,0,0,"N",2.38583055234942e-05
43969,3,"T8",3,"A",2972.85,2229.65,0,0,"N",2.38583055234942e-05
43972,3,"T8",3,"A",2162.05,1621.55,0,0,"N",2.38583055234942e-05
43975,3,"T8",3,"A",2540.5,1905.4,0,0,"N",2.38583055234942e-05
43978,3,"T8",3,"A",2162.05,1621.55,0,0,"N",2.38583055234942e-05
43981,3,"T8",3,"A",594.6,445.95,0,0,"N",2.38583055234942e-05
43984,3,"T8",3,"A",1513.4,1135.05,0,0,"N",2.38583055234942e-05
43987,3,"T8",3,"A",1675.65,1256.75,0,0,"N",2.38583055234942e-05
43990,3,"T8",3,"A",2054.05,1540.55,0,0,"N",2.38583055234942e-05
43993,3,"T8",3,"A",2216.15,1662.15,0,0,"N",2.38583055234942e-05
43996,3,"T8",3,"A",2486.35,1864.8,0,0,"N",2.38583055234942e-05
43999,3,"T8",3,"A",310.9,233.2,0,0,"N",2.38583055234942e-05
44101,3,"T8",3,"A",389.7,292.3,0,0,"N",2.38583055234942e-05
44102,3,"T8",3,"A",299.8,224.85,0,0,"N",2.38583055234942e-05
44104,3,"T8",3,"A",68.45,51.35,0,0,"N",2.38583055234942e-05
44105,3,"T8",3,"A",52.6,39.45,0,0,"N",2.38583055234942e-05
44108,3,"T8",3,"A",704.4,528.3,0,0,"N",2.38583055234942e-05
44111,3,"T8",3,"A",790.6,592.95,0,0,"N",2.38583055234942e-05
44114,3,"T8",3,"A",790.6,592.95,0,0,"N",2.38583055234942e-05
44130,3,"T8",4,"A",540.45,405.35,0,0,"N",2.38583055234942e-05
44133,3,"T8",4,"A",428.95,321.75,0,0,"N",2.38583055234942e-05
44136,3,"T8",4,"A",197.75,148.35,0,0,"N",2.38583055234942e-05
44325,3,"T8",NA,"A",344.95,258.75,0,0,"N",2.38583055234942e-05
44328,3,"T8",NA,"A",415.75,311.85,0,0,"N",2.38583055234942e-05
44331,3,"T8",NA,"A",685.45,514.1,0,0,"N",2.38583055234942e-05
44334,3,"T8",NA,"A",1393.2,1044.9,0,0,"N",2.38583055234942e-05
44338,3,"T8",NA,"A",168.05,126.05,0,0,"N",2.38583055234942e-05
44342,3,"T8",NA,"A",256.5,192.4,0,0,"N",2.38583055234942e-05
44346,3,"T8",NA,"A",296.3,222.25,0,0,"N",2.38583055234942e-05
44350,3,"T8",NA,"A",336.2,252.15,0,0,"N",2.38583055234942e-05
44354,3,"T8",NA,"A",384.75,288.6,0,0,"N",2.38583055234942e-05
44358,3,"T8",NA,"A",256.5,192.4,0,0,"N",2.38583055234942e-05
44359,3,"T8",NA,"A",307.85,230.9,0,0,"N",2.38583055234942e-05
44361,3,"T8",NA,"A",509.1,381.85,0,0,"N",2.38583055234942e-05
44364,3,"T8",NA,"A",344.95,258.75,0,0,"N",2.38583055234942e-05
44367,3,"T8",NA,"A",608.85,456.65,0,0,"N",2.38583055234942e-05
44370,3,"T8",NA,"A",840.2,630.15,0,0,"N",2.38583055234942e-05
44373,3,"T8",NA,"A",1724.6,1293.45,0,0,"N",2.38583055234942e-05
45000,3,"T8",1,"C",631.45,473.6,536.75,0,"N",2.38583055234942e-05
45003,3,"T8",1,"C",701.9,526.45,599.5,0,"N",2.38583055234942e-05
45006,3,"T8",1,"A",1210.55,907.95,0,0,"N",2.38583055234942e-05
45009,3,"T8",1,"A",442.2,331.65,0,0,"N",2.38583055234942e-05
45012,3,"T8",1,"A",907.85,680.9,0,0,"N",2.38583055234942e-05
45015,3,"T8",1,"A",350.85,263.15,0,0,"N",2.38583055234942e-05
45018,3,"T8",1,"A",552.6,414.45,0,0,"N",2.38583055234942e-05
45019,3,"T8",1,"A",462.8,347.1,0,0,"N",2.38583055234942e-05
45021,3,"T8",1,"C",206.9,155.2,175.9,0,"N",2.38583055234942e-05
45025,3,"T8",1,"C",206.9,155.2,175.9,0,"N",2.38583055234942e-05
45026,3,"T8",1,"C",464.95,348.75,395.25,0,"N",2.38583055234942e-05
45027,3,"T8",1,"A",140.45,105.35,0,0,"N",2.38583055234942e-05
45030,3,"T8",1,"C",158.35,118.8,134.6,0,"N",2.38583055234942e-05
45033,3,"T8",1,"A",286.85,215.15,0,0,"N",2.38583055234942e-05
45035,3,"T8",1,"A",819,614.25,0,0,"N",2.38583055234942e-05
45036,3,"T8",1,"A",1316,987,0,0,"N",2.38583055234942e-05
45045,3,"T8",1,"C",359.85,269.9,305.9,0,"N",2.38583055234942e-05
45048,3,"T8",1,"A",903.65,677.75,0,0,"N",2.38583055234942e-05
45051,3,"T8",1,"A",552.7,414.55,0,0,"N",2.38583055234942e-05
45054,3,"T8",1,"A",380.35,285.3,0,0,"N",2.38583055234942e-05
45060,3,"T8",1,"A",1483.05,1112.3,0,0,"N",2.38583055234942e-05
45061,3,"T8",1,"A",1483.05,1112.3,0,0,"N",2.38583055234942e-05
45062,3,"T8",1,"A",1073.2,804.9,0,0,"N",2.38583055234942e-05
45200,3,"T8",2,"C",331.7,248.8,281.95,0,"N",2.38583055234942e-05
45201,3,"T8",2,"C",482.85,362.15,410.45,0,"N",2.38583055234942e-05
45202,3,"T8",2,"C",482.85,362.15,410.45,0,"N",2.38583055234942e-05
45203,3,"T8",2,"C",473.65,355.25,402.65,0,"N",2.38583055234942e-05
45206,3,"T8",2,"C",447.5,335.65,380.4,0,"N",2.38583055234942e-05
45207,3,"T8",2,"C",447.5,335.65,380.4,0,"N",2.38583055234942e-05
45209,3,"T8",2,"A",552.7,414.55,0,0,"N",2.38583055234942e-05
45212,3,"T8",2,"A",274.25,205.7,0,0,"N",2.38583055234942e-05
45221,3,"T8",2,"C",305.2,228.9,259.45,0,"N",2.38583055234942e-05
45224,3,"T8",2,"C",137.15,102.9,116.6,0,"N",2.38583055234942e-05
45227,3,"T8",2,"A",519.65,389.75,0,0,"N",2.38583055234942e-05
45230,3,"T8",2,"C",259.85,194.9,220.9,0,"N",2.38583055234942e-05
45233,3,"T8",2,"A",552.7,414.55,0,0,"N",2.38583055234942e-05
45239,3,"T8",2,"C",305.2,228.9,259.45,0,"N",2.38583055234942e-05
45440,3,"T8",NA,"C",331.7,248.8,281.95,0,"N",2.38583055234942e-05
45443,3,"T8",NA,"C",684.2,513.15,581.8,0,"N",2.38583055234942e-05
45451,3,"T8",3,"C",552.7,414.55,469.8,0,"N",2.38583055234942e-05
45496,3,"T8",4,"A",485.45,364.1,0,0,"N",2.38583055234942e-05
45497,3,"T8",4,"A",369.8,277.35,0,0,"N",2.38583055234942e-05
45500,3,"T8",4,"A",1271.9,953.95,0,0,"N",2.38583055234942e-05
45501,3,"T8",4,"A",2070.25,1552.7,0,0,"N",2.38583055234942e-05
45502,3,"T8",4,"A",3105.45,2329.1,0,0,"N",2.38583055234942e-05
45503,3,"T8",4,"A",2368.5,1776.4,0,0,"N",2.38583055234942e-05
45504,3,"T8",4,"A",2070.25,1552.7,0,0,"N",2.38583055234942e-05
45505,3,"T8",4,"A",3135.25,2351.45,0,0,"N",2.38583055234942e-05
45507,3,"T8",NA,"A",1907.9,1430.95,0,0,"N",2.38583055234942e-05
45510,3,"T8",NA,"C",256.5,192.4,218.05,0,"N",2.38583055234942e-05
45512,3,"T8",4,"C",344.95,258.75,293.25,0,"N",2.38583055234942e-05
45515,3,"T8",4,"C",217.6,163.2,185,0,"N",2.38583055234942e-05
45518,3,"T8",4,"A",263.3,197.5,0,0,"N",2.38583055234942e-05
45520,3,"T8",4,"A",1050.4,787.8,0,0,"N",2.38583055234942e-05
45522,3,"T8",4,"A",736.95,552.75,0,0,"N",2.38583055234942e-05
45523,3,"T8",4,"A",1575.75,1181.85,0,0,"N",2.38583055234942e-05
45524,3,"T8",4,"A",865.2,648.9,0,0,"N",2.38583055234942e-05
45527,3,"T8",4,"A",1249.65,937.25,0,0,"N",2.38583055234942e-05
45528,3,"T8",4,"A",1297.6,973.2,0,0,"N",2.38583055234942e-05
45529,3,"T8",NA,"A",2186.8,1640.1,0,0,"N",2.38583055234942e-05
45530,3,"T8",4,"A",1282.5,961.9,0,0,"N",2.38583055234942e-05
45531,3,"T8",NA,"A",2244.4,1683.3,0,0,"N",2.38583055234942e-05
45532,3,"T8",NA,"A",316,237,0,0,"N",2.38583055234942e-05
45534,3,"T8",4,"A",736.95,552.75,0,0,"N",2.38583055234942e-05
45535,3,"T8",4,"A",1289.8,967.35,0,0,"N",2.38583055234942e-05
45537,3,"T8",NA,"A",917.6,688.2,0,0,"N",2.38583055234942e-05
45538,3,"T8",NA,"A",1049.9,787.45,0,0,"N",2.38583055234942e-05
45539,3,"T8",4,"A",1682.25,1261.7,0,0,"N",2.38583055234942e-05
45540,3,"T8",NA,"A",2943.8,2207.85,0,0,"N",2.38583055234942e-05
45541,3,"T8",NA,"A",1252.25,939.2,0,0,"N",2.38583055234942e-05
45542,3,"T8",4,"A",715.55,536.7,0,0,"N",2.38583055234942e-05
45545,3,"T8",4,"A",726.25,544.7,0,0,"N",2.38583055234942e-05
45546,3,"T8",4,"C",230.8,173.1,196.2,0,"N",2.38583055234942e-05
45547,3,"T8",NA,"A",815.95,612,0,0,"N",2.38583055234942e-05
45548,3,"T8",4,"A",322.85,242.15,0,0,"N",2.38583055234942e-05
45551,3,"T8",4,"A",517.65,388.25,0,0,"N",2.38583055234942e-05
45553,3,"T8",4,"A",666.8,500.1,0,0,"N",2.38583055234942e-05
45554,3,"T8",4,"A",815.95,612,0,0,"N",2.38583055234942e-05
45556,3,"T8",4,"A",893.6,670.2,0,0,"N",2.38583055234942e-05
45558,3,"T8",4,"A",1340.35,1005.3,0,0,"N",2.38583055234942e-05
45560,3,"T8",4,"C",552.6,414.45,469.75,0,"N",2.38583055234942e-05
45561,3,"T8",4,"A",2070.25,1552.7,0,0,"N",2.38583055234942e-05
45562,3,"T8",4,"A",1282.5,961.9,0,0,"N",2.38583055234942e-05
45563,3,"T8",4,"A",1282.5,961.9,0,0,"N",2.38583055234942e-05
45564,3,"T8",4,"A",2970.45,2227.85,0,0,"N",2.38583055234942e-05
45565,3,"T8",4,"A",2227.95,1671,0,0,"N",2.38583055234942e-05
45566,3,"T8",4,"A",1249.65,937.25,0,0,"N",2.38583055234942e-05
45567,3,"T8",NA,"A",3426.1,2569.6,0,0,"N",2.38583055234942e-05
45568,3,"T8",4,"A",517.65,388.25,0,0,"N",2.38583055234942e-05
45571,3,"T8",NA,"A",1207.35,905.55,0,0,"N",2.38583055234942e-05
45572,3,"T8",4,"A",340.3,255.25,0,0,"N",2.38583055234942e-05
45575,3,"T8",4,"A",840.2,630.15,0,0,"N",2.38583055234942e-05
45578,3,"T8",4,"A",973,729.75,0,0,"N",2.38583055234942e-05
45581,3,"T8",4,"A",322.85,242.15,0,0,"N",2.38583055234942e-05
45584,3,"T8",4,"A",736.95,552.75,0,0,"N",2.38583055234942e-05
45585,3,"T8",4,"A",736.95,552.75,0,0,"N",2.38583055234942e-05
45587,3,"T8",4,"A",1039.25,779.45,0,0,"N",2.38583055234942e-05
45588,3,"T8",4,"A",1559,1169.25,0,0,"N",2.38583055234942e-05
45589,3,"T8",4,"A",736.95,552.75,0,0,"N",2.38583055234942e-05
45590,3,"T8",4,"A",563.75,422.85,0,0,"N",2.38583055234942e-05
45592,3,"T8",NA,"A",992.95,744.75,0,0,"N",2.38583055234942e-05
45594,3,"T8",NA,"A",465.35,349.05,0,0,"N",2.38583055234942e-05
45596,3,"T8",4,"A",1050.4,787.8,0,0,"N",2.38583055234942e-05
45597,3,"T8",4,"A",1406.15,1054.65,0,0,"N",2.38583055234942e-05
45599,3,"T8",4,"A",1092.6,819.45,0,0,"N",2.38583055234942e-05
45602,3,"T8",4,"A",815.95,612,0,0,"N",2.38583055234942e-05
45605,3,"T8",4,"A",685.45,514.1,0,0,"N",2.38583055234942e-05
45608,3,"T8",4,"A",965.1,723.85,0,0,"N",2.38583055234942e-05
45609,3,"T8",4,"A",965.1,723.85,0,0,"N",2.38583055234942e-05
45611,3,"T8",4,"A",552.7,414.55,0,0,"N",2.38583055234942e-05
45614,3,"T8",4,"C",973,729.75,870.6,0,"N",2.38583055234942e-05
45617,3,"T8",4,"C",274.25,205.7,233.15,0,"N",2.38583055234942e-05
45620,3,"T8",4,"C",380.35,285.3,323.3,0,"N",2.38583055234942e-05
45623,3,"T8",4,"C",843.4,632.55,741,0,"N",2.38583055234942e-05
45624,3,"T8",4,"C",1093.6,820.2,991.2,0,"N",2.38583055234942e-05
45625,3,"T8",4,"A",218.85,164.15,0,0,"N",2.38583055234942e-05
45626,3,"T8",4,"C",380.35,285.3,323.3,0,"N",2.38583055234942e-05
45627,3,"T8",4,"C",380.35,285.3,323.3,0,"N",2.38583055234942e-05
45629,3,"T8",4,"C",552.7,414.55,469.8,0,"N",2.38583055234942e-05
45632,3,"T8",4,"A",597.2,447.9,0,0,"N",2.38583055234942e-05
45635,3,"T8",4,"A",685.45,514.1,0,0,"N",2.38583055234942e-05
45641,3,"T8",4,"A",1243.55,932.7,0,0,"N",2.38583055234942e-05
45644,3,"T8",4,"A",1492.55,1119.45,0,0,"N",2.38583055234942e-05
45645,3,"T8",4,"A",260.8,195.6,0,0,"N",2.38583055234942e-05
45646,3,"T8",4,"A",1050.4,787.8,0,0,"N",2.38583055234942e-05
45650,3,"T8",4,"C",172.35,129.3,146.5,0,"N",2.38583055234942e-05
45652,3,"T8",4,"C",415.75,311.85,353.4,0,"N",2.38583055234942e-05
45653,3,"T8",4,"C",415.75,311.85,353.4,0,"N",2.38583055234942e-05
45656,3,"T8",4,"C",585.9,439.45,498.05,0,"N",2.38583055234942e-05
45658,3,"T8",4,"A",608.15,456.15,0,0,"N",2.38583055234942e-05
45659,3,"T8",4,"A",608.15,456.15,0,0,"N",2.38583055234942e-05
45660,3,"T8",4,"A",3358.2,2518.65,0,0,"N",2.38583055234942e-05
45661,3,"T8",4,"A",1492.55,1119.45,0,0,"N",2.38583055234942e-05
45665,3,"T8",4,"C",380.35,285.3,323.3,0,"N",2.38583055234942e-05
45668,3,"T8",4,"C",380.35,285.3,323.3,0,"N",2.38583055234942e-05
45669,3,"T8",4,"C",380.35,285.3,323.3,0,"N",2.38583055234942e-05
45671,3,"T8",4,"A",973,729.75,0,0,"N",2.38583055234942e-05
45674,3,"T8",4,"A",283.05,212.3,0,0,"N",2.38583055234942e-05
45675,3,"T8",4,"A",563.75,422.85,0,0,"N",2.38583055234942e-05
45676,3,"T8",4,"A",671.15,503.4,0,0,"N",2.38583055234942e-05
45677,3,"T8",4,"A",666,499.5,0,0,"N",2.38583055234942e-05
45680,3,"T8",4,"A",868.55,651.45,0,0,"N",2.38583055234942e-05
45683,3,"T8",4,"A",964.85,723.65,0,0,"N",2.38583055234942e-05
45686,3,"T8",4,"A",1138.85,854.15,0,0,"N",2.38583055234942e-05
45689,3,"T8",4,"A",305.4,229.05,0,0,"N",2.38583055234942e-05
45692,3,"T8",4,"A",350.85,263.15,0,0,"N",2.38583055234942e-05
45695,3,"T8",4,"A",570.2,427.65,0,0,"N",2.38583055234942e-05
45698,3,"T8",4,"A",535.15,401.4,0,0,"N",2.38583055234942e-05
45701,3,"T8",4,"A",965.1,723.85,0,0,"N",2.38583055234942e-05
45704,3,"T8",4,"A",350.85,263.15,0,0,"N",2.38583055234942e-05
45707,3,"T8",4,"A",912.15,684.15,0,0,"N",2.38583055234942e-05
45710,3,"T8",4,"A",570.2,427.65,0,0,"N",2.38583055234942e-05
45713,3,"T8",4,"A",649.3,487,0,0,"N",2.38583055234942e-05
45714,3,"T8",4,"A",912.15,684.15,0,0,"N",2.38583055234942e-05
45716,3,"T8",4,"A",912.15,684.15,0,0,"N",2.38583055234942e-05
45717,3,"T8",NA,"A",1371.85,1028.9,0,0,"N",2.38583055234942e-05
45718,3,"T8",NA,"A",1492.55,1119.45,0,0,"N",2.38583055234942e-05
45761,3,"T8",4,"A",873.35,655.05,0,0,"N",2.38583055234942e-05
45767,3,"T8",4,"A",2930,2197.5,0,0,"N",2.38583055234942e-05
45773,3,"T8",4,"A",2045.45,1534.1,0,0,"N",2.38583055234942e-05
45776,3,"T8",4,"A",2045.45,1534.1,0,0,"N",2.38583055234942e-05
45779,3,"T8",4,"A",1503.85,1127.9,0,0,"N",2.38583055234942e-05
45782,3,"T8",4,"A",1149.8,862.35,0,0,"N",2.38583055234942e-05
45785,3,"T8",4,"A",1945.95,1459.5,0,0,"N",2.38583055234942e-05
45788,3,"T8",4,"A",1923.85,1442.9,0,0,"N",2.38583055234942e-05
45791,3,"T8",4,"A",1039.25,779.45,0,0,"N",2.38583055234942e-05
45794,3,"T8",4,"C",587.85,440.9,499.7,0,"N",2.38583055234942e-05
45797,3,"T8",4,"C",217.6,163.2,185,0,"N",2.38583055234942e-05
45801,3,"T8",5,"C",157.45,118.1,133.85,0,"N",2.38583055234942e-05
45807,3,"T8",5,"C",287.6,215.7,244.5,0,"N",2.38583055234942e-05
45809,3,"T8",5,"A",433.4,325.05,0,0,"N",2.38583055234942e-05
45811,3,"T8",5,"A",585.9,439.45,0,0,"N",2.38583055234942e-05
45813,3,"T8",5,"A",685.45,514.1,0,0,"N",2.38583055234942e-05
45815,3,"T8",5,"C",415.75,311.85,353.4,0,"N",2.38583055234942e-05
45823,3,"T8",5,"A",127.05,95.3,0,0,"N",2.38583055234942e-05
45825,3,"T8",5,"C",394.75,296.1,335.55,0,"N",2.38583055234942e-05
45827,3,"T8",5,"A",377.25,282.95,0,0,"N",2.38583055234942e-05
45829,3,"T8",5,"C",287.8,215.85,244.65,0,"N",2.38583055234942e-05
45831,3,"T8",5,"C",377.25,282.95,320.7,0,"N",2.38583055234942e-05
45837,3,"T8",5,"C",684.2,513.15,581.8,0,"N",2.38583055234942e-05
45841,3,"T8",5,"C",552.6,414.45,469.75,0,"N",2.38583055234942e-05
45845,3,"T8",5,"C",587.85,440.9,499.7,0,"N",2.38583055234942e-05
45847,3,"T8",5,"C",217.6,163.2,185,0,"N",2.38583055234942e-05
45849,3,"T8",5,"A",677.7,508.3,0,0,"N",2.38583055234942e-05
45851,3,"T8",5,"A",166.85,125.15,0,0,"N",2.38583055234942e-05
45855,3,"T8",5,"A",338.95,254.25,0,0,"N",2.38583055234942e-05
45857,3,"T8",5,"A",762.75,572.1,0,0,"N",2.38583055234942e-05
45865,3,"T8",5,"C",338.95,254.25,288.15,0,"N",2.38583055234942e-05
45871,3,"T8",5,"A",1561.4,1171.05,0,0,"N",2.38583055234942e-05
45873,3,"T8",5,"A",1754.55,1315.95,0,0,"N",2.38583055234942e-05
45874,3,"T8",NA,"A",1537.35,1153.05,0,0,"N",2.38583055234942e-05
45882,3,"T8",5,"C",50.2,37.65,42.7,0,"N",2.38583055234942e-05
45888,3,"T8",5,"A",482.45,361.85,0,0,"N",2.38583055234942e-05
45891,3,"T8",5,"C",702.85,527.15,600.45,0,"N",2.38583055234942e-05
45894,3,"T8",5,"C",238.8,179.1,203,0,"N",2.38583055234942e-05
45939,3,"T8",5,"C",521.5,391.15,443.3,0,"N",2.38583055234942e-05
46050,3,"T8",NA,"A",917.6,688.2,0,0,"N",2.38583055234942e-05
46052,3,"T8",NA,"A",289.6,217.2,0,0,"N",2.38583055234942e-05
46060,3,"T8",NA,"A",3105.45,2329.1,0,0,"N",2.38583055234942e-05
46062,3,"T8",NA,"A",2970.45,2227.85,0,0,"N",2.38583055234942e-05
46064,3,"T8",NA,"A",2227.95,1671,0,0,"N",2.38583055234942e-05
46066,3,"T8",NA,"A",4455.65,3341.75,0,0,"N",2.38583055234942e-05
46068,3,"T8",NA,"A",3341.95,2506.5,0,0,"N",2.38583055234942e-05
46070,3,"T8",NA,"A",4455.65,3341.75,0,0,"N",2.38583055234942e-05
46072,3,"T8",NA,"A",3341.95,2506.5,0,0,"N",2.38583055234942e-05
46080,3,"T8",NA,"A",3426.1,2569.6,0,0,"N",2.38583055234942e-05
46082,3,"T8",NA,"A",5995.65,4496.75,0,0,"N",2.38583055234942e-05
46084,3,"T8",NA,"A",2970.45,2227.85,0,0,"N",2.38583055234942e-05
46086,3,"T8",NA,"A",2227.95,1671,0,0,"N",2.38583055234942e-05
46088,3,"T8",NA,"A",5198.25,3898.7,0,0,"N",2.38583055234942e-05
46090,3,"T8",NA,"A",3898.85,2924.15,0,0,"N",2.38583055234942e-05
46092,3,"T8",NA,"A",473.65,355.25,0,0,"N",2.38583055234942e-05
46094,3,"T8",NA,"A",349.95,262.5,0,0,"N",2.38583055234942e-05
46101,3,"T8",NA,"C",393.75,295.35,334.7,0,"N",2.38583055234942e-05
46102,3,"T8",NA,"A",625.05,468.8,0,0,"N",2.38583055234942e-05
46103,3,"T8",NA,"A",685.55,514.2,0,0,"N",2.38583055234942e-05
46104,3,"T8",NA,"A",1045.9,784.45,0,0,"N",2.38583055234942e-05
46105,3,"T8",NA,"A",1406.6,1054.95,0,0,"N",2.38583055234942e-05
46106,3,"T8",NA,"A",1767.95,1326,0,0,"N",2.38583055234942e-05
46107,3,"T8",NA,"A",2128.65,1596.5,0,0,"N",2.38583055234942e-05
46108,3,"T8",NA,"A",2488.75,1866.6,0,0,"N",2.38583055234942e-05
46109,3,"T8",NA,"A",2849.5,2137.15,0,0,"N",2.38583055234942e-05
46110,3,"T8",NA,"A",3246.6,2434.95,0,0,"N",2.38583055234942e-05
46111,3,"T8",NA,"A",3635.95,2727,0,0,"N",2.38583055234942e-05
46112,3,"T8",NA,"A",2007.25,1505.45,0,0,"N",2.38583055234942e-05
46113,3,"T8",NA,"A",393.75,295.35,0,0,"N",2.38583055234942e-05
46114,3,"T8",NA,"A",625.05,468.8,0,0,"N",2.38583055234942e-05
46115,3,"T8",NA,"A",685.55,514.2,0,0,"N",2.38583055234942e-05
46116,3,"T8",NA,"A",1045.9,784.45,0,0,"N",2.38583055234942e-05
46117,3,"T8",NA,"A",1406.6,1054.95,0,0,"N",2.38583055234942e-05
46118,3,"T8",NA,"A",1767.95,1326,0,0,"N",2.38583055234942e-05
46119,3,"T8",NA,"A",2128.65,1596.5,0,0,"N",2.38583055234942e-05
46120,3,"T8",NA,"A",2488.75,1866.6,0,0,"N",2.38583055234942e-05
46121,3,"T8",NA,"A",2849.5,2137.15,0,0,"N",2.38583055234942e-05
46122,3,"T8",NA,"A",3246.6,2434.95,0,0,"N",2.38583055234942e-05
46123,3,"T8",NA,"A",3635.95,2727,0,0,"N",2.38583055234942e-05
46124,3,"T8",NA,"A",2007.25,1505.45,0,0,"N",2.38583055234942e-05
46125,3,"T8",NA,"C",393.75,295.35,334.7,0,"N",2.38583055234942e-05
46126,3,"T8",NA,"C",625.05,468.8,531.3,0,"N",2.38583055234942e-05
46127,3,"T8",NA,"A",865.85,649.4,0,0,"N",2.38583055234942e-05
46128,3,"T8",NA,"A",1587.3,1190.5,0,0,"N",2.38583055234942e-05
46129,3,"T8",NA,"A",2904.8,2178.6,0,0,"N",2.38583055234942e-05
46130,3,"T8",NA,"C",393.75,295.35,334.7,0,"N",2.38583055234942e-05
46131,3,"T8",NA,"A",625.05,468.8,0,0,"N",2.38583055234942e-05
46132,3,"T8",NA,"A",685.55,514.2,0,0,"N",2.38583055234942e-05
46133,3,"T8",NA,"A",1045.9,784.45,0,0,"N",2.38583055234942e-05
46134,3,"T8",NA,"A",2314.7,1736.05,0,0,"N",2.38583055234942e-05
46135,3,"T8",NA,"A",3635.95,2727,0,0,"N",2.38583055234942e-05
46136,3,"T8",NA,"A",2007.25,1505.45,0,0,"N",2.38583055234942e-05
46140,3,"T8",NA,"C",300.3,225.25,255.3,0,"N",2.38583055234942e-05
46141,3,"T8",NA,"A",450.55,337.95,0,0,"N",2.38583055234942e-05
46142,3,"T8",NA,"A",540.5,405.4,0,0,"N",2.38583055234942e-05
46143,3,"T8",NA,"A",700.65,525.5,0,0,"N",2.38583055234942e-05
46150,3,"T8",NA,"A",1551.3,1163.5,0,0,"N",2.38583055234942e-05
46151,3,"T8",NA,"A",1691.45,1268.6,0,0,"N",2.38583055234942e-05
46152,3,"T8",NA,"A",1268.6,951.45,0,0,"N",2.38583055234942e-05
46153,3,"T8",NA,"A",2114.15,1585.65,0,0,"N",2.38583055234942e-05
46154,3,"T8",NA,"A",1770.45,1327.85,0,0,"N",2.38583055234942e-05
46155,3,"T8",NA,"A",1770.45,1327.85,0,0,"N",2.38583055234942e-05
46156,3,"T8",NA,"A",2021.2,1515.9,0,0,"N",2.38583055234942e-05
46157,3,"T8",NA,"A",1515.9,1136.95,0,0,"N",2.38583055234942e-05
46158,3,"T8",NA,"A",2526.45,1894.85,0,0,"N",2.38583055234942e-05
46159,3,"T8",NA,"A",2235.25,1676.45,0,0,"N",2.38583055234942e-05
46160,3,"T8",NA,"A",1676.4,1257.3,0,0,"N",2.38583055234942e-05
46161,3,"T8",NA,"A",2794,2095.5,0,0,"N",2.38583055234942e-05
46170,3,"T8",NA,"A",1166.65,875,0,0,"N",2.38583055234942e-05
46171,3,"T8",NA,"A",1983.2,1487.4,0,0,"N",2.38583055234942e-05
46172,3,"T8",NA,"A",2916.4,2187.3,0,0,"N",2.38583055234942e-05
46173,3,"T8",NA,"A",4083,3062.25,0,0,"N",2.38583055234942e-05
46174,3,"T8",NA,"A",2916.4,2187.3,0,0,"N",2.38583055234942e-05
46175,3,"T8",NA,"A",4666.25,3499.7,0,0,"N",2.38583055234942e-05
46176,3,"T8",NA,"A",1166.65,875,0,0,"N",2.38583055234942e-05
46177,3,"T8",NA,"A",1983.2,1487.4,0,0,"N",2.38583055234942e-05
46178,3,"T8",NA,"A",1983.2,1487.4,0,0,"N",2.38583055234942e-05
46179,3,"T8",NA,"A",1650.7,1238.05,0,0,"N",2.38583055234942e-05
46180,3,"T8",NA,"A",2916.4,2187.3,0,0,"N",2.38583055234942e-05
46181,3,"T8",NA,"A",2916.4,2187.3,0,0,"N",2.38583055234942e-05
46182,3,"T8",NA,"A",2432.25,1824.2,0,0,"N",2.38583055234942e-05
46183,3,"T8",NA,"A",3499.65,2624.75,0,0,"N",2.38583055234942e-05
46184,3,"T8",NA,"A",3499.65,2624.75,0,0,"N",2.38583055234942e-05
46185,3,"T8",NA,"A",2916.4,2187.3,0,0,"N",2.38583055234942e-05
46300,3,"T8",NA,"A",473.7,355.3,0,0,"N",2.38583055234942e-05
46303,3,"T8",NA,"A",614.25,460.7,0,0,"N",2.38583055234942e-05
46308,3,"T8",NA,"C",614.2,460.65,522.1,0,"N",2.38583055234942e-05
46309,3,"T8",NA,"A",614.2,460.65,0,0,"N",2.38583055234942e-05
46312,3,"T8",NA,"A",789.7,592.3,0,0,"N",2.38583055234942e-05
46315,3,"T8",NA,"A",1052.95,789.75,0,0,"N",2.38583055234942e-05
46318,3,"T8",NA,"A",1316.2,987.15,0,0,"N",2.38583055234942e-05
46321,3,"T8",NA,"A",1579.4,1184.55,0,0,"N",2.38583055234942e-05
46322,3,"T8",NA,"A",921.35,691.05,0,0,"N",2.38583055234942e-05
46324,3,"T8",NA,"A",1074.7,806.05,0,0,"N",2.38583055234942e-05
46325,3,"T8",NA,"A",1074.7,806.05,0,0,"N",2.38583055234942e-05
46330,3,"T8",NA,"A",403.7,302.8,0,0,"N",2.38583055234942e-05
46333,3,"T8",NA,"A",658,493.5,0,0,"N",2.38583055234942e-05
46335,3,"T8",NA,"A",543.85,407.9,0,0,"N",2.38583055234942e-05
46336,3,"T8",NA,"C",307.15,230.4,261.1,0,"N",2.38583055234942e-05
46339,3,"T8",NA,"A",543.85,407.9,0,0,"N",2.38583055234942e-05
46340,3,"T8",NA,"A",462.3,346.75,0,0,"N",2.38583055234942e-05
46341,3,"T8",NA,"A",296.5,222.4,0,0,"N",2.38583055234942e-05
46342,3,"T8",NA,"A",543.85,407.9,0,0,"N",2.38583055234942e-05
46345,3,"T8",NA,"A",658,493.5,0,0,"N",2.38583055234942e-05
46348,3,"T8",NA,"A",285.15,213.9,0,0,"N",2.38583055234942e-05
46351,3,"T8",NA,"A",425.55,319.2,0,0,"N",2.38583055234942e-05
46354,3,"T8",NA,"A",570.3,427.75,0,0,"N",2.38583055234942e-05
46357,3,"T8",NA,"A",710.7,533.05,0,0,"N",2.38583055234942e-05
46360,3,"T8",NA,"A",855.5,641.65,0,0,"N",2.38583055234942e-05
46363,3,"T8",NA,"C",245.6,184.2,208.8,0,"N",2.38583055234942e-05
46364,3,"T8",NA,"A",543.85,407.9,0,0,"N",2.38583055234942e-05
46365,3,"T8",NA,"C",307.15,230.4,261.1,0,"N",2.38583055234942e-05
46367,3,"T8",NA,"C",463.8,347.85,394.25,0,"N",2.38583055234942e-05
46370,3,"T8",NA,"C",149.25,111.95,126.9,0,"N",2.38583055234942e-05
46372,3,"T8",NA,"A",499.2,374.4,0,0,"N",2.38583055234942e-05
46375,3,"T8",NA,"A",592.25,444.2,0,0,"N",2.38583055234942e-05
46378,3,"T8",NA,"A",789.7,592.3,0,0,"N",2.38583055234942e-05
46379,3,"T8",NA,"A",994.85,746.15,0,0,"N",2.38583055234942e-05
46380,3,"T8",NA,"A",1253.55,940.2,0,0,"N",2.38583055234942e-05
46381,3,"T8",NA,"A",350.9,263.2,0,0,"N",2.38583055234942e-05
46384,3,"T8",NA,"A",350.9,263.2,0,0,"N",2.38583055234942e-05
46387,3,"T8",NA,"A",723.95,543,0,0,"N",2.38583055234942e-05
46390,3,"T8",NA,"A",965.45,724.1,0,0,"N",2.38583055234942e-05
46393,3,"T8",NA,"A",1118.7,839.05,0,0,"N",2.38583055234942e-05
46394,3,"T8",NA,"A",1394.1,1045.6,0,0,"N",2.38583055234942e-05
46395,3,"T8",NA,"A",1737.25,1302.95,0,0,"N",2.38583055234942e-05
46399,3,"T8",NA,"A",604.05,453.05,0,0,"N",2.38583055234942e-05
46401,3,"T8",NA,"A",484.8,363.6,0,0,"N",2.38583055234942e-05
46408,3,"T8",NA,"A",807.2,605.4,0,0,"N",2.38583055234942e-05
46411,3,"T8",NA,"A",473.75,355.35,0,0,"N",2.38583055234942e-05
46414,3,"T8",NA,"A",614.1,460.6,0,0,"N",2.38583055234942e-05
46417,3,"T8",NA,"A",570.3,427.75,0,0,"N",2.38583055234942e-05
46420,3,"T8",NA,"C",238.65,179,202.9,0,"N",2.38583055234942e-05
46423,3,"T8",NA,"C",381.7,286.3,324.45,0,"N",2.38583055234942e-05
46426,3,"T8",NA,"A",394.8,296.1,0,0,"N",2.38583055234942e-05
46432,3,"T8",NA,"A",658.25,493.7,0,0,"N",2.38583055234942e-05
46434,3,"T8",NA,"A",567.1,425.35,0,0,"N",2.38583055234942e-05
46438,3,"T8",NA,"C",157.95,118.5,134.3,0,"N",2.38583055234942e-05
46441,3,"T8",NA,"C",381.7,286.3,324.45,0,"N",2.38583055234942e-05
46442,3,"T8",NA,"A",327.7,245.8,0,0,"N",2.38583055234942e-05
46444,3,"T8",NA,"A",570.3,427.75,0,0,"N",2.38583055234942e-05
46450,3,"T8",NA,"A",263.3,197.5,0,0,"N",2.38583055234942e-05
46453,3,"T8",NA,"A",438.75,329.1,0,0,"N",2.38583055234942e-05
46456,3,"T8",NA,"C",114.05,85.55,96.95,0,"N",2.38583055234942e-05
46464,3,"T8",NA,"A",263.3,197.5,0,0,"N",2.38583055234942e-05
46465,3,"T8",NA,"A",263.3,197.5,0,0,"N",2.38583055234942e-05
46468,3,"T8",NA,"A",460.6,345.45,0,0,"N",2.38583055234942e-05
46471,3,"T8",NA,"A",658,493.5,0,0,"N",2.38583055234942e-05
46474,3,"T8",NA,"A",855.5,641.65,0,0,"N",2.38583055234942e-05
46477,3,"T8",NA,"A",1052.95,789.75,0,0,"N",2.38583055234942e-05
46480,3,"T8",NA,"A",438.75,329.1,0,0,"N",2.38583055234942e-05
46483,3,"T8",NA,"A",350.9,263.2,0,0,"N",2.38583055234942e-05
46486,3,"T8",NA,"A",263.3,197.5,0,0,"N",2.38583055234942e-05
46489,3,"T8",NA,"A",307.15,230.4,0,0,"N",2.38583055234942e-05
46492,3,"T8",NA,"A",421.2,315.9,0,0,"N",2.38583055234942e-05
46493,3,"T8",NA,"A",384.45,288.35,0,0,"N",2.38583055234942e-05
46495,3,"T8",NA,"A",237.05,177.8,0,0,"N",2.38583055234942e-05
46498,3,"T8",NA,"C",256.5,192.4,218.05,0,"N",2.38583055234942e-05
46500,3,"T8",NA,"C",307.15,230.4,261.1,0,"N",2.38583055234942e-05
46501,3,"T8",NA,"C",384.05,288.05,326.45,0,"N",2.38583055234942e-05
46502,3,"T8",NA,"A",460.65,345.5,0,0,"N",2.38583055234942e-05
46503,3,"T8",NA,"A",441.4,331.05,0,0,"N",2.38583055234942e-05
46504,3,"T8",NA,"A",1289.7,967.3,0,0,"N",2.38583055234942e-05
46507,3,"T8",NA,"A",1749.8,1312.35,0,0,"N",2.38583055234942e-05
46510,3,"T8",NA,"A",409.4,307.05,0,0,"N",2.38583055234942e-05
46513,3,"T8",NA,"C",65.9,49.45,56.05,0,"N",2.38583055234942e-05
46519,3,"T8",NA,"C",164.7,123.55,140,0,"N",2.38583055234942e-05
46522,3,"T8",NA,"A",491.35,368.55,0,0,"N",2.38583055234942e-05
46525,3,"T8",NA,"A",65.9,49.45,0,0,"N",2.38583055234942e-05
46528,3,"T8",NA,"C",197.75,148.35,168.1,0,"N",2.38583055234942e-05
46531,3,"T8",NA,"C",99.35,74.55,84.45,0,"N",2.38583055234942e-05
46534,3,"T8",NA,"A",274.7,206.05,0,0,"N",2.38583055234942e-05
47000,3,"T8",1,"A",82.5,61.9,0,0,"N",2.38583055234942e-05
47003,3,"T8",1,"C",98.9,74.2,84.1,0,"N",2.38583055234942e-05
47007,3,"T8",1,"A",411.9,308.95,0,0,"N",2.38583055234942e-05
47009,3,"T8",1,"A",197.75,148.35,0,0,"N",2.38583055234942e-05
47012,3,"T8",1,"A",395.25,296.45,0,0,"N",2.38583055234942e-05
47015,3,"T8",1,"C",98.9,74.2,84.1,0,"N",2.38583055234942e-05
47018,3,"T8",1,"C",230.5,172.9,195.95,0,"N",2.38583055234942e-05
47021,3,"T8",1,"A",307.5,230.65,0,0,"N",2.38583055234942e-05
47024,3,"T8",1,"C",230.5,172.9,195.95,0,"N",2.38583055234942e-05
47027,3,"T8",1,"A",757.95,568.5,0,0,"N",2.38583055234942e-05
47030,3,"T8",1,"C",230.5,172.9,195.95,0,"N",2.38583055234942e-05
47033,3,"T8",1,"A",757.95,568.5,0,0,"N",2.38583055234942e-05
47042,3,"T8",1,"C",131.65,98.75,111.95,0,"N",2.38583055234942e-05
47045,3,"T8",1,"C",491.65,368.75,417.95,0,"N",2.38583055234942e-05
47047,3,"T8",1,"C",378.9,284.2,322.1,0,"N",2.38583055234942e-05
47049,3,"T8",1,"A",505.1,378.85,0,0,"N",2.38583055234942e-05
47052,3,"T8",1,"C",492.55,369.45,418.7,0,"N",2.38583055234942e-05
47053,3,"T8",1,"A",656.6,492.45,0,0,"N",2.38583055234942e-05
47054,3,"T8",1,"A",378.9,284.2,0,0,"N",2.38583055234942e-05
47057,3,"T8",1,"C",148.2,111.15,126,0,"N",2.38583055234942e-05
47060,3,"T8",1,"A",197.75,148.35,0,0,"N",2.38583055234942e-05
47063,3,"T8",1,"C",296.5,222.4,252.05,0,"N",2.38583055234942e-05
47066,3,"T8",1,"A",395.25,296.45,0,0,"N",2.38583055234942e-05
47069,3,"T8",1,"C",82.5,61.9,70.15,0,"N",2.38583055234942e-05
47301,3,"T8",2,"C",101.25,75.95,86.1,0,"N",2.38583055234942e-05
47304,3,"T8",2,"A",115.35,86.55,0,0,"N",2.38583055234942e-05
47307,3,"T8",2,"A",233.3,175,0,0,"N",2.38583055234942e-05
47310,3,"T8",2,"A",384.95,288.75,0,0,"N",2.38583055234942e-05
47313,3,"T8",2,"A",373.35,280.05,0,0,"N",2.38583055234942e-05
47316,3,"T8",2,"A",740.75,555.6,0,0,"N",2.38583055234942e-05
47319,3,"T8",2,"A",758.25,568.7,0,0,"N",2.38583055234942e-05
47348,3,"T8",2,"C",109.6,82.2,93.2,0,"N",2.38583055234942e-05
47351,3,"T8",2,"A",274.7,206.05,0,0,"N",2.38583055234942e-05
47354,3,"T8",2,"C",197.75,148.35,168.1,0,"N",2.38583055234942e-05
47357,3,"T8",2,"A",439.25,329.45,0,0,"N",2.38583055234942e-05
47361,3,"T8",2,"C",153.75,115.35,130.7,0,"N",2.38583055234942e-05
47362,3,"T8",2,"C",230.5,172.9,195.95,0,"N",2.38583055234942e-05
47364,3,"T8",2,"A",326.65,245,0,0,"N",2.38583055234942e-05
47367,3,"T8",2,"A",260.8,195.6,0,0,"N",2.38583055234942e-05
47370,3,"T8",2,"A",473.6,355.2,0,0,"N",2.38583055234942e-05
47373,3,"T8",2,"A",338.35,253.8,0,0,"N",2.38583055234942e-05
47381,3,"T8",2,"A",296.5,222.4,0,0,"N",2.38583055234942e-05
47384,3,"T8",2,"A",395.25,296.45,0,0,"N",2.38583055234942e-05
47385,3,"T8",2,"A",340.35,255.3,0,0,"N",2.38583055234942e-05
47386,3,"T8",2,"A",549.1,411.85,0,0,"N",2.38583055234942e-05
47387,3,"T8",2,"C",318.4,238.8,270.65,0,"N",2.38583055234942e-05
47390,3,"T8",2,"A",477.8,358.35,0,0,"N",2.38583055234942e-05
47393,3,"T8",2,"A",637,477.75,0,0,"N",2.38583055234942e-05
47396,3,"T8",2,"C",219.55,164.7,186.65,0,"N",2.38583055234942e-05
47399,3,"T8",2,"A",439.25,329.45,0,0,"N",2.38583055234942e-05
47402,3,"T8",2,"A",329.35,247.05,0,0,"N",2.38583055234942e-05
47405,3,"T8",2,"C",219.55,164.7,186.65,0,"N",2.38583055234942e-05
47408,3,"T8",2,"A",439.25,329.45,0,0,"N",2.38583055234942e-05
47411,3,"T8",2,"C",131.65,98.75,111.95,0,"N",2.38583055234942e-05
47414,3,"T8",2,"A",263.65,197.75,0,0,"N",2.38583055234942e-05
47417,3,"T8",2,"C",307.5,230.65,261.4,0,"N",2.38583055234942e-05
47420,3,"T8",2,"A",604.05,453.05,0,0,"N",2.38583055234942e-05
47423,3,"T8",2,"C",252.55,189.45,214.7,0,"N",2.38583055234942e-05
47426,3,"T8",2,"A",378.9,284.2,0,0,"N",2.38583055234942e-05
47429,3,"T8",2,"A",505.1,378.85,0,0,"N",2.38583055234942e-05
47432,3,"T8",2,"A",631.4,473.55,0,0,"N",2.38583055234942e-05
47435,3,"T8",2,"A",483.25,362.45,0,0,"N",2.38583055234942e-05
47438,3,"T8",2,"A",768.9,576.7,0,0,"N",2.38583055234942e-05
47441,3,"T8",2,"A",960.95,720.75,0,0,"N",2.38583055234942e-05
47444,3,"T8",2,"C",263.65,197.75,224.15,0,"N",2.38583055234942e-05
47447,3,"T8",2,"A",395.25,296.45,0,0,"N",2.38583055234942e-05
47450,3,"T8",2,"A",527.2,395.4,0,0,"N",2.38583055234942e-05
47451,3,"T8",2,"A",635.55,476.7,0,0,"N",2.38583055234942e-05
47453,3,"T8",2,"C",307.5,230.65,261.4,0,"N",2.38583055234942e-05
47456,3,"T8",2,"A",461.4,346.05,0,0,"N",2.38583055234942e-05
47459,3,"T8",2,"A",615.1,461.35,0,0,"N",2.38583055234942e-05
47462,3,"T8",2,"C",131.65,98.75,111.95,0,"N",2.38583055234942e-05
47465,3,"T8",2,"A",604.05,453.05,0,0,"N",2.38583055234942e-05
47466,3,"T8",2,"C",131.65,98.75,111.95,0,"N",2.38583055234942e-05
47467,3,"T8",2,"A",263.65,197.75,0,0,"N",2.38583055234942e-05
47468,3,"T8",2,"A",505.1,378.85,0,0,"N",2.38583055234942e-05
47471,3,"T8",2,"C",50.2,37.65,42.7,0,"N",2.38583055234942e-05
47474,3,"T8",2,"C",219.55,164.7,186.65,0,"N",2.38583055234942e-05
47477,3,"T8",2,"A",274.7,206.05,0,0,"N",2.38583055234942e-05
47480,3,"T8",2,"A",549.1,411.85,0,0,"N",2.38583055234942e-05
47483,3,"T8",2,"A",658.95,494.25,0,0,"N",2.38583055234942e-05
47486,3,"T8",2,"A",1098.25,823.7,0,0,"N",2.38583055234942e-05
47489,3,"T8",2,"A",1647.4,1235.55,0,0,"N",2.38583055234942e-05
47491,3,"T8",11,"A",1812.05,1359.05,0,0,"N",2.38583055234942e-05
47495,3,"T8",2,"A",549.1,411.85,0,0,"N",2.38583055234942e-05
47498,3,"T8",2,"A",823.6,617.7,0,0,"N",2.38583055234942e-05
47501,3,"T8",2,"A",1098.25,823.7,0,0,"N",2.38583055234942e-05
47511,3,"T8",2,"A",1647.4,1235.55,0,0,"N",2.38583055234942e-05
47514,3,"T8",2,"A",960.95,720.75,0,0,"N",2.38583055234942e-05
47516,3,"T8",2,"C",505.1,378.85,429.35,0,"N",2.38583055234942e-05
47519,3,"T8",2,"A",1010.45,757.85,0,0,"N",2.38583055234942e-05
47528,3,"T8",2,"A",878.7,659.05,0,0,"N",2.38583055234942e-05
47531,3,"T8",2,"A",1120.2,840.15,0,0,"N",2.38583055234942e-05
47534,3,"T8",2,"A",1263,947.25,0,0,"N",2.38583055234942e-05
47537,3,"T8",2,"A",505.1,378.85,0,0,"N",2.38583055234942e-05
47540,3,"T8",2,"A",252.55,189.45,0,0,"N",2.38583055234942e-05
47543,3,"T8",2,"C",263.65,197.75,224.15,0,"N",2.38583055234942e-05
47546,3,"T8",2,"A",395.25,296.45,0,0,"N",2.38583055234942e-05
47549,3,"T8",2,"A",627.9,470.95,0,0,"N",2.38583055234942e-05
47552,3,"T8",2,"A",439.25,329.45,0,0,"N",2.38583055234942e-05
47555,3,"T8",2,"A",658.95,494.25,0,0,"N",2.38583055234942e-05
47558,3,"T8",2,"A",1164.2,873.15,0,0,"N",2.38583055234942e-05
47559,3,"T8",2,"A",891.6,668.7,0,0,"N",2.38583055234942e-05
47561,3,"T8",2,"C",318.4,238.8,270.65,0,"N",2.38583055234942e-05
47565,3,"T8",2,"A",831.05,623.3,0,0,"N",2.38583055234942e-05
47566,3,"T8",2,"A",1059.35,794.55,0,0,"N",2.38583055234942e-05
47568,3,"T8",2,"A",477.8,358.35,0,0,"N",2.38583055234942e-05
47570,3,"T8",2,"A",637,477.75,0,0,"N",2.38583055234942e-05
47573,3,"T8",2,"A",796.25,597.2,0,0,"N",2.38583055234942e-05
47577,3,"T8",2,"A",658.95,494.25,0,0,"N",2.38583055234942e-05
47579,3,"T8",2,"C",186.75,140.1,158.75,0,"N",2.38583055234942e-05
47582,3,"T8",2,"A",494.4,370.8,0,0,"N",2.38583055234942e-05
47585,3,"T8",2,"A",511.1,383.35,0,0,"N",2.38583055234942e-05
47588,3,"T8",2,"A",1537.35,1153.05,0,0,"N",2.38583055234942e-05
47591,3,"T8",2,"A",1867.2,1400.4,0,0,"N",2.38583055234942e-05
47592,3,"T8",12,"A",380.3,285.25,0,0,"N",2.38583055234942e-05
47593,3,"T8",2,"A",930.85,698.15,0,0,"N",2.38583055234942e-05
47595,3,"T8",2,"C",187.95,141,159.8,0,"N",2.38583055234942e-05
47597,3,"T8",2,"C",378.9,284.2,322.1,0,"N",2.38583055234942e-05
47600,3,"T8",2,"A",658.95,494.25,0,0,"N",2.38583055234942e-05
47603,3,"T8",2,"A",831.05,623.3,0,0,"N",2.38583055234942e-05
47612,3,"T8",2,"A",477.8,358.35,0,0,"N",2.38583055234942e-05
47615,3,"T8",2,"A",549.1,411.85,0,0,"N",2.38583055234942e-05
47618,3,"T8",2,"A",686.4,514.8,0,0,"N",2.38583055234942e-05
47621,3,"T8",2,"A",477.8,358.35,0,0,"N",2.38583055234942e-05
47624,3,"T8",2,"A",658.95,494.25,0,0,"N",2.38583055234942e-05
47630,3,"T8",2,"A",395.25,296.45,0,0,"N",2.38583055234942e-05
47637,3,"T8",2,"C",223.8,167.85,190.25,0,"N",2.38583055234942e-05
47639,3,"T8",2,"A",263.65,197.75,0,0,"N",2.38583055234942e-05
47648,3,"T8",2,"A",351.2,263.4,0,0,"N",2.38583055234942e-05
47657,3,"T8",2,"A",549.1,411.85,0,0,"N",2.38583055234942e-05
47663,3,"T8",2,"C",164.7,123.55,140,0,"N",2.38583055234942e-05
47666,3,"T8",2,"A",274.7,206.05,0,0,"N",2.38583055234942e-05
47672,3,"T8",2,"C",131.65,98.75,111.95,0,"N",2.38583055234942e-05
47678,3,"T8",2,"A",197.75,148.35,0,0,"N",2.38583055234942e-05
47735,3,"T8",2,"C",50.25,37.7,42.75,0,"N",2.38583055234942e-05
47738,3,"T8",2,"C",274.7,206.05,233.5,0,"N",2.38583055234942e-05
47741,3,"T8",2,"A",560.4,420.3,0,0,"N",2.38583055234942e-05
47753,3,"T8",2,"A",474.3,355.75,0,0,"N",2.38583055234942e-05
47762,3,"T8",2,"A",278.6,208.95,0,0,"N",2.38583055234942e-05
47765,3,"T8",2,"A",524.15,393.15,0,0,"N",2.38583055234942e-05
47766,3,"T8",NA,"A",701.1,525.85,0,0,"N",2.38583055234942e-05
47786,3,"T8",2,"A",838.45,628.85,0,0,"N",2.38583055234942e-05
47789,3,"T8",2,"A",838.45,628.85,0,0,"N",2.38583055234942e-05
47790,3,"T8",3,"A",329.35,247.05,0,0,"N",2.38583055234942e-05
47791,3,"T8",3,"A",307.5,230.65,0,0,"N",2.38583055234942e-05
47792,3,"T8",8,"A",549.1,411.85,0,0,"N",2.38583055234942e-05
47795,3,"T8",8,"A",549.1,411.85,0,0,"N",2.38583055234942e-05
47900,3,"T8",3,"C",197.75,148.35,168.1,0,"N",2.38583055234942e-05
47903,3,"T8",3,"A",274.7,206.05,0,0,"N",2.38583055234942e-05
47904,3,"T8",3,"C",65.9,49.45,56.05,0,"N",2.38583055234942e-05
47906,3,"T8",3,"A",131.65,98.75,0,0,"N",2.38583055234942e-05
47915,3,"T8",3,"C",197.75,148.35,168.1,0,"N",2.38583055234942e-05
47916,3,"T8",3,"C",99.35,74.55,84.45,0,"N",2.38583055234942e-05
47918,3,"T8",3,"C",274.7,206.05,233.5,0,"N",2.38583055234942e-05
47921,3,"T8",3,"C",131.65,98.75,111.95,0,"N",2.38583055234942e-05
47924,3,"T8",3,"C",43.95,33,37.4,0,"N",2.38583055234942e-05
47927,3,"T8",3,"A",164.7,123.55,0,0,"N",2.38583055234942e-05
47929,3,"T8",3,"A",439.25,329.45,0,0,"N",2.38583055234942e-05
47953,3,"T8",3,"A",505.1,378.85,0,0,"N",2.38583055234942e-05
47954,3,"T8",3,"C",439.25,329.45,373.4,0,"N",2.38583055234942e-05
47955,3,"T8",3,"A",760.15,570.15,0,0,"N",2.38583055234942e-05
47956,3,"T8",3,"A",1140.2,855.15,0,0,"N",2.38583055234942e-05
47960,3,"T8",3,"C",153.75,115.35,130.7,0,"N",2.38583055234942e-05
47964,3,"T8",3,"A",252.55,189.45,0,0,"N",2.38583055234942e-05
47967,3,"T8",3,"A",505.1,378.85,0,0,"N",2.38583055234942e-05
47968,3,"T8",8,"C",252.55,189.45,214.7,0,"N",2.38583055234942e-05
47970,3,"T8",8,"C",252.55,189.45,214.7,0,"N",2.38583055234942e-05
47973,3,"T8",9,"C",252.55,189.45,214.7,0,"N",2.38583055234942e-05
47975,3,"T8",3,"A",430.65,323,0,0,"N",2.38583055234942e-05
47978,3,"T8",3,"A",261.65,196.25,0,0,"N",2.38583055234942e-05
47981,3,"T8",3,"C",175.6,131.7,149.3,0,"N",2.38583055234942e-05
47982,3,"T8",3,"A",425.75,319.35,0,0,"N",2.38583055234942e-05
47983,3,"T8",3,"A",1010.45,757.85,0,0,"N",2.38583055234942e-05
47984,3,"T8",3,"A",1010.45,757.85,0,0,"N",2.38583055234942e-05
48245,3,"T8",4,"A",364.85,273.65,0,0,"N",2.38583055234942e-05
48248,3,"T8",4,"A",565.05,423.8,0,0,"N",2.38583055234942e-05
48251,3,"T8",4,"A",465,348.75,0,0,"N",2.38583055234942e-05
48254,3,"T8",4,"A",1065.35,799.05,0,0,"N",2.38583055234942e-05
48257,3,"T8",4,"A",465,348.75,0,0,"N",2.38583055234942e-05
48400,3,"T8",5,"A",384.45,288.35,0,0,"N",2.38583055234942e-05
48403,3,"T8",5,"A",604.05,453.05,0,0,"N",2.38583055234942e-05
48406,3,"T8",5,"A",384.45,288.35,0,0,"N",2.38583055234942e-05
48409,3,"T8",5,"A",604.05,453.05,0,0,"N",2.38583055234942e-05
48412,3,"T8",5,"A",735.7,551.8,0,0,"N",2.38583055234942e-05
48415,3,"T8",5,"A",933.55,700.2,0,0,"N",2.38583055234942e-05
48419,3,"T8",5,"A",735.7,551.8,0,0,"N",2.38583055234942e-05
48420,3,"T8",5,"A",933.55,700.2,0,0,"N",2.38583055234942e-05
48421,3,"T8",5,"A",1072.2,804.15,0,0,"N",2.38583055234942e-05
48422,3,"T8",5,"A",1065.35,799.05,0,0,"N",2.38583055234942e-05
48423,3,"T8",5,"A",878.7,659.05,0,0,"N",2.38583055234942e-05
48424,3,"T8",5,"A",878.7,659.05,0,0,"N",2.38583055234942e-05
48426,3,"T8",5,"A",1065.35,799.05,0,0,"N",2.38583055234942e-05
48427,3,"T8",5,"A",1065.35,799.05,0,0,"N",2.38583055234942e-05
48430,3,"T8",5,"A",313,234.75,0,0,"N",2.38583055234942e-05
48433,3,"T8",5,"A",1246.55,934.95,0,0,"N",2.38583055234942e-05
48435,3,"T8",5,"A",658.95,494.25,0,0,"N",2.38583055234942e-05
48436,3,"T8",5,"A",313,234.75,0,0,"N",2.38583055234942e-05
48438,3,"T8",5,"A",313,234.75,0,0,"N",2.38583055234942e-05
48440,3,"T8",5,"A",313,234.75,0,0,"N",2.38583055234942e-05
48442,3,"T8",5,"A",313,234.75,0,0,"N",2.38583055234942e-05
48444,3,"T8",5,"A",313,234.75,0,0,"N",2.38583055234942e-05
48446,3,"T8",2,"A",1407.7,1055.8,0,0,"N",2.38583055234942e-05
48448,3,"T8",2,"A",1407.7,1055.8,0,0,"N",2.38583055234942e-05
48450,3,"T8",2,"A",1275.85,956.9,0,0,"N",2.38583055234942e-05
48452,3,"T8",2,"A",1275.85,956.9,0,0,"N",2.38583055234942e-05
48454,3,"T8",2,"A",946.35,709.8,0,0,"N",2.38583055234942e-05
48456,3,"T8",2,"A",946.35,709.8,0,0,"N",2.38583055234942e-05
48507,3,"T8",6,"A",427.2,320.4,0,0,"N",2.38583055234942e-05
48509,3,"T8",6,"A",384.45,288.35,0,0,"N",2.38583055234942e-05
48512,3,"T8",6,"A",1043.4,782.55,0,0,"N",2.38583055234942e-05
48900,3,"T8",8,"A",329.35,247.05,0,0,"N",2.38583055234942e-05
48903,3,"T8",8,"A",658.95,494.25,0,0,"N",2.38583055234942e-05
48906,3,"T8",8,"A",658.95,494.25,0,0,"N",2.38583055234942e-05
48909,3,"T8",8,"A",878.7,659.05,0,0,"N",2.38583055234942e-05
48915,3,"T8",8,"A",878.7,659.05,0,0,"N",2.38583055234942e-05
48918,3,"T8",8,"A",1757.45,1318.1,0,0,"N",2.38583055234942e-05
48919,3,"T8",8,"A",1989.95,1492.5,0,0,"N",2.38583055234942e-05
48921,3,"T8",8,"A",1812.05,1359.05,0,0,"N",2.38583055234942e-05
48924,3,"T8",8,"A",2086.8,1565.1,0,0,"N",2.38583055234942e-05
48925,3,"T8",8,"A",819.5,614.65,0,0,"N",2.38583055234942e-05
48927,3,"T8",8,"A",428.15,321.15,0,0,"N",2.38583055234942e-05
48932,3,"T8",8,"A",819.5,614.65,0,0,"N",2.38583055234942e-05
48939,3,"T8",8,"A",1263,947.25,0,0,"N",2.38583055234942e-05
48942,3,"T8",8,"A",1647.4,1235.55,0,0,"N",2.38583055234942e-05
48943,3,"T8",8,"A",549.1,411.85,0,0,"N",2.38583055234942e-05
48944,3,"T8",8,"A",549.1,411.85,0,0,"N",2.38583055234942e-05
48945,3,"T8",8,"A",318.4,238.8,0,0,"N",2.38583055234942e-05
48948,3,"T8",8,"A",713.95,535.5,0,0,"N",2.38583055234942e-05
48951,3,"T8",8,"A",1043.4,782.55,0,0,"N",2.38583055234942e-05
48952,3,"T8",8,"A",713.95,535.5,0,0,"N",2.38583055234942e-05
48953,3,"T8",8,"A",713.95,535.5,0,0,"N",2.38583055234942e-05
48954,3,"T8",8,"A",1098.25,823.7,0,0,"N",2.38583055234942e-05
48958,3,"T8",8,"A",1263,947.25,0,0,"N",2.38583055234942e-05
48959,3,"T8",8,"A",1763.75,1322.85,0,0,"N",2.38583055234942e-05
48960,3,"T8",8,"A",1098.25,823.7,0,0,"N",2.38583055234942e-05
48972,3,"T8",8,"A",505.1,378.85,0,0,"N",2.38583055234942e-05
48980,3,"T8",8,"A",933.55,700.2,0,0,"N",2.38583055234942e-05
48983,3,"T8",9,"A",684.6,513.45,0,0,"N",2.38583055234942e-05
48986,3,"T8",9,"A",933.55,700.2,0,0,"N",2.38583055234942e-05
49100,3,"T8",9,"A",384.45,288.35,0,0,"N",2.38583055234942e-05
49104,3,"T8",9,"A",617.75,463.35,0,0,"N",2.38583055234942e-05
49105,3,"T8",9,"A",906.05,679.55,0,0,"N",2.38583055234942e-05
49106,3,"T8",9,"A",1098.25,823.7,0,0,"N",2.38583055234942e-05
49109,3,"T8",9,"A",823.6,617.7,0,0,"N",2.38583055234942e-05
49112,3,"T8",9,"A",823.6,617.7,0,0,"N",2.38583055234942e-05
49113,3,"T8",9,"A",819.5,614.65,0,0,"N",2.38583055234942e-05
49114,3,"T8",9,"A",819.5,614.65,0,0,"N",2.38583055234942e-05
49115,3,"T8",9,"A",1317.8,988.35,0,0,"N",2.38583055234942e-05
49116,3,"T8",9,"A",1739.45,1304.6,0,0,"N",2.38583055234942e-05
49117,3,"T8",9,"A",2087.4,1565.55,0,0,"N",2.38583055234942e-05
49118,3,"T8",9,"A",318.4,238.8,0,0,"N",2.38583055234942e-05
49121,3,"T8",9,"A",713.95,535.5,0,0,"N",2.38583055234942e-05
49124,3,"T8",9,"A",433.4,325.05,0,0,"N",2.38583055234942e-05
49127,3,"T8",9,"A",819.5,614.65,0,0,"N",2.38583055234942e-05
49200,3,"T8",10,"A",955.4,716.55,0,0,"N",2.38583055234942e-05
49203,3,"T8",10,"A",904.95,678.75,0,0,"N",2.38583055234942e-05
49206,3,"T8",10,"A",658.95,494.25,0,0,"N",2.38583055234942e-05
49209,3,"T8",10,"A",878.7,659.05,0,0,"N",2.38583055234942e-05
49210,3,"T8",10,"A",1159.95,870,0,0,"N",2.38583055234942e-05
49212,3,"T8",10,"A",274.7,206.05,0,0,"N",2.38583055234942e-05
49213,3,"T8",10,"A",982.85,737.15,0,0,"N",2.38583055234942e-05
49215,3,"T8",10,"A",757.95,568.5,0,0,"N",2.38583055234942e-05
49218,3,"T8",10,"A",318.4,238.8,0,0,"N",2.38583055234942e-05
49219,3,"T8",10,"A",318.4,238.8,0,0,"N",2.38583055234942e-05
49220,3,"T8",10,"A",713.95,535.5,0,0,"N",2.38583055234942e-05
49221,3,"T8",10,"A",713.95,535.5,0,0,"N",2.38583055234942e-05
49224,3,"T8",10,"A",823.6,617.7,0,0,"N",2.38583055234942e-05
49227,3,"T8",10,"A",823.6,617.7,0,0,"N",2.38583055234942e-05
49230,3,"T8",10,"A",1074.7,806.05,0,0,"N",2.38583055234942e-05
49233,3,"T8",10,"A",452.45,339.35,0,0,"N",2.38583055234942e-05
49236,3,"T8",10,"A",682.2,511.65,0,0,"N",2.38583055234942e-05
49239,3,"T8",10,"A",339.35,254.55,0,0,"N",2.38583055234942e-05
49300,3,"T8",11,"A",608.15,456.15,0,0,"N",2.38583055234942e-05
49303,3,"T8",11,"A",637,477.75,0,0,"N",2.38583055234942e-05
49306,3,"T8",11,"A",1263,947.25,0,0,"N",2.38583055234942e-05
49309,3,"T8",11,"A",878.7,659.05,0,0,"N",2.38583055234942e-05
49315,3,"T8",11,"A",988.45,741.35,0,0,"N",2.38583055234942e-05
49318,3,"T8",11,"A",1537.35,1153.05,0,0,"N",2.38583055234942e-05
49319,3,"T8",11,"A",2701,2025.75,0,0,"N",2.38583055234942e-05
49321,3,"T8",11,"A",1867.2,1400.4,0,0,"N",2.38583055234942e-05
49360,3,"T8",11,"A",401.3,301,0,0,"N",2.38583055234942e-05
49363,3,"T8",11,"A",483.15,362.4,0,0,"N",2.38583055234942e-05
49366,3,"T8",11,"A",713.95,535.5,0,0,"N",2.38583055234942e-05
49372,3,"T8",11,"A",1076.05,807.05,0,0,"N",2.38583055234942e-05
49374,3,"T8",11,"A",1998.5,1498.9,0,0,"N",2.38583055234942e-05
49376,3,"T8",11,"A",2459.75,1844.85,0,0,"N",2.38583055234942e-05
49378,3,"T8",11,"A",2152.1,1614.1,0,0,"N",2.38583055234942e-05
49380,3,"T8",11,"A",2613.4,1960.05,0,0,"N",2.38583055234942e-05
49382,3,"T8",11,"A",3382.1,2536.6,0,0,"N",2.38583055234942e-05
49384,3,"T8",11,"A",3997,2997.75,0,0,"N",2.38583055234942e-05
49386,3,"T8",11,"A",2767.2,2075.4,0,0,"N",2.38583055234942e-05
49388,3,"T8",11,"A",3228.35,2421.3,0,0,"N",2.38583055234942e-05
49390,3,"T8",11,"A",3843.3,2882.5,0,0,"N",2.38583055234942e-05
49392,3,"T8",11,"A",5380.6,4035.45,0,0,"N",2.38583055234942e-05
49394,3,"T8",11,"A",4611.9,3458.95,0,0,"N",2.38583055234942e-05
49396,3,"T8",11,"A",3074.6,2305.95,0,0,"N",2.38583055234942e-05
49398,3,"T8",11,"A",2306,1729.5,0,0,"N",2.38583055234942e-05
49500,3,"T8",12,"A",439.25,329.45,0,0,"N",2.38583055234942e-05
49503,3,"T8",12,"A",571.15,428.4,0,0,"N",2.38583055234942e-05
49506,3,"T8",12,"A",856.75,642.6,0,0,"N",2.38583055234942e-05
49509,3,"T8",12,"A",878.7,659.05,0,0,"N",2.38583055234942e-05
49512,3,"T8",12,"A",1537.35,1153.05,0,0,"N",2.38583055234942e-05
49515,3,"T8",12,"A",988.45,741.35,0,0,"N",2.38583055234942e-05
49516,3,"T8",12,"A",2462.75,1847.1,0,0,"N",2.38583055234942e-05
49517,3,"T8",12,"A",1407.3,1055.5,0,0,"N",2.38583055234942e-05
49518,3,"T8",12,"A",1537.35,1153.05,0,0,"N",2.38583055234942e-05
49519,3,"T8",12,"A",2701,2025.75,0,0,"N",2.38583055234942e-05
49521,3,"T8",12,"A",1867.2,1400.4,0,0,"N",2.38583055234942e-05
49524,3,"T8",12,"A",2196.65,1647.5,0,0,"N",2.38583055234942e-05
49525,3,"T8",12,"A",1867.2,1400.4,0,0,"N",2.38583055234942e-05
49527,3,"T8",12,"A",1537.35,1153.05,0,0,"N",2.38583055234942e-05
49530,3,"T8",12,"A",2306.55,1729.95,0,0,"N",2.38583055234942e-05
49533,3,"T8",12,"A",2966,2224.5,0,0,"N",2.38583055234942e-05
49534,3,"T8",12,"A",848.45,636.35,0,0,"N",2.38583055234942e-05
49536,3,"T8",12,"A",1098.25,823.7,0,0,"N",2.38583055234942e-05
49542,3,"T8",12,"A",1537.35,1153.05,0,0,"N",2.38583055234942e-05
49544,3,"T8",12,"A",1789.85,1342.4,0,0,"N",2.38583055234942e-05
49548,3,"T8",12,"A",1098.25,823.7,0,0,"N",2.38583055234942e-05
49551,3,"T8",12,"A",1537.35,1153.05,0,0,"N",2.38583055234942e-05
49554,3,"T8",12,"A",2196.65,1647.5,0,0,"N",2.38583055234942e-05
49564,3,"T8",12,"A",1072.2,804.15,0,0,"N",2.38583055234942e-05
49565,3,"T8",12,"A",1538.8,1154.1,0,0,"N",2.38583055234942e-05
49569,3,"T8",12,"A",878.7,659.05,0,0,"N",2.38583055234942e-05
49570,3,"T8",12,"A",318.4,238.8,0,0,"N",2.38583055234942e-05
49572,3,"T8",12,"A",774.9,581.2,0,0,"N",2.38583055234942e-05
49574,3,"T8",12,"A",774.9,581.2,0,0,"N",2.38583055234942e-05
49576,3,"T8",12,"A",774.9,581.2,0,0,"N",2.38583055234942e-05
49578,3,"T8",12,"A",774.9,581.2,0,0,"N",2.38583055234942e-05
49580,3,"T8",12,"A",774.9,581.2,0,0,"N",2.38583055234942e-05
49582,3,"T8",12,"A",904.8,678.6,0,0,"N",2.38583055234942e-05
49584,3,"T8",12,"A",904.8,678.6,0,0,"N",2.38583055234942e-05
49586,3,"T8",12,"A",904.8,678.6,0,0,"N",2.38583055234942e-05
49590,3,"T8",12,"A",433.4,325.05,0,0,"N",2.38583055234942e-05
49592,3,"T8",11,"A",1331.7,998.8,0,0,"N",2.38583055234942e-05
49594,3,"T8",12,"A",1065.35,799.05,0,0,"N",2.38583055234942e-05
49596,3,"T8",13,"A",799.05,599.3,0,0,"N",2.38583055234942e-05
49703,3,"T8",13,"A",713.95,535.5,0,0,"N",2.38583055234942e-05
49706,3,"T8",13,"A",384.45,288.35,0,0,"N",2.38583055234942e-05
49709,3,"T8",13,"A",823.6,617.7,0,0,"N",2.38583055234942e-05
49712,3,"T8",13,"A",1098.25,823.7,0,0,"N",2.38583055234942e-05
49715,3,"T8",13,"A",1317.8,988.35,0,0,"N",2.38583055234942e-05
49716,3,"T8",13,"A",1739.45,1304.6,0,0,"N",2.38583055234942e-05
49717,3,"T8",13,"A",2087.4,1565.55,0,0,"N",2.38583055234942e-05
49718,3,"T8",13,"A",439.25,329.45,0,0,"N",2.38583055234942e-05
49724,3,"T8",13,"A",768.9,576.7,0,0,"N",2.38583055234942e-05
49727,3,"T8",13,"A",329.35,247.05,0,0,"N",2.38583055234942e-05
49728,3,"T8",13,"A",658.8,494.1,0,0,"N",2.38583055234942e-05
49730,3,"T8",14,"A",713.95,535.5,0,0,"N",2.38583055234942e-05
49732,3,"T8",14,"A",713.95,535.5,0,0,"N",2.38583055234942e-05
49734,3,"T8",14,"A",384.45,288.35,0,0,"N",2.38583055234942e-05
49736,3,"T8",14,"A",768.9,576.7,0,0,"N",2.38583055234942e-05
49738,3,"T8",14,"A",549.1,411.85,0,0,"N",2.38583055234942e-05
49740,3,"T8",13,"A",1647.5,1235.65,0,0,"N",2.38583055234942e-05
49742,3,"T8",13,"A",1555.25,1166.45,0,0,"N",2.38583055234942e-05
49744,3,"T8",13,"A",2332.95,1749.75,0,0,"N",2.38583055234942e-05
49760,3,"T8",14,"A",411.9,308.95,0,0,"N",2.38583055234942e-05
49761,3,"T8",14,"A",604.05,453.05,0,0,"N",2.38583055234942e-05
49762,3,"T8",14,"A",906.05,679.55,0,0,"N",2.38583055234942e-05
49763,3,"T8",14,"A",1057.1,792.85,0,0,"N",2.38583055234942e-05
49764,3,"T8",14,"A",1208.05,906.05,0,0,"N",2.38583055234942e-05
49765,3,"T8",14,"A",1359.15,1019.4,0,0,"N",2.38583055234942e-05
49766,3,"T8",14,"A",1510.1,1132.6,0,0,"N",2.38583055234942e-05
49767,3,"T8",14,"A",1661.15,1245.9,0,0,"N",2.38583055234942e-05
49768,3,"T8",14,"A",1812.1,1359.1,0,0,"N",2.38583055234942e-05
49769,3,"T8",14,"A",1057.1,792.85,0,0,"N",2.38583055234942e-05
49770,3,"T8",14,"A",1757.05,1317.8,0,0,"N",2.38583055234942e-05
49771,3,"T8",13,"A",433.4,325.05,0,0,"N",2.38583055234942e-05
49772,3,"T8",14,"A",382.5,286.9,0,0,"N",2.38583055234942e-05
49773,3,"T8",14,"A",474.05,355.55,0,0,"N",2.38583055234942e-05
49774,3,"T8",14,"A",322.85,242.15,0,0,"N",2.38583055234942e-05
49775,3,"T8",14,"A",435.9,326.95,0,0,"N",2.38583055234942e-05
49776,3,"T8",14,"A",1371.2,1028.4,0,0,"N",2.38583055234942e-05
49777,3,"T8",14,"A",811.9,608.95,0,0,"N",2.38583055234942e-05
49778,3,"T8",14,"A",1217.85,913.4,0,0,"N",2.38583055234942e-05
49779,3,"T8",14,"A",1420.75,1065.6,0,0,"N",2.38583055234942e-05
49780,3,"T8",14,"A",1623.65,1217.75,0,0,"N",2.38583055234942e-05
49781,3,"T8",14,"A",1217.85,913.4,0,0,"N",2.38583055234942e-05
49782,3,"T8",13,"A",659.6,494.7,0,0,"N",2.38583055234942e-05
49783,3,"T8",NA,"A",884.55,663.45,0,0,"N",2.38583055234942e-05
49784,3,"T8",14,"A",1010.9,758.2,0,0,"N",2.38583055234942e-05
49785,3,"T8",14,"A",1137.15,852.9,0,0,"N",2.38583055234942e-05
49786,3,"T8",14,"A",1263.4,947.55,0,0,"N",2.38583055234942e-05
49787,3,"T8",14,"A",1389.65,1042.25,0,0,"N",2.38583055234942e-05
49788,3,"T8",14,"A",1515.95,1137,0,0,"N",2.38583055234942e-05
49789,3,"T8",14,"A",1303.9,977.95,0,0,"N",2.38583055234942e-05
49790,3,"T8",14,"A",1132.55,849.45,0,0,"N",2.38583055234942e-05
49791,3,"T8",14,"A",513.5,385.15,0,0,"N",2.38583055234942e-05
49792,3,"T8",14,"A",576.75,432.6,0,0,"N",2.38583055234942e-05
49793,3,"T8",14,"A",672.85,504.65,0,0,"N",2.38583055234942e-05
49794,3,"T8",14,"A",768.95,576.75,0,0,"N",2.38583055234942e-05
49795,3,"T8",14,"A",865.1,648.85,0,0,"N",2.38583055234942e-05
49796,3,"T8",14,"A",961.25,720.95,0,0,"N",2.38583055234942e-05
49797,3,"T8",14,"A",1057.35,793.05,0,0,"N",2.38583055234942e-05
49798,3,"T8",14,"A",1153.5,865.15,0,0,"N",2.38583055234942e-05
49800,3,"T8",14,"C",153.75,115.35,130.7,0,"N",2.38583055234942e-05
49803,3,"T8",14,"A",197.75,148.35,0,0,"N",2.38583055234942e-05
49806,3,"T8",14,"C",153.75,115.35,130.7,0,"N",2.38583055234942e-05
49809,3,"T8",14,"A",252.55,189.45,0,0,"N",2.38583055234942e-05
49812,3,"T8",14,"A",505.1,378.85,0,0,"N",2.38583055234942e-05
49814,3,"T8",13,"A",1153.35,865.05,0,0,"N",2.38583055234942e-05
49815,3,"T8",14,"A",1599.75,1199.85,0,0,"N",2.38583055234942e-05
49818,3,"T8",14,"A",318.4,238.8,0,0,"N",2.38583055234942e-05
49821,3,"T8",14,"A",505.1,378.85,0,0,"N",2.38583055234942e-05
49824,3,"T8",14,"A",884.2,663.15,0,0,"N",2.38583055234942e-05
49827,3,"T8",14,"A",549.1,411.85,0,0,"N",2.38583055234942e-05
49830,3,"T8",14,"A",960.95,720.75,0,0,"N",2.38583055234942e-05
49833,3,"T8",14,"A",604.05,453.05,0,0,"N",2.38583055234942e-05
49836,3,"T8",14,"A",1043.4,782.55,0,0,"N",2.38583055234942e-05
49837,3,"T8",14,"A",755.1,566.35,0,0,"N",2.38583055234942e-05
49838,3,"T8",14,"A",1303.9,977.95,0,0,"N",2.38583055234942e-05
49839,3,"T8",14,"A",604.05,453.05,0,0,"N",2.38583055234942e-05
49845,3,"T8",14,"A",755.1,566.35,0,0,"N",2.38583055234942e-05
49851,3,"T8",14,"A",505.1,378.85,0,0,"N",2.38583055234942e-05
49854,3,"T8",14,"A",439.25,329.45,0,0,"N",2.38583055234942e-05
49857,3,"T8",14,"A",406.3,304.75,0,0,"N",2.38583055234942e-05
49860,3,"T8",14,"A",379.5,284.65,0,0,"N",2.38583055234942e-05
49866,3,"T8",14,"A",351.2,263.4,0,0,"N",2.38583055234942e-05
49878,3,"T8",14,"C",65.9,49.45,56.05,0,"N",2.38583055234942e-05
49881,3,"T8",14,"A",256.5,192.4,0,0,"N",2.38583055234942e-05
49884,3,"T8",13,"A",433.4,325.05,0,0,"N",2.38583055234942e-05
49887,3,"T8",14,"A",346.45,259.85,0,0,"N",2.38583055234942e-05
49890,3,"T8",13,"A",585,438.75,0,0,"N",2.38583055234942e-05
50107,3,"T8",11,"A",549.1,411.85,0,0,"N",2.38583055234942e-05
50112,3,"T8",15,"A",421.2,315.9,0,0,"N",2.38583055234942e-05
50115,3,"T8",15,"A",166.85,125.15,0,0,"N",2.38583055234942e-05
50118,3,"T8",15,"A",914.05,685.55,0,0,"N",2.38583055234942e-05
50130,3,"T8",15,"A",364.35,273.3,0,0,"N",2.38583055234942e-05
50200,3,"T8",16,"C",219.55,164.7,186.65,0,"N",2.38583055234942e-05
50201,3,"T8",16,"C",384.35,288.3,326.7,0,"N",2.38583055234942e-05
50203,3,"T8",16,"A",483.25,362.45,0,0,"N",2.38583055234942e-05
50206,3,"T8",16,"A",713.95,535.5,0,0,"N",2.38583055234942e-05
50209,3,"T8",16,"A",878.7,659.05,0,0,"N",2.38583055234942e-05
50212,3,"T8",16,"A",1921.95,1441.5,0,0,"N",2.38583055234942e-05
50215,3,"T8",16,"A",2416.25,1812.2,0,0,"N",2.38583055234942e-05
50218,3,"T8",16,"A",3185.1,2388.85,0,0,"N",2.38583055234942e-05
50221,3,"T8",16,"A",2965.2,2223.9,0,0,"N",2.38583055234942e-05
50224,3,"T8",16,"A",3294.75,2471.1,0,0,"N",2.38583055234942e-05
50233,3,"T8",16,"A",2526,1894.5,0,0,"N",2.38583055234942e-05
50236,3,"T8",16,"A",1976.95,1482.75,0,0,"N",2.38583055234942e-05
50239,3,"T8",16,"A",1317.8,988.35,0,0,"N",2.38583055234942e-05
50242,3,"T8",16,"A",988.45,741.35,0,0,"N",2.38583055234942e-05
50245,3,"T8",17,"A",2965.45,2224.1,0,0,"N",2.38583055234942e-05
50300,3,"T8",17,"A",1350.5,1012.9,0,0,"N",2.38583055234942e-05
50303,3,"T8",17,"A",1843.85,1382.9,0,0,"N",2.38583055234942e-05
50306,3,"T8",17,"A",2878.9,2159.2,0,0,"N",2.38583055234942e-05
50309,3,"T8",17,"A",355.9,266.95,0,0,"N",2.38583055234942e-05
50310,3,"T8",17,"C",50.95,38.25,43.35,0,"N",2.38583055234942e-05
50312,3,"T8",17,"A",877.5,658.15,0,0,"N",2.38583055234942e-05
50321,3,"T8",17,"A",1083.55,812.7,0,0,"N",2.38583055234942e-05
50324,3,"T8",17,"A",1544.75,1158.6,0,0,"N",2.38583055234942e-05
50330,3,"T8",17,"A",266.75,200.1,0,0,"N",2.38583055234942e-05
50333,3,"T8",17,"A",719.5,539.65,0,0,"N",2.38583055234942e-05
50335,3,"T8",17,"A",719.5,539.65,0,0,"N",2.38583055234942e-05
50336,3,"T8",17,"A",1075.6,806.7,0,0,"N",2.38583055234942e-05
50339,3,"T8",17,"A",688.85,516.65,0,0,"N",2.38583055234942e-05
50345,3,"T8",17,"A",404.4,303.3,0,0,"N",2.38583055234942e-05
50348,3,"T8",17,"A",266.75,200.1,0,0,"N",2.38583055234942e-05
50351,3,"T8",17,"A",1863.3,1397.5,0,0,"N",2.38583055234942e-05
50352,3,"T8",17,"C",65.9,49.45,56.05,0,"N",2.38583055234942e-05
50354,3,"T8",17,"A",1528.25,1146.2,0,0,"N",2.38583055234942e-05
50357,3,"T8",17,"A",655.05,491.3,0,0,"N",2.38583055234942e-05
50360,3,"T8",17,"A",760.15,570.15,0,0,"N",2.38583055234942e-05
50369,3,"T8",17,"A",760.15,570.15,0,0,"N",2.38583055234942e-05
50372,3,"T8",17,"A",1334.3,1000.75,0,0,"N",2.38583055234942e-05
50375,3,"T8",17,"A",582.25,436.7,0,0,"N",2.38583055234942e-05
50378,3,"T8",17,"A",1019,764.25,0,0,"N",2.38583055234942e-05
50381,3,"T8",17,"A",760.15,570.15,0,0,"N",2.38583055234942e-05
50384,3,"T8",17,"A",1334.3,1000.75,0,0,"N",2.38583055234942e-05
50390,3,"T8",17,"A",266.75,200.1,0,0,"N",2.38583055234942e-05
50393,3,"T8",17,"A",986.55,739.95,0,0,"N",2.38583055234942e-05
50394,3,"T8",17,"A",3240,2430,0,0,"N",2.38583055234942e-05
50395,3,"T8",5,"A",1065.35,799.05,0,0,"N",2.38583055234942e-05
50396,3,"T8",17,"A",542,406.5,0,0,"N",2.38583055234942e-05
50399,3,"T8",17,"A",1075.6,806.7,0,0,"N",2.38583055234942e-05
50411,3,"T8",17,"A",1528.25,1146.2,0,0,"N",2.38583055234942e-05
50414,3,"T8",17,"A",2062.1,1546.6,0,0,"N",2.38583055234942e-05
50417,3,"T8",17,"A",1528.25,1146.2,0,0,"N",2.38583055234942e-05
50420,3,"T8",17,"A",1261.45,946.1,0,0,"N",2.38583055234942e-05
50423,3,"T8",17,"A",1164.45,873.35,0,0,"N",2.38583055234942e-05
50426,3,"T8",17,"A",542,406.5,0,0,"N",2.38583055234942e-05
50428,3,"T8",17,"A",904.8,678.6,0,0,"N",2.38583055234942e-05
50450,3,"T8",18,"A",1431.3,1073.5,0,0,"N",2.38583055234942e-05
50451,3,"T8",18,"A",1431.3,1073.5,0,0,"N",2.38583055234942e-05
50455,3,"T8",18,"A",1620.9,1215.7,0,0,"N",2.38583055234942e-05
50456,3,"T8",18,"A",1620.9,1215.7,0,0,"N",2.38583055234942e-05
50460,3,"T8",18,"A",2419.95,1815,0,0,"N",2.38583055234942e-05
50461,3,"T8",18,"A",2419.95,1815,0,0,"N",2.38583055234942e-05
50465,3,"T8",18,"A",3408.5,2556.4,0,0,"N",2.38583055234942e-05
50466,3,"T8",18,"A",3408.5,2556.4,0,0,"N",2.38583055234942e-05
50470,3,"T8",18,"A",4322.8,3242.1,0,0,"N",2.38583055234942e-05
50471,3,"T8",18,"A",4322.8,3242.1,0,0,"N",2.38583055234942e-05
50475,3,"T8",18,"A",4988.1,3741.1,0,0,"N",2.38583055234942e-05
50476,3,"T8",18,"A",4988.1,3741.1,0,0,"N",2.38583055234942e-05
50508,3,"T8",19,"C",461,345.75,391.85,0,"N",2.38583055234942e-05
50512,3,"T8",19,"A",615.15,461.4,0,0,"N",2.38583055234942e-05
50524,3,"T8",19,"A",476.6,357.45,0,0,"N",2.38583055234942e-05
50528,3,"T8",19,"A",768.75,576.6,0,0,"N",2.38583055234942e-05
50532,3,"T8",19,"A",668.9,501.7,0,0,"N",2.38583055234942e-05
50536,3,"T8",19,"A",891.8,668.85,0,0,"N",2.38583055234942e-05
50540,3,"T8",19,"A",615.15,461.4,0,0,"N",2.38583055234942e-05
50544,3,"T8",19,"A",307.5,230.65,0,0,"N",2.38583055234942e-05
50548,3,"T8",19,"A",615.15,461.4,0,0,"N",2.38583055234942e-05
50552,3,"T8",19,"A",530.5,397.9,0,0,"N",2.38583055234942e-05
50556,3,"T8",19,"A",707.15,530.4,0,0,"N",2.38583055234942e-05
50560,3,"T8",19,"A",553.45,415.1,0,0,"N",2.38583055234942e-05
50564,3,"T8",19,"A",738,553.5,0,0,"N",2.38583055234942e-05
50568,3,"T8",19,"A",645.85,484.4,0,0,"N",2.38583055234942e-05
50572,3,"T8",19,"A",861.1,645.85,0,0,"N",2.38583055234942e-05
50576,3,"T8",19,"A",707.15,530.4,0,0,"N",2.38583055234942e-05
50580,3,"T8",19,"A",738,553.5,0,0,"N",2.38583055234942e-05
50584,3,"T8",19,"A",707.15,530.4,0,0,"N",2.38583055234942e-05
50588,3,"T8",19,"A",922.4,691.8,0,0,"N",2.38583055234942e-05
50592,3,"T8",19,"A",1120.2,840.15,0,0,"N",2.38583055234942e-05
50596,3,"T8",19,"A",350.15,262.65,0,0,"N",2.38583055234942e-05
50600,3,"T8",20,"A",507.15,380.4,0,0,"N",2.38583055234942e-05
50604,3,"T8",20,"A",2152.3,1614.25,0,0,"N",2.38583055234942e-05
50608,3,"T8",20,"A",3997.75,2998.35,0,0,"N",2.38583055234942e-05
50612,3,"T8",20,"A",5686.5,4264.9,0,0,"N",2.38583055234942e-05
50616,3,"T8",20,"A",722.5,541.9,0,0,"N",2.38583055234942e-05
50620,3,"T8",20,"A",3997.75,2998.35,0,0,"N",2.38583055234942e-05
50624,3,"T8",20,"A",3997.75,2998.35,0,0,"N",2.38583055234942e-05
50628,3,"T8",20,"A",4938.4,3703.8,0,0,"N",2.38583055234942e-05
50632,3,"T8",20,"A",4151.5,3113.65,0,0,"N",2.38583055234942e-05
50636,3,"T8",20,"A",4612.75,3459.6,0,0,"N",2.38583055234942e-05
50640,3,"T8",20,"A",2549.85,1912.4,0,0,"N",2.38583055234942e-05
50644,3,"T8",20,"A",2460.2,1845.15,0,0,"N",2.38583055234942e-05
50654,3,"T8",21,"A",579.35,434.55,0,0,"N",2.38583055234942e-05
50950,3,"T8",NA,"A",953.2,714.9,0,0,"N",2.38583055234942e-05
50952,3,"T8",NA,"A",953.2,714.9,0,0,"N",2.38583055234942e-05
51011,3,"T8",NA,"A",1674.6,1255.95,0,0,"N",2.38583055234942e-05
51012,3,"T8",NA,"A",2232.6,1674.45,0,0,"N",2.38583055234942e-05
51013,3,"T8",NA,"A",2790.75,2093.1,0,0,"N",2.38583055234942e-05
51014,3,"T8",NA,"A",3348.9,2511.7,0,0,"N",2.38583055234942e-05
51015,3,"T8",NA,"A",3907.05,2930.3,0,0,"N",2.38583055234942e-05
51020,3,"T8",NA,"A",893,669.75,0,0,"N",2.38583055234942e-05
51021,3,"T8",NA,"A",1494.65,1121,0,0,"N",2.38583055234942e-05
51022,3,"T8",NA,"A",1859.25,1394.45,0,0,"N",2.38583055234942e-05
51023,3,"T8",NA,"A",2212.55,1659.45,0,0,"N",2.38583055234942e-05
51024,3,"T8",NA,"A",2554.3,1915.75,0,0,"N",2.38583055234942e-05
51025,3,"T8",NA,"A",2985.45,2239.1,0,0,"N",2.38583055234942e-05
51026,3,"T8",NA,"A",3268.65,2451.5,0,0,"N",2.38583055234942e-05
51031,3,"T8",NA,"A",1098.25,823.7,0,0,"N",2.38583055234942e-05
51032,3,"T8",NA,"A",1317.95,988.5,0,0,"N",2.38583055234942e-05
51033,3,"T8",NA,"A",1537.65,1153.25,0,0,"N",2.38583055234942e-05
51034,3,"T8",NA,"A",1647.4,1235.55,0,0,"N",2.38583055234942e-05
51035,3,"T8",NA,"A",1757.3,1318,0,0,"N",2.38583055234942e-05
51036,3,"T8",NA,"A",1867.05,1400.3,0,0,"N",2.38583055234942e-05
51041,3,"T8",NA,"A",1263,947.25,0,0,"N",2.38583055234942e-05
51042,3,"T8",NA,"A",1768.3,1326.25,0,0,"N",2.38583055234942e-05
51043,3,"T8",NA,"A",2210.4,1657.8,0,0,"N",2.38583055234942e-05
51044,3,"T8",NA,"A",2399.8,1799.85,0,0,"N",2.38583055234942e-05
51045,3,"T8",NA,"A",2526.05,1894.55,0,0,"N",2.38583055234942e-05
51051,3,"T8",NA,"A",2158.15,1618.65,0,0,"N",2.38583055234942e-05
51052,3,"T8",NA,"A",2624.8,1968.6,0,0,"N",2.38583055234942e-05
51053,3,"T8",NA,"A",2986.35,2239.8,0,0,"N",2.38583055234942e-05
51054,3,"T8",NA,"A",1592.3,1194.25,0,0,"N",2.38583055234942e-05
51055,3,"T8",NA,"A",2388.55,1791.45,0,0,"N",2.38583055234942e-05
51056,3,"T8",NA,"A",2786.55,2089.95,0,0,"N",2.38583055234942e-05
51057,3,"T8",NA,"A",2799.75,2099.85,0,0,"N",2.38583055234942e-05
51058,3,"T8",NA,"A",3150.3,2362.75,0,0,"N",2.38583055234942e-05
51059,3,"T8",NA,"A",3849.75,2887.35,0,0,"N",2.38583055234942e-05
51061,3,"T8",NA,"A",3306.8,2480.1,0,0,"N",2.38583055234942e-05
51062,3,"T8",NA,"A",4286.35,3214.8,0,0,"N",2.38583055234942e-05
51063,3,"T8",NA,"A",5191.6,3893.7,0,0,"N",2.38583055234942e-05
51064,3,"T8",NA,"A",5777.8,4333.35,0,0,"N",2.38583055234942e-05
51065,3,"T8",NA,"A",6390.3,4792.75,0,0,"N",2.38583055234942e-05
51066,3,"T8",NA,"A",6728.25,5046.2,0,0,"N",2.38583055234942e-05
51071,3,"T8",NA,"A",2916.4,2187.3,0,0,"N",2.38583055234942e-05
51072,3,"T8",NA,"A",3033.1,2274.85,0,0,"N",2.38583055234942e-05
51073,3,"T8",NA,"A",3849.75,2887.35,0,0,"N",2.38583055234942e-05
51102,3,"T8",NA,"A",1380.6,1035.45,0,0,"N",2.38583055234942e-05
51103,3,"T8",NA,"A",2426.15,1819.65,0,0,"N",2.38583055234942e-05
51110,3,"T8",NA,"A",878.7,659.05,0,0,"N",2.38583055234942e-05
51111,3,"T8",NA,"A",373.5,280.15,0,0,"N",2.38583055234942e-05
51112,3,"T8",NA,"C",252.55,189.45,214.7,0,"N",2.38583055234942e-05
51113,3,"T8",NA,"A",280.05,210.05,0,0,"N",2.38583055234942e-05
51114,3,"T8",NA,"A",494.4,370.8,0,0,"N",2.38583055234942e-05
51115,3,"T8",NA,"A",494.4,370.8,0,0,"N",2.38583055234942e-05
51120,3,"T8",NA,"A",274.7,206.05,0,0,"N",2.38583055234942e-05
51130,3,"T8",NA,"A",2092.4,1569.3,0,0,"N",2.38583055234942e-05
51131,3,"T8",NA,"A",1263,947.25,0,0,"N",2.38583055234942e-05
51140,3,"T8",NA,"A",516.15,387.15,0,0,"N",2.38583055234942e-05
51141,3,"T8",NA,"A",954.95,716.25,0,0,"N",2.38583055234942e-05
51145,3,"T8",NA,"A",516.15,387.15,0,0,"N",2.38583055234942e-05
51150,3,"T8",NA,"A",519.65,389.75,0,0,"N",2.38583055234942e-05
51160,3,"T8",NA,"A",1341.55,1006.2,0,0,"N",2.38583055234942e-05
51165,3,"T8",NA,"A",1691.55,1268.7,0,0,"N",2.38583055234942e-05
51170,3,"T8",NA,"A",2548.5,1911.4,0,0,"N",2.38583055234942e-05
51171,3,"T8",NA,"A",1070.2,802.65,0,0,"N",2.38583055234942e-05
51300,3,"T9",NA,"C",100.65,75.5,85.6,0,"N",2.38583055234942e-05
51306,3,"T9",NA,"A",145.45,109.1,0,0,"N",2.38583055234942e-05
51315,3,"T9",NA,"A",317.8,238.35,0,0,"N",2.38583055234942e-05
51318,3,"T9",NA,"A",209.75,157.35,0,0,"N",2.38583055234942e-05
51700,4,"O1",NA,"C",99.75,74.85,84.8,0,"N",8.89956837093336e-05
51703,4,"O1",NA,"C",50.2,37.65,42.7,0,"N",8.89956837093336e-05
54001,4,"O1",NA,"B",99.75,0,84.8,0,"N",8.89956837093336e-05
54002,4,"O1",NA,"B",50.2,0,42.7,0,"N",8.89956837093336e-05
54004,4,"O1",NA,"B",50.2,0,42.7,0,"N",8.89956837093336e-05
53700,4,"O11",NA,"C",145.65,109.25,123.85,0,"N",8.89956837093336e-05
53702,4,"O11",NA,"C",72.95,54.75,62.05,0,"N",8.89956837093336e-05
53704,4,"O11",NA,"C",43.95,33,37.4,0,"N",8.89956837093336e-05
53706,4,"O11",NA,"C",145.65,109.25,123.85,0,"N",8.89956837093336e-05
51800,4,"O2",NA,"A",100.65,75.5,0,0,"N",8.89956837093336e-05
51900,4,"O3",NA,"C",380.35,285.3,323.3,0,"N",8.89956837093336e-05
51902,4,"O3",NA,"A",86.25,64.7,0,0,"N",8.89956837093336e-05
51904,4,"O3",NA,"C",530.6,397.95,451.05,0,"N",8.89956837093336e-05
51906,4,"O3",NA,"C",806.9,605.2,704.5,0,"N",8.89956837093336e-05
52000,4,"O3",NA,"C",96.2,72.15,81.8,0,"N",8.89956837093336e-05
52003,4,"O3",NA,"C",137.15,102.9,116.6,0,"N",8.89956837093336e-05
52006,4,"O3",NA,"C",137.15,102.9,116.6,0,"N",8.89956837093336e-05
52009,4,"O3",NA,"C",216.45,162.35,184,0,"N",8.89956837093336e-05
52010,4,"O3",NA,"C",296.3,222.25,251.9,0,"N",8.89956837093336e-05
52012,4,"O3",NA,"C",27.45,20.6,23.35,0,"N",8.89956837093336e-05
52015,4,"O3",NA,"C",128.2,96.15,109,0,"N",8.89956837093336e-05
52018,4,"O3",NA,"C",322.85,242.15,274.45,0,"N",8.89956837093336e-05
52021,4,"O3",NA,"C",34.3,25.75,29.2,0,"N",8.89956837093336e-05
52024,4,"O3",NA,"C",60.95,45.75,51.85,0,"N",8.89956837093336e-05
52025,4,"O3",NA,"C",214.55,160.95,182.4,0,"N",8.89956837093336e-05
52027,4,"O3",NA,"C",174.7,131.05,148.5,0,"N",8.89956837093336e-05
52030,4,"O3",NA,"C",105,78.75,89.25,0,"N",8.89956837093336e-05
52033,4,"O3",NA,"C",214.55,160.95,182.4,0,"N",8.89956837093336e-05
52034,4,"O3",NA,"C",50.2,37.65,42.7,0,"N",8.89956837093336e-05
52035,4,"O3",NA,"C",555.35,416.55,472.05,0,"N",8.89956837093336e-05
52036,4,"O3",NA,"C",148.1,111.1,125.9,0,"N",8.89956837093336e-05
52039,4,"O3",NA,"C",380.35,285.3,323.3,0,"N",8.89956837093336e-05
52042,4,"O3",NA,"C",201.2,150.9,171.05,0,"N",8.89956837093336e-05
52045,4,"O3",NA,"C",287.6,215.7,244.5,0,"N",8.89956837093336e-05
52048,4,"O3",NA,"A",433.4,325.05,0,0,"N",8.89956837093336e-05
52051,4,"O3",NA,"A",585.9,439.45,0,0,"N",8.89956837093336e-05
52054,4,"O3",NA,"A",685.45,514.1,0,0,"N",8.89956837093336e-05
52055,4,"O3",NA,"C",31.9,23.95,27.15,0,"N",8.89956837093336e-05
52056,4,"O3",NA,"C",31.9,23.95,27.15,0,"N",8.89956837093336e-05
52057,4,"O3",NA,"A",190.1,142.6,0,0,"N",8.89956837093336e-05
52058,4,"O3",NA,"C",277.15,207.9,235.6,0,"N",8.89956837093336e-05
52059,4,"O3",NA,"C",312.25,234.2,265.45,0,"N",8.89956837093336e-05
52060,4,"O3",NA,"C",221,165.75,187.85,0,"N",8.89956837093336e-05
52061,4,"O3",NA,"A",260.8,195.6,0,0,"N",8.89956837093336e-05
52062,4,"O3",NA,"A",344.95,258.75,0,0,"N",8.89956837093336e-05
52063,4,"O3",NA,"C",415.75,311.85,353.4,0,"N",8.89956837093336e-05
52064,4,"O3",NA,"C",197.75,148.35,168.1,0,"N",8.89956837093336e-05
52066,4,"O3",NA,"A",519.65,389.75,0,0,"N",8.89956837093336e-05
52069,4,"O3",NA,"A",231.65,173.75,0,0,"N",8.89956837093336e-05
52072,4,"O3",NA,"C",68.6,51.45,58.35,0,"N",8.89956837093336e-05
52073,4,"O3",NA,"C",174.7,131.05,148.5,0,"N",8.89956837093336e-05
52075,4,"O3",NA,"C",174.7,131.05,148.5,0,"N",8.89956837093336e-05
52078,4,"O3",NA,"A",344.95,258.75,0,0,"N",8.89956837093336e-05
52081,4,"O3",NA,"C",54.2,40.65,46.1,0,"N",8.89956837093336e-05
52084,4,"O3",NA,"C",139.35,104.55,118.45,0,"N",8.89956837093336e-05
52087,4,"O3",NA,"C",238.8,179.1,203,0,"N",8.89956837093336e-05
52090,4,"O3",NA,"C",415.75,311.85,353.4,0,"N",8.89956837093336e-05
52092,4,"O3",NA,"A",541.95,406.5,0,0,"N",8.89956837093336e-05
52094,4,"O3",NA,"A",685.4,514.05,0,0,"N",8.89956837093336e-05
52095,4,"O3",NA,"A",444.25,333.2,0,0,"N",8.89956837093336e-05
52096,4,"O3",NA,"C",131.65,98.75,111.95,0,"N",8.89956837093336e-05
52097,4,"O3",NA,"A",186.75,140.1,0,0,"N",8.89956837093336e-05
52098,4,"O3",NA,"A",219.55,164.7,0,0,"N",8.89956837093336e-05
52099,4,"O3",NA,"C",164.7,123.55,140,0,"N",8.89956837093336e-05
52102,4,"O3",NA,"A",164.7,123.55,0,0,"N",8.89956837093336e-05
52105,4,"O3",NA,"A",307.5,230.65,0,0,"N",8.89956837093336e-05
52106,4,"O3",NA,"A",127.05,95.3,0,0,"N",8.89956837093336e-05
52108,4,"O3",NA,"C",380.35,285.3,323.3,0,"N",8.89956837093336e-05
52111,4,"O3",NA,"C",380.35,285.3,323.3,0,"N",8.89956837093336e-05
52114,4,"O3",NA,"A",685.45,514.1,0,0,"N",8.89956837093336e-05
52117,4,"O3",NA,"A",815.95,612,0,0,"N",8.89956837093336e-05
52120,4,"O3",NA,"A",965.1,723.85,0,0,"N",8.89956837093336e-05
52122,4,"O3",NA,"A",965.1,723.85,0,0,"N",8.89956837093336e-05
52123,4,"O3",NA,"A",1092.6,819.45,0,0,"N",8.89956837093336e-05
52126,4,"O3",NA,"A",1050.4,787.8,0,0,"N",8.89956837093336e-05
52129,4,"O3",NA,"A",1406.15,1054.65,0,0,"N",8.89956837093336e-05
52130,4,"O3",NA,"A",516.15,387.15,0,0,"N",8.89956837093336e-05
52131,4,"O3",NA,"A",713.95,535.5,0,0,"N",8.89956837093336e-05
52132,4,"O3",NA,"C",290.45,217.85,246.9,0,"N",8.89956837093336e-05
52133,4,"O3",NA,"C",106.2,79.65,90.3,0,"N",8.89956837093336e-05
52135,4,"O3",NA,"A",168.4,126.3,0,0,"N",8.89956837093336e-05
52138,4,"O3",NA,"A",523.25,392.45,0,0,"N",8.89956837093336e-05
52141,4,"O3",NA,"A",517.65,388.25,0,0,"N",8.89956837093336e-05
52144,4,"O3",NA,"A",482.45,361.85,0,0,"N",8.89956837093336e-05
52147,4,"O3",NA,"A",455.25,341.45,0,0,"N",8.89956837093336e-05
52148,4,"O3",NA,"A",804.75,603.6,0,0,"N",8.89956837093336e-05
52158,4,"O3",NA,"A",1295.65,971.75,0,0,"N",8.89956837093336e-05
52180,4,"O3",NA,"C",219.55,164.7,186.65,0,"N",8.89956837093336e-05
52182,4,"O3",NA,"A",483.25,362.45,0,0,"N",8.89956837093336e-05
52184,4,"O3",NA,"A",713.95,535.5,0,0,"N",8.89956837093336e-05
52186,4,"O3",NA,"A",878.7,659.05,0,0,"N",8.89956837093336e-05
52300,4,"O4",NA,"C",331.7,248.8,281.95,0,"N",8.89956837093336e-05
52303,4,"O4",NA,"A",473.65,355.25,0,0,"N",8.89956837093336e-05
52306,4,"O4",NA,"A",702.85,527.15,0,0,"N",8.89956837093336e-05
52309,4,"O4",NA,"C",238.8,179.1,203,0,"N",8.89956837093336e-05
52312,4,"O4",NA,"C",331.7,248.8,281.95,0,"N",8.89956837093336e-05
52315,4,"O4",NA,"C",552.7,414.55,469.8,0,"N",8.89956837093336e-05
52318,4,"O4",NA,"A",164.7,123.55,0,0,"N",8.89956837093336e-05
52319,4,"O4",NA,"A",274.7,206.05,0,0,"N",8.89956837093336e-05
52321,4,"O4",NA,"A",552.7,414.55,0,0,"N",8.89956837093336e-05
52324,4,"O4",NA,"A",552.7,414.55,0,0,"N",8.89956837093336e-05
52327,4,"O4",NA,"A",274.25,205.7,0,0,"N",8.89956837093336e-05
52330,4,"O4",NA,"A",912.15,684.15,0,0,"N",8.89956837093336e-05
52333,4,"O4",NA,"A",912.15,684.15,0,0,"N",8.89956837093336e-05
52336,4,"O4",NA,"A",570.2,427.65,0,0,"N",8.89956837093336e-05
52337,4,"O4",NA,"A",1247.2,935.4,0,0,"N",8.89956837093336e-05
52339,4,"O4",NA,"A",649.3,487,0,0,"N",8.89956837093336e-05
52342,4,"O4",NA,"A",1127.85,845.9,0,0,"N",8.89956837093336e-05
52345,4,"O4",NA,"A",1271.9,953.95,0,0,"N",8.89956837093336e-05
52348,4,"O4",NA,"A",1437.3,1078,0,0,"N",8.89956837093336e-05
52351,4,"O4",NA,"A",1614.2,1210.65,0,0,"N",8.89956837093336e-05
52354,4,"O4",NA,"A",1636.4,1227.3,0,0,"N",8.89956837093336e-05
52357,4,"O4",NA,"A",1842.25,1381.7,0,0,"N",8.89956837093336e-05
52360,4,"O4",NA,"A",1879.35,1409.55,0,0,"N",8.89956837093336e-05
52363,4,"O4",NA,"A",2114.15,1585.65,0,0,"N",8.89956837093336e-05
52366,4,"O4",NA,"A",2067.5,1550.65,0,0,"N",8.89956837093336e-05
52369,4,"O4",NA,"A",2324.65,1743.5,0,0,"N",8.89956837093336e-05
52372,4,"O4",NA,"A",2255.65,1691.75,0,0,"N",8.89956837093336e-05
52375,4,"O4",NA,"A",2526.45,1894.85,0,0,"N",8.89956837093336e-05
52378,4,"O4",NA,"A",873.35,655.05,0,0,"N",8.89956837093336e-05
52379,4,"O4",NA,"A",1492.55,1119.45,0,0,"N",8.89956837093336e-05
52380,4,"O4",NA,"A",2541.45,1906.1,0,0,"N",8.89956837093336e-05
52382,4,"O4",NA,"A",3046.65,2285,0,0,"N",8.89956837093336e-05
52420,4,"O4",NA,"A",281.3,211,0,0,"N",8.89956837093336e-05
52424,4,"O4",NA,"A",552.6,414.45,0,0,"N",8.89956837093336e-05
52430,4,"O4",NA,"A",1271.9,953.95,0,0,"N",8.89956837093336e-05
52440,4,"O4",NA,"A",631.45,473.6,0,0,"N",8.89956837093336e-05
52442,4,"O4",NA,"A",789.5,592.15,0,0,"N",8.89956837093336e-05
52444,4,"O4",NA,"A",877.05,657.8,0,0,"N",8.89956837093336e-05
52446,4,"O4",NA,"A",1035.4,776.55,0,0,"N",8.89956837093336e-05
52450,4,"O4",NA,"A",350.85,263.15,0,0,"N",8.89956837093336e-05
52452,4,"O4",NA,"A",570.2,427.65,0,0,"N",8.89956837093336e-05
52456,4,"O4",NA,"A",965.1,723.85,0,0,"N",8.89956837093336e-05
52458,4,"O4",NA,"A",350.85,263.15,0,0,"N",8.89956837093336e-05
52460,4,"O4",NA,"A",912.15,684.15,0,0,"N",8.89956837093336e-05
52480,4,"O4",NA,"A",585.9,439.45,0,0,"N",8.89956837093336e-05
52482,4,"O4",NA,"A",563.75,422.85,0,0,"N",8.89956837093336e-05
52484,4,"O4",NA,"A",671.15,503.4,0,0,"N",8.89956837093336e-05
52600,4,"O5",NA,"C",394.75,296.1,335.55,0,"N",8.89956837093336e-05
52603,4,"O5",NA,"A",377.25,282.95,0,0,"N",8.89956837093336e-05
52606,4,"O5",NA,"C",287.8,215.85,244.65,0,"N",8.89956837093336e-05
52609,4,"O5",NA,"C",377.25,282.95,320.7,0,"N",8.89956837093336e-05
52612,4,"O5",NA,"A",473.65,355.25,0,0,"N",8.89956837093336e-05
52615,4,"O5",NA,"A",587.85,440.9,0,0,"N",8.89956837093336e-05
52618,4,"O5",NA,"C",684.2,513.15,581.8,0,"N",8.89956837093336e-05
52621,4,"O5",NA,"C",684.2,513.15,581.8,0,"N",8.89956837093336e-05
52624,4,"O5",NA,"C",552.6,414.45,469.75,0,"N",8.89956837093336e-05
52626,4,"O5",NA,"A",338.95,254.25,0,0,"N",8.89956837093336e-05
52627,4,"O5",NA,"C",587.85,440.9,499.7,0,"N",8.89956837093336e-05
52630,4,"O5",NA,"C",217.6,163.2,185,0,"N",8.89956837093336e-05
52633,4,"O5",NA,"C",587.85,440.9,499.7,0,"N",8.89956837093336e-05
52636,4,"O5",NA,"C",217.6,163.2,185,0,"N",8.89956837093336e-05
52800,4,"O6",NA,"A",322.85,242.15,0,0,"N",8.89956837093336e-05
52803,4,"O6",NA,"A",464.95,348.75,0,0,"N",8.89956837093336e-05
52806,4,"O6",NA,"C",322.85,242.15,274.45,0,"N",8.89956837093336e-05
52809,4,"O6",NA,"A",552.7,414.55,0,0,"N",8.89956837093336e-05
52812,4,"O6",NA,"A",789.5,592.15,0,0,"N",8.89956837093336e-05
52815,4,"O6",NA,"A",833.4,625.05,0,0,"N",8.89956837093336e-05
52818,4,"O6",NA,"A",552.7,414.55,0,0,"N",8.89956837093336e-05
52821,4,"O6",NA,"A",1201.8,901.35,0,0,"N",8.89956837093336e-05
52824,4,"O6",NA,"C",517.65,388.25,440.05,0,"N",8.89956837093336e-05
52826,4,"O6",NA,"C",277.15,207.9,235.6,0,"N",8.89956837093336e-05
52828,4,"O6",NA,"A",412.25,309.2,0,0,"N",8.89956837093336e-05
52830,4,"O6",NA,"A",543.75,407.85,0,0,"N",8.89956837093336e-05
52832,4,"O6",NA,"C",745.8,559.35,643.4,0,"N",8.89956837093336e-05
53000,4,"O7",NA,"C",38,28.5,32.3,0,"N",8.89956837093336e-05
53003,4,"O7",NA,"A",107.2,80.4,0,0,"N",8.89956837093336e-05
53004,4,"O7",NA,"C",41.5,31.15,35.3,0,"N",8.89956837093336e-05
53006,4,"O7",NA,"A",608.15,456.15,0,0,"N",8.89956837093336e-05
53009,4,"O7",NA,"C",344.95,258.75,293.25,0,"N",8.89956837093336e-05
53012,4,"O7",NA,"C",137.15,102.9,116.6,0,"N",8.89956837093336e-05
53015,4,"O7",NA,"A",685.45,514.1,0,0,"N",8.89956837093336e-05
53016,4,"O7",NA,"A",563.75,422.85,0,0,"N",8.89956837093336e-05
53017,4,"O7",NA,"A",703.35,527.55,0,0,"N",8.89956837093336e-05
53019,4,"O7",NA,"A",677.7,508.3,0,0,"N",8.89956837093336e-05
53052,4,"O7",NA,"C",143.25,107.45,121.8,0,"N",8.89956837093336e-05
53054,4,"O7",NA,"C",143.25,107.45,121.8,0,"N",8.89956837093336e-05
53056,4,"O7",NA,"A",83.9,62.95,0,0,"N",8.89956837093336e-05
53058,4,"O7",NA,"C",143.25,107.45,121.8,0,"N",8.89956837093336e-05
53060,4,"O7",NA,"A",117.2,87.9,0,0,"N",8.89956837093336e-05
53062,4,"O7",NA,"C",105,78.75,89.25,0,"N",8.89956837093336e-05
53064,4,"O7",NA,"C",190.1,142.6,161.6,0,"N",8.89956837093336e-05
53068,4,"O7",NA,"A",159.25,119.45,0,0,"N",8.89956837093336e-05
53070,4,"O7",NA,"A",207.65,155.75,0,0,"N",8.89956837093336e-05
53200,4,"O8",NA,"C",82.5,61.9,70.15,0,"N",8.89956837093336e-05
53203,4,"O8",NA,"A",138.45,103.85,0,0,"N",8.89956837093336e-05
53206,4,"O8",NA,"A",166.85,125.15,0,0,"N",8.89956837093336e-05
53209,4,"O8",NA,"A",1923.85,1442.9,0,0,"N",8.89956837093336e-05
53212,4,"O8",NA,"A",1039.25,779.45,0,0,"N",8.89956837093336e-05
53215,4,"O8",NA,"A",476.85,357.65,0,0,"N",8.89956837093336e-05
53218,4,"O8",NA,"A",762.75,572.1,0,0,"N",8.89956837093336e-05
53220,4,"O8",NA,"A",384.45,288.35,0,0,"N",8.89956837093336e-05
53221,4,"O8",NA,"A",1017.6,763.2,0,0,"N",8.89956837093336e-05
53224,4,"O8",NA,"A",1128.05,846.05,0,0,"N",8.89956837093336e-05
53225,4,"O8",NA,"A",338.95,254.25,0,0,"N",8.89956837093336e-05
53226,4,"O8",NA,"A",364.35,273.3,0,0,"N",8.89956837093336e-05
53227,4,"O8",NA,"A",1386.1,1039.6,0,0,"N",8.89956837093336e-05
53230,4,"O8",NA,"A",1561.4,1171.05,0,0,"N",8.89956837093336e-05
53233,4,"O8",NA,"A",1754.55,1315.95,0,0,"N",8.89956837093336e-05
53236,4,"O8",NA,"A",549.1,411.85,0,0,"N",8.89956837093336e-05
53239,4,"O8",NA,"A",549.1,411.85,0,0,"N",8.89956837093336e-05
53242,4,"O8",NA,"A",364.35,273.3,0,0,"N",8.89956837093336e-05
53400,4,"O9",NA,"C",150.7,113.05,128.1,0,"N",8.89956837093336e-05
53403,4,"O9",NA,"C",184.15,138.15,156.55,0,"N",8.89956837093336e-05
53406,4,"O9",NA,"A",474.3,355.75,0,0,"N",8.89956837093336e-05
53409,4,"O9",NA,"A",474.3,355.75,0,0,"N",8.89956837093336e-05
53410,4,"O9",NA,"C",99.9,74.95,84.95,0,"N",8.89956837093336e-05
53411,4,"O9",NA,"A",278.6,208.95,0,0,"N",8.89956837093336e-05
53412,4,"O9",NA,"A",457.4,343.05,0,0,"N",8.89956837093336e-05
53413,4,"O9",NA,"A",560.4,420.3,0,0,"N",8.89956837093336e-05
53414,4,"O9",NA,"A",643.75,482.85,0,0,"N",8.89956837093336e-05
53415,4,"O9",NA,"A",508.25,381.2,0,0,"N",8.89956837093336e-05
53416,4,"O9",NA,"A",508.25,381.2,0,0,"N",8.89956837093336e-05
53418,4,"O9",NA,"A",660.7,495.55,0,0,"N",8.89956837093336e-05
53419,4,"O9",NA,"A",660.7,495.55,0,0,"N",8.89956837093336e-05
53422,4,"O9",NA,"A",838.45,628.85,0,0,"N",8.89956837093336e-05
53423,4,"O9",NA,"A",838.45,628.85,0,0,"N",8.89956837093336e-05
53424,4,"O9",NA,"A",719.3,539.5,0,0,"N",8.89956837093336e-05
53425,4,"O9",NA,"A",719.3,539.5,0,0,"N",8.89956837093336e-05
53427,4,"O9",NA,"A",982.55,736.95,0,0,"N",8.89956837093336e-05
53429,4,"O9",NA,"A",982.55,736.95,0,0,"N",8.89956837093336e-05
53439,4,"O9",NA,"C",278.6,208.95,236.85,0,"N",8.89956837093336e-05
53453,4,"O9",NA,"A",563.75,422.85,0,0,"N",8.89956837093336e-05
53455,4,"O9",NA,"A",662.15,496.65,0,0,"N",8.89956837093336e-05
53458,4,"O9",NA,"C",50.25,37.7,42.75,0,"N",8.89956837093336e-05
53459,4,"O9",NA,"C",274.7,206.05,233.5,0,"N",8.89956837093336e-05
53460,4,"O9",NA,"A",560.4,420.3,0,0,"N",8.89956837093336e-05
55028,5,"I1",NA,"C",125.35,94.05,106.55,0,"N",0.000149644594089028
55029,5,"I1",NA,"C",43.4,32.55,36.9,0,"N",0.000149644594089028
55030,5,"I1",NA,"C",125.35,94.05,106.55,0,"N",0.000149644594089028
55031,5,"I1",NA,"C",43.4,32.55,36.9,0,"N",0.000149644594089028
55032,5,"I1",NA,"C",125.35,94.05,106.55,0,"N",0.000149644594089028
55033,5,"I1",NA,"C",43.4,32.55,36.9,0,"N",0.000149644594089028
55036,5,"I1",NA,"C",127.7,95.8,108.55,0,"N",0.000149644594089028
55037,5,"I1",NA,"C",43.4,32.55,36.9,0,"N",0.000149644594089028
55038,5,"I1",NA,"C",125.35,94.05,106.55,0,"N",0.000149644594089028
55039,5,"I1",NA,"C",43.4,32.55,36.9,0,"N",0.000149644594089028
55048,5,"I1",NA,"C",125.75,94.35,106.9,0,"N",0.000149644594089028
55049,5,"I1",NA,"C",43.4,32.55,36.9,0,"N",0.000149644594089028
55054,5,"I1",NA,"C",125.35,94.05,106.55,0,"N",0.000149644594089028
55065,5,"I1",NA,"C",112.85,84.65,95.95,0,"N",0.000149644594089028
55066,5,"I1",NA,"C",250.5,187.9,212.95,0,"N",0.000149644594089028
55068,5,"I1",NA,"C",40.1,30.1,34.1,0,"N",0.000149644594089028
55070,5,"I1",NA,"C",112.85,84.65,95.95,0,"N",0.000149644594089028
55071,5,"I1",NA,"C",238.05,178.55,202.35,0,"N",0.000149644594089028
55073,5,"I1",NA,"C",39.05,29.3,33.2,0,"N",0.000149644594089028
55076,5,"I1",NA,"C",125.35,94.05,106.55,0,"N",0.000149644594089028
55079,5,"I1",NA,"C",43.4,32.55,36.9,0,"N",0.000149644594089028
55084,5,"I1",NA,"C",112.85,84.65,95.95,0,"N",0.000149644594089028
55085,5,"I1",NA,"C",39.05,29.3,33.2,0,"N",0.000149644594089028
55118,5,"I1",NA,"A",316.3,237.25,0,0,"N",0.000149644594089028
55126,5,"I1",NA,"C",264.9,198.7,225.2,0,"N",0.000149644594089028
55127,5,"I1",NA,"C",264.9,198.7,225.2,0,"N",0.000149644594089028
55128,5,"I1",NA,"C",264.9,198.7,225.2,0,"N",0.000149644594089028
55129,5,"I1",NA,"C",264.9,198.7,225.2,0,"N",0.000149644594089028
55130,5,"I1",NA,"A",195.15,146.4,0,0,"N",0.000149644594089028
55132,5,"I1",NA,"C",264.9,198.7,225.2,0,"N",0.000149644594089028
55133,5,"I1",NA,"C",238.4,178.8,202.65,0,"N",0.000149644594089028
55134,5,"I1",NA,"C",264.9,198.7,225.2,0,"N",0.000149644594089028
55135,5,"I1",NA,"A",406,304.5,0,0,"N",0.000149644594089028
55137,5,"I1",NA,"C",264.9,198.7,225.2,0,"N",0.000149644594089028
55141,5,"I1",NA,"C",472.2,354.15,401.4,0,"N",0.000149644594089028
55143,5,"I1",NA,"C",472.2,354.15,401.4,0,"N",0.000149644594089028
55145,5,"I1",NA,"C",547.3,410.5,465.25,0,"N",0.000149644594089028
55146,5,"I1",NA,"C",547.3,410.5,465.25,0,"N",0.000149644594089028
55238,5,"I1",NA,"C",194.65,146,165.5,0,"N",0.000149644594089028
55244,5,"I1",NA,"C",194.65,146,165.5,0,"N",0.000149644594089028
55246,5,"I1",NA,"C",194.65,146,165.5,0,"N",0.000149644594089028
55248,5,"I1",NA,"C",194.65,146,165.5,0,"N",0.000149644594089028
55252,5,"I1",NA,"C",194.65,146,165.5,0,"N",0.000149644594089028
55274,5,"I1",NA,"C",194.65,146,165.5,0,"N",0.000149644594089028
55276,5,"I1",NA,"C",194.65,146,165.5,0,"N",0.000149644594089028
55278,5,"I1",NA,"C",194.65,146,165.5,0,"N",0.000149644594089028
55280,5,"I1",NA,"C",194.65,146,165.5,0,"N",0.000149644594089028
55282,5,"I1",NA,"C",194.65,146,165.5,0,"N",0.000149644594089028
55284,5,"I1",NA,"C",194.65,146,165.5,0,"N",0.000149644594089028
55292,5,"I1",NA,"C",194.65,146,165.5,0,"N",0.000149644594089028
55294,5,"I1",NA,"C",194.65,146,165.5,0,"N",0.000149644594089028
55296,5,"I1",NA,"C",127.45,95.6,108.35,0,"N",0.000149644594089028
55600,5,"I1",NA,"C",125.35,94.05,106.55,0,"N",0.000149644594089028
55603,5,"I1",NA,"C",125.35,94.05,106.55,0,"N",0.000149644594089028
55700,5,"I1",NA,"C",68.85,51.65,58.55,0,"N",0.000149644594089028
55703,5,"I1",NA,"C",40.1,30.1,34.1,0,"N",0.000149644594089028
55704,5,"I1",NA,"C",80.4,60.3,68.35,0,"N",0.000149644594089028
55705,5,"I1",NA,"C",40.1,30.1,34.1,0,"N",0.000149644594089028
55706,5,"I1",NA,"C",114.85,86.15,97.65,0,"N",0.000149644594089028
55707,5,"I1",NA,"C",80.4,60.3,68.35,0,"N",0.000149644594089028
55708,5,"I1",NA,"C",40.1,30.1,34.1,0,"N",0.000149644594089028
55709,5,"I1",NA,"C",43.55,32.7,37.05,0,"N",0.000149644594089028
55712,5,"I1",NA,"C",132,99,112.2,0,"N",0.000149644594089028
55715,5,"I1",NA,"C",45.9,34.45,39.05,0,"N",0.000149644594089028
55718,5,"I1",NA,"C",114.85,86.15,97.65,0,"N",0.000149644594089028
55721,5,"I1",NA,"C",132,99,112.2,0,"N",0.000149644594089028
55723,5,"I1",NA,"C",43.55,32.7,37.05,0,"N",0.000149644594089028
55725,5,"I1",NA,"C",45.9,34.45,39.05,0,"N",0.000149644594089028
55729,5,"I1",NA,"C",31.3,23.5,26.65,0,"N",0.000149644594089028
55736,5,"I1",NA,"C",145.8,109.35,123.95,0,"N",0.000149644594089028
55739,5,"I1",NA,"C",65.45,49.1,55.65,0,"N",0.000149644594089028
55740,5,"I1",NA,"C",119.5,89.65,101.6,0,"N",0.000149644594089028
55741,5,"I1",NA,"C",59.7,44.8,50.75,0,"N",0.000149644594089028
55742,5,"I1",NA,"C",119.5,89.65,101.6,0,"N",0.000149644594089028
55743,5,"I1",NA,"C",59.7,44.8,50.75,0,"N",0.000149644594089028
55757,5,"I1",NA,"C",56.9,42.7,48.4,0,"N",0.000149644594089028
55758,5,"I1",NA,"C",21.6,16.2,18.4,0,"N",0.000149644594089028
55759,5,"I1",NA,"C",172.2,129.15,146.4,0,"N",0.000149644594089028
55762,5,"I1",NA,"C",68.85,51.65,58.55,0,"N",0.000149644594089028
55764,5,"I1",NA,"C",183.65,137.75,156.15,0,"N",0.000149644594089028
55766,5,"I1",NA,"C",74.6,55.95,63.45,0,"N",0.000149644594089028
55768,5,"I1",NA,"C",172.2,129.15,146.4,0,"N",0.000149644594089028
55770,5,"I1",NA,"C",68.85,51.65,58.55,0,"N",0.000149644594089028
55772,5,"I1",NA,"C",183.65,137.75,156.15,0,"N",0.000149644594089028
55774,5,"I1",NA,"C",74.6,55.95,63.45,0,"N",0.000149644594089028
55812,5,"I1",NA,"C",125.35,94.05,106.55,0,"N",0.000149644594089028
55814,5,"I1",NA,"C",43.4,32.55,36.9,0,"N",0.000149644594089028
55844,5,"I1",NA,"C",100.25,75.2,85.25,0,"N",0.000149644594089028
55846,5,"I1",NA,"C",43.4,32.55,36.9,0,"N",0.000149644594089028
55848,5,"I1",NA,"C",156.9,117.7,133.4,0,"N",0.000149644594089028
55850,5,"I1",NA,"C",207.05,155.3,176,0,"N",0.000149644594089028
55852,5,"I1",NA,"C",125.35,94.05,106.55,0,"N",0.000149644594089028
55854,5,"I1",NA,"C",43.4,32.55,36.9,0,"N",0.000149644594089028
55856,5,"I1",NA,"C",125.35,94.05,106.55,0,"N",0.000149644594089028
55857,5,"I1",NA,"C",43.4,32.55,36.9,0,"N",0.000149644594089028
55858,5,"I1",NA,"C",139.05,104.3,118.2,0,"N",0.000149644594089028
55859,5,"I1",NA,"C",48.3,36.25,41.1,0,"N",0.000149644594089028
55860,5,"I1",NA,"C",125.35,94.05,106.55,0,"N",0.000149644594089028
55861,5,"I1",NA,"C",43.4,32.55,36.9,0,"N",0.000149644594089028
55862,5,"I1",NA,"C",139.05,104.3,118.2,0,"N",0.000149644594089028
55863,5,"I1",NA,"C",48.3,36.25,41.1,0,"N",0.000149644594089028
55864,5,"I1",NA,"C",125.35,94.05,106.55,0,"N",0.000149644594089028
55865,5,"I1",NA,"C",43.4,32.55,36.9,0,"N",0.000149644594089028
55866,5,"I1",NA,"C",139.05,104.3,118.2,0,"N",0.000149644594089028
55867,5,"I1",NA,"C",48.3,36.25,41.1,0,"N",0.000149644594089028
55868,5,"I1",NA,"C",125.35,94.05,106.55,0,"N",0.000149644594089028
55869,5,"I1",NA,"C",43.4,32.55,36.9,0,"N",0.000149644594089028
55870,5,"I1",NA,"C",139.05,104.3,118.2,0,"N",0.000149644594089028
55871,5,"I1",NA,"C",48.3,36.25,41.1,0,"N",0.000149644594089028
55872,5,"I1",NA,"C",125.35,94.05,106.55,0,"N",0.000149644594089028
55873,5,"I1",NA,"C",43.4,32.55,36.9,0,"N",0.000149644594089028
55874,5,"I1",NA,"C",139.05,104.3,118.2,0,"N",0.000149644594089028
55875,5,"I1",NA,"C",48.3,36.25,41.1,0,"N",0.000149644594089028
55876,5,"I1",NA,"C",125.35,94.05,106.55,0,"N",0.000149644594089028
55877,5,"I1",NA,"C",43.4,32.55,36.9,0,"N",0.000149644594089028
55878,5,"I1",NA,"C",139.05,104.3,118.2,0,"N",0.000149644594089028
55879,5,"I1",NA,"C",48.3,36.25,41.1,0,"N",0.000149644594089028
55880,5,"I1",NA,"C",125.35,94.05,106.55,0,"N",0.000149644594089028
55881,5,"I1",NA,"C",43.4,32.55,36.9,0,"N",0.000149644594089028
55882,5,"I1",NA,"C",139.05,104.3,118.2,0,"N",0.000149644594089028
55883,5,"I1",NA,"C",48.3,36.25,41.1,0,"N",0.000149644594089028
55884,5,"I1",NA,"C",125.35,94.05,106.55,0,"N",0.000149644594089028
55885,5,"I1",NA,"C",43.4,32.55,36.9,0,"N",0.000149644594089028
55886,5,"I1",NA,"C",139.05,104.3,118.2,0,"N",0.000149644594089028
55887,5,"I1",NA,"C",48.3,36.25,41.1,0,"N",0.000149644594089028
55888,5,"I1",NA,"C",125.35,94.05,106.55,0,"N",0.000149644594089028
55889,5,"I1",NA,"C",43.4,32.55,36.9,0,"N",0.000149644594089028
55890,5,"I1",NA,"C",139.05,104.3,118.2,0,"N",0.000149644594089028
55891,5,"I1",NA,"C",48.3,36.25,41.1,0,"N",0.000149644594089028
55892,5,"I1",NA,"C",125.35,94.05,106.55,0,"N",0.000149644594089028
55893,5,"I1",NA,"C",43.4,32.55,36.9,0,"N",0.000149644594089028
55894,5,"I1",NA,"C",139.05,104.3,118.2,0,"N",0.000149644594089028
55895,5,"I1",NA,"C",48.3,36.25,41.1,0,"N",0.000149644594089028
56001,5,"I2",NA,"C",219.5,164.65,186.6,0,"N",0.000149644594089028
56007,5,"I2",NA,"C",281.35,211.05,239.15,0,"N",0.000149644594089028
56010,5,"I2",NA,"C",283.7,212.8,241.15,0,"N",0.000149644594089028
56013,5,"I2",NA,"C",281.35,211.05,239.15,0,"N",0.000149644594089028
56016,5,"I2",NA,"C",326.3,244.75,277.4,0,"N",0.000149644594089028
56022,5,"I2",NA,"C",253.2,189.9,215.25,0,"N",0.000149644594089028
56028,5,"I2",NA,"C",378.95,284.25,322.15,0,"N",0.000149644594089028
56030,5,"I2",NA,"C",253.2,189.9,215.25,0,"N",0.000149644594089028
56036,5,"I2",NA,"C",378.95,284.25,322.15,0,"N",0.000149644594089028
56101,5,"I2",NA,"C",258.75,194.1,219.95,0,"N",0.000149644594089028
56107,5,"I2",NA,"C",382.55,286.95,325.2,0,"N",0.000149644594089028
56219,5,"I2",NA,"C",367.05,275.3,312,0,"N",0.000149644594089028
56220,5,"I2",NA,"C",270.1,202.6,229.6,0,"N",0.000149644594089028
56221,5,"I2",NA,"C",270.1,202.6,229.6,0,"N",0.000149644594089028
56223,5,"I2",NA,"C",270.1,202.6,229.6,0,"N",0.000149644594089028
56224,5,"I2",NA,"C",395.3,296.5,336.05,0,"N",0.000149644594089028
56225,5,"I2",NA,"C",395.3,296.5,336.05,0,"N",0.000149644594089028
56226,5,"I2",NA,"C",395.3,296.5,336.05,0,"N",0.000149644594089028
56233,5,"I2",NA,"C",270.1,202.6,229.6,0,"N",0.000149644594089028
56234,5,"I2",NA,"C",395.3,296.5,336.05,0,"N",0.000149644594089028
56237,5,"I2",NA,"C",270.1,202.6,229.6,0,"N",0.000149644594089028
56238,5,"I2",NA,"C",395.3,296.5,336.05,0,"N",0.000149644594089028
56301,5,"I2",NA,"C",332,249,282.2,0,"N",0.000149644594089028
56307,5,"I2",NA,"C",450.1,337.6,382.6,0,"N",0.000149644594089028
56401,5,"I2",NA,"C",281.35,211.05,239.15,0,"N",0.000149644594089028
56407,5,"I2",NA,"C",405.15,303.9,344.4,0,"N",0.000149644594089028
56409,5,"I2",NA,"C",281.35,211.05,239.15,0,"N",0.000149644594089028
56412,5,"I2",NA,"C",405.15,303.9,344.4,0,"N",0.000149644594089028
56501,5,"I2",NA,"C",433.1,324.85,368.15,0,"N",0.000149644594089028
56507,5,"I2",NA,"C",540.2,405.15,459.2,0,"N",0.000149644594089028
56553,5,"I2",NA,"C",585.1,438.85,497.35,0,"N",0.000149644594089028
56620,5,"I2",NA,"C",247.55,185.7,210.45,0,"N",0.000149644594089028
56622,5,"I2",NA,"C",247.55,185.7,210.45,0,"N",0.000149644594089028
56623,5,"I2",NA,"C",376.6,282.45,320.15,0,"N",0.000149644594089028
56626,5,"I2",NA,"C",376.6,282.45,320.15,0,"N",0.000149644594089028
56627,5,"I2",NA,"C",247.55,185.7,210.45,0,"N",0.000149644594089028
56628,5,"I2",NA,"C",376.6,282.45,320.15,0,"N",0.000149644594089028
56629,5,"I2",NA,"C",247.55,185.7,210.45,0,"N",0.000149644594089028
56630,5,"I2",NA,"C",376.6,282.45,320.15,0,"N",0.000149644594089028
56801,5,"I2",NA,"C",525,393.75,446.25,0,"N",0.000149644594089028
56807,5,"I2",NA,"C",630.15,472.65,535.65,0,"N",0.000149644594089028
57001,5,"I2",NA,"C",525.1,393.85,446.35,0,"N",0.000149644594089028
57007,5,"I2",NA,"C",638.8,479.1,543,0,"N",0.000149644594089028
57201,5,"I2",NA,"C",174.65,131,148.5,0,"N",0.000149644594089028
57341,5,"I2",NA,"C",528.85,396.65,449.55,0,"N",0.000149644594089028
57352,5,"I2",NA,"C",573.85,430.4,487.8,0,"N",0.000149644594089028
57353,5,"I2",NA,"C",573.85,430.4,487.8,0,"N",0.000149644594089028
57354,5,"I2",NA,"C",573.85,430.4,487.8,0,"N",0.000149644594089028
57357,5,"I2",NA,"C",573.85,430.4,487.8,0,"N",0.000149644594089028
57360,5,"I2",NA,"C",787.6,590.7,685.2,0,"N",0.000149644594089028
57362,5,"I2",NA,"C",127.35,95.55,108.25,0,"N",0.000149644594089028
57364,5,"I2",NA,"C",787.6,590.7,685.2,0,"N",0.000149644594089028
57410,5,"I2",NA,"C",338.75,254.1,287.95,0,"N",0.000149644594089028
57413,5,"I2",NA,"C",338.75,254.1,287.95,0,"N",0.000149644594089028
57506,5,"I3",NA,"C",34.15,25.65,29.05,0,"N",0.000149644594089028
57509,5,"I3",NA,"C",45.6,34.2,38.8,0,"N",0.000149644594089028
57512,5,"I3",NA,"C",46.45,34.85,39.5,0,"N",0.000149644594089028
57515,5,"I3",NA,"C",62,46.5,52.7,0,"N",0.000149644594089028
57518,5,"I3",NA,"C",37.4,28.05,31.8,0,"N",0.000149644594089028
57521,5,"I3",NA,"C",49.85,37.4,42.4,0,"N",0.000149644594089028
57522,5,"I3",NA,"C",37.4,28.05,31.8,0,"N",0.000149644594089028
57523,5,"I3",NA,"C",49.85,37.4,42.4,0,"N",0.000149644594089028
57524,5,"I3",NA,"C",56.7,42.55,48.2,0,"N",0.000149644594089028
57527,5,"I3",NA,"C",75.5,56.65,64.2,0,"N",0.000149644594089028
57541,5,"I3",NA,"C",84.55,63.45,71.9,0,"N",0.000149644594089028
57700,5,"I3",NA,"C",46.45,34.85,39.5,0,"N",0.000149644594089028
57703,5,"I3",NA,"C",62,46.5,52.7,0,"N",0.000149644594089028
57706,5,"I3",NA,"C",37.4,28.05,31.8,0,"N",0.000149644594089028
57709,5,"I3",NA,"C",49.85,37.4,42.4,0,"N",0.000149644594089028
57712,5,"I3",NA,"C",54.1,40.6,46,0,"N",0.000149644594089028
57715,5,"I3",NA,"C",69.95,52.5,59.5,0,"N",0.000149644594089028
57721,5,"I3",NA,"C",113.95,85.5,96.9,0,"N",0.000149644594089028
57901,5,"I3",NA,"C",74.05,55.55,62.95,0,"N",0.000149644594089028
57902,5,"I3",NA,"C",74.05,55.55,62.95,0,"N",0.000149644594089028
57905,5,"I3",NA,"C",74.05,55.55,62.95,0,"N",0.000149644594089028
57907,5,"I3",NA,"C",54.3,40.75,46.2,0,"N",0.000149644594089028
57915,5,"I3",NA,"C",54.1,40.6,46,0,"N",0.000149644594089028
57918,5,"I3",NA,"C",54.1,40.6,46,0,"N",0.000149644594089028
57921,5,"I3",NA,"C",54.1,40.6,46,0,"N",0.000149644594089028
57924,5,"I3",NA,"C",54.1,40.6,46,0,"N",0.000149644594089028
57927,5,"I3",NA,"C",57,42.75,48.45,0,"N",0.000149644594089028
57930,5,"I3",NA,"C",37.85,28.4,32.2,0,"N",0.000149644594089028
57933,5,"I3",NA,"C",89.8,67.35,76.35,0,"N",0.000149644594089028
57939,5,"I3",NA,"C",74.05,55.55,62.95,0,"N",0.000149644594089028
57942,5,"I3",NA,"C",57,42.75,48.45,0,"N",0.000149644594089028
57945,5,"I3",NA,"C",49.85,37.4,42.4,0,"N",0.000149644594089028
57960,5,"I3",NA,"C",54.5,40.9,46.35,0,"N",0.000149644594089028
57963,5,"I3",NA,"C",54.5,40.9,46.35,0,"N",0.000149644594089028
57966,5,"I3",NA,"C",54.5,40.9,46.35,0,"N",0.000149644594089028
57969,5,"I3",NA,"C",54.5,40.9,46.35,0,"N",0.000149644594089028
58100,5,"I3",NA,"C",77.05,57.8,65.5,0,"N",0.000149644594089028
58103,5,"I3",NA,"C",63.3,47.5,53.85,0,"N",0.000149644594089028
58106,5,"I3",NA,"C",88.35,66.3,75.1,0,"N",0.000149644594089028
58108,5,"I3",NA,"C",126.25,94.7,107.35,0,"N",0.000149644594089028
58109,5,"I3",NA,"C",53.95,40.5,45.9,0,"N",0.000149644594089028
58112,5,"I3",NA,"C",111.65,83.75,94.95,0,"N",0.000149644594089028
58115,5,"I3",NA,"C",126.25,94.7,107.35,0,"N",0.000149644594089028
58120,5,"I3",NA,"C",126.25,94.7,107.35,0,"N",0.000149644594089028
58121,5,"I3",NA,"C",126.25,94.7,107.35,0,"N",0.000149644594089028
58300,5,"I3",NA,"C",46,34.5,39.1,0,"N",0.000149644594089028
58306,5,"I3",NA,"C",102.65,77,87.3,0,"N",0.000149644594089028
58500,5,"I3",NA,"C",40.6,30.45,34.55,0,"N",0.000149644594089028
58503,5,"I3",NA,"C",54.1,40.6,46,0,"N",0.000149644594089028
58506,5,"I3",NA,"C",69.8,52.35,59.35,0,"N",0.000149644594089028
58509,5,"I3",NA,"C",45.6,34.2,38.8,0,"N",0.000149644594089028
58521,5,"I3",NA,"C",49.85,37.4,42.4,0,"N",0.000149644594089028
58524,5,"I3",NA,"C",64.85,48.65,55.15,0,"N",0.000149644594089028
58527,5,"I3",NA,"C",79.7,59.8,67.75,0,"N",0.000149644594089028
58700,5,"I3",NA,"C",52.85,39.65,44.95,0,"N",0.000149644594089028
58706,5,"I3",NA,"C",181.3,136,154.15,0,"N",0.000149644594089028
58715,5,"I3",NA,"C",174.05,130.55,147.95,0,"N",0.000149644594089028
58718,5,"I3",NA,"C",144.8,108.6,123.1,0,"N",0.000149644594089028
58721,5,"I3",NA,"C",158.7,119.05,134.9,0,"N",0.000149644594089028
58900,5,"I3",NA,"C",41.05,30.8,34.9,0,"N",0.000149644594089028
58903,5,"I3",NA,"C",54.7,41.05,46.5,0,"N",0.000149644594089028
58909,5,"I3",NA,"C",103.2,77.4,87.75,0,"N",0.000149644594089028
58912,5,"I3",NA,"C",126.6,94.95,107.65,0,"N",0.000149644594089028
58915,5,"I3",NA,"C",90.7,68.05,77.1,0,"N",0.000149644594089028
58916,5,"I3",NA,"C",159.05,119.3,135.2,0,"N",0.000149644594089028
58921,5,"I3",NA,"C",155.35,116.55,132.05,0,"N",0.000149644594089028
58927,5,"I3",NA,"C",87.75,65.85,74.6,0,"N",0.000149644594089028
58933,5,"I3",NA,"C",236.1,177.1,200.7,0,"N",0.000149644594089028
58936,5,"I3",NA,"C",225,168.75,191.25,0,"N",0.000149644594089028
58939,5,"I3",NA,"C",159.95,120,136,0,"N",0.000149644594089028
59103,5,"I3",NA,"C",24.4,18.3,20.75,0,"N",0.000149644594089028
59300,5,"I3",NA,"C",102.75,77.1,87.35,0,"N",0.000149644594089028
59302,5,"I3",NA,"C",231.95,174,197.2,0,"N",0.000149644594089028
59303,5,"I3",NA,"C",61.95,46.5,52.7,0,"N",0.000149644594089028
59305,5,"I3",NA,"C",130.8,98.1,111.2,0,"N",0.000149644594089028
59312,5,"I3",NA,"C",99.9,74.95,84.95,0,"N",0.000149644594089028
59314,5,"I3",NA,"C",60.3,45.25,51.3,0,"N",0.000149644594089028
59318,5,"I3",NA,"C",54,40.5,45.9,0,"N",0.000149644594089028
59700,5,"I3",NA,"C",110.85,83.15,94.25,0,"N",0.000149644594089028
59703,5,"I3",NA,"C",87.2,65.4,74.15,0,"N",0.000149644594089028
59712,5,"I3",NA,"C",130.5,97.9,110.95,0,"N",0.000149644594089028
59715,5,"I3",NA,"C",164.8,123.6,140.1,0,"N",0.000149644594089028
59718,5,"I3",NA,"C",154.6,115.95,131.45,0,"N",0.000149644594089028
59724,5,"I3",NA,"C",260,195,221,0,"N",0.000149644594089028
59733,5,"I3",NA,"C",123.7,92.8,105.15,0,"N",0.000149644594089028
59739,5,"I3",NA,"C",84.65,63.5,72,0,"N",0.000149644594089028
59751,5,"I3",NA,"C",159.8,119.85,135.85,0,"N",0.000149644594089028
59754,5,"I3",NA,"C",251.85,188.9,214.1,0,"N",0.000149644594089028
59763,5,"I3",NA,"C",153.65,115.25,130.65,0,"N",0.000149644594089028
59970,5,"I3",NA,"A",193.25,144.95,0,0,"N",0.000149644594089028
60000,5,"I3",NA,"A",647.65,485.75,0,0,"N",0.000149644594089028
60003,5,"I3",NA,"A",949.65,712.25,0,0,"N",0.000149644594089028
60006,5,"I3",NA,"A",1350.4,1012.8,0,0,"N",0.000149644594089028
60009,5,"I3",NA,"A",1580.25,1185.2,0,0,"N",0.000149644594089028
60012,5,"I3",NA,"A",647.65,485.75,0,0,"N",0.000149644594089028
60015,5,"I3",NA,"A",949.65,712.25,0,0,"N",0.000149644594089028
60018,5,"I3",NA,"A",1350.4,1012.8,0,0,"N",0.000149644594089028
60021,5,"I3",NA,"A",1580.25,1185.2,0,0,"N",0.000149644594089028
60024,5,"I3",NA,"A",647.65,485.75,0,0,"N",0.000149644594089028
60027,5,"I3",NA,"A",949.65,712.25,0,0,"N",0.000149644594089028
60030,5,"I3",NA,"A",1350.4,1012.8,0,0,"N",0.000149644594089028
60033,5,"I3",NA,"A",1580.25,1185.2,0,0,"N",0.000149644594089028
60036,5,"I3",NA,"A",647.65,485.75,0,0,"N",0.000149644594089028
60039,5,"I3",NA,"A",949.65,712.25,0,0,"N",0.000149644594089028
60042,5,"I3",NA,"A",1350.4,1012.8,0,0,"N",0.000149644594089028
60045,5,"I3",NA,"A",1580.25,1185.2,0,0,"N",0.000149644594089028
60048,5,"I3",NA,"A",647.65,485.75,0,0,"N",0.000149644594089028
60051,5,"I3",NA,"A",949.65,712.25,0,0,"N",0.000149644594089028
60054,5,"I3",NA,"A",1350.4,1012.8,0,0,"N",0.000149644594089028
60057,5,"I3",NA,"A",1580.25,1185.2,0,0,"N",0.000149644594089028
60060,5,"I3",NA,"A",647.65,485.75,0,0,"N",0.000149644594089028
60063,5,"I3",NA,"A",949.65,712.25,0,0,"N",0.000149644594089028
60066,5,"I3",NA,"A",1350.4,1012.8,0,0,"N",0.000149644594089028
60069,5,"I3",NA,"A",1580.25,1185.2,0,0,"N",0.000149644594089028
60072,5,"I3",NA,"A",55.2,41.4,0,0,"N",0.000149644594089028
60075,5,"I3",NA,"A",110.4,82.8,0,0,"N",0.000149644594089028
60078,5,"I3",NA,"A",165.6,124.2,0,0,"N",0.000149644594089028
60500,5,"I3",NA,"A",49.85,37.4,0,0,"N",0.000149644594089028
60503,5,"I3",NA,"C",34.15,25.65,29.05,0,"N",0.000149644594089028
60506,5,"I3",NA,"A",73.2,54.9,0,0,"N",0.000149644594089028
60509,5,"I3",NA,"A",113.55,85.2,0,0,"N",0.000149644594089028
60918,5,"I3",NA,"C",54.1,40.6,46,0,"N",0.000149644594089028
60927,5,"I3",NA,"C",43.6,32.7,37.1,0,"N",0.000149644594089028
61109,5,"I3",NA,"A",297.25,222.95,0,0,"N",0.000149644594089028
61310,5,"I4",NA,"C",389.25,291.95,330.9,0,"N",0.000149644594089028
61313,5,"I4",NA,"C",321.5,241.15,273.3,0,"N",0.000149644594089028
61314,5,"I4",NA,"C",445.15,333.9,378.4,0,"N",0.000149644594089028
61321,5,"I4",NA,"C",348.65,261.5,296.4,0,"N",0.000149644594089028
61324,5,"I4",NA,"C",692.1,519.1,589.7,0,"N",0.000149644594089028
61325,5,"I4",NA,"C",348.65,261.5,296.4,0,"N",0.000149644594089028
61328,5,"I4",NA,"C",241.25,180.95,205.1,0,"N",0.000149644594089028
61329,5,"I4",NA,"C",1040.8,780.6,938.4,0,"N",0.000149644594089028
61333,5,"I4",NA,"C",443.35,332.55,376.85,0,"N",0.000149644594089028
61336,5,"I4",NA,"C",605.05,453.8,514.3,0,"N",0.000149644594089028
61340,5,"I4",NA,"C",268.15,201.15,227.95,0,"N",0.000149644594089028
61341,5,"I4",NA,"C",600.7,450.55,510.6,0,"N",0.000149644594089028
61345,5,"I4",NA,"C",1040.8,780.6,938.4,0,"N",0.000149644594089028
61348,5,"I4",NA,"C",469.85,352.4,399.4,0,"N",0.000149644594089028
61349,5,"I4",NA,"C",1040.8,780.6,938.4,0,"N",0.000149644594089028
61353,5,"I4",NA,"C",409.75,307.35,348.3,0,"N",0.000149644594089028
61356,5,"I4",NA,"C",416.3,312.25,353.9,0,"N",0.000149644594089028
61357,5,"I4",NA,"C",692.1,519.1,589.7,0,"N",0.000149644594089028
61360,5,"I4",NA,"C",427.45,320.6,363.35,0,"N",0.000149644594089028
61361,5,"I4",NA,"C",489,366.75,415.65,0,"N",0.000149644594089028
61364,5,"I4",NA,"C",526.7,395.05,447.7,0,"N",0.000149644594089028
61368,5,"I4",NA,"C",236.45,177.35,201,0,"N",0.000149644594089028
61369,5,"I4",NA,"C",2136.35,1602.3,2033.95,0,"N",0.000149644594089028
61372,5,"I4",NA,"C",236.45,177.35,201,0,"N",0.000149644594089028
61373,5,"I4",NA,"C",519,389.25,441.15,0,"N",0.000149644594089028
61376,5,"I4",NA,"C",151.9,113.95,129.15,0,"N",0.000149644594089028
61381,5,"I4",NA,"C",608.7,456.55,517.4,0,"N",0.000149644594089028
61383,5,"I4",NA,"C",662.3,496.75,563,0,"N",0.000149644594089028
61384,5,"I4",NA,"C",728.85,546.65,626.45,0,"N",0.000149644594089028
61386,5,"I4",NA,"C",352.4,264.3,299.55,0,"N",0.000149644594089028
61387,5,"I4",NA,"C",456.55,342.45,388.1,0,"N",0.000149644594089028
61389,5,"I4",NA,"C",392.7,294.55,333.8,0,"N",0.000149644594089028
61390,5,"I4",NA,"C",434.5,325.9,369.35,0,"N",0.000149644594089028
61393,5,"I4",NA,"C",641.75,481.35,545.5,0,"N",0.000149644594089028
61394,5,"I4",NA,"C",692.1,519.1,589.7,0,"N",0.000149644594089028
61397,5,"I4",NA,"C",261.65,196.25,222.45,0,"N",0.000149644594089028
61398,5,"I4",NA,"C",1040.8,780.6,938.4,0,"N",0.000149644594089028
61402,5,"I4",NA,"C",641.3,481,545.15,0,"N",0.000149644594089028
61406,5,"I4",NA,"C",1040.8,780.6,938.4,0,"N",0.000149644594089028
61409,5,"I4",NA,"C",925.75,694.35,823.35,0,"N",0.000149644594089028
61410,5,"I4",NA,"C",1040.8,780.6,938.4,0,"N",0.000149644594089028
61413,5,"I4",NA,"C",239.45,179.6,203.55,0,"N",0.000149644594089028
61414,5,"I4",NA,"C",692.1,519.1,589.7,0,"N",0.000149644594089028
61421,5,"I4",NA,"C",508.5,381.4,432.25,0,"N",0.000149644594089028
61425,5,"I4",NA,"C",636.6,477.45,541.15,0,"N",0.000149644594089028
61426,5,"I4",NA,"C",588,441,499.8,0,"N",0.000149644594089028
61429,5,"I4",NA,"C",575.5,431.65,489.2,0,"N",0.000149644594089028
61430,5,"I4",NA,"C",698.95,524.25,596.55,0,"N",0.000149644594089028
61433,5,"I4",NA,"C",526.7,395.05,447.7,0,"N",0.000149644594089028
61434,5,"I4",NA,"C",652.25,489.2,554.45,0,"N",0.000149644594089028
61438,5,"I4",NA,"C",713.2,534.9,610.8,0,"N",0.000149644594089028
61441,5,"I4",NA,"C",519,389.25,441.15,0,"N",0.000149644594089028
61442,5,"I4",NA,"C",797.4,598.05,695,0,"N",0.000149644594089028
61445,5,"I4",NA,"C",303.95,228,258.4,0,"N",0.000149644594089028
61446,5,"I4",NA,"C",353.5,265.15,300.5,0,"N",0.000149644594089028
61449,5,"I4",NA,"C",483.5,362.65,411,0,"N",0.000149644594089028
61450,5,"I4",NA,"C",421.3,316,358.15,0,"N",0.000149644594089028
61453,5,"I4",NA,"C",545.5,409.15,463.7,0,"N",0.000149644594089028
61454,5,"I4",NA,"C",368.95,276.75,313.65,0,"N",0.000149644594089028
61457,5,"I4",NA,"C",498.6,373.95,423.85,0,"N",0.000149644594089028
61461,5,"I4",NA,"C",559.4,419.55,475.5,0,"N",0.000149644594089028
61462,5,"I4",NA,"C",136.7,102.55,116.2,0,"N",0.000149644594089028
61466,5,"I4",NA,"C",4971.6,3728.7,4869.2,0,"N",0.000149644594089028
61469,5,"I4",NA,"C",368.95,276.75,313.65,0,"N",0.000149644594089028
61470,5,"I4",NA,"C",1551.4,1163.55,1449,0,"N",0.000149644594089028
61473,5,"I4",NA,"C",185.9,139.45,158.05,0,"N",0.000149644594089028
61477,5,"I4",NA,"C",1019.55,764.7,917.15,0,"N",0.000149644594089028
61480,5,"I4",NA,"C",410,307.5,348.5,0,"N",0.000149644594089028
61485,5,"I4",NA,"C",3565.3,2674,3462.9,0,"N",0.000149644594089028
61495,5,"I4",NA,"C",236.45,177.35,201,0,"N",0.000149644594089028
61499,5,"I4",NA,"C",268.15,201.15,227.95,0,"N",0.000149644594089028
61505,5,"I4",NA,"C",100,75,85,0,"N",0.000149644594089028
61523,5,"I4",NA,"C",953,714.75,850.6,0,"N",0.000149644594089028
61524,5,"I4",NA,"C",953,714.75,850.6,0,"N",0.000149644594089028
61525,5,"I4",NA,"C",953,714.75,850.6,0,"N",0.000149644594089028
61527,5,"I4",NA,"C",752.35,564.3,649.95,0,"N",0.000149644594089028
61528,5,"I4",NA,"C",1300,975,1197.6,0,"N",0.000149644594089028
61529,5,"I4",NA,"C",953,714.75,850.6,0,"N",0.000149644594089028
61538,5,"I4",NA,"C",901,675.75,798.6,0,"N",0.000149644594089028
61541,5,"I4",NA,"C",953,714.75,850.6,0,"N",0.000149644594089028
61553,5,"I4",NA,"C",999,749.25,896.6,0,"N",0.000149644594089028
61559,5,"I4",NA,"C",918,688.5,815.6,0,"N",0.000149644594089028
61560,5,"I4",NA,"C",605.05,453.8,514.3,0,"N",0.000149644594089028
61563,5,"I4",NA,"C",1300,975,1197.6,0,"N",0.000149644594089028
61564,5,"I4",NA,"C",1300,975,1197.6,0,"N",0.000149644594089028
61565,5,"I4",NA,"C",953,714.75,850.6,0,"N",0.000149644594089028
61571,5,"I4",NA,"C",953,714.75,850.6,0,"N",0.000149644594089028
61575,5,"I4",NA,"C",953,714.75,850.6,0,"N",0.000149644594089028
61577,5,"I4",NA,"C",953,714.75,850.6,0,"N",0.000149644594089028
61598,5,"I4",NA,"C",953,714.75,850.6,0,"N",0.000149644594089028
61604,5,"I4",NA,"C",953,714.75,850.6,0,"N",0.000149644594089028
61610,5,"I4",NA,"C",953,714.75,850.6,0,"N",0.000149644594089028
61612,5,"I4",NA,"C",953,714.75,850.6,0,"N",0.000149644594089028
61614,5,"I4",NA,"C",953,714.75,850.6,0,"N",0.000149644594089028
61620,5,"I4",NA,"C",953,714.75,850.6,0,"N",0.000149644594089028
61622,5,"I4",NA,"C",953,714.75,850.6,0,"N",0.000149644594089028
61628,5,"I4",NA,"C",953,714.75,850.6,0,"N",0.000149644594089028
61632,5,"I4",NA,"C",953,714.75,850.6,0,"N",0.000149644594089028
61640,5,"I4",NA,"C",999,749.25,896.6,0,"N",0.000149644594089028
61644,5,"I4",NA,"C",329,246.75,279.65,0,"N",0.000149644594089028
61646,5,"I4",NA,"C",999,749.25,896.6,0,"N",0.000149644594089028
61647,5,"I4",NA,"C",953,714.75,850.6,0,"N",0.000149644594089028
61650,5,"I4",NA,"C",931.3,698.5,828.9,0,"N",0.000149644594089028
63001,5,"I5",NA,"C",452.05,339.05,384.25,0,"N",0.000149644594089028
63004,5,"I5",NA,"C",452.05,339.05,384.25,0,"N",0.000149644594089028
63007,5,"I5",NA,"C",452.05,339.05,384.25,0,"N",0.000149644594089028
63010,5,"I5",NA,"C",376.75,282.6,320.25,0,"N",0.000149644594089028
63019,5,"I5",NA,"C",452.05,339.05,384.25,0,"N",0.000149644594089028
63020,5,"I5",NA,"C",452.05,339.05,384.25,0,"N",0.000149644594089028
63040,5,"I5",NA,"C",376.75,282.6,320.25,0,"N",0.000149644594089028
63043,5,"I5",NA,"C",401.8,301.35,341.55,0,"N",0.000149644594089028
63046,5,"I5",NA,"C",452.05,339.05,384.25,0,"N",0.000149644594089028
63049,5,"I5",NA,"C",452.05,339.05,384.25,0,"N",0.000149644594089028
63052,5,"I5",NA,"C",452.05,339.05,384.25,0,"N",0.000149644594089028
63055,5,"I5",NA,"C",452.05,339.05,384.25,0,"N",0.000149644594089028
63058,5,"I5",NA,"C",452.05,339.05,384.25,0,"N",0.000149644594089028
63061,5,"I5",NA,"C",452.05,339.05,384.25,0,"N",0.000149644594089028
63064,5,"I5",NA,"C",452.05,339.05,384.25,0,"N",0.000149644594089028
63067,5,"I5",NA,"C",452.05,339.05,384.25,0,"N",0.000149644594089028
63070,5,"I5",NA,"C",452.05,339.05,384.25,0,"N",0.000149644594089028
63073,5,"I5",NA,"C",452.05,339.05,384.25,0,"N",0.000149644594089028
63101,5,"I5",NA,"C",552.55,414.45,469.7,0,"N",0.000149644594089028
63111,5,"I5",NA,"C",552.55,414.45,469.7,0,"N",0.000149644594089028
63114,5,"I5",NA,"C",552.55,414.45,469.7,0,"N",0.000149644594089028
63125,5,"I5",NA,"C",552.55,414.45,469.7,0,"N",0.000149644594089028
63128,5,"I5",NA,"C",552.55,414.45,469.7,0,"N",0.000149644594089028
63131,5,"I5",NA,"C",552.55,414.45,469.7,0,"N",0.000149644594089028
63151,5,"I5",NA,"C",401.8,301.35,341.55,0,"N",0.000149644594089028
63154,5,"I5",NA,"C",401.8,301.35,341.55,0,"N",0.000149644594089028
63161,5,"I5",NA,"C",401.8,301.35,341.55,0,"N",0.000149644594089028
63164,5,"I5",NA,"C",401.8,301.35,341.55,0,"N",0.000149644594089028
63167,5,"I5",NA,"C",401.8,301.35,341.55,0,"N",0.000149644594089028
63170,5,"I5",NA,"C",401.8,301.35,341.55,0,"N",0.000149644594089028
63173,5,"I5",NA,"C",401.8,301.35,341.55,0,"N",0.000149644594089028
63176,5,"I5",NA,"C",401.8,301.35,341.55,0,"N",0.000149644594089028
63179,5,"I5",NA,"C",401.8,301.35,341.55,0,"N",0.000149644594089028
63182,5,"I5",NA,"C",401.8,301.35,341.55,0,"N",0.000149644594089028
63185,5,"I5",NA,"C",401.8,301.35,341.55,0,"N",0.000149644594089028
63201,5,"I5",NA,"C",502.25,376.7,426.95,0,"N",0.000149644594089028
63204,5,"I5",NA,"C",502.25,376.7,426.95,0,"N",0.000149644594089028
63219,5,"I5",NA,"C",502.25,376.7,426.95,0,"N",0.000149644594089028
63222,5,"I5",NA,"C",502.25,376.7,426.95,0,"N",0.000149644594089028
63225,5,"I5",NA,"C",502.25,376.7,426.95,0,"N",0.000149644594089028
63228,5,"I5",NA,"C",502.25,376.7,426.95,0,"N",0.000149644594089028
63231,5,"I5",NA,"C",502.25,376.7,426.95,0,"N",0.000149644594089028
63234,5,"I5",NA,"C",502.25,376.7,426.95,0,"N",0.000149644594089028
63237,5,"I5",NA,"C",502.25,376.7,426.95,0,"N",0.000149644594089028
63240,5,"I5",NA,"C",502.25,376.7,426.95,0,"N",0.000149644594089028
63243,5,"I5",NA,"C",502.25,376.7,426.95,0,"N",0.000149644594089028
63271,5,"I5",NA,"C",552.55,414.45,469.7,0,"N",0.000149644594089028
63274,5,"I5",NA,"C",552.55,414.45,469.7,0,"N",0.000149644594089028
63277,5,"I5",NA,"C",552.55,414.45,469.7,0,"N",0.000149644594089028
63280,5,"I5",NA,"C",552.55,414.45,469.7,0,"N",0.000149644594089028
63301,5,"I5",NA,"C",426.95,320.25,362.95,0,"N",0.000149644594089028
63304,5,"I5",NA,"C",426.95,320.25,362.95,0,"N",0.000149644594089028
63307,5,"I5",NA,"C",426.95,320.25,362.95,0,"N",0.000149644594089028
63322,5,"I5",NA,"C",452.05,339.05,384.25,0,"N",0.000149644594089028
63325,5,"I5",NA,"C",452.05,339.05,384.25,0,"N",0.000149644594089028
63328,5,"I5",NA,"C",452.05,339.05,384.25,0,"N",0.000149644594089028
63331,5,"I5",NA,"C",452.05,339.05,384.25,0,"N",0.000149644594089028
63334,5,"I5",NA,"C",376.75,282.6,320.25,0,"N",0.000149644594089028
63337,5,"I5",NA,"C",502.25,376.7,426.95,0,"N",0.000149644594089028
63340,5,"I5",NA,"C",452.05,339.05,384.25,0,"N",0.000149644594089028
63361,5,"I5",NA,"C",452.05,339.05,384.25,0,"N",0.000149644594089028
63385,5,"I5",NA,"C",502.25,376.7,426.95,0,"N",0.000149644594089028
63388,5,"I5",NA,"C",502.25,376.7,426.95,0,"N",0.000149644594089028
63390,5,"I5",NA,"C",616.6,462.45,524.15,0,"N",0.000149644594089028
63391,5,"I5",NA,"C",452.05,339.05,384.25,0,"N",0.000149644594089028
63395,5,"I5",NA,"C",958.8,719.1,856.4,0,"N",0.000149644594089028
63397,5,"I5",NA,"C",958.8,719.1,856.4,0,"N",0.000149644594089028
63401,5,"I5",NA,"C",452.05,339.05,384.25,0,"N",0.000149644594089028
63404,5,"I5",NA,"C",452.05,339.05,384.25,0,"N",0.000149644594089028
63416,5,"I5",NA,"C",452.05,339.05,384.25,0,"N",0.000149644594089028
63425,5,"I5",NA,"C",452.05,339.05,384.25,0,"N",0.000149644594089028
63428,5,"I5",NA,"C",452.05,339.05,384.25,0,"N",0.000149644594089028
63440,5,"I5",NA,"C",452.05,339.05,384.25,0,"N",0.000149644594089028
63443,5,"I5",NA,"C",452.05,339.05,384.25,0,"N",0.000149644594089028
63446,5,"I5",NA,"C",452.05,339.05,384.25,0,"N",0.000149644594089028
63454,5,"I5",NA,"C",1345.4,1009.05,1243,0,"N",0.000149644594089028
63461,5,"I5",NA,"C",401.8,301.35,341.55,0,"N",0.000149644594089028
63464,5,"I5",NA,"C",773.65,580.25,671.25,0,"N",0.000149644594089028
63467,5,"I5",NA,"C",773.65,580.25,671.25,0,"N",0.000149644594089028
63470,5,"I5",NA,"C",452.05,339.05,384.25,0,"N",0.000149644594089028
63473,5,"I5",NA,"C",703.2,527.4,600.8,0,"N",0.000149644594089028
63476,5,"I5",NA,"C",452.05,339.05,384.25,0,"N",0.000149644594089028
63482,5,"I5",NA,"C",452.05,339.05,384.25,0,"N",0.000149644594089028
63487,5,"I5",NA,"C",773.65,580.25,671.25,0,"N",0.000149644594089028
63489,5,"I5",NA,"C",1130.1,847.6,1027.7,0,"N",0.000149644594089028
63491,5,"I5",NA,"C",50.25,37.7,42.75,0,"N",0.000149644594089028
63494,5,"I5",NA,"C",50.25,37.7,42.75,0,"N",0.000149644594089028
63496,5,"I5",NA,"C",280.25,210.2,238.25,0,"N",0.000149644594089028
63497,5,"I5",NA,"C",175.8,131.85,149.45,0,"N",0.000149644594089028
63498,5,"I5",NA,"C",50.25,37.7,42.75,0,"N",0.000149644594089028
63499,5,"I5",NA,"A",175.8,131.85,0,0,"N",0.000149644594089028
63501,5,"I5",NA,"C",560.6,420.45,476.55,0,"N",0.000149644594089028
63502,5,"I5",NA,"C",560.6,420.45,476.55,0,"N",0.000149644594089028
63504,5,"I5",NA,"C",560.6,420.45,476.55,0,"N",0.000149644594089028
63505,5,"I5",NA,"C",560.6,420.45,476.55,0,"N",0.000149644594089028
63507,5,"I5",NA,"C",452.05,339.05,384.25,0,"N",0.000149644594089028
63510,5,"I5",NA,"C",502.25,376.7,426.95,0,"N",0.000149644594089028
63513,5,"I5",NA,"C",452.05,339.05,384.25,0,"N",0.000149644594089028
63516,5,"I5",NA,"C",452.05,339.05,384.25,0,"N",0.000149644594089028
63519,5,"I5",NA,"C",452.05,339.05,384.25,0,"N",0.000149644594089028
63522,5,"I5",NA,"C",502.25,376.7,426.95,0,"N",0.000149644594089028
63531,5,"I5",NA,"C",773.65,580.25,671.25,0,"N",0.000149644594089028
63533,5,"I5",NA,"C",773.65,580.25,671.25,0,"N",0.000149644594089028
63539,5,"I5",NA,"C",703.2,527.4,600.8,0,"N",0.000149644594089028
63540,5,"I5",NA,"C",703.2,527.4,600.8,0,"N",0.000149644594089028
63541,5,"I5",NA,"C",504.45,378.35,428.8,0,"N",0.000149644594089028
63543,5,"I5",NA,"C",504.45,378.35,428.8,0,"N",0.000149644594089028
63545,5,"I5",NA,"C",616.6,462.45,524.15,0,"N",0.000149644594089028
63546,5,"I5",NA,"C",616.6,462.45,524.15,0,"N",0.000149644594089028
63547,5,"I5",NA,"C",773.65,580.25,671.25,0,"N",0.000149644594089028
63549,5,"I5",NA,"C",2018.05,1513.55,1915.65,0,"N",0.000149644594089028
63551,5,"I5",NA,"C",452.05,339.05,384.25,0,"N",0.000149644594089028
63554,5,"I5",NA,"C",401.8,301.35,341.55,0,"N",0.000149644594089028
63557,5,"I5",NA,"C",552.55,414.45,469.7,0,"N",0.000149644594089028
63560,5,"I5",NA,"C",452.05,339.05,384.25,0,"N",0.000149644594089028
63563,5,"I5",NA,"C",452.05,339.05,384.25,0,"N",0.000149644594089028
63564,5,"I5",NA,"C",1655.2,1241.4,1552.8,0,"N",0.000149644594089028
63740,5,"I5",NA,"C",512.55,384.45,435.7,0,"N",0.000149644594089028
63741,5,"I5",NA,"C",297.35,223.05,252.75,0,"N",0.000149644594089028
63743,5,"I5",NA,"C",452.05,339.05,384.25,0,"N",0.000149644594089028
64990,5,"I6",NA,"B",8.05,0,6.85,0,"N",0.000149644594089028
64991,5,"I6",NA,"B",12.2,0,10.4,0,"N",0.000149644594089028
64992,5,"I6",NA,"B",12.95,0,11.05,0,"N",0.000149644594089028
64993,5,"I6",NA,"B",13.7,0,11.65,0,"N",0.000149644594089028
64994,5,"I6",NA,"B",14.6,0,12.45,0,"N",0.000149644594089028
64995,5,"I6",NA,"B",15.95,0,13.6,0,"N",0.000149644594089028
65060,6,"P1",NA,"C",8.05,6.05,6.85,0,"N",0.000491932310114092
65066,6,"P1",NA,"C",10.65,8,9.1,0,"N",0.000491932310114092
65070,6,"P1",NA,"C",17.35,13.05,14.75,0,"N",0.000491932310114092
65072,6,"P1",NA,"C",10.45,7.85,8.9,0,"N",0.000491932310114092
65075,6,"P1",NA,"C",53.2,39.9,45.25,0,"N",0.000491932310114092
65078,6,"P1",NA,"C",92.35,69.3,78.5,0,"N",0.000491932310114092
65079,6,"P1",NA,"C",92.35,69.3,78.5,0,"N",0.000491932310114092
65081,6,"P1",NA,"C",98.9,74.2,84.1,0,"N",0.000491932310114092
65082,6,"P1",NA,"C",98.9,74.2,84.1,0,"N",0.000491932310114092
65084,6,"P1",NA,"C",169.85,127.4,144.4,0,"N",0.000491932310114092
65087,6,"P1",NA,"C",85.1,63.85,72.35,0,"N",0.000491932310114092
65090,6,"P1",NA,"C",11.4,8.55,9.7,0,"N",0.000491932310114092
65093,6,"P1",NA,"C",22.55,16.95,19.2,0,"N",0.000491932310114092
65096,6,"P1",NA,"C",42,31.5,35.7,0,"N",0.000491932310114092
65099,6,"P1",NA,"C",111.5,83.65,94.8,0,"N",0.000491932310114092
65102,6,"P1",NA,"C",168.55,126.45,143.3,0,"N",0.000491932310114092
65105,6,"P1",NA,"C",111.5,83.65,94.8,0,"N",0.000491932310114092
65108,6,"P1",NA,"C",168.55,126.45,143.3,0,"N",0.000491932310114092
65109,6,"P1",NA,"C",13.2,9.9,11.25,0,"N",0.000491932310114092
65110,6,"P1",NA,"C",13.2,9.9,11.25,0,"N",0.000491932310114092
65111,6,"P1",NA,"C",23.75,17.85,20.2,0,"N",0.000491932310114092
65114,6,"P1",NA,"C",9.3,7,7.95,0,"N",0.000491932310114092
65117,6,"P1",NA,"C",20.75,15.6,17.65,0,"N",0.000491932310114092
65120,6,"P1",NA,"C",14.05,10.55,11.95,0,"N",0.000491932310114092
65123,6,"P1",NA,"C",20.85,15.65,17.75,0,"N",0.000491932310114092
65126,6,"P1",NA,"C",28.5,21.4,24.25,0,"N",0.000491932310114092
65129,6,"P1",NA,"C",36.35,27.3,30.9,0,"N",0.000491932310114092
65137,6,"P1",NA,"C",25.95,19.5,22.1,0,"N",0.000491932310114092
65142,6,"P1",NA,"C",25.95,19.5,22.1,0,"N",0.000491932310114092
65144,6,"P1",NA,"C",57.9,43.45,49.25,0,"N",0.000491932310114092
65147,6,"P1",NA,"C",38.8,29.1,33,0,"N",0.000491932310114092
65150,6,"P1",NA,"C",72.6,54.45,61.75,0,"N",0.000491932310114092
65153,6,"P1",NA,"C",145.25,108.95,123.5,0,"N",0.000491932310114092
65156,6,"P1",NA,"C",217.85,163.4,185.2,0,"N",0.000491932310114092
65157,6,"P1",NA,"C",72.6,54.45,61.75,0,"N",0.000491932310114092
65158,6,"P1",NA,"C",72.6,54.45,61.75,0,"N",0.000491932310114092
65159,6,"P1",NA,"C",72.6,54.45,61.75,0,"N",0.000491932310114092
65162,6,"P1",NA,"C",10.7,8.05,9.1,0,"N",0.000491932310114092
65165,6,"P1",NA,"C",35.3,26.5,30.05,0,"N",0.000491932310114092
65166,6,"P1",NA,"C",35.3,26.5,30.05,0,"N",0.000491932310114092
65171,6,"P1",NA,"C",25.95,19.5,22.1,0,"N",0.000491932310114092
65175,6,"P1",NA,"C",25.95,19.5,22.1,0,"N",0.000491932310114092
65176,6,"P1",NA,"C",49.8,37.35,42.35,0,"N",0.000491932310114092
65177,6,"P1",NA,"C",73.7,55.3,62.65,0,"N",0.000491932310114092
65178,6,"P1",NA,"C",97.5,73.15,82.9,0,"N",0.000491932310114092
65179,6,"P1",NA,"C",121.35,91.05,103.15,0,"N",0.000491932310114092
65180,6,"P1",NA,"C",25.95,19.5,22.1,0,"N",0.000491932310114092
65181,6,"P1",NA,"C",23.85,17.9,20.3,0,"N",0.000491932310114092
73899,6,"P10",NA,"C",5.95,4.5,5.1,0,"N",0.000491932310114092
73900,6,"P10",NA,"C",2.4,1.8,2.05,0,"N",0.000491932310114092
73920,6,"P10",NA,"C",2.4,1.8,2.05,0,"N",0.000491932310114092
73922,6,"P10",NA,"C",8.2,6.15,7,0,"N",0.000491932310114092
73923,6,"P10",NA,"C",2.4,1.8,2.05,0,"N",0.000491932310114092
73924,6,"P10",NA,"C",14.65,11,12.5,0,"N",0.000491932310114092
73925,6,"P10",NA,"C",2.4,1.8,2.05,0,"N",0.000491932310114092
73926,6,"P10",NA,"C",8.2,6.15,7,0,"N",0.000491932310114092
73927,6,"P10",NA,"C",2.4,1.8,2.05,0,"N",0.000491932310114092
73928,6,"P10",NA,"C",5.95,4.5,5.1,0,"N",0.000491932310114092
73929,6,"P10",NA,"C",2.4,1.8,2.05,0,"N",0.000491932310114092
73930,6,"P10",NA,"C",5.95,4.5,5.1,0,"N",0.000491932310114092
73931,6,"P10",NA,"C",2.4,1.8,2.05,0,"N",0.000491932310114092
73932,6,"P10",NA,"C",10.25,7.7,8.75,0,"N",0.000491932310114092
73933,6,"P10",NA,"C",2.4,1.8,2.05,0,"N",0.000491932310114092
73934,6,"P10",NA,"C",17.6,13.2,15,0,"N",0.000491932310114092
73935,6,"P10",NA,"C",2.4,1.8,2.05,0,"N",0.000491932310114092
73936,6,"P10",NA,"C",5.95,4.5,5.1,0,"N",0.000491932310114092
73937,6,"P10",NA,"C",2.4,1.8,2.05,0,"N",0.000491932310114092
73938,6,"P10",NA,"C",7.95,6,6.8,0,"N",0.000491932310114092
73939,6,"P10",NA,"C",2.4,1.8,2.05,0,"N",0.000491932310114092
73940,6,"P11",NA,"C",10.25,7.7,8.75,0,"N",0.000491932310114092
74990,6,"P12",NA,"B",8.05,0,6.85,0,"N",0.000491932310114092
74991,6,"P12",NA,"B",12.2,0,10.4,0,"N",0.000491932310114092
75861,6,"P12",NA,"B",12.95,0,11.05,0,"N",0.000491932310114092
75862,6,"P12",NA,"B",13.7,0,11.65,0,"N",0.000491932310114092
75863,6,"P12",NA,"B",14.6,0,12.45,0,"N",0.000491932310114092
75864,6,"P12",NA,"B",15.95,0,13.6,0,"N",0.000491932310114092
74992,6,"P13",NA,"C",1.6,1.2,1.4,0,"N",0.000491932310114092
74993,6,"P13",NA,"C",3.75,2.85,3.2,0,"N",0.000491932310114092
74994,6,"P13",NA,"C",3.25,2.45,2.8,0,"N",0.000491932310114092
74995,6,"P13",NA,"C",4,3,3.4,0,"N",0.000491932310114092
74996,6,"P13",NA,"C",3.7,2.8,3.15,0,"N",0.000491932310114092
74997,6,"P13",NA,"C",3.3,2.5,2.85,0,"N",0.000491932310114092
74998,6,"P13",NA,"C",2,1.5,1.7,0,"N",0.000491932310114092
74999,6,"P13",NA,"C",1.6,1.2,1.4,0,"N",0.000491932310114092
66500,6,"P2",NA,"C",9.7,7.3,8.25,0,"N",0.000491932310114092
66503,6,"P2",NA,"C",11.65,8.75,9.95,0,"N",0.000491932310114092
66506,6,"P2",NA,"C",13.65,10.25,11.65,0,"N",0.000491932310114092
66509,6,"P2",NA,"C",15.65,11.75,13.35,0,"N",0.000491932310114092
66512,6,"P2",NA,"C",17.7,13.3,15.05,0,"N",0.000491932310114092
66517,6,"P2",NA,"C",19.65,14.75,16.75,0,"N",0.000491932310114092
66518,6,"P2",NA,"C",20.05,15.05,17.05,0,"N",0.000491932310114092
66519,6,"P2",NA,"C",40.15,30.15,34.15,0,"N",0.000491932310114092
66522,6,"P2",NA,"C",75,56.25,63.75,0,"N",0.000491932310114092
66523,6,"P2",NA,"C",75,56.25,63.75,0,"N",0.000491932310114092
66536,6,"P2",NA,"C",11.05,8.3,9.4,0,"N",0.000491932310114092
66539,6,"P2",NA,"C",30.6,22.95,26.05,0,"N",0.000491932310114092
66542,6,"P2",NA,"C",18.95,14.25,16.15,0,"N",0.000491932310114092
66545,6,"P2",NA,"C",15.8,11.85,13.45,0,"N",0.000491932310114092
66548,6,"P2",NA,"C",19.9,14.95,16.95,0,"N",0.000491932310114092
66551,6,"P2",NA,"C",16.8,12.6,14.3,0,"N",0.000491932310114092
66554,6,"P2",NA,"C",16.8,12.6,14.3,0,"N",0.000491932310114092
66557,6,"P2",NA,"C",9.7,7.3,8.25,0,"N",0.000491932310114092
66560,6,"P2",NA,"C",20.1,15.1,17.1,0,"N",0.000491932310114092
66563,6,"P2",NA,"C",24.7,18.55,21,0,"N",0.000491932310114092
66566,6,"P2",NA,"C",33.7,25.3,28.65,0,"N",0.000491932310114092
66569,6,"P2",NA,"C",42.6,31.95,36.25,0,"N",0.000491932310114092
66572,6,"P2",NA,"C",51.55,38.7,43.85,0,"N",0.000491932310114092
66575,6,"P2",NA,"C",60.45,45.35,51.4,0,"N",0.000491932310114092
66578,6,"P2",NA,"C",69.35,52.05,58.95,0,"N",0.000491932310114092
66581,6,"P2",NA,"C",78.25,58.7,66.55,0,"N",0.000491932310114092
66584,6,"P2",NA,"C",9.7,7.3,8.25,0,"N",0.000491932310114092
66585,6,"P2",NA,"C",58.5,43.9,49.75,0,"N",0.000491932310114092
66586,6,"P2",NA,"C",58.5,43.9,49.75,0,"N",0.000491932310114092
66587,6,"P2",NA,"C",47.55,35.7,40.45,0,"N",0.000491932310114092
66590,6,"P2",NA,"C",30.6,22.95,26.05,0,"N",0.000491932310114092
66593,6,"P2",NA,"C",18,13.5,15.3,0,"N",0.000491932310114092
66596,6,"P2",NA,"C",32.55,24.45,27.7,0,"N",0.000491932310114092
66605,6,"P2",NA,"C",30.6,22.95,26.05,0,"N",0.000491932310114092
66606,6,"P2",NA,"C",30.6,22.95,26.05,0,"N",0.000491932310114092
66607,6,"P2",NA,"C",75.75,56.85,64.4,0,"N",0.000491932310114092
66610,6,"P2",NA,"C",75.75,56.85,64.4,0,"N",0.000491932310114092
66623,6,"P2",NA,"C",41.5,31.15,35.3,0,"N",0.000491932310114092
66626,6,"P2",NA,"C",24.1,18.1,20.5,0,"N",0.000491932310114092
66629,6,"P2",NA,"C",20.1,15.1,17.1,0,"N",0.000491932310114092
66632,6,"P2",NA,"C",20.1,15.1,17.1,0,"N",0.000491932310114092
66635,6,"P2",NA,"C",20.1,15.1,17.1,0,"N",0.000491932310114092
66638,6,"P2",NA,"C",49.05,36.8,41.7,0,"N",0.000491932310114092
66639,6,"P2",NA,"C",29.2,21.9,24.85,0,"N",0.000491932310114092
66641,6,"P2",NA,"C",29.2,21.9,24.85,0,"N",0.000491932310114092
66642,6,"P2",NA,"C",29.2,21.9,24.85,0,"N",0.000491932310114092
66644,6,"P2",NA,"C",20.15,15.15,17.15,0,"N",0.000491932310114092
66647,6,"P2",NA,"C",45.1,33.85,38.35,0,"N",0.000491932310114092
66650,6,"P2",NA,"C",24.35,18.3,20.7,0,"N",0.000491932310114092
66651,6,"P2",NA,"C",24.35,18.3,20.7,0,"N",0.000491932310114092
66652,6,"P2",NA,"C",20.3,15.25,17.3,0,"N",0.000491932310114092
66653,6,"P2",NA,"C",44.6,33.45,37.95,0,"N",0.000491932310114092
66654,6,"P2",NA,"C",20.15,15.15,17.15,0,"N",0.000491932310114092
66655,6,"P2",NA,"C",20.15,15.15,17.15,0,"N",0.000491932310114092
66656,6,"P2",NA,"C",20.15,15.15,17.15,0,"N",0.000491932310114092
66659,6,"P2",NA,"C",37.3,28,31.75,0,"N",0.000491932310114092
66660,6,"P2",NA,"C",37.3,28,31.75,0,"N",0.000491932310114092
66662,6,"P2",NA,"C",79.95,60,68,0,"N",0.000491932310114092
66663,6,"P2",NA,"C",79.95,60,68,0,"N",0.000491932310114092
66665,6,"P2",NA,"C",30.6,22.95,26.05,0,"N",0.000491932310114092
66666,6,"P2",NA,"C",30.6,22.95,26.05,0,"N",0.000491932310114092
66667,6,"P2",NA,"C",30.6,22.95,26.05,0,"N",0.000491932310114092
66671,6,"P2",NA,"C",36.9,27.7,31.4,0,"N",0.000491932310114092
66674,6,"P2",NA,"C",39.95,30,34,0,"N",0.000491932310114092
66677,6,"P2",NA,"C",11.15,8.4,9.5,0,"N",0.000491932310114092
66680,6,"P2",NA,"C",74.45,55.85,63.3,0,"N",0.000491932310114092
66683,6,"P2",NA,"C",74.45,55.85,63.3,0,"N",0.000491932310114092
66686,6,"P2",NA,"C",50.65,38,43.1,0,"N",0.000491932310114092
66695,6,"P2",NA,"C",30.5,22.9,25.95,0,"N",0.000491932310114092
66696,6,"P2",NA,"C",30.5,22.9,25.95,0,"N",0.000491932310114092
66697,6,"P2",NA,"C",13.2,9.9,11.25,0,"N",0.000491932310114092
66698,6,"P2",NA,"C",43.7,32.8,37.15,0,"N",0.000491932310114092
66701,6,"P2",NA,"C",56.9,42.7,48.4,0,"N",0.000491932310114092
66704,6,"P2",NA,"C",70.15,52.65,59.65,0,"N",0.000491932310114092
66707,6,"P2",NA,"C",83.35,62.55,70.85,0,"N",0.000491932310114092
66711,6,"P2",NA,"C",30.15,22.65,25.65,0,"N",0.000491932310114092
66712,6,"P2",NA,"C",43.05,32.3,36.6,0,"N",0.000491932310114092
66714,6,"P2",NA,"C",30.15,22.65,25.65,0,"N",0.000491932310114092
66715,6,"P2",NA,"C",12.85,9.65,10.95,0,"N",0.000491932310114092
66716,6,"P2",NA,"C",25.05,18.8,21.3,0,"N",0.000491932310114092
66719,6,"P2",NA,"C",34.8,26.1,29.6,0,"N",0.000491932310114092
66722,6,"P2",NA,"C",37.9,28.45,32.25,0,"N",0.000491932310114092
66723,6,"P2",NA,"C",37.9,28.45,32.25,0,"N",0.000491932310114092
66724,6,"P2",NA,"C",13.15,9.9,11.2,0,"N",0.000491932310114092
66725,6,"P2",NA,"C",51.05,38.3,43.4,0,"N",0.000491932310114092
66728,6,"P2",NA,"C",64.2,48.15,54.6,0,"N",0.000491932310114092
66731,6,"P2",NA,"C",77.4,58.05,65.8,0,"N",0.000491932310114092
66734,6,"P2",NA,"C",90.55,67.95,77,0,"N",0.000491932310114092
66743,6,"P2",NA,"C",20.1,15.1,17.1,0,"N",0.000491932310114092
66749,6,"P2",NA,"C",32.95,24.75,28.05,0,"N",0.000491932310114092
66750,6,"P2",NA,"C",39.75,29.85,33.8,0,"N",0.000491932310114092
66751,6,"P2",NA,"C",55.25,41.45,47,0,"N",0.000491932310114092
66752,6,"P2",NA,"C",24.7,18.55,21,0,"N",0.000491932310114092
66755,6,"P2",NA,"C",38.85,29.15,33.05,0,"N",0.000491932310114092
66756,6,"P2",NA,"C",98.3,73.75,83.6,0,"N",0.000491932310114092
66757,6,"P2",NA,"C",98.3,73.75,83.6,0,"N",0.000491932310114092
66758,6,"P2",NA,"C",24.7,18.55,21,0,"N",0.000491932310114092
66761,6,"P2",NA,"C",13.15,9.9,11.2,0,"N",0.000491932310114092
66764,6,"P2",NA,"C",8.9,6.7,7.6,0,"N",0.000491932310114092
66767,6,"P2",NA,"C",17.85,13.4,15.2,0,"N",0.000491932310114092
66770,6,"P2",NA,"C",26.7,20.05,22.7,0,"N",0.000491932310114092
66773,6,"P2",NA,"C",24.65,18.5,21,0,"N",0.000491932310114092
66776,6,"P2",NA,"C",24.65,18.5,21,0,"N",0.000491932310114092
66779,6,"P2",NA,"C",39.95,30,34,0,"N",0.000491932310114092
66780,6,"P2",NA,"C",39.95,30,34,0,"N",0.000491932310114092
66782,6,"P2",NA,"C",13.15,9.9,11.2,0,"N",0.000491932310114092
66783,6,"P2",NA,"C",13.15,9.9,11.2,0,"N",0.000491932310114092
66785,6,"P2",NA,"C",39.95,30,34,0,"N",0.000491932310114092
66788,6,"P2",NA,"C",65.85,49.4,56,0,"N",0.000491932310114092
66789,6,"P2",NA,"C",39.95,30,34,0,"N",0.000491932310114092
66790,6,"P2",NA,"C",25.9,19.45,22.05,0,"N",0.000491932310114092
66791,6,"P2",NA,"C",74.45,55.85,63.3,0,"N",0.000491932310114092
66792,6,"P2",NA,"C",74.45,55.85,63.3,0,"N",0.000491932310114092
66800,6,"P2",NA,"C",18.15,13.65,15.45,0,"N",0.000491932310114092
66803,6,"P2",NA,"C",30.5,22.9,25.95,0,"N",0.000491932310114092
66804,6,"P2",NA,"C",18.15,13.65,15.45,0,"N",0.000491932310114092
66805,6,"P2",NA,"C",12.35,9.3,10.5,0,"N",0.000491932310114092
66806,6,"P2",NA,"C",41.85,31.4,35.6,0,"N",0.000491932310114092
66812,6,"P2",NA,"C",34.8,26.1,29.6,0,"N",0.000491932310114092
66815,6,"P2",NA,"C",59.55,44.7,50.65,0,"N",0.000491932310114092
66816,6,"P2",NA,"C",34.8,26.1,29.6,0,"N",0.000491932310114092
66817,6,"P2",NA,"C",24.75,18.6,21.05,0,"N",0.000491932310114092
66819,6,"P2",NA,"C",30.6,22.95,26.05,0,"N",0.000491932310114092
66820,6,"P2",NA,"C",30.6,22.95,26.05,0,"N",0.000491932310114092
66821,6,"P2",NA,"C",21.8,16.35,18.55,0,"N",0.000491932310114092
66822,6,"P2",NA,"C",52.45,39.35,44.6,0,"N",0.000491932310114092
66825,6,"P2",NA,"C",30.6,22.95,26.05,0,"N",0.000491932310114092
66826,6,"P2",NA,"C",30.6,22.95,26.05,0,"N",0.000491932310114092
66827,6,"P2",NA,"C",21.8,16.35,18.55,0,"N",0.000491932310114092
66828,6,"P2",NA,"C",52.45,39.35,44.6,0,"N",0.000491932310114092
66829,6,"P2",NA,"C",58.5,43.9,49.75,0,"N",0.000491932310114092
66830,6,"P2",NA,"C",58.5,43.9,49.75,0,"N",0.000491932310114092
66831,6,"P2",NA,"C",30.95,23.25,26.35,0,"N",0.000491932310114092
66832,6,"P2",NA,"C",30.95,23.25,26.35,0,"N",0.000491932310114092
66833,6,"P2",NA,"C",30.05,22.55,25.55,0,"N",0.000491932310114092
66834,6,"P2",NA,"C",30.05,22.55,25.55,0,"N",0.000491932310114092
66835,6,"P2",NA,"C",39.05,29.3,33.2,0,"N",0.000491932310114092
66836,6,"P2",NA,"C",39.05,29.3,33.2,0,"N",0.000491932310114092
66837,6,"P2",NA,"C",39.05,29.3,33.2,0,"N",0.000491932310114092
66838,6,"P2",NA,"C",23.6,17.7,20.1,0,"N",0.000491932310114092
66839,6,"P2",NA,"C",42.95,32.25,36.55,0,"N",0.000491932310114092
66840,6,"P2",NA,"C",23.6,17.7,20.1,0,"N",0.000491932310114092
66841,6,"P2",NA,"C",16.8,12.6,14.3,0,"N",0.000491932310114092
66842,6,"P2",NA,"C",23.6,17.7,20.1,0,"N",0.000491932310114092
66900,6,"P2",NA,"C",77.65,58.25,66.05,0,"N",0.000491932310114092
69300,6,"P3",NA,"C",12.5,9.4,10.65,0,"N",0.000491932310114092
69303,6,"P3",NA,"C",22,16.5,18.7,0,"N",0.000491932310114092
69306,6,"P3",NA,"C",33.75,25.35,28.7,0,"N",0.000491932310114092
69309,6,"P3",NA,"C",48.15,36.15,40.95,0,"N",0.000491932310114092
69312,6,"P3",NA,"C",33.75,25.35,28.7,0,"N",0.000491932310114092
69316,6,"P3",NA,"C",28.65,21.5,24.4,0,"N",0.000491932310114092
69317,6,"P3",NA,"C",35.85,26.9,30.5,0,"N",0.000491932310114092
69318,6,"P3",NA,"C",33.75,25.35,28.7,0,"N",0.000491932310114092
69319,6,"P3",NA,"C",42.95,32.25,36.55,0,"N",0.000491932310114092
69321,6,"P3",NA,"C",48.15,36.15,40.95,0,"N",0.000491932310114092
69324,6,"P3",NA,"C",43,32.25,36.55,0,"N",0.000491932310114092
69325,6,"P3",NA,"C",43,32.25,36.55,0,"N",0.000491932310114092
69327,6,"P3",NA,"C",85,63.75,72.25,0,"N",0.000491932310114092
69328,6,"P3",NA,"C",85,63.75,72.25,0,"N",0.000491932310114092
69330,6,"P3",NA,"C",128,96,108.8,0,"N",0.000491932310114092
69331,6,"P3",NA,"C",128,96,108.8,0,"N",0.000491932310114092
69333,6,"P3",NA,"C",20.55,15.45,17.5,0,"N",0.000491932310114092
69336,6,"P3",NA,"C",33.45,25.1,28.45,0,"N",0.000491932310114092
69339,6,"P3",NA,"C",19.1,14.35,16.25,0,"N",0.000491932310114092
69345,6,"P3",NA,"C",52.9,39.7,45,0,"N",0.000491932310114092
69354,6,"P3",NA,"C",30.75,23.1,26.15,0,"N",0.000491932310114092
69357,6,"P3",NA,"C",61.45,46.1,52.25,0,"N",0.000491932310114092
69360,6,"P3",NA,"C",92.2,69.15,78.4,0,"N",0.000491932310114092
69363,6,"P3",NA,"C",28.65,21.5,24.4,0,"N",0.000491932310114092
69378,6,"P3",NA,"C",180.25,135.2,153.25,0,"N",0.000491932310114092
69379,6,"P3",NA,"C",180.25,135.2,153.25,0,"N",0.000491932310114092
69380,6,"P3",NA,"C",770.3,577.75,667.9,0,"N",0.000491932310114092
69381,6,"P3",NA,"C",180.25,135.2,153.25,0,"N",0.000491932310114092
69382,6,"P3",NA,"C",180.25,135.2,153.25,0,"N",0.000491932310114092
69383,6,"P3",NA,"C",180.25,135.2,153.25,0,"N",0.000491932310114092
69384,6,"P3",NA,"C",15.65,11.75,13.35,0,"N",0.000491932310114092
69387,6,"P3",NA,"C",29,21.75,24.65,0,"N",0.000491932310114092
69390,6,"P3",NA,"C",42.35,31.8,36,0,"N",0.000491932310114092
69393,6,"P3",NA,"C",55.7,41.8,47.35,0,"N",0.000491932310114092
69396,6,"P3",NA,"C",69.1,51.85,58.75,0,"N",0.000491932310114092
69400,6,"P3",NA,"C",15.65,11.75,13.35,0,"N",0.000491932310114092
69401,6,"P3",NA,"C",13.35,10.05,11.35,0,"N",0.000491932310114092
69405,6,"P3",NA,"C",15.65,11.75,13.35,0,"N",0.000491932310114092
69408,6,"P3",NA,"C",29,21.75,24.65,0,"N",0.000491932310114092
69411,6,"P3",NA,"C",42.35,31.8,36,0,"N",0.000491932310114092
69413,6,"P3",NA,"C",55.7,41.8,47.35,0,"N",0.000491932310114092
69415,6,"P3",NA,"C",69.1,51.85,58.75,0,"N",0.000491932310114092
69421,6,"P3",NA,"C",78.25,58.7,66.55,0,"N",0.000491932310114092
69422,6,"P3",NA,"C",85.55,64.2,72.75,0,"N",0.000491932310114092
69445,6,"P3",NA,"C",92.2,69.15,78.4,0,"N",0.000491932310114092
69451,6,"P3",NA,"C",92.2,69.15,78.4,0,"N",0.000491932310114092
69471,6,"P3",NA,"C",34.9,26.2,29.7,0,"N",0.000491932310114092
69472,6,"P3",NA,"C",15.65,11.75,13.35,0,"N",0.000491932310114092
69474,6,"P3",NA,"C",28.65,21.5,24.4,0,"N",0.000491932310114092
69475,6,"P3",NA,"C",15.65,11.75,13.35,0,"N",0.000491932310114092
69478,6,"P3",NA,"C",29.25,21.95,24.9,0,"N",0.000491932310114092
69481,6,"P3",NA,"C",40.55,30.45,34.5,0,"N",0.000491932310114092
69482,6,"P3",NA,"C",152.1,114.1,129.3,0,"N",0.000491932310114092
69483,6,"P3",NA,"C",152.1,114.1,129.3,0,"N",0.000491932310114092
69484,6,"P3",NA,"C",17.1,12.85,14.55,0,"N",0.000491932310114092
69488,6,"P3",NA,"C",180.25,135.2,153.25,0,"N",0.000491932310114092
69489,6,"P3",NA,"C",180.25,135.2,153.25,0,"N",0.000491932310114092
69491,6,"P3",NA,"C",204.8,153.6,174.1,0,"N",0.000491932310114092
69492,6,"P3",NA,"C",204.8,153.6,174.1,0,"N",0.000491932310114092
69494,6,"P3",NA,"C",28.65,21.5,24.4,0,"N",0.000491932310114092
69495,6,"P3",NA,"C",35.85,26.9,30.5,0,"N",0.000491932310114092
69496,6,"P3",NA,"C",43.05,32.3,36.6,0,"N",0.000491932310114092
69497,6,"P3",NA,"C",28.65,21.5,24.4,0,"N",0.000491932310114092
69498,6,"P3",NA,"C",7.2,5.4,6.15,0,"N",0.000491932310114092
69499,6,"P3",NA,"C",92.2,69.15,78.4,0,"N",0.000491932310114092
69500,6,"P3",NA,"C",92.2,69.15,78.4,0,"N",0.000491932310114092
69505,6,"P3",NA,"C",150,112.5,127.5,0,"N",0.000491932310114092
71057,6,"P4",NA,"C",33.7,25.3,28.65,0,"N",0.000491932310114092
71058,6,"P4",NA,"C",51.7,38.8,43.95,0,"N",0.000491932310114092
71059,6,"P4",NA,"C",36.5,27.4,31.05,0,"N",0.000491932310114092
71060,6,"P4",NA,"C",45.1,33.85,38.35,0,"N",0.000491932310114092
71062,6,"P4",NA,"C",45.1,33.85,38.35,0,"N",0.000491932310114092
71064,6,"P4",NA,"C",21.25,15.95,18.1,0,"N",0.000491932310114092
71066,6,"P4",NA,"C",14.9,11.2,12.7,0,"N",0.000491932310114092
71068,6,"P4",NA,"C",14.9,11.2,12.7,0,"N",0.000491932310114092
71069,6,"P4",NA,"C",23.3,17.5,19.85,0,"N",0.000491932310114092
71071,6,"P4",NA,"C",31.7,23.8,26.95,0,"N",0.000491932310114092
71072,6,"P4",NA,"C",14.9,11.2,12.7,0,"N",0.000491932310114092
71073,6,"P4",NA,"C",108.7,81.55,92.4,0,"N",0.000491932310114092
71074,6,"P4",NA,"C",14.9,11.2,12.7,0,"N",0.000491932310114092
71075,6,"P4",NA,"C",23.55,17.7,20.05,0,"N",0.000491932310114092
71076,6,"P4",NA,"C",108.7,81.55,92.4,0,"N",0.000491932310114092
71077,6,"P4",NA,"C",27.7,20.8,23.55,0,"N",0.000491932310114092
71079,6,"P4",NA,"C",27.45,20.6,23.35,0,"N",0.000491932310114092
71081,6,"P4",NA,"C",41.5,31.15,35.3,0,"N",0.000491932310114092
71083,6,"P4",NA,"C",20.65,15.5,17.6,0,"N",0.000491932310114092
71085,6,"P4",NA,"C",29.65,22.25,25.25,0,"N",0.000491932310114092
71087,6,"P4",NA,"C",38.6,28.95,32.85,0,"N",0.000491932310114092
71089,6,"P4",NA,"C",29.85,22.4,25.4,0,"N",0.000491932310114092
71090,6,"P4",NA,"C",29.85,22.4,25.4,0,"N",0.000491932310114092
71091,6,"P4",NA,"C",54.1,40.6,46,0,"N",0.000491932310114092
71092,6,"P4",NA,"C",24.25,18.2,20.65,0,"N",0.000491932310114092
71093,6,"P4",NA,"C",78.3,58.75,66.6,0,"N",0.000491932310114092
71095,6,"P4",NA,"C",41.5,31.15,35.3,0,"N",0.000491932310114092
71096,6,"P4",NA,"C",41.5,31.15,35.3,0,"N",0.000491932310114092
71097,6,"P4",NA,"C",25.05,18.8,21.3,0,"N",0.000491932310114092
71099,6,"P4",NA,"C",27.15,20.4,23.1,0,"N",0.000491932310114092
71101,6,"P4",NA,"C",17.8,13.35,15.15,0,"N",0.000491932310114092
71103,6,"P4",NA,"C",53.3,40,45.35,0,"N",0.000491932310114092
71106,6,"P4",NA,"C",11.55,8.7,9.85,0,"N",0.000491932310114092
71119,6,"P4",NA,"C",17.75,13.35,15.1,0,"N",0.000491932310114092
71121,6,"P4",NA,"C",21.3,16,18.15,0,"N",0.000491932310114092
71123,6,"P4",NA,"C",24.85,18.65,21.15,0,"N",0.000491932310114092
71125,6,"P4",NA,"C",28.3,21.25,24.1,0,"N",0.000491932310114092
71127,6,"P4",NA,"C",180.6,135.45,153.55,0,"N",0.000491932310114092
71129,6,"P4",NA,"C",223.1,167.35,189.65,0,"N",0.000491932310114092
71131,6,"P4",NA,"C",265.55,199.2,225.75,0,"N",0.000491932310114092
71133,6,"P4",NA,"C",10.65,8,9.1,0,"N",0.000491932310114092
71134,6,"P4",NA,"C",106.55,79.95,90.6,0,"N",0.000491932310114092
71135,6,"P4",NA,"C",212.95,159.75,181.05,0,"N",0.000491932310114092
71137,6,"P4",NA,"C",31,23.25,26.35,0,"N",0.000491932310114092
71139,6,"P4",NA,"C",106.55,79.95,90.6,0,"N",0.000491932310114092
71141,6,"P4",NA,"C",202.1,151.6,171.8,0,"N",0.000491932310114092
71143,6,"P4",NA,"C",266.25,199.7,226.35,0,"N",0.000491932310114092
71145,6,"P4",NA,"C",434.7,326.05,369.5,0,"N",0.000491932310114092
71146,6,"P4",NA,"C",106.55,79.95,90.6,0,"N",0.000491932310114092
71147,6,"P4",NA,"C",41.5,31.15,35.3,0,"N",0.000491932310114092
71148,6,"P4",NA,"C",41.5,31.15,35.3,0,"N",0.000491932310114092
71149,6,"P4",NA,"C",110.85,83.15,94.25,0,"N",0.000491932310114092
71151,6,"P4",NA,"C",121.7,91.3,103.45,0,"N",0.000491932310114092
71153,6,"P4",NA,"C",35.4,26.55,30.1,0,"N",0.000491932310114092
71154,6,"P4",NA,"C",35.4,26.55,30.1,0,"N",0.000491932310114092
71155,6,"P4",NA,"C",48.6,36.45,41.35,0,"N",0.000491932310114092
71156,6,"P4",NA,"C",13.15,9.9,11.2,0,"N",0.000491932310114092
71157,6,"P4",NA,"C",61.75,46.35,52.5,0,"N",0.000491932310114092
71159,6,"P4",NA,"C",74.9,56.2,63.7,0,"N",0.000491932310114092
71163,6,"P4",NA,"C",25.35,19.05,21.55,0,"N",0.000491932310114092
71164,6,"P4",NA,"C",40.85,30.65,34.75,0,"N",0.000491932310114092
71165,6,"P4",NA,"C",35.4,26.55,30.1,0,"N",0.000491932310114092
71166,6,"P4",NA,"C",48.6,36.45,41.35,0,"N",0.000491932310114092
71167,6,"P4",NA,"C",61.75,46.35,52.5,0,"N",0.000491932310114092
71168,6,"P4",NA,"C",74.9,56.2,63.7,0,"N",0.000491932310114092
71169,6,"P4",NA,"C",35.4,26.55,30.1,0,"N",0.000491932310114092
71170,6,"P4",NA,"C",13.15,9.9,11.2,0,"N",0.000491932310114092
71175,6,"P4",NA,"C",51.2,38.4,43.55,0,"N",0.000491932310114092
71180,6,"P4",NA,"C",35.4,26.55,30.1,0,"N",0.000491932310114092
71183,6,"P4",NA,"C",48.6,36.45,41.35,0,"N",0.000491932310114092
71186,6,"P4",NA,"C",61.75,46.35,52.5,0,"N",0.000491932310114092
71189,6,"P4",NA,"C",15.85,11.9,13.5,0,"N",0.000491932310114092
71192,6,"P4",NA,"C",29.05,21.8,24.7,0,"N",0.000491932310114092
71195,6,"P4",NA,"C",41,30.75,34.85,0,"N",0.000491932310114092
71198,6,"P4",NA,"C",41.5,31.15,35.3,0,"N",0.000491932310114092
71200,6,"P4",NA,"C",61.05,45.8,51.9,0,"N",0.000491932310114092
71202,6,"P4",NA,"C",563.2,422.4,478.75,0,"N",0.000491932310114092
71203,6,"P4",NA,"C",41.5,31.15,35.3,0,"N",0.000491932310114092
72813,6,"P5",NA,"C",73.2,54.9,62.25,0,"N",0.000491932310114092
72814,6,"P5",NA,"C",76.3,57.25,64.9,0,"N",0.000491932310114092
72816,6,"P5",NA,"C",88.4,66.3,75.15,0,"N",0.000491932310114092
72817,6,"P5",NA,"C",99.1,74.35,84.25,0,"N",0.000491932310114092
72818,6,"P5",NA,"C",109.6,82.2,93.2,0,"N",0.000491932310114092
72823,6,"P5",NA,"C",99.5,74.65,84.6,0,"N",0.000491932310114092
72824,6,"P5",NA,"C",144.75,108.6,123.05,0,"N",0.000491932310114092
72825,6,"P5",NA,"C",184.6,138.45,156.95,0,"N",0.000491932310114092
72826,6,"P5",NA,"C",199.25,149.45,169.4,0,"N",0.000491932310114092
72827,6,"P5",NA,"C",213.95,160.5,181.9,0,"N",0.000491932310114092
72828,6,"P5",NA,"C",228.65,171.5,194.4,0,"N",0.000491932310114092
72830,6,"P5",NA,"C",280.75,210.6,238.65,0,"N",0.000491932310114092
72836,6,"P5",NA,"C",427.2,320.4,363.15,0,"N",0.000491932310114092
72838,6,"P5",NA,"C",478.05,358.55,406.35,0,"N",0.000491932310114092
72844,6,"P5",NA,"C",31.5,23.65,26.8,0,"N",0.000491932310114092
72846,6,"P5",NA,"C",61.05,45.8,51.9,0,"N",0.000491932310114092
72847,6,"P5",NA,"C",91.55,68.7,77.85,0,"N",0.000491932310114092
72848,6,"P5",NA,"C",76.3,57.25,64.9,0,"N",0.000491932310114092
72849,6,"P5",NA,"C",106.8,80.1,90.8,0,"N",0.000491932310114092
72850,6,"P5",NA,"C",122.05,91.55,103.75,0,"N",0.000491932310114092
72851,6,"P5",NA,"C",578.55,433.95,491.8,0,"N",0.000491932310114092
72852,6,"P5",NA,"C",771.05,578.3,668.65,0,"N",0.000491932310114092
72855,6,"P5",NA,"C",188.75,141.6,160.45,0,"N",0.000491932310114092
72856,6,"P5",NA,"C",251.7,188.8,213.95,0,"N",0.000491932310114092
72857,6,"P5",NA,"C",293.65,220.25,249.65,0,"N",0.000491932310114092
72858,6,"P5",NA,"C",184.3,138.25,156.7,0,"N",0.000491932310114092
72859,6,"P5",NA,"C",378.9,284.2,322.1,0,"N",0.000491932310114092
72860,6,"P5",NA,"C",87.05,65.3,74,0,"N",0.000491932310114092
73043,6,"P6",NA,"C",23.4,17.55,19.9,0,"N",0.000491932310114092
73045,6,"P6",NA,"C",49.75,37.35,42.3,0,"N",0.000491932310114092
73047,6,"P6",NA,"C",96.95,72.75,82.45,0,"N",0.000491932310114092
73049,6,"P6",NA,"C",69.8,52.35,59.35,0,"N",0.000491932310114092
73051,6,"P6",NA,"C",174.45,130.85,148.3,0,"N",0.000491932310114092
73059,6,"P6",NA,"C",44.05,33.05,37.45,0,"N",0.000491932310114092
73060,6,"P6",NA,"C",58.75,44.1,49.95,0,"N",0.000491932310114092
73061,6,"P6",NA,"C",52.45,39.35,44.6,0,"N",0.000491932310114092
73062,6,"P6",NA,"C",91.15,68.4,77.5,0,"N",0.000491932310114092
73063,6,"P6",NA,"C",101.75,76.35,86.5,0,"N",0.000491932310114092
73064,6,"P6",NA,"C",73.4,55.05,62.4,0,"N",0.000491932310114092
73065,6,"P6",NA,"C",88.05,66.05,74.85,0,"N",0.000491932310114092
73066,6,"P6",NA,"C",226.75,170.1,192.75,0,"N",0.000491932310114092
73067,6,"P6",NA,"C",132.25,99.2,112.45,0,"N",0.000491932310114092
73070,6,"P6",NA,"C",35.85,26.9,30.5,0,"N",0.000491932310114092
73071,6,"P6",NA,"C",35.85,26.9,30.5,0,"N",0.000491932310114092
73072,6,"P6",NA,"C",35.85,26.9,30.5,0,"N",0.000491932310114092
73074,6,"P6",NA,"C",35.85,26.9,30.5,0,"N",0.000491932310114092
73075,6,"P6",NA,"C",35.85,26.9,30.5,0,"N",0.000491932310114092
73076,6,"P6",NA,"C",47.1,35.35,40.05,0,"N",0.000491932310114092
73287,6,"P7",NA,"C",394.55,295.95,335.4,0,"N",0.000491932310114092
73289,6,"P7",NA,"C",358.95,269.25,305.15,0,"N",0.000491932310114092
73290,6,"P7",NA,"C",394.55,295.95,335.4,0,"N",0.000491932310114092
73291,6,"P7",NA,"C",230.95,173.25,196.35,0,"N",0.000491932310114092
73292,6,"P7",NA,"C",589.9,442.45,501.45,0,"N",0.000491932310114092
73293,6,"P7",NA,"C",230.95,173.25,196.35,0,"N",0.000491932310114092
73294,6,"P7",NA,"C",230.95,173.25,196.35,0,"N",0.000491932310114092
73295,6,"P7",NA,"C",1200,900,1097.6,0,"N",0.000491932310114092
73296,6,"P7",NA,"C",1200,900,1097.6,0,"N",0.000491932310114092
73297,6,"P7",NA,"C",400,300,340,0,"N",0.000491932310114092
73298,6,"P7",NA,"C",1200,900,1097.6,0,"N",0.000491932310114092
73299,6,"P7",NA,"C",400,300,340,0,"N",0.000491932310114092
73300,6,"P7",NA,"C",101.3,76,86.15,0,"N",0.000491932310114092
73301,6,"P7",NA,"C",1200,900,1097.6,0,"N",0.000491932310114092
73302,6,"P7",NA,"C",400,300,340,0,"N",0.000491932310114092
73303,6,"P7",NA,"C",1000,750,897.6,0,"N",0.000491932310114092
73304,6,"P7",NA,"C",1000,750,897.6,0,"N",0.000491932310114092
73305,6,"P7",NA,"C",202.65,152,172.3,0,"N",0.000491932310114092
73306,6,"P7",NA,"C",1200,900,1097.6,0,"N",0.000491932310114092
73307,6,"P7",NA,"C",3000,2250,2897.6,0,"N",0.000491932310114092
73308,6,"P7",NA,"C",36.45,27.35,31,0,"N",0.000491932310114092
73309,6,"P7",NA,"C",36.45,27.35,31,0,"N",0.000491932310114092
73310,6,"P7",NA,"C",1550,1162.5,1447.6,0,"N",0.000491932310114092
73311,6,"P7",NA,"C",36.45,27.35,31,0,"N",0.000491932310114092
73312,6,"P7",NA,"C",36.45,27.35,31,0,"N",0.000491932310114092
73313,6,"P7",NA,"C",3000,2250,2897.6,0,"N",0.000491932310114092
73314,6,"P7",NA,"C",230.95,173.25,196.35,0,"N",0.000491932310114092
73315,6,"P7",NA,"C",230.95,173.25,196.35,0,"N",0.000491932310114092
73316,6,"P7",NA,"C",780,585,677.6,0,"N",0.000491932310114092
73317,6,"P7",NA,"C",36.45,27.35,31,0,"N",0.000491932310114092
73318,6,"P7",NA,"C",36.45,27.35,31,0,"N",0.000491932310114092
73319,6,"P7",NA,"C",340,255,289,0,"N",0.000491932310114092
73320,6,"P7",NA,"C",40.55,30.45,34.5,0,"N",0.000491932310114092
73321,6,"P7",NA,"C",40.55,30.45,34.5,0,"N",0.000491932310114092
73323,6,"P7",NA,"C",40.55,30.45,34.5,0,"N",0.000491932310114092
73324,6,"P7",NA,"C",40.95,30.75,34.85,0,"N",0.000491932310114092
73325,6,"P7",NA,"C",90,67.5,76.5,0,"N",0.000491932310114092
73326,6,"P7",NA,"C",230.95,173.25,196.35,0,"N",0.000491932310114092
73327,6,"P7",NA,"C",51.95,39,44.2,0,"N",0.000491932310114092
73332,6,"P7",NA,"C",315.4,236.55,268.1,0,"N",0.000491932310114092
73333,6,"P7",NA,"C",600,450,510,0,"N",0.000491932310114092
73334,6,"P7",NA,"C",340,255,289,0,"N",0.000491932310114092
73335,6,"P7",NA,"C",470,352.5,399.5,0,"N",0.000491932310114092
73336,6,"P7",NA,"C",230.95,173.25,196.35,0,"N",0.000491932310114092
73337,6,"P7",NA,"C",397.35,298.05,337.75,0,"N",0.000491932310114092
73338,6,"P7",NA,"C",362.6,271.95,308.25,0,"N",0.000491932310114092
73339,6,"P7",NA,"C",400,300,340,0,"N",0.000491932310114092
73340,6,"P7",NA,"C",200,150,170,0,"N",0.000491932310114092
73341,6,"P7",NA,"C",400,300,340,0,"N",0.000491932310114092
73342,6,"P7",NA,"C",315.4,236.55,268.1,0,"N",0.000491932310114092
73343,6,"P7",NA,"C",589.9,442.45,501.45,0,"N",0.000491932310114092
73344,6,"P7",NA,"C",400,300,340,0,"N",0.000491932310114092
73345,6,"P7",NA,"C",500,375,425,0,"N",0.000491932310114092
73346,6,"P7",NA,"C",500,375,425,0,"N",0.000491932310114092
73347,6,"P7",NA,"C",500,375,425,0,"N",0.000491932310114092
73348,6,"P7",NA,"C",250,187.5,212.5,0,"N",0.000491932310114092
73349,6,"P7",NA,"C",500,375,425,0,"N",0.000491932310114092
73350,6,"P7",NA,"C",250,187.5,212.5,0,"N",0.000491932310114092
73351,6,"P7",NA,"C",397.35,298.05,337.75,0,"N",0.000491932310114092
73352,6,"P7",NA,"C",1200,900,1097.6,0,"N",0.000491932310114092
73353,6,"P7",NA,"C",400,300,340,0,"N",0.000491932310114092
73354,6,"P7",NA,"C",1200,900,1097.6,0,"N",0.000491932310114092
73355,6,"P7",NA,"C",1200,900,1097.6,0,"N",0.000491932310114092
73356,6,"P7",NA,"C",1200,900,1097.6,0,"N",0.000491932310114092
73357,6,"P7",NA,"C",400,300,340,0,"N",0.000491932310114092
73358,6,"P7",NA,"C",2100,1575,1997.6,0,"N",0.000491932310114092
73359,6,"P7",NA,"C",2900,2175,2797.6,0,"N",0.000491932310114092
73360,6,"P7",NA,"C",500,375,425,0,"N",0.000491932310114092
73361,6,"P7",NA,"C",400,300,340,0,"N",0.000491932310114092
73362,6,"P7",NA,"C",400,300,340,0,"N",0.000491932310114092
73363,6,"P7",NA,"C",400,300,340,0,"N",0.000491932310114092
73364,6,"P7",NA,"C",400,300,340,0,"N",0.000491932310114092
73365,6,"P7",NA,"C",340,255,289,0,"N",0.000491932310114092
73366,6,"P7",NA,"C",400,300,340,0,"N",0.000491932310114092
73367,6,"P7",NA,"C",340,255,289,0,"N",0.000491932310114092
73368,6,"P7",NA,"C",400,300,340,0,"N",0.000491932310114092
73369,6,"P7",NA,"C",400,300,340,0,"N",0.000491932310114092
73370,6,"P7",NA,"C",500,375,425,0,"N",0.000491932310114092
73371,6,"P7",NA,"C",340,255,289,0,"N",0.000491932310114092
73372,6,"P7",NA,"C",340,255,289,0,"N",0.000491932310114092
73373,6,"P7",NA,"C",400,300,340,0,"N",0.000491932310114092
73374,6,"P7",NA,"C",340,255,289,0,"N",0.000491932310114092
73375,6,"P7",NA,"C",400,300,340,0,"N",0.000491932310114092
73376,6,"P7",NA,"C",800,600,697.6,0,"N",0.000491932310114092
73377,6,"P7",NA,"C",250,187.5,212.5,0,"N",0.000491932310114092
73378,6,"P7",NA,"C",340,255,289,0,"N",0.000491932310114092
73379,6,"P7",NA,"C",340,255,289,0,"N",0.000491932310114092
73380,6,"P7",NA,"C",340,255,289,0,"N",0.000491932310114092
73381,6,"P7",NA,"C",340,255,289,0,"N",0.000491932310114092
73382,6,"P7",NA,"C",340,255,289,0,"N",0.000491932310114092
73383,6,"P7",NA,"C",400,300,340,0,"N",0.000491932310114092
73384,6,"P7",NA,"C",1736,1302,1633.6,0,"N",0.000491932310114092
73385,6,"P7",NA,"C",635,476.25,539.75,0,"N",0.000491932310114092
73386,6,"P7",NA,"C",1270,952.5,1167.6,0,"N",0.000491932310114092
73387,6,"P7",NA,"C",1905,1428.75,1802.6,0,"N",0.000491932310114092
73388,6,"P7",NA,"C",589.9,442.45,501.45,0,"N",0.000491932310114092
73389,6,"P7",NA,"C",340,255,289,0,"N",0.000491932310114092
73391,6,"P7",NA,"C",589.9,442.45,501.45,0,"N",0.000491932310114092
73392,6,"P7",NA,"C",1200,900,1097.6,0,"N",0.000491932310114092
73393,6,"P7",NA,"C",400,300,340,0,"N",0.000491932310114092
73394,6,"P7",NA,"C",1200,900,1097.6,0,"N",0.000491932310114092
73395,6,"P7",NA,"C",500,375,425,0,"N",0.000491932310114092
73396,6,"P7",NA,"C",90,67.5,76.5,0,"N",0.000491932310114092
73397,6,"P7",NA,"C",200,150,170,0,"N",0.000491932310114092
73398,6,"P7",NA,"C",420,315,357,0,"N",0.000491932310114092
73399,6,"P7",NA,"C",700,525,597.6,0,"N",0.000491932310114092
73401,6,"P7",NA,"C",2100,1575,1997.6,0,"N",0.000491932310114092
73402,6,"P7",NA,"C",2100,1575,1997.6,0,"N",0.000491932310114092
73403,6,"P7",NA,"C",500,375,425,0,"N",0.000491932310114092
73404,6,"P7",NA,"C",400,300,340,0,"N",0.000491932310114092
73405,6,"P7",NA,"C",1200,900,1097.6,0,"N",0.000491932310114092
73406,6,"P7",NA,"C",400,300,340,0,"N",0.000491932310114092
73410,6,"P7",NA,"C",100,75,85,0,"N",0.000491932310114092
73411,6,"P7",NA,"C",400,300,340,0,"N",0.000491932310114092
73412,6,"P7",NA,"C",250,187.5,212.5,0,"N",0.000491932310114092
73413,6,"P7",NA,"C",250,187.5,212.5,0,"N",0.000491932310114092
73416,6,"P7",NA,"C",1200,900,1097.6,0,"N",0.000491932310114092
73417,6,"P7",NA,"C",400,300,340,0,"N",0.000491932310114092
73418,6,"P7",NA,"C",1200,900,1097.6,0,"N",0.000491932310114092
73419,6,"P7",NA,"C",500,375,425,0,"N",0.000491932310114092
73420,6,"P7",NA,"C",150.4,112.8,127.85,0,"N",0.000491932310114092
73421,6,"P7",NA,"C",550,412.5,467.5,0,"N",0.000491932310114092
73422,6,"P7",NA,"C",1200,900,1097.6,0,"N",0.000491932310114092
73423,6,"P7",NA,"C",500,375,425,0,"N",0.000491932310114092
73424,6,"P7",NA,"C",1600,1200,1497.6,0,"N",0.000491932310114092
73425,6,"P7",NA,"C",1800,1350,1697.6,0,"N",0.000491932310114092
73426,6,"P7",NA,"C",2400,1800,2297.6,0,"N",0.000491932310114092
73427,6,"P7",NA,"C",1200,900,1097.6,0,"N",0.000491932310114092
73428,6,"P7",NA,"C",500,375,425,0,"N",0.000491932310114092
73429,6,"P7",NA,"C",887.9,665.95,785.5,0,"N",0.000491932310114092
73430,6,"P7",NA,"C",400,300,340,0,"N",0.000491932310114092
73431,6,"P7",NA,"C",533,399.75,453.05,0,"N",0.000491932310114092
73432,6,"P7",NA,"C",667,500.25,566.95,0,"N",0.000491932310114092
73433,6,"P7",NA,"C",1000,750,897.6,0,"N",0.000491932310114092
73434,6,"P7",NA,"C",392,294,333.2,0,"N",0.000491932310114092
73435,6,"P7",NA,"C",1000,750,897.6,0,"N",0.000491932310114092
73436,6,"P7",NA,"C",397.35,298.05,337.75,0,"N",0.000491932310114092
73437,6,"P7",NA,"C",1247,935.25,1144.6,0,"N",0.000491932310114092
73438,6,"P7",NA,"C",682.35,511.8,580,0,"N",0.000491932310114092
73439,6,"P7",NA,"C",682.35,511.8,580,0,"N",0.000491932310114092
73440,6,"P7",NA,"C",1200,900,1097.6,0,"N",0.000491932310114092
73441,6,"P7",NA,"C",2100,1575,1997.6,0,"N",0.000491932310114092
73442,6,"P7",NA,"C",500,375,425,0,"N",0.000491932310114092
73443,6,"P7",NA,"C",400,300,340,0,"N",0.000491932310114092
73444,6,"P7",NA,"C",1200,900,1097.6,0,"N",0.000491932310114092
73445,6,"P7",NA,"C",1100,825,997.6,0,"N",0.000491932310114092
73446,6,"P7",NA,"C",1100,825,997.6,0,"N",0.000491932310114092
73447,6,"P7",NA,"C",927.9,695.95,825.5,0,"N",0.000491932310114092
73448,6,"P7",NA,"C",927.9,695.95,825.5,0,"N",0.000491932310114092
73451,6,"P7",NA,"C",400,300,340,0,"N",0.000491932310114092
73452,6,"P7",NA,"C",400,300,340,0,"N",0.000491932310114092
73453,6,"P7",NA,"C",425,318.75,361.25,0,"N",0.000491932310114092
73454,6,"P7",NA,"C",1200,900,1097.6,0,"N",0.000491932310114092
73455,6,"P7",NA,"C",1600,1200,1497.6,0,"N",0.000491932310114092
73456,6,"P7",NA,"C",2100,1575,1997.6,0,"N",0.000491932310114092
73457,6,"P7",NA,"C",3300,2475,3197.6,0,"N",0.000491932310114092
73458,6,"P7",NA,"C",500,375,425,0,"N",0.000491932310114092
73459,6,"P7",NA,"C",1600,1200,1497.6,0,"N",0.000491932310114092
73460,6,"P7",NA,"C",450,337.5,382.5,0,"N",0.000491932310114092
73461,6,"P7",NA,"C",1200,900,1097.6,0,"N",0.000491932310114092
73462,6,"P7",NA,"C",400,300,340,0,"N",0.000491932310114092
73521,6,"P8",NA,"C",9.95,7.5,8.5,0,"N",0.000491932310114092
73523,6,"P8",NA,"C",42.75,32.1,36.35,0,"N",0.000491932310114092
73525,6,"P8",NA,"C",29.05,21.8,24.7,0,"N",0.000491932310114092
73527,6,"P8",NA,"C",10.25,7.7,8.75,0,"N",0.000491932310114092
73529,6,"P8",NA,"C",29.35,22.05,24.95,0,"N",0.000491932310114092
73801,6,"P9",NA,"C",6.9,5.2,5.9,0,"N",0.000491932310114092
73802,6,"P9",NA,"C",4.55,3.45,3.9,0,"N",0.000491932310114092
73803,6,"P9",NA,"C",6.35,4.8,5.4,0,"N",0.000491932310114092
73804,6,"P9",NA,"C",8.15,6.15,6.95,0,"N",0.000491932310114092
73805,6,"P9",NA,"C",4.55,3.45,3.9,0,"N",0.000491932310114092
73806,6,"P9",NA,"C",10.15,7.65,8.65,0,"N",0.000491932310114092
73807,6,"P9",NA,"C",6.9,5.2,5.9,0,"N",0.000491932310114092
73808,6,"P9",NA,"C",8.65,6.5,7.4,0,"N",0.000491932310114092
73809,6,"P9",NA,"C",2.35,1.8,2,0,"N",0.000491932310114092
73810,6,"P9",NA,"C",6.9,5.2,5.9,0,"N",0.000491932310114092
73811,6,"P9",NA,"C",11.2,8.4,9.55,0,"N",0.000491932310114092
73812,6,"P9",NA,"C",11.8,8.85,10.05,0,"N",0.000491932310114092
73813,6,"P9",NA,"B",117.65,0,100.05,0,"N",0.000491932310114092
73825,6,"P9",NA,"B",117.65,0,100.05,0,"N",0.000491932310114092
73826,6,"P9",NA,"C",11.8,8.85,10.05,0,"N",0.000491932310114092
73828,6,"P9",NA,"B",6.9,0,5.9,0,"N",0.000491932310114092
73829,6,"P9",NA,"B",4.55,0,3.9,0,"N",0.000491932310114092
73830,6,"P9",NA,"B",6.35,0,5.4,0,"N",0.000491932310114092
73831,6,"P9",NA,"B",8.15,0,6.95,0,"N",0.000491932310114092
73832,6,"P9",NA,"B",4.55,0,3.9,0,"N",0.000491932310114092
73833,6,"P9",NA,"B",10.15,0,8.65,0,"N",0.000491932310114092
73834,6,"P9",NA,"B",6.9,0,5.9,0,"N",0.000491932310114092
73835,6,"P9",NA,"B",8.65,0,7.4,0,"N",0.000491932310114092
73836,6,"P9",NA,"B",2.35,0,2,0,"N",0.000491932310114092
73837,6,"P9",NA,"B",6.9,0,5.9,0,"N",0.000491932310114092
73839,6,"P9",NA,"C",16.8,12.6,14.3,0,"N",0.000491932310114092
73840,6,"P9",NA,"C",17,12.75,14.45,0,"N",0.000491932310114092
73844,6,"P9",NA,"C",20.35,15.3,17.3,0,"N",0.000491932310114092
75002,7,"C1",NA,"C",99.75,74.85,84.8,0,"N",0.0010979358805445
75005,7,"C1",NA,"C",50.2,37.65,42.7,0,"N",0.0010979358805445
75007,7,"C1",NA,"C",88.9,66.7,75.6,0,"N",0.0010979358805445
75009,7,"C1",NA,"C",79.55,59.7,67.65,0,"N",0.0010979358805445
75010,7,"C1",NA,"C",151.8,113.85,129.05,0,"N",0.0010979358805445
75011,7,"C1",NA,"C",197.9,148.45,168.25,0,"N",0.0010979358805445
75012,7,"C1",NA,"C",126.05,94.55,107.15,0,"N",0.0010979358805445
75015,7,"C1",NA,"C",173.25,129.95,147.3,0,"N",0.0010979358805445
75023,7,"C1",NA,"C",54.15,40.65,46.05,0,"N",0.0010979358805445
75024,7,"C1",NA,"C",700.05,525.05,597.65,0,"N",0.0010979358805445
75027,7,"C1",NA,"C",959.95,720,857.55,0,"N",0.0010979358805445
75030,7,"C1",NA,"C",854.75,641.1,752.35,0,"N",0.0010979358805445
75032,7,"C1",NA,"C",1924.45,1443.35,1822.05,0,"N",0.0010979358805445
75034,7,"C1",NA,"C",713.05,534.8,610.65,0,"N",0.0010979358805445
75039,7,"C1",NA,"C",647.8,485.85,550.65,0,"N",0.0010979358805445
75042,7,"C1",NA,"C",242.1,181.6,205.8,0,"N",0.0010979358805445
75045,7,"C1",NA,"C",1296.7,972.55,1194.3,0,"N",0.0010979358805445
75048,7,"C1",NA,"C",332.55,249.45,282.7,0,"N",0.0010979358805445
75049,7,"C1",NA,"C",389.2,291.9,330.85,0,"N",0.0010979358805445
75050,7,"C1",NA,"C",751.3,563.5,648.9,0,"N",0.0010979358805445
75051,7,"C1",NA,"C",1153.35,865.05,1050.95,0,"N",0.0010979358805445
75200,7,"C1",NA,"C",64.05,48.05,54.45,0,"N",0.0010979358805445
75203,7,"C1",NA,"A",96.1,72.1,0,0,"N",0.0010979358805445
75206,7,"C1",NA,"C",31.9,23.95,27.15,0,"N",0.0010979358805445
75400,7,"C1",NA,"C",192.2,144.15,163.4,0,"N",0.0010979358805445
75402,7,"C1",NA,"C",189.95,142.5,161.5,0,"N",0.0010979358805445
75405,7,"C1",NA,"C",242.9,182.2,206.5,0,"N",0.0010979358805445
75600,7,"C1",NA,"C",270.7,203.05,230.1,0,"N",0.0010979358805445
75603,7,"C1",NA,"C",318.2,238.65,270.5,0,"N",0.0010979358805445
75606,7,"C1",NA,"C",318.2,238.65,270.5,0,"N",0.0010979358805445
75609,7,"C1",NA,"C",475.05,356.3,403.8,0,"N",0.0010979358805445
75610,7,"C1",NA,"C",402.75,302.1,342.35,0,"N",0.0010979358805445
75618,7,"C1",NA,"C",270.15,202.65,229.65,0,"N",0.0010979358805445
75621,7,"C1",NA,"C",270.15,202.65,229.65,0,"N",0.0010979358805445
75800,7,"C1",NA,"C",96.1,72.1,81.7,0,"N",0.0010979358805445
75802,7,"C1",NA,"C",490.9,368.2,417.3,0,"N",0.0010979358805445
75815,7,"C1",NA,"C",724.35,543.3,621.95,0,"N",0.0010979358805445
75818,7,"C1",NA,"C",854.75,641.1,752.35,0,"N",0.0010979358805445
75820,7,"C1",NA,"C",851.9,638.95,749.5,0,"N",0.0010979358805445
75833,7,"C1",NA,"C",1234.65,926,1132.25,0,"N",0.0010979358805445
75836,7,"C1",NA,"C",1412.8,1059.6,1310.4,0,"N",0.0010979358805445
75842,7,"C1",NA,"C",47.5,35.65,40.4,0,"N",0.0010979358805445
75845,7,"C1",NA,"C",237.55,178.2,201.95,0,"N",0.0010979358805445
75848,7,"C1",NA,"C",284.9,213.7,242.2,0,"N",0.0010979358805445
75851,7,"C1",NA,"C",142.5,106.9,121.15,0,"N",0.0010979358805445
75854,7,"C1",NA,"C",142.5,106.9,121.15,0,"N",0.0010979358805445
10990,8,"M1",NA,"B",8.6,0,7.35,0,"N",7.18933103274687e-05
10991,8,"M1",NA,"B",13,0,11.05,0,"N",7.18933103274687e-05
10992,8,"M1",NA,"B",13,0,11.05,0,"N",7.18933103274687e-05
75855,8,"M1",NA,"B",13.75,0,11.7,0,"N",7.18933103274687e-05
75856,8,"M1",NA,"B",14.7,0,12.5,0,"N",7.18933103274687e-05
75857,8,"M1",NA,"B",15.45,0,13.15,0,"N",7.18933103274687e-05
75858,8,"M1",NA,"B",16.5,0,14.05,0,"N",7.18933103274687e-05
75870,8,"M1",NA,"B",25.7,0,21.85,0,"N",7.18933103274687e-05
75871,8,"M1",NA,"B",39.1,0,33.25,0,"N",7.18933103274687e-05
75872,8,"M1",NA,"B",39.1,0,33.25,0,"N",7.18933103274687e-05
75873,8,"M1",NA,"B",41.5,0,35.3,0,"N",7.18933103274687e-05
75874,8,"M1",NA,"B",44.15,0,37.55,0,"N",7.18933103274687e-05
75875,8,"M1",NA,"B",46.6,0,39.65,0,"N",7.18933103274687e-05
75876,8,"M1",NA,"B",49.45,0,42.05,0,"N",7.18933103274687e-05
75880,8,"M1",NA,"B",25.7,0,21.85,0,"N",7.18933103274687e-05
75881,8,"M1",NA,"B",39.1,0,33.25,0,"N",7.18933103274687e-05
75882,8,"M1",NA,"B",41.5,0,35.3,0,"N",7.18933103274687e-05
75883,8,"M1",NA,"B",44.15,0,37.55,0,"N",7.18933103274687e-05
75884,8,"M1",NA,"B",46.6,0,39.65,0,"N",7.18933103274687e-05
75885,8,"M1",NA,"B",49.45,0,42.05,0,"N",7.18933103274687e-05
82000,8,"M10",NA,"B",116.4,0,98.95,0,"N",7.18933103274687e-05
82001,8,"M10",NA,"B",57,0,48.45,0,"N",7.18933103274687e-05
82002,8,"M10",NA,"B",97.75,0,83.1,0,"N",7.18933103274687e-05
82003,8,"M10",NA,"B",162.6,0,138.25,0,"N",7.18933103274687e-05
82005,8,"M10",NA,"B",102.6,0,87.25,0,"N",7.18933103274687e-05
82010,8,"M10",NA,"B",102.6,0,87.25,0,"N",7.18933103274687e-05
82015,8,"M10",NA,"B",116.4,0,98.95,0,"N",7.18933103274687e-05
82020,8,"M10",NA,"B",102.6,0,87.25,0,"N",7.18933103274687e-05
82025,8,"M10",NA,"B",102.6,0,87.25,0,"N",7.18933103274687e-05
82030,8,"M10",NA,"B",102.6,0,87.25,0,"N",7.18933103274687e-05
82035,8,"M10",NA,"B",102.6,0,87.25,0,"N",7.18933103274687e-05
81300,8,"M11",NA,"B",72.65,0,61.8,0,"N",7.18933103274687e-05
81305,8,"M11",NA,"B",72.65,0,61.8,0,"N",7.18933103274687e-05
81310,8,"M11",NA,"B",72.65,0,61.8,0,"N",7.18933103274687e-05
81315,8,"M11",NA,"B",72.65,0,61.8,0,"N",7.18933103274687e-05
81320,8,"M11",NA,"B",72.65,0,61.8,0,"N",7.18933103274687e-05
81325,8,"M11",NA,"B",72.65,0,61.8,0,"N",7.18933103274687e-05
81330,8,"M11",NA,"B",72.65,0,61.8,0,"N",7.18933103274687e-05
81335,8,"M11",NA,"B",72.65,0,61.8,0,"N",7.18933103274687e-05
81340,8,"M11",NA,"B",72.65,0,61.8,0,"N",7.18933103274687e-05
81345,8,"M11",NA,"B",72.65,0,61.8,0,"N",7.18933103274687e-05
81350,8,"M11",NA,"B",72.65,0,61.8,0,"N",7.18933103274687e-05
81355,8,"M11",NA,"B",72.65,0,61.8,0,"N",7.18933103274687e-05
81360,8,"M11",NA,"B",72.65,0,61.8,0,"N",7.18933103274687e-05
10983,8,"M12",NA,"E",37.85,0,0,37.85,"N",7.18933103274687e-05
10987,8,"M12",NA,"E",27.95,0,0,27.95,"N",7.18933103274687e-05
10988,8,"M12",NA,"E",14,0,0,14,"N",7.18933103274687e-05
10989,8,"M12",NA,"E",14,0,0,14,"N",7.18933103274687e-05
10997,8,"M12",NA,"E",14,0,0,14,"N",7.18933103274687e-05
82100,8,"M13",NA,"B",86.75,0,73.75,0,"N",7.18933103274687e-05
82102,8,"M13",NA,"C",130.05,97.55,110.55,0,"N",7.18933103274687e-05
82103,8,"M13",NA,"A",239.8,179.85,0,0,"N",7.18933103274687e-05
82104,8,"M13",NA,"C",191.25,143.45,162.6,0,"N",7.18933103274687e-05
82105,8,"M13",NA,"C",37.75,28.35,32.1,0,"N",7.18933103274687e-05
82110,8,"M13",NA,"C",86.75,65.1,73.75,0,"N",7.18933103274687e-05
82115,8,"M13",NA,"B",372.1,0,316.3,0,"N",7.18933103274687e-05
82116,8,"M13",NA,"B",878.8,0,776.4,0,"N",7.18933103274687e-05
82118,8,"M13",NA,"A",878.8,659.1,0,0,"N",7.18933103274687e-05
82120,8,"M13",NA,"A",1757.65,1318.25,0,0,"N",7.18933103274687e-05
82123,8,"M13",NA,"A",878.8,659.1,0,0,"N",7.18933103274687e-05
82125,8,"M13",NA,"A",1757.65,1318.25,0,0,"N",7.18933103274687e-05
82127,8,"M13",NA,"A",878.8,659.1,0,0,"N",7.18933103274687e-05
82130,8,"M13",NA,"C",62.3,46.75,53,0,"N",7.18933103274687e-05
82135,8,"M13",NA,"C",127.5,95.65,108.4,0,"N",7.18933103274687e-05
82140,8,"M13",NA,"B",62.3,0,53,0,"N",7.18933103274687e-05
82200,8,"M14",NA,"B",14.55,0,12.4,0,"N",7.18933103274687e-05
82205,8,"M14",NA,"B",31.8,0,27.05,0,"N",7.18933103274687e-05
82210,8,"M14",NA,"B",60.25,0,51.25,0,"N",7.18933103274687e-05
82215,8,"M14",NA,"B",88.9,0,75.6,0,"N",7.18933103274687e-05
82216,8,"M14",NA,"B",134.35,0,114.2,0,"N",7.18933103274687e-05
82226,8,"M14",NA,"C",42.4,31.8,36.05,0,"N",7.18933103274687e-05
82227,8,"M14",NA,"C",54.2,40.65,46.1,0,"N",7.18933103274687e-05
82228,8,"M14",NA,"C",230.8,173.1,196.2,0,"N",7.18933103274687e-05
82300,8,"M15",NA,"B",179.6,0,152.7,0,"N",7.18933103274687e-05
82301,8,"M15",NA,"C",179.6,134.7,152.7,0,"N",7.18933103274687e-05
82302,8,"M15",NA,"B",179.6,0,152.7,0,"N",7.18933103274687e-05
82304,8,"M15",NA,"B",179.6,0,152.7,0,"N",7.18933103274687e-05
82306,8,"M15",NA,"B",20.4,0,17.35,0,"N",7.18933103274687e-05
82309,8,"M15",NA,"B",24.5,0,20.85,0,"N",7.18933103274687e-05
82312,8,"M15",NA,"B",34.7,0,29.5,0,"N",7.18933103274687e-05
82315,8,"M15",NA,"B",45.9,0,39.05,0,"N",7.18933103274687e-05
82318,8,"M15",NA,"B",56.7,0,48.2,0,"N",7.18933103274687e-05
82324,8,"M15",NA,"B",18.65,0,15.9,0,"N",7.18933103274687e-05
82332,8,"M15",NA,"B",54.7,0,46.5,0,"N",7.18933103274687e-05
82350,8,"M16",NA,"B",72.65,0,61.8,0,"N",7.18933103274687e-05
82352,8,"M16",NA,"B",116.4,0,98.95,0,"N",7.18933103274687e-05
82354,8,"M16",NA,"B",145.45,0,123.65,0,"N",7.18933103274687e-05
82355,8,"M16",NA,"B",170.85,0,145.25,0,"N",7.18933103274687e-05
82357,8,"M16",NA,"B",199.9,0,169.95,0,"N",7.18933103274687e-05
82358,8,"M16",NA,"B",43.35,0,36.85,0,"N",7.18933103274687e-05
82359,8,"M16",NA,"B",43.35,0,36.85,0,"N",7.18933103274687e-05
82360,8,"M16",NA,"B",82.5,0,70.15,0,"N",7.18933103274687e-05
82362,8,"M16",NA,"B",112.2,0,95.4,0,"N",7.18933103274687e-05
82363,8,"M16",NA,"B",116.4,0,98.95,0,"N",7.18933103274687e-05
82365,8,"M16",NA,"B",146.2,0,124.3,0,"N",7.18933103274687e-05
82366,8,"M16",NA,"B",29.7,0,25.25,0,"N",7.18933103274687e-05
82367,8,"M16",NA,"B",29.7,0,25.25,0,"N",7.18933103274687e-05
82368,8,"M16",NA,"B",72.65,0,61.8,0,"N",7.18933103274687e-05
82370,8,"M16",NA,"B",102.35,0,87,0,"N",7.18933103274687e-05
82371,8,"M16",NA,"B",102.6,0,87.25,0,"N",7.18933103274687e-05
82373,8,"M16",NA,"B",132.2,0,112.4,0,"N",7.18933103274687e-05
82374,8,"M16",NA,"B",26,0,22.1,0,"N",7.18933103274687e-05
82375,8,"M16",NA,"B",26,0,22.1,0,"N",7.18933103274687e-05
82376,8,"M16",NA,"B",72.65,0,61.8,0,"N",7.18933103274687e-05
82378,8,"M16",NA,"B",102.35,0,87,0,"N",7.18933103274687e-05
82379,8,"M16",NA,"B",102.6,0,87.25,0,"N",7.18933103274687e-05
82381,8,"M16",NA,"B",132.2,0,112.4,0,"N",7.18933103274687e-05
82382,8,"M16",NA,"B",26,0,22.1,0,"N",7.18933103274687e-05
82383,8,"M16",NA,"B",26,0,22.1,0,"N",7.18933103274687e-05
91166,8,"M18",NA,"B",116.4,0,98.95,0,"N",7.18933103274687e-05
91167,8,"M18",NA,"B",170.85,0,145.25,0,"N",7.18933103274687e-05
91168,8,"M18",NA,"B",116.4,0,98.95,0,"N",7.18933103274687e-05
91169,8,"M18",NA,"B",82.5,0,70.15,0,"N",7.18933103274687e-05
91170,8,"M18",NA,"B",116.4,0,98.95,0,"N",7.18933103274687e-05
91171,8,"M18",NA,"B",170.85,0,145.25,0,"N",7.18933103274687e-05
91172,8,"M18",NA,"B",72.65,0,61.8,0,"N",7.18933103274687e-05
91173,8,"M18",NA,"B",102.6,0,87.25,0,"N",7.18933103274687e-05
91174,8,"M18",NA,"B",82.5,0,70.15,0,"N",7.18933103274687e-05
91175,8,"M18",NA,"B",72.65,0,61.8,0,"N",7.18933103274687e-05
91176,8,"M18",NA,"B",102.6,0,87.25,0,"N",7.18933103274687e-05
91177,8,"M18",NA,"B",116.4,0,98.95,0,"N",7.18933103274687e-05
91178,8,"M18",NA,"B",31.8,0,27.05,0,"N",7.18933103274687e-05
91179,8,"M18",NA,"B",60.25,0,51.25,0,"N",7.18933103274687e-05
91180,8,"M18",NA,"B",88.9,0,75.6,0,"N",7.18933103274687e-05
91181,8,"M18",NA,"B",116.4,0,98.95,0,"N",7.18933103274687e-05
91182,8,"M18",NA,"B",170.85,0,145.25,0,"N",7.18933103274687e-05
91183,8,"M18",NA,"B",82.5,0,70.15,0,"N",7.18933103274687e-05
91184,8,"M18",NA,"B",116.4,0,98.95,0,"N",7.18933103274687e-05
91185,8,"M18",NA,"B",72.65,0,61.8,0,"N",7.18933103274687e-05
91186,8,"M18",NA,"B",102.6,0,87.25,0,"N",7.18933103274687e-05
91187,8,"M18",NA,"B",72.65,0,61.8,0,"N",7.18933103274687e-05
91188,8,"M18",NA,"B",102.6,0,87.25,0,"N",7.18933103274687e-05
91189,8,"M18",NA,"B",31.8,0,27.05,0,"N",7.18933103274687e-05
91190,8,"M18",NA,"B",60.25,0,51.25,0,"N",7.18933103274687e-05
91191,8,"M18",NA,"B",88.9,0,75.6,0,"N",7.18933103274687e-05
91192,8,"M18",NA,"B",14.55,0,12.4,0,"N",7.18933103274687e-05
91193,8,"M18",NA,"B",14.55,0,12.4,0,"N",7.18933103274687e-05
91194,8,"M18",NA,"B",72.65,0,61.8,0,"N",7.18933103274687e-05
91195,8,"M18",NA,"B",102.6,0,87.25,0,"N",7.18933103274687e-05
91196,8,"M18",NA,"B",72.65,0,61.8,0,"N",7.18933103274687e-05
91197,8,"M18",NA,"B",102.6,0,87.25,0,"N",7.18933103274687e-05
91198,8,"M18",NA,"B",116.4,0,98.95,0,"N",7.18933103274687e-05
91199,8,"M18",NA,"B",170.85,0,145.25,0,"N",7.18933103274687e-05
91200,8,"M18",NA,"B",82.5,0,70.15,0,"N",7.18933103274687e-05
91201,8,"M18",NA,"B",116.4,0,98.95,0,"N",7.18933103274687e-05
91202,8,"M18",NA,"B",72.65,0,61.8,0,"N",7.18933103274687e-05
91203,8,"M18",NA,"B",102.6,0,87.25,0,"N",7.18933103274687e-05
91204,8,"M18",NA,"B",72.65,0,61.8,0,"N",7.18933103274687e-05
91205,8,"M18",NA,"B",102.6,0,87.25,0,"N",7.18933103274687e-05
91206,8,"M18",NA,"B",134.35,0,114.2,0,"N",7.18933103274687e-05
93000,8,"M18",NA,"B",72.65,0,61.8,0,"N",7.18933103274687e-05
93013,8,"M18",NA,"B",72.65,0,61.8,0,"N",7.18933103274687e-05
93026,8,"M18",NA,"B",85.3,0,72.55,0,"N",7.18933103274687e-05
93029,8,"M18",NA,"B",85.3,0,72.55,0,"N",7.18933103274687e-05
93032,8,"M18",NA,"B",116.4,0,98.95,0,"N",7.18933103274687e-05
93033,8,"M18",NA,"B",102.6,0,87.25,0,"N",7.18933103274687e-05
93035,8,"M18",NA,"B",116.4,0,98.95,0,"N",7.18933103274687e-05
93036,8,"M18",NA,"B",102.6,0,87.25,0,"N",7.18933103274687e-05
93040,8,"M18",NA,"B",116.4,0,98.95,0,"N",7.18933103274687e-05
93041,8,"M18",NA,"B",102.6,0,87.25,0,"N",7.18933103274687e-05
93043,8,"M18",NA,"B",116.4,0,98.95,0,"N",7.18933103274687e-05
93044,8,"M18",NA,"B",102.6,0,87.25,0,"N",7.18933103274687e-05
93048,8,"M18",NA,"C",72.65,54.5,61.8,0,"N",7.18933103274687e-05
93061,8,"M18",NA,"B",72.65,0,61.8,0,"N",7.18933103274687e-05
93074,8,"M18",NA,"B",72.65,0,61.8,0,"N",7.18933103274687e-05
93076,8,"M18",NA,"B",116.4,0,98.95,0,"N",7.18933103274687e-05
93079,8,"M18",NA,"B",170.85,0,145.25,0,"N",7.18933103274687e-05
93084,8,"M18",NA,"B",82.5,0,70.15,0,"N",7.18933103274687e-05
93087,8,"M18",NA,"B",116.4,0,98.95,0,"N",7.18933103274687e-05
93092,8,"M18",NA,"B",72.65,0,61.8,0,"N",7.18933103274687e-05
93095,8,"M18",NA,"B",102.6,0,87.25,0,"N",7.18933103274687e-05
93100,8,"M18",NA,"B",72.65,0,61.8,0,"N",7.18933103274687e-05
93103,8,"M18",NA,"B",102.6,0,87.25,0,"N",7.18933103274687e-05
93108,8,"M18",NA,"B",72.65,0,61.8,0,"N",7.18933103274687e-05
93110,8,"M18",NA,"B",116.4,0,98.95,0,"N",7.18933103274687e-05
93113,8,"M18",NA,"B",170.85,0,145.25,0,"N",7.18933103274687e-05
93118,8,"M18",NA,"B",82.5,0,70.15,0,"N",7.18933103274687e-05
93121,8,"M18",NA,"B",116.4,0,98.95,0,"N",7.18933103274687e-05
93126,8,"M18",NA,"B",72.65,0,61.8,0,"N",7.18933103274687e-05
93129,8,"M18",NA,"B",102.6,0,87.25,0,"N",7.18933103274687e-05
93134,8,"M18",NA,"B",72.65,0,61.8,0,"N",7.18933103274687e-05
93137,8,"M18",NA,"B",102.6,0,87.25,0,"N",7.18933103274687e-05
93200,8,"M18",NA,"B",32.85,0,27.95,0,"N",7.18933103274687e-05
93201,8,"M18",NA,"B",16.55,0,14.1,0,"N",7.18933103274687e-05
93202,8,"M18",NA,"B",32.85,0,27.95,0,"N",7.18933103274687e-05
93203,8,"M18",NA,"B",16.55,0,14.1,0,"N",7.18933103274687e-05
93284,8,"M18",NA,"B",93.25,0,79.3,0,"N",7.18933103274687e-05
93285,8,"M18",NA,"B",23.2,0,19.75,0,"N",7.18933103274687e-05
93286,8,"M18",NA,"B",93.25,0,79.3,0,"N",7.18933103274687e-05
91211,8,"M19",NA,"B",37.75,0,32.1,0,"N",7.18933103274687e-05
91212,8,"M19",NA,"B",86.75,0,73.75,0,"N",7.18933103274687e-05
91214,8,"M19",NA,"B",62.3,0,53,0,"N",7.18933103274687e-05
91215,8,"M19",NA,"B",127.5,0,108.4,0,"N",7.18933103274687e-05
91218,8,"M19",NA,"B",37.75,0,32.1,0,"N",7.18933103274687e-05
91219,8,"M19",NA,"B",86.75,0,73.75,0,"N",7.18933103274687e-05
91221,8,"M19",NA,"B",62.3,0,53,0,"N",7.18933103274687e-05
91222,8,"M19",NA,"B",127.5,0,108.4,0,"N",7.18933103274687e-05
10950,8,"M3",NA,"B",72.65,0,61.8,0,"N",7.18933103274687e-05
10951,8,"M3",NA,"B",72.65,0,61.8,0,"N",7.18933103274687e-05
10952,8,"M3",NA,"B",72.65,0,61.8,0,"N",7.18933103274687e-05
10953,8,"M3",NA,"B",72.65,0,61.8,0,"N",7.18933103274687e-05
10954,8,"M3",NA,"B",72.65,0,61.8,0,"N",7.18933103274687e-05
10955,8,"M3",NA,"B",57,0,48.45,0,"N",7.18933103274687e-05
10956,8,"M3",NA,"B",72.65,0,61.8,0,"N",7.18933103274687e-05
10957,8,"M3",NA,"B",97.75,0,83.1,0,"N",7.18933103274687e-05
10958,8,"M3",NA,"B",72.65,0,61.8,0,"N",7.18933103274687e-05
10959,8,"M3",NA,"B",162.6,0,138.25,0,"N",7.18933103274687e-05
10960,8,"M3",NA,"B",72.65,0,61.8,0,"N",7.18933103274687e-05
10962,8,"M3",NA,"B",72.65,0,61.8,0,"N",7.18933103274687e-05
10964,8,"M3",NA,"B",72.65,0,61.8,0,"N",7.18933103274687e-05
10966,8,"M3",NA,"B",72.65,0,61.8,0,"N",7.18933103274687e-05
10968,8,"M3",NA,"B",72.65,0,61.8,0,"N",7.18933103274687e-05
10970,8,"M3",NA,"B",72.65,0,61.8,0,"N",7.18933103274687e-05
80000,8,"M6",NA,"B",116.4,0,98.95,0,"N",7.18933103274687e-05
80002,8,"M6",NA,"B",116.4,0,98.95,0,"N",7.18933103274687e-05
80005,8,"M6",NA,"B",145.45,0,123.65,0,"N",7.18933103274687e-05
80006,8,"M6",NA,"B",145.45,0,123.65,0,"N",7.18933103274687e-05
80010,8,"M6",NA,"B",170.85,0,145.25,0,"N",7.18933103274687e-05
80012,8,"M6",NA,"B",170.85,0,145.25,0,"N",7.18933103274687e-05
80015,8,"M6",NA,"B",199.9,0,169.95,0,"N",7.18933103274687e-05
80016,8,"M6",NA,"B",199.9,0,169.95,0,"N",7.18933103274687e-05
80020,8,"M6",NA,"B",43.35,0,36.85,0,"N",7.18933103274687e-05
80021,8,"M6",NA,"B",43.35,0,36.85,0,"N",7.18933103274687e-05
80022,8,"M6",NA,"B",59.1,0,50.25,0,"N",7.18933103274687e-05
80023,8,"M6",NA,"B",59.1,0,50.25,0,"N",7.18933103274687e-05
80024,8,"M6",NA,"B",80.3,0,68.3,0,"N",7.18933103274687e-05
80025,8,"M6",NA,"B",80.3,0,68.3,0,"N",7.18933103274687e-05
80100,8,"M7",NA,"B",82.5,0,70.15,0,"N",7.18933103274687e-05
80102,8,"M7",NA,"B",82.5,0,70.15,0,"N",7.18933103274687e-05
80105,8,"M7",NA,"B",112.2,0,95.4,0,"N",7.18933103274687e-05
80106,8,"M7",NA,"B",112.2,0,95.4,0,"N",7.18933103274687e-05
80110,8,"M7",NA,"B",116.4,0,98.95,0,"N",7.18933103274687e-05
80112,8,"M7",NA,"B",116.4,0,98.95,0,"N",7.18933103274687e-05
80115,8,"M7",NA,"B",146.2,0,124.3,0,"N",7.18933103274687e-05
80116,8,"M7",NA,"B",146.2,0,124.3,0,"N",7.18933103274687e-05
80120,8,"M7",NA,"B",29.7,0,25.25,0,"N",7.18933103274687e-05
80121,8,"M7",NA,"B",29.7,0,25.25,0,"N",7.18933103274687e-05
80122,8,"M7",NA,"B",40.45,0,34.4,0,"N",7.18933103274687e-05
80123,8,"M7",NA,"B",40.45,0,34.4,0,"N",7.18933103274687e-05
80125,8,"M7",NA,"B",72.65,0,61.8,0,"N",7.18933103274687e-05
80127,8,"M7",NA,"B",54.95,0,46.75,0,"N",7.18933103274687e-05
80128,8,"M7",NA,"B",54.95,0,46.75,0,"N",7.18933103274687e-05
80129,8,"M7",NA,"B",72.65,0,61.8,0,"N",7.18933103274687e-05
80130,8,"M7",NA,"B",102.35,0,87,0,"N",7.18933103274687e-05
80131,8,"M7",NA,"B",102.35,0,87,0,"N",7.18933103274687e-05
80135,8,"M7",NA,"B",102.6,0,87.25,0,"N",7.18933103274687e-05
80137,8,"M7",NA,"B",102.6,0,87.25,0,"N",7.18933103274687e-05
80140,8,"M7",NA,"B",132.2,0,112.4,0,"N",7.18933103274687e-05
80141,8,"M7",NA,"B",132.2,0,112.4,0,"N",7.18933103274687e-05
80145,8,"M7",NA,"B",26,0,22.1,0,"N",7.18933103274687e-05
80146,8,"M7",NA,"B",26,0,22.1,0,"N",7.18933103274687e-05
80147,8,"M7",NA,"B",35.4,0,30.1,0,"N",7.18933103274687e-05
80148,8,"M7",NA,"B",35.4,0,30.1,0,"N",7.18933103274687e-05
80150,8,"M7",NA,"B",72.65,0,61.8,0,"N",7.18933103274687e-05
80152,8,"M7",NA,"B",48.25,0,41.05,0,"N",7.18933103274687e-05
80153,8,"M7",NA,"B",48.25,0,41.05,0,"N",7.18933103274687e-05
80154,8,"M7",NA,"B",72.65,0,61.8,0,"N",7.18933103274687e-05
80155,8,"M7",NA,"B",102.35,0,87,0,"N",7.18933103274687e-05
80156,8,"M7",NA,"B",102.35,0,87,0,"N",7.18933103274687e-05
80160,8,"M7",NA,"B",102.6,0,87.25,0,"N",7.18933103274687e-05
80162,8,"M7",NA,"B",102.6,0,87.25,0,"N",7.18933103274687e-05
80165,8,"M7",NA,"B",132.2,0,112.4,0,"N",7.18933103274687e-05
80166,8,"M7",NA,"B",132.2,0,112.4,0,"N",7.18933103274687e-05
80170,8,"M7",NA,"B",26,0,22.1,0,"N",7.18933103274687e-05
80171,8,"M7",NA,"B",26,0,22.1,0,"N",7.18933103274687e-05
80172,8,"M7",NA,"B",35.4,0,30.1,0,"N",7.18933103274687e-05
80173,8,"M7",NA,"B",35.4,0,30.1,0,"N",7.18933103274687e-05
80174,8,"M7",NA,"B",48.25,0,41.05,0,"N",7.18933103274687e-05
80175,8,"M7",NA,"B",48.25,0,41.05,0,"N",7.18933103274687e-05
80176,8,"M7",NA,"B",57,0,48.45,0,"N",7.18933103274687e-05
80177,8,"M7",NA,"B",97.75,0,83.1,0,"N",7.18933103274687e-05
80178,8,"M7",NA,"B",162.6,0,138.25,0,"N",7.18933103274687e-05
81000,8,"M8",NA,"B",85.3,0,72.55,0,"N",7.18933103274687e-05
81005,8,"M8",NA,"B",85.3,0,72.55,0,"N",7.18933103274687e-05
81010,8,"M8",NA,"B",85.3,0,72.55,0,"N",7.18933103274687e-05
81100,8,"M9",NA,"B",93.25,0,79.3,0,"N",7.18933103274687e-05
81105,8,"M9",NA,"B",23.2,0,19.75,0,"N",7.18933103274687e-05
81110,8,"M9",NA,"B",93.25,0,79.3,0,"N",7.18933103274687e-05
81115,8,"M9",NA,"B",23.2,0,19.75,0,"N",7.18933103274687e-05
81120,8,"M9",NA,"B",93.25,0,79.3,0,"N",7.18933103274687e-05
81125,8,"M9",NA,"B",23.2,0,19.75,0,"N",7.18933103274687e-05
88011,10,"U0",NA,"E",59.6,0,0,59.6,"N",0.00039872408293458
88012,10,"U0",NA,"E",49.55,0,0,49.55,"N",0.00039872408293458
88013,10,"U0",NA,"E",31.1,0,0,31.1,"N",0.00039872408293458
88022,10,"U0",NA,"E",34.5,0,0,34.5,"N",0.00039872408293458
88025,10,"U0",NA,"E",69.7,0,0,69.7,"N",0.00039872408293458
88111,10,"U1",NA,"E",60.9,0,0,60.9,"N",0.00039872408293458
88114,10,"U1",NA,"E",101.55,0,0,101.55,"N",0.00039872408293458
88115,10,"U1",NA,"E",66,0,0,66,"N",0.00039872408293458
88121,10,"U1",NA,"E",39.15,0,0,39.15,"N",0.00039872408293458
88161,10,"U1",NA,"E",52.15,0,0,52.15,"N",0.00039872408293458
88162,10,"U1",NA,"E",26.1,0,0,26.1,"N",0.00039872408293458
88213,10,"U2",NA,"E",78.9,0,0,78.9,"N",0.00039872408293458
88221,10,"U2",NA,"E",59.95,0,0,59.95,"N",0.00039872408293458
88311,10,"U3",NA,"E",148.65,0,0,148.65,"N",0.00039872408293458
88314,10,"U3",NA,"E",190,0,0,190,"N",0.00039872408293458
88316,10,"U3",NA,"E",93.7,0,0,93.7,"N",0.00039872408293458
88322,10,"U3",NA,"E",241.25,0,0,241.25,"N",0.00039872408293458
88323,10,"U3",NA,"E",275.5,0,0,275.5,"N",0.00039872408293458
88324,10,"U3",NA,"E",370.6,0,0,370.6,"N",0.00039872408293458
88326,10,"U3",NA,"E",197.35,0,0,197.35,"N",0.00039872408293458
88351,10,"U3",NA,"E",181.1,0,0,181.1,"N",0.00039872408293458
88384,10,"U3",NA,"E",216.1,0,0,216.1,"N",0.00039872408293458
88386,10,"U3",NA,"E",222.95,0,0,222.95,"N",0.00039872408293458
88387,10,"U3",NA,"E",436.55,0,0,436.55,"N",0.00039872408293458
88392,10,"U3",NA,"E",109.7,0,0,109.7,"N",0.00039872408293458
88411,10,"U4",NA,"E",39.45,0,0,39.45,"N",0.00039872408293458
88412,10,"U4",NA,"E",135.15,0,0,135.15,"N",0.00039872408293458
88414,10,"U4",NA,"E",86.15,0,0,86.15,"N",0.00039872408293458
88415,10,"U4",NA,"E",242.45,0,0,242.45,"N",0.00039872408293458
88416,10,"U4",NA,"E",115.5,0,0,115.5,"N",0.00039872408293458
88417,10,"U4",NA,"E",236.15,0,0,236.15,"N",0.00039872408293458
88418,10,"U4",NA,"E",110.45,0,0,110.45,"N",0.00039872408293458
88419,10,"U4",NA,"E",156.15,0,0,156.15,"N",0.00039872408293458
88421,10,"U4",NA,"E",135.15,0,0,135.15,"N",0.00039872408293458
88455,10,"U4",NA,"E",119.65,0,0,119.65,"N",0.00039872408293458
88458,10,"U4",NA,"E",159.6,0,0,159.6,"N",0.00039872408293458
88511,10,"U5",NA,"E",118,0,0,118,"N",0.00039872408293458
88512,10,"U5",NA,"E",144.7,0,0,144.7,"N",0.00039872408293458
88513,10,"U5",NA,"E",172.7,0,0,172.7,"N",0.00039872408293458
88514,10,"U5",NA,"E",196.8,0,0,196.8,"N",0.00039872408293458
88515,10,"U5",NA,"E",224.7,0,0,224.7,"N",0.00039872408293458
88521,10,"U5",NA,"E",130.7,0,0,130.7,"N",0.00039872408293458
88522,10,"U5",NA,"E",158.65,0,0,158.65,"N",0.00039872408293458
88523,10,"U5",NA,"E",187.95,0,0,187.95,"N",0.00039872408293458
88524,10,"U5",NA,"E",217.2,0,0,217.2,"N",0.00039872408293458
88525,10,"U5",NA,"E",255.25,0,0,255.25,"N",0.00039872408293458
88531,10,"U5",NA,"E",139.55,0,0,139.55,"N",0.00039872408293458
88532,10,"U5",NA,"E",175.2,0,0,175.2,"N",0.00039872408293458
88533,10,"U5",NA,"E",210.65,0,0,210.65,"N",0.00039872408293458
88534,10,"U5",NA,"E",237.45,0,0,237.45,"N",0.00039872408293458
88535,10,"U5",NA,"E",274.2,0,0,274.2,"N",0.00039872408293458
88572,10,"U5",NA,"E",55.2,0,0,55.2,"N",0.00039872408293458
88574,10,"U5",NA,"E",46.5,0,0,46.5,"N",0.00039872408293458
88575,10,"U5",NA,"E",31.7,0,0,31.7,"N",0.00039872408293458
88579,10,"U5",NA,"E",109.7,0,0,109.7,"N",0.00039872408293458
88586,10,"U5",NA,"E",291.05,0,0,291.05,"N",0.00039872408293458
88587,10,"U5",NA,"E",172.7,0,0,172.7,"N",0.00039872408293458
88597,10,"U5",NA,"E",99.8,0,0,99.8,"N",0.00039872408293458
88721,10,"U7",NA,"E",494.35,0,0,494.35,"N",0.00039872408293458
88722,10,"U7",NA,"E",494.35,0,0,494.35,"N",0.00039872408293458
88723,10,"U7",NA,"E",370.7,0,0,370.7,"N",0.00039872408293458
88724,10,"U7",NA,"E",370.7,0,0,370.7,"N",0.00039872408293458
88731,10,"U7",NA,"E",49.9,0,0,49.9,"N",0.00039872408293458
88733,10,"U7",NA,"E",40.95,0,0,40.95,"N",0.00039872408293458
88736,10,"U7",NA,"E",10.3,0,0,10.3,"N",0.00039872408293458
88741,10,"U7",NA,"E",59.45,0,0,59.45,"N",0.00039872408293458
88761,10,"U7",NA,"E",163.2,0,0,163.2,"N",0.00039872408293458
88762,10,"U7",NA,"E",170.55,0,0,170.55,"N",0.00039872408293458
88764,10,"U7",NA,"E",163.2,0,0,163.2,"N",0.00039872408293458
88765,10,"U7",NA,"E",170.55,0,0,170.55,"N",0.00039872408293458
88766,10,"U7",NA,"E",163.2,0,0,163.2,"N",0.00039872408293458
88768,10,"U7",NA,"E",172.7,0,0,172.7,"N",0.00039872408293458
88776,10,"U7",NA,"E",52.15,0,0,52.15,"N",0.00039872408293458
88911,10,"U9",NA,"E",77.4,0,0,77.4,"N",0.00039872408293458
88942,10,"U9",NA,"E",151.75,0,0,151.75,"N",0.00039872408293458
88943,10,"U9",NA,"E",75.85,0,0,75.85,"N",0.00039872408293458
