"guide","dataset","table","variable","type","n_rows","crosswalk_status","candidate_dataset","candidate_variable","candidate_product","candidate_description","basis","notes"
"blade","BLADE","blade-table-01-cross-sectional-indicative-data-items","bg_id","character",500,"direct_blade_variable_metadata","BLADE","bg_id","blade-table-01-cross-sectional-indicative-data-items","BLADE Enterprise Group ID | Identifier - BLADE Enterprise Group ID","Variable name matched inst/blade_metadata/variables.csv.",""
"blade","BLADE","blade-table-01-cross-sectional-indicative-data-items","bn","character",500,"direct_blade_variable_metadata","BLADE","bn","blade-table-01-cross-sectional-indicative-data-items","bn - deidentified ABN | Identifier - deidentified ABN | Identifier bn - deidentified ABN | De-identified ABN | Deidentified abn | Deidentified ABN | Identifier - deidentifed ABN | Identifier - deidentified abn | Identifier - deidentified ABN (Australian Business Number)","Variable name matched inst/blade_metadata/variables.csv.",""
"blade","BLADE","blade-table-01-cross-sectional-indicative-data-items","d_anzsic06","character",500,"direct_blade_variable_metadata","BLADE","d_anzsic06","blade-table-01-cross-sectional-indicative-data-items","Derived Australian and New Zealand Standard Industrial Classification (ANZSIC), 2006","Variable name matched inst/blade_metadata/variables.csv.",""
"blade","BLADE","blade-table-01-cross-sectional-indicative-data-items","d_div06","character",500,"direct_blade_variable_metadata","BLADE","d_div06","blade-table-01-cross-sectional-indicative-data-items","Derived Industry Division 2006 | Derived Industry Division 2006 (cast) - derived from either cast_anzsic06 or d_anzsic06","Variable name matched inst/blade_metadata/variables.csv.",""
"blade","BLADE","blade-table-01-cross-sectional-indicative-data-items","d_sisca08","character",500,"direct_blade_variable_metadata","BLADE","d_sisca08","blade-table-01-cross-sectional-indicative-data-items","Derived Standard Institutional Sector Classification of Australia (SISCA) 2008","Variable name matched inst/blade_metadata/variables.csv.",""
"blade","BLADE","blade-table-01-cross-sectional-indicative-data-items","frame_version","character",500,"direct_blade_variable_metadata","BLADE","frame_version","blade-table-01-cross-sectional-indicative-data-items","Integration version (internal ABS reference)","Variable name matched inst/blade_metadata/variables.csv.",""
"blade","BLADE","blade-table-01-cross-sectional-indicative-data-items","quarter","character",500,"direct_blade_variable_metadata","BLADE","quarter","blade-table-01-cross-sectional-indicative-data-items","Quarter | Financial year quarter data is in reference to** | The quarter of the financial year - derived | Reference Period | The quarter of the SITS record | Quarter of the financial year | The quarter of the JVS record | The quarter of the location record | The quarter of the insolvency appointment | Financial year quarter data is in reference to","Variable name matched inst/blade_metadata/variables.csv.",""
"blade","BLADE","blade-table-01-cross-sectional-indicative-data-items","tsid","character",500,"direct_blade_variable_metadata","BLADE","tsid","blade-table-01-cross-sectional-indicative-data-items","Time series ID (last 2 digits of end year in a financial year) | Time series identifier (last 2 digits of end year in a financial year) | Time series ID (last 2 digits of end year in a financial year when application arrived for processing to the IP Australia system) | Time series identifier denoting the financial year in which the data was collected | Time series ID (last 2 digits of end year in a financial year when applicant registered R&D activites) | Time Series Identifier","Variable name matched inst/blade_metadata/variables.csv.",""
"blade","BLADE","blade-table-01-cross-sectional-indicative-data-items","x_al_st","integer",500,"direct_blade_variable_metadata","BLADE","x_al_st","blade-table-01-cross-sectional-indicative-data-items","Alive status | Cross-sectional Alive status","Variable name matched inst/blade_metadata/variables.csv.",""
"blade","BLADE","blade-table-01-cross-sectional-indicative-data-items","x_anzsic06","character",500,"direct_blade_variable_metadata","BLADE","x_anzsic06","blade-table-01-cross-sectional-indicative-data-items","Australian and New Zealand Standard Industrial Classification (ANZSIC), 2006","Variable name matched inst/blade_metadata/variables.csv.",""
"blade","BLADE","blade-table-01-cross-sectional-indicative-data-items","x_gst_bn","character",500,"direct_blade_variable_metadata","BLADE","x_gst_bn","blade-table-01-cross-sectional-indicative-data-items","De-identified lead GST grouped ABN","Variable name matched inst/blade_metadata/variables.csv.",""
"blade","BLADE","blade-table-01-cross-sectional-indicative-data-items","x_gstp","character",500,"direct_blade_variable_metadata","BLADE","x_gstp","blade-table-01-cross-sectional-indicative-data-items","Goods and services tax payer role","Variable name matched inst/blade_metadata/variables.csv.",""
"blade","BLADE","blade-table-01-cross-sectional-indicative-data-items","x_itip","character",500,"direct_blade_variable_metadata","BLADE","x_itip","blade-table-01-cross-sectional-indicative-data-items","Income Tax instalment payer roles","Variable name matched inst/blade_metadata/variables.csv.",""
"blade","BLADE","blade-table-01-cross-sectional-indicative-data-items","x_itw","character",500,"direct_blade_variable_metadata","BLADE","x_itw","blade-table-01-cross-sectional-indicative-data-items","Income Tax Withholiding roles","Variable name matched inst/blade_metadata/variables.csv.",""
"blade","BLADE","blade-table-01-cross-sectional-indicative-data-items","x_npi","integer",500,"direct_blade_variable_metadata","BLADE","x_npi","blade-table-01-cross-sectional-indicative-data-items","Non Profit Institution flag","Variable name matched inst/blade_metadata/variables.csv.",""
"blade","BLADE","blade-table-01-cross-sectional-indicative-data-items","x_pcode","character",500,"direct_blade_variable_metadata","BLADE","x_pcode","blade-table-01-cross-sectional-indicative-data-items","Postcode","Variable name matched inst/blade_metadata/variables.csv.",""
"blade","BLADE","blade-table-01-cross-sectional-indicative-data-items","x_sector","integer",500,"direct_blade_variable_metadata","BLADE","x_sector","blade-table-01-cross-sectional-indicative-data-items","Private/Public indicator","Variable name matched inst/blade_metadata/variables.csv.",""
"blade","BLADE","blade-table-01-cross-sectional-indicative-data-items","x_sisca08","character",500,"direct_blade_variable_metadata","BLADE","x_sisca08","blade-table-01-cross-sectional-indicative-data-items","Standard Institutional Sector Classification of Australia (SISCA) 2008","Variable name matched inst/blade_metadata/variables.csv.",""
"blade","BLADE","blade-table-01-cross-sectional-indicative-data-items","x_sisca93","character",500,"direct_blade_variable_metadata","BLADE","x_sisca93","blade-table-01-cross-sectional-indicative-data-items","Standard Institutional Sector Classification of Australia (SISCA) 1993","Variable name matched inst/blade_metadata/variables.csv.",""
"blade","BLADE","blade-table-01-cross-sectional-indicative-data-items","x_st_op","character",500,"direct_blade_variable_metadata","BLADE","x_st_op","blade-table-01-cross-sectional-indicative-data-items","States of operation","Variable name matched inst/blade_metadata/variables.csv.",""
"blade","BLADE","blade-table-01-cross-sectional-indicative-data-items","x_state","integer",500,"direct_blade_variable_metadata","BLADE","x_state","blade-table-01-cross-sectional-indicative-data-items","State","Variable name matched inst/blade_metadata/variables.csv.",""
"blade","BLADE","blade-table-01-cross-sectional-indicative-data-items","x_tolo","integer",500,"direct_blade_variable_metadata","BLADE","x_tolo","blade-table-01-cross-sectional-indicative-data-items","Type of Legal Organisation (TOLO)","Variable name matched inst/blade_metadata/variables.csv.",""
"blade","BLADE","blade-table-04-business-activity-statement-bas","a_it_w_amt","numeric",500,"direct_blade_variable_metadata","BLADE","a_it_w_amt","blade-table-04-business-activity-statement-bas","Amount withheld from payment of invoices where no ABN is quoted","Variable name matched inst/blade_metadata/variables.csv.",""
"blade","BLADE","blade-table-04-business-activity-statement-bas","bas_version","character",500,"direct_blade_variable_metadata","BLADE","bas_version","blade-table-04-business-activity-statement-bas","Integration version (internal ABS reference)","Variable name matched inst/blade_metadata/variables.csv.",""
"blade","BLADE","blade-table-04-business-activity-statement-bas","bn","character",500,"direct_blade_variable_metadata","BLADE","bn","blade-table-04-business-activity-statement-bas","bn - deidentified ABN | Identifier - deidentified ABN | Identifier bn - deidentified ABN | De-identified ABN | Deidentified abn | Deidentified ABN | Identifier - deidentifed ABN | Identifier - deidentified abn | Identifier - deidentified ABN (Australian Business Number)","Variable name matched inst/blade_metadata/variables.csv.",""
"blade","BLADE","blade-table-04-business-activity-statement-bas","capex","numeric",500,"direct_blade_variable_metadata","BLADE","capex","blade-table-04-business-activity-statement-bas","Capital purchases*","Variable name matched inst/blade_metadata/variables.csv.",""
"blade","BLADE","blade-table-04-business-activity-statement-bas","credit_for_gst_paid","numeric",500,"direct_blade_variable_metadata","BLADE","credit_for_gst_paid","blade-table-04-business-activity-statement-bas","Goods and services tax (GST) on purchases","Variable name matched inst/blade_metadata/variables.csv.",""
"blade","BLADE","blade-table-04-business-activity-statement-bas","d_imprt_amt","numeric",500,"direct_blade_variable_metadata","BLADE","d_imprt_amt","blade-table-04-business-activity-statement-bas","Imported goods with GST deferred","Variable name matched inst/blade_metadata/variables.csv.",""
"blade","BLADE","blade-table-04-business-activity-statement-bas","exports_amt","numeric",500,"direct_blade_variable_metadata","BLADE","exports_amt","blade-table-04-business-activity-statement-bas","Export sales*","Variable name matched inst/blade_metadata/variables.csv.",""
"blade","BLADE","blade-table-04-business-activity-statement-bas","gst_payable","numeric",500,"direct_blade_variable_metadata","BLADE","gst_payable","blade-table-04-business-activity-statement-bas","Goods and services tax (GST) on sales or GST instalment","Variable name matched inst/blade_metadata/variables.csv.",""
"blade","BLADE","blade-table-04-business-activity-statement-bas","oexp","numeric",500,"direct_blade_variable_metadata","BLADE","oexp","blade-table-04-business-activity-statement-bas","Non-capital purchases*","Variable name matched inst/blade_metadata/variables.csv.",""
"blade","BLADE","blade-table-04-business-activity-statement-bas","other_gst_free_sales","numeric",500,"direct_blade_variable_metadata","BLADE","other_gst_free_sales","blade-table-04-business-activity-statement-bas","Other GST-free sales*","Variable name matched inst/blade_metadata/variables.csv.",""
"blade","BLADE","blade-table-04-business-activity-statement-bas","p_wrk_amt","numeric",500,"direct_blade_variable_metadata","BLADE","p_wrk_amt","blade-table-04-business-activity-statement-bas","Amount withheld from salary, wages and other payments","Variable name matched inst/blade_metadata/variables.csv.",""
"blade","BLADE","blade-table-04-business-activity-statement-bas","payg_tax_withheld","numeric",500,"direct_blade_variable_metadata","BLADE","payg_tax_withheld","blade-table-04-business-activity-statement-bas","Pay as you go (PAYG) tax withheld","Variable name matched inst/blade_metadata/variables.csv.",""
"blade","BLADE","blade-table-04-business-activity-statement-bas","quarter","character",500,"direct_blade_variable_metadata","BLADE","quarter","blade-table-04-business-activity-statement-bas","Quarter | Financial year quarter data is in reference to** | The quarter of the financial year - derived | Reference Period | The quarter of the SITS record | Quarter of the financial year | The quarter of the JVS record | The quarter of the location record | The quarter of the insolvency appointment | Financial year quarter data is in reference to","Variable name matched inst/blade_metadata/variables.csv.",""
"blade","BLADE","blade-table-04-business-activity-statement-bas","t_it_w_amt","numeric",500,"direct_blade_variable_metadata","BLADE","t_it_w_amt","blade-table-04-business-activity-statement-bas","Amount withheld from investment distributions where no TFN is quoted","Variable name matched inst/blade_metadata/variables.csv.",""
"blade","BLADE","blade-table-04-business-activity-statement-bas","tot_expenses","numeric",500,"direct_blade_variable_metadata","BLADE","tot_expenses","blade-table-04-business-activity-statement-bas","Total Expenditure (capex + oexp, excluding GST)","Variable name matched inst/blade_metadata/variables.csv.",""
"blade","BLADE","blade-table-04-business-activity-statement-bas","tsid","character",500,"direct_blade_variable_metadata","BLADE","tsid","blade-table-04-business-activity-statement-bas","Time series ID (last 2 digits of end year in a financial year) | Time series identifier (last 2 digits of end year in a financial year) | Time series ID (last 2 digits of end year in a financial year when application arrived for processing to the IP Australia system) | Time series identifier denoting the financial year in which the data was collected | Time series ID (last 2 digits of end year in a financial year when applicant registered R&D activites) | Time Series Identifier","Variable name matched inst/blade_metadata/variables.csv.",""
"blade","BLADE","blade-table-04-business-activity-statement-bas","turnover","numeric",500,"direct_blade_variable_metadata","BLADE","turnover","blade-table-04-business-activity-statement-bas","Total sales (excludes GST)","Variable name matched inst/blade_metadata/variables.csv.",""
"blade","BLADE","blade-table-04-business-activity-statement-bas","wages","numeric",500,"direct_blade_variable_metadata","BLADE","wages","blade-table-04-business-activity-statement-bas","Total salary, wages and other payments","Variable name matched inst/blade_metadata/variables.csv.",""
"blade","BLADE","blade-table-05-pay-as-you-go-payg","bn","character",500,"direct_blade_variable_metadata","BLADE","bn","blade-table-05-pay-as-you-go-payg","bn - deidentified ABN | Identifier - deidentified ABN | Identifier bn - deidentified ABN | De-identified ABN | Deidentified abn | Deidentified ABN | Identifier - deidentifed ABN | Identifier - deidentified abn | Identifier - deidentified ABN (Australian Business Number)","Variable name matched inst/blade_metadata/variables.csv.",""
"blade","BLADE","blade-table-05-pay-as-you-go-payg","fte","numeric",500,"direct_blade_variable_metadata","BLADE","fte","blade-table-05-pay-as-you-go-payg","Full Time Equivalent - Derived","Variable name matched inst/blade_metadata/variables.csv.",""
"blade","BLADE","blade-table-05-pay-as-you-go-payg","hcnt","integer",500,"direct_blade_variable_metadata","BLADE","hcnt","blade-table-05-pay-as-you-go-payg","Headcount","Variable name matched inst/blade_metadata/variables.csv.",""
"blade","BLADE","blade-table-05-pay-as-you-go-payg","payg_version","character",500,"direct_blade_variable_metadata","BLADE","payg_version","blade-table-05-pay-as-you-go-payg","Integration version (internal ABS reference)","Variable name matched inst/blade_metadata/variables.csv.",""
"blade","BLADE","blade-table-05-pay-as-you-go-payg","tsid","character",500,"direct_blade_variable_metadata","BLADE","tsid","blade-table-05-pay-as-you-go-payg","Time series ID (last 2 digits of end year in a financial year) | Time series identifier (last 2 digits of end year in a financial year) | Time series ID (last 2 digits of end year in a financial year when application arrived for processing to the IP Australia system) | Time series identifier denoting the financial year in which the data was collected | Time series ID (last 2 digits of end year in a financial year when applicant registered R&D activites) | Time Series Identifier","Variable name matched inst/blade_metadata/variables.csv.",""
"blade","BLADE","blade-table-06-business-income-tax-bit","bit_comp_yyyy","integer",500,"direct_blade_variable_metadata","BLADE","bit_comp_yyyy","blade-table-06-business-income-tax-bit","BIT Company - Flag","Variable name matched inst/blade_metadata/variables.csv.",""
"blade","BLADE","blade-table-06-business-income-tax-bit","bit_ind_yyyy","integer",500,"direct_blade_variable_metadata","BLADE","bit_ind_yyyy","blade-table-06-business-income-tax-bit","BIT Individual - Flag","Variable name matched inst/blade_metadata/variables.csv.",""
"blade","BLADE","blade-table-06-business-income-tax-bit","bit_part_yyyy","integer",500,"direct_blade_variable_metadata","BLADE","bit_part_yyyy","blade-table-06-business-income-tax-bit","BIT Partnership - Flag","Variable name matched inst/blade_metadata/variables.csv.",""
"blade","BLADE","blade-table-06-business-income-tax-bit","bit_trust_yyyy","integer",500,"direct_blade_variable_metadata","BLADE","bit_trust_yyyy","blade-table-06-business-income-tax-bit","BIT Trust - Flag","Variable name matched inst/blade_metadata/variables.csv.",""
"blade","BLADE","blade-table-06-business-income-tax-bit","bit_version","character",500,"direct_blade_variable_metadata","BLADE","bit_version","blade-table-06-business-income-tax-bit","Integration version (internal ABS reference)","Variable name matched inst/blade_metadata/variables.csv.",""
"blade","BLADE","blade-table-06-business-income-tax-bit","bn","character",500,"direct_blade_variable_metadata","BLADE","bn","blade-table-06-business-income-tax-bit","bn - deidentified ABN | Identifier - deidentified ABN | Identifier bn - deidentified ABN | De-identified ABN | Deidentified abn | Deidentified ABN | Identifier - deidentifed ABN | Identifier - deidentified abn | Identifier - deidentified ABN (Australian Business Number)","Variable name matched inst/blade_metadata/variables.csv.",""
"blade","BLADE","blade-table-06-business-income-tax-bit","c_adtnl_ai_clwbk_amt","numeric",500,"direct_blade_variable_metadata","BLADE","c_adtnl_ai_clwbk_amt","blade-table-06-business-income-tax-bit","Clawback amounts - additional assessable income","Variable name matched inst/blade_metadata/variables.csv.",""
"blade","BLADE","blade-table-06-business-income-tax-bit","c_agrgtd_tnovr_amt","numeric",500,"direct_blade_variable_metadata","BLADE","c_agrgtd_tnovr_amt","blade-table-06-business-income-tax-bit","Aggregated Turnover","Variable name matched inst/blade_metadata/variables.csv.",""
"blade","BLADE","blade-table-06-business-income-tax-bit","c_agrgtd_tnovr_rng_cd","numeric",500,"direct_blade_variable_metadata","BLADE","c_agrgtd_tnovr_rng_cd","blade-table-06-business-income-tax-bit","Aggregated Turnover Range","Variable name matched inst/blade_metadata/variables.csv.",""
"blade","BLADE","blade-table-06-business-income-tax-bit","c_alt_incm_tst_used_ind","numeric",500,"direct_blade_variable_metadata","BLADE","c_alt_incm_tst_used_ind","blade-table-06-business-income-tax-bit","Are you using the alternative income test?","Variable name matched inst/blade_metadata/variables.csv.",""
"blade","BLADE","blade-table-06-business-income-tax-bit","c_anzsic","integer",500,"direct_blade_variable_metadata","BLADE","c_anzsic","blade-table-06-business-income-tax-bit","ANZSIC code","Variable name matched inst/blade_metadata/variables.csv.",""
"blade","BLADE","blade-table-06-business-income-tax-bit","c_attfifif","integer",500,"direct_blade_variable_metadata","BLADE","c_attfifif","blade-table-06-business-income-tax-bit","AFI - FIF income","Variable name matched inst/blade_metadata/variables.csv.",""
"blade","BLADE","blade-table-06-business-income-tax-bit","c_attfiunl","integer",500,"direct_blade_variable_metadata","BLADE","c_attfiunl","blade-table-06-business-income-tax-bit","AFI - unlisted country","Variable name matched inst/blade_metadata/variables.csv.",""
"blade","BLADE","blade-table-06-business-income-tax-bit","c_attrpoly","integer",500,"direct_blade_variable_metadata","BLADE","c_attrpoly","blade-table-06-business-income-tax-bit","AFI - foreign life policy","Variable name matched inst/blade_metadata/variables.csv.",""
"blade","BLADE","blade-table-06-business-income-tax-bit","c_attrtran","integer",500,"direct_blade_variable_metadata","BLADE","c_attrtran","blade-table-06-business-income-tax-bit","AFI - transferor trust","Variable name matched inst/blade_metadata/variables.csv.",""
"blade","BLADE","blade-table-06-business-income-tax-bit","c_ausn_fcrs_frm_nzc_amt","numeric",500,"direct_blade_variable_metadata","BLADE","c_ausn_fcrs_frm_nzc_amt","blade-table-06-business-income-tax-bit","Australian franking credits from a New Zealand company","Variable name matched inst/blade_metadata/variables.csv.",""
"blade","BLADE","blade-table-06-business-income-tax-bit","c_baddebts","numeric",500,"direct_blade_variable_metadata","BLADE","c_baddebts","blade-table-06-business-income-tax-bit","Bad debts","Variable name matched inst/blade_metadata/variables.csv.",""
"blade","BLADE","blade-table-06-business-income-tax-bit","c_base_rt_bus_cd","integer",500,"direct_blade_variable_metadata","BLADE","c_base_rt_bus_cd","blade-table-06-business-income-tax-bit","Base rate entity","Variable name matched inst/blade_metadata/variables.csv.",""
"blade","BLADE","blade-table-06-business-income-tax-bit","c_bbi_elgbl_ast_opt_out_num","integer",500,"direct_blade_variable_metadata","BLADE","c_bbi_elgbl_ast_opt_out_num","blade-table-06-business-income-tax-bit","Backing business investment - Number of assets you are opting out for","Variable name matched inst/blade_metadata/variables.csv.",""
"blade","BLADE","blade-table-06-business-income-tax-bit","c_bbi_elgbl_ast_opt_out_val_amt","numeric",500,"direct_blade_variable_metadata","BLADE","c_bbi_elgbl_ast_opt_out_val_amt","blade-table-06-business-income-tax-bit","Backing business investment - Value of assets you are opting out for","Variable name matched inst/blade_metadata/variables.csv.",""
"blade","BLADE","blade-table-06-business-income-tax-bit","c_blncg_adjst_ctch_up_ddctn_amt","numeric",500,"direct_blade_variable_metadata","BLADE","c_blncg_adjst_ctch_up_ddctn_amt","blade-table-06-business-income-tax-bit","Balancing adjustments - catch up deduction","Variable name matched inst/blade_metadata/variables.csv.",""
"blade","BLADE","blade-table-06-business-income-tax-bit","c_bm_sgmt_cd","integer",500,"direct_blade_variable_metadata","BLADE","c_bm_sgmt_cd","blade-table-06-business-income-tax-bit","Small business","Variable name matched inst/blade_metadata/variables.csv.",""
"blade","BLADE","blade-table-06-business-income-tax-bit","c_brdexemp","integer",500,"direct_blade_variable_metadata","BLADE","c_brdexemp","blade-table-06-business-income-tax-bit","Attributed foreign income - Listed country","Variable name matched inst/blade_metadata/variables.csv.",""
"blade","BLADE","blade-table-06-business-income-tax-bit","c_busmarin","integer",500,"direct_blade_variable_metadata","BLADE","c_busmarin","blade-table-06-business-income-tax-bit","Business market segment","Variable name matched inst/blade_metadata/variables.csv.",""
"blade","BLADE","blade-table-06-business-income-tax-bit","c_chsnmdyrntutlstxlsbckerlyyramt","numeric",500,"direct_blade_variable_metadata","BLADE","c_chsnmdyrntutlstxlsbckerlyyramt","blade-table-06-business-income-tax-bit","Tax loss for middle year (not already utilised) chosen to be carried back to earliest year","Variable name matched inst/blade_metadata/variables.csv.",""
"blade","BLADE","blade-table-06-business-income-tax-bit","c_chsnyrtaxlssbckerlyyramt","numeric",500,"direct_blade_variable_metadata","BLADE","c_chsnyrtaxlssbckerlyyramt","blade-table-06-business-income-tax-bit","Tax loss for current year chosen to be carried back to earliest year","Variable name matched inst/blade_metadata/variables.csv.",""
"blade","BLADE","blade-table-06-business-income-tax-bit","c_clnt_glbl_ent_typ_cd","integer",500,"direct_blade_variable_metadata","BLADE","c_clnt_glbl_ent_typ_cd","blade-table-06-business-income-tax-bit","Significant global entity","Variable name matched inst/blade_metadata/variables.csv.",""
"blade","BLADE","blade-table-06-business-income-tax-bit","c_clostock","numeric",500,"direct_blade_variable_metadata","BLADE","c_clostock","blade-table-06-business-income-tax-bit","Closing stock","Variable name matched inst/blade_metadata/variables.csv.",""
"blade","BLADE","blade-table-06-business-income-tax-bit","c_cmrcl_debts_forgvn_amt","numeric",500,"direct_blade_variable_metadata","BLADE","c_cmrcl_debts_forgvn_amt","blade-table-06-business-income-tax-bit","Commercial debt forgiveness","Variable name matched inst/blade_metadata/variables.csv.",""
"blade","BLADE","blade-table-06-business-income-tax-bit","c_costsale","numeric",500,"direct_blade_variable_metadata","BLADE","c_costsale","blade-table-06-business-income-tax-bit","Cost of sales","Variable name matched inst/blade_metadata/variables.csv.",""
"blade","BLADE","blade-table-06-business-income-tax-bit","c_coy_cntry_dcd","integer",500,"direct_blade_variable_metadata","BLADE","c_coy_cntry_dcd","blade-table-06-business-income-tax-bit","Business Address Country","Variable name matched inst/blade_metadata/variables.csv.",""
"blade","BLADE","blade-table-06-business-income-tax-bit","c_creditrs","numeric",500,"direct_blade_variable_metadata","BLADE","c_creditrs","blade-table-06-business-income-tax-bit","Trade creditors","Variable name matched inst/blade_metadata/variables.csv.",""
"blade","BLADE","blade-table-06-business-income-tax-bit","c_cstockcd","numeric",500,"direct_blade_variable_metadata","BLADE","c_cstockcd","blade-table-06-business-income-tax-bit","Closing stock action code","Variable name matched inst/blade_metadata/variables.csv.",""
"blade","BLADE","blade-table-06-business-income-tax-bit","c_currasst","numeric",500,"direct_blade_variable_metadata","BLADE","c_currasst","blade-table-06-business-income-tax-bit","Current assets","Variable name matched inst/blade_metadata/variables.csv.",""
"blade","BLADE","blade-table-06-business-income-tax-bit","c_currliab","numeric",500,"direct_blade_variable_metadata","BLADE","c_currliab","blade-table-06-business-income-tax-bit","Current liabilities","Variable name matched inst/blade_metadata/variables.csv.",""
"blade","BLADE","blade-table-06-business-income-tax-bit","c_cwrksded","numeric",500,"direct_blade_variable_metadata","BLADE","c_cwrksded","blade-table-06-business-income-tax-bit","Capital works deductions","Variable name matched inst/blade_metadata/variables.csv.",""
"blade","BLADE","blade-table-06-business-income-tax-bit","c_ddctd_tl_amt","numeric",500,"direct_blade_variable_metadata","BLADE","c_ddctd_tl_amt","blade-table-06-business-income-tax-bit","Tax losses deducted","Variable name matched inst/blade_metadata/variables.csv.",""
"blade","BLADE","blade-table-06-business-income-tax-bit","c_ddctn_decln_val_wtr_fclty_amt","numeric",500,"direct_blade_variable_metadata","BLADE","c_ddctn_decln_val_wtr_fclty_amt","blade-table-06-business-income-tax-bit","Landcare operations and deduction for decline in value of water facility","Variable name matched inst/blade_metadata/variables.csv.",""
"blade","BLADE","blade-table-06-business-income-tax-bit","c_ddctn_for_epe_amt","numeric",500,"direct_blade_variable_metadata","BLADE","c_ddctn_for_epe_amt","blade-table-06-business-income-tax-bit","Deduction for environmental protection expenses","Variable name matched inst/blade_metadata/variables.csv.",""
"blade","BLADE","blade-table-06-business-income-tax-bit","c_ddctn_skill_trng_amt","numeric",500,"direct_blade_variable_metadata","BLADE","c_ddctn_skill_trng_amt","blade-table-06-business-income-tax-bit","Small business skills and training boost","Variable name matched inst/blade_metadata/variables.csv.",""
"blade","BLADE","blade-table-06-business-income-tax-bit","c_ddctn_tchnlgy_invmt_amt","numeric",500,"direct_blade_variable_metadata","BLADE","c_ddctn_tchnlgy_invmt_amt","blade-table-06-business-income-tax-bit","Small business technology investment boost","Variable name matched inst/blade_metadata/variables.csv.",""
"blade","BLADE","blade-table-06-business-income-tax-bit","c_ddctns_intrm_rls_amt","numeric",500,"direct_blade_variable_metadata","BLADE","c_ddctns_intrm_rls_amt","blade-table-06-business-income-tax-bit","Interim rules deductions","Variable name matched inst/blade_metadata/variables.csv.",""
"blade","BLADE","blade-table-06-business-income-tax-bit","c_ddctns_pre_rls_amt","numeric",500,"direct_blade_variable_metadata","BLADE","c_ddctns_pre_rls_amt","blade-table-06-business-income-tax-bit","Pre rules deductions","Variable name matched inst/blade_metadata/variables.csv.",""
"blade","BLADE","blade-table-06-business-income-tax-bit","c_ddctns_prspctv_rls_amt","numeric",500,"direct_blade_variable_metadata","BLADE","c_ddctns_prspctv_rls_amt","blade-table-06-business-income-tax-bit","Prospective rules deductions","Variable name matched inst/blade_metadata/variables.csv.",""
"blade","BLADE","blade-table-06-business-income-tax-bit","c_debtors","numeric",500,"direct_blade_variable_metadata","BLADE","c_debtors","blade-table-06-business-income-tax-bit","Trade debtors","Variable name matched inst/blade_metadata/variables.csv.",""
"blade","BLADE","blade-table-06-business-income-tax-bit","c_deprdedc","numeric",500,"direct_blade_variable_metadata","BLADE","c_deprdedc","blade-table-06-business-income-tax-bit","Depreciation deducted","Variable name matched inst/blade_metadata/variables.csv.",""
"blade","BLADE","blade-table-06-business-income-tax-bit","c_deprexps","numeric",500,"direct_blade_variable_metadata","BLADE","c_deprexps","blade-table-06-business-income-tax-bit","Depreciation expenses","Variable name matched inst/blade_metadata/variables.csv.",""
"blade","BLADE","blade-table-06-business-income-tax-bit","c_div_frnkg_acnt_closg_bal_amt","numeric",500,"direct_blade_variable_metadata","BLADE","c_div_frnkg_acnt_closg_bal_amt","blade-table-06-business-income-tax-bit","Closing Franking Account Balance","Variable name matched inst/blade_metadata/variables.csv.",""
"blade","BLADE","blade-table-06-business-income-tax-bit","c_div_frnkg_acnt_opng_bal_amt","numeric",500,"direct_blade_variable_metadata","BLADE","c_div_frnkg_acnt_opng_bal_amt","blade-table-06-business-income-tax-bit","Opening Franking Account Balance","Variable name matched inst/blade_metadata/variables.csv.",""
"blade","BLADE","blade-table-06-business-income-tax-bit","c_divfrank","numeric",500,"direct_blade_variable_metadata","BLADE","c_divfrank","blade-table-06-business-income-tax-bit","Dividends paid franked","Variable name matched inst/blade_metadata/variables.csv.",""
"blade","BLADE","blade-table-06-business-income-tax-bit","c_divs_fcr_amt","numeric",500,"direct_blade_variable_metadata","BLADE","c_divs_fcr_amt","blade-table-06-business-income-tax-bit","Franking credits","Variable name matched inst/blade_metadata/variables.csv.",""
"blade","BLADE","blade-table-06-business-income-tax-bit","c_divs_frnkg_tax_ofsts_excs_amt","numeric",500,"direct_blade_variable_metadata","BLADE","c_divs_frnkg_tax_ofsts_excs_amt","blade-table-06-business-income-tax-bit","Excess franking offsets","Variable name matched inst/blade_metadata/variables.csv.",""
"blade","BLADE","blade-table-06-business-income-tax-bit","c_divufran","integer",500,"direct_blade_variable_metadata","BLADE","c_divufran","blade-table-06-business-income-tax-bit","Unfranked dividends paid","Variable name matched inst/blade_metadata/variables.csv.",""
"blade","BLADE","blade-table-06-business-income-tax-bit","c_dstst_cd","integer",500,"direct_blade_variable_metadata","BLADE","c_dstst_cd","blade-table-06-business-income-tax-bit","Gross distribution from trusts code","Variable name matched inst/blade_metadata/variables.csv.",""
"blade","BLADE","blade-table-06-business-income-tax-bit","c_dvidausdexplrprspctttlddctamt","numeric",500,"direct_blade_variable_metadata","BLADE","c_dvidausdexplrprspctttlddctamt","blade-table-06-business-income-tax-bit","Total deduction - decline in value of intangible depreciating assets used in exploration/prospecting","Variable name matched inst/blade_metadata/variables.csv.",""
"blade","BLADE","blade-table-06-business-income-tax-bit","c_dvodausdexplrprspctttlddctamt","numeric",500,"direct_blade_variable_metadata","BLADE","c_dvodausdexplrprspctttlddctamt","blade-table-06-business-income-tax-bit","Total deduction for decline in value of other depreciating assets used in exploration or prospecting","Variable name matched inst/blade_metadata/variables.csv.",""
"blade","BLADE","blade-table-06-business-income-tax-bit","c_elgbl_ast_bbi_cd","integer",500,"direct_blade_variable_metadata","BLADE","c_elgbl_ast_bbi_cd","blade-table-06-business-income-tax-bit","Are you opting out of Backing business investment for some or all of your eligible assets?","Variable name matched inst/blade_metadata/variables.csv.",""
"blade","BLADE","blade-table-06-business-income-tax-bit","c_elgbl_ast_clm_num","integer",500,"direct_blade_variable_metadata","BLADE","c_elgbl_ast_clm_num","blade-table-06-business-income-tax-bit","Temporary full expensing - Number of assets you are claiming for","Variable name matched inst/blade_metadata/variables.csv.",""
"blade","BLADE","blade-table-06-business-income-tax-bit","c_elgbl_ast_opt_out_cd","integer",500,"direct_blade_variable_metadata","BLADE","c_elgbl_ast_opt_out_cd","blade-table-06-business-income-tax-bit","Are you making a choice to opt out of temporary full expensing for some or all of your eligible assets","Variable name matched inst/blade_metadata/variables.csv.",""
"blade","BLADE","blade-table-06-business-income-tax-bit","c_endofincmyradjstblvalstotlamt","numeric",500,"direct_blade_variable_metadata","BLADE","c_endofincmyradjstblvalstotlamt","blade-table-06-business-income-tax-bit","Total adjustable values at end of income year","Variable name matched inst/blade_metadata/variables.csv.",""
"blade","BLADE","blade-table-06-business-income-tax-bit","c_erlyst_yr_it_lblty_amt","integer",500,"direct_blade_variable_metadata","BLADE","c_erlyst_yr_it_lblty_amt","blade-table-06-business-income-tax-bit","Income tax liability for earliest year","Variable name matched inst/blade_metadata/variables.csv.",""
"blade","BLADE","blade-table-06-business-income-tax-bit","c_erlyst_yr_net_exmt_incm_amt","integer",500,"direct_blade_variable_metadata","BLADE","c_erlyst_yr_net_exmt_incm_amt","blade-table-06-business-income-tax-bit","Net exempt income for earliest year","Variable name matched inst/blade_metadata/variables.csv.",""
"blade","BLADE","blade-table-06-business-income-tax-bit","c_esi_to_amt","numeric",500,"direct_blade_variable_metadata","BLADE","c_esi_to_amt","blade-table-06-business-income-tax-bit","Early stage investor tax offset C - current year tax offset T - Non-refundable carry forward tax offsets","Variable name matched inst/blade_metadata/variables.csv.",""
"blade","BLADE","blade-table-06-business-income-tax-bit","c_esi_to_prvs_yr_amt","integer",500,"direct_blade_variable_metadata","BLADE","c_esi_to_prvs_yr_amt","blade-table-06-business-income-tax-bit","Early stage investor tax offset - tax offset carried forward from a previous year","Variable name matched inst/blade_metadata/variables.csv.",""
"blade","BLADE","blade-table-06-business-income-tax-bit","c_esvclp_to_amt","numeric",500,"direct_blade_variable_metadata","BLADE","c_esvclp_to_amt","blade-table-06-business-income-tax-bit","Early stage venture capital limited partnership tax offset C - current year tax offset T - Non-refundable carry forward tax offsets","Variable name matched inst/blade_metadata/variables.csv.",""
"blade","BLADE","blade-table-06-business-income-tax-bit","c_esvclp_to_prvs_yr_amt","integer",500,"direct_blade_variable_metadata","BLADE","c_esvclp_to_prvs_yr_amt","blade-table-06-business-income-tax-bit","Early stage venture capital limited partnership tax offset - tax offset carried forward from a previous year","Variable name matched inst/blade_metadata/variables.csv.",""
"blade","BLADE","blade-table-06-business-income-tax-bit","c_exemptax","numeric",500,"direct_blade_variable_metadata","BLADE","c_exemptax","blade-table-06-business-income-tax-bit","Exempt income","Variable name matched inst/blade_metadata/variables.csv.",""
"blade","BLADE","blade-table-06-business-income-tax-bit","c_expnss_fincl_arngmts_tofa_amt","numeric",500,"direct_blade_variable_metadata","BLADE","c_expnss_fincl_arngmts_tofa_amt","blade-table-06-business-income-tax-bit","Expenses from financial arrangements (TOFA)","Variable name matched inst/blade_metadata/variables.csv.",""
"blade","BLADE","blade-table-06-business-income-tax-bit","c_extnlabr","numeric",500,"direct_blade_variable_metadata","BLADE","c_extnlabr","blade-table-06-business-income-tax-bit","Contractor, sub-contractor and commission expenses (previously labelled External labour costs)","Variable name matched inst/blade_metadata/variables.csv.",""
"blade","BLADE","blade-table-06-business-income-tax-bit","c_extraitm","integer",500,"direct_blade_variable_metadata","BLADE","c_extraitm","blade-table-06-business-income-tax-bit","Extraordinary revenue or expenses","Variable name matched inst/blade_metadata/variables.csv.",""
"blade","BLADE","blade-table-06-business-income-tax-bit","c_f_ostran","integer",500,"direct_blade_variable_metadata","BLADE","c_f_ostran","blade-table-06-business-income-tax-bit","Overseas transaction indicator","Variable name matched inst/blade_metadata/variables.csv.",""
"blade","BLADE","blade-table-06-business-income-tax-bit","c_fcrncy","integer",500,"direct_blade_variable_metadata","BLADE","c_fcrncy","blade-table-06-business-income-tax-bit","Functional currency chosen","Variable name matched inst/blade_metadata/variables.csv.",""
"blade","BLADE","blade-table-06-business-income-tax-bit","c_fcrncyrt","integer",500,"direct_blade_variable_metadata","BLADE","c_fcrncyrt","blade-table-06-business-income-tax-bit","Functional currency translation rate","Variable name matched inst/blade_metadata/variables.csv.",""
"blade","BLADE","blade-table-06-business-income-tax-bit","c_fedstk_adjstmt_adtnl_ai_amt","numeric",500,"direct_blade_variable_metadata","BLADE","c_fedstk_adjstmt_adtnl_ai_amt","blade-table-06-business-income-tax-bit","Feedstock adjustment - additional assessable income","Variable name matched inst/blade_metadata/variables.csv.",""
"blade","BLADE","blade-table-06-business-income-tax-bit","c_fees_and_chrgs_amt","numeric",500,"direct_blade_variable_metadata","BLADE","c_fees_and_chrgs_amt","blade-table-06-business-income-tax-bit","Fees and charges","Variable name matched inst/blade_metadata/variables.csv.",""
"blade","BLADE","blade-table-06-business-income-tax-bit","c_fgnsiind","integer",500,"direct_blade_variable_metadata","BLADE","c_fgnsiind","blade-table-06-business-income-tax-bit","Foreign source income indicator","Variable name matched inst/blade_metadata/variables.csv.",""
"blade","BLADE","blade-table-06-business-income-tax-bit","c_forgn_fincl_ent_tl_tfrd_in_amt","numeric",500,"direct_blade_variable_metadata","BLADE","c_forgn_fincl_ent_tl_tfrd_in_amt","blade-table-06-business-income-tax-bit","Tax losses transferred in","Variable name matched inst/blade_metadata/variables.csv.",""
"blade","BLADE","blade-table-06-business-income-tax-bit","c_forgn_incm_grs_amt","numeric",500,"direct_blade_variable_metadata","BLADE","c_forgn_incm_grs_amt","blade-table-06-business-income-tax-bit","Gross foreign income","Variable name matched inst/blade_metadata/variables.csv.",""
"blade","BLADE","blade-table-06-business-income-tax-bit","c_franbalc","integer",500,"direct_blade_variable_metadata","BLADE","c_franbalc","blade-table-06-business-income-tax-bit","Franking account balance","Variable name matched inst/blade_metadata/variables.csv.",""
"blade","BLADE","blade-table-06-business-income-tax-bit","c_frgcontr","integer",500,"direct_blade_variable_metadata","BLADE","c_frgcontr","blade-table-06-business-income-tax-bit","Fringe benefit employee contributions","Variable name matched inst/blade_metadata/variables.csv.",""
"blade","BLADE","blade-table-06-business-income-tax-bit","c_frgnshre","integer",500,"direct_blade_variable_metadata","BLADE","c_frgnshre","blade-table-06-business-income-tax-bit","Percentage of Foreign Shareholding","Variable name matched inst/blade_metadata/variables.csv.",""
"blade","BLADE","blade-table-06-business-income-tax-bit","c_frkngdefto","integer",500,"direct_blade_variable_metadata","BLADE","c_frkngdefto","blade-table-06-business-income-tax-bit","Franking deficit tax offset","Variable name matched inst/blade_metadata/variables.csv.",""
"blade","BLADE","blade-table-06-business-income-tax-bit","c_frntaxcr","numeric",500,"direct_blade_variable_metadata","BLADE","c_frntaxcr","blade-table-06-business-income-tax-bit","Foreign tax credits","Variable name matched inst/blade_metadata/variables.csv.",""
"blade","BLADE","blade-table-06-business-income-tax-bit","c_frrswexp","integer",500,"direct_blade_variable_metadata","BLADE","c_frrswexp","blade-table-06-business-income-tax-bit","Foreign resident withholding expenses","Variable name matched inst/blade_metadata/variables.csv.",""
"blade","BLADE","blade-table-06-business-income-tax-bit","c_frrswinc","numeric",500,"direct_blade_variable_metadata","BLADE","c_frrswinc","blade-table-06-business-income-tax-bit","Gross payments subject to FRW (income item)","Variable name matched inst/blade_metadata/variables.csv.",""
"blade","BLADE","blade-table-06-business-income-tax-bit","c_frst_yr_ast_dprtn_bbi_ddctn_to","integer",500,"direct_blade_variable_metadata","BLADE","c_frst_yr_ast_dprtn_bbi_ddctn_to","blade-table-06-business-income-tax-bit","First year accelerated depreciation deductions for assets using Backing business Investment","Variable name matched inst/blade_metadata/variables.csv.",""
"blade","BLADE","blade-table-06-business-income-tax-bit","c_frstry_mngd_invmtschm_incm_amt","numeric",500,"direct_blade_variable_metadata","BLADE","c_frstry_mngd_invmtschm_incm_amt","blade-table-06-business-income-tax-bit","Forestry managed investment scheme income","Variable name matched inst/blade_metadata/variables.csv.",""
"blade","BLADE","blade-table-06-business-income-tax-bit","c_frstrymngd_invmtschm_ddctn_amt","numeric",500,"direct_blade_variable_metadata","BLADE","c_frstrymngd_invmtschm_ddctn_amt","blade-table-06-business-income-tax-bit","Forestry managed investment scheme deductions","Variable name matched inst/blade_metadata/variables.csv.",""
"blade","BLADE","blade-table-06-business-income-tax-bit","c_ftcrsprd","integer",500,"direct_blade_variable_metadata","BLADE","c_ftcrsprd","blade-table-06-business-income-tax-bit","Tax spared foreign tax credits","Variable name matched inst/blade_metadata/variables.csv.",""
"blade","BLADE","blade-table-06-business-income-tax-bit","c_fy_2019_it_lblty_amt","numeric",500,"direct_blade_variable_metadata","BLADE","c_fy_2019_it_lblty_amt","blade-table-06-business-income-tax-bit","Income Tax liability 2018-19","Variable name matched inst/blade_metadata/variables.csv.",""
"blade","BLADE","blade-table-06-business-income-tax-bit","c_fy_2019_net_exmt_incm_amt","numeric",500,"direct_blade_variable_metadata","BLADE","c_fy_2019_net_exmt_incm_amt","blade-table-06-business-income-tax-bit","Net exempt income 2018-19","Variable name matched inst/blade_metadata/variables.csv.",""
"blade","BLADE","blade-table-06-business-income-tax-bit","c_fy_2020_agrgtd_tnovr_amt","numeric",500,"direct_blade_variable_metadata","BLADE","c_fy_2020_agrgtd_tnovr_amt","blade-table-06-business-income-tax-bit","Aggregated turnover (Losses information) for 2019-20","Variable name matched inst/blade_metadata/variables.csv.",""
"blade","BLADE","blade-table-06-business-income-tax-bit","c_fy_2020_agrgtd_tnovr_rng_cd","numeric",500,"direct_blade_variable_metadata","BLADE","c_fy_2020_agrgtd_tnovr_rng_cd","blade-table-06-business-income-tax-bit","Select your aggregated turnover range (Losses information) for 2019-20","Variable name matched inst/blade_metadata/variables.csv.",""
"blade","BLADE","blade-table-06-business-income-tax-bit","c_fy_2020_it_lblty_amt","numeric",500,"direct_blade_variable_metadata","BLADE","c_fy_2020_it_lblty_amt","blade-table-06-business-income-tax-bit","Income Tax liability 2019-20","Variable name matched inst/blade_metadata/variables.csv.",""
"blade","BLADE","blade-table-06-business-income-tax-bit","c_fy_2020_net_exmt_incm_amt","numeric",500,"direct_blade_variable_metadata","BLADE","c_fy_2020_net_exmt_incm_amt","blade-table-06-business-income-tax-bit","Net exempt income 2019-20","Variable name matched inst/blade_metadata/variables.csv.",""
"blade","BLADE","blade-table-06-business-income-tax-bit","c_fy_2020_tax_rt","numeric",500,"direct_blade_variable_metadata","BLADE","c_fy_2020_tax_rt","blade-table-06-business-income-tax-bit","Tax rate 2019-20","Variable name matched inst/blade_metadata/variables.csv.",""
"blade","BLADE","blade-table-06-business-income-tax-bit","c_fy_2020_to_fy_2019_tax_lss_cba","numeric",500,"direct_blade_variable_metadata","BLADE","c_fy_2020_to_fy_2019_tax_lss_cba","blade-table-06-business-income-tax-bit","Tax loss 2019-20 carried back to 2018-19","Variable name matched inst/blade_metadata/variables.csv.",""
"blade","BLADE","blade-table-06-business-income-tax-bit","c_fy_2021_agrgtd_tnovr_amt","numeric",500,"direct_blade_variable_metadata","BLADE","c_fy_2021_agrgtd_tnovr_amt","blade-table-06-business-income-tax-bit","Aggregated turnover (Losses information) for 2020-21","Variable name matched inst/blade_metadata/variables.csv.",""
"blade","BLADE","blade-table-06-business-income-tax-bit","c_fy_2021_agrgtd_tnovr_rng_cd","numeric",500,"direct_blade_variable_metadata","BLADE","c_fy_2021_agrgtd_tnovr_rng_cd","blade-table-06-business-income-tax-bit","Select your aggregated turnover range (Losses information) for 2020-21","Variable name matched inst/blade_metadata/variables.csv.",""
"blade","BLADE","blade-table-06-business-income-tax-bit","c_fy_2021_it_lblty_amt","numeric",500,"direct_blade_variable_metadata","BLADE","c_fy_2021_it_lblty_amt","blade-table-06-business-income-tax-bit","Income Tax liability 2020-21","Variable name matched inst/blade_metadata/variables.csv.",""
"blade","BLADE","blade-table-06-business-income-tax-bit","c_fy_2021_net_exmt_incm_amt","numeric",500,"direct_blade_variable_metadata","BLADE","c_fy_2021_net_exmt_incm_amt","blade-table-06-business-income-tax-bit","Net exempt income 2020-21","Variable name matched inst/blade_metadata/variables.csv.",""
"blade","BLADE","blade-table-06-business-income-tax-bit","c_fy_2021_tax_rt","numeric",500,"direct_blade_variable_metadata","BLADE","c_fy_2021_tax_rt","blade-table-06-business-income-tax-bit","Tax rate 2020-21","Variable name matched inst/blade_metadata/variables.csv.",""
"blade","BLADE","blade-table-06-business-income-tax-bit","c_fy_2021_to_fy_2019_tax_lss_cba","numeric",500,"direct_blade_variable_metadata","BLADE","c_fy_2021_to_fy_2019_tax_lss_cba","blade-table-06-business-income-tax-bit","Tax loss 2020-21 carried back to 2018-19","Variable name matched inst/blade_metadata/variables.csv.",""
"blade","BLADE","blade-table-06-business-income-tax-bit","c_fy_2021_to_fy_2020_tax_lss_cba","numeric",500,"direct_blade_variable_metadata","BLADE","c_fy_2021_to_fy_2020_tax_lss_cba","blade-table-06-business-income-tax-bit","Tax loss 2020-21 carried back to 2019-20","Variable name matched inst/blade_metadata/variables.csv.",""
"blade","BLADE","blade-table-06-business-income-tax-bit","c_fy_2022_agrgtd_tnovr_amt","numeric",500,"direct_blade_variable_metadata","BLADE","c_fy_2022_agrgtd_tnovr_amt","blade-table-06-business-income-tax-bit","Aggregated turnover (Losses information) for 2021-22","Variable name matched inst/blade_metadata/variables.csv.",""
"blade","BLADE","blade-table-06-business-income-tax-bit","c_fy_2022_agrgtd_tnovr_rng_cd","numeric",500,"direct_blade_variable_metadata","BLADE","c_fy_2022_agrgtd_tnovr_rng_cd","blade-table-06-business-income-tax-bit","Select your aggregated turnover range (Losses information) for 2021-22","Variable name matched inst/blade_metadata/variables.csv.",""
"blade","BLADE","blade-table-06-business-income-tax-bit","c_fy_2022_it_lblty_amt","numeric",500,"direct_blade_variable_metadata","BLADE","c_fy_2022_it_lblty_amt","blade-table-06-business-income-tax-bit","Income Tax liability 2021-22","Variable name matched inst/blade_metadata/variables.csv.",""
"blade","BLADE","blade-table-06-business-income-tax-bit","c_fy_2022_net_exmt_incm_amt","numeric",500,"direct_blade_variable_metadata","BLADE","c_fy_2022_net_exmt_incm_amt","blade-table-06-business-income-tax-bit","Net exempt income 2021-22","Variable name matched inst/blade_metadata/variables.csv.",""
"blade","BLADE","blade-table-06-business-income-tax-bit","c_fy_2022_tax_rt","numeric",500,"direct_blade_variable_metadata","BLADE","c_fy_2022_tax_rt","blade-table-06-business-income-tax-bit","Tax rate 2021-22","Variable name matched inst/blade_metadata/variables.csv.",""
"blade","BLADE","blade-table-06-business-income-tax-bit","c_fy_2022_to_fy_2019_tax_lss_cba","numeric",500,"direct_blade_variable_metadata","BLADE","c_fy_2022_to_fy_2019_tax_lss_cba","blade-table-06-business-income-tax-bit","Tax loss 2021-22 carried back to 2018-19","Variable name matched inst/blade_metadata/variables.csv.",""
"blade","BLADE","blade-table-06-business-income-tax-bit","c_fy_2022_to_fy_2020_tax_lss_cba","numeric",500,"direct_blade_variable_metadata","BLADE","c_fy_2022_to_fy_2020_tax_lss_cba","blade-table-06-business-income-tax-bit","Tax loss 2021-22 carried back to 2019-20","Variable name matched inst/blade_metadata/variables.csv.",""
"blade","BLADE","blade-table-06-business-income-tax-bit","c_fy_2022_to_fy_2021_tax_lss_cba","numeric",500,"direct_blade_variable_metadata","BLADE","c_fy_2022_to_fy_2021_tax_lss_cba","blade-table-06-business-income-tax-bit","Tax loss 2021-22 carried back to 2020-21","Variable name matched inst/blade_metadata/variables.csv.",""
"blade","BLADE","blade-table-06-business-income-tax-bit","c_fy_2023_to_fy_2019_tax_lss_cba","numeric",500,"direct_blade_variable_metadata","BLADE","c_fy_2023_to_fy_2019_tax_lss_cba","blade-table-06-business-income-tax-bit","Tax loss 2022-23 carried back to 2018-19","Variable name matched inst/blade_metadata/variables.csv.",""
"blade","BLADE","blade-table-06-business-income-tax-bit","c_fy_2023_to_fy_2020_tax_lss_cba","numeric",500,"direct_blade_variable_metadata","BLADE","c_fy_2023_to_fy_2020_tax_lss_cba","blade-table-06-business-income-tax-bit","Tax loss 2022-23 carried back to 2019-20","Variable name matched inst/blade_metadata/variables.csv.",""
"blade","BLADE","blade-table-06-business-income-tax-bit","c_fy_2023_to_fy_2021_tax_lss_cba","numeric",500,"direct_blade_variable_metadata","BLADE","c_fy_2023_to_fy_2021_tax_lss_cba","blade-table-06-business-income-tax-bit","Tax loss 2022-23 carried back to 2020-21","Variable name matched inst/blade_metadata/variables.csv.",""
"blade","BLADE","blade-table-06-business-income-tax-bit","c_fy_2023_to_fy_2022_tax_lss_cba","numeric",500,"direct_blade_variable_metadata","BLADE","c_fy_2023_to_fy_2022_tax_lss_cba","blade-table-06-business-income-tax-bit","Tax loss 2022-23 carried back to 2021-22","Variable name matched inst/blade_metadata/variables.csv.",""
"blade","BLADE","blade-table-06-business-income-tax-bit","c_govind","integer",500,"direct_blade_variable_metadata","BLADE","c_govind","blade-table-06-business-income-tax-bit","Assessable government industry payments","Variable name matched inst/blade_metadata/variables.csv.",""
"blade","BLADE","blade-table-06-business-income-tax-bit","c_govindcd","integer",500,"direct_blade_variable_metadata","BLADE","c_govindcd","blade-table-06-business-income-tax-bit","Assessable government industry payments code","Variable name matched inst/blade_metadata/variables.csv.",""
"blade","BLADE","blade-table-06-business-income-tax-bit","c_gpnabn","integer",500,"direct_blade_variable_metadata","BLADE","c_gpnabn","blade-table-06-business-income-tax-bit","Gross payments where ABN not quoted","Variable name matched inst/blade_metadata/variables.csv.",""
"blade","BLADE","blade-table-06-business-income-tax-bit","c_grosdivd","numeric",500,"direct_blade_variable_metadata","BLADE","c_grosdivd","blade-table-06-business-income-tax-bit","Total dividends","Variable name matched inst/blade_metadata/variables.csv.",""
"blade","BLADE","blade-table-06-business-income-tax-bit","c_grosintr","numeric",500,"direct_blade_variable_metadata","BLADE","c_grosintr","blade-table-06-business-income-tax-bit","Gross interest","Variable name matched inst/blade_metadata/variables.csv.",""
"blade","BLADE","blade-table-06-business-income-tax-bit","c_grosrent","numeric",500,"direct_blade_variable_metadata","BLADE","c_grosrent","blade-table-06-business-income-tax-bit","Gross rents, leasing and hiring","Variable name matched inst/blade_metadata/variables.csv.",""
"blade","BLADE","blade-table-06-business-income-tax-bit","c_grs_txbl_cntrbtns_amt","numeric",500,"direct_blade_variable_metadata","BLADE","c_grs_txbl_cntrbtns_amt","blade-table-06-business-income-tax-bit","Assessable contributions","Variable name matched inst/blade_metadata/variables.csv.",""
"blade","BLADE","blade-table-06-business-income-tax-bit","c_grstx","integer",500,"direct_blade_variable_metadata","BLADE","c_grstx","blade-table-06-business-income-tax-bit","Gross tax","Variable name matched inst/blade_metadata/variables.csv.",""
"blade","BLADE","blade-table-06-business-income-tax-bit","c_ic_sec102aam_amt","numeric",500,"direct_blade_variable_metadata","BLADE","c_ic_sec102aam_amt","blade-table-06-business-income-tax-bit","Section 102AAM interest charge","Variable name matched inst/blade_metadata/variables.csv.",""
"blade","BLADE","blade-table-06-business-income-tax-bit","c_ida_assbl_blncg_adjstmts_amt","numeric",500,"direct_blade_variable_metadata","BLADE","c_ida_assbl_blncg_adjstmts_amt","blade-table-06-business-income-tax-bit","Assessable balancing adjustments on the disposal of intangible depreciating assets","Variable name matched inst/blade_metadata/variables.csv.",""
"blade","BLADE","blade-table-06-business-income-tax-bit","c_ida_ddctbl_blncg_adjstmts_amt","numeric",500,"direct_blade_variable_metadata","BLADE","c_ida_ddctbl_blncg_adjstmts_amt","blade-table-06-business-income-tax-bit","Deductible balancing adjustments on the disposal of intangible depreciating assets","Variable name matched inst/blade_metadata/variables.csv.",""
"blade","BLADE","blade-table-06-business-income-tax-bit","c_imdt_ddctn_for_ce_amt","numeric",500,"direct_blade_variable_metadata","BLADE","c_imdt_ddctn_for_ce_amt","blade-table-06-business-income-tax-bit","Immediate deduction for capital expenditure","Variable name matched inst/blade_metadata/variables.csv.",""
"blade","BLADE","blade-table-06-business-income-tax-bit","c_inclosp","numeric",500,"direct_blade_variable_metadata","BLADE","c_inclosp","blade-table-06-business-income-tax-bit","Gross distribution from partnerships","Variable name matched inst/blade_metadata/variables.csv.",""
"blade","BLADE","blade-table-06-business-income-tax-bit","c_inclost","numeric",500,"direct_blade_variable_metadata","BLADE","c_inclost","blade-table-06-business-income-tax-bit","Gross distribution from trusts","Variable name matched inst/blade_metadata/variables.csv.",""
"blade","BLADE","blade-table-06-business-income-tax-bit","c_incm_fincl_arngmts_tofa_amt","numeric",500,"direct_blade_variable_metadata","BLADE","c_incm_fincl_arngmts_tofa_amt","blade-table-06-business-income-tax-bit","Income from financial arrangements (TOFA)","Variable name matched inst/blade_metadata/variables.csv.",""
"blade","BLADE","blade-table-06-business-income-tax-bit","c_inettrad","numeric",500,"direct_blade_variable_metadata","BLADE","c_inettrad","blade-table-06-business-income-tax-bit","Internet Trading Indicator","Variable name matched inst/blade_metadata/variables.csv.",""
"blade","BLADE","blade-table-06-business-income-tax-bit","c_intdepas","integer",500,"direct_blade_variable_metadata","BLADE","c_intdepas","blade-table-06-business-income-tax-bit","Intangible depreciating assets first deducted","Variable name matched inst/blade_metadata/variables.csv.",""
"blade","BLADE","blade-table-06-business-income-tax-bit","c_intdlgin","integer",500,"direct_blade_variable_metadata","BLADE","c_intdlgin","blade-table-06-business-income-tax-bit","International dealings indicator","Variable name matched inst/blade_metadata/variables.csv.",""
"blade","BLADE","blade-table-06-business-income-tax-bit","c_intexpau","integer",500,"direct_blade_variable_metadata","BLADE","c_intexpau","blade-table-06-business-income-tax-bit","Interest expenses in Australia","Variable name matched inst/blade_metadata/variables.csv.",""
"blade","BLADE","blade-table-06-business-income-tax-bit","c_intexpos","integer",500,"direct_blade_variable_metadata","BLADE","c_intexpos","blade-table-06-business-income-tax-bit","Interest expenses overseas","Variable name matched inst/blade_metadata/variables.csv.",""
"blade","BLADE","blade-table-06-business-income-tax-bit","c_it_pybl_notfncntrbtns_incm_amt","numeric",500,"direct_blade_variable_metadata","BLADE","c_it_pybl_notfncntrbtns_incm_amt","blade-table-06-business-income-tax-bit","Income tax payable on no-TFN contributions income","Variable name matched inst/blade_metadata/variables.csv.",""
"blade","BLADE","blade-table-06-business-income-tax-bit","c_itm_6_incm_lab_psi_totl_amt","numeric",500,"direct_blade_variable_metadata","BLADE","c_itm_6_incm_lab_psi_totl_amt","blade-table-06-business-income-tax-bit","Total amount of PSI included at item 6 income labels","Variable name matched inst/blade_metadata/variables.csv.",""
"blade","BLADE","blade-table-06-business-income-tax-bit","c_itm6expnslabpsitotlddctnsamt","numeric",500,"direct_blade_variable_metadata","BLADE","c_itm6expnslabpsitotlddctnsamt","blade-table-06-business-income-tax-bit","Total amount of deductions against PSI included at item 6 expense labels","Variable name matched inst/blade_metadata/variables.csv.",""
"blade","BLADE","blade-table-06-business-income-tax-bit","c_label_d","integer",500,"direct_blade_variable_metadata","BLADE","c_label_d","blade-table-06-business-income-tax-bit","Accounting expenditure in item 6 subject to R&D tax incentive","Variable name matched inst/blade_metadata/variables.csv.",""
"blade","BLADE","blade-table-06-business-income-tax-bit","c_label_l","integer",500,"direct_blade_variable_metadata","BLADE","c_label_l","blade-table-06-business-income-tax-bit","Australian owned R&D tax concession – not including label M","Variable name matched inst/blade_metadata/variables.csv.",""
"blade","BLADE","blade-table-06-business-income-tax-bit","c_label_m","integer",500,"direct_blade_variable_metadata","BLADE","c_label_m","blade-table-06-business-income-tax-bit","Australian owned R&D – extra incremental 50% deduction","Variable name matched inst/blade_metadata/variables.csv.",""
"blade","BLADE","blade-table-06-business-income-tax-bit","c_label_u","integer",500,"direct_blade_variable_metadata","BLADE","c_label_u","blade-table-06-business-income-tax-bit","R&D tax offset","Variable name matched inst/blade_metadata/variables.csv.",""
"blade","BLADE","blade-table-06-business-income-tax-bit","c_label_y","integer",500,"direct_blade_variable_metadata","BLADE","c_label_y","blade-table-06-business-income-tax-bit","R&D tax offset, if chosen","Variable name matched inst/blade_metadata/variables.csv.",""
"blade","BLADE","blade-table-06-business-income-tax-bit","c_leaexpau","integer",500,"direct_blade_variable_metadata","BLADE","c_leaexpau","blade-table-06-business-income-tax-bit","Lease expenses within Australia","Variable name matched inst/blade_metadata/variables.csv.",""
"blade","BLADE","blade-table-06-business-income-tax-bit","c_leaexpos","integer",500,"direct_blade_variable_metadata","BLADE","c_leaexpos","blade-table-06-business-income-tax-bit","Lease expenses overseas","Variable name matched inst/blade_metadata/variables.csv.",""
"blade","BLADE","blade-table-06-business-income-tax-bit","c_loans_to_srhldrs_amt","numeric",500,"direct_blade_variable_metadata","BLADE","c_loans_to_srhldrs_amt","blade-table-06-business-income-tax-bit","Loans to shareholders and their associates","Variable name matched inst/blade_metadata/variables.csv.",""
"blade","BLADE","blade-table-06-business-income-tax-bit","c_lss_crry_bck_to","integer",500,"direct_blade_variable_metadata","BLADE","c_lss_crry_bck_to","blade-table-06-business-income-tax-bit","Loss carry-back tax offset","Variable name matched inst/blade_metadata/variables.csv.",""
"blade","BLADE","blade-table-06-business-income-tax-bit","c_lss_crry_bck_to_amt","numeric",500,"direct_blade_variable_metadata","BLADE","c_lss_crry_bck_to_amt","blade-table-06-business-income-tax-bit","Loss Carry Back Tax Off set","Variable name matched inst/blade_metadata/variables.csv.",""
"blade","BLADE","blade-table-06-business-income-tax-bit","c_ltdexemp","integer",500,"direct_blade_variable_metadata","BLADE","c_ltdexemp","blade-table-06-business-income-tax-bit","AFI - limited-exemption listed country","Variable name matched inst/blade_metadata/variables.csv.",""
"blade","BLADE","blade-table-06-business-income-tax-bit","c_mnngtrnsptprjplalloccetotlamt","numeric",500,"direct_blade_variable_metadata","BLADE","c_mnngtrnsptprjplalloccetotlamt","blade-table-06-business-income-tax-bit","Total mining &/or transport capital expenditure allocated to project pool, deductible this income yr","Variable name matched inst/blade_metadata/variables.csv.",""
"blade","BLADE","blade-table-06-business-income-tax-bit","c_motrexps","numeric",500,"direct_blade_variable_metadata","BLADE","c_motrexps","blade-table-06-business-income-tax-bit","Motor vehicle expenses","Variable name matched inst/blade_metadata/variables.csv.",""
"blade","BLADE","blade-table-06-business-income-tax-bit","c_ncg_amt","numeric",500,"direct_blade_variable_metadata","BLADE","c_ncg_amt","blade-table-06-business-income-tax-bit","Net capital gain","Variable name matched inst/blade_metadata/variables.csv.",""
"blade","BLADE","blade-table-06-business-income-tax-bit","c_net_rsas_ti_amt","numeric",500,"direct_blade_variable_metadata","BLADE","c_net_rsas_ti_amt","blade-table-06-business-income-tax-bit","Net taxable income from Retirement Savings Accounts (RSAs)","Variable name matched inst/blade_metadata/variables.csv.",""
"blade","BLADE","blade-table-06-business-income-tax-bit","c_netcptlgain_cmplygspntncls_amt","numeric",500,"direct_blade_variable_metadata","BLADE","c_netcptlgain_cmplygspntncls_amt","blade-table-06-business-income-tax-bit","Net capital gain - complying superannuation class","Variable name matched inst/blade_metadata/variables.csv.",""
"blade","BLADE","blade-table-06-business-income-tax-bit","c_netcptlgaincmplygordnrycls_amt","numeric",500,"direct_blade_variable_metadata","BLADE","c_netcptlgaincmplygordnrycls_amt","blade-table-06-business-income-tax-bit","Net capital gain - ordinary class","Variable name matched inst/blade_metadata/variables.csv.",""
"blade","BLADE","blade-table-06-business-income-tax-bit","c_netfrinc","numeric",500,"direct_blade_variable_metadata","BLADE","c_netfrinc","blade-table-06-business-income-tax-bit","Net foreign income","Variable name matched inst/blade_metadata/variables.csv.",""
"blade","BLADE","blade-table-06-business-income-tax-bit","c_nlcf_amt","numeric",500,"direct_blade_variable_metadata","BLADE","c_nlcf_amt","blade-table-06-business-income-tax-bit","Net capital losses carried forward to later income years","Variable name matched inst/blade_metadata/variables.csv.",""
"blade","BLADE","blade-table-06-business-income-tax-bit","c_no_tfn_cntrbtns_incm_amt","numeric",500,"direct_blade_variable_metadata","BLADE","c_no_tfn_cntrbtns_incm_amt","blade-table-06-business-income-tax-bit","No-TFN contributions income","Variable name matched inst/blade_metadata/variables.csv.",""
"blade","BLADE","blade-table-06-business-income-tax-bit","c_non_ddctbl_expnss_amt","numeric",500,"direct_blade_variable_metadata","BLADE","c_non_ddctbl_expnss_amt","blade-table-06-business-income-tax-bit","Non-deductible expenses","Variable name matched inst/blade_metadata/variables.csv.",""
"blade","BLADE","blade-table-06-business-income-tax-bit","c_nondedex","numeric",500,"direct_blade_variable_metadata","BLADE","c_nondedex","blade-table-06-business-income-tax-bit","Non-deductible exempt income expenditure","Variable name matched inst/blade_metadata/variables.csv.",""
"blade","BLADE","blade-table-06-business-income-tax-bit","c_nonrfnblefcfto","integer",500,"direct_blade_variable_metadata","BLADE","c_nonrfnblefcfto","blade-table-06-business-income-tax-bit","Non‑refundable carry forward tax offsets","Variable name matched inst/blade_metadata/variables.csv.",""
"blade","BLADE","blade-table-06-business-income-tax-bit","c_nonrfnblencfto","integer",500,"direct_blade_variable_metadata","BLADE","c_nonrfnblencfto","blade-table-06-business-income-tax-bit","Non‑refundable non‑carry forward tax offsets","Variable name matched inst/blade_metadata/variables.csv.",""
"blade","BLADE","blade-table-06-business-income-tax-bit","c_nras_tax_ofst_entlmt_amt","numeric",500,"direct_blade_variable_metadata","BLADE","c_nras_tax_ofst_entlmt_amt","blade-table-06-business-income-tax-bit","National rental affordability scheme tax offset entitlement","Variable name matched inst/blade_metadata/variables.csv.",""
"blade","BLADE","blade-table-06-business-income-tax-bit","c_oaincm","numeric",500,"direct_blade_variable_metadata","BLADE","c_oaincm","blade-table-06-business-income-tax-bit","Other Assessable Income","Variable name matched inst/blade_metadata/variables.csv.",""
"blade","BLADE","blade-table-06-business-income-tax-bit","c_obi_amt","numeric",500,"direct_blade_variable_metadata","BLADE","c_obi_amt","blade-table-06-business-income-tax-bit","Offshore banking unit adjustment","Variable name matched inst/blade_metadata/variables.csv.",""
"blade","BLADE","blade-table-06-business-income-tax-bit","c_opnstock","numeric",500,"direct_blade_variable_metadata","BLADE","c_opnstock","blade-table-06-business-income-tax-bit","Opening stock","Variable name matched inst/blade_metadata/variables.csv.",""
"blade","BLADE","blade-table-06-business-income-tax-bit","c_oproloss","numeric",500,"direct_blade_variable_metadata","BLADE","c_oproloss","blade-table-06-business-income-tax-bit","Operating profit or loss","Variable name matched inst/blade_metadata/variables.csv.",""
"blade","BLADE","blade-table-06-business-income-tax-bit","c_othdepas","integer",500,"direct_blade_variable_metadata","BLADE","c_othdepas","blade-table-06-business-income-tax-bit","Other depreciating assets first deducted","Variable name matched inst/blade_metadata/variables.csv.",""
"blade","BLADE","blade-table-06-business-income-tax-bit","c_othgrinc","numeric",500,"direct_blade_variable_metadata","BLADE","c_othgrinc","blade-table-06-business-income-tax-bit","Other gross income","Variable name matched inst/blade_metadata/variables.csv.",""
"blade","BLADE","blade-table-06-business-income-tax-bit","c_othr_ddctable_expnss_amt","numeric",500,"direct_blade_variable_metadata","BLADE","c_othr_ddctable_expnss_amt","blade-table-06-business-income-tax-bit","Other deductible expenses","Variable name matched inst/blade_metadata/variables.csv.",""
"blade","BLADE","blade-table-06-business-income-tax-bit","c_othr_instscrsandofsts_totl_amt","numeric",500,"direct_blade_variable_metadata","BLADE","c_othr_instscrsandofsts_totl_amt","blade-table-06-business-income-tax-bit","Eligible credits","Variable name matched inst/blade_metadata/variables.csv.",""
"blade","BLADE","blade-table-06-business-income-tax-bit","c_othrexps","numeric",500,"direct_blade_variable_metadata","BLADE","c_othrexps","blade-table-06-business-income-tax-bit","All other expenses","Variable name matched inst/blade_metadata/variables.csv.",""
"blade","BLADE","blade-table-06-business-income-tax-bit","c_otincnia","numeric",500,"direct_blade_variable_metadata","BLADE","c_otincnia","blade-table-06-business-income-tax-bit","Other Income not included in assessable Income","Variable name matched inst/blade_metadata/variables.csv.",""
"blade","BLADE","blade-table-06-business-income-tax-bit","c_ovintind","integer",500,"direct_blade_variable_metadata","BLADE","c_ovintind","blade-table-06-business-income-tax-bit","Overseas interest indicator","Variable name matched inst/blade_metadata/variables.csv.",""
"blade","BLADE","blade-table-06-business-income-tax-bit","c_payassoc","numeric",500,"direct_blade_variable_metadata","BLADE","c_payassoc","blade-table-06-business-income-tax-bit","Payments to associated persons","Variable name matched inst/blade_metadata/variables.csv.",""
"blade","BLADE","blade-table-06-business-income-tax-bit","c_pcnonmem","integer",500,"direct_blade_variable_metadata","BLADE","c_pcnonmem","blade-table-06-business-income-tax-bit","Licensed clubs: percentage of non-member income","Variable name matched inst/blade_metadata/variables.csv.",""
"blade","BLADE","blade-table-06-business-income-tax-bit","c_prjct_pool_ddctn_amt","numeric",500,"direct_blade_variable_metadata","BLADE","c_prjct_pool_ddctn_amt","blade-table-06-business-income-tax-bit","Deduction for project pool","Variable name matched inst/blade_metadata/variables.csv.",""
"blade","BLADE","blade-table-06-business-income-tax-bit","c_purcost","numeric",500,"direct_blade_variable_metadata","BLADE","c_purcost","blade-table-06-business-income-tax-bit","Purchases and other costs","Variable name matched inst/blade_metadata/variables.csv.",""
"blade","BLADE","blade-table-06-business-income-tax-bit","c_pygis_rsd_amt","numeric",500,"direct_blade_variable_metadata","BLADE","c_pygis_rsd_amt","blade-table-06-business-income-tax-bit","PAYG instalments raised","Variable name matched inst/blade_metadata/variables.csv.",""
"blade","BLADE","blade-table-06-business-income-tax-bit","c_rclclt_efctv_lf_ind","integer",500,"direct_blade_variable_metadata","BLADE","c_rclclt_efctv_lf_ind","blade-table-06-business-income-tax-bit","Did you recalculate the effective life for any of your assets this income year?","Variable name matched inst/blade_metadata/variables.csv.",""
"blade","BLADE","blade-table-06-business-income-tax-bit","c_rdnfto","integer",500,"direct_blade_variable_metadata","BLADE","c_rdnfto","blade-table-06-business-income-tax-bit","Non‑refundable R&D tax offset","Variable name matched inst/blade_metadata/variables.csv.",""
"blade","BLADE","blade-table-06-business-income-tax-bit","c_rdnftocf","integer",500,"direct_blade_variable_metadata","BLADE","c_rdnftocf","blade-table-06-business-income-tax-bit","Non‑refundable R&D tax offset carried forward to next year","Variable name matched inst/blade_metadata/variables.csv.",""
"blade","BLADE","blade-table-06-business-income-tax-bit","c_rdnftocy","integer",500,"direct_blade_variable_metadata","BLADE","c_rdnftocy","blade-table-06-business-income-tax-bit","Non‑refundable R&D tax offset to be utilised in current year","Variable name matched inst/blade_metadata/variables.csv.",""
"blade","BLADE","blade-table-06-business-income-tax-bit","c_rdnrfcfpyr","integer",500,"direct_blade_variable_metadata","BLADE","c_rdnrfcfpyr","blade-table-06-business-income-tax-bit","Non‑refundable R&D tax offset carried forward from previous year","Variable name matched inst/blade_metadata/variables.csv.",""
"blade","BLADE","blade-table-06-business-income-tax-bit","c_rdrt","integer",500,"direct_blade_variable_metadata","BLADE","c_rdrt","blade-table-06-business-income-tax-bit","R&D recoupment tax","Variable name matched inst/blade_metadata/variables.csv.",""
"blade","BLADE","blade-table-06-business-income-tax-bit","c_rdrto","integer",500,"direct_blade_variable_metadata","BLADE","c_rdrto","blade-table-06-business-income-tax-bit","Refundable R&D tax offset","Variable name matched inst/blade_metadata/variables.csv.",""
"blade","BLADE","blade-table-06-business-income-tax-bit","c_rentexps","numeric",500,"direct_blade_variable_metadata","BLADE","c_rentexps","blade-table-06-business-income-tax-bit","Rent expenses","Variable name matched inst/blade_metadata/variables.csv.",""
"blade","BLADE","blade-table-06-business-income-tax-bit","c_repmaint","integer",500,"direct_blade_variable_metadata","BLADE","c_repmaint","blade-table-06-business-income-tax-bit","Repairs and maintenance","Variable name matched inst/blade_metadata/variables.csv.",""
"blade","BLADE","blade-table-06-business-income-tax-bit","c_rfnbltaxo","numeric",500,"direct_blade_variable_metadata","BLADE","c_rfnbltaxo","blade-table-06-business-income-tax-bit","Refundable tax offsets","Variable name matched inst/blade_metadata/variables.csv.",""
"blade","BLADE","blade-table-06-business-income-tax-bit","c_rmndr_of_rfndbl_tos_amt","numeric",500,"direct_blade_variable_metadata","BLADE","c_rmndr_of_rfndbl_tos_amt","blade-table-06-business-income-tax-bit","Remainder of refundable tax offsets","Variable name matched inst/blade_metadata/variables.csv.",""
"blade","BLADE","blade-table-06-business-income-tax-bit","c_royexpau","integer",500,"direct_blade_variable_metadata","BLADE","c_royexpau","blade-table-06-business-income-tax-bit","Royalty expenses in Australia","Variable name matched inst/blade_metadata/variables.csv.",""
"blade","BLADE","blade-table-06-business-income-tax-bit","c_royexpos","integer",500,"direct_blade_variable_metadata","BLADE","c_royexpos","blade-table-06-business-income-tax-bit","Royalty expenses overseas","Variable name matched inst/blade_metadata/variables.csv.",""
"blade","BLADE","blade-table-06-business-income-tax-bit","c_rprt_typ_cd","integer",500,"direct_blade_variable_metadata","BLADE","c_rprt_typ_cd","blade-table-06-business-income-tax-bit","Country by country reporting entity","Variable name matched inst/blade_metadata/variables.csv.",""
"blade","BLADE","blade-table-06-business-income-tax-bit","c_sales","numeric",500,"direct_blade_variable_metadata","BLADE","c_sales","blade-table-06-business-income-tax-bit","Other sales of goods and services","Variable name matched inst/blade_metadata/variables.csv.",""
"blade","BLADE","blade-table-06-business-income-tax-bit","c_sbsq_yr_ast_dprtn_bbi_ddctn_to","integer",500,"direct_blade_variable_metadata","BLADE","c_sbsq_yr_ast_dprtn_bbi_ddctn_to","blade-table-06-business-income-tax-bit","Subsequent year accelerated depreciation deductions for assets using Backing Business Investment","Variable name matched inst/blade_metadata/variables.csv.",""
"blade","BLADE","blade-table-06-business-income-tax-bit","c_sec_46fa_ddctn_amt","numeric",500,"direct_blade_variable_metadata","BLADE","c_sec_46fa_ddctn_amt","blade-table-06-business-income-tax-bit","Section 46FA deductions for flow-on dividends","Variable name matched inst/blade_metadata/variables.csv.",""
"blade","BLADE","blade-table-06-business-income-tax-bit","c_sec40_880_ddctn_amt","numeric",500,"direct_blade_variable_metadata","BLADE","c_sec40_880_ddctn_amt","blade-table-06-business-income-tax-bit","Section 40-880 deduction","Variable name matched inst/blade_metadata/variables.csv.",""
"blade","BLADE","blade-table-06-business-income-tax-bit","c_self_assd_efctv_lf_ind","integer",500,"direct_blade_variable_metadata","BLADE","c_self_assd_efctv_lf_ind","blade-table-06-business-income-tax-bit","Have you self-assessed the effective life of any of these assets?","Variable name matched inst/blade_metadata/variables.csv.",""
"blade","BLADE","blade-table-06-business-income-tax-bit","c_sharhold","integer",500,"direct_blade_variable_metadata","BLADE","c_sharhold","blade-table-06-business-income-tax-bit","Shareholders funds","Variable name matched inst/blade_metadata/variables.csv.",""
"blade","BLADE","blade-table-06-business-income-tax-bit","c_sml_and_mdm_entrprss_incm_amt","numeric",500,"direct_blade_variable_metadata","BLADE","c_sml_and_mdm_entrprss_incm_amt","blade-table-06-business-income-tax-bit","Small and medium sized enterprises income","Variable name matched inst/blade_metadata/variables.csv.",""
"blade","BLADE","blade-table-06-business-income-tax-bit","c_sobastin","integer",500,"direct_blade_variable_metadata","BLADE","c_sobastin","blade-table-06-business-income-tax-bit","Status of your business","Variable name matched inst/blade_metadata/variables.csv.",""
"blade","BLADE","blade-table-06-business-income-tax-bit","c_sobconin","integer",500,"direct_blade_variable_metadata","BLADE","c_sobconin","blade-table-06-business-income-tax-bit","Status of company - Consolidated head company, Consolidated subsidiary member","Variable name matched inst/blade_metadata/variables.csv.",""
"blade","BLADE","blade-table-06-business-income-tax-bit","c_sobresin","integer",500,"direct_blade_variable_metadata","BLADE","c_sobresin","blade-table-06-business-income-tax-bit","Status of company - residency","Variable name matched inst/blade_metadata/variables.csv.",""
"blade","BLADE","blade-table-06-business-income-tax-bit","c_sts_dprtgasts_ddctn_lowcst_amt","numeric",500,"direct_blade_variable_metadata","BLADE","c_sts_dprtgasts_ddctn_lowcst_amt","blade-table-06-business-income-tax-bit","Deduction for low cost assets","Variable name matched inst/blade_metadata/variables.csv.",""
"blade","BLADE","blade-table-06-business-income-tax-bit","c_sts_dprtgastsddctngnrlpool_amt","numeric",500,"direct_blade_variable_metadata","BLADE","c_sts_dprtgastsddctngnrlpool_amt","blade-table-06-business-income-tax-bit","Deduction for general","Variable name matched inst/blade_metadata/variables.csv.",""
"blade","BLADE","blade-table-06-business-income-tax-bit","c_subt2","integer",500,"direct_blade_variable_metadata","BLADE","c_subt2","blade-table-06-business-income-tax-bit","Subtotal 1","Variable name matched inst/blade_metadata/variables.csv.",""
"blade","BLADE","blade-table-06-business-income-tax-bit","c_subt3","integer",500,"direct_blade_variable_metadata","BLADE","c_subt3","blade-table-06-business-income-tax-bit","Subtotal 2","Variable name matched inst/blade_metadata/variables.csv.",""
"blade","BLADE","blade-table-06-business-income-tax-bit","c_subt4","integer",500,"direct_blade_variable_metadata","BLADE","c_subt4","blade-table-06-business-income-tax-bit","Subtotal 3","Variable name matched inst/blade_metadata/variables.csv.",""
"blade","BLADE","blade-table-06-business-income-tax-bit","c_subt5","integer",500,"direct_blade_variable_metadata","BLADE","c_subt5","blade-table-06-business-income-tax-bit","Tax payable","Variable name matched inst/blade_metadata/variables.csv.",""
"blade","BLADE","blade-table-06-business-income-tax-bit","c_superann","numeric",500,"direct_blade_variable_metadata","BLADE","c_superann","blade-table-06-business-income-tax-bit","Superannuation expenses","Variable name matched inst/blade_metadata/variables.csv.",""
"blade","BLADE","blade-table-06-business-income-tax-bit","c_tax_pybl_or_rfndbl_totl_amt","numeric",500,"direct_blade_variable_metadata","BLADE","c_tax_pybl_or_rfndbl_totl_amt","blade-table-06-business-income-tax-bit","Amount due or refundable","Variable name matched inst/blade_metadata/variables.csv.",""
"blade","BLADE","blade-table-06-business-income-tax-bit","c_taxassd","numeric",500,"direct_blade_variable_metadata","BLADE","c_taxassd","blade-table-06-business-income-tax-bit","Tax assessed","Variable name matched inst/blade_metadata/variables.csv.",""
"blade","BLADE","blade-table-06-business-income-tax-bit","c_taxicalc","numeric",500,"direct_blade_variable_metadata","BLADE","c_taxicalc","blade-table-06-business-income-tax-bit","Taxable income (calculation statement)","Variable name matched inst/blade_metadata/variables.csv.",""
"blade","BLADE","blade-table-06-business-income-tax-bit","c_taxinc","numeric",500,"direct_blade_variable_metadata","BLADE","c_taxinc","blade-table-06-business-income-tax-bit","Taxable income/loss","Variable name matched inst/blade_metadata/variables.csv.",""
"blade","BLADE","blade-table-06-business-income-tax-bit","c_taxti","numeric",500,"direct_blade_variable_metadata","BLADE","c_taxti","blade-table-06-business-income-tax-bit","Tax on taxable income","Variable name matched inst/blade_metadata/variables.csv.",""
"blade","BLADE","blade-table-06-business-income-tax-bit","c_terindep","integer",500,"direct_blade_variable_metadata","BLADE","c_terindep","blade-table-06-business-income-tax-bit","Termination value of intangible depreciating assets","Variable name matched inst/blade_metadata/variables.csv.",""
"blade","BLADE","blade-table-06-business-income-tax-bit","c_terothde","integer",500,"direct_blade_variable_metadata","BLADE","c_terothde","blade-table-06-business-income-tax-bit","Termination value of other depreciating assets","Variable name matched inst/blade_metadata/variables.csv.",""
"blade","BLADE","blade-table-06-business-income-tax-bit","c_tfe_bus_ddctn_amt","numeric",500,"direct_blade_variable_metadata","BLADE","c_tfe_bus_ddctn_amt","blade-table-06-business-income-tax-bit","Temporary full expensing - Temporary full expensing deductions","Variable name matched inst/blade_metadata/variables.csv.",""
"blade","BLADE","blade-table-06-business-income-tax-bit","c_tfe_elgbl_ast_opt_out_num","integer",500,"direct_blade_variable_metadata","BLADE","c_tfe_elgbl_ast_opt_out_num","blade-table-06-business-income-tax-bit","Temporary full expensing - Number of assets you are opting out for","Variable name matched inst/blade_metadata/variables.csv.",""
"blade","BLADE","blade-table-06-business-income-tax-bit","c_tfe_elgbl_ast_opt_out_val_amt","numeric",500,"direct_blade_variable_metadata","BLADE","c_tfe_elgbl_ast_opt_out_val_amt","blade-table-06-business-income-tax-bit","Temporary full expensing - Value of assets you are opting out for","Variable name matched inst/blade_metadata/variables.csv.",""
"blade","BLADE","blade-table-06-business-income-tax-bit","c_ti_cmplyg_spntn_cls_amt","numeric",500,"direct_blade_variable_metadata","BLADE","c_ti_cmplyg_spntn_cls_amt","blade-table-06-business-income-tax-bit","Complying superannuation class","Variable name matched inst/blade_metadata/variables.csv.",""
"blade","BLADE","blade-table-06-business-income-tax-bit","c_tlcf_amt","numeric",500,"direct_blade_variable_metadata","BLADE","c_tlcf_amt","blade-table-06-business-income-tax-bit","Tax losses carried forward to later income years","Variable name matched inst/blade_metadata/variables.csv.",""
"blade","BLADE","blade-table-06-business-income-tax-bit","c_tofa_trnstnl_blncg_adjstmt_amt","numeric",500,"direct_blade_variable_metadata","BLADE","c_tofa_trnstnl_blncg_adjstmt_amt","blade-table-06-business-income-tax-bit","TOFA transitional balancing adjustment","Variable name matched inst/blade_metadata/variables.csv.",""
"blade","BLADE","blade-table-06-business-income-tax-bit","c_tofa34gainunrealsdmvmtinvalamt","numeric",500,"direct_blade_variable_metadata","BLADE","c_tofa34gainunrealsdmvmtinvalamt","blade-table-06-business-income-tax-bit","TOFA gains from unrealised movements in the value of financial arrangements","Variable name matched inst/blade_metadata/variables.csv.",""
"blade","BLADE","blade-table-06-business-income-tax-bit","c_tofaddctnsfinclargmtnotitm6amt","numeric",500,"direct_blade_variable_metadata","BLADE","c_tofaddctnsfinclargmtnotitm6amt","blade-table-06-business-income-tax-bit","TOFA deductions from financial arrangements not included in item 6","Variable name matched inst/blade_metadata/variables.csv.",""
"blade","BLADE","blade-table-06-business-income-tax-bit","c_tofaincmfinclarngmtsnotincitm6","numeric",500,"direct_blade_variable_metadata","BLADE","c_tofaincmfinclarngmtsnotincitm6","blade-table-06-business-income-tax-bit","TOFA income from financial arrangements not included in item 6","Variable name matched inst/blade_metadata/variables.csv.",""
"blade","BLADE","blade-table-06-business-income-tax-bit","c_toprolos","integer",500,"direct_blade_variable_metadata","BLADE","c_toprolos","blade-table-06-business-income-tax-bit","Total profit or loss","Variable name matched inst/blade_metadata/variables.csv.",""
"blade","BLADE","blade-table-06-business-income-tax-bit","c_totl_debt_amt","numeric",500,"direct_blade_variable_metadata","BLADE","c_totl_debt_amt","blade-table-06-business-income-tax-bit","Total debt","Variable name matched inst/blade_metadata/variables.csv.",""
"blade","BLADE","blade-table-06-business-income-tax-bit","c_totl_tofa_gains_amt","numeric",500,"direct_blade_variable_metadata","BLADE","c_totl_tofa_gains_amt","blade-table-06-business-income-tax-bit","Total TOFA gains","Variable name matched inst/blade_metadata/variables.csv.",""
"blade","BLADE","blade-table-06-business-income-tax-bit","c_totl_tofa_lsses_amt","numeric",500,"direct_blade_variable_metadata","BLADE","c_totl_tofa_lsses_amt","blade-table-06-business-income-tax-bit","Total TOFA losses","Variable name matched inst/blade_metadata/variables.csv.",""
"blade","BLADE","blade-table-06-business-income-tax-bit","c_totlasst","numeric",500,"direct_blade_variable_metadata","BLADE","c_totlasst","blade-table-06-business-income-tax-bit","Total assets","Variable name matched inst/blade_metadata/variables.csv.",""
"blade","BLADE","blade-table-06-business-income-tax-bit","c_totlexps","numeric",500,"direct_blade_variable_metadata","BLADE","c_totlexps","blade-table-06-business-income-tax-bit","Total expenses","Variable name matched inst/blade_metadata/variables.csv.",""
"blade","BLADE","blade-table-06-business-income-tax-bit","c_totlinc","numeric",500,"direct_blade_variable_metadata","BLADE","c_totlinc","blade-table-06-business-income-tax-bit","Total income","Variable name matched inst/blade_metadata/variables.csv.",""
"blade","BLADE","blade-table-06-business-income-tax-bit","c_totlliab","numeric",500,"direct_blade_variable_metadata","BLADE","c_totlliab","blade-table-06-business-income-tax-bit","Total liabilities","Variable name matched inst/blade_metadata/variables.csv.",""
"blade","BLADE","blade-table-06-business-income-tax-bit","c_totlwage","numeric",500,"direct_blade_variable_metadata","BLADE","c_totlwage","blade-table-06-business-income-tax-bit","Total salaries and wage expenses","Variable name matched inst/blade_metadata/variables.csv.",""
"blade","BLADE","blade-table-06-business-income-tax-bit","c_totwagcd","integer",500,"direct_blade_variable_metadata","BLADE","c_totwagcd","blade-table-06-business-income-tax-bit","Total salary and wage expenses action code","Variable name matched inst/blade_metadata/variables.csv.",""
"blade","BLADE","blade-table-06-business-income-tax-bit","c_txspcnty","integer",500,"direct_blade_variable_metadata","BLADE","c_txspcnty","blade-table-06-business-income-tax-bit","Transactions with specified countries","Variable name matched inst/blade_metadata/variables.csv.",""
"blade","BLADE","blade-table-06-business-income-tax-bit","c_uga","integer",500,"direct_blade_variable_metadata","BLADE","c_uga","blade-table-06-business-income-tax-bit","Unrealised gains on revaluation of assets to fair value (income)","Variable name matched inst/blade_metadata/variables.csv.",""
"blade","BLADE","blade-table-06-business-income-tax-bit","c_uhccntcd","integer",500,"direct_blade_variable_metadata","BLADE","c_uhccntcd","blade-table-06-business-income-tax-bit","Ultimate holding company country code","Variable name matched inst/blade_metadata/variables.csv.",""
"blade","BLADE","blade-table-06-business-income-tax-bit","c_ula","integer",500,"direct_blade_variable_metadata","BLADE","c_ula","blade-table-06-business-income-tax-bit","Unrealised losses on revaluation of assets to fair value (expense)","Variable name matched inst/blade_metadata/variables.csv.",""
"blade","BLADE","blade-table-06-business-income-tax-bit","c_unrgltd_invmt_incm_amt","numeric",500,"direct_blade_variable_metadata","BLADE","c_unrgltd_invmt_incm_amt","blade-table-06-business-income-tax-bit","Unregulated investment income","Variable name matched inst/blade_metadata/variables.csv.",""
"blade","BLADE","blade-table-06-business-income-tax-bit","c_wrt_off_dtl_itm_amt","numeric",500,"direct_blade_variable_metadata","BLADE","c_wrt_off_dtl_itm_amt","blade-table-06-business-income-tax-bit","Instant asset write-off deductions for non-small business entities","Variable name matched inst/blade_metadata/variables.csv.",""
"blade","BLADE","blade-table-06-business-income-tax-bit","i_anzsic","integer",500,"direct_blade_variable_metadata","BLADE","i_anzsic","blade-table-06-business-income-tax-bit","ANZSIC code","Variable name matched inst/blade_metadata/variables.csv.",""
"blade","BLADE","blade-table-06-business-income-tax-bit","i_asgidppp","integer",500,"direct_blade_variable_metadata","BLADE","i_asgidppp","blade-table-06-business-income-tax-bit","Assessable govt industry payments - PP","Variable name matched inst/blade_metadata/variables.csv.",""
"blade","BLADE","blade-table-06-business-income-tax-bit","i_asgipnpp","integer",500,"direct_blade_variable_metadata","BLADE","i_asgipnpp","blade-table-06-business-income-tax-bit","Assessable govt industry payments - NPP","Variable name matched inst/blade_metadata/variables.csv.",""
"blade","BLADE","blade-table-06-business-income-tax-bit","i_baddebts","numeric",500,"direct_blade_variable_metadata","BLADE","i_baddebts","blade-table-06-business-income-tax-bit","Bad debts","Variable name matched inst/blade_metadata/variables.csv.",""
"blade","BLADE","blade-table-06-business-income-tax-bit","i_bbi_elgbl_ast_bbi_cd","integer",500,"direct_blade_variable_metadata","BLADE","i_bbi_elgbl_ast_bbi_cd","blade-table-06-business-income-tax-bit","Are you opting out of Backing business investment for some or all of your eligible assets?","Variable name matched inst/blade_metadata/variables.csv.",""
"blade","BLADE","blade-table-06-business-income-tax-bit","i_bbi_elgbl_ast_opt_out_num","integer",500,"direct_blade_variable_metadata","BLADE","i_bbi_elgbl_ast_opt_out_num","blade-table-06-business-income-tax-bit","Backing business investment - Number of assets you are opting out for","Variable name matched inst/blade_metadata/variables.csv.",""
"blade","BLADE","blade-table-06-business-income-tax-bit","i_bbi_elgbl_ast_opt_out_val_amt","numeric",500,"direct_blade_variable_metadata","BLADE","i_bbi_elgbl_ast_opt_out_val_amt","blade-table-06-business-income-tax-bit","Backing business investment - Value of assets you are opting out for","Variable name matched inst/blade_metadata/variables.csv.",""
"blade","BLADE","blade-table-06-business-income-tax-bit","i_bposcode","integer",500,"direct_blade_variable_metadata","BLADE","i_bposcode","blade-table-06-business-income-tax-bit","Main business postcode","Variable name matched inst/blade_metadata/variables.csv.",""
"blade","BLADE","blade-table-06-business-income-tax-bit","i_bsdtnprjpl","integer",500,"direct_blade_variable_metadata","BLADE","i_bsdtnprjpl","blade-table-06-business-income-tax-bit","Business deduction for project pool","Variable name matched inst/blade_metadata/variables.csv.",""
"blade","BLADE","blade-table-06-business-income-tax-bit","i_busmarin","integer",500,"direct_blade_variable_metadata","BLADE","i_busmarin","blade-table-06-business-income-tax-bit","Business market segment","Variable name matched inst/blade_metadata/variables.csv.",""
"blade","BLADE","blade-table-06-business-income-tax-bit","i_clostkcd","integer",500,"direct_blade_variable_metadata","BLADE","i_clostkcd","blade-table-06-business-income-tax-bit","Closing stock action code","Variable name matched inst/blade_metadata/variables.csv.",""
"blade","BLADE","blade-table-06-business-income-tax-bit","i_clostock","numeric",500,"direct_blade_variable_metadata","BLADE","i_clostock","blade-table-06-business-income-tax-bit","Closing stock","Variable name matched inst/blade_metadata/variables.csv.",""
"blade","BLADE","blade-table-06-business-income-tax-bit","i_costsale","numeric",500,"direct_blade_variable_metadata","BLADE","i_costsale","blade-table-06-business-income-tax-bit","Cost of sales","Variable name matched inst/blade_metadata/variables.csv.",""
"blade","BLADE","blade-table-06-business-income-tax-bit","i_creditrs","numeric",500,"direct_blade_variable_metadata","BLADE","i_creditrs","blade-table-06-business-income-tax-bit","Trade creditors","Variable name matched inst/blade_metadata/variables.csv.",""
"blade","BLADE","blade-table-06-business-income-tax-bit","i_ddctn_skill_trng_amt","numeric",500,"direct_blade_variable_metadata","BLADE","i_ddctn_skill_trng_amt","blade-table-06-business-income-tax-bit","Small business skills and training boost","Variable name matched inst/blade_metadata/variables.csv.",""
"blade","BLADE","blade-table-06-business-income-tax-bit","i_ddctn_tchnlgy_invmt_amt","numeric",500,"direct_blade_variable_metadata","BLADE","i_ddctn_tchnlgy_invmt_amt","blade-table-06-business-income-tax-bit","Small business technology investment boost","Variable name matched inst/blade_metadata/variables.csv.",""
"blade","BLADE","blade-table-06-business-income-tax-bit","i_ddctns_assocs_prncpl_wrk_amt","numeric",500,"direct_blade_variable_metadata","BLADE","i_ddctns_assocs_prncpl_wrk_amt","blade-table-06-business-income-tax-bit","Deductions for payments to associates for principal work","Variable name matched inst/blade_metadata/variables.csv.",""
"blade","BLADE","blade-table-06-business-income-tax-bit","i_debtors","numeric",500,"direct_blade_variable_metadata","BLADE","i_debtors","blade-table-06-business-income-tax-bit","Trade debtors","Variable name matched inst/blade_metadata/variables.csv.",""
"blade","BLADE","blade-table-06-business-income-tax-bit","i_deprexps","numeric",500,"direct_blade_variable_metadata","BLADE","i_deprexps","blade-table-06-business-income-tax-bit","Depreciation expenses","Variable name matched inst/blade_metadata/variables.csv.",""
"blade","BLADE","blade-table-06-business-income-tax-bit","i_dfnncblspynpp","integer",500,"direct_blade_variable_metadata","BLADE","i_dfnncblspynpp","blade-table-06-business-income-tax-bit","Deferred non-commercial business losses from a prior year - NPP","Variable name matched inst/blade_metadata/variables.csv.",""
"blade","BLADE","blade-table-06-business-income-tax-bit","i_dfnncblspypp","integer",500,"direct_blade_variable_metadata","BLADE","i_dfnncblspypp","blade-table-06-business-income-tax-bit","Deferred non-commercial business losses from a prior year - PP","Variable name matched inst/blade_metadata/variables.csv.",""
"blade","BLADE","blade-table-06-business-income-tax-bit","i_expnss_totl_npp_amt","numeric",500,"direct_blade_variable_metadata","BLADE","i_expnss_totl_npp_amt","blade-table-06-business-income-tax-bit","Total Expenses - NPP","Variable name matched inst/blade_metadata/variables.csv.",""
"blade","BLADE","blade-table-06-business-income-tax-bit","i_expnss_totl_pp_amt","numeric",500,"direct_blade_variable_metadata","BLADE","i_expnss_totl_pp_amt","blade-table-06-business-income-tax-bit","Total Expenses - PP","Variable name matched inst/blade_metadata/variables.csv.",""
"blade","BLADE","blade-table-06-business-income-tax-bit","i_expreadj","integer",500,"direct_blade_variable_metadata","BLADE","i_expreadj","blade-table-06-business-income-tax-bit","Expense reconciliation adjustment","Variable name matched inst/blade_metadata/variables.csv.",""
"blade","BLADE","blade-table-06-business-income-tax-bit","i_extnlabr","numeric",500,"direct_blade_variable_metadata","BLADE","i_extnlabr","blade-table-06-business-income-tax-bit","Contractor, sub-contractor and commission expenses (previously labelled External labour costs)","Variable name matched inst/blade_metadata/variables.csv.",""
"blade","BLADE","blade-table-06-business-income-tax-bit","i_gpsfrwex","integer",500,"direct_blade_variable_metadata","BLADE","i_gpsfrwex","blade-table-06-business-income-tax-bit","Foreign resident withholding expenses","Variable name matched inst/blade_metadata/variables.csv.",""
"blade","BLADE","blade-table-06-business-income-tax-bit","i_gpsfrwnp","integer",500,"direct_blade_variable_metadata","BLADE","i_gpsfrwnp","blade-table-06-business-income-tax-bit","Gross payments subject to FRW - NPP","Variable name matched inst/blade_metadata/variables.csv.",""
"blade","BLADE","blade-table-06-business-income-tax-bit","i_gpsfrwpp","integer",500,"direct_blade_variable_metadata","BLADE","i_gpsfrwpp","blade-table-06-business-income-tax-bit","Gross payments subject to FRW - PP","Variable name matched inst/blade_metadata/variables.csv.",""
"blade","BLADE","blade-table-06-business-income-tax-bit","i_grplhnpp","integer",500,"direct_blade_variable_metadata","BLADE","i_grplhnpp","blade-table-06-business-income-tax-bit","Gross payments Labour Hire - NPP","Variable name matched inst/blade_metadata/variables.csv.",""
"blade","BLADE","blade-table-06-business-income-tax-bit","i_grpvagpp","integer",500,"direct_blade_variable_metadata","BLADE","i_grpvagpp","blade-table-06-business-income-tax-bit","Gross payments voluntary agreement - PP","Variable name matched inst/blade_metadata/variables.csv.",""
"blade","BLADE","blade-table-06-business-income-tax-bit","i_grpvanpp","integer",500,"direct_blade_variable_metadata","BLADE","i_grpvanpp","blade-table-06-business-income-tax-bit","Gross payments voluntary agreement - NPP","Variable name matched inst/blade_metadata/variables.csv.",""
"blade","BLADE","blade-table-06-business-income-tax-bit","i_grpylhpp","integer",500,"direct_blade_variable_metadata","BLADE","i_grpylhpp","blade-table-06-business-income-tax-bit","Gross payments Labour Hire - PP","Variable name matched inst/blade_metadata/variables.csv.",""
"blade","BLADE","blade-table-06-business-income-tax-bit","i_intdepas","integer",500,"direct_blade_variable_metadata","BLADE","i_intdepas","blade-table-06-business-income-tax-bit","Intangible depreciating assets first deducted","Variable name matched inst/blade_metadata/variables.csv.",""
"blade","BLADE","blade-table-06-business-income-tax-bit","i_intexpau","integer",500,"direct_blade_variable_metadata","BLADE","i_intexpau","blade-table-06-business-income-tax-bit","Interest expenses in Australia","Variable name matched inst/blade_metadata/variables.csv.",""
"blade","BLADE","blade-table-06-business-income-tax-bit","i_intexpos","integer",500,"direct_blade_variable_metadata","BLADE","i_intexpos","blade-table-06-business-income-tax-bit","Interest expenses overseas","Variable name matched inst/blade_metadata/variables.csv.",""
"blade","BLADE","blade-table-06-business-income-tax-bit","i_leaextot","integer",500,"direct_blade_variable_metadata","BLADE","i_leaextot","blade-table-06-business-income-tax-bit","Lease expenses","Variable name matched inst/blade_metadata/variables.csv.",""
"blade","BLADE","blade-table-06-business-income-tax-bit","i_lndbusdtn","integer",500,"direct_blade_variable_metadata","BLADE","i_lndbusdtn","blade-table-06-business-income-tax-bit","Landcare operations and business deduction for decline in value of water facility","Variable name matched inst/blade_metadata/variables.csv.",""
"blade","BLADE","blade-table-06-business-income-tax-bit","i_motrexps","numeric",500,"direct_blade_variable_metadata","BLADE","i_motrexps","blade-table-06-business-income-tax-bit","Motor vehicle expenses","Variable name matched inst/blade_metadata/variables.csv.",""
"blade","BLADE","blade-table-06-business-income-tax-bit","i_mtr_vhcl_bus_expnss_typ_cd","numeric",500,"direct_blade_variable_metadata","BLADE","i_mtr_vhcl_bus_expnss_typ_cd","blade-table-06-business-income-tax-bit","Total Motor Vehicle Expenses Type","Variable name matched inst/blade_metadata/variables.csv.",""
"blade","BLADE","blade-table-06-business-income-tax-bit","i_netincls","numeric",500,"direct_blade_variable_metadata","BLADE","i_netincls","blade-table-06-business-income-tax-bit","Net income or loss from business this year - PP","Variable name matched inst/blade_metadata/variables.csv.",""
"blade","BLADE","blade-table-06-business-income-tax-bit","i_netnpp","numeric",500,"direct_blade_variable_metadata","BLADE","i_netnpp","blade-table-06-business-income-tax-bit","Net income/loss from business other than PP","Variable name matched inst/blade_metadata/variables.csv.",""
"blade","BLADE","blade-table-06-business-income-tax-bit","i_netpp","numeric",500,"direct_blade_variable_metadata","BLADE","i_netpp","blade-table-06-business-income-tax-bit","Net income/loss - PP","Variable name matched inst/blade_metadata/variables.csv.",""
"blade","BLADE","blade-table-06-business-income-tax-bit","i_noabnnpp","integer",500,"direct_blade_variable_metadata","BLADE","i_noabnnpp","blade-table-06-business-income-tax-bit","Gross Payment ABN not quoted - NPP","Variable name matched inst/blade_metadata/variables.csv.",""
"blade","BLADE","blade-table-06-business-income-tax-bit","i_noabnpp","integer",500,"direct_blade_variable_metadata","BLADE","i_noabnpp","blade-table-06-business-income-tax-bit","Gross Payment ABN not quoted - PP","Variable name matched inst/blade_metadata/variables.csv.",""
"blade","BLADE","blade-table-06-business-income-tax-bit","i_ntinnpp","integer",500,"direct_blade_variable_metadata","BLADE","i_ntinnpp","blade-table-06-business-income-tax-bit","Net income or loss from business this year - NPP","Variable name matched inst/blade_metadata/variables.csv.",""
"blade","BLADE","blade-table-06-business-income-tax-bit","i_opnstock","numeric",500,"direct_blade_variable_metadata","BLADE","i_opnstock","blade-table-06-business-income-tax-bit","Opening stock","Variable name matched inst/blade_metadata/variables.csv.",""
"blade","BLADE","blade-table-06-business-income-tax-bit","i_othbicpp","integer",500,"direct_blade_variable_metadata","BLADE","i_othbicpp","blade-table-06-business-income-tax-bit","Other business income - PP","Variable name matched inst/blade_metadata/variables.csv.",""
"blade","BLADE","blade-table-06-business-income-tax-bit","i_othbinpp","integer",500,"direct_blade_variable_metadata","BLADE","i_othbinpp","blade-table-06-business-income-tax-bit","Other business income - NPP","Variable name matched inst/blade_metadata/variables.csv.",""
"blade","BLADE","blade-table-06-business-income-tax-bit","i_othdepas","integer",500,"direct_blade_variable_metadata","BLADE","i_othdepas","blade-table-06-business-income-tax-bit","Other depreciating assets first deducted","Variable name matched inst/blade_metadata/variables.csv.",""
"blade","BLADE","blade-table-06-business-income-tax-bit","i_othrexps","numeric",500,"direct_blade_variable_metadata","BLADE","i_othrexps","blade-table-06-business-income-tax-bit","All other expenses","Variable name matched inst/blade_metadata/variables.csv.",""
"blade","BLADE","blade-table-06-business-income-tax-bit","i_payassoc","numeric",500,"direct_blade_variable_metadata","BLADE","i_payassoc","blade-table-06-business-income-tax-bit","Payments to associated persons","Variable name matched inst/blade_metadata/variables.csv.",""
"blade","BLADE","blade-table-06-business-income-tax-bit","i_psi_abn_not_qtd_amt","character",500,"direct_blade_variable_metadata","BLADE","i_psi_abn_not_qtd_amt","blade-table-06-business-income-tax-bit","PSI where Australian Business Number not quoted","Variable name matched inst/blade_metadata/variables.csv.",""
"blade","BLADE","blade-table-06-business-income-tax-bit","i_psi_lbr_hir_pmts_amt","numeric",500,"direct_blade_variable_metadata","BLADE","i_psi_lbr_hir_pmts_amt","blade-table-06-business-income-tax-bit","PSI labour hire or other specified payments","Variable name matched inst/blade_metadata/variables.csv.",""
"blade","BLADE","blade-table-06-business-income-tax-bit","i_psi_net_amt","numeric",500,"direct_blade_variable_metadata","BLADE","i_psi_net_amt","blade-table-06-business-income-tax-bit","Net PSI","Variable name matched inst/blade_metadata/variables.csv.",""
"blade","BLADE","blade-table-06-business-income-tax-bit","i_psi_othr_amt","numeric",500,"direct_blade_variable_metadata","BLADE","i_psi_othr_amt","blade-table-06-business-income-tax-bit","PSI other","Variable name matched inst/blade_metadata/variables.csv.",""
"blade","BLADE","blade-table-06-business-income-tax-bit","i_psi_othr_ddctns_totl_amt","numeric",500,"direct_blade_variable_metadata","BLADE","i_psi_othr_ddctns_totl_amt","blade-table-06-business-income-tax-bit","Total amount of other deductions against PSI","Variable name matched inst/blade_metadata/variables.csv.",""
"blade","BLADE","blade-table-06-business-income-tax-bit","i_psi_vlntry_agremt_amt","numeric",500,"direct_blade_variable_metadata","BLADE","i_psi_vlntry_agremt_amt","blade-table-06-business-income-tax-bit","PSI voluntary agreement","Variable name matched inst/blade_metadata/variables.csv.",""
"blade","BLADE","blade-table-06-business-income-tax-bit","i_purocost","numeric",500,"direct_blade_variable_metadata","BLADE","i_purocost","blade-table-06-business-income-tax-bit","Purchases and other costs","Variable name matched inst/blade_metadata/variables.csv.",""
"blade","BLADE","blade-table-06-business-income-tax-bit","i_reconadj","integer",500,"direct_blade_variable_metadata","BLADE","i_reconadj","blade-table-06-business-income-tax-bit","Income reconciliation adjustment","Variable name matched inst/blade_metadata/variables.csv.",""
"blade","BLADE","blade-table-06-business-income-tax-bit","i_rentexps","numeric",500,"direct_blade_variable_metadata","BLADE","i_rentexps","blade-table-06-business-income-tax-bit","Rent expenses","Variable name matched inst/blade_metadata/variables.csv.",""
"blade","BLADE","blade-table-06-business-income-tax-bit","i_repmaint","integer",500,"direct_blade_variable_metadata","BLADE","i_repmaint","blade-table-06-business-income-tax-bit","Repairs and maintenance","Variable name matched inst/blade_metadata/variables.csv.",""
"blade","BLADE","blade-table-06-business-income-tax-bit","i_s40dtntl","integer",500,"direct_blade_variable_metadata","BLADE","i_s40dtntl","blade-table-06-business-income-tax-bit","Section 40-880 deduction","Variable name matched inst/blade_metadata/variables.csv.",""
"blade","BLADE","blade-table-06-business-income-tax-bit","i_sobastin","integer",500,"direct_blade_variable_metadata","BLADE","i_sobastin","blade-table-06-business-income-tax-bit","Status of your business","Variable name matched inst/blade_metadata/variables.csv.",""
"blade","BLADE","blade-table-06-business-income-tax-bit","i_stsdprtgastsddctngnrlpool_amt","numeric",500,"direct_blade_variable_metadata","BLADE","i_stsdprtgastsddctngnrlpool_amt","blade-table-06-business-income-tax-bit","Small business entity simplified depreciation - Deduction for general small business pool","Variable name matched inst/blade_metadata/variables.csv.",""
"blade","BLADE","blade-table-06-business-income-tax-bit","i_stsdprtgastsddctnlowcstastsamt","numeric",500,"direct_blade_variable_metadata","BLADE","i_stsdprtgastsddctnlowcstastsamt","blade-table-06-business-income-tax-bit","Small business entity simplified depreciation - Deduction for certain assets","Variable name matched inst/blade_metadata/variables.csv.",""
"blade","BLADE","blade-table-06-business-income-tax-bit","i_superann","numeric",500,"direct_blade_variable_metadata","BLADE","i_superann","blade-table-06-business-income-tax-bit","Superannuation expenses","Variable name matched inst/blade_metadata/variables.csv.",""
"blade","BLADE","blade-table-06-business-income-tax-bit","i_terdepas","integer",500,"direct_blade_variable_metadata","BLADE","i_terdepas","blade-table-06-business-income-tax-bit","Termination value of intangible depreciating assets","Variable name matched inst/blade_metadata/variables.csv.",""
"blade","BLADE","blade-table-06-business-income-tax-bit","i_terothas","integer",500,"direct_blade_variable_metadata","BLADE","i_terothas","blade-table-06-business-income-tax-bit","Termination value of other depreciating assets","Variable name matched inst/blade_metadata/variables.csv.",""
"blade","BLADE","blade-table-06-business-income-tax-bit","i_tfe_bus_ddctn_amt","numeric",500,"direct_blade_variable_metadata","BLADE","i_tfe_bus_ddctn_amt","blade-table-06-business-income-tax-bit","Temporary full expensing - Temporary full expensing deductions","Variable name matched inst/blade_metadata/variables.csv.",""
"blade","BLADE","blade-table-06-business-income-tax-bit","i_tfe_elgbl_ast_clm_num","integer",500,"direct_blade_variable_metadata","BLADE","i_tfe_elgbl_ast_clm_num","blade-table-06-business-income-tax-bit","Temporary full expensing - Number of assets you are claiming for","Variable name matched inst/blade_metadata/variables.csv.",""
"blade","BLADE","blade-table-06-business-income-tax-bit","i_tfe_elgbl_ast_opt_out_cd","integer",500,"direct_blade_variable_metadata","BLADE","i_tfe_elgbl_ast_opt_out_cd","blade-table-06-business-income-tax-bit","Are you making a choice to opt out of temporary full expensing for some or all of your eligible assets","Variable name matched inst/blade_metadata/variables.csv.",""
"blade","BLADE","blade-table-06-business-income-tax-bit","i_tfe_elgbl_ast_opt_out_num","integer",500,"direct_blade_variable_metadata","BLADE","i_tfe_elgbl_ast_opt_out_num","blade-table-06-business-income-tax-bit","Temporary full expensing - Number of assets you are opting out for","Variable name matched inst/blade_metadata/variables.csv.",""
"blade","BLADE","blade-table-06-business-income-tax-bit","i_tfe_elgbl_ast_opt_out_val_amt","numeric",500,"direct_blade_variable_metadata","BLADE","i_tfe_elgbl_ast_opt_out_val_amt","blade-table-06-business-income-tax-bit","Temporary full expensing - Value of assets you are opting out for","Variable name matched inst/blade_metadata/variables.csv.",""
"blade","BLADE","blade-table-06-business-income-tax-bit","i_totbusin","integer",500,"direct_blade_variable_metadata","BLADE","i_totbusin","blade-table-06-business-income-tax-bit","Total business income","Variable name matched inst/blade_metadata/variables.csv.",""
"blade","BLADE","blade-table-06-business-income-tax-bit","i_totbusnp","integer",500,"direct_blade_variable_metadata","BLADE","i_totbusnp","blade-table-06-business-income-tax-bit","Total Business Income - NPP","Variable name matched inst/blade_metadata/variables.csv.",""
"blade","BLADE","blade-table-06-business-income-tax-bit","i_totbuspp","integer",500,"direct_blade_variable_metadata","BLADE","i_totbuspp","blade-table-06-business-income-tax-bit","Total Business Income - PP","Variable name matched inst/blade_metadata/variables.csv.",""
"blade","BLADE","blade-table-06-business-income-tax-bit","i_totlexps","numeric",500,"direct_blade_variable_metadata","BLADE","i_totlexps","blade-table-06-business-income-tax-bit","Total expenses","Variable name matched inst/blade_metadata/variables.csv.",""
"blade","BLADE","blade-table-06-business-income-tax-bit","i_totlwage","numeric",500,"direct_blade_variable_metadata","BLADE","i_totlwage","blade-table-06-business-income-tax-bit","Total salaries and wage expenses","Variable name matched inst/blade_metadata/variables.csv.",""
"blade","BLADE","blade-table-06-business-income-tax-bit","i_totlwgcd","numeric",500,"direct_blade_variable_metadata","BLADE","i_totlwgcd","blade-table-06-business-income-tax-bit","Total salary and wage expenses action code","Variable name matched inst/blade_metadata/variables.csv.",""
"blade","BLADE","blade-table-06-business-income-tax-bit","p_agrgtd_tnovr_amt","numeric",500,"direct_blade_variable_metadata","BLADE","p_agrgtd_tnovr_amt","blade-table-06-business-income-tax-bit","Aggregated Turnover","Variable name matched inst/blade_metadata/variables.csv.",""
"blade","BLADE","blade-table-06-business-income-tax-bit","p_agrgtd_tnovr_rng_cd","numeric",500,"direct_blade_variable_metadata","BLADE","p_agrgtd_tnovr_rng_cd","blade-table-06-business-income-tax-bit","Aggregated Turnover Range","Variable name matched inst/blade_metadata/variables.csv.",""
"blade","BLADE","blade-table-06-business-income-tax-bit","p_any_idvs_stsfy_rslts_tst_ind","integer",500,"direct_blade_variable_metadata","BLADE","p_any_idvs_stsfy_rslts_tst_ind","blade-table-06-business-income-tax-bit","Did you satisfy the results test in respect of any individual?","Variable name matched inst/blade_metadata/variables.csv.",""
"blade","BLADE","blade-table-06-business-income-tax-bit","p_anzsic","integer",500,"direct_blade_variable_metadata","BLADE","p_anzsic","blade-table-06-business-income-tax-bit","ANZSIC code","Variable name matched inst/blade_metadata/variables.csv.",""
"blade","BLADE","blade-table-06-business-income-tax-bit","p_asbaldipa","integer",500,"direct_blade_variable_metadata","BLADE","p_asbaldipa","blade-table-06-business-income-tax-bit","Assessable balancing adjustments on the disposal of intangible depreciating assets","Variable name matched inst/blade_metadata/variables.csv.",""
"blade","BLADE","blade-table-06-business-income-tax-bit","p_asginppp","integer",500,"direct_blade_variable_metadata","BLADE","p_asginppp","blade-table-06-business-income-tax-bit","Assessable govt industry payments - PP","Variable name matched inst/blade_metadata/variables.csv.",""
"blade","BLADE","blade-table-06-business-income-tax-bit","p_asgipnpp","integer",500,"direct_blade_variable_metadata","BLADE","p_asgipnpp","blade-table-06-business-income-tax-bit","Assessable govt industry payments - NPP","Variable name matched inst/blade_metadata/variables.csv.",""
"blade","BLADE","blade-table-06-business-income-tax-bit","p_atfibelc","integer",500,"direct_blade_variable_metadata","BLADE","p_atfibelc","blade-table-06-business-income-tax-bit","Attributed foreign income – broad-exemption listed country","Variable name matched inst/blade_metadata/variables.csv.",""
"blade","BLADE","blade-table-06-business-income-tax-bit","p_atfidift","integer",500,"direct_blade_variable_metadata","BLADE","p_atfidift","blade-table-06-business-income-tax-bit","Attributed foreign income – direct or indirect interest in foreign trust etc Indicator","Variable name matched inst/blade_metadata/variables.csv.",""
"blade","BLADE","blade-table-06-business-income-tax-bit","p_atfififf","integer",500,"direct_blade_variable_metadata","BLADE","p_atfififf","blade-table-06-business-income-tax-bit","Attributed foreign income – FIF/FLP income","Variable name matched inst/blade_metadata/variables.csv.",""
"blade","BLADE","blade-table-06-business-income-tax-bit","p_atfilelc","integer",500,"direct_blade_variable_metadata","BLADE","p_atfilelc","blade-table-06-business-income-tax-bit","Attributed foreign income – limited-exemption listed country","Variable name matched inst/blade_metadata/variables.csv.",""
"blade","BLADE","blade-table-06-business-income-tax-bit","p_atfiulct","integer",500,"direct_blade_variable_metadata","BLADE","p_atfiulct","blade-table-06-business-income-tax-bit","Attributed foreign income –unlisted country","Variable name matched inst/blade_metadata/variables.csv.",""
"blade","BLADE","blade-table-06-business-income-tax-bit","p_atftfiff","integer",500,"direct_blade_variable_metadata","BLADE","p_atftfiff","blade-table-06-business-income-tax-bit","Attributed foreign trust – FIF/FLP","Variable name matched inst/blade_metadata/variables.csv.",""
"blade","BLADE","blade-table-06-business-income-tax-bit","p_ausn_fcrs_frm_nz_coy_amt","numeric",500,"direct_blade_variable_metadata","BLADE","p_ausn_fcrs_frm_nz_coy_amt","blade-table-06-business-income-tax-bit","Australian franking credits from a New Zealand franking company","Variable name matched inst/blade_metadata/variables.csv.",""
"blade","BLADE","blade-table-06-business-income-tax-bit","p_ausn_incm_or_lss_net_amt","numeric",500,"direct_blade_variable_metadata","BLADE","p_ausn_incm_or_lss_net_amt","blade-table-06-business-income-tax-bit","Net Australian income or loss (Subtract 'Total deductions' from 'Total income')","Variable name matched inst/blade_metadata/variables.csv.",""
"blade","BLADE","blade-table-06-business-income-tax-bit","p_ausn_invmt_incm_ddctns_amt","numeric",500,"direct_blade_variable_metadata","BLADE","p_ausn_invmt_incm_ddctns_amt","blade-table-06-business-income-tax-bit","Deductions relating to Australian investment income","Variable name matched inst/blade_metadata/variables.csv.",""
"blade","BLADE","blade-table-06-business-income-tax-bit","p_baddebts","numeric",500,"direct_blade_variable_metadata","BLADE","p_baddebts","blade-table-06-business-income-tax-bit","Bad debts","Variable name matched inst/blade_metadata/variables.csv.",""
"blade","BLADE","blade-table-06-business-income-tax-bit","p_bbi_elgbl_ast_opt_out_num","integer",500,"direct_blade_variable_metadata","BLADE","p_bbi_elgbl_ast_opt_out_num","blade-table-06-business-income-tax-bit","Backing business investment - Number of assets you are opting out for","Variable name matched inst/blade_metadata/variables.csv.",""
"blade","BLADE","blade-table-06-business-income-tax-bit","p_bbi_elgbl_ast_opt_out_val_amt","numeric",500,"direct_blade_variable_metadata","BLADE","p_bbi_elgbl_ast_opt_out_val_amt","blade-table-06-business-income-tax-bit","Backing business investment - Value of assets you are opting out for","Variable name matched inst/blade_metadata/variables.csv.",""
"blade","BLADE","blade-table-06-business-income-tax-bit","p_bus_ddctn_amt","numeric",500,"direct_blade_variable_metadata","BLADE","p_bus_ddctn_amt","blade-table-06-business-income-tax-bit","Temporary full expensing - Temporary full expensing deductions","Variable name matched inst/blade_metadata/variables.csv.",""
"blade","BLADE","blade-table-06-business-income-tax-bit","p_bus_non_pp_ncmi_amt","numeric",500,"direct_blade_variable_metadata","BLADE","p_bus_non_pp_ncmi_amt","blade-table-06-business-income-tax-bit","Business income - NCMI - NPP","Variable name matched inst/blade_metadata/variables.csv.",""
"blade","BLADE","blade-table-06-business-income-tax-bit","p_bus_npp_excldd_frm_ncmi_amt","numeric",500,"direct_blade_variable_metadata","BLADE","p_bus_npp_excldd_frm_ncmi_amt","blade-table-06-business-income-tax-bit","Business income - Excluded from NCMI - NPP","Variable name matched inst/blade_metadata/variables.csv.",""
"blade","BLADE","blade-table-06-business-income-tax-bit","p_bus_pp_excldd_frm_ncmi_amt","numeric",500,"direct_blade_variable_metadata","BLADE","p_bus_pp_excldd_frm_ncmi_amt","blade-table-06-business-income-tax-bit","Business income - Excluded from NCMI - PP","Variable name matched inst/blade_metadata/variables.csv.",""
"blade","BLADE","blade-table-06-business-income-tax-bit","p_bus_pp_ncmi_amt","numeric",500,"direct_blade_variable_metadata","BLADE","p_bus_pp_ncmi_amt","blade-table-06-business-income-tax-bit","Business income - Non-Concessional MIT Income (NCMI) - PP","Variable name matched inst/blade_metadata/variables.csv.",""
"blade","BLADE","blade-table-06-business-income-tax-bit","p_bus_prms_tst_ind","integer",500,"direct_blade_variable_metadata","BLADE","p_bus_prms_tst_ind","blade-table-06-business-income-tax-bit","Business premises test","Variable name matched inst/blade_metadata/variables.csv.",""
"blade","BLADE","blade-table-06-business-income-tax-bit","p_busmarin","integer",500,"direct_blade_variable_metadata","BLADE","p_busmarin","blade-table-06-business-income-tax-bit","Business market segment","Variable name matched inst/blade_metadata/variables.csv.",""
"blade","BLADE","blade-table-06-business-income-tax-bit","p_clnt_glbl_ent_typ_cd","integer",500,"direct_blade_variable_metadata","BLADE","p_clnt_glbl_ent_typ_cd","blade-table-06-business-income-tax-bit","Significant global entity","Variable name matched inst/blade_metadata/variables.csv.",""
"blade","BLADE","blade-table-06-business-income-tax-bit","p_clostock","numeric",500,"direct_blade_variable_metadata","BLADE","p_clostock","blade-table-06-business-income-tax-bit","Closing stock","Variable name matched inst/blade_metadata/variables.csv.",""
"blade","BLADE","blade-table-06-business-income-tax-bit","p_clstkcd","integer",500,"direct_blade_variable_metadata","BLADE","p_clstkcd","blade-table-06-business-income-tax-bit","Closing stock action code","Variable name matched inst/blade_metadata/variables.csv.",""
"blade","BLADE","blade-table-06-business-income-tax-bit","p_costsale","numeric",500,"direct_blade_variable_metadata","BLADE","p_costsale","blade-table-06-business-income-tax-bit","Cost of sales","Variable name matched inst/blade_metadata/variables.csv.",""
"blade","BLADE","blade-table-06-business-income-tax-bit","p_cptwkded","numeric",500,"direct_blade_variable_metadata","BLADE","p_cptwkded","blade-table-06-business-income-tax-bit","Capital works deductions","Variable name matched inst/blade_metadata/variables.csv.",""
"blade","BLADE","blade-table-06-business-income-tax-bit","p_cr_fr_tw_frgn_rsdnt_wth_amt","numeric",500,"direct_blade_variable_metadata","BLADE","p_cr_fr_tw_frgn_rsdnt_wth_amt","blade-table-06-business-income-tax-bit","Credit for tax withheld – foreign resident withholding (excluding capital gains)","Variable name matched inst/blade_metadata/variables.csv.",""
"blade","BLADE","blade-table-06-business-income-tax-bit","p_cr_tfn_wheld_amt","numeric",500,"direct_blade_variable_metadata","BLADE","p_cr_tfn_wheld_amt","blade-table-06-business-income-tax-bit","Share of credit for TFN amounts withheld from interest, dividends and unit trust distributions","Variable name matched inst/blade_metadata/variables.csv.",""
"blade","BLADE","blade-table-06-business-income-tax-bit","p_creditrs","numeric",500,"direct_blade_variable_metadata","BLADE","p_creditrs","blade-table-06-business-income-tax-bit","Trade creditors","Variable name matched inst/blade_metadata/variables.csv.",""
"blade","BLADE","blade-table-06-business-income-tax-bit","p_crtfnwheldpmt_closheldtrst_amt","numeric",500,"direct_blade_variable_metadata","BLADE","p_crtfnwheldpmt_closheldtrst_amt","blade-table-06-business-income-tax-bit","Credit for TFN amounts withheld from payments from closely held trusts","Variable name matched inst/blade_metadata/variables.csv.",""
"blade","BLADE","blade-table-06-business-income-tax-bit","p_currasst","numeric",500,"direct_blade_variable_metadata","BLADE","p_currasst","blade-table-06-business-income-tax-bit","Current assets","Variable name matched inst/blade_metadata/variables.csv.",""
"blade","BLADE","blade-table-06-business-income-tax-bit","p_currliab","numeric",500,"direct_blade_variable_metadata","BLADE","p_currliab","blade-table-06-business-income-tax-bit","Current liabilities","Variable name matched inst/blade_metadata/variables.csv.",""
"blade","BLADE","blade-table-06-business-income-tax-bit","p_dblbaldipa","integer",500,"direct_blade_variable_metadata","BLADE","p_dblbaldipa","blade-table-06-business-income-tax-bit","Deductible balancing adjustments on the disposal of intangible depreciating assets","Variable name matched inst/blade_metadata/variables.csv.",""
"blade","BLADE","blade-table-06-business-income-tax-bit","p_ddctn_skill_trng_amt","numeric",500,"direct_blade_variable_metadata","BLADE","p_ddctn_skill_trng_amt","blade-table-06-business-income-tax-bit","Small business skills and training boost","Variable name matched inst/blade_metadata/variables.csv.",""
"blade","BLADE","blade-table-06-business-income-tax-bit","p_ddctn_tchnlgy_invmt_amt","numeric",500,"direct_blade_variable_metadata","BLADE","p_ddctn_tchnlgy_invmt_amt","blade-table-06-business-income-tax-bit","Small business technology investment boost","Variable name matched inst/blade_metadata/variables.csv.",""
"blade","BLADE","blade-table-06-business-income-tax-bit","p_debtors","numeric",500,"direct_blade_variable_metadata","BLADE","p_debtors","blade-table-06-business-income-tax-bit","Trade debtors","Variable name matched inst/blade_metadata/variables.csv.",""
"blade","BLADE","blade-table-06-business-income-tax-bit","p_deprexps","numeric",500,"direct_blade_variable_metadata","BLADE","p_deprexps","blade-table-06-business-income-tax-bit","Depreciation expenses","Variable name matched inst/blade_metadata/variables.csv.",""
"blade","BLADE","blade-table-06-business-income-tax-bit","p_dfrkdamt","numeric",500,"direct_blade_variable_metadata","BLADE","p_dfrkdamt","blade-table-06-business-income-tax-bit","Dividends – franked amount","Variable name matched inst/blade_metadata/variables.csv.",""
"blade","BLADE","blade-table-06-business-income-tax-bit","p_dimpcred","integer",500,"direct_blade_variable_metadata","BLADE","p_dimpcred","blade-table-06-business-income-tax-bit","Dividends – imputation credit","Variable name matched inst/blade_metadata/variables.csv.",""
"blade","BLADE","blade-table-06-business-income-tax-bit","p_divs_tfn_wheld_amt","numeric",500,"direct_blade_variable_metadata","BLADE","p_divs_tfn_wheld_amt","blade-table-06-business-income-tax-bit","TFN amounts withheld from dividends","Variable name matched inst/blade_metadata/variables.csv.",""
"blade","BLADE","blade-table-06-business-income-tax-bit","p_dstbn_npp_net_amt","numeric",500,"direct_blade_variable_metadata","BLADE","p_dstbn_npp_net_amt","blade-table-06-business-income-tax-bit","Net distribution amount - NPP","Variable name matched inst/blade_metadata/variables.csv.",""
"blade","BLADE","blade-table-06-business-income-tax-bit","p_dstbn_pp_net_amt","numeric",500,"direct_blade_variable_metadata","BLADE","p_dstbn_pp_net_amt","blade-table-06-business-income-tax-bit","Net distribution - PP","Variable name matched inst/blade_metadata/variables.csv.",""
"blade","BLADE","blade-table-06-business-income-tax-bit","p_dtnfdtrst","integer",500,"direct_blade_variable_metadata","BLADE","p_dtnfdtrst","blade-table-06-business-income-tax-bit","Deductions relating to franked distributions from trusts in label F","Variable name matched inst/blade_metadata/variables.csv.",""
"blade","BLADE","blade-table-06-business-income-tax-bit","p_dtnprjtpl","integer",500,"direct_blade_variable_metadata","BLADE","p_dtnprjtpl","blade-table-06-business-income-tax-bit","Deduction for project pool","Variable name matched inst/blade_metadata/variables.csv.",""
"blade","BLADE","blade-table-06-business-income-tax-bit","p_dufrkamt","numeric",500,"direct_blade_variable_metadata","BLADE","p_dufrkamt","blade-table-06-business-income-tax-bit","Dividends – unfranked amount","Variable name matched inst/blade_metadata/variables.csv.",""
"blade","BLADE","blade-table-06-business-income-tax-bit","p_elgbl_ast_bbi_cd","integer",500,"direct_blade_variable_metadata","BLADE","p_elgbl_ast_bbi_cd","blade-table-06-business-income-tax-bit","Are you opting out of Backing business investment for some or all of your eligible assets?","Variable name matched inst/blade_metadata/variables.csv.",""
"blade","BLADE","blade-table-06-business-income-tax-bit","p_elgbl_ast_clm_num","integer",500,"direct_blade_variable_metadata","BLADE","p_elgbl_ast_clm_num","blade-table-06-business-income-tax-bit","Temporary full expensing - Number of assets you are claiming for","Variable name matched inst/blade_metadata/variables.csv.",""
"blade","BLADE","blade-table-06-business-income-tax-bit","p_elgbl_ast_opt_out_cd","integer",500,"direct_blade_variable_metadata","BLADE","p_elgbl_ast_opt_out_cd","blade-table-06-business-income-tax-bit","Are you making a choice to opt out of temporary full expensing for some or all of your eligible assets","Variable name matched inst/blade_metadata/variables.csv.",""
"blade","BLADE","blade-table-06-business-income-tax-bit","p_emplt_tst_ind","integer",500,"direct_blade_variable_metadata","BLADE","p_emplt_tst_ind","blade-table-06-business-income-tax-bit","Employment test","Variable name matched inst/blade_metadata/variables.csv.",""
"blade","BLADE","blade-table-06-business-income-tax-bit","p_exprcadj","integer",500,"direct_blade_variable_metadata","BLADE","p_exprcadj","blade-table-06-business-income-tax-bit","Expense Reconciliation Adjustments","Variable name matched inst/blade_metadata/variables.csv.",""
"blade","BLADE","blade-table-06-business-income-tax-bit","p_extnlabr","numeric",500,"direct_blade_variable_metadata","BLADE","p_extnlabr","blade-table-06-business-income-tax-bit","Contractor, sub-contractor and commission expenses (previously labelled External labour costs)","Variable name matched inst/blade_metadata/variables.csv.",""
"blade","BLADE","blade-table-06-business-income-tax-bit","p_fbempcbt","integer",500,"direct_blade_variable_metadata","BLADE","p_fbempcbt","blade-table-06-business-income-tax-bit","Fringe benefit employee contributions","Variable name matched inst/blade_metadata/variables.csv.",""
"blade","BLADE","blade-table-06-business-income-tax-bit","p_fcr_wheld_amt","numeric",500,"direct_blade_variable_metadata","BLADE","p_fcr_wheld_amt","blade-table-06-business-income-tax-bit","Share of franking credits from franked distributions","Variable name matched inst/blade_metadata/variables.csv.",""
"blade","BLADE","blade-table-06-business-income-tax-bit","p_forgn_rsdnt_cr_wheld_06_amt","numeric",500,"direct_blade_variable_metadata","BLADE","p_forgn_rsdnt_cr_wheld_06_amt","blade-table-06-business-income-tax-bit","Share of credit for tax withheld - foreign resident withholding (excluding capital gains)","Variable name matched inst/blade_metadata/variables.csv.",""
"blade","BLADE","blade-table-06-business-income-tax-bit","p_frkdntrst","integer",500,"direct_blade_variable_metadata","BLADE","p_frkdntrst","blade-table-06-business-income-tax-bit","Franked distributions from trusts","Variable name matched inst/blade_metadata/variables.csv.",""
"blade","BLADE","blade-table-06-business-income-tax-bit","p_frst_yr_ast_dprtn_bbi_ddctn_to","integer",500,"direct_blade_variable_metadata","BLADE","p_frst_yr_ast_dprtn_bbi_ddctn_to","blade-table-06-business-income-tax-bit","First year accelerated depreciation deductions for assets using Backing business Investment","Variable name matched inst/blade_metadata/variables.csv.",""
"blade","BLADE","blade-table-06-business-income-tax-bit","p_frstry_mis_ddctn_amt","numeric",500,"direct_blade_variable_metadata","BLADE","p_frstry_mis_ddctn_amt","blade-table-06-business-income-tax-bit","Forestry managed investment scheme deduction","Variable name matched inst/blade_metadata/variables.csv.",""
"blade","BLADE","blade-table-06-business-income-tax-bit","p_frstry_mis_incm_amt","numeric",500,"direct_blade_variable_metadata","BLADE","p_frstry_mis_incm_amt","blade-table-06-business-income-tax-bit","Forestry managed investment scheme income","Variable name matched inst/blade_metadata/variables.csv.",""
"blade","BLADE","blade-table-06-business-income-tax-bit","p_gnfsiftc","integer",500,"direct_blade_variable_metadata","BLADE","p_gnfsiftc","blade-table-06-business-income-tax-bit","General net foreign source income – foreign tax credits","Variable name matched inst/blade_metadata/variables.csv.",""
"blade","BLADE","blade-table-06-business-income-tax-bit","p_gnfsincm","numeric",500,"direct_blade_variable_metadata","BLADE","p_gnfsincm","blade-table-06-business-income-tax-bit","General net foreign source income","Variable name matched inst/blade_metadata/variables.csv.",""
"blade","BLADE","blade-table-06-business-income-tax-bit","p_gpabnnpp","integer",500,"direct_blade_variable_metadata","BLADE","p_gpabnnpp","blade-table-06-business-income-tax-bit","Gross Payment ABN not quoted - NPP","Variable name matched inst/blade_metadata/variables.csv.",""
"blade","BLADE","blade-table-06-business-income-tax-bit","p_gpabnpp","integer",500,"direct_blade_variable_metadata","BLADE","p_gpabnpp","blade-table-06-business-income-tax-bit","Gross Payment ABN not quoted - PP","Variable name matched inst/blade_metadata/variables.csv.",""
"blade","BLADE","blade-table-06-business-income-tax-bit","p_gpsfrwex","integer",500,"direct_blade_variable_metadata","BLADE","p_gpsfrwex","blade-table-06-business-income-tax-bit","Foreign resident withholding expenses","Variable name matched inst/blade_metadata/variables.csv.",""
"blade","BLADE","blade-table-06-business-income-tax-bit","p_gpsfrwnp","integer",500,"direct_blade_variable_metadata","BLADE","p_gpsfrwnp","blade-table-06-business-income-tax-bit","Gross payments subject to FRW - NPP","Variable name matched inst/blade_metadata/variables.csv.",""
"blade","BLADE","blade-table-06-business-income-tax-bit","p_gpsfrwpp","integer",500,"direct_blade_variable_metadata","BLADE","p_gpsfrwpp","blade-table-06-business-income-tax-bit","Gross payments subject to FRW - PP","Variable name matched inst/blade_metadata/variables.csv.",""
"blade","BLADE","blade-table-06-business-income-tax-bit","p_grs_dstbn_trsts_npp_cd","integer",500,"direct_blade_variable_metadata","BLADE","p_grs_dstbn_trsts_npp_cd","blade-table-06-business-income-tax-bit","Distribution from trust, less net capital gain and foreign income action - NPP","Variable name matched inst/blade_metadata/variables.csv.",""
"blade","BLADE","blade-table-06-business-income-tax-bit","p_grs_dstbn_trsts_pp_cd","integer",500,"direct_blade_variable_metadata","BLADE","p_grs_dstbn_trsts_pp_cd","blade-table-06-business-income-tax-bit","Distribution from trusts action code - PP","Variable name matched inst/blade_metadata/variables.csv.",""
"blade","BLADE","blade-table-06-business-income-tax-bit","p_grssintr","numeric",500,"direct_blade_variable_metadata","BLADE","p_grssintr","blade-table-06-business-income-tax-bit","Gross interest","Variable name matched inst/blade_metadata/variables.csv.",""
"blade","BLADE","blade-table-06-business-income-tax-bit","p_grssrent","numeric",500,"direct_blade_variable_metadata","BLADE","p_grssrent","blade-table-06-business-income-tax-bit","Gross rent","Variable name matched inst/blade_metadata/variables.csv.",""
"blade","BLADE","blade-table-06-business-income-tax-bit","p_hldpsbdinrspctofanyidvsind","numeric",500,"direct_blade_variable_metadata","BLADE","p_hldpsbdinrspctofanyidvsind","blade-table-06-business-income-tax-bit","Do you hold a personal services business (PSB) determination in respect of any individuals?","Variable name matched inst/blade_metadata/variables.csv.",""
"blade","BLADE","blade-table-06-business-income-tax-bit","p_idv_psi_ind","integer",500,"direct_blade_variable_metadata","BLADE","p_idv_psi_ind","blade-table-06-business-income-tax-bit","Does your income include an individual’s personal services income (PSI)?","Variable name matched inst/blade_metadata/variables.csv.",""
"blade","BLADE","blade-table-06-business-income-tax-bit","p_incm_or_lss_net_totl_amt","numeric",500,"direct_blade_variable_metadata","BLADE","p_incm_or_lss_net_totl_amt","blade-table-06-business-income-tax-bit","Total net income or loss","Variable name matched inst/blade_metadata/variables.csv.",""
"blade","BLADE","blade-table-06-business-income-tax-bit","p_incmradj","numeric",500,"direct_blade_variable_metadata","BLADE","p_incmradj","blade-table-06-business-income-tax-bit","Income Reconciliation Adjustments","Variable name matched inst/blade_metadata/variables.csv.",""
"blade","BLADE","blade-table-06-business-income-tax-bit","p_intdepas","integer",500,"direct_blade_variable_metadata","BLADE","p_intdepas","blade-table-06-business-income-tax-bit","Intangible depreciating assets first deducted","Variable name matched inst/blade_metadata/variables.csv.",""
"blade","BLADE","blade-table-06-business-income-tax-bit","p_intexpos","integer",500,"direct_blade_variable_metadata","BLADE","p_intexpos","blade-table-06-business-income-tax-bit","Interest expenses overseas","Variable name matched inst/blade_metadata/variables.csv.",""
"blade","BLADE","blade-table-06-business-income-tax-bit","p_intextot","integer",500,"direct_blade_variable_metadata","BLADE","p_intextot","blade-table-06-business-income-tax-bit","Total interest expenses","Variable name matched inst/blade_metadata/variables.csv.",""
"blade","BLADE","blade-table-06-business-income-tax-bit","p_intldlgi","integer",500,"direct_blade_variable_metadata","BLADE","p_intldlgi","blade-table-06-business-income-tax-bit","Overseas transactions","Variable name matched inst/blade_metadata/variables.csv.",""
"blade","BLADE","blade-table-06-business-income-tax-bit","p_intrdedt","numeric",500,"direct_blade_variable_metadata","BLADE","p_intrdedt","blade-table-06-business-income-tax-bit","Interest deductions","Variable name matched inst/blade_metadata/variables.csv.",""
"blade","BLADE","blade-table-06-business-income-tax-bit","p_leaextot","integer",500,"direct_blade_variable_metadata","BLADE","p_leaextot","blade-table-06-business-income-tax-bit","Lease expenses","Variable name matched inst/blade_metadata/variables.csv.",""
"blade","BLADE","blade-table-06-business-income-tax-bit","p_motrexps","numeric",500,"direct_blade_variable_metadata","BLADE","p_motrexps","blade-table-06-business-income-tax-bit","Motor vehicle expenses","Variable name matched inst/blade_metadata/variables.csv.",""
"blade","BLADE","blade-table-06-business-income-tax-bit","p_net_rntl_prpty_incm_or_lss_amt","numeric",500,"direct_blade_variable_metadata","BLADE","p_net_rntl_prpty_incm_or_lss_amt","blade-table-06-business-income-tax-bit","Net rental property income or loss","Variable name matched inst/blade_metadata/variables.csv.",""
"blade","BLADE","blade-table-06-business-income-tax-bit","p_netfincl_invmt_incm_or_lss_amt","numeric",500,"direct_blade_variable_metadata","BLADE","p_netfincl_invmt_incm_or_lss_amt","blade-table-06-business-income-tax-bit","Income tests - Net financial investment income or loss","Variable name matched inst/blade_metadata/variables.csv.",""
"blade","BLADE","blade-table-06-business-income-tax-bit","p_netilbus","numeric",500,"direct_blade_variable_metadata","BLADE","p_netilbus","blade-table-06-business-income-tax-bit","Net income or loss from business","Variable name matched inst/blade_metadata/variables.csv.",""
"blade","BLADE","blade-table-06-business-income-tax-bit","p_netincnp","numeric",500,"direct_blade_variable_metadata","BLADE","p_netincnp","blade-table-06-business-income-tax-bit","Net income or loss from business - NPP","Variable name matched inst/blade_metadata/variables.csv.",""
"blade","BLADE","blade-table-06-business-income-tax-bit","p_netincpp","numeric",500,"direct_blade_variable_metadata","BLADE","p_netincpp","blade-table-06-business-income-tax-bit","Net income or loss from business - PP","Variable name matched inst/blade_metadata/variables.csv.",""
"blade","BLADE","blade-table-06-business-income-tax-bit","p_netrentt","numeric",500,"direct_blade_variable_metadata","BLADE","p_netrentt","blade-table-06-business-income-tax-bit","Net rent","Variable name matched inst/blade_metadata/variables.csv.",""
"blade","BLADE","blade-table-06-business-income-tax-bit","p_nppddrdb","integer",500,"direct_blade_variable_metadata","BLADE","p_nppddrdb","blade-table-06-business-income-tax-bit","Deductions relating to distribution - NPP","Variable name matched inst/blade_metadata/variables.csv.",""
"blade","BLADE","blade-table-06-business-income-tax-bit","p_nppddtps","integer",500,"direct_blade_variable_metadata","BLADE","p_nppddtps","blade-table-06-business-income-tax-bit","Distribution from partnerships - NPP","Variable name matched inst/blade_metadata/variables.csv.",""
"blade","BLADE","blade-table-06-business-income-tax-bit","p_nppddttr","integer",500,"direct_blade_variable_metadata","BLADE","p_nppddttr","blade-table-06-business-income-tax-bit","Distribution from trusts - NPP","Variable name matched inst/blade_metadata/variables.csv.",""
"blade","BLADE","blade-table-06-business-income-tax-bit","p_nras_tax_ofst_entlmt_amt","numeric",500,"direct_blade_variable_metadata","BLADE","p_nras_tax_ofst_entlmt_amt","blade-table-06-business-income-tax-bit","National rental affordability scheme tax offset entitlement","Variable name matched inst/blade_metadata/variables.csv.",""
"blade","BLADE","blade-table-06-business-income-tax-bit","p_opnstock","numeric",500,"direct_blade_variable_metadata","BLADE","p_opnstock","blade-table-06-business-income-tax-bit","Opening stock","Variable name matched inst/blade_metadata/variables.csv.",""
"blade","BLADE","blade-table-06-business-income-tax-bit","p_othafsgr","integer",500,"direct_blade_variable_metadata","BLADE","p_othafsgr","blade-table-06-business-income-tax-bit","Other Assessable Foreign source Gross Income","Variable name matched inst/blade_metadata/variables.csv.",""
"blade","BLADE","blade-table-06-business-income-tax-bit","p_othaitoi","integer",500,"direct_blade_variable_metadata","BLADE","p_othaitoi","blade-table-06-business-income-tax-bit","Other Australian income - type of Income","Variable name matched inst/blade_metadata/variables.csv.",""
"blade","BLADE","blade-table-06-business-income-tax-bit","p_othbicpp","integer",500,"direct_blade_variable_metadata","BLADE","p_othbicpp","blade-table-06-business-income-tax-bit","Other business income - PP","Variable name matched inst/blade_metadata/variables.csv.",""
"blade","BLADE","blade-table-06-business-income-tax-bit","p_othbinpp","integer",500,"direct_blade_variable_metadata","BLADE","p_othbinpp","blade-table-06-business-income-tax-bit","Other business income - NPP","Variable name matched inst/blade_metadata/variables.csv.",""
"blade","BLADE","blade-table-06-business-income-tax-bit","p_othdepas","integer",500,"direct_blade_variable_metadata","BLADE","p_othdepas","blade-table-06-business-income-tax-bit","Other depreciating assets first deducted","Variable name matched inst/blade_metadata/variables.csv.",""
"blade","BLADE","blade-table-06-business-income-tax-bit","p_othr_ddctns_totl_amt","numeric",500,"direct_blade_variable_metadata","BLADE","p_othr_ddctns_totl_amt","blade-table-06-business-income-tax-bit","Total other deductions","Variable name matched inst/blade_metadata/variables.csv.",""
"blade","BLADE","blade-table-06-business-income-tax-bit","p_othrexps","numeric",500,"direct_blade_variable_metadata","BLADE","p_othrexps","blade-table-06-business-income-tax-bit","All other expenses","Variable name matched inst/blade_metadata/variables.csv.",""
"blade","BLADE","blade-table-06-business-income-tax-bit","p_othrtldt","integer",500,"direct_blade_variable_metadata","BLADE","p_othrtldt","blade-table-06-business-income-tax-bit","Other rental deductions","Variable name matched inst/blade_metadata/variables.csv.",""
"blade","BLADE","blade-table-06-business-income-tax-bit","p_payassoc","numeric",500,"direct_blade_variable_metadata","BLADE","p_payassoc","blade-table-06-business-income-tax-bit","Payments to associated persons","Variable name matched inst/blade_metadata/variables.csv.",""
"blade","BLADE","blade-table-06-business-income-tax-bit","p_pp_excldd_frm_ncmi_amt","numeric",500,"direct_blade_variable_metadata","BLADE","p_pp_excldd_frm_ncmi_amt","blade-table-06-business-income-tax-bit","PP - Distribution from partnerships - Excluded from NCMI","Variable name matched inst/blade_metadata/variables.csv.",""
"blade","BLADE","blade-table-06-business-income-tax-bit","p_pp_ncmi_amt","numeric",500,"direct_blade_variable_metadata","BLADE","p_pp_ncmi_amt","blade-table-06-business-income-tax-bit","PP - Distribution from partnerships - NCMI","Variable name matched inst/blade_metadata/variables.csv.",""
"blade","BLADE","blade-table-06-business-income-tax-bit","p_ppdistps","integer",500,"direct_blade_variable_metadata","BLADE","p_ppdistps","blade-table-06-business-income-tax-bit","Distribution from partnerships - PP","Variable name matched inst/blade_metadata/variables.csv.",""
"blade","BLADE","blade-table-06-business-income-tax-bit","p_ppdisttr","integer",500,"direct_blade_variable_metadata","BLADE","p_ppdisttr","blade-table-06-business-income-tax-bit","Distribution from trusts - PP","Variable name matched inst/blade_metadata/variables.csv.",""
"blade","BLADE","blade-table-06-business-income-tax-bit","p_pprddrdb","integer",500,"direct_blade_variable_metadata","BLADE","p_pprddrdb","blade-table-06-business-income-tax-bit","Deductions relating to distribution - PP","Variable name matched inst/blade_metadata/variables.csv.",""
"blade","BLADE","blade-table-06-business-income-tax-bit","p_propfund","integer",500,"direct_blade_variable_metadata","BLADE","p_propfund","blade-table-06-business-income-tax-bit","Proprietors’ funds","Variable name matched inst/blade_metadata/variables.csv.",""
"blade","BLADE","blade-table-06-business-income-tax-bit","p_pshp_npp_excldd_frm_ncmi_amt","numeric",500,"direct_blade_variable_metadata","BLADE","p_pshp_npp_excldd_frm_ncmi_amt","blade-table-06-business-income-tax-bit","Non-PP - Distribution from partnerships - Excluded from NCMI","Variable name matched inst/blade_metadata/variables.csv.",""
"blade","BLADE","blade-table-06-business-income-tax-bit","p_pshp_npp_ncmi_amt","numeric",500,"direct_blade_variable_metadata","BLADE","p_pshp_npp_ncmi_amt","blade-table-06-business-income-tax-bit","Non-PP - Distribution from partnerships - NCMI","Variable name matched inst/blade_metadata/variables.csv.",""
"blade","BLADE","blade-table-06-business-income-tax-bit","p_purcothc","integer",500,"direct_blade_variable_metadata","BLADE","p_purcothc","blade-table-06-business-income-tax-bit","Purchases and other costs","Variable name matched inst/blade_metadata/variables.csv.",""
"blade","BLADE","blade-table-06-business-income-tax-bit","p_rentexps","numeric",500,"direct_blade_variable_metadata","BLADE","p_rentexps","blade-table-06-business-income-tax-bit","Rent expenses","Variable name matched inst/blade_metadata/variables.csv.",""
"blade","BLADE","blade-table-06-business-income-tax-bit","p_repmaint","integer",500,"direct_blade_variable_metadata","BLADE","p_repmaint","blade-table-06-business-income-tax-bit","Repairs and maintenance","Variable name matched inst/blade_metadata/variables.csv.",""
"blade","BLADE","blade-table-06-business-income-tax-bit","p_royexpos","integer",500,"direct_blade_variable_metadata","BLADE","p_royexpos","blade-table-06-business-income-tax-bit","Royalty expenses overseas","Variable name matched inst/blade_metadata/variables.csv.",""
"blade","BLADE","blade-table-06-business-income-tax-bit","p_royextot","integer",500,"direct_blade_variable_metadata","BLADE","p_royextot","blade-table-06-business-income-tax-bit","Total royalty expenses","Variable name matched inst/blade_metadata/variables.csv.",""
"blade","BLADE","blade-table-06-business-income-tax-bit","p_rprt_typ_cd","integer",500,"direct_blade_variable_metadata","BLADE","p_rprt_typ_cd","blade-table-06-business-income-tax-bit","Country by country reporting entity","Variable name matched inst/blade_metadata/variables.csv.",""
"blade","BLADE","blade-table-06-business-income-tax-bit","p_salwgexp","numeric",500,"direct_blade_variable_metadata","BLADE","p_salwgexp","blade-table-06-business-income-tax-bit","Total salary and wage expenses action code","Variable name matched inst/blade_metadata/variables.csv.",""
"blade","BLADE","blade-table-06-business-income-tax-bit","p_sbi_net_amt","numeric",500,"direct_blade_variable_metadata","BLADE","p_sbi_net_amt","blade-table-06-business-income-tax-bit","Net small business income","Variable name matched inst/blade_metadata/variables.csv.",""
"blade","BLADE","blade-table-06-business-income-tax-bit","p_sbsq_yr_ast_dprtn_bbi_ddctn_to","integer",500,"direct_blade_variable_metadata","BLADE","p_sbsq_yr_ast_dprtn_bbi_ddctn_to","blade-table-06-business-income-tax-bit","Subsequent year accelerated depreciation deductions for assets using Backing Business Investment","Variable name matched inst/blade_metadata/variables.csv.",""
"blade","BLADE","blade-table-06-business-income-tax-bit","p_sec40ddtn","integer",500,"direct_blade_variable_metadata","BLADE","p_sec40ddtn","blade-table-06-business-income-tax-bit","Section 40-880 deduction","Variable name matched inst/blade_metadata/variables.csv.",""
"blade","BLADE","blade-table-06-business-income-tax-bit","p_self_assd_efctv_lf_ind","integer",500,"direct_blade_variable_metadata","BLADE","p_self_assd_efctv_lf_ind","blade-table-06-business-income-tax-bit","Have you self-assessed the effective life of any of these assets?","Variable name matched inst/blade_metadata/variables.csv.",""
"blade","BLADE","blade-table-06-business-income-tax-bit","p_sobastin","integer",500,"direct_blade_variable_metadata","BLADE","p_sobastin","blade-table-06-business-income-tax-bit","Status of your business","Variable name matched inst/blade_metadata/variables.csv.",""
"blade","BLADE","blade-table-06-business-income-tax-bit","p_sts_dprtg_gnrl_pool_asts_amt","numeric",500,"direct_blade_variable_metadata","BLADE","p_sts_dprtg_gnrl_pool_asts_amt","blade-table-06-business-income-tax-bit","Small business entity simplified depreciation - Deduction for general small business pool","Variable name matched inst/blade_metadata/variables.csv.",""
"blade","BLADE","blade-table-06-business-income-tax-bit","p_sts_dprtg_low_cst_asts_amt","numeric",500,"direct_blade_variable_metadata","BLADE","p_sts_dprtg_low_cst_asts_amt","blade-table-06-business-income-tax-bit","Small business entity simplified depreciation - Deduction for certain assets","Variable name matched inst/blade_metadata/variables.csv.",""
"blade","BLADE","blade-table-06-business-income-tax-bit","p_superann","numeric",500,"direct_blade_variable_metadata","BLADE","p_superann","blade-table-06-business-income-tax-bit","Superannuation expenses","Variable name matched inst/blade_metadata/variables.csv.",""
"blade","BLADE","blade-table-06-business-income-tax-bit","p_tadjvalyrend","numeric",500,"direct_blade_variable_metadata","BLADE","p_tadjvalyrend","blade-table-06-business-income-tax-bit","Total adjustable values at end of income year","Variable name matched inst/blade_metadata/variables.csv.",""
"blade","BLADE","blade-table-06-business-income-tax-bit","p_tc_prvsn_apply_ind","integer",500,"direct_blade_variable_metadata","BLADE","p_tc_prvsn_apply_ind","blade-table-06-business-income-tax-bit","Did the thin capitalisation provisions apply?","Variable name matched inst/blade_metadata/variables.csv.",""
"blade","BLADE","blade-table-06-business-income-tax-bit","p_terintas","integer",500,"direct_blade_variable_metadata","BLADE","p_terintas","blade-table-06-business-income-tax-bit","Termination value of intangible depreciating assets","Variable name matched inst/blade_metadata/variables.csv.",""
"blade","BLADE","blade-table-06-business-income-tax-bit","p_terothas","integer",500,"direct_blade_variable_metadata","BLADE","p_terothas","blade-table-06-business-income-tax-bit","Termination value of other depreciating assets","Variable name matched inst/blade_metadata/variables.csv.",""
"blade","BLADE","blade-table-06-business-income-tax-bit","p_tfe_elgbl_ast_opt_out_num","integer",500,"direct_blade_variable_metadata","BLADE","p_tfe_elgbl_ast_opt_out_num","blade-table-06-business-income-tax-bit","Temporary full expensing - Number of assets you are opting out for","Variable name matched inst/blade_metadata/variables.csv.",""
"blade","BLADE","blade-table-06-business-income-tax-bit","p_tfe_elgbl_ast_opt_out_val_amt","numeric",500,"direct_blade_variable_metadata","BLADE","p_tfe_elgbl_ast_opt_out_val_amt","blade-table-06-business-income-tax-bit","Temporary full expensing - Value of assets you are opting out for","Variable name matched inst/blade_metadata/variables.csv.",""
"blade","BLADE","blade-table-06-business-income-tax-bit","p_tfn_wheld_frm_grs_intst_amt","numeric",500,"direct_blade_variable_metadata","BLADE","p_tfn_wheld_frm_grs_intst_amt","blade-table-06-business-income-tax-bit","TFN amounts withheld from gross interest","Variable name matched inst/blade_metadata/variables.csv.",""
"blade","BLADE","blade-table-06-business-income-tax-bit","p_totbusnp","integer",500,"direct_blade_variable_metadata","BLADE","p_totbusnp","blade-table-06-business-income-tax-bit","Total Business Income - NPP","Variable name matched inst/blade_metadata/variables.csv.",""
"blade","BLADE","blade-table-06-business-income-tax-bit","p_totbuspp","integer",500,"direct_blade_variable_metadata","BLADE","p_totbuspp","blade-table-06-business-income-tax-bit","Total Business Income - PP","Variable name matched inst/blade_metadata/variables.csv.",""
"blade","BLADE","blade-table-06-business-income-tax-bit","p_totl_prsnl_srvc_incm_amt","numeric",500,"direct_blade_variable_metadata","BLADE","p_totl_prsnl_srvc_incm_amt","blade-table-06-business-income-tax-bit","Total amount of PSI included at item 5 income labels","Variable name matched inst/blade_metadata/variables.csv.",""
"blade","BLADE","blade-table-06-business-income-tax-bit","p_totl_tofa_gains_amt","numeric",500,"direct_blade_variable_metadata","BLADE","p_totl_tofa_gains_amt","blade-table-06-business-income-tax-bit","Total TOFA gains","Variable name matched inst/blade_metadata/variables.csv.",""
"blade","BLADE","blade-table-06-business-income-tax-bit","p_totl_tofa_lsses_amt","numeric",500,"direct_blade_variable_metadata","BLADE","p_totl_tofa_lsses_amt","blade-table-06-business-income-tax-bit","Total TOFA losses","Variable name matched inst/blade_metadata/variables.csv.",""
"blade","BLADE","blade-table-06-business-income-tax-bit","p_totlasst","numeric",500,"direct_blade_variable_metadata","BLADE","p_totlasst","blade-table-06-business-income-tax-bit","Total assets","Variable name matched inst/blade_metadata/variables.csv.",""
"blade","BLADE","blade-table-06-business-income-tax-bit","p_totlexps","numeric",500,"direct_blade_variable_metadata","BLADE","p_totlexps","blade-table-06-business-income-tax-bit","Total expenses","Variable name matched inst/blade_metadata/variables.csv.",""
"blade","BLADE","blade-table-06-business-income-tax-bit","p_totlincm","numeric",500,"direct_blade_variable_metadata","BLADE","p_totlincm","blade-table-06-business-income-tax-bit","Total income (Total of the items listed under the ‘Income’ heading in the Income Tax Return forms)","Variable name matched inst/blade_metadata/variables.csv.",""
"blade","BLADE","blade-table-06-business-income-tax-bit","p_totlliab","numeric",500,"direct_blade_variable_metadata","BLADE","p_totlliab","blade-table-06-business-income-tax-bit","Total liabilities","Variable name matched inst/blade_metadata/variables.csv.",""
"blade","BLADE","blade-table-06-business-income-tax-bit","p_totlprsnlsrvcincmddctnsamt","numeric",500,"direct_blade_variable_metadata","BLADE","p_totlprsnlsrvcincmddctnsamt","blade-table-06-business-income-tax-bit","Total amount of deductions against PSI included at item 5 expense labels","Variable name matched inst/blade_metadata/variables.csv.",""
"blade","BLADE","blade-table-06-business-income-tax-bit","p_totlwage","numeric",500,"direct_blade_variable_metadata","BLADE","p_totlwage","blade-table-06-business-income-tax-bit","Total salaries and wage expenses","Variable name matched inst/blade_metadata/variables.csv.",""
"blade","BLADE","blade-table-06-business-income-tax-bit","p_trst_npp_excldd_frm_ncmi_amt","numeric",500,"direct_blade_variable_metadata","BLADE","p_trst_npp_excldd_frm_ncmi_amt","blade-table-06-business-income-tax-bit","Net income from trust - Excluded from NCMI - NPP","Variable name matched inst/blade_metadata/variables.csv.",""
"blade","BLADE","blade-table-06-business-income-tax-bit","p_trst_npp_ncmi_amt","numeric",500,"direct_blade_variable_metadata","BLADE","p_trst_npp_ncmi_amt","blade-table-06-business-income-tax-bit","Net income from trust - NCMI - NPP","Variable name matched inst/blade_metadata/variables.csv.",""
"blade","BLADE","blade-table-06-business-income-tax-bit","p_trst_pp_excldd_frm_ncmi_amt","numeric",500,"direct_blade_variable_metadata","BLADE","p_trst_pp_excldd_frm_ncmi_amt","blade-table-06-business-income-tax-bit","Net income from trust - Excluded from NCMI - PP","Variable name matched inst/blade_metadata/variables.csv.",""
"blade","BLADE","blade-table-06-business-income-tax-bit","p_trst_pp_ncmi_amt","numeric",500,"direct_blade_variable_metadata","BLADE","p_trst_pp_ncmi_amt","blade-table-06-business-income-tax-bit","Net income from trust - NCMI - PP","Variable name matched inst/blade_metadata/variables.csv.",""
"blade","BLADE","blade-table-06-business-income-tax-bit","p_tw_abn_not_qtd_amt","character",500,"direct_blade_variable_metadata","BLADE","p_tw_abn_not_qtd_amt","blade-table-06-business-income-tax-bit","Tax withheld where ABN not quoted","Variable name matched inst/blade_metadata/variables.csv.",""
"blade","BLADE","blade-table-06-business-income-tax-bit","p_tw_abn_not_qtd_cr_share_amt","character",500,"direct_blade_variable_metadata","BLADE","p_tw_abn_not_qtd_cr_share_amt","blade-table-06-business-income-tax-bit","Share of credit for tax withheld where ABN not quoted","Variable name matched inst/blade_metadata/variables.csv.",""
"blade","BLADE","blade-table-06-business-income-tax-bit","p_txspcnty","integer",500,"direct_blade_variable_metadata","BLADE","p_txspcnty","blade-table-06-business-income-tax-bit","Transactions with specified countries","Variable name matched inst/blade_metadata/variables.csv.",""
"blade","BLADE","blade-table-06-business-income-tax-bit","p_unrltd_clnts_tst_ind","integer",500,"direct_blade_variable_metadata","BLADE","p_unrltd_clnts_tst_ind","blade-table-06-business-income-tax-bit","Unrelated clients test","Variable name matched inst/blade_metadata/variables.csv.",""
"blade","BLADE","blade-table-06-business-income-tax-bit","p_wrt_off_dtl_itm_amt","numeric",500,"direct_blade_variable_metadata","BLADE","p_wrt_off_dtl_itm_amt","blade-table-06-business-income-tax-bit","Instant asset write-off deductions for non-small business entities","Variable name matched inst/blade_metadata/variables.csv.",""
"blade","BLADE","blade-table-06-business-income-tax-bit","p_yrastsefctvlfincmyrrclcltind","numeric",500,"direct_blade_variable_metadata","BLADE","p_yrastsefctvlfincmyrrclcltind","blade-table-06-business-income-tax-bit","Did you recalculate the effective life for any of your assets this income year?","Variable name matched inst/blade_metadata/variables.csv.",""
"blade","BLADE","blade-table-06-business-income-tax-bit","t_agrgtd_tnovr_amt","numeric",500,"direct_blade_variable_metadata","BLADE","t_agrgtd_tnovr_amt","blade-table-06-business-income-tax-bit","Aggregated Turnover","Variable name matched inst/blade_metadata/variables.csv.",""
"blade","BLADE","blade-table-06-business-income-tax-bit","t_agrgtd_tnovr_rng_cd","numeric",500,"direct_blade_variable_metadata","BLADE","t_agrgtd_tnovr_rng_cd","blade-table-06-business-income-tax-bit","Aggregated Turnover Range","Variable name matched inst/blade_metadata/variables.csv.",""
"blade","BLADE","blade-table-06-business-income-tax-bit","t_amit_incm_ind","numeric",500,"direct_blade_variable_metadata","BLADE","t_amit_incm_ind","blade-table-06-business-income-tax-bit","Is the trust a managed investment trust (MIT)?","Variable name matched inst/blade_metadata/variables.csv.",""
"blade","BLADE","blade-table-06-business-income-tax-bit","t_amit_incm_typ_cd","numeric",500,"direct_blade_variable_metadata","BLADE","t_amit_incm_typ_cd","blade-table-06-business-income-tax-bit","Type of managed investment trust","Variable name matched inst/blade_metadata/variables.csv.",""
"blade","BLADE","blade-table-06-business-income-tax-bit","t_any_idvs_stsfy_rslts_tst_ind","integer",500,"direct_blade_variable_metadata","BLADE","t_any_idvs_stsfy_rslts_tst_ind","blade-table-06-business-income-tax-bit","Did you satisfy the results test in respect of any individual?","Variable name matched inst/blade_metadata/variables.csv.",""
"blade","BLADE","blade-table-06-business-income-tax-bit","t_anzsic","integer",500,"direct_blade_variable_metadata","BLADE","t_anzsic","blade-table-06-business-income-tax-bit","ANZSIC code","Variable name matched inst/blade_metadata/variables.csv.",""
"blade","BLADE","blade-table-06-business-income-tax-bit","t_asbaldipa","integer",500,"direct_blade_variable_metadata","BLADE","t_asbaldipa","blade-table-06-business-income-tax-bit","Assessable balancing adjustments on the disposal of intangible depreciating assets","Variable name matched inst/blade_metadata/variables.csv.",""
"blade","BLADE","blade-table-06-business-income-tax-bit","t_asginppp","integer",500,"direct_blade_variable_metadata","BLADE","t_asginppp","blade-table-06-business-income-tax-bit","Assessable govt industry payments - PP","Variable name matched inst/blade_metadata/variables.csv.",""
"blade","BLADE","blade-table-06-business-income-tax-bit","t_asgipnpp","integer",500,"direct_blade_variable_metadata","BLADE","t_asgipnpp","blade-table-06-business-income-tax-bit","Assessable govt industry payments - NPP","Variable name matched inst/blade_metadata/variables.csv.",""
"blade","BLADE","blade-table-06-business-income-tax-bit","t_asmt_calcn_cd","integer",500,"direct_blade_variable_metadata","BLADE","t_asmt_calcn_cd","blade-table-06-business-income-tax-bit","Choice for resident trustee to be assessed to capital gains on behalf of beneficiaries - Assessment calculation code","Variable name matched inst/blade_metadata/variables.csv.",""
"blade","BLADE","blade-table-06-business-income-tax-bit","t_assforgnsrcothrincmnobnfcryamt","numeric",500,"direct_blade_variable_metadata","BLADE","t_assforgnsrcothrincmnobnfcryamt","blade-table-06-business-income-tax-bit","Other assessable foreign source income","Variable name matched inst/blade_metadata/variables.csv.",""
"blade","BLADE","blade-table-06-business-income-tax-bit","t_atfibelc","integer",500,"direct_blade_variable_metadata","BLADE","t_atfibelc","blade-table-06-business-income-tax-bit","Attributed foreign income – broad-exemption listed country","Variable name matched inst/blade_metadata/variables.csv.",""
"blade","BLADE","blade-table-06-business-income-tax-bit","t_atfidift","integer",500,"direct_blade_variable_metadata","BLADE","t_atfidift","blade-table-06-business-income-tax-bit","Attributed foreign income – direct or indirect interest in foreign trust etc Indicator","Variable name matched inst/blade_metadata/variables.csv.",""
"blade","BLADE","blade-table-06-business-income-tax-bit","t_atfififf","integer",500,"direct_blade_variable_metadata","BLADE","t_atfififf","blade-table-06-business-income-tax-bit","Attributed foreign income – FIF/FLP income","Variable name matched inst/blade_metadata/variables.csv.",""
"blade","BLADE","blade-table-06-business-income-tax-bit","t_atfilelc","integer",500,"direct_blade_variable_metadata","BLADE","t_atfilelc","blade-table-06-business-income-tax-bit","Attributed foreign income – limited-exemption listed country","Variable name matched inst/blade_metadata/variables.csv.",""
"blade","BLADE","blade-table-06-business-income-tax-bit","t_atfiulct","integer",500,"direct_blade_variable_metadata","BLADE","t_atfiulct","blade-table-06-business-income-tax-bit","Attributed foreign income –unlisted country","Variable name matched inst/blade_metadata/variables.csv.",""
"blade","BLADE","blade-table-06-business-income-tax-bit","t_atftfiff","integer",500,"direct_blade_variable_metadata","BLADE","t_atftfiff","blade-table-06-business-income-tax-bit","Attributed foreign trust – FIF/FLP","Variable name matched inst/blade_metadata/variables.csv.",""
"blade","BLADE","blade-table-06-business-income-tax-bit","t_atrbd_forgn_incm_no_bnfcry_amt","numeric",500,"direct_blade_variable_metadata","BLADE","t_atrbd_forgn_incm_no_bnfcry_amt","blade-table-06-business-income-tax-bit","Attributed foreign income","Variable name matched inst/blade_metadata/variables.csv.",""
"blade","BLADE","blade-table-06-business-income-tax-bit","t_ausn_fcrs_frm_nzc_nobnfcry_amt","numeric",500,"direct_blade_variable_metadata","BLADE","t_ausn_fcrs_frm_nzc_nobnfcry_amt","blade-table-06-business-income-tax-bit","Australian franking credits from a New Zealand company","Variable name matched inst/blade_metadata/variables.csv.",""
"blade","BLADE","blade-table-06-business-income-tax-bit","t_ausn_incm_or_lss_net_amt","numeric",500,"direct_blade_variable_metadata","BLADE","t_ausn_incm_or_lss_net_amt","blade-table-06-business-income-tax-bit","Net Australian income or loss (Subtract 'Total deductions' from 'Total income')","Variable name matched inst/blade_metadata/variables.csv.",""
"blade","BLADE","blade-table-06-business-income-tax-bit","t_ausn_invmt_incm_ddctns_amt","numeric",500,"direct_blade_variable_metadata","BLADE","t_ausn_invmt_incm_ddctns_amt","blade-table-06-business-income-tax-bit","Deductions relating to Australian investment income","Variable name matched inst/blade_metadata/variables.csv.",""
"blade","BLADE","blade-table-06-business-income-tax-bit","t_baddebts","numeric",500,"direct_blade_variable_metadata","BLADE","t_baddebts","blade-table-06-business-income-tax-bit","Bad debts","Variable name matched inst/blade_metadata/variables.csv.",""
"blade","BLADE","blade-table-06-business-income-tax-bit","t_bbi_elgbl_ast_opt_out_num","integer",500,"direct_blade_variable_metadata","BLADE","t_bbi_elgbl_ast_opt_out_num","blade-table-06-business-income-tax-bit","Backing business investment - Number of assets you are opting out for","Variable name matched inst/blade_metadata/variables.csv.",""
"blade","BLADE","blade-table-06-business-income-tax-bit","t_bbi_elgbl_ast_opt_out_val_amt","numeric",500,"direct_blade_variable_metadata","BLADE","t_bbi_elgbl_ast_opt_out_val_amt","blade-table-06-business-income-tax-bit","Backing business investment - Value of assets you are opting out for","Variable name matched inst/blade_metadata/variables.csv.",""
"blade","BLADE","blade-table-06-business-income-tax-bit","t_bnfcrylgldsbldothrtrstentldind","integer",500,"direct_blade_variable_metadata","BLADE","t_bnfcrylgldsbldothrtrstentldind","blade-table-06-business-income-tax-bit","Was any beneficiary in this trust, who was under a legal disability on 30 June 2019, also presently entitled to a share of the income of another trust?","Variable name matched inst/blade_metadata/variables.csv.",""
"blade","BLADE","blade-table-06-business-income-tax-bit","t_bus_expnss_cr_for_tw_frw_amt","numeric",500,"direct_blade_variable_metadata","BLADE","t_bus_expnss_cr_for_tw_frw_amt","blade-table-06-business-income-tax-bit","Credit for tax withheld – foreign resident withholding (excluding capital gains)","Variable name matched inst/blade_metadata/variables.csv.",""
"blade","BLADE","blade-table-06-business-income-tax-bit","t_bus_npp_excldd_frm_ncmi_amt","numeric",500,"direct_blade_variable_metadata","BLADE","t_bus_npp_excldd_frm_ncmi_amt","blade-table-06-business-income-tax-bit","Business income - Excluded from NCMI - NPP","Variable name matched inst/blade_metadata/variables.csv.",""
"blade","BLADE","blade-table-06-business-income-tax-bit","t_bus_npp_ncmi_amt","numeric",500,"direct_blade_variable_metadata","BLADE","t_bus_npp_ncmi_amt","blade-table-06-business-income-tax-bit","Business income - NCMI - NPP","Variable name matched inst/blade_metadata/variables.csv.",""
"blade","BLADE","blade-table-06-business-income-tax-bit","t_bus_pp_excldd_frm_ncmi_amt","numeric",500,"direct_blade_variable_metadata","BLADE","t_bus_pp_excldd_frm_ncmi_amt","blade-table-06-business-income-tax-bit","Business income - Excluded from NCMI - PP","Variable name matched inst/blade_metadata/variables.csv.",""
"blade","BLADE","blade-table-06-business-income-tax-bit","t_bus_pp_ncmi_amt","numeric",500,"direct_blade_variable_metadata","BLADE","t_bus_pp_ncmi_amt","blade-table-06-business-income-tax-bit","Business income - Non-Concessional MIT Income (NCMI) - PP","Variable name matched inst/blade_metadata/variables.csv.",""
"blade","BLADE","blade-table-06-business-income-tax-bit","t_bus_prms_tst_ind","integer",500,"direct_blade_variable_metadata","BLADE","t_bus_prms_tst_ind","blade-table-06-business-income-tax-bit","Business premises test","Variable name matched inst/blade_metadata/variables.csv.",""
"blade","BLADE","blade-table-06-business-income-tax-bit","t_busmarin","integer",500,"direct_blade_variable_metadata","BLADE","t_busmarin","blade-table-06-business-income-tax-bit","Business market segment","Variable name matched inst/blade_metadata/variables.csv.",""
"blade","BLADE","blade-table-06-business-income-tax-bit","t_cgt_and_forgn_incm_cg_net_amt","numeric",500,"direct_blade_variable_metadata","BLADE","t_cgt_and_forgn_incm_cg_net_amt","blade-table-06-business-income-tax-bit","Net capital gain","Variable name matched inst/blade_metadata/variables.csv.",""
"blade","BLADE","blade-table-06-business-income-tax-bit","t_cgtforgnincmausnfcrsfrmnzc_amt","numeric",500,"direct_blade_variable_metadata","BLADE","t_cgtforgnincmausnfcrsfrmnzc_amt","blade-table-06-business-income-tax-bit","Australian franking credits from a New Zealand franking company","Variable name matched inst/blade_metadata/variables.csv.",""
"blade","BLADE","blade-table-06-business-income-tax-bit","t_cgwhchtrstechsnasdbhlfbnfcyamt","numeric",500,"direct_blade_variable_metadata","BLADE","t_cgwhchtrstechsnasdbhlfbnfcyamt","blade-table-06-business-income-tax-bit","Amount of capital gains on which the trustee has chosen to be assessed on behalf of beneficiaries","Variable name matched inst/blade_metadata/variables.csv.",""
"blade","BLADE","blade-table-06-business-income-tax-bit","t_chtbl_trst_ind","integer",500,"direct_blade_variable_metadata","BLADE","t_chtbl_trst_ind","blade-table-06-business-income-tax-bit","Charitable trust indicator","Variable name matched inst/blade_metadata/variables.csv.",""
"blade","BLADE","blade-table-06-business-income-tax-bit","t_cles_cf_net_amt","numeric",500,"direct_blade_variable_metadata","BLADE","t_cles_cf_net_amt","blade-table-06-business-income-tax-bit","Net capital losses carried forward to later income years","Variable name matched inst/blade_metadata/variables.csv.",""
"blade","BLADE","blade-table-06-business-income-tax-bit","t_clnt_glbl_ent_typ_cd","integer",500,"direct_blade_variable_metadata","BLADE","t_clnt_glbl_ent_typ_cd","blade-table-06-business-income-tax-bit","Significant global entity","Variable name matched inst/blade_metadata/variables.csv.",""
"blade","BLADE","blade-table-06-business-income-tax-bit","t_clostock","numeric",500,"direct_blade_variable_metadata","BLADE","t_clostock","blade-table-06-business-income-tax-bit","Closing stock","Variable name matched inst/blade_metadata/variables.csv.",""
"blade","BLADE","blade-table-06-business-income-tax-bit","t_clstkcd","integer",500,"direct_blade_variable_metadata","BLADE","t_clstkcd","blade-table-06-business-income-tax-bit","Closing stock action code","Variable name matched inst/blade_metadata/variables.csv.",""
"blade","BLADE","blade-table-06-business-income-tax-bit","t_costsale","numeric",500,"direct_blade_variable_metadata","BLADE","t_costsale","blade-table-06-business-income-tax-bit","Cost of sales","Variable name matched inst/blade_metadata/variables.csv.",""
"blade","BLADE","blade-table-06-business-income-tax-bit","t_cptl_gain_excldd_frm_ncmi_amt","numeric",500,"direct_blade_variable_metadata","BLADE","t_cptl_gain_excldd_frm_ncmi_amt","blade-table-06-business-income-tax-bit","Capital gains - Excluded from NCMI","Variable name matched inst/blade_metadata/variables.csv.",""
"blade","BLADE","blade-table-06-business-income-tax-bit","t_cptl_gain_incm_share_no_bnfcry","numeric",500,"direct_blade_variable_metadata","BLADE","t_cptl_gain_incm_share_no_bnfcry","blade-table-06-business-income-tax-bit","NCMI capital gains","Variable name matched inst/blade_metadata/variables.csv.",""
"blade","BLADE","blade-table-06-business-income-tax-bit","t_cptl_gain_ncmi_amt","numeric",500,"direct_blade_variable_metadata","BLADE","t_cptl_gain_ncmi_amt","blade-table-06-business-income-tax-bit","Capital gains - NCMI","Variable name matched inst/blade_metadata/variables.csv.",""
"blade","BLADE","blade-table-06-business-income-tax-bit","t_cptl_gain_net_no_bnfcry_amt","numeric",500,"direct_blade_variable_metadata","BLADE","t_cptl_gain_net_no_bnfcry_amt","blade-table-06-business-income-tax-bit","Net capital gains","Variable name matched inst/blade_metadata/variables.csv.",""
"blade","BLADE","blade-table-06-business-income-tax-bit","t_cptlgainincmsharenobnfcryexcld","numeric",500,"direct_blade_variable_metadata","BLADE","t_cptlgainincmsharenobnfcryexcld","blade-table-06-business-income-tax-bit","Excluded from NCMI capital gains","Variable name matched inst/blade_metadata/variables.csv.",""
"blade","BLADE","blade-table-06-business-income-tax-bit","t_cptwkded","numeric",500,"direct_blade_variable_metadata","BLADE","t_cptwkded","blade-table-06-business-income-tax-bit","Capital works deductions","Variable name matched inst/blade_metadata/variables.csv.",""
"blade","BLADE","blade-table-06-business-income-tax-bit","t_cr_for_erly_pmts_intst_amt","numeric",500,"direct_blade_variable_metadata","BLADE","t_cr_for_erly_pmts_intst_amt","blade-table-06-business-income-tax-bit","Credit for interest on early payments – amount of interest","Variable name matched inst/blade_metadata/variables.csv.",""
"blade","BLADE","blade-table-06-business-income-tax-bit","t_cr_tw_abn_not_qtd_nobnfcry_amt","character",500,"direct_blade_variable_metadata","BLADE","t_cr_tw_abn_not_qtd_nobnfcry_amt","blade-table-06-business-income-tax-bit","Credit for tax withheld where ABN not quoted","Variable name matched inst/blade_metadata/variables.csv.",""
"blade","BLADE","blade-table-06-business-income-tax-bit","t_creditrs","numeric",500,"direct_blade_variable_metadata","BLADE","t_creditrs","blade-table-06-business-income-tax-bit","Trade creditors","Variable name matched inst/blade_metadata/variables.csv.",""
"blade","BLADE","blade-table-06-business-income-tax-bit","t_crtfn_amts_wheld_pmts_cht_amt","numeric",500,"direct_blade_variable_metadata","BLADE","t_crtfn_amts_wheld_pmts_cht_amt","blade-table-06-business-income-tax-bit","Credit for TFN amounts withheld from payments from closely held trusts","Variable name matched inst/blade_metadata/variables.csv.",""
"blade","BLADE","blade-table-06-business-income-tax-bit","t_crtfnamtwheldpmtchtnobnfcryamt","numeric",500,"direct_blade_variable_metadata","BLADE","t_crtfnamtwheldpmtchtnobnfcryamt","blade-table-06-business-income-tax-bit","Share of credit for TFN amounts withheld from payments from closely held trusts","Variable name matched inst/blade_metadata/variables.csv.",""
"blade","BLADE","blade-table-06-business-income-tax-bit","t_currasst","numeric",500,"direct_blade_variable_metadata","BLADE","t_currasst","blade-table-06-business-income-tax-bit","Current assets","Variable name matched inst/blade_metadata/variables.csv.",""
"blade","BLADE","blade-table-06-business-income-tax-bit","t_currliab","numeric",500,"direct_blade_variable_metadata","BLADE","t_currliab","blade-table-06-business-income-tax-bit","Current liabilities","Variable name matched inst/blade_metadata/variables.csv.",""
"blade","BLADE","blade-table-06-business-income-tax-bit","t_dblbaldipa","integer",500,"direct_blade_variable_metadata","BLADE","t_dblbaldipa","blade-table-06-business-income-tax-bit","Deductible balancing adjustments on the disposal of intangible depreciating assets","Variable name matched inst/blade_metadata/variables.csv.",""
"blade","BLADE","blade-table-06-business-income-tax-bit","t_ddctd_tl_amt","numeric",500,"direct_blade_variable_metadata","BLADE","t_ddctd_tl_amt","blade-table-06-business-income-tax-bit","Tax losses deducted","Variable name matched inst/blade_metadata/variables.csv.",""
"blade","BLADE","blade-table-06-business-income-tax-bit","t_ddctn_skill_trng_amt","numeric",500,"direct_blade_variable_metadata","BLADE","t_ddctn_skill_trng_amt","blade-table-06-business-income-tax-bit","Small business skills and training boost","Variable name matched inst/blade_metadata/variables.csv.",""
"blade","BLADE","blade-table-06-business-income-tax-bit","t_ddctn_tchnlgy_invmt_amt","numeric",500,"direct_blade_variable_metadata","BLADE","t_ddctn_tchnlgy_invmt_amt","blade-table-06-business-income-tax-bit","Small business technology investment boost","Variable name matched inst/blade_metadata/variables.csv.",""
"blade","BLADE","blade-table-06-business-income-tax-bit","t_ddctns_totl_amt","numeric",500,"direct_blade_variable_metadata","BLADE","t_ddctns_totl_amt","blade-table-06-business-income-tax-bit","Total deductions (Total of the items listed under the ‘Deductions’ heading in the Income Tax Return form)","Variable name matched inst/blade_metadata/variables.csv.",""
"blade","BLADE","blade-table-06-business-income-tax-bit","t_ddctnsrltgtofrnkddstbnsamt","numeric",500,"direct_blade_variable_metadata","BLADE","t_ddctnsrltgtofrnkddstbnsamt","blade-table-06-business-income-tax-bit","Deductions relating to Franked distributions","Variable name matched inst/blade_metadata/variables.csv.",""
"blade","BLADE","blade-table-06-business-income-tax-bit","t_debtors","numeric",500,"direct_blade_variable_metadata","BLADE","t_debtors","blade-table-06-business-income-tax-bit","Trade debtors","Variable name matched inst/blade_metadata/variables.csv.",""
"blade","BLADE","blade-table-06-business-income-tax-bit","t_deprexps","numeric",500,"direct_blade_variable_metadata","BLADE","t_deprexps","blade-table-06-business-income-tax-bit","Depreciation expenses","Variable name matched inst/blade_metadata/variables.csv.",""
"blade","BLADE","blade-table-06-business-income-tax-bit","t_dfrkdamt","numeric",500,"direct_blade_variable_metadata","BLADE","t_dfrkdamt","blade-table-06-business-income-tax-bit","Dividends – franked amount","Variable name matched inst/blade_metadata/variables.csv.",""
"blade","BLADE","blade-table-06-business-income-tax-bit","t_dimpcred","integer",500,"direct_blade_variable_metadata","BLADE","t_dimpcred","blade-table-06-business-income-tax-bit","Dividends – imputation credit","Variable name matched inst/blade_metadata/variables.csv.",""
"blade","BLADE","blade-table-06-business-income-tax-bit","t_divs_tfn_wheld_amt","numeric",500,"direct_blade_variable_metadata","BLADE","t_divs_tfn_wheld_amt","blade-table-06-business-income-tax-bit","TFN amounts withheld from dividends","Variable name matched inst/blade_metadata/variables.csv.",""
"blade","BLADE","blade-table-06-business-income-tax-bit","t_dstbn_npp_net_amt","numeric",500,"direct_blade_variable_metadata","BLADE","t_dstbn_npp_net_amt","blade-table-06-business-income-tax-bit","Net distribution amount - NPP","Variable name matched inst/blade_metadata/variables.csv.",""
"blade","BLADE","blade-table-06-business-income-tax-bit","t_dstbn_pp_net_amt","numeric",500,"direct_blade_variable_metadata","BLADE","t_dstbn_pp_net_amt","blade-table-06-business-income-tax-bit","Net distribution - PP","Variable name matched inst/blade_metadata/variables.csv.",""
"blade","BLADE","blade-table-06-business-income-tax-bit","t_dthbnftlspnondpndnt_txd_amt","numeric",500,"direct_blade_variable_metadata","BLADE","t_dthbnftlspnondpndnt_txd_amt","blade-table-06-business-income-tax-bit","Death benefit superannuation lump sum where the beneficiary is a non-dependant - Taxed element","Variable name matched inst/blade_metadata/variables.csv.",""
"blade","BLADE","blade-table-06-business-income-tax-bit","t_dthbnftlspnondpndnt_utaxd_amt","numeric",500,"direct_blade_variable_metadata","BLADE","t_dthbnftlspnondpndnt_utaxd_amt","blade-table-06-business-income-tax-bit","Death benefit superannuation lump sum where the beneficiary is a non-dependant - Untaxed element","Variable name matched inst/blade_metadata/variables.csv.",""
"blade","BLADE","blade-table-06-business-income-tax-bit","t_dthbnfttmntnpmtdpndnttxbl_amt","numeric",500,"direct_blade_variable_metadata","BLADE","t_dthbnfttmntnpmtdpndnttxbl_amt","blade-table-06-business-income-tax-bit","Death benefit employment termination payment where the beneficiary is a dependant - Taxable component","Variable name matched inst/blade_metadata/variables.csv.",""
"blade","BLADE","blade-table-06-business-income-tax-bit","t_dthbnfttmntnpmtnondpndnttaxamt","numeric",500,"direct_blade_variable_metadata","BLADE","t_dthbnfttmntnpmtnondpndnttaxamt","blade-table-06-business-income-tax-bit","Death benefit employment termination payment where the beneficiary is a non-dependant - Taxable component","Variable name matched inst/blade_metadata/variables.csv.",""
"blade","BLADE","blade-table-06-business-income-tax-bit","t_dtnfdtrst","integer",500,"direct_blade_variable_metadata","BLADE","t_dtnfdtrst","blade-table-06-business-income-tax-bit","Deductions relating to franked distributions from trusts in label F","Variable name matched inst/blade_metadata/variables.csv.",""
"blade","BLADE","blade-table-06-business-income-tax-bit","t_dtnprjtpl","integer",500,"direct_blade_variable_metadata","BLADE","t_dtnprjtpl","blade-table-06-business-income-tax-bit","Deduction for project pool","Variable name matched inst/blade_metadata/variables.csv.",""
"blade","BLADE","blade-table-06-business-income-tax-bit","t_dufrkamt","numeric",500,"direct_blade_variable_metadata","BLADE","t_dufrkamt","blade-table-06-business-income-tax-bit","Dividends – unfranked amount","Variable name matched inst/blade_metadata/variables.csv.",""
"blade","BLADE","blade-table-06-business-income-tax-bit","t_elgbl_ast_bbi_cd","integer",500,"direct_blade_variable_metadata","BLADE","t_elgbl_ast_bbi_cd","blade-table-06-business-income-tax-bit","Are you opting out of Backing business investment for some or all of your eligible assets?","Variable name matched inst/blade_metadata/variables.csv.",""
"blade","BLADE","blade-table-06-business-income-tax-bit","t_elgbl_ast_clm_num","integer",500,"direct_blade_variable_metadata","BLADE","t_elgbl_ast_clm_num","blade-table-06-business-income-tax-bit","Temporary full expensing - Number of assets you are claiming for","Variable name matched inst/blade_metadata/variables.csv.",""
"blade","BLADE","blade-table-06-business-income-tax-bit","t_elgbl_ast_opt_out_cd","integer",500,"direct_blade_variable_metadata","BLADE","t_elgbl_ast_opt_out_cd","blade-table-06-business-income-tax-bit","Are you making a choice to opt out of temporary full expensing for some or all of your eligible assets","Variable name matched inst/blade_metadata/variables.csv.",""
"blade","BLADE","blade-table-06-business-income-tax-bit","t_emplt_tst_ind","integer",500,"direct_blade_variable_metadata","BLADE","t_emplt_tst_ind","blade-table-06-business-income-tax-bit","Employment test","Variable name matched inst/blade_metadata/variables.csv.",""
"blade","BLADE","blade-table-06-business-income-tax-bit","t_esi_to_amt","numeric",500,"direct_blade_variable_metadata","BLADE","t_esi_to_amt","blade-table-06-business-income-tax-bit","Early stage investor tax offset C - current year tax offset T - Non-refundable carry forward tax offsets","Variable name matched inst/blade_metadata/variables.csv.",""
"blade","BLADE","blade-table-06-business-income-tax-bit","t_esvclp_to_amt","numeric",500,"direct_blade_variable_metadata","BLADE","t_esvclp_to_amt","blade-table-06-business-income-tax-bit","Early stage venture capital limited partnership tax offset C - current year tax offset T - Non-refundable carry forward tax offsets","Variable name matched inst/blade_metadata/variables.csv.",""
"blade","BLADE","blade-table-06-business-income-tax-bit","t_expnslabsitm5psiddctnstotlamt","numeric",500,"direct_blade_variable_metadata","BLADE","t_expnslabsitm5psiddctnstotlamt","blade-table-06-business-income-tax-bit","Total amount of deductions against PSI included at item 5 expense labels","Variable name matched inst/blade_metadata/variables.csv.",""
"blade","BLADE","blade-table-06-business-income-tax-bit","t_exprcadj","integer",500,"direct_blade_variable_metadata","BLADE","t_exprcadj","blade-table-06-business-income-tax-bit","Expense Reconciliation Adjustments","Variable name matched inst/blade_metadata/variables.csv.",""
"blade","BLADE","blade-table-06-business-income-tax-bit","t_extnlabr","numeric",500,"direct_blade_variable_metadata","BLADE","t_extnlabr","blade-table-06-business-income-tax-bit","Contractor, sub-contractor and commission expenses (previously labelled External labour costs)","Variable name matched inst/blade_metadata/variables.csv.",""
"blade","BLADE","blade-table-06-business-income-tax-bit","t_f_t_iee_sts_yr_cd","integer",500,"direct_blade_variable_metadata","BLADE","t_f_t_iee_sts_yr_cd","blade-table-06-business-income-tax-bit","Interposed entity election status income year","Variable name matched inst/blade_metadata/variables.csv.",""
"blade","BLADE","blade-table-06-business-income-tax-bit","t_fbempcbt","integer",500,"direct_blade_variable_metadata","BLADE","t_fbempcbt","blade-table-06-business-income-tax-bit","Fringe benefit employee contributions","Variable name matched inst/blade_metadata/variables.csv.",""
"blade","BLADE","blade-table-06-business-income-tax-bit","t_fcr_no_bnfcry_amt","numeric",500,"direct_blade_variable_metadata","BLADE","t_fcr_no_bnfcry_amt","blade-table-06-business-income-tax-bit","Franking credit","Variable name matched inst/blade_metadata/variables.csv.",""
"blade","BLADE","blade-table-06-business-income-tax-bit","t_fcrs_frm_frnkd_divs_share_amt","numeric",500,"direct_blade_variable_metadata","BLADE","t_fcrs_frm_frnkd_divs_share_amt","blade-table-06-business-income-tax-bit","Share of franking credits from franked distributions","Variable name matched inst/blade_metadata/variables.csv.",""
"blade","BLADE","blade-table-06-business-income-tax-bit","t_forgn_incm_totl_amt","numeric",500,"direct_blade_variable_metadata","BLADE","t_forgn_incm_totl_amt","blade-table-06-business-income-tax-bit","Total net income or loss before tax losses deducted","Variable name matched inst/blade_metadata/variables.csv.",""
"blade","BLADE","blade-table-06-business-income-tax-bit","t_forgn_tax_crs_no_bnfcry_amt","numeric",500,"direct_blade_variable_metadata","BLADE","t_forgn_tax_crs_no_bnfcry_amt","blade-table-06-business-income-tax-bit","Foreign tax credits","Variable name matched inst/blade_metadata/variables.csv.",""
"blade","BLADE","blade-table-06-business-income-tax-bit","t_frcgw_cr_amt","numeric",500,"direct_blade_variable_metadata","BLADE","t_frcgw_cr_amt","blade-table-06-business-income-tax-bit","Credit for foreign resident capital gains withholding amounts","Variable name matched inst/blade_metadata/variables.csv.",""
"blade","BLADE","blade-table-06-business-income-tax-bit","t_frkdntrst","integer",500,"direct_blade_variable_metadata","BLADE","t_frkdntrst","blade-table-06-business-income-tax-bit","Franked distributions from trusts","Variable name matched inst/blade_metadata/variables.csv.",""
"blade","BLADE","blade-table-06-business-income-tax-bit","t_frst_yr_ast_dprtn_bbi_ddctn_to","integer",500,"direct_blade_variable_metadata","BLADE","t_frst_yr_ast_dprtn_bbi_ddctn_to","blade-table-06-business-income-tax-bit","First year accelerated depreciation deductions for assets using Backing business Investment","Variable name matched inst/blade_metadata/variables.csv.",""
"blade","BLADE","blade-table-06-business-income-tax-bit","t_frstry_mis_ddctn_amt","numeric",500,"direct_blade_variable_metadata","BLADE","t_frstry_mis_ddctn_amt","blade-table-06-business-income-tax-bit","Forestry managed investment scheme deduction","Variable name matched inst/blade_metadata/variables.csv.",""
"blade","BLADE","blade-table-06-business-income-tax-bit","t_frstry_mis_incm_amt","numeric",500,"direct_blade_variable_metadata","BLADE","t_frstry_mis_incm_amt","blade-table-06-business-income-tax-bit","Forestry managed investment scheme income","Variable name matched inst/blade_metadata/variables.csv.",""
"blade","BLADE","blade-table-06-business-income-tax-bit","t_frw_cr_for_tw_no_bnfcry_amt","numeric",500,"direct_blade_variable_metadata","BLADE","t_frw_cr_for_tw_no_bnfcry_amt","blade-table-06-business-income-tax-bit","Credit for tax withheld - foreign resident withholding","Variable name matched inst/blade_metadata/variables.csv.",""
"blade","BLADE","blade-table-06-business-income-tax-bit","t_frw_share_amt","numeric",500,"direct_blade_variable_metadata","BLADE","t_frw_share_amt","blade-table-06-business-income-tax-bit","Share of credit for tax withheld - foreign resident withholding (excluding capital gains)","Variable name matched inst/blade_metadata/variables.csv.",""
"blade","BLADE","blade-table-06-business-income-tax-bit","t_fte_sts_yr_cd","integer",500,"direct_blade_variable_metadata","BLADE","t_fte_sts_yr_cd","blade-table-06-business-income-tax-bit","Family trust election status income year","Variable name matched inst/blade_metadata/variables.csv.",""
"blade","BLADE","blade-table-06-business-income-tax-bit","t_gnfsiftc","integer",500,"direct_blade_variable_metadata","BLADE","t_gnfsiftc","blade-table-06-business-income-tax-bit","General net foreign source income – foreign tax credits","Variable name matched inst/blade_metadata/variables.csv.",""
"blade","BLADE","blade-table-06-business-income-tax-bit","t_gnfsincm","numeric",500,"direct_blade_variable_metadata","BLADE","t_gnfsincm","blade-table-06-business-income-tax-bit","General net foreign source income","Variable name matched inst/blade_metadata/variables.csv.",""
"blade","BLADE","blade-table-06-business-income-tax-bit","t_gpabnnpp","integer",500,"direct_blade_variable_metadata","BLADE","t_gpabnnpp","blade-table-06-business-income-tax-bit","Gross Payment ABN not quoted - NPP","Variable name matched inst/blade_metadata/variables.csv.",""
"blade","BLADE","blade-table-06-business-income-tax-bit","t_gpabnpp","integer",500,"direct_blade_variable_metadata","BLADE","t_gpabnpp","blade-table-06-business-income-tax-bit","Gross Payment ABN not quoted - PP","Variable name matched inst/blade_metadata/variables.csv.",""
"blade","BLADE","blade-table-06-business-income-tax-bit","t_gpsfrwex","integer",500,"direct_blade_variable_metadata","BLADE","t_gpsfrwex","blade-table-06-business-income-tax-bit","Foreign resident withholding expenses","Variable name matched inst/blade_metadata/variables.csv.",""
"blade","BLADE","blade-table-06-business-income-tax-bit","t_gpsfrwnp","integer",500,"direct_blade_variable_metadata","BLADE","t_gpsfrwnp","blade-table-06-business-income-tax-bit","Gross payments subject to FRW - NPP","Variable name matched inst/blade_metadata/variables.csv.",""
"blade","BLADE","blade-table-06-business-income-tax-bit","t_gpsfrwpp","integer",500,"direct_blade_variable_metadata","BLADE","t_gpsfrwpp","blade-table-06-business-income-tax-bit","Gross payments subject to FRW - PP","Variable name matched inst/blade_metadata/variables.csv.",""
"blade","BLADE","blade-table-06-business-income-tax-bit","t_grs_dstbn_trsts_npp_cd","integer",500,"direct_blade_variable_metadata","BLADE","t_grs_dstbn_trsts_npp_cd","blade-table-06-business-income-tax-bit","Distribution from trust, less net capital gain and foreign income action - NPP","Variable name matched inst/blade_metadata/variables.csv.",""
"blade","BLADE","blade-table-06-business-income-tax-bit","t_grs_dstbn_trsts_pp_cd","integer",500,"direct_blade_variable_metadata","BLADE","t_grs_dstbn_trsts_pp_cd","blade-table-06-business-income-tax-bit","Distribution from trusts action code - PP","Variable name matched inst/blade_metadata/variables.csv.",""
"blade","BLADE","blade-table-06-business-income-tax-bit","t_grssintr","numeric",500,"direct_blade_variable_metadata","BLADE","t_grssintr","blade-table-06-business-income-tax-bit","Gross interest","Variable name matched inst/blade_metadata/variables.csv.",""
"blade","BLADE","blade-table-06-business-income-tax-bit","t_grssrent","numeric",500,"direct_blade_variable_metadata","BLADE","t_grssrent","blade-table-06-business-income-tax-bit","Gross rent","Variable name matched inst/blade_metadata/variables.csv.",""
"blade","BLADE","blade-table-06-business-income-tax-bit","t_idv_psi_ind","integer",500,"direct_blade_variable_metadata","BLADE","t_idv_psi_ind","blade-table-06-business-income-tax-bit","Does your income include an individual’s personal services income (PSI)?","Variable name matched inst/blade_metadata/variables.csv.",""
"blade","BLADE","blade-table-06-business-income-tax-bit","t_incm_drvd_outsd_aus_amt","numeric",500,"direct_blade_variable_metadata","BLADE","t_incm_drvd_outsd_aus_amt","blade-table-06-business-income-tax-bit","Income derived outside Australia to which no beneficiary is presently entitled.","Variable name matched inst/blade_metadata/variables.csv.",""
"blade","BLADE","blade-table-06-business-income-tax-bit","t_incm_of_trst_este_amt","numeric",500,"direct_blade_variable_metadata","BLADE","t_incm_of_trst_este_amt","blade-table-06-business-income-tax-bit","Income of the trust estate","Variable name matched inst/blade_metadata/variables.csv.",""
"blade","BLADE","blade-table-06-business-income-tax-bit","t_incm_or_lss_net_totl_amt","numeric",500,"direct_blade_variable_metadata","BLADE","t_incm_or_lss_net_totl_amt","blade-table-06-business-income-tax-bit","Total net income or loss","Variable name matched inst/blade_metadata/variables.csv.",""
"blade","BLADE","blade-table-06-business-income-tax-bit","t_incmitm5prsnlsrvcincmtotlamt","numeric",500,"direct_blade_variable_metadata","BLADE","t_incmitm5prsnlsrvcincmtotlamt","blade-table-06-business-income-tax-bit","Total amount of PSI included at item 5 income labels","Variable name matched inst/blade_metadata/variables.csv.",""
"blade","BLADE","blade-table-06-business-income-tax-bit","t_incmradj","numeric",500,"direct_blade_variable_metadata","BLADE","t_incmradj","blade-table-06-business-income-tax-bit","Income Reconciliation Adjustments","Variable name matched inst/blade_metadata/variables.csv.",""
"blade","BLADE","blade-table-06-business-income-tax-bit","t_intdepas","integer",500,"direct_blade_variable_metadata","BLADE","t_intdepas","blade-table-06-business-income-tax-bit","Intangible depreciating assets first deducted","Variable name matched inst/blade_metadata/variables.csv.",""
"blade","BLADE","blade-table-06-business-income-tax-bit","t_intexpos","integer",500,"direct_blade_variable_metadata","BLADE","t_intexpos","blade-table-06-business-income-tax-bit","Interest expenses overseas","Variable name matched inst/blade_metadata/variables.csv.",""
"blade","BLADE","blade-table-06-business-income-tax-bit","t_intextot","integer",500,"direct_blade_variable_metadata","BLADE","t_intextot","blade-table-06-business-income-tax-bit","Total interest expenses","Variable name matched inst/blade_metadata/variables.csv.",""
"blade","BLADE","blade-table-06-business-income-tax-bit","t_intldlgi","integer",500,"direct_blade_variable_metadata","BLADE","t_intldlgi","blade-table-06-business-income-tax-bit","Overseas transactions","Variable name matched inst/blade_metadata/variables.csv.",""
"blade","BLADE","blade-table-06-business-income-tax-bit","t_intrdedt","numeric",500,"direct_blade_variable_metadata","BLADE","t_intrdedt","blade-table-06-business-income-tax-bit","Interest deductions","Variable name matched inst/blade_metadata/variables.csv.",""
"blade","BLADE","blade-table-06-business-income-tax-bit","t_leaextot","integer",500,"direct_blade_variable_metadata","BLADE","t_leaextot","blade-table-06-business-income-tax-bit","Lease expenses","Variable name matched inst/blade_metadata/variables.csv.",""
"blade","BLADE","blade-table-06-business-income-tax-bit","t_lndcarewf","integer",500,"direct_blade_variable_metadata","BLADE","t_lndcarewf","blade-table-06-business-income-tax-bit","Landcare operations and deduction for decline in value of water facility","Variable name matched inst/blade_metadata/variables.csv.",""
"blade","BLADE","blade-table-06-business-income-tax-bit","t_lwf_tax_ofst_amt","numeric",500,"direct_blade_variable_metadata","BLADE","t_lwf_tax_ofst_amt","blade-table-06-business-income-tax-bit","Landcare and water facility tax offset brought forward from prior years","Variable name matched inst/blade_metadata/variables.csv.",""
"blade","BLADE","blade-table-06-business-income-tax-bit","t_motrexps","numeric",500,"direct_blade_variable_metadata","BLADE","t_motrexps","blade-table-06-business-income-tax-bit","Motor vehicle expenses","Variable name matched inst/blade_metadata/variables.csv.",""
"blade","BLADE","blade-table-06-business-income-tax-bit","t_netilbus","numeric",500,"direct_blade_variable_metadata","BLADE","t_netilbus","blade-table-06-business-income-tax-bit","Net income or loss from business","Variable name matched inst/blade_metadata/variables.csv.",""
"blade","BLADE","blade-table-06-business-income-tax-bit","t_netincnp","numeric",500,"direct_blade_variable_metadata","BLADE","t_netincnp","blade-table-06-business-income-tax-bit","Net income or loss from business - NPP","Variable name matched inst/blade_metadata/variables.csv.",""
"blade","BLADE","blade-table-06-business-income-tax-bit","t_netincpp","numeric",500,"direct_blade_variable_metadata","BLADE","t_netincpp","blade-table-06-business-income-tax-bit","Net income or loss from business - PP","Variable name matched inst/blade_metadata/variables.csv.",""
"blade","BLADE","blade-table-06-business-income-tax-bit","t_netrentt","numeric",500,"direct_blade_variable_metadata","BLADE","t_netrentt","blade-table-06-business-income-tax-bit","Net rent","Variable name matched inst/blade_metadata/variables.csv.",""
"blade","BLADE","blade-table-06-business-income-tax-bit","t_no_bnfcry_esi_to_prvs_yr_amt","integer",500,"direct_blade_variable_metadata","BLADE","t_no_bnfcry_esi_to_prvs_yr_amt","blade-table-06-business-income-tax-bit","Early stage investor tax offset carried forward from previous year","Variable name matched inst/blade_metadata/variables.csv.",""
"blade","BLADE","blade-table-06-business-income-tax-bit","t_no_bnfcry_esi_to_share_amt","numeric",500,"direct_blade_variable_metadata","BLADE","t_no_bnfcry_esi_to_share_amt","blade-table-06-business-income-tax-bit","Early stage investor tax offset","Variable name matched inst/blade_metadata/variables.csv.",""
"blade","BLADE","blade-table-06-business-income-tax-bit","t_no_bnfcry_esvclp_to_prvs_yr_am","integer",500,"direct_blade_variable_metadata","BLADE","t_no_bnfcry_esvclp_to_prvs_yr_am","blade-table-06-business-income-tax-bit","Early stage venture capital limited partnership tax offset carried forward","Variable name matched inst/blade_metadata/variables.csv.",""
"blade","BLADE","blade-table-06-business-income-tax-bit","t_no_bnfcry_esvclp_to_share_amt","numeric",500,"direct_blade_variable_metadata","BLADE","t_no_bnfcry_esvclp_to_share_amt","blade-table-06-business-income-tax-bit","Early stage venture capital limited partnership tax offset","Variable name matched inst/blade_metadata/variables.csv.",""
"blade","BLADE","blade-table-06-business-income-tax-bit","t_no_bnfcry_frcgw_cr_amt","numeric",500,"direct_blade_variable_metadata","BLADE","t_no_bnfcry_frcgw_cr_amt","blade-table-06-business-income-tax-bit","Share of credit for foreign resident capital gains","Variable name matched inst/blade_metadata/variables.csv.",""
"blade","BLADE","blade-table-06-business-income-tax-bit","t_no_bnfcry_npp_excl_frm_ncmi_am","integer",500,"direct_blade_variable_metadata","BLADE","t_no_bnfcry_npp_excl_frm_ncmi_am","blade-table-06-business-income-tax-bit","Share of income Non-PP - Excluded from NCMI","Variable name matched inst/blade_metadata/variables.csv.",""
"blade","BLADE","blade-table-06-business-income-tax-bit","t_no_bnfcry_npp_ncmi_amt","numeric",500,"direct_blade_variable_metadata","BLADE","t_no_bnfcry_npp_ncmi_amt","blade-table-06-business-income-tax-bit","Share of income Non-PP - NCMI","Variable name matched inst/blade_metadata/variables.csv.",""
"blade","BLADE","blade-table-06-business-income-tax-bit","t_no_bnfcry_pp_excl_frm_ncmi_amt","numeric",500,"direct_blade_variable_metadata","BLADE","t_no_bnfcry_pp_excl_frm_ncmi_amt","blade-table-06-business-income-tax-bit","Share of income PP - Excluded from NCMI","Variable name matched inst/blade_metadata/variables.csv.",""
"blade","BLADE","blade-table-06-business-income-tax-bit","t_no_bnfcry_pp_ncmi_amt","numeric",500,"direct_blade_variable_metadata","BLADE","t_no_bnfcry_pp_ncmi_amt","blade-table-06-business-income-tax-bit","Share of income PP - NCMI","Variable name matched inst/blade_metadata/variables.csv.",""
"blade","BLADE","blade-table-06-business-income-tax-bit","t_non_bnfcry_frnkd_dstbns_amt","numeric",500,"direct_blade_variable_metadata","BLADE","t_non_bnfcry_frnkd_dstbns_amt","blade-table-06-business-income-tax-bit","Franked distributions","Variable name matched inst/blade_metadata/variables.csv.",""
"blade","BLADE","blade-table-06-business-income-tax-bit","t_nppddrdb","integer",500,"direct_blade_variable_metadata","BLADE","t_nppddrdb","blade-table-06-business-income-tax-bit","Deductions relating to distribution - NPP","Variable name matched inst/blade_metadata/variables.csv.",""
"blade","BLADE","blade-table-06-business-income-tax-bit","t_nppddtps","integer",500,"direct_blade_variable_metadata","BLADE","t_nppddtps","blade-table-06-business-income-tax-bit","Distribution from partnerships - NPP","Variable name matched inst/blade_metadata/variables.csv.",""
"blade","BLADE","blade-table-06-business-income-tax-bit","t_nppddttr","integer",500,"direct_blade_variable_metadata","BLADE","t_nppddttr","blade-table-06-business-income-tax-bit","Distribution from trusts - NPP","Variable name matched inst/blade_metadata/variables.csv.",""
"blade","BLADE","blade-table-06-business-income-tax-bit","t_nras_tax_ofst_entlmt_amt","numeric",500,"direct_blade_variable_metadata","BLADE","t_nras_tax_ofst_entlmt_amt","blade-table-06-business-income-tax-bit","National rental affordability scheme tax offset entitlement","Variable name matched inst/blade_metadata/variables.csv.",""
"blade","BLADE","blade-table-06-business-income-tax-bit","t_opnstock","numeric",500,"direct_blade_variable_metadata","BLADE","t_opnstock","blade-table-06-business-income-tax-bit","Opening stock","Variable name matched inst/blade_metadata/variables.csv.",""
"blade","BLADE","blade-table-06-business-income-tax-bit","t_othafsgr","integer",500,"direct_blade_variable_metadata","BLADE","t_othafsgr","blade-table-06-business-income-tax-bit","Other Assessable Foreign source Gross Income","Variable name matched inst/blade_metadata/variables.csv.",""
"blade","BLADE","blade-table-06-business-income-tax-bit","t_othaitoi","integer",500,"direct_blade_variable_metadata","BLADE","t_othaitoi","blade-table-06-business-income-tax-bit","Other Australian income - type of Income","Variable name matched inst/blade_metadata/variables.csv.",""
"blade","BLADE","blade-table-06-business-income-tax-bit","t_othbicpp","integer",500,"direct_blade_variable_metadata","BLADE","t_othbicpp","blade-table-06-business-income-tax-bit","Other business income - PP","Variable name matched inst/blade_metadata/variables.csv.",""
"blade","BLADE","blade-table-06-business-income-tax-bit","t_othbinpp","integer",500,"direct_blade_variable_metadata","BLADE","t_othbinpp","blade-table-06-business-income-tax-bit","Other business income - NPP","Variable name matched inst/blade_metadata/variables.csv.",""
"blade","BLADE","blade-table-06-business-income-tax-bit","t_othdepas","integer",500,"direct_blade_variable_metadata","BLADE","t_othdepas","blade-table-06-business-income-tax-bit","Other depreciating assets first deducted","Variable name matched inst/blade_metadata/variables.csv.",""
"blade","BLADE","blade-table-06-business-income-tax-bit","t_othr_ddctns_totl_amt","numeric",500,"direct_blade_variable_metadata","BLADE","t_othr_ddctns_totl_amt","blade-table-06-business-income-tax-bit","Total other deductions","Variable name matched inst/blade_metadata/variables.csv.",""
"blade","BLADE","blade-table-06-business-income-tax-bit","t_othr_rfndbl_to_amt","numeric",500,"direct_blade_variable_metadata","BLADE","t_othr_rfndbl_to_amt","blade-table-06-business-income-tax-bit","Other refundable tax offsets","Variable name matched inst/blade_metadata/variables.csv.",""
"blade","BLADE","blade-table-06-business-income-tax-bit","t_othr_rfndbl_to_cd","integer",500,"direct_blade_variable_metadata","BLADE","t_othr_rfndbl_to_cd","blade-table-06-business-income-tax-bit","Other refundable tax offsets code","Variable name matched inst/blade_metadata/variables.csv.",""
"blade","BLADE","blade-table-06-business-income-tax-bit","t_othr_rfndbl_to_share_amt","numeric",500,"direct_blade_variable_metadata","BLADE","t_othr_rfndbl_to_share_amt","blade-table-06-business-income-tax-bit","Share of other refundable tax offsets","Variable name matched inst/blade_metadata/variables.csv.",""
"blade","BLADE","blade-table-06-business-income-tax-bit","t_othrexps","numeric",500,"direct_blade_variable_metadata","BLADE","t_othrexps","blade-table-06-business-income-tax-bit","All other expenses","Variable name matched inst/blade_metadata/variables.csv.",""
"blade","BLADE","blade-table-06-business-income-tax-bit","t_othrtldt","integer",500,"direct_blade_variable_metadata","BLADE","t_othrtldt","blade-table-06-business-income-tax-bit","Other rental deductions","Variable name matched inst/blade_metadata/variables.csv.",""
"blade","BLADE","blade-table-06-business-income-tax-bit","t_ovseaben","integer",500,"direct_blade_variable_metadata","BLADE","t_ovseaben","blade-table-06-business-income-tax-bit","Overseas beneficiary indicator(trust only)","Variable name matched inst/blade_metadata/variables.csv.",""
"blade","BLADE","blade-table-06-business-income-tax-bit","t_payassoc","numeric",500,"direct_blade_variable_metadata","BLADE","t_payassoc","blade-table-06-business-income-tax-bit","Payments to associated persons","Variable name matched inst/blade_metadata/variables.csv.",""
"blade","BLADE","blade-table-06-business-income-tax-bit","t_pp_excldd_frm_ncmi_amt","numeric",500,"direct_blade_variable_metadata","BLADE","t_pp_excldd_frm_ncmi_amt","blade-table-06-business-income-tax-bit","PP - Distribution from partnerships - Excluded from NCMI","Variable name matched inst/blade_metadata/variables.csv.",""
"blade","BLADE","blade-table-06-business-income-tax-bit","t_pp_ncmi_amt","numeric",500,"direct_blade_variable_metadata","BLADE","t_pp_ncmi_amt","blade-table-06-business-income-tax-bit","PP - Distribution from partnerships - NCMI","Variable name matched inst/blade_metadata/variables.csv.",""
"blade","BLADE","blade-table-06-business-income-tax-bit","t_ppdistps","integer",500,"direct_blade_variable_metadata","BLADE","t_ppdistps","blade-table-06-business-income-tax-bit","Distribution from partnerships - PP","Variable name matched inst/blade_metadata/variables.csv.",""
"blade","BLADE","blade-table-06-business-income-tax-bit","t_ppdisttr","integer",500,"direct_blade_variable_metadata","BLADE","t_ppdisttr","blade-table-06-business-income-tax-bit","Distribution from trusts - PP","Variable name matched inst/blade_metadata/variables.csv.",""
"blade","BLADE","blade-table-06-business-income-tax-bit","t_pprddrdb","integer",500,"direct_blade_variable_metadata","BLADE","t_pprddrdb","blade-table-06-business-income-tax-bit","Deductions relating to distribution - PP","Variable name matched inst/blade_metadata/variables.csv.",""
"blade","BLADE","blade-table-06-business-income-tax-bit","t_propfund","integer",500,"direct_blade_variable_metadata","BLADE","t_propfund","blade-table-06-business-income-tax-bit","Proprietors’ funds","Variable name matched inst/blade_metadata/variables.csv.",""
"blade","BLADE","blade-table-06-business-income-tax-bit","t_psbd_ind","integer",500,"direct_blade_variable_metadata","BLADE","t_psbd_ind","blade-table-06-business-income-tax-bit","Do you hold a personal services business (PSB) determination in respect of any individuals?","Variable name matched inst/blade_metadata/variables.csv.",""
"blade","BLADE","blade-table-06-business-income-tax-bit","t_pshp_npp_excldd_frm_ncmi_amt","numeric",500,"direct_blade_variable_metadata","BLADE","t_pshp_npp_excldd_frm_ncmi_amt","blade-table-06-business-income-tax-bit","Non-PP - Distribution from partnerships - Excluded from NCMI","Variable name matched inst/blade_metadata/variables.csv.",""
"blade","BLADE","blade-table-06-business-income-tax-bit","t_pshp_npp_ncmi_amt","numeric",500,"direct_blade_variable_metadata","BLADE","t_pshp_npp_ncmi_amt","blade-table-06-business-income-tax-bit","Non-PP - Distribution from partnerships - NCMI","Variable name matched inst/blade_metadata/variables.csv.",""
"blade","BLADE","blade-table-06-business-income-tax-bit","t_purcothc","integer",500,"direct_blade_variable_metadata","BLADE","t_purcothc","blade-table-06-business-income-tax-bit","Purchases and other costs","Variable name matched inst/blade_metadata/variables.csv.",""
"blade","BLADE","blade-table-06-business-income-tax-bit","t_rentexps","numeric",500,"direct_blade_variable_metadata","BLADE","t_rentexps","blade-table-06-business-income-tax-bit","Rent expenses","Variable name matched inst/blade_metadata/variables.csv.",""
"blade","BLADE","blade-table-06-business-income-tax-bit","t_repmaint","integer",500,"direct_blade_variable_metadata","BLADE","t_repmaint","blade-table-06-business-income-tax-bit","Repairs and maintenance","Variable name matched inst/blade_metadata/variables.csv.",""
"blade","BLADE","blade-table-06-business-income-tax-bit","t_royexpos","integer",500,"direct_blade_variable_metadata","BLADE","t_royexpos","blade-table-06-business-income-tax-bit","Royalty expenses overseas","Variable name matched inst/blade_metadata/variables.csv.",""
"blade","BLADE","blade-table-06-business-income-tax-bit","t_royextot","integer",500,"direct_blade_variable_metadata","BLADE","t_royextot","blade-table-06-business-income-tax-bit","Total royalty expenses","Variable name matched inst/blade_metadata/variables.csv.",""
"blade","BLADE","blade-table-06-business-income-tax-bit","t_rprt_typ_cd","integer",500,"direct_blade_variable_metadata","BLADE","t_rprt_typ_cd","blade-table-06-business-income-tax-bit","Country by country reporting entity","Variable name matched inst/blade_metadata/variables.csv.",""
"blade","BLADE","blade-table-06-business-income-tax-bit","t_salwgexp","numeric",500,"direct_blade_variable_metadata","BLADE","t_salwgexp","blade-table-06-business-income-tax-bit","Total salary and wage expenses action code","Variable name matched inst/blade_metadata/variables.csv.",""
"blade","BLADE","blade-table-06-business-income-tax-bit","t_sbi_net_amt","numeric",500,"direct_blade_variable_metadata","BLADE","t_sbi_net_amt","blade-table-06-business-income-tax-bit","Net small business income","Variable name matched inst/blade_metadata/variables.csv.",""
"blade","BLADE","blade-table-06-business-income-tax-bit","t_sbsq_yr_ast_dprtn_bbi_ddctn_to","integer",500,"direct_blade_variable_metadata","BLADE","t_sbsq_yr_ast_dprtn_bbi_ddctn_to","blade-table-06-business-income-tax-bit","Subsequent year accelerated depreciation deductions for assets using Backing Business Investment","Variable name matched inst/blade_metadata/variables.csv.",""
"blade","BLADE","blade-table-06-business-income-tax-bit","t_sec40ddtn","integer",500,"direct_blade_variable_metadata","BLADE","t_sec40ddtn","blade-table-06-business-income-tax-bit","Section 40-880 deduction","Variable name matched inst/blade_metadata/variables.csv.",""
"blade","BLADE","blade-table-06-business-income-tax-bit","t_share_of_incm_npp_nobnfcry_amt","numeric",500,"direct_blade_variable_metadata","BLADE","t_share_of_incm_npp_nobnfcry_amt","blade-table-06-business-income-tax-bit","Share of income - NPP","Variable name matched inst/blade_metadata/variables.csv.",""
"blade","BLADE","blade-table-06-business-income-tax-bit","t_share_of_incm_pp_no_bnfcry_amt","numeric",500,"direct_blade_variable_metadata","BLADE","t_share_of_incm_pp_no_bnfcry_amt","blade-table-06-business-income-tax-bit","Share of income - PP","Variable name matched inst/blade_metadata/variables.csv.",""
"blade","BLADE","blade-table-06-business-income-tax-bit","t_sharecrtfnamtwheldintstdiv_amt","numeric",500,"direct_blade_variable_metadata","BLADE","t_sharecrtfnamtwheldintstdiv_amt","blade-table-06-business-income-tax-bit","Share of credit for TFN amounts withheld from interest, dividends and unit trust distributions","Variable name matched inst/blade_metadata/variables.csv.",""
"blade","BLADE","blade-table-06-business-income-tax-bit","t_shareofincmtrstestetotlamt","numeric",500,"direct_blade_variable_metadata","BLADE","t_shareofincmtrstestetotlamt","blade-table-06-business-income-tax-bit","Share of income of the trust estate","Variable name matched inst/blade_metadata/variables.csv.",""
"blade","BLADE","blade-table-06-business-income-tax-bit","t_shareofnrasnobnfcrytaxofst_amt","numeric",500,"direct_blade_variable_metadata","BLADE","t_shareofnrasnobnfcrytaxofst_amt","blade-table-06-business-income-tax-bit","Share of National rental affordability scheme tax offset","Variable name matched inst/blade_metadata/variables.csv.",""
"blade","BLADE","blade-table-06-business-income-tax-bit","t_sobastin","integer",500,"direct_blade_variable_metadata","BLADE","t_sobastin","blade-table-06-business-income-tax-bit","Status of your business","Variable name matched inst/blade_metadata/variables.csv.",""
"blade","BLADE","blade-table-06-business-income-tax-bit","t_stsdprtgastddctngnrlpoolastamt","numeric",500,"direct_blade_variable_metadata","BLADE","t_stsdprtgastddctngnrlpoolastamt","blade-table-06-business-income-tax-bit","Small business entity simplified depreciation - Deduction for general small business pool","Variable name matched inst/blade_metadata/variables.csv.",""
"blade","BLADE","blade-table-06-business-income-tax-bit","t_stsdprtgastsddctnlowcstastsamt","numeric",500,"direct_blade_variable_metadata","BLADE","t_stsdprtgastsddctnlowcstastsamt","blade-table-06-business-income-tax-bit","Small business entity simplified depreciation - Deduction for certain assets","Variable name matched inst/blade_metadata/variables.csv.",""
"blade","BLADE","blade-table-06-business-income-tax-bit","t_superann","numeric",500,"direct_blade_variable_metadata","BLADE","t_superann","blade-table-06-business-income-tax-bit","Superannuation expenses","Variable name matched inst/blade_metadata/variables.csv.",""
"blade","BLADE","blade-table-06-business-income-tax-bit","t_tadjvalyrend","numeric",500,"direct_blade_variable_metadata","BLADE","t_tadjvalyrend","blade-table-06-business-income-tax-bit","Total adjustable values at end of income year","Variable name matched inst/blade_metadata/variables.csv.",""
"blade","BLADE","blade-table-06-business-income-tax-bit","t_tc_prvsn_apply_ind","integer",500,"direct_blade_variable_metadata","BLADE","t_tc_prvsn_apply_ind","blade-table-06-business-income-tax-bit","Did the thin capitalisation provisions apply?","Variable name matched inst/blade_metadata/variables.csv.",""
"blade","BLADE","blade-table-06-business-income-tax-bit","t_terintas","integer",500,"direct_blade_variable_metadata","BLADE","t_terintas","blade-table-06-business-income-tax-bit","Termination value of intangible depreciating assets","Variable name matched inst/blade_metadata/variables.csv.",""
"blade","BLADE","blade-table-06-business-income-tax-bit","t_terothas","integer",500,"direct_blade_variable_metadata","BLADE","t_terothas","blade-table-06-business-income-tax-bit","Termination value of other depreciating assets","Variable name matched inst/blade_metadata/variables.csv.",""
"blade","BLADE","blade-table-06-business-income-tax-bit","t_tfe_bus_ddctn_amt","numeric",500,"direct_blade_variable_metadata","BLADE","t_tfe_bus_ddctn_amt","blade-table-06-business-income-tax-bit","Temporary full expensing - Temporary full expensing deductions","Variable name matched inst/blade_metadata/variables.csv.",""
"blade","BLADE","blade-table-06-business-income-tax-bit","t_tfe_elgbl_ast_opt_out_num","integer",500,"direct_blade_variable_metadata","BLADE","t_tfe_elgbl_ast_opt_out_num","blade-table-06-business-income-tax-bit","Temporary full expensing - Number of assets you are opting out for","Variable name matched inst/blade_metadata/variables.csv.",""
"blade","BLADE","blade-table-06-business-income-tax-bit","t_tfe_elgbl_ast_opt_out_val_amt","numeric",500,"direct_blade_variable_metadata","BLADE","t_tfe_elgbl_ast_opt_out_val_amt","blade-table-06-business-income-tax-bit","Temporary full expensing - Value of assets you are opting out for","Variable name matched inst/blade_metadata/variables.csv.",""
"blade","BLADE","blade-table-06-business-income-tax-bit","t_tfn_amt_wheld_no_bnfcry_amt","numeric",500,"direct_blade_variable_metadata","BLADE","t_tfn_amt_wheld_no_bnfcry_amt","blade-table-06-business-income-tax-bit","TFN amounts withheld","Variable name matched inst/blade_metadata/variables.csv.",""
"blade","BLADE","blade-table-06-business-income-tax-bit","t_tfnamts_wheldfrm_grs_intst_amt","numeric",500,"direct_blade_variable_metadata","BLADE","t_tfnamts_wheldfrm_grs_intst_amt","blade-table-06-business-income-tax-bit","TFN amounts withheld from gross interest","Variable name matched inst/blade_metadata/variables.csv.",""
"blade","BLADE","blade-table-06-business-income-tax-bit","t_tlcf_amt","numeric",500,"direct_blade_variable_metadata","BLADE","t_tlcf_amt","blade-table-06-business-income-tax-bit","Tax losses carried forward to later income years","Variable name matched inst/blade_metadata/variables.csv.",""
"blade","BLADE","blade-table-06-business-income-tax-bit","t_tofa_gains_totl_amt","numeric",500,"direct_blade_variable_metadata","BLADE","t_tofa_gains_totl_amt","blade-table-06-business-income-tax-bit","Total TOFA gains","Variable name matched inst/blade_metadata/variables.csv.",""
"blade","BLADE","blade-table-06-business-income-tax-bit","t_tofa_lsses_totl_amt","numeric",500,"direct_blade_variable_metadata","BLADE","t_tofa_lsses_totl_amt","blade-table-06-business-income-tax-bit","Total TOFA losses","Variable name matched inst/blade_metadata/variables.csv.",""
"blade","BLADE","blade-table-06-business-income-tax-bit","t_totbusnp","integer",500,"direct_blade_variable_metadata","BLADE","t_totbusnp","blade-table-06-business-income-tax-bit","Total Business Income - NPP","Variable name matched inst/blade_metadata/variables.csv.",""
"blade","BLADE","blade-table-06-business-income-tax-bit","t_totbuspp","integer",500,"direct_blade_variable_metadata","BLADE","t_totbuspp","blade-table-06-business-income-tax-bit","Total Business Income - PP","Variable name matched inst/blade_metadata/variables.csv.",""
"blade","BLADE","blade-table-06-business-income-tax-bit","t_totlasst","numeric",500,"direct_blade_variable_metadata","BLADE","t_totlasst","blade-table-06-business-income-tax-bit","Total assets","Variable name matched inst/blade_metadata/variables.csv.",""
"blade","BLADE","blade-table-06-business-income-tax-bit","t_totlexps","numeric",500,"direct_blade_variable_metadata","BLADE","t_totlexps","blade-table-06-business-income-tax-bit","Total expenses","Variable name matched inst/blade_metadata/variables.csv.",""
"blade","BLADE","blade-table-06-business-income-tax-bit","t_totlincm","numeric",500,"direct_blade_variable_metadata","BLADE","t_totlincm","blade-table-06-business-income-tax-bit","Total income (Total of the items listed under the ‘Income’ heading in the Income Tax Return forms)","Variable name matched inst/blade_metadata/variables.csv.",""
"blade","BLADE","blade-table-06-business-income-tax-bit","t_totlliab","numeric",500,"direct_blade_variable_metadata","BLADE","t_totlliab","blade-table-06-business-income-tax-bit","Total liabilities","Variable name matched inst/blade_metadata/variables.csv.",""
"blade","BLADE","blade-table-06-business-income-tax-bit","t_totlwage","numeric",500,"direct_blade_variable_metadata","BLADE","t_totlwage","blade-table-06-business-income-tax-bit","Total salaries and wage expenses","Variable name matched inst/blade_metadata/variables.csv.",""
"blade","BLADE","blade-table-06-business-income-tax-bit","t_trst_asmt_no_bnfcry_calcn_cd","integer",500,"direct_blade_variable_metadata","BLADE","t_trst_asmt_no_bnfcry_calcn_cd","blade-table-06-business-income-tax-bit","Assessment calculation code","Variable name matched inst/blade_metadata/variables.csv.",""
"blade","BLADE","blade-table-06-business-income-tax-bit","t_trst_npp_excldd_frm_ncmi_amt","numeric",500,"direct_blade_variable_metadata","BLADE","t_trst_npp_excldd_frm_ncmi_amt","blade-table-06-business-income-tax-bit","Net income from trust - Excluded from NCMI - NPP","Variable name matched inst/blade_metadata/variables.csv.",""
"blade","BLADE","blade-table-06-business-income-tax-bit","t_trst_npp_ncmi_amt","numeric",500,"direct_blade_variable_metadata","BLADE","t_trst_npp_ncmi_amt","blade-table-06-business-income-tax-bit","Net income from trust - NCMI - NPP","Variable name matched inst/blade_metadata/variables.csv.",""
"blade","BLADE","blade-table-06-business-income-tax-bit","t_trst_nr_ind","integer",500,"direct_blade_variable_metadata","BLADE","t_trst_nr_ind","blade-table-06-business-income-tax-bit","Is the trust a non-resident trust?","Variable name matched inst/blade_metadata/variables.csv.",""
"blade","BLADE","blade-table-06-business-income-tax-bit","t_trst_pp_excldd_frm_ncmi_amt","numeric",500,"direct_blade_variable_metadata","BLADE","t_trst_pp_excldd_frm_ncmi_amt","blade-table-06-business-income-tax-bit","Net income from trust - Excluded from NCMI - PP","Variable name matched inst/blade_metadata/variables.csv.",""
"blade","BLADE","blade-table-06-business-income-tax-bit","t_trst_pp_ncmi_amt","numeric",500,"direct_blade_variable_metadata","BLADE","t_trst_pp_ncmi_amt","blade-table-06-business-income-tax-bit","Net income from trust - NCMI - PP","Variable name matched inst/blade_metadata/variables.csv.",""
"blade","BLADE","blade-table-06-business-income-tax-bit","t_trsteelctn_cptl_acnt_trtmt_ind","integer",500,"direct_blade_variable_metadata","BLADE","t_trsteelctn_cptl_acnt_trtmt_ind","blade-table-06-business-income-tax-bit","If the trust is a managed investment trust, has the trustee made an election into capital account treatment?","Variable name matched inst/blade_metadata/variables.csv.",""
"blade","BLADE","blade-table-06-business-income-tax-bit","t_trsttyp","integer",500,"direct_blade_variable_metadata","BLADE","t_trsttyp","blade-table-06-business-income-tax-bit","Type of trust","Variable name matched inst/blade_metadata/variables.csv.",""
"blade","BLADE","blade-table-06-business-income-tax-bit","t_tw_abn_not_qtd_amt","character",500,"direct_blade_variable_metadata","BLADE","t_tw_abn_not_qtd_amt","blade-table-06-business-income-tax-bit","Tax withheld where ABN not quoted","Variable name matched inst/blade_metadata/variables.csv.",""
"blade","BLADE","blade-table-06-business-income-tax-bit","t_tw_abn_not_qtd_share_amt","character",500,"direct_blade_variable_metadata","BLADE","t_tw_abn_not_qtd_share_amt","blade-table-06-business-income-tax-bit","Share of credit for tax withheld where ABN not quoted","Variable name matched inst/blade_metadata/variables.csv.",""
"blade","BLADE","blade-table-06-business-income-tax-bit","t_txfgncre","integer",500,"direct_blade_variable_metadata","BLADE","t_txfgncre","blade-table-06-business-income-tax-bit","Tax spared foreign tax credits","Variable name matched inst/blade_metadata/variables.csv.",""
"blade","BLADE","blade-table-06-business-income-tax-bit","t_txspcnty","integer",500,"direct_blade_variable_metadata","BLADE","t_txspcnty","blade-table-06-business-income-tax-bit","Transactions with specified countries","Variable name matched inst/blade_metadata/variables.csv.",""
"blade","BLADE","blade-table-06-business-income-tax-bit","t_typteste","integer",500,"direct_blade_variable_metadata","BLADE","t_typteste","blade-table-06-business-income-tax-bit","Type of trust estate (trust only)","Variable name matched inst/blade_metadata/variables.csv.",""
"blade","BLADE","blade-table-06-business-income-tax-bit","t_unpd_entlmt_to_pvt_coy_actn_cd","integer",500,"direct_blade_variable_metadata","BLADE","t_unpd_entlmt_to_pvt_coy_actn_cd","blade-table-06-business-income-tax-bit","Unpaid present entitlement to a private company code","Variable name matched inst/blade_metadata/variables.csv.",""
"blade","BLADE","blade-table-06-business-income-tax-bit","t_unpdprsntentlmt_to_pvt_coy_amt","numeric",500,"direct_blade_variable_metadata","BLADE","t_unpdprsntentlmt_to_pvt_coy_amt","blade-table-06-business-income-tax-bit","Unpaid present entitlement to a private company","Variable name matched inst/blade_metadata/variables.csv.",""
"blade","BLADE","blade-table-06-business-income-tax-bit","t_unrltd_clnts_tst_ind","integer",500,"direct_blade_variable_metadata","BLADE","t_unrltd_clnts_tst_ind","blade-table-06-business-income-tax-bit","Unrelated clients test","Variable name matched inst/blade_metadata/variables.csv.",""
"blade","BLADE","blade-table-06-business-income-tax-bit","t_wrt_off_dtl_itm_amt","numeric",500,"direct_blade_variable_metadata","BLADE","t_wrt_off_dtl_itm_amt","blade-table-06-business-income-tax-bit","Instant asset write-off deductions for non-small business entities","Variable name matched inst/blade_metadata/variables.csv.",""
"blade","BLADE","blade-table-06-business-income-tax-bit","tsid","character",500,"direct_blade_variable_metadata","BLADE","tsid","blade-table-06-business-income-tax-bit","Time series ID (last 2 digits of end year in a financial year) | Time series identifier (last 2 digits of end year in a financial year) | Time series ID (last 2 digits of end year in a financial year when application arrived for processing to the IP Australia system) | Time series identifier denoting the financial year in which the data was collected | Time series ID (last 2 digits of end year in a financial year when applicant registered R&D activites) | Time Series Identifier","Variable name matched inst/blade_metadata/variables.csv.",""
"blade","BLADE","blade-table-07-single-touch-payroll-stp","bn","character",500,"direct_blade_variable_metadata","BLADE","bn","blade-table-07-single-touch-payroll-stp","bn - deidentified ABN | Identifier - deidentified ABN | Identifier bn - deidentified ABN | De-identified ABN | Deidentified abn | Deidentified ABN | Identifier - deidentifed ABN | Identifier - deidentified abn | Identifier - deidentified ABN (Australian Business Number)","Variable name matched inst/blade_metadata/variables.csv.",""
"blade","BLADE","blade-table-07-single-touch-payroll-stp","branch_number","integer",500,"direct_blade_variable_metadata","BLADE","branch_number","blade-table-07-single-touch-payroll-stp","This is the calculated branch number of the employer organisation. Branch numbers are issued to organisations that wish to sub-divide activities with respect to dealing with tax obligations.","Variable name matched inst/blade_metadata/variables.csv.",""
"blade","BLADE","blade-table-07-single-touch-payroll-stp","d_total_payees","integer",500,"direct_blade_variable_metadata","BLADE","d_total_payees","blade-table-07-single-touch-payroll-stp","Number of unique employees paid in the Month","Variable name matched inst/blade_metadata/variables.csv.",""
"blade","BLADE","blade-table-07-single-touch-payroll-stp","ed_alwnc_incm_totl","numeric",500,"direct_blade_variable_metadata","BLADE","ed_alwnc_incm_totl","blade-table-07-single-touch-payroll-stp","Allowance Income Total Amount","Variable name matched inst/blade_metadata/variables.csv.",""
"blade","BLADE","blade-table-07-single-touch-payroll-stp","ed_anl_lng_srvc_unsd_ls_a","integer",500,"direct_blade_variable_metadata","BLADE","ed_anl_lng_srvc_unsd_ls_a","blade-table-07-single-touch-payroll-stp","Annual Long Service Leave Unused Lump Sum A Amount","Variable name matched inst/blade_metadata/variables.csv.",""
"blade","BLADE","blade-table-07-single-touch-payroll-stp","ed_anl_lng_srvc_unsd_ls_b","integer",500,"direct_blade_variable_metadata","BLADE","ed_anl_lng_srvc_unsd_ls_b","blade-table-07-single-touch-payroll-stp","Annual Long Service Leave Unused Lump Sum B Amount","Variable name matched inst/blade_metadata/variables.csv.",""
"blade","BLADE","blade-table-07-single-touch-payroll-stp","ed_anl_lng_srvc_unsd_ls_d","integer",500,"direct_blade_variable_metadata","BLADE","ed_anl_lng_srvc_unsd_ls_d","blade-table-07-single-touch-payroll-stp","Annual Long Service Leave Unused Lump Sum D Amount","Variable name matched inst/blade_metadata/variables.csv.",""
"blade","BLADE","blade-table-07-single-touch-payroll-stp","ed_anl_lng_srvc_unsd_ls_e","integer",500,"direct_blade_variable_metadata","BLADE","ed_anl_lng_srvc_unsd_ls_e","blade-table-07-single-touch-payroll-stp","Annual Long Service Leave Unused Lump Sum E Amount","Variable name matched inst/blade_metadata/variables.csv.",""
"blade","BLADE","blade-table-07-single-touch-payroll-stp","ed_forgn_emplt_incm_grs","numeric",500,"direct_blade_variable_metadata","BLADE","ed_forgn_emplt_incm_grs","blade-table-07-single-touch-payroll-stp","Foreign Employment Income Gross Amount","Variable name matched inst/blade_metadata/variables.csv.",""
"blade","BLADE","blade-table-07-single-touch-payroll-stp","ed_forgn_emplt_incm_jpda_grs","numeric",500,"direct_blade_variable_metadata","BLADE","ed_forgn_emplt_incm_jpda_grs","blade-table-07-single-touch-payroll-stp","Foreign Employment Income Joint Petroleum Development Area Gross Amount","Variable name matched inst/blade_metadata/variables.csv.",""
"blade","BLADE","blade-table-07-single-touch-payroll-stp","ed_forgn_emplt_incm_jpda_totl","numeric",500,"direct_blade_variable_metadata","BLADE","ed_forgn_emplt_incm_jpda_totl","blade-table-07-single-touch-payroll-stp","Foreign Employment Income Joint Petroleum Development Area Total Amount","Variable name matched inst/blade_metadata/variables.csv.",""
"blade","BLADE","blade-table-07-single-touch-payroll-stp","ed_forgn_emplt_incm_tax_cr_wheld","numeric",500,"direct_blade_variable_metadata","BLADE","ed_forgn_emplt_incm_tax_cr_wheld","blade-table-07-single-touch-payroll-stp","Foreign Employment Income Tax Credit Withheld Amount","Variable name matched inst/blade_metadata/variables.csv.",""
"blade","BLADE","blade-table-07-single-touch-payroll-stp","ed_forgn_emplt_incm_tax_pmt","numeric",500,"direct_blade_variable_metadata","BLADE","ed_forgn_emplt_incm_tax_pmt","blade-table-07-single-touch-payroll-stp","Foreign Employment Income Total Taxed Amount","Variable name matched inst/blade_metadata/variables.csv.",""
"blade","BLADE","blade-table-07-single-touch-payroll-stp","ed_forgn_emplt_incm_totl","numeric",500,"direct_blade_variable_metadata","BLADE","ed_forgn_emplt_incm_totl","blade-table-07-single-touch-payroll-stp","Foreign Employment Income Total Amount","Variable name matched inst/blade_metadata/variables.csv.",""
"blade","BLADE","blade-table-07-single-touch-payroll-stp","ed_forgn_incm_exmt","integer",500,"direct_blade_variable_metadata","BLADE","ed_forgn_incm_exmt","blade-table-07-single-touch-payroll-stp","Foreign Income Exempt Amount","Variable name matched inst/blade_metadata/variables.csv.",""
"blade","BLADE","blade-table-07-single-touch-payroll-stp","ed_idv_wrkplc_gving_totl","numeric",500,"direct_blade_variable_metadata","BLADE","ed_idv_wrkplc_gving_totl","blade-table-07-single-touch-payroll-stp","Payee workplace giving amount","Variable name matched inst/blade_metadata/variables.csv.",""
"blade","BLADE","blade-table-07-single-touch-payroll-stp","ed_incm_cmnty_dev_emplt_prjct","integer",500,"direct_blade_variable_metadata","BLADE","ed_incm_cmnty_dev_emplt_prjct","blade-table-07-single-touch-payroll-stp","Income Community Development Employment Project Amount","Variable name matched inst/blade_metadata/variables.csv.",""
"blade","BLADE","blade-table-07-single-touch-payroll-stp","ed_incm_grs","numeric",500,"direct_blade_variable_metadata","BLADE","ed_incm_grs","blade-table-07-single-touch-payroll-stp","Gross amount of salary & wages income","Variable name matched inst/blade_metadata/variables.csv.",""
"blade","BLADE","blade-table-07-single-touch-payroll-stp","ed_incm_labr_hir_arngmt_grs","numeric",500,"direct_blade_variable_metadata","BLADE","ed_incm_labr_hir_arngmt_grs","blade-table-07-single-touch-payroll-stp","Income Labour Hire Arrangement Gross Amount","Variable name matched inst/blade_metadata/variables.csv.",""
"blade","BLADE","blade-table-07-single-touch-payroll-stp","ed_incm_othr","integer",500,"direct_blade_variable_metadata","BLADE","ed_incm_othr","blade-table-07-single-touch-payroll-stp","Income Other Amount","Variable name matched inst/blade_metadata/variables.csv.",""
"blade","BLADE","blade-table-07-single-touch-payroll-stp","ed_incm_va_grs","numeric",500,"direct_blade_variable_metadata","BLADE","ed_incm_va_grs","blade-table-07-single-touch-payroll-stp","Income Voluntary Agreement Gross Amount","Variable name matched inst/blade_metadata/variables.csv.",""
"blade","BLADE","blade-table-07-single-touch-payroll-stp","ed_incm_whm_grs","numeric",500,"direct_blade_variable_metadata","BLADE","ed_incm_whm_grs","blade-table-07-single-touch-payroll-stp","Income Working Holiday Maker Gross Amount","Variable name matched inst/blade_metadata/variables.csv.",""
"blade","BLADE","blade-table-07-single-touch-payroll-stp","ed_labr_hir_totl","numeric",500,"direct_blade_variable_metadata","BLADE","ed_labr_hir_totl","blade-table-07-single-touch-payroll-stp","Labour Hire Total Amount","Variable name matched inst/blade_metadata/variables.csv.",""
"blade","BLADE","blade-table-07-single-touch-payroll-stp","ed_othr_spcfd_totl","numeric",500,"direct_blade_variable_metadata","BLADE","ed_othr_spcfd_totl","blade-table-07-single-touch-payroll-stp","Other Specified Total Amount","Variable name matched inst/blade_metadata/variables.csv.",""
"blade","BLADE","blade-table-07-single-touch-payroll-stp","ed_pmt_sumry_totl_grs_pmt","numeric",500,"direct_blade_variable_metadata","BLADE","ed_pmt_sumry_totl_grs_pmt","blade-table-07-single-touch-payroll-stp","Total amount of gross payments an individual has received","Variable name matched inst/blade_metadata/variables.csv.",""
"blade","BLADE","blade-table-07-single-touch-payroll-stp","ed_pyr_spntn_cntrbtn_rprtbl","integer",500,"direct_blade_variable_metadata","BLADE","ed_pyr_spntn_cntrbtn_rprtbl","blade-table-07-single-touch-payroll-stp","Employer Superannuation Contribution Reportable Amount","Variable name matched inst/blade_metadata/variables.csv.",""
"blade","BLADE","blade-table-07-single-touch-payroll-stp","ed_rfb_exmt","integer",500,"direct_blade_variable_metadata","BLADE","ed_rfb_exmt","blade-table-07-single-touch-payroll-stp","Reportable Fringe Benefits Exempt Amount","Variable name matched inst/blade_metadata/variables.csv.",""
"blade","BLADE","blade-table-07-single-touch-payroll-stp","ed_rfb_txbl","integer",500,"direct_blade_variable_metadata","BLADE","ed_rfb_txbl","blade-table-07-single-touch-payroll-stp","Reportable Fringe Benefits Taxable Amount","Variable name matched inst/blade_metadata/variables.csv.",""
"blade","BLADE","blade-table-07-single-touch-payroll-stp","ed_sg_emplr_cntrbtn","numeric",500,"direct_blade_variable_metadata","BLADE","ed_sg_emplr_cntrbtn","blade-table-07-single-touch-payroll-stp","Superannuation Guarantee Employer Contribution Amount","Variable name matched inst/blade_metadata/variables.csv.",""
"blade","BLADE","blade-table-07-single-touch-payroll-stp","ed_tax_wheld_totl","numeric",500,"direct_blade_variable_metadata","BLADE","ed_tax_wheld_totl","blade-table-07-single-touch-payroll-stp","Total PAYGW Amount","Variable name matched inst/blade_metadata/variables.csv.",""
"blade","BLADE","blade-table-07-single-touch-payroll-stp","ed_va_totl","numeric",500,"direct_blade_variable_metadata","BLADE","ed_va_totl","blade-table-07-single-touch-payroll-stp","Voluntary Agreement Total Amount","Variable name matched inst/blade_metadata/variables.csv.",""
"blade","BLADE","blade-table-07-single-touch-payroll-stp","ed_wheld","integer",500,"direct_blade_variable_metadata","BLADE","ed_wheld","blade-table-07-single-touch-payroll-stp","Withheld Amount","Variable name matched inst/blade_metadata/variables.csv.",""
"blade","BLADE","blade-table-07-single-touch-payroll-stp","ed_whm_totl","numeric",500,"direct_blade_variable_metadata","BLADE","ed_whm_totl","blade-table-07-single-touch-payroll-stp","Working Holiday Maker Total Amount","Variable name matched inst/blade_metadata/variables.csv.",""
"blade","BLADE","blade-table-07-single-touch-payroll-stp","month_actioned","integer",500,"direct_blade_variable_metadata","BLADE","month_actioned","blade-table-07-single-touch-payroll-stp","Month data is in reference to*** | The month in which payments are issued to employees under an ABN - derived | Month of the financial year | The calendar month of the insolvency appointment | Month data is in reference to","Variable name matched inst/blade_metadata/variables.csv.",""
"blade","BLADE","blade-table-07-single-touch-payroll-stp","quarter","character",500,"direct_blade_variable_metadata","BLADE","quarter","blade-table-07-single-touch-payroll-stp","Quarter | Financial year quarter data is in reference to** | The quarter of the financial year - derived | Reference Period | The quarter of the SITS record | Quarter of the financial year | The quarter of the JVS record | The quarter of the location record | The quarter of the insolvency appointment | Financial year quarter data is in reference to","Variable name matched inst/blade_metadata/variables.csv.",""
"blade","BLADE","blade-table-07-single-touch-payroll-stp","stp_version","character",500,"direct_blade_variable_metadata","BLADE","stp_version","blade-table-07-single-touch-payroll-stp","Integration version of dataset (internal ABS reference)","Variable name matched inst/blade_metadata/variables.csv.",""
"blade","BLADE","blade-table-07-single-touch-payroll-stp","tsid","character",500,"direct_blade_variable_metadata","BLADE","tsid","blade-table-07-single-touch-payroll-stp","Time series ID (last 2 digits of end year in a financial year) | Time series identifier (last 2 digits of end year in a financial year) | Time series ID (last 2 digits of end year in a financial year when application arrived for processing to the IP Australia system) | Time series identifier denoting the financial year in which the data was collected | Time series ID (last 2 digits of end year in a financial year when applicant registered R&D activites) | Time Series Identifier","Variable name matched inst/blade_metadata/variables.csv.",""
"blade","BLADE","blade-table-17-employee-earning-and-hours-eeh","age_eeh","integer",500,"direct_blade_variable_metadata","BLADE","age_eeh","blade-table-17-employee-earning-and-hours-eeh","Age","Variable name matched inst/blade_metadata/variables.csv.",""
"blade","BLADE","blade-table-17-employee-earning-and-hours-eeh","agecat_eeh","integer",500,"direct_blade_variable_metadata","BLADE","agecat_eeh","blade-table-17-employee-earning-and-hours-eeh","Age Category","Variable name matched inst/blade_metadata/variables.csv.",""
"blade","BLADE","blade-table-17-employee-earning-and-hours-eeh","aj2012_eeh","integer",500,"direct_blade_variable_metadata","BLADE","aj2012_eeh","blade-table-17-employee-earning-and-hours-eeh","Rate of pay concordance pre-2014","Variable name matched inst/blade_metadata/variables.csv.",""
"blade","BLADE","blade-table-17-employee-earning-and-hours-eeh","anzsco06_1_eeh","character",500,"direct_blade_variable_metadata","BLADE","anzsco06_1_eeh","blade-table-17-employee-earning-and-hours-eeh","Occupation major groups (1 digit ANZSCO) The following versions of ANZSCO apply to the following years of EEH data: 2011-12 data: ANZSCO F.E. 2006 2013-14 and 2017-18 data: ANZSCO 2013 v1.2 2020-21 data: ANZSCO 2013 v1.3 2022-23 data: ANZSCO 2022","Variable name matched inst/blade_metadata/variables.csv.",""
"blade","BLADE","blade-table-17-employee-earning-and-hours-eeh","anzsco06_2_eeh","character",500,"direct_blade_variable_metadata","BLADE","anzsco06_2_eeh","blade-table-17-employee-earning-and-hours-eeh","Occupation sub-major groups (2 digit ANZSCO) The following versions of ANZSCO apply to the following years of EEH data: 2011-12 data: ANZSCO F.E. 2006 2013-14 and 2017-18 data: ANZSCO 2013 v1.2 2020-21 data: ANZSCO 2013 v1.3 2022-23 data: ANZSCO 2022","Variable name matched inst/blade_metadata/variables.csv.",""
"blade","BLADE","blade-table-17-employee-earning-and-hours-eeh","anzsco06_3_eeh","character",500,"direct_blade_variable_metadata","BLADE","anzsco06_3_eeh","blade-table-17-employee-earning-and-hours-eeh","Occupation minor groups (3 digit ANZSCO) The following versions of ANZSCO apply to the following years of EEH data: 2011-12 data: ANZSCO F.E. 2006 2013-14 and 2017-18 data: ANZSCO 2013 v1.2 2020-21 data: ANZSCO 2013 v1.3 2022-23 data: ANZSCO 2022","Variable name matched inst/blade_metadata/variables.csv.",""
"blade","BLADE","blade-table-17-employee-earning-and-hours-eeh","anzsco06_4_eeh","character",500,"direct_blade_variable_metadata","BLADE","anzsco06_4_eeh","blade-table-17-employee-earning-and-hours-eeh","Occupation unit group (4 digit ANZSCO) The following versions of ANZSCO apply to the following years of EEH data: 2011-12 data: ANZSCO F.E. 2006 2013-14 and 2017-18 data: ANZSCO 2013 v1.2 2020-21 data: ANZSCO 2013 v1.3 2022-23 data: ANZSCO 2022","Variable name matched inst/blade_metadata/variables.csv.",""
"blade","BLADE","blade-table-17-employee-earning-and-hours-eeh","anzsco13_1_eeh","character",500,"direct_blade_variable_metadata","BLADE","anzsco13_1_eeh","blade-table-17-employee-earning-and-hours-eeh","","Variable name matched inst/blade_metadata/variables.csv after re-checking the BLADE metadata rows.","Local BLADE metadata row exists but its description field is blank; neighbouring metadata rows identify the occupation-group ANZSCO edition pattern and periods."
"blade","BLADE","blade-table-17-employee-earning-and-hours-eeh","anzsco13_2_eeh","character",500,"direct_blade_variable_metadata","BLADE","anzsco13_2_eeh","blade-table-17-employee-earning-and-hours-eeh","","Variable name matched inst/blade_metadata/variables.csv after re-checking the BLADE metadata rows.","Local BLADE metadata row exists but its description field is blank; neighbouring metadata rows identify the occupation-group ANZSCO edition pattern and periods."
"blade","BLADE","blade-table-17-employee-earning-and-hours-eeh","anzsco13_3_eeh","character",500,"direct_blade_variable_metadata","BLADE","anzsco13_3_eeh","blade-table-17-employee-earning-and-hours-eeh","","Variable name matched inst/blade_metadata/variables.csv after re-checking the BLADE metadata rows.","Local BLADE metadata row exists but its description field is blank; neighbouring metadata rows identify the occupation-group ANZSCO edition pattern and periods."
"blade","BLADE","blade-table-17-employee-earning-and-hours-eeh","anzsco13_4_eeh","character",500,"direct_blade_variable_metadata","BLADE","anzsco13_4_eeh","blade-table-17-employee-earning-and-hours-eeh","","Variable name matched inst/blade_metadata/variables.csv after re-checking the BLADE metadata rows.","Local BLADE metadata row exists but its description field is blank; neighbouring metadata rows identify the occupation-group ANZSCO edition pattern and periods."
"blade","BLADE","blade-table-17-employee-earning-and-hours-eeh","anzsco22_1_eeh","character",500,"direct_blade_variable_metadata","BLADE","anzsco22_1_eeh","blade-table-17-employee-earning-and-hours-eeh","","Variable name matched inst/blade_metadata/variables.csv after re-checking the BLADE metadata rows.","Local BLADE metadata row exists but its description field is blank; neighbouring metadata rows identify the occupation-group ANZSCO edition pattern and periods."
"blade","BLADE","blade-table-17-employee-earning-and-hours-eeh","anzsco22_2_eeh","character",500,"direct_blade_variable_metadata","BLADE","anzsco22_2_eeh","blade-table-17-employee-earning-and-hours-eeh","","Variable name matched inst/blade_metadata/variables.csv after re-checking the BLADE metadata rows.","Local BLADE metadata row exists but its description field is blank; neighbouring metadata rows identify the occupation-group ANZSCO edition pattern and periods."
"blade","BLADE","blade-table-17-employee-earning-and-hours-eeh","anzsco22_3_eeh","character",500,"direct_blade_variable_metadata","BLADE","anzsco22_3_eeh","blade-table-17-employee-earning-and-hours-eeh","","Variable name matched inst/blade_metadata/variables.csv after re-checking the BLADE metadata rows.","Local BLADE metadata row exists but its description field is blank; neighbouring metadata rows identify the occupation-group ANZSCO edition pattern and periods."
"blade","BLADE","blade-table-17-employee-earning-and-hours-eeh","anzsco22_4_eeh","character",500,"direct_blade_variable_metadata","BLADE","anzsco22_4_eeh","blade-table-17-employee-earning-and-hours-eeh","","Variable name matched inst/blade_metadata/variables.csv after re-checking the BLADE metadata rows.","Local BLADE metadata row exists but its description field is blank; neighbouring metadata rows identify the occupation-group ANZSCO edition pattern and periods."
"blade","BLADE","blade-table-17-employee-earning-and-hours-eeh","casload_eeh","integer",500,"direct_blade_variable_metadata","BLADE","casload_eeh","blade-table-17-employee-earning-and-hours-eeh","Casual loading payment indicator","Variable name matched inst/blade_metadata/variables.csv.",""
"blade","BLADE","blade-table-17-employee-earning-and-hours-eeh","eeh_version","character",500,"direct_blade_variable_metadata","BLADE","eeh_version","blade-table-17-employee-earning-and-hours-eeh","Integration version (internal ABS reference)","Variable name matched inst/blade_metadata/variables.csv.",""
"blade","BLADE","blade-table-17-employee-earning-and-hours-eeh","eid_eeh","character",500,"direct_blade_variable_metadata","BLADE","eid_eeh","blade-table-17-employee-earning-and-hours-eeh","Identifier - deidentified employee indicator","Variable name matched inst/blade_metadata/variables.csv.",""
"blade","BLADE","blade-table-17-employee-earning-and-hours-eeh","empstate_eeh","integer",500,"direct_blade_variable_metadata","BLADE","empstate_eeh","blade-table-17-employee-earning-and-hours-eeh","Total state employment for business","Variable name matched inst/blade_metadata/variables.csv.",""
"blade","BLADE","blade-table-17-employee-earning-and-hours-eeh","ftpt_eeh","integer",500,"direct_blade_variable_metadata","BLADE","ftpt_eeh","blade-table-17-employee-earning-and-hours-eeh","Full-time/Part-time status","Variable name matched inst/blade_metadata/variables.csv.",""
"blade","BLADE","blade-table-17-employee-earning-and-hours-eeh","hovte_eeh","numeric",500,"direct_blade_variable_metadata","BLADE","hovte_eeh","blade-table-17-employee-earning-and-hours-eeh","Hourly overtime cash earnings","Variable name matched inst/blade_metadata/variables.csv.",""
"blade","BLADE","blade-table-17-employee-earning-and-hours-eeh","id","character",500,"direct_blade_variable_metadata","BLADE","id","blade-table-17-employee-earning-and-hours-eeh","id - deidentified unit_id | Identifier - deidentified unit_id | Identifier - de-identified unit ID","Variable name matched inst/blade_metadata/variables.csv.",""
"blade","BLADE","blade-table-17-employee-earning-and-hours-eeh","manage_eeh","integer",500,"direct_blade_variable_metadata","BLADE","manage_eeh","blade-table-17-employee-earning-and-hours-eeh","Managerial status","Variable name matched inst/blade_metadata/variables.csv.",""
"blade","BLADE","blade-table-17-employee-earning-and-hours-eeh","mannohrs_eeh","integer",500,"direct_blade_variable_metadata","BLADE","mannohrs_eeh","blade-table-17-employee-earning-and-hours-eeh","Managerial hours-earnings link indicator","Variable name matched inst/blade_metadata/variables.csv.",""
"blade","BLADE","blade-table-17-employee-earning-and-hours-eeh","mosp_eeh","integer",500,"direct_blade_variable_metadata","BLADE","mosp_eeh","blade-table-17-employee-earning-and-hours-eeh","Method of setting pay (detailed)","Variable name matched inst/blade_metadata/variables.csv.",""
"blade","BLADE","blade-table-17-employee-earning-and-hours-eeh","ordwhpf_eeh","numeric",500,"direct_blade_variable_metadata","BLADE","ordwhpf_eeh","blade-table-17-employee-earning-and-hours-eeh","Weekly ordinary time hours paid for","Variable name matched inst/blade_metadata/variables.csv.",""
"blade","BLADE","blade-table-17-employee-earning-and-hours-eeh","ovtwhpf_eeh","numeric",500,"direct_blade_variable_metadata","BLADE","ovtwhpf_eeh","blade-table-17-employee-earning-and-hours-eeh","Weekly overtime hours paid for","Variable name matched inst/blade_metadata/variables.csv.",""
"blade","BLADE","blade-table-17-employee-earning-and-hours-eeh","payfreq_eeh","character",500,"direct_blade_variable_metadata","BLADE","payfreq_eeh","blade-table-17-employee-earning-and-hours-eeh","Pay frequency","Variable name matched inst/blade_metadata/variables.csv.",""
"blade","BLADE","blade-table-17-employee-earning-and-hours-eeh","rop_eeh","character",500,"direct_blade_variable_metadata","BLADE","rop_eeh","blade-table-17-employee-earning-and-hours-eeh","Rate of pay","Variable name matched inst/blade_metadata/variables.csv.",""
"blade","BLADE","blade-table-17-employee-earning-and-hours-eeh","s_groupid_eeh","character",500,"direct_blade_variable_metadata","BLADE","s_groupid_eeh","blade-table-17-employee-earning-and-hours-eeh","Identifier - deidentified group identifier","Variable name matched inst/blade_metadata/variables.csv.",""
"blade","BLADE","blade-table-17-employee-earning-and-hours-eeh","sahote_eeh","numeric",500,"direct_blade_variable_metadata","BLADE","sahote_eeh","blade-table-17-employee-earning-and-hours-eeh","Hourly ordinary time cash earnings","Variable name matched inst/blade_metadata/variables.csv.",""
"blade","BLADE","blade-table-17-employee-earning-and-hours-eeh","sahte_eeh","numeric",500,"direct_blade_variable_metadata","BLADE","sahte_eeh","blade-table-17-employee-earning-and-hours-eeh","Hourly total cash earnings","Variable name matched inst/blade_metadata/variables.csv.",""
"blade","BLADE","blade-table-17-employee-earning-and-hours-eeh","sawote_eeh","numeric",500,"direct_blade_variable_metadata","BLADE","sawote_eeh","blade-table-17-employee-earning-and-hours-eeh","Weekly ordinary time cash earnings","Variable name matched inst/blade_metadata/variables.csv.",""
"blade","BLADE","blade-table-17-employee-earning-and-hours-eeh","sex_eeh","integer",500,"direct_blade_variable_metadata","BLADE","sex_eeh","blade-table-17-employee-earning-and-hours-eeh","Sex","Variable name matched inst/blade_metadata/variables.csv.",""
"blade","BLADE","blade-table-17-employee-earning-and-hours-eeh","state_eeh","integer",500,"direct_blade_variable_metadata","BLADE","state_eeh","blade-table-17-employee-earning-and-hours-eeh","State","Variable name matched inst/blade_metadata/variables.csv.",""
"blade","BLADE","blade-table-17-employee-earning-and-hours-eeh","stateops_eeh","integer",500,"direct_blade_variable_metadata","BLADE","stateops_eeh","blade-table-17-employee-earning-and-hours-eeh","All states of operations selection indicator","Variable name matched inst/blade_metadata/variables.csv.",""
"blade","BLADE","blade-table-17-employee-earning-and-hours-eeh","swte_eeh","numeric",500,"direct_blade_variable_metadata","BLADE","swte_eeh","blade-table-17-employee-earning-and-hours-eeh","Weekly total cash earnings","Variable name matched inst/blade_metadata/variables.csv.",""
"blade","BLADE","blade-table-17-employee-earning-and-hours-eeh","totwhpf_eeh","numeric",500,"direct_blade_variable_metadata","BLADE","totwhpf_eeh","blade-table-17-employee-earning-and-hours-eeh","Weekly total hours paid for","Variable name matched inst/blade_metadata/variables.csv.",""
"blade","BLADE","blade-table-17-employee-earning-and-hours-eeh","tsid","character",500,"direct_blade_variable_metadata","BLADE","tsid","blade-table-17-employee-earning-and-hours-eeh","Time series ID (last 2 digits of end year in a financial year) | Time series identifier (last 2 digits of end year in a financial year) | Time series ID (last 2 digits of end year in a financial year when application arrived for processing to the IP Australia system) | Time series identifier denoting the financial year in which the data was collected | Time series ID (last 2 digits of end year in a financial year when applicant registered R&D activites) | Time Series Identifier","Variable name matched inst/blade_metadata/variables.csv.",""
"blade","BLADE","blade-table-17-employee-earning-and-hours-eeh","typeemp_eeh","integer",500,"direct_blade_variable_metadata","BLADE","typeemp_eeh","blade-table-17-employee-earning-and-hours-eeh","Type of employee","Variable name matched inst/blade_metadata/variables.csv.",""
"blade","BLADE","blade-table-17-employee-earning-and-hours-eeh","wass_eeh","numeric",500,"direct_blade_variable_metadata","BLADE","wass_eeh","blade-table-17-employee-earning-and-hours-eeh","Weekly amounts salary sacrificed","Variable name matched inst/blade_metadata/variables.csv.",""
"blade","BLADE","blade-table-17-employee-earning-and-hours-eeh","wovte_eeh","numeric",500,"direct_blade_variable_metadata","BLADE","wovte_eeh","blade-table-17-employee-earning-and-hours-eeh","Weekly overtime cash earnings","Variable name matched inst/blade_metadata/variables.csv.",""
"blade","BLADE","blade-table-27-business-birthdate","bd_version","character",500,"direct_blade_variable_metadata","BLADE","bd_version","blade-table-27-business-birthdate","Integration version (internal ABS reference)","Variable name matched inst/blade_metadata/variables.csv.",""
"blade","BLADE","blade-table-27-business-birthdate","birth_date","character",500,"direct_blade_variable_metadata","BLADE","birth_date","blade-table-27-business-birthdate","Birth Date (year)","Variable name matched inst/blade_metadata/variables.csv.",""
"blade","BLADE","blade-table-27-business-birthdate","bn","character",500,"direct_blade_variable_metadata","BLADE","bn","blade-table-27-business-birthdate","bn - deidentified ABN | Identifier - deidentified ABN | Identifier bn - deidentified ABN | De-identified ABN | Deidentified abn | Deidentified ABN | Identifier - deidentifed ABN | Identifier - deidentified abn | Identifier - deidentified ABN (Australian Business Number)","Variable name matched inst/blade_metadata/variables.csv.",""
"census","CENSUS","dwelling","BEDRD","character",1000,"direct_plida_dataset_variable","CENSUS","BEDRD","madipge-cen11-d-dwelling-2011 | madip-ge-030103d-census2016-census2016dwelling-2016 | madipge-cen21-d-dwelling-2021","Number of Bedrooms in Private Dwelling (ranges) | Number of bedrooms in private dwelling (ranges)","Direct match on generated dataset + variable name in inst/plida_metadata/variables.csv.",""
"census","CENSUS","dwelling","DWELLING_ID","character",1000,"direct_plida_dataset_variable","CENSUS","DWELLING_ID","madipge-cen11-d-dwelling-2011 | madip-ge-030103d-census2016-census2016dwelling-2016 | madipge-cen21-d-dwelling-2021 | madipge-cen21-d-family-2021 | madipge-cen21-d-person-2021","Dwelling ID | Dwelling id variable","Direct match on generated dataset + variable name in inst/plida_metadata/variables.csv.",""
"census","CENSUS","dwelling","MRED","character",1000,"direct_plida_dataset_variable","CENSUS","MRED","madipge-cen11-d-dwelling-2011 | madip-ge-030103d-census2016-census2016dwelling-2016 | madipge-cen21-d-dwelling-2021","Mortgage Repayments (monthly) Dollar Values | Mortgage repayments (monthly) dollar values","Direct match on generated dataset + variable name in inst/plida_metadata/variables.csv.",""
"census","CENSUS","dwelling","NPRD","character",1000,"direct_plida_dataset_variable","CENSUS","NPRD","madipge-cen11-d-dwelling-2011 | madip-ge-030103d-census2016-census2016dwelling-2016 | madipge-cen21-d-dwelling-2021","Number of Persons Usually Resident in Dwelling | Number of persons usually resident in dwelling","Direct match on generated dataset + variable name in inst/plida_metadata/variables.csv.",""
"census","CENSUS","dwelling","RNTD","character",1000,"direct_plida_dataset_variable","CENSUS","RNTD","madipge-cen11-d-dwelling-2011 | madip-ge-030103d-census2016-census2016dwelling-2016 | madipge-cen21-d-dwelling-2021","Rent (weekly) Dollar Values | Rent (weekly) dollar values","Direct match on generated dataset + variable name in inst/plida_metadata/variables.csv.",""
"census","CENSUS","dwelling","STEUCD","integer",1000,"direct_plida_dataset_variable","CENSUS","STEUCD","madipge-cen11-d-dwelling-2011 | madip-ge-030103d-census2016-census2016dwelling-2016 | madipge-cen21-d-dwelling-2021","State of Dwelling on Census Night | State (en)","Direct match on generated dataset + variable name in inst/plida_metadata/variables.csv.",""
"census","CENSUS","dwelling","STRD","character",1000,"direct_plida_dataset_variable","CENSUS","STRD","madipge-cen11-d-dwelling-2011 | madip-ge-030103d-census2016-census2016dwelling-2016 | madipge-cen21-d-dwelling-2021","Dwelling Structure | Dwelling structure","Direct match on generated dataset + variable name in inst/plida_metadata/variables.csv.",""
"census","CENSUS","dwelling","TEND","character",1000,"direct_plida_dataset_variable","CENSUS","TEND","madipge-cen11-d-dwelling-2011 | madip-ge-030103d-census2016-census2016dwelling-2016 | madipge-cen21-d-dwelling-2021","Tenure Type | Tenure type","Direct match on generated dataset + variable name in inst/plida_metadata/variables.csv.",""
"census","CENSUS","dwelling","VEHRD","character",1000,"direct_plida_dataset_variable","CENSUS","VEHRD","madipge-cen11-d-dwelling-2011 | madip-ge-030103d-census2016-census2016dwelling-2016 | madipge-cen21-d-dwelling-2021","Number of Motor Vehicles (ranges) | Number of motor vehicles (ranges)","Direct match on generated dataset + variable name in inst/plida_metadata/variables.csv.",""
"census","CENSUS","family","CDCF","character",658,"direct_plida_dataset_variable","CENSUS","CDCF","madipge-cen11-d-family-2011 | madip-ge-030102d-census2016-census2016family-2016 | madipge-cen21-d-family-2021","Count of Dependent Children in Family | Count of dependent children in family","Direct match on generated dataset + variable name in inst/plida_metadata/variables.csv.",""
"census","CENSUS","family","CPRF","character",658,"direct_plida_dataset_variable","CENSUS","CPRF","madipge-cen11-d-family-2011 | madip-ge-030102d-census2016-census2016family-2016 | madipge-cen21-d-family-2021","Count of Persons in Family | Count of persons in family","Direct match on generated dataset + variable name in inst/plida_metadata/variables.csv.",""
"census","CENSUS","family","FAMILY_ID","character",658,"direct_plida_dataset_variable","CENSUS","FAMILY_ID","madipge-cen11-d-family-2011 | madip-ge-030102d-census2016-census2016family-2016 | madipge-cen21-d-family-2021 | madipge-cen21-d-person-2021","Family ID | Family id variable","Direct match on generated dataset + variable name in inst/plida_metadata/variables.csv.",""
"census","CENSUS","family","FMCF","character",658,"direct_plida_dataset_variable","CENSUS","FMCF","madipge-cen11-d-family-2011 | madip-ge-030102d-census2016-census2016family-2016 | madipge-cen21-d-family-2021","Family Composition | Family composition","Direct match on generated dataset + variable name in inst/plida_metadata/variables.csv.",""
"census","CENSUS","family","SSCF","character",658,"direct_plida_dataset_variable","CENSUS","SSCF","madipge-cen11-d-family-2011 | madip-ge-030102d-census2016-census2016family-2016 | madipge-cen21-d-family-2021","Same Sex Couple Indicator | Same-sex couple indicator","Direct match on generated dataset + variable name in inst/plida_metadata/variables.csv.",""
"census","CENSUS","person","ADFP","character",2500,"direct_plida_dataset_variable","CENSUS","ADFP","madipge-cen21-d-person-2021","Australian defence force service","Direct match on generated dataset + variable name in inst/plida_metadata/variables.csv.",""
"census","CENSUS","person","AGE10P","character",2500,"direct_plida_dataset_variable","CENSUS","AGE10P","madipge-cen21-d-person-2021","Age in ten year groups","Direct match on generated dataset + variable name in inst/plida_metadata/variables.csv.",""
"census","CENSUS","person","AGE5P","character",2500,"direct_plida_dataset_variable","CENSUS","AGE5P","madipge-cen21-d-person-2021","Age in 5-year groups","Direct match on generated dataset + variable name in inst/plida_metadata/variables.csv.",""
"census","CENSUS","person","AGEP","integer",2500,"direct_plida_dataset_variable","CENSUS","AGEP","madipge-cen11-d-person-2011 | madip-ge-030101d-census2016-census2016person-2016 | madipge-cen21-d-person-2021","Age of respondent","Direct match on generated dataset + variable name in inst/plida_metadata/variables.csv.",""
"census","CENSUS","person","ASSNP","character",2500,"direct_plida_dataset_variable","CENSUS","ASSNP","madipge-cen11-d-person-2011 | madip-ge-030101d-census2016-census2016person-2016 | madipge-cen21-d-person-2021","Core Activity Need for Assistance | Core activity need for assistance","Direct match on generated dataset + variable name in inst/plida_metadata/variables.csv.",""
"census","CENSUS","person","BPLP","character",2500,"direct_plida_dataset_variable","CENSUS","BPLP","madipge-cen11-d-person-2011 | madip-ge-030101d-census2016-census2016person-2016 | madipge-cen21-d-person-2021","Country of Birth of Person | Country of birth of person","Direct match on generated dataset + variable name in inst/plida_metadata/variables.csv.",""
"census","CENSUS","person","CHCAREP","character",2500,"direct_plida_dataset_variable","CENSUS","CHCAREP","madipge-cen11-d-person-2011 | madip-ge-030101d-census2016-census2016person-2016 | madipge-cen21-d-person-2021","Unpaid Child Care | Unpaid child care","Direct match on generated dataset + variable name in inst/plida_metadata/variables.csv.",""
"census","CENSUS","person","CITP","character",2500,"direct_plida_dataset_variable","CENSUS","CITP","madipge-cen11-d-person-2011 | madip-ge-030101d-census2016-census2016person-2016 | madipge-cen21-d-person-2021","Australian Citizenship | Australian citizenship","Direct match on generated dataset + variable name in inst/plida_metadata/variables.csv.",""
"census","CENSUS","person","CLTHP","character",2500,"direct_plida_dataset_variable","CENSUS","CLTHP","madipge-cen21-d-person-2021","Count of selected long-term health conditions","Direct match on generated dataset + variable name in inst/plida_metadata/variables.csv.",""
"census","CENSUS","person","DOBYP","integer",2500,"direct_plida_dataset_variable","CENSUS","DOBYP","madipge-cen11-d-person-2011 | madip-ge-030101d-census2016-census2016person-2016","Year of birth","Direct match on generated dataset + variable name in inst/plida_metadata/variables.csv.",""
"census","CENSUS","person","DOMP","character",2500,"direct_plida_dataset_variable","CENSUS","DOMP","madipge-cen11-d-person-2011 | madip-ge-030101d-census2016-census2016person-2016 | madipge-cen21-d-person-2021","Unpaid Domestic Work: Number of Hours | Unpaid domestic work: number of hours","Direct match on generated dataset + variable name in inst/plida_metadata/variables.csv.",""
"census","CENSUS","person","DWELLING_ID","character",2500,"direct_plida_dataset_variable","CENSUS","DWELLING_ID","madipge-cen11-d-dwelling-2011 | madip-ge-030103d-census2016-census2016dwelling-2016 | madipge-cen21-d-dwelling-2021 | madipge-cen21-d-family-2021 | madipge-cen21-d-person-2021","Dwelling ID | Dwelling id variable","Direct match on generated dataset + variable name in inst/plida_metadata/variables.csv.",""
"census","CENSUS","person","FAMILY_ID","character",2500,"direct_plida_dataset_variable","CENSUS","FAMILY_ID","madipge-cen11-d-family-2011 | madip-ge-030102d-census2016-census2016family-2016 | madipge-cen21-d-family-2021 | madipge-cen21-d-person-2021","Family ID | Family id variable","Direct match on generated dataset + variable name in inst/plida_metadata/variables.csv.",""
"census","CENSUS","person","HARTP","character",2500,"direct_plida_dataset_variable","CENSUS","HARTP","madipge-cen21-d-person-2021","Whether has arthritis","Direct match on generated dataset + variable name in inst/plida_metadata/variables.csv.",""
"census","CENSUS","person","HASTP","character",2500,"direct_plida_dataset_variable","CENSUS","HASTP","madipge-cen21-d-person-2021","Whether has asthma","Direct match on generated dataset + variable name in inst/plida_metadata/variables.csv.",""
"census","CENSUS","person","HCANP","character",2500,"direct_plida_dataset_variable","CENSUS","HCANP","madipge-cen21-d-person-2021","Whether has cancer (including remission)","Direct match on generated dataset + variable name in inst/plida_metadata/variables.csv.",""
"census","CENSUS","person","HDEMP","character",2500,"direct_plida_dataset_variable","CENSUS","HDEMP","madipge-cen21-d-person-2021","Whether has dementia (including alzheimer's)","Direct match on generated dataset + variable name in inst/plida_metadata/variables.csv.",""
"census","CENSUS","person","HDIAP","character",2500,"direct_plida_dataset_variable","CENSUS","HDIAP","madipge-cen21-d-person-2021","Whether has diabetes (excluding gestational diabetes)","Direct match on generated dataset + variable name in inst/plida_metadata/variables.csv.",""
"census","CENSUS","person","HEAP","character",2500,"direct_plida_dataset_variable","CENSUS","HEAP","madipge-cen11-d-person-2011 | madip-ge-030101d-census2016-census2016person-2016 | madipge-cen21-d-person-2021","Level of Highest Educational Attainment | Level of highest educational attainment","Direct match on generated dataset + variable name in inst/plida_metadata/variables.csv.",""
"census","CENSUS","person","HHEDP","character",2500,"direct_plida_dataset_variable","CENSUS","HHEDP","madipge-cen21-d-person-2021","Whether has heart disease (including heart attack or angina)","Direct match on generated dataset + variable name in inst/plida_metadata/variables.csv.",""
"census","CENSUS","person","HKIDP","character",2500,"direct_plida_dataset_variable","CENSUS","HKIDP","madipge-cen21-d-person-2021","Whether has kidney disease","Direct match on generated dataset + variable name in inst/plida_metadata/variables.csv.",""
"census","CENSUS","person","HLUNP","character",2500,"direct_plida_dataset_variable","CENSUS","HLUNP","madipge-cen21-d-person-2021","Whether has lung condition (including copd and emphysema)","Direct match on generated dataset + variable name in inst/plida_metadata/variables.csv.",""
"census","CENSUS","person","HMHCP","character",2500,"direct_plida_dataset_variable","CENSUS","HMHCP","madipge-cen21-d-person-2021","Whether has mental health condition (including depression or anxiety)","Direct match on generated dataset + variable name in inst/plida_metadata/variables.csv.",""
"census","CENSUS","person","HRSP","character",2500,"direct_plida_dataset_variable","CENSUS","HRSP","madipge-cen11-d-person-2011 | madip-ge-030101d-census2016-census2016person-2016 | madipge-cen21-d-person-2021","Hours Worked | Hours worked","Direct match on generated dataset + variable name in inst/plida_metadata/variables.csv.",""
"census","CENSUS","person","HRWRP","character",2500,"direct_plida_dataset_variable","CENSUS","HRWRP","madipge-cen11-d-person-2011 | madip-ge-030101d-census2016-census2016person-2016 | madipge-cen21-d-person-2021","Hours Worked (ranges) | Hours worked (ranges)","Direct match on generated dataset + variable name in inst/plida_metadata/variables.csv.",""
"census","CENSUS","person","HSCP","character",2500,"direct_plida_dataset_variable","CENSUS","HSCP","madipge-cen11-d-person-2011 | madip-ge-030101d-census2016-census2016person-2016 | madipge-cen21-d-person-2021","Highest Year of School Completed | Highest year of school completed","Direct match on generated dataset + variable name in inst/plida_metadata/variables.csv.",""
"census","CENSUS","person","HSTRP","character",2500,"direct_plida_dataset_variable","CENSUS","HSTRP","madipge-cen21-d-person-2021","Whether has had a stroke","Direct match on generated dataset + variable name in inst/plida_metadata/variables.csv.",""
"census","CENSUS","person","INCP","character",2500,"direct_plida_dataset_variable","CENSUS","INCP","madipge-cen11-d-person-2011 | madip-ge-030101d-census2016-census2016person-2016 | madipge-cen21-d-person-2021","Total Personal Income (weekly) | Total personal income (weekly)","Direct match on generated dataset + variable name in inst/plida_metadata/variables.csv.",""
"census","CENSUS","person","INDP","character",2500,"direct_plida_dataset_variable","CENSUS","INDP","madipge-cen11-d-person-2011 | madip-ge-030101d-census2016-census2016person-2016 | madipge-cen21-d-person-2021","Industry of Employment | Industry of employment","Direct match on generated dataset + variable name in inst/plida_metadata/variables.csv.",""
"census","CENSUS","person","INGP","character",2500,"direct_plida_dataset_variable","CENSUS","INGP","madipge-cen11-d-person-2011 | madip-ge-030101d-census2016-census2016person-2016 | madipge-cen21-d-person-2021","Indigenous Status | Indigenous status","Direct match on generated dataset + variable name in inst/plida_metadata/variables.csv.",""
"census","CENSUS","person","LANP","character",2500,"direct_plida_dataset_variable","CENSUS","LANP","madipge-cen11-d-person-2011 | madip-ge-030101d-census2016-census2016person-2016 | madipge-cen21-d-person-2021","Language Spoken at Home | Language used at home","Direct match on generated dataset + variable name in inst/plida_metadata/variables.csv.",""
"census","CENSUS","person","LFSP","character",2500,"direct_plida_dataset_variable","CENSUS","LFSP","madipge-cen11-d-person-2011 | madip-ge-030101d-census2016-census2016person-2016 | madipge-cen21-d-person-2021","Labour Force Status | Labour force status","Direct match on generated dataset + variable name in inst/plida_metadata/variables.csv.",""
"census","CENSUS","person","MSTP","character",2500,"direct_plida_dataset_variable","CENSUS","MSTP","madipge-cen11-d-person-2011 | madip-ge-030101d-census2016-census2016person-2016 | madipge-cen21-d-person-2021","Registered Marital Status | Registered marital status","Direct match on generated dataset + variable name in inst/plida_metadata/variables.csv.",""
"census","CENSUS","person","MTWP","character",2500,"direct_plida_dataset_variable","CENSUS","MTWP","madipge-cen11-d-person-2011 | madip-ge-030101d-census2016-census2016person-2016 | madipge-cen21-d-person-2021","Method of Travel to Work | Method of travel to work","Direct match on generated dataset + variable name in inst/plida_metadata/variables.csv.",""
"census","CENSUS","person","OCCP","character",2500,"direct_plida_dataset_variable","CENSUS","OCCP","madipge-cen11-d-person-2011 | madip-ge-030101d-census2016-census2016person-2016 | madipge-cen21-d-person-2021","Occupation | Occupation code","Direct match on generated dataset + variable name in inst/plida_metadata/variables.csv.",""
"census","CENSUS","person","RELP","character",2500,"direct_plida_dataset_variable","CENSUS","RELP","madipge-cen11-d-person-2011 | madip-ge-030101d-census2016-census2016person-2016 | madipge-cen21-d-person-2021","Religious Affiliation | Religious affiliation","Direct match on generated dataset + variable name in inst/plida_metadata/variables.csv.",""
"census","CENSUS","person","SEXP","integer",2500,"direct_plida_dataset_variable","CENSUS","SEXP","madipge-cen11-d-person-2011 | madip-ge-030101d-census2016-census2016person-2016 | madipge-cen21-d-person-2021","Sex","Direct match on generated dataset + variable name in inst/plida_metadata/variables.csv.",""
"census","CENSUS","person","STEUCP","integer",2500,"direct_plida_dataset_variable","CENSUS","STEUCP","madipge-cen11-d-person-2011 | madip-ge-030101d-census2016-census2016person-2016 | madipge-cen21-d-person-2021","State/territory of usual address | State (ur)","Direct match on generated dataset + variable name in inst/plida_metadata/variables.csv.",""
"census","CENSUS","person","STUP","character",2500,"direct_plida_dataset_variable","CENSUS","STUP","madipge-cen11-d-person-2011 | madip-ge-030101d-census2016-census2016person-2016 | madipge-cen21-d-person-2021","Full-Time/Part-Time Student Status | Full-time/part-time student status","Direct match on generated dataset + variable name in inst/plida_metadata/variables.csv.",""
"census","CENSUS","person","SYNTHETIC_AEUID","character",2500,"direct_plida_dataset_variable","CENSUS","SYNTHETIC_AEUID","madip-ge-030101d-census2016-census2016person-2016 | madip-ge-030102d-census2016-census2016family-2016 | madip-ge-030103d-census2016-census2016dwelling-2016 | madipge-cen21-d-person-2021","Synthetic id of individual person on dataset | Synthetic id","Direct match on generated dataset + variable name in inst/plida_metadata/variables.csv.",""
"census","CENSUS","person","UNCAREP","character",2500,"direct_plida_dataset_variable","CENSUS","UNCAREP","madipge-cen11-d-person-2011 | madip-ge-030101d-census2016-census2016person-2016 | madipge-cen21-d-person-2021","Unpaid Assistance to a Person with a Disability | Unpaid assistance to a person with a disability  health condition  or due to old age","Direct match on generated dataset + variable name in inst/plida_metadata/variables.csv.",""
"census","CENSUS","person","VOLWP","character",2500,"direct_plida_dataset_variable","CENSUS","VOLWP","madipge-cen11-d-person-2011 | madip-ge-030101d-census2016-census2016person-2016 | madipge-cen21-d-person-2021","Voluntary Work for an Organisation or Group | Voluntary work for an organisation or group","Direct match on generated dataset + variable name in inst/plida_metadata/variables.csv.",""
"census","CENSUS","person","YARP","character",2500,"direct_plida_dataset_variable","CENSUS","YARP","madipge-cen11-d-person-2011 | madip-ge-030101d-census2016-census2016person-2016 | madipge-cen21-d-person-2021","Year of Arrival in Australia | Year of arrival in australia","Direct match on generated dataset + variable name in inst/plida_metadata/variables.csv.",""
"core-combined","COMBINED","COMBINED","EVER_ABORIGINAL_PERSON","integer",5000,"direct_plida_dataset_variable","COMBINED","EVER_ABORIGINAL_PERSON","madipge-comb-d-demog-ind-c11-06-latest | madipge-comb-d-demog-ind-c16-06-latest | madipge-comb-d-demog-ind-c21-06-latest | madipge-comb-d-demog-ind-nc-06-latest","Flag that indicates if the individual has ever identified being of Aboriginal descent | Person identified as Aboriginal in any source dataset","Direct match on generated dataset + variable name in inst/plida_metadata/variables.csv.",""
"core-combined","COMBINED","COMBINED","EVER_INDIGENOUS_PERSON","integer",5000,"direct_plida_dataset_variable","COMBINED","EVER_INDIGENOUS_PERSON","madipge-comb-d-demog-ind-c11-06-latest | madipge-comb-d-demog-ind-c16-06-latest | madipge-comb-d-demog-ind-c21-06-latest | madipge-comb-d-demog-ind-nc-06-latest","Flag that indicates if the individual has ever identified being of Aboriginal and/or Torres Strait Islander descent | Person identified as Indigenous in any source dataset","Direct match on generated dataset + variable name in inst/plida_metadata/variables.csv.",""
"core-combined","COMBINED","COMBINED","EVER_TSI_PERSON","integer",5000,"direct_plida_dataset_variable","COMBINED","EVER_TSI_PERSON","madipge-comb-d-demog-ind-c11-06-latest | madipge-comb-d-demog-ind-c16-06-latest | madipge-comb-d-demog-ind-c21-06-latest | madipge-comb-d-demog-ind-nc-06-latest","Flag that indicates if the individual has ever identified being of Torres Strait Islander descent | Person identified as Torres Strait Islander in any source dataset","Direct match on generated dataset + variable name in inst/plida_metadata/variables.csv.",""
"core-combined","COMBINED","COMBINED","SPINE_ID","character",5000,"direct_plida_dataset_variable","COMBINED","SPINE_ID","madipge-comb-d-demog-ind-c11-06-latest | madipge-comb-d-demog-ind-c16-06-latest | madipge-comb-d-demog-ind-c21-06-latest | madipge-comb-d-demog-ind-nc-06-latest","Id of person on the MADIP Spine | PLIDA Spine entity ID","Direct match on generated dataset + variable name in inst/plida_metadata/variables.csv.",""
"core-combined","CORE","demographics","BIRTH_CTRY_CODE","character",5000,"direct_plida_dataset_variable","CORE","BIRTH_CTRY_CODE","plidage-core-demog-cb-c11-2006-latest | plidage-core-demog-ss-c11-2006-latest | plidage-core-demog-cb-c16-2006-latest | plidage-core-demog-ss-c16-2006-latest | plidage-core-demog-cb-c21-2006-latest | plidage-core-demog-ss-c21-2006-latest | plidage-core-demog-cb-nc-2006-latest | plidage-core-demog-ss-nc-2006-latest","Country of birth code","Direct match on generated dataset + variable name in inst/plida_metadata/variables.csv.",""
"core-combined","CORE","demographics","CORE_GENDER","character",5000,"direct_plida_dataset_variable","CORE","CORE_GENDER","plidage-core-demog-cb-c11-2006-latest | plidage-core-demog-cb-c16-2006-latest | plidage-core-demog-cb-c21-2006-latest | plidage-core-demog-cb-nc-2006-latest","Combined gender","Direct match on generated dataset + variable name in inst/plida_metadata/variables.csv.",""
"core-combined","CORE","demographics","DAY_OF_DEATH","integer",5000,"direct_plida_dataset_variable","CORE","DAY_OF_DEATH","plidage-core-demog-cb-c11-2006-latest | plidage-core-demog-ss-c11-2006-latest | plidage-core-demog-cb-c16-2006-latest | plidage-core-demog-ss-c16-2006-latest | plidage-core-demog-cb-c21-2006-latest | plidage-core-demog-ss-c21-2006-latest | plidage-core-demog-cb-nc-2006-latest | plidage-core-demog-ss-nc-2006-latest | plidage-core-scope-vitals-cb-2006-latest","Date/day of death | Day/date of death | Day of death","Direct match on generated dataset + variable name in inst/plida_metadata/variables.csv.",""
"core-combined","CORE","demographics","MONTH_OF_BIRTH","integer",5000,"direct_plida_dataset_variable","CORE","MONTH_OF_BIRTH","plidage-core-demog-cb-c11-2006-latest | plidage-core-demog-ss-c11-2006-latest | plidage-core-demog-cb-c16-2006-latest | plidage-core-demog-ss-c16-2006-latest | plidage-core-demog-cb-c21-2006-latest | plidage-core-demog-ss-c21-2006-latest | plidage-core-demog-cb-nc-2006-latest | plidage-core-demog-ss-nc-2006-latest | plidage-core-scope-vitals-cb-2006-latest","Month of birth","Direct match on generated dataset + variable name in inst/plida_metadata/variables.csv.",""
"core-combined","CORE","demographics","MONTH_OF_DEATH","integer",5000,"direct_plida_dataset_variable","CORE","MONTH_OF_DEATH","plidage-core-demog-cb-c11-2006-latest | plidage-core-demog-ss-c11-2006-latest | plidage-core-demog-cb-c16-2006-latest | plidage-core-demog-ss-c16-2006-latest | plidage-core-demog-cb-c21-2006-latest | plidage-core-demog-ss-c21-2006-latest | plidage-core-demog-cb-nc-2006-latest | plidage-core-demog-ss-nc-2006-latest | plidage-core-scope-vitals-cb-2006-latest","Month of death","Direct match on generated dataset + variable name in inst/plida_metadata/variables.csv.",""
"core-combined","CORE","demographics","SPINE_ID","character",5000,"direct_plida_dataset_variable","CORE","SPINE_ID","plidage-core-demog-cb-c11-2006-latest | plidage-core-demog-ss-c11-2006-latest | plidage-core-demog-cb-c16-2006-latest | plidage-core-demog-ss-c16-2006-latest | plidage-core-demog-cb-c21-2006-latest | plidage-core-demog-ss-c21-2006-latest | plidage-core-demog-cb-nc-2006-latest | plidage-core-demog-ss-nc-2006-latest | plidage-core-income-cb-annual | plidage-core-income-cb-weekly | plidage-core-income-ss-annual | plidage-core-income-ss-weekly | plidage-core-locat-cb-2006-latest | plidage-core-locat-ss-2006-latest | plidage-core-relat-cb-c11-2006-latest | plidage-core-relat-cb-c16-2006-latest | plidage-core-relat-cb-c21-2006-latest | plidage-core-relat-cb-nc-2006-latest | plidage-core-scope-acti-cb-2006-latest | plidage-core-scope-acti-ss-2006-latest | plidage-core-scope-resi-erp-2006-latest | plidage-core-scope-resi-pp-2006-latest | plidage-core-scope-vitals-cb-2006-latest","PLIDA Spine entity ID | PLIDA Spine entity ID of person","Direct match on generated dataset + variable name in inst/plida_metadata/variables.csv.",""
"core-combined","CORE","demographics","YEAR_OF_BIRTH","integer",5000,"direct_plida_dataset_variable","CORE","YEAR_OF_BIRTH","plidage-core-demog-cb-c11-2006-latest | plidage-core-demog-ss-c11-2006-latest | plidage-core-demog-cb-c16-2006-latest | plidage-core-demog-ss-c16-2006-latest | plidage-core-demog-cb-c21-2006-latest | plidage-core-demog-ss-c21-2006-latest | plidage-core-demog-cb-nc-2006-latest | plidage-core-demog-ss-nc-2006-latest | plidage-core-scope-vitals-cb-2006-latest","Year of birth","Direct match on generated dataset + variable name in inst/plida_metadata/variables.csv.",""
"core-combined","CORE","demographics","YEAR_OF_DEATH","integer",5000,"direct_plida_dataset_variable","CORE","YEAR_OF_DEATH","plidage-core-demog-cb-c11-2006-latest | plidage-core-demog-ss-c11-2006-latest | plidage-core-demog-cb-c16-2006-latest | plidage-core-demog-ss-c16-2006-latest | plidage-core-demog-cb-c21-2006-latest | plidage-core-demog-ss-c21-2006-latest | plidage-core-demog-cb-nc-2006-latest | plidage-core-demog-ss-nc-2006-latest | plidage-core-scope-vitals-cb-2006-latest","Year of death","Direct match on generated dataset + variable name in inst/plida_metadata/variables.csv.",""
"core-combined","CORE","locations","ADR_TYP","character",5000,"direct_plida_dataset_variable","CORE","ADR_TYP","plidage-core-locat-cb-2006-latest | plidage-core-locat-ss-2006-latest","Type of address (e.g. residential postal etc.)","Direct match on generated dataset + variable name in inst/plida_metadata/variables.csv.",""
"core-combined","CORE","locations","ARID","character",5000,"direct_plida_dataset_variable","CORE","ARID","plidage-core-locat-cb-2006-latest | plidage-core-locat-ss-2006-latest","Address Register ID | Hashed and truncated arid from address coding","Direct match on generated dataset + variable name in inst/plida_metadata/variables.csv.",""
"core-combined","CORE","locations","END_DATE","character",5000,"direct_plida_dataset_variable","CORE","END_DATE","plidage-core-locat-cb-2006-latest | plidage-core-locat-ss-2006-latest","End date of the address record","Direct match on generated dataset + variable name in inst/plida_metadata/variables.csv.",""
"core-combined","CORE","locations","MB_ASGS_2021","character",5000,"direct_plida_dataset_variable","CORE","MB_ASGS_2021","plidage-core-locat-cb-2006-latest | plidage-core-locat-ss-2006-latest","Mesh block coded to 2021 asgs","Direct match on generated dataset + variable name in inst/plida_metadata/variables.csv.",""
"core-combined","CORE","locations","SA1_ASGS_2021","character",5000,"direct_plida_dataset_variable","CORE","SA1_ASGS_2021","plidage-core-locat-cb-2006-latest | plidage-core-locat-ss-2006-latest","Sa1 location","Direct match on generated dataset + variable name in inst/plida_metadata/variables.csv.",""
"core-combined","CORE","locations","SA2_ASGS_2021","character",5000,"direct_plida_dataset_variable","CORE","SA2_ASGS_2021","plidage-core-locat-cb-2006-latest | plidage-core-locat-ss-2006-latest","Sa2 location","Direct match on generated dataset + variable name in inst/plida_metadata/variables.csv.",""
"core-combined","CORE","locations","SA4_ASGS_2021","integer",5000,"direct_plida_dataset_variable","CORE","SA4_ASGS_2021","plidage-core-locat-cb-2006-latest | plidage-core-locat-ss-2006-latest","Sa4 location","Direct match on generated dataset + variable name in inst/plida_metadata/variables.csv.",""
"core-combined","CORE","locations","SOURCE_FLAG","character",5000,"direct_plida_dataset_variable","CORE","SOURCE_FLAG","plidage-core-locat-cb-2006-latest | plidage-core-relat-cb-c11-2006-latest | plidage-core-relat-ss-c11-2006-latest | plidage-core-relat-cb-c16-2006-latest | plidage-core-relat-ss-c16-2006-latest | plidage-core-relat-cb-c21-2006-latest | plidage-core-relat-ss-c21-2006-latest | plidage-core-relat-cb-nc-2006-latest | plidage-core-relat-ss-nc-2006-latest","Identifies source datasets of location information by majority stay to the month | Identifies source dataset of relationship information","Direct match on generated dataset + variable name in inst/plida_metadata/variables.csv.",""
"core-combined","CORE","locations","SPINE_ID","character",5000,"direct_plida_dataset_variable","CORE","SPINE_ID","plidage-core-demog-cb-c11-2006-latest | plidage-core-demog-ss-c11-2006-latest | plidage-core-demog-cb-c16-2006-latest | plidage-core-demog-ss-c16-2006-latest | plidage-core-demog-cb-c21-2006-latest | plidage-core-demog-ss-c21-2006-latest | plidage-core-demog-cb-nc-2006-latest | plidage-core-demog-ss-nc-2006-latest | plidage-core-income-cb-annual | plidage-core-income-cb-weekly | plidage-core-income-ss-annual | plidage-core-income-ss-weekly | plidage-core-locat-cb-2006-latest | plidage-core-locat-ss-2006-latest | plidage-core-relat-cb-c11-2006-latest | plidage-core-relat-cb-c16-2006-latest | plidage-core-relat-cb-c21-2006-latest | plidage-core-relat-cb-nc-2006-latest | plidage-core-scope-acti-cb-2006-latest | plidage-core-scope-acti-ss-2006-latest | plidage-core-scope-resi-erp-2006-latest | plidage-core-scope-resi-pp-2006-latest | plidage-core-scope-vitals-cb-2006-latest","PLIDA Spine entity ID | PLIDA Spine entity ID of person","Direct match on generated dataset + variable name in inst/plida_metadata/variables.csv.",""
"core-combined","CORE","locations","START_DATE","character",5000,"direct_plida_dataset_variable","CORE","START_DATE","plidage-core-locat-cb-2006-latest | plidage-core-locat-ss-2006-latest","Start date of address record","Direct match on generated dataset + variable name in inst/plida_metadata/variables.csv.",""
"core-combined","CORE","locations","STATE","integer",5000,"direct_plida_dataset_variable","CORE","STATE","plidage-core-locat-cb-2006-latest","State or territory","Direct match on generated dataset + variable name in inst/plida_metadata/variables.csv.",""
"core-combined","CORE","relationships","COMBINED_CATEGORY","character",1929,"direct_plida_dataset_variable","CORE","COMBINED_CATEGORY","plidage-core-relat-cb-c11-2006-latest | plidage-core-relat-ss-c11-2006-latest | plidage-core-relat-cb-c16-2006-latest | plidage-core-relat-ss-c16-2006-latest | plidage-core-relat-cb-c21-2006-latest | plidage-core-relat-ss-c21-2006-latest | plidage-core-relat-cb-nc-2006-latest | plidage-core-relat-ss-nc-2006-latest","Broad relationship category of SPINE_ID_ORIGINAL as relates to SPINE_ID_MAIN_REL","Direct match on generated dataset + variable name in inst/plida_metadata/variables.csv.",""
"core-combined","CORE","relationships","COMBINED_STATUS","character",1929,"direct_plida_dataset_variable","CORE","COMBINED_STATUS","plidage-core-relat-cb-c11-2006-latest | plidage-core-relat-ss-c11-2006-latest | plidage-core-relat-cb-c16-2006-latest | plidage-core-relat-ss-c16-2006-latest | plidage-core-relat-cb-c21-2006-latest | plidage-core-relat-ss-c21-2006-latest | plidage-core-relat-cb-nc-2006-latest | plidage-core-relat-ss-nc-2006-latest","Detailed relationship category of SPINE_ID_ORIGINAL as relates to SPINE_ID_MAIN_REL","Direct match on generated dataset + variable name in inst/plida_metadata/variables.csv.",""
"core-combined","CORE","relationships","PAIRID","character",1929,"direct_plida_dataset_variable","CORE","PAIRID","plidage-core-relat-cb-c11-2006-latest | plidage-core-relat-ss-c11-2006-latest | plidage-core-relat-cb-c16-2006-latest | plidage-core-relat-ss-c16-2006-latest | plidage-core-relat-cb-c21-2006-latest | plidage-core-relat-ss-c21-2006-latest | plidage-core-relat-cb-nc-2006-latest | plidage-core-relat-ss-nc-2006-latest","Unique relationship identifier","Direct match on generated dataset + variable name in inst/plida_metadata/variables.csv.",""
"core-combined","CORE","relationships","RECORD_END","character",1929,"direct_plida_dataset_variable","CORE","RECORD_END","plidage-core-relat-cb-c11-2006-latest | plidage-core-relat-ss-c11-2006-latest | plidage-core-relat-cb-c16-2006-latest | plidage-core-relat-ss-c16-2006-latest | plidage-core-relat-cb-c21-2006-latest | plidage-core-relat-ss-c21-2006-latest | plidage-core-relat-cb-nc-2006-latest | plidage-core-relat-ss-nc-2006-latest","End date of relationship record | End date of Relationship record","Direct match on generated dataset + variable name in inst/plida_metadata/variables.csv.",""
"core-combined","CORE","relationships","RECORD_START","character",1929,"direct_plida_dataset_variable","CORE","RECORD_START","plidage-core-relat-cb-c11-2006-latest | plidage-core-relat-ss-c11-2006-latest | plidage-core-relat-cb-c16-2006-latest | plidage-core-relat-ss-c16-2006-latest | plidage-core-relat-cb-c21-2006-latest | plidage-core-relat-ss-c21-2006-latest | plidage-core-relat-cb-nc-2006-latest | plidage-core-relat-ss-nc-2006-latest","Start date of relationship record | Start date of Relationship record","Direct match on generated dataset + variable name in inst/plida_metadata/variables.csv.",""
"core-combined","CORE","relationships","SOURCE_FLAG","character",1929,"direct_plida_dataset_variable","CORE","SOURCE_FLAG","plidage-core-locat-cb-2006-latest | plidage-core-relat-cb-c11-2006-latest | plidage-core-relat-ss-c11-2006-latest | plidage-core-relat-cb-c16-2006-latest | plidage-core-relat-ss-c16-2006-latest | plidage-core-relat-cb-c21-2006-latest | plidage-core-relat-ss-c21-2006-latest | plidage-core-relat-cb-nc-2006-latest | plidage-core-relat-ss-nc-2006-latest","Identifies source datasets of location information by majority stay to the month | Identifies source dataset of relationship information","Direct match on generated dataset + variable name in inst/plida_metadata/variables.csv.",""
"core-combined","CORE","relationships","SOURCES","character",1929,"direct_plida_dataset_variable","CORE","SOURCES","plidage-core-relat-cb-c11-2006-latest | plidage-core-relat-cb-c16-2006-latest | plidage-core-relat-cb-c21-2006-latest | plidage-core-relat-cb-nc-2006-latest","Identifies source dataset of relationship information","Direct match on generated dataset + variable name in inst/plida_metadata/variables.csv.",""
"core-combined","CORE","relationships","SPINE_ID_MAIN_REL","character",1929,"direct_plida_dataset_variable","CORE","SPINE_ID_MAIN_REL","plidage-core-relat-cb-c11-2006-latest | plidage-core-relat-ss-c11-2006-latest | plidage-core-relat-cb-c16-2006-latest | plidage-core-relat-ss-c16-2006-latest | plidage-core-relat-cb-c21-2006-latest | plidage-core-relat-ss-c21-2006-latest | plidage-core-relat-cb-nc-2006-latest | plidage-core-relat-ss-nc-2006-latest","PLIDA Spine entity ID of related person","Direct match on generated dataset + variable name in inst/plida_metadata/variables.csv.",""
"core-combined","CORE","relationships","SPINE_ID_ORIGINAL","character",1929,"direct_plida_dataset_variable","CORE","SPINE_ID_ORIGINAL","plidage-core-relat-cb-c11-2006-latest | plidage-core-relat-ss-c11-2006-latest | plidage-core-relat-cb-c16-2006-latest | plidage-core-relat-ss-c16-2006-latest | plidage-core-relat-cb-c21-2006-latest | plidage-core-relat-ss-c21-2006-latest | plidage-core-relat-cb-nc-2006-latest | plidage-core-relat-ss-nc-2006-latest","PLIDA Spine entity ID of person","Direct match on generated dataset + variable name in inst/plida_metadata/variables.csv.",""
"dhda-health","AIR","AIR","ABORIND","character",26136,"direct_plida_dataset_variable","AIR","ABORIND","madip-vacstrat-air","Individual Aboriginality indicator","Direct match on generated dataset + variable name in inst/plida_metadata/variables.csv.",""
"dhda-health","AIR","AIR","ANTIGEN_CODE","character",26136,"manual_same_dataset_plida_concept_match","AIR","ANTGNCDE","madip-vacstrat-air","The antigen code","Manual same-dataset concept crosswalk to local PLIDA metadata variable; generated name is compact/simplified and is not asserted to be an official source variable name.","AIR generated field uses a descriptive name; local PLIDA metadata uses the compact source-style variable name."
"dhda-health","AIR","AIR","DOB_MONTH","integer",26136,"direct_plida_dataset_variable","AIR","DOB_MONTH","madip-vacstrat-air","Month of birth","Direct match on generated dataset + variable name in inst/plida_metadata/variables.csv.",""
"dhda-health","AIR","AIR","DOB_YEAR","integer",26136,"direct_plida_dataset_variable","AIR","DOB_YEAR","madip-vacstrat-air","Year of birth","Direct match on generated dataset + variable name in inst/plida_metadata/variables.csv.",""
"dhda-health","AIR","AIR","ENCOUNTER_DATE","Date",26136,"manual_same_dataset_plida_concept_match","AIR","ENCDATE","madip-vacstrat-air","Immunisation encounter date","Manual same-dataset concept crosswalk to local PLIDA metadata variable; generated name is compact/simplified and is not asserted to be an official source variable name.","AIR generated field uses a descriptive name; local PLIDA metadata uses the compact source-style variable name."
"dhda-health","AIR","AIR","EPISODE_STATUS","character",26136,"manual_same_dataset_plida_concept_match","AIR","EPSSTAT","madip-vacstrat-air","Episode status code","Manual same-dataset concept crosswalk to local PLIDA metadata variable; generated name is compact/simplified and is not asserted to be an official source variable name.","AIR generated field uses a descriptive name; local PLIDA metadata uses the compact source-style variable name."
"dhda-health","AIR","AIR","SCHEDULE_CLASSIFICATION","character",26136,"manual_same_dataset_plida_concept_match","AIR","SCHEDCDE","madip-vacstrat-air","Schedule the Individual is being assessed against","Manual same-dataset concept crosswalk to local PLIDA metadata variable; generated name is compact/simplified and is not asserted to be an official source variable name.","AIR generated field uses a descriptive name; local PLIDA metadata uses the compact source-style variable name."
"dhda-health","AIR","AIR","SEXCDE","character",26136,"direct_plida_dataset_variable","AIR","SEXCDE","madip-vacstrat-air","Individual gender","Direct match on generated dataset + variable name in inst/plida_metadata/variables.csv.",""
"dhda-health","AIR","AIR","STATE_ASGS_2021","integer",26136,"direct_plida_dataset_variable","AIR","STATE_ASGS_2021","madip-vacstrat-air","State (number)","Direct match on generated dataset + variable name in inst/plida_metadata/variables.csv.",""
"dhda-health","AIR","AIR","SYNTHETIC_AEUID","character",26136,"direct_plida_dataset_variable","AIR","SYNTHETIC_AEUID","madip-vacstrat-air","Synthetic MADIP Person ID","Direct match on generated dataset + variable name in inst/plida_metadata/variables.csv.",""
"dhda-health","AIR","AIR","VACCINE_SEQUENCE","integer",26136,"manual_same_dataset_plida_concept_match","AIR","VACCSEQ","madip-vacstrat-air","Vaccine sequence number (dose)","Manual same-dataset concept crosswalk to local PLIDA metadata variable; generated name is compact/simplified and is not asserted to be an official source variable name.","AIR generated field uses a descriptive name; local PLIDA metadata uses the compact source-style variable name."
"dhda-health","MBS","2020","AGGRITEM","character",74440,"direct_plida_dataset_variable","MBS","AGGRITEM","madipge-mbs-d-claims-2006 | madipge-mbs-d-claims-2007 | madipge-mbs-d-claims-2008 | madipge-mbs-d-claims-2009 | madipge-mbs-d-claims-2010 | madipge-mbs-d-claims-2011 | madipge-mbs-d-claims-2012 | madipge-mbs-d-claims-2013 | madipge-mbs-d-claims-2014 | madipge-mbs-d-claims-2015 | madipge-mbs-d-claims-2016 | madipge-mbs-d-claims-2017 | madipge-mbs-d-claims-2018 | madipge-mbs-d-claims-2019 | madipge-mbs-d-claims-2020 | madipge-mbs-d-claims-2021 | madipge-mbs-d-claims-2022 | madipge-mbs-d-claims-2023 | madipge-mbs-d-claims-2024 | madipge-mbs-d-claims-2025","Mbs item number from the aggregate item number field. for most mbs items this will be the same as the mbs item number in the base item number field. where the schedule fee for one item is dependent on the schedule fee for another item  the main item is stored in the aggregate item number field and the other item number is stored in the base item number field.note: all mbs statistics are based on the latest mapped item number which is derived from the aggregate item number. | Original item number","Direct match on generated dataset + variable name in inst/plida_metadata/variables.csv.",""
"dhda-health","MBS","2020","BENPAID","numeric",74440,"direct_plida_dataset_variable","MBS","BENPAID","madipge-mbs-d-claims-2006 | madipge-mbs-d-claims-2007 | madipge-mbs-d-claims-2008 | madipge-mbs-d-claims-2009 | madipge-mbs-d-claims-2010 | madipge-mbs-d-claims-2011 | madipge-mbs-d-claims-2012 | madipge-mbs-d-claims-2013 | madipge-mbs-d-claims-2014 | madipge-mbs-d-claims-2015 | madipge-mbs-d-claims-2016 | madipge-mbs-d-claims-2017 | madipge-mbs-d-claims-2018 | madipge-mbs-d-claims-2019 | madipge-mbs-d-claims-2020 | madipge-mbs-d-claims-2021 | madipge-mbs-d-claims-2022 | madipge-mbs-d-claims-2023 | madipge-mbs-d-claims-2024 | madipge-mbs-d-claims-2025","The total amount of medicare benefit paid for services performed by a medicare service provider  expressed in australian dollars. | Benefit paid","Direct match on generated dataset + variable name in inst/plida_metadata/variables.csv.",""
"dhda-health","MBS","2020","BILLTYPECD","character",74440,"direct_plida_dataset_variable","MBS","BILLTYPECD","madipge-mbs-d-claims-2006 | madipge-mbs-d-claims-2007 | madipge-mbs-d-claims-2008 | madipge-mbs-d-claims-2009 | madipge-mbs-d-claims-2010 | madipge-mbs-d-claims-2011 | madipge-mbs-d-claims-2012 | madipge-mbs-d-claims-2013 | madipge-mbs-d-claims-2014 | madipge-mbs-d-claims-2015 | madipge-mbs-d-claims-2016 | madipge-mbs-d-claims-2017 | madipge-mbs-d-claims-2018 | madipge-mbs-d-claims-2019 | madipge-mbs-d-claims-2020 | madipge-mbs-d-claims-2021 | madipge-mbs-d-claims-2022 | madipge-mbs-d-claims-2023 | madipge-mbs-d-claims-2024 | madipge-mbs-d-claims-2025","The type of medicare billing issued for the provided service  as represented by a code. code d is for direct billed (bulk billed). code p is for patient billed. | Bulk-billing flag","Direct match on generated dataset + variable name in inst/plida_metadata/variables.csv.",""
"dhda-health","MBS","2020","BTOS","character",74440,"direct_plida_dataset_variable","MBS","BTOS","madipge-mbs-d-claims-2006 | madipge-mbs-d-claims-2007 | madipge-mbs-d-claims-2008 | madipge-mbs-d-claims-2009 | madipge-mbs-d-claims-2010 | madipge-mbs-d-claims-2011 | madipge-mbs-d-claims-2012 | madipge-mbs-d-claims-2013 | madipge-mbs-d-claims-2014 | madipge-mbs-d-claims-2015 | madipge-mbs-d-claims-2016 | madipge-mbs-d-claims-2017 | madipge-mbs-d-claims-2018 | madipge-mbs-d-claims-2019 | madipge-mbs-d-claims-2020 | madipge-mbs-d-claims-2021 | madipge-mbs-d-claims-2022 | madipge-mbs-d-claims-2023 | madipge-mbs-d-claims-2024 | madipge-mbs-d-claims-2025","Broad classifications of the mbs used for reporting. the categories for the broad type of service (btos) hierarchy in reporting order  as represented by a code. | Broad Type of Service","Direct match on generated dataset + variable name in inst/plida_metadata/variables.csv.",""
"dhda-health","MBS","2020","DOP","Date",74440,"direct_plida_dataset_variable","MBS","DOP","madipge-mbs-d-claims-2006 | madipge-mbs-d-claims-2007 | madipge-mbs-d-claims-2008 | madipge-mbs-d-claims-2009 | madipge-mbs-d-claims-2010 | madipge-mbs-d-claims-2011 | madipge-mbs-d-claims-2012 | madipge-mbs-d-claims-2013 | madipge-mbs-d-claims-2014 | madipge-mbs-d-claims-2015 | madipge-mbs-d-claims-2016 | madipge-mbs-d-claims-2017 | madipge-mbs-d-claims-2018 | madipge-mbs-d-claims-2019 | madipge-mbs-d-claims-2020 | madipge-mbs-d-claims-2021 | madipge-mbs-d-claims-2022 | madipge-mbs-d-claims-2023 | madipge-mbs-d-claims-2024 | madipge-mbs-d-claims-2025","The date in which the mbs item was processed. | Date of processing","Direct match on generated dataset + variable name in inst/plida_metadata/variables.csv.",""
"dhda-health","MBS","2020","DOS","Date",74440,"direct_plida_dataset_variable","MBS","DOS","madipge-mbs-d-claims-2006 | madipge-mbs-d-claims-2007 | madipge-mbs-d-claims-2008 | madipge-mbs-d-claims-2009 | madipge-mbs-d-claims-2010 | madipge-mbs-d-claims-2011 | madipge-mbs-d-claims-2012 | madipge-mbs-d-claims-2013 | madipge-mbs-d-claims-2014 | madipge-mbs-d-claims-2015 | madipge-mbs-d-claims-2016 | madipge-mbs-d-claims-2017 | madipge-mbs-d-claims-2018 | madipge-mbs-d-claims-2019 | madipge-mbs-d-claims-2020 | madipge-mbs-d-claims-2021 | madipge-mbs-d-claims-2022 | madipge-mbs-d-claims-2023 | madipge-mbs-d-claims-2024 | madipge-mbs-d-claims-2025","The date on which the medicare service provider performed the medicare claimable service. the date of service is entered during claims processing and is mandatory for processing patient claims. | Date of service","Direct match on generated dataset + variable name in inst/plida_metadata/variables.csv.",""
"dhda-health","MBS","2020","ENRPC","character",74440,"direct_plida_dataset_variable","MBS","ENRPC","madipge-mbs-d-claims-2006 | madipge-mbs-d-claims-2007 | madipge-mbs-d-claims-2008 | madipge-mbs-d-claims-2009 | madipge-mbs-d-claims-2010 | madipge-mbs-d-claims-2011 | madipge-mbs-d-claims-2012 | madipge-mbs-d-claims-2013 | madipge-mbs-d-claims-2014 | madipge-mbs-d-claims-2015 | madipge-mbs-d-claims-2016 | madipge-mbs-d-claims-2017 | madipge-mbs-d-claims-2018 | madipge-mbs-d-claims-2019 | madipge-mbs-d-claims-2020 | madipge-mbs-d-claims-2021 | madipge-mbs-d-claims-2022 | madipge-mbs-d-claims-2023 | madipge-mbs-d-claims-2024 | madipge-mbs-d-claims-2025","The australian numeric descriptor for a postal delivery area for an address.note: patient demographics (date of birth  sex  address) are sourced from the medicare enrolment file at the time the claim was processed. these demographics may change over time. patients may change address. sex and date of birth may be updated if the enrolment record is found to be in error. | Patient postcode","Direct match on generated dataset + variable name in inst/plida_metadata/variables.csv.",""
"dhda-health","MBS","2020","FEECHARGED","numeric",74440,"direct_plida_dataset_variable","MBS","FEECHARGED","madipge-mbs-d-claims-2006 | madipge-mbs-d-claims-2007 | madipge-mbs-d-claims-2008 | madipge-mbs-d-claims-2009 | madipge-mbs-d-claims-2010 | madipge-mbs-d-claims-2011 | madipge-mbs-d-claims-2012 | madipge-mbs-d-claims-2013 | madipge-mbs-d-claims-2014 | madipge-mbs-d-claims-2015 | madipge-mbs-d-claims-2016 | madipge-mbs-d-claims-2017 | madipge-mbs-d-claims-2018 | madipge-mbs-d-claims-2019 | madipge-mbs-d-claims-2020 | madipge-mbs-d-claims-2021 | madipge-mbs-d-claims-2022 | madipge-mbs-d-claims-2023 | madipge-mbs-d-claims-2024 | madipge-mbs-d-claims-2025","The total amount charged as contained on accounts submitted by the practitioner to claim payment for a service provided  expressed in australian dollars. | Fee charged","Direct match on generated dataset + variable name in inst/plida_metadata/variables.csv.",""
"dhda-health","MBS","2020","INHOSPITAL","character",74440,"direct_plida_dataset_variable","MBS","INHOSPITAL","madipge-mbs-d-claims-2006 | madipge-mbs-d-claims-2007 | madipge-mbs-d-claims-2008 | madipge-mbs-d-claims-2009 | madipge-mbs-d-claims-2010 | madipge-mbs-d-claims-2011 | madipge-mbs-d-claims-2012 | madipge-mbs-d-claims-2013 | madipge-mbs-d-claims-2014 | madipge-mbs-d-claims-2015 | madipge-mbs-d-claims-2016 | madipge-mbs-d-claims-2017 | madipge-mbs-d-claims-2018 | madipge-mbs-d-claims-2019 | madipge-mbs-d-claims-2020 | madipge-mbs-d-claims-2021 | madipge-mbs-d-claims-2022 | madipge-mbs-d-claims-2023 | madipge-mbs-d-claims-2024 | madipge-mbs-d-claims-2025","An indicator for services involving private patients in public or private hospitals or approved day hospitals  or hospital substitute services (benefits based on 75% of the schedule fee and identified with the letter 'y').note: services to public patients in hospital  services in public accident and emergency departments and services in public outpatient departments  are funded under state and federal government public hospital funding arrangements  and do not involve the payment of medicare benefits. | Hospital flag","Direct match on generated dataset + variable name in inst/plida_metadata/variables.csv.",""
"dhda-health","MBS","2020","ITEM","character",74440,"direct_plida_dataset_variable","MBS","ITEM","madipge-mbs-d-claims-2006 | madipge-mbs-d-claims-2007 | madipge-mbs-d-claims-2008 | madipge-mbs-d-claims-2009 | madipge-mbs-d-claims-2010 | madipge-mbs-d-claims-2011 | madipge-mbs-d-claims-2012 | madipge-mbs-d-claims-2013 | madipge-mbs-d-claims-2014 | madipge-mbs-d-claims-2015 | madipge-mbs-d-claims-2016 | madipge-mbs-d-claims-2017 | madipge-mbs-d-claims-2018 | madipge-mbs-d-claims-2019 | madipge-mbs-d-claims-2020 | madipge-mbs-d-claims-2021 | madipge-mbs-d-claims-2022 | madipge-mbs-d-claims-2023 | madipge-mbs-d-claims-2024 | madipge-mbs-d-claims-2025","Latest mbs item number for the aggregate item. | Current item number","Direct match on generated dataset + variable name in inst/plida_metadata/variables.csv.",""
"dhda-health","MBS","2020","MBSCAT","integer",74440,"direct_plida_dataset_variable","MBS","MBSCAT","madipge-mbs-d-claims-2006 | madipge-mbs-d-claims-2007 | madipge-mbs-d-claims-2008 | madipge-mbs-d-claims-2009 | madipge-mbs-d-claims-2010 | madipge-mbs-d-claims-2011 | madipge-mbs-d-claims-2012 | madipge-mbs-d-claims-2013 | madipge-mbs-d-claims-2014 | madipge-mbs-d-claims-2015 | madipge-mbs-d-claims-2016 | madipge-mbs-d-claims-2017 | madipge-mbs-d-claims-2018 | madipge-mbs-d-claims-2019 | madipge-mbs-d-claims-2020 | madipge-mbs-d-claims-2021 | madipge-mbs-d-claims-2022 | madipge-mbs-d-claims-2023 | madipge-mbs-d-claims-2024 | madipge-mbs-d-claims-2025","The categories which represent the service events within the mbs  as represented by a code. | MBS category","Direct match on generated dataset + variable name in inst/plida_metadata/variables.csv.",""
"dhda-health","MBS","2020","MBSGROUP","character",74440,"direct_plida_dataset_variable","MBS","MBSGROUP","madipge-mbs-d-claims-2006 | madipge-mbs-d-claims-2007 | madipge-mbs-d-claims-2008 | madipge-mbs-d-claims-2009 | madipge-mbs-d-claims-2010 | madipge-mbs-d-claims-2011 | madipge-mbs-d-claims-2012 | madipge-mbs-d-claims-2013 | madipge-mbs-d-claims-2014 | madipge-mbs-d-claims-2015 | madipge-mbs-d-claims-2016 | madipge-mbs-d-claims-2017 | madipge-mbs-d-claims-2018 | madipge-mbs-d-claims-2019 | madipge-mbs-d-claims-2020 | madipge-mbs-d-claims-2021 | madipge-mbs-d-claims-2022 | madipge-mbs-d-claims-2023 | madipge-mbs-d-claims-2024 | madipge-mbs-d-claims-2025","The groups which represent the service events within the mbs  as represented by a code. | MBS group","Direct match on generated dataset + variable name in inst/plida_metadata/variables.csv.",""
"dhda-health","MBS","2020","MBSSUBGROUP","character",74440,"direct_plida_dataset_variable","MBS","MBSSUBGROUP","madipge-mbs-d-claims-2006 | madipge-mbs-d-claims-2007 | madipge-mbs-d-claims-2008 | madipge-mbs-d-claims-2009 | madipge-mbs-d-claims-2010 | madipge-mbs-d-claims-2011 | madipge-mbs-d-claims-2012 | madipge-mbs-d-claims-2013 | madipge-mbs-d-claims-2014 | madipge-mbs-d-claims-2015 | madipge-mbs-d-claims-2016 | madipge-mbs-d-claims-2017 | madipge-mbs-d-claims-2018 | madipge-mbs-d-claims-2019 | madipge-mbs-d-claims-2020 | madipge-mbs-d-claims-2021 | madipge-mbs-d-claims-2022 | madipge-mbs-d-claims-2023 | madipge-mbs-d-claims-2024 | madipge-mbs-d-claims-2025","The subgroups which represent the service events within the mbs  as represented by a code. | MBS subgroup","Direct match on generated dataset + variable name in inst/plida_metadata/variables.csv.",""
"dhda-health","MBS","2020","NUMSERV","integer",74440,"direct_plida_dataset_variable","MBS","NUMSERV","madipge-mbs-d-claims-2006 | madipge-mbs-d-claims-2007 | madipge-mbs-d-claims-2008 | madipge-mbs-d-claims-2009 | madipge-mbs-d-claims-2010 | madipge-mbs-d-claims-2011 | madipge-mbs-d-claims-2012 | madipge-mbs-d-claims-2013 | madipge-mbs-d-claims-2014 | madipge-mbs-d-claims-2015 | madipge-mbs-d-claims-2016 | madipge-mbs-d-claims-2017 | madipge-mbs-d-claims-2018 | madipge-mbs-d-claims-2019 | madipge-mbs-d-claims-2020 | madipge-mbs-d-claims-2021 | madipge-mbs-d-claims-2022 | madipge-mbs-d-claims-2023 | madipge-mbs-d-claims-2024 | madipge-mbs-d-claims-2025","The total number of medicare services that are provided by a registered medicare service provider for items in the mbs for which a claim has been processed. it does not include services which can only be claimed in conjunction with other items  such as bulk-billing incentive items and modifier items. | Number of services provided","Direct match on generated dataset + variable name in inst/plida_metadata/variables.csv.",""
"dhda-health","MBS","2020","RPDATE","Date",74440,"direct_plida_dataset_variable","MBS","RPDATE","madipge-mbs-d-claims-2006 | madipge-mbs-d-claims-2007 | madipge-mbs-d-claims-2008 | madipge-mbs-d-claims-2009 | madipge-mbs-d-claims-2010 | madipge-mbs-d-claims-2011 | madipge-mbs-d-claims-2012 | madipge-mbs-d-claims-2013 | madipge-mbs-d-claims-2014 | madipge-mbs-d-claims-2015 | madipge-mbs-d-claims-2016 | madipge-mbs-d-claims-2017 | madipge-mbs-d-claims-2018 | madipge-mbs-d-claims-2019 | madipge-mbs-d-claims-2020 | madipge-mbs-d-claims-2021 | madipge-mbs-d-claims-2022 | madipge-mbs-d-claims-2023 | madipge-mbs-d-claims-2024 | madipge-mbs-d-claims-2025","Referral date. | Referring date","Direct match on generated dataset + variable name in inst/plida_metadata/variables.csv.",""
"dhda-health","MBS","2020","RPRPC","character",74440,"direct_plida_dataset_variable","MBS","RPRPC","madipge-mbs-d-claims-2006 | madipge-mbs-d-claims-2007 | madipge-mbs-d-claims-2008 | madipge-mbs-d-claims-2009 | madipge-mbs-d-claims-2010 | madipge-mbs-d-claims-2011 | madipge-mbs-d-claims-2012 | madipge-mbs-d-claims-2013 | madipge-mbs-d-claims-2014 | madipge-mbs-d-claims-2015 | madipge-mbs-d-claims-2016 | madipge-mbs-d-claims-2017 | madipge-mbs-d-claims-2018 | madipge-mbs-d-claims-2019 | madipge-mbs-d-claims-2020 | madipge-mbs-d-claims-2021 | madipge-mbs-d-claims-2022 | madipge-mbs-d-claims-2023 | madipge-mbs-d-claims-2024 | madipge-mbs-d-claims-2025","The australian numeric descriptor for a postal delivery area for an address. | Referring provider practice postcode","Direct match on generated dataset + variable name in inst/plida_metadata/variables.csv.",""
"dhda-health","MBS","2020","RPRPRAC","character",74440,"direct_plida_dataset_variable","MBS","RPRPRAC","madipge-mbs-d-claims-2006 | madipge-mbs-d-claims-2007 | madipge-mbs-d-claims-2008 | madipge-mbs-d-claims-2009 | madipge-mbs-d-claims-2010 | madipge-mbs-d-claims-2011 | madipge-mbs-d-claims-2012 | madipge-mbs-d-claims-2013 | madipge-mbs-d-claims-2014 | madipge-mbs-d-claims-2015 | madipge-mbs-d-claims-2016 | madipge-mbs-d-claims-2017 | madipge-mbs-d-claims-2018 | madipge-mbs-d-claims-2019 | madipge-mbs-d-claims-2020 | madipge-mbs-d-claims-2021 | madipge-mbs-d-claims-2022 | madipge-mbs-d-claims-2023 | madipge-mbs-d-claims-2024 | madipge-mbs-d-claims-2025","A unique alphanumeric identifier for the practice site of the medicare service provider who requested further care  services or treatment. | Referring provider practice location ID","Direct match on generated dataset + variable name in inst/plida_metadata/variables.csv.",""
"dhda-health","MBS","2020","SCHEDFEE","numeric",74440,"direct_plida_dataset_variable","MBS","SCHEDFEE","madipge-mbs-d-claims-2006 | madipge-mbs-d-claims-2007 | madipge-mbs-d-claims-2008 | madipge-mbs-d-claims-2009 | madipge-mbs-d-claims-2010 | madipge-mbs-d-claims-2011 | madipge-mbs-d-claims-2012 | madipge-mbs-d-claims-2013 | madipge-mbs-d-claims-2014 | madipge-mbs-d-claims-2015 | madipge-mbs-d-claims-2016 | madipge-mbs-d-claims-2017 | madipge-mbs-d-claims-2018 | madipge-mbs-d-claims-2019 | madipge-mbs-d-claims-2020 | madipge-mbs-d-claims-2021 | madipge-mbs-d-claims-2022 | madipge-mbs-d-claims-2023 | madipge-mbs-d-claims-2024 | madipge-mbs-d-claims-2025","The fee listed in the mbs for each approved medical service  expressed in australian dollars. | Schedule fee","Direct match on generated dataset + variable name in inst/plida_metadata/variables.csv.",""
"dhda-health","MBS","2020","SCRAM_RPR","character",74440,"direct_plida_dataset_variable","MBS","SCRAM_RPR","madipge-mbs-d-claims-2006 | madipge-mbs-d-claims-2007 | madipge-mbs-d-claims-2008 | madipge-mbs-d-claims-2009 | madipge-mbs-d-claims-2010 | madipge-mbs-d-claims-2011 | madipge-mbs-d-claims-2012 | madipge-mbs-d-claims-2013 | madipge-mbs-d-claims-2014 | madipge-mbs-d-claims-2015 | madipge-mbs-d-claims-2016 | madipge-mbs-d-claims-2017 | madipge-mbs-d-claims-2018 | madipge-mbs-d-claims-2019 | madipge-mbs-d-claims-2020 | madipge-mbs-d-claims-2021 | madipge-mbs-d-claims-2022 | madipge-mbs-d-claims-2023 | madipge-mbs-d-claims-2024 | madipge-mbs-d-claims-2025","A unique numeric identifier for a medicare service provider who requested further care  services or treatment. | Referring provider ID - scrambled","Direct match on generated dataset + variable name in inst/plida_metadata/variables.csv.",""
"dhda-health","MBS","2020","SCRAM_SPR","character",74440,"direct_plida_dataset_variable","MBS","SCRAM_SPR","madipge-mbs-d-claims-2006 | madipge-mbs-d-claims-2007 | madipge-mbs-d-claims-2008 | madipge-mbs-d-claims-2009 | madipge-mbs-d-claims-2010 | madipge-mbs-d-claims-2011 | madipge-mbs-d-claims-2012 | madipge-mbs-d-claims-2013 | madipge-mbs-d-claims-2014 | madipge-mbs-d-claims-2015 | madipge-mbs-d-claims-2016 | madipge-mbs-d-claims-2017 | madipge-mbs-d-claims-2018 | madipge-mbs-d-claims-2019 | madipge-mbs-d-claims-2020 | madipge-mbs-d-claims-2021 | madipge-mbs-d-claims-2022 | madipge-mbs-d-claims-2023 | madipge-mbs-d-claims-2024 | madipge-mbs-d-claims-2025","A unique numeric identifier for the medicare service provider to facilitate the payment of patient/provider claims  stored as a number. | Service provider ID - scrambled","Direct match on generated dataset + variable name in inst/plida_metadata/variables.csv.",""
"dhda-health","MBS","2020","SPR_RSP","character",74440,"direct_plida_dataset_variable","MBS","SPR_RSP","madipge-mbs-d-claims-2006 | madipge-mbs-d-claims-2007 | madipge-mbs-d-claims-2008 | madipge-mbs-d-claims-2009 | madipge-mbs-d-claims-2010 | madipge-mbs-d-claims-2011 | madipge-mbs-d-claims-2012 | madipge-mbs-d-claims-2013 | madipge-mbs-d-claims-2014 | madipge-mbs-d-claims-2015 | madipge-mbs-d-claims-2016 | madipge-mbs-d-claims-2017 | madipge-mbs-d-claims-2018 | madipge-mbs-d-claims-2019 | madipge-mbs-d-claims-2020 | madipge-mbs-d-claims-2021 | madipge-mbs-d-claims-2022 | madipge-mbs-d-claims-2023 | madipge-mbs-d-claims-2024 | madipge-mbs-d-claims-2025","The registered specialty of the authorised health professional who provided the service  as represented by a code.  where a health professional has multiple registered specialties  the code is the one that was relevant in assessing the claim.  this specialty may not be a health professional's major specialty. | Service provider registered specialty","Direct match on generated dataset + variable name in inst/plida_metadata/variables.csv.",""
"dhda-health","MBS","2020","SPRPC","character",74440,"direct_plida_dataset_variable","MBS","SPRPC","madipge-mbs-d-claims-2006 | madipge-mbs-d-claims-2007 | madipge-mbs-d-claims-2008 | madipge-mbs-d-claims-2009 | madipge-mbs-d-claims-2010 | madipge-mbs-d-claims-2011 | madipge-mbs-d-claims-2012 | madipge-mbs-d-claims-2013 | madipge-mbs-d-claims-2014 | madipge-mbs-d-claims-2015 | madipge-mbs-d-claims-2016 | madipge-mbs-d-claims-2017 | madipge-mbs-d-claims-2018 | madipge-mbs-d-claims-2019 | madipge-mbs-d-claims-2020 | madipge-mbs-d-claims-2021 | madipge-mbs-d-claims-2022 | madipge-mbs-d-claims-2023 | madipge-mbs-d-claims-2024 | madipge-mbs-d-claims-2025","The australian numeric descriptor for a postal delivery area for an address. | Service provider practice postcode","Direct match on generated dataset + variable name in inst/plida_metadata/variables.csv.",""
"dhda-health","MBS","2020","SPRPRAC","character",74440,"direct_plida_dataset_variable","MBS","SPRPRAC","madipge-mbs-d-claims-2006 | madipge-mbs-d-claims-2007 | madipge-mbs-d-claims-2008 | madipge-mbs-d-claims-2009 | madipge-mbs-d-claims-2010 | madipge-mbs-d-claims-2011 | madipge-mbs-d-claims-2012 | madipge-mbs-d-claims-2013 | madipge-mbs-d-claims-2014 | madipge-mbs-d-claims-2015 | madipge-mbs-d-claims-2016 | madipge-mbs-d-claims-2017 | madipge-mbs-d-claims-2018 | madipge-mbs-d-claims-2019 | madipge-mbs-d-claims-2020 | madipge-mbs-d-claims-2021 | madipge-mbs-d-claims-2022 | madipge-mbs-d-claims-2023 | madipge-mbs-d-claims-2024 | madipge-mbs-d-claims-2025","A unique alphanumeric identifier for a medicare service provider's location  which may be the place of a providers practice or the place of equipment. | Service provider practice location ID","Direct match on generated dataset + variable name in inst/plida_metadata/variables.csv.",""
"dhda-health","MBS","2020","SYNTHETIC_AEUID","character",74440,"direct_plida_dataset_variable","MBS","SYNTHETIC_AEUID","madipge-mbs-d-claims-2006 | madipge-mbs-d-claims-2007 | madipge-mbs-d-claims-2008 | madipge-mbs-d-claims-2009 | madipge-mbs-d-claims-2010 | madipge-mbs-d-claims-2011 | madipge-mbs-d-claims-2012 | madipge-mbs-d-claims-2013 | madipge-mbs-d-claims-2014 | madipge-mbs-d-claims-2015 | madipge-mbs-d-claims-2016 | madipge-mbs-d-claims-2017 | madipge-mbs-d-claims-2018 | madipge-mbs-d-claims-2019 | madipge-mbs-d-claims-2020 | madipge-mbs-d-claims-2021 | madipge-mbs-d-claims-2022 | madipge-mbs-d-claims-2023 | madipge-mbs-d-claims-2024 | madipge-mbs-d-claims-2025","Synthetic MADIP Person ID | Synthetic id of individual person on dataset","Direct match on generated dataset + variable name in inst/plida_metadata/variables.csv.",""
"dhda-health","MCD","MCD","ADR_TYP","character",4843,"direct_plida_dataset_variable","MCD","ADR_TYP","madipge-mcd-d-enrolments-06-current","Address type","Direct match on generated dataset + variable name in inst/plida_metadata/variables.csv.",""
"dhda-health","MCD","MCD","CNPGM_ETM_CDE","character",4843,"direct_plida_dataset_variable","MCD","CNPGM_ETM_CDE","madipge-mcd-d-enrolments-06-current","Entitlement type | Entitlement code","Direct match on generated dataset + variable name in inst/plida_metadata/variables.csv.",""
"dhda-health","MCD","MCD","CNSMR_STS","Date",4843,"direct_plida_dataset_variable","MCD","CNSMR_STS","madipge-mcd-d-enrolments-06-current","Consumer start date","Direct match on generated dataset + variable name in inst/plida_metadata/variables.csv.",""
"dhda-health","MCD","MCD","MONTH_OF_BIRTH","integer",4843,"direct_plida_dataset_variable","MCD","MONTH_OF_BIRTH","madipge-mcd-d-enrolments-06-current","Month of birth","Direct match on generated dataset + variable name in inst/plida_metadata/variables.csv.",""
"dhda-health","MCD","MCD","MONTH_OF_DEATH","integer",4843,"direct_plida_dataset_variable","MCD","MONTH_OF_DEATH","madipge-mcd-d-enrolments-06-current","Month of Death","Direct match on generated dataset + variable name in inst/plida_metadata/variables.csv.",""
"dhda-health","MCD","MCD","SEX","character",4843,"direct_plida_dataset_variable","MCD","SEX","madipge-mcd-d-enrolments-06-current","Sex","Direct match on generated dataset + variable name in inst/plida_metadata/variables.csv.",""
"dhda-health","MCD","MCD","STATE_ASGS_2021","integer",4843,"direct_plida_dataset_variable","MCD","STATE_ASGS_2021","madipge-mcd-d-enrolments-06-current","State (number)","Direct match on generated dataset + variable name in inst/plida_metadata/variables.csv.",""
"dhda-health","MCD","MCD","SYNTHETIC_AEUID","character",4843,"direct_plida_dataset_variable","MCD","SYNTHETIC_AEUID","madipge-mcd-d-enrolments-06-current","Synthetic MADIP Person ID | Scrambled pin","Direct match on generated dataset + variable name in inst/plida_metadata/variables.csv.",""
"dhda-health","MCD","MCD","YEAR_OF_BIRTH","integer",4843,"direct_plida_dataset_variable","MCD","YEAR_OF_BIRTH","madipge-mcd-d-enrolments-06-current","Year of birth","Direct match on generated dataset + variable name in inst/plida_metadata/variables.csv.",""
"dhda-health","MCD","MCD","YEAR_OF_DEATH","integer",4843,"direct_plida_dataset_variable","MCD","YEAR_OF_DEATH","madipge-mcd-d-enrolments-06-current","Year of Death","Direct match on generated dataset + variable name in inst/plida_metadata/variables.csv.",""
"dhda-health","NACDC","NACDC","BIRTH_MONTH","integer",167,"direct_plida_dataset_variable","NACDC","BIRTH_MONTH","madipge-aged-care-d-agedrecipient-15-current | madipge-aged-care-d-chsp-16-current","Person's month of birth.","Direct match on generated dataset + variable name in inst/plida_metadata/variables.csv.",""
"dhda-health","NACDC","NACDC","BIRTH_YEAR","integer",167,"direct_plida_dataset_variable","NACDC","BIRTH_YEAR","madipge-aged-care-d-agedrecipient-15-current | madipge-aged-care-d-chsp-16-current","Year of birth","Direct match on generated dataset + variable name in inst/plida_metadata/variables.csv.",""
"dhda-health","NACDC","NACDC","CARE_TYPE","character",167,"manual_same_dataset_plida_concept_match","NACDC","SERVICE_APPROVAL_CARE_TYPE","madipge-aged-care-d-agedservice-15-current","The type of care the aged care service is approved for  as represented by text.","Manual same-dataset concept crosswalk to local PLIDA metadata variable; generated name is compact/simplified and is not asserted to be an official source variable name.","Generated CHSP/HCP/RAC/TCP label is a compact local service-family field; local metadata contains approved-care/service-type variables, not this exact generated name."
"dhda-health","NACDC","NACDC","COUNTRY_OF_BIRTH","integer",167,"manual_same_dataset_plida_concept_match","NACDC","COUNTRY_OF_BIRTH_CODE","madipge-aged-care-d-agedrecipient-15-current","Student's country of birth (code).","Manual same-dataset concept crosswalk to local PLIDA metadata variable; generated name is compact/simplified and is not asserted to be an official source variable name.","Generated compact demographic/code name maps to same-dataset NACDC metadata variable."
"dhda-health","NACDC","NACDC","ENTRY_DATE","Date",167,"direct_plida_dataset_variable","NACDC","ENTRY_DATE","madipge-aged-care-d-hcp-15-current | madipge-aged-care-d-rac-15-current | madipge-aged-care-d-tcp-15-current","Date the recipient entered into the program","Direct match on generated dataset + variable name in inst/plida_metadata/variables.csv.",""
"dhda-health","NACDC","NACDC","EXIT_DATE","Date",167,"direct_plida_dataset_variable","NACDC","EXIT_DATE","madipge-aged-care-d-hcp-15-current | madipge-aged-care-d-rac-15-current | madipge-aged-care-d-tcp-15-current","Date of exit of recipient from a service facility","Direct match on generated dataset + variable name in inst/plida_metadata/variables.csv.",""
"dhda-health","NACDC","NACDC","FUNCTIONAL_CAPACITY_SCORE","numeric",167,"manual_same_dataset_plida_concept_match","NACDC","FUNCTIONAL_CAPACITY_ENTRY","madipge-aged-care-d-tcp-15-current","Functional capacity score (between 0-100) of the recipient at time of entry to transition care","Manual same-dataset concept crosswalk to local PLIDA metadata variable; generated name is compact/simplified and is not asserted to be an official source variable name.","Generated single functional-capacity score maps conceptually to transition-care entry functional capacity in local metadata."
"dhda-health","NACDC","NACDC","HCP_LEVEL","integer",167,"manual_same_dataset_plida_concept_match","NACDC","CARE_APPROVAL_LEVEL","madipge-aged-care-d-hcp-15-current","The level of care the person is approved to receive  as represented by text.","Manual same-dataset concept crosswalk to local PLIDA metadata variable; generated name is compact/simplified and is not asserted to be an official source variable name.","Generated compact demographic/code name maps to same-dataset NACDC metadata variable."
"dhda-health","NACDC","NACDC","INDIGENOUS_STATUS","character",167,"external_source_concept_not_source_equivalent","NACDC","indigenous_status_code","NACDC May 2026 table specifications workbook","Public NACDC May 2026 table specifications include Indigenous-status concepts such as INDIGENOUS_STATUS_CODE with detailed Aboriginal and Torres Strait Islander categories.","External NACDC source concept found, but the current generated field is a local binary Y/N collapse from the package spine, not a same-dataset local PLIDA variable or source-equivalent NACDC code.","Use as implementation-only binary Indigenous-status field. Official/public NACDC items use multi-category Indigenous-status codes rather than the generated Y/N domain."
"dhda-health","NACDC","NACDC","MARITAL_STATUS","character",167,"manual_same_dataset_plida_concept_match","NACDC","MARITAL_STATUS_CODE","madipge-aged-care-d-agedrecipient-15-current","Marital status of the recipient (at time of assessment)","Manual same-dataset concept crosswalk to local PLIDA metadata variable; generated name is compact/simplified and is not asserted to be an official source variable name.","Generated compact demographic/code name maps to same-dataset NACDC metadata variable."
"dhda-health","NACDC","NACDC","SEX","character",167,"manual_same_dataset_plida_concept_match","NACDC","SEX_CODE","madipge-aged-care-d-agedrecipient-15-current","The sex of the person  as represented by a code.","Manual same-dataset concept crosswalk to local PLIDA metadata variable; generated name is compact/simplified and is not asserted to be an official source variable name.","Generated compact demographic/code name maps to same-dataset NACDC metadata variable."
"dhda-health","NACDC","NACDC","STATE","integer",167,"manual_same_dataset_plida_concept_match","NACDC","RECIPIENT_STATE","madipge-aged-care-d-agedrecipient-15-current","State of recipient","Manual same-dataset concept crosswalk to local PLIDA metadata variable; generated name is compact/simplified and is not asserted to be an official source variable name.","Generated compact demographic/code name maps to same-dataset NACDC metadata variable."
"dhda-health","NACDC","NACDC","SYNTHETIC_AEUID","character",167,"direct_plida_dataset_variable","NACDC","SYNTHETIC_AEUID","madipge-aged-care-d-agedrecipient-15-current | madipge-aged-care-d-chsp-16-current | madipge-aged-care-d-hcp-15-current | madipge-aged-care-d-rac-15-current | madipge-aged-care-d-tcp-15-current","Synthetic MADIP Person ID","Direct match on generated dataset + variable name in inst/plida_metadata/variables.csv.",""
"dhda-health","PBS","2020","BNFT_AMT","numeric",48176,"direct_plida_dataset_variable","PBS","BNFT_AMT","madipge-pbs-d-prescriptions-2006 | madipge-pbs-d-prescriptions-2007 | madipge-pbs-d-prescriptions-2008 | madipge-pbs-d-prescriptions-2009 | madipge-pbs-d-prescriptions-2010 | madipge-pbs-d-prescriptions-2011 | madipge-pbs-d-prescriptions-2012 | madipge-pbs-d-prescriptions-2013 | madipge-pbs-d-prescriptions-2014 | madipge-pbs-d-prescriptions-2015 | madipge-pbs-d-prescriptions-2016 | madipge-pbs-d-prescriptions-2017 | madipge-pbs-d-prescriptions-2018 | madipge-pbs-d-prescriptions-2019 | madipge-pbs-d-prescriptions-2020 | madipge-pbs-d-prescriptions-2021 | madipge-pbs-d-prescriptions-2022 | madipge-pbs-d-prescriptions-2023 | madipge-pbs-d-prescriptions-2024 | madipge-pbs-d-prescriptions-2025","Benefit amount","Direct match on generated dataset + variable name in inst/plida_metadata/variables.csv.",""
"dhda-health","PBS","2020","CTG_BNFT_AMT","numeric",48176,"direct_plida_dataset_variable","PBS","CTG_BNFT_AMT","madipge-pbs-d-prescriptions-2006 | madipge-pbs-d-prescriptions-2007 | madipge-pbs-d-prescriptions-2008 | madipge-pbs-d-prescriptions-2009 | madipge-pbs-d-prescriptions-2010 | madipge-pbs-d-prescriptions-2011 | madipge-pbs-d-prescriptions-2012 | madipge-pbs-d-prescriptions-2013 | madipge-pbs-d-prescriptions-2014 | madipge-pbs-d-prescriptions-2015 | madipge-pbs-d-prescriptions-2016 | madipge-pbs-d-prescriptions-2017 | madipge-pbs-d-prescriptions-2018 | madipge-pbs-d-prescriptions-2019 | madipge-pbs-d-prescriptions-2020 | madipge-pbs-d-prescriptions-2021 | madipge-pbs-d-prescriptions-2022 | madipge-pbs-d-prescriptions-2023 | madipge-pbs-d-prescriptions-2024 | madipge-pbs-d-prescriptions-2025","Closing the gap benefit amount | Closing the Gap benefit amount","Direct match on generated dataset + variable name in inst/plida_metadata/variables.csv.",""
"dhda-health","PBS","2020","CTG_CD","character",48176,"direct_plida_dataset_variable","PBS","CTG_CD","madipge-pbs-d-prescriptions-2006 | madipge-pbs-d-prescriptions-2007 | madipge-pbs-d-prescriptions-2008 | madipge-pbs-d-prescriptions-2009 | madipge-pbs-d-prescriptions-2010 | madipge-pbs-d-prescriptions-2011 | madipge-pbs-d-prescriptions-2012 | madipge-pbs-d-prescriptions-2013 | madipge-pbs-d-prescriptions-2014 | madipge-pbs-d-prescriptions-2015 | madipge-pbs-d-prescriptions-2016 | madipge-pbs-d-prescriptions-2017 | madipge-pbs-d-prescriptions-2018 | madipge-pbs-d-prescriptions-2019 | madipge-pbs-d-prescriptions-2020 | madipge-pbs-d-prescriptions-2021 | madipge-pbs-d-prescriptions-2022 | madipge-pbs-d-prescriptions-2023 | madipge-pbs-d-prescriptions-2024 | madipge-pbs-d-prescriptions-2025","Closing the gap co-payment eligibility indicator | Closing the Gap co-payment eligibility indicator","Direct match on generated dataset + variable name in inst/plida_metadata/variables.csv.",""
"dhda-health","PBS","2020","DRG_TYP_CD","character",48176,"direct_plida_dataset_variable","PBS","DRG_TYP_CD","madipge-pbs-d-prescriptions-2006 | madipge-pbs-d-prescriptions-2007 | madipge-pbs-d-prescriptions-2008 | madipge-pbs-d-prescriptions-2009 | madipge-pbs-d-prescriptions-2010 | madipge-pbs-d-prescriptions-2011 | madipge-pbs-d-prescriptions-2012 | madipge-pbs-d-prescriptions-2013 | madipge-pbs-d-prescriptions-2014 | madipge-pbs-d-prescriptions-2015 | madipge-pbs-d-prescriptions-2016 | madipge-pbs-d-prescriptions-2017 | madipge-pbs-d-prescriptions-2018 | madipge-pbs-d-prescriptions-2019 | madipge-pbs-d-prescriptions-2020 | madipge-pbs-d-prescriptions-2021 | madipge-pbs-d-prescriptions-2022 | madipge-pbs-d-prescriptions-2023 | madipge-pbs-d-prescriptions-2024 | madipge-pbs-d-prescriptions-2025","Type of drug supplied - broad category code","Direct match on generated dataset + variable name in inst/plida_metadata/variables.csv.",""
"dhda-health","PBS","2020","EXTRCT_DT","Date",48176,"direct_plida_dataset_variable","PBS","EXTRCT_DT","madipge-pbs-d-prescriptions-2006 | madipge-pbs-d-prescriptions-2007 | madipge-pbs-d-prescriptions-2008 | madipge-pbs-d-prescriptions-2009 | madipge-pbs-d-prescriptions-2010 | madipge-pbs-d-prescriptions-2011 | madipge-pbs-d-prescriptions-2012 | madipge-pbs-d-prescriptions-2013 | madipge-pbs-d-prescriptions-2014 | madipge-pbs-d-prescriptions-2015 | madipge-pbs-d-prescriptions-2016 | madipge-pbs-d-prescriptions-2017 | madipge-pbs-d-prescriptions-2018 | madipge-pbs-d-prescriptions-2019 | madipge-pbs-d-prescriptions-2020 | madipge-pbs-d-prescriptions-2021 | madipge-pbs-d-prescriptions-2022 | madipge-pbs-d-prescriptions-2023 | madipge-pbs-d-prescriptions-2024 | madipge-pbs-d-prescriptions-2025","Date of processing","Direct match on generated dataset + variable name in inst/plida_metadata/variables.csv.",""
"dhda-health","PBS","2020","ITM_CD","character",48176,"direct_plida_dataset_variable","PBS","ITM_CD","madipge-pbs-d-prescriptions-2006 | madipge-pbs-d-prescriptions-2007 | madipge-pbs-d-prescriptions-2008 | madipge-pbs-d-prescriptions-2009 | madipge-pbs-d-prescriptions-2010 | madipge-pbs-d-prescriptions-2011 | madipge-pbs-d-prescriptions-2012 | madipge-pbs-d-prescriptions-2013 | madipge-pbs-d-prescriptions-2014 | madipge-pbs-d-prescriptions-2015 | madipge-pbs-d-prescriptions-2016 | madipge-pbs-d-prescriptions-2017 | madipge-pbs-d-prescriptions-2018 | madipge-pbs-d-prescriptions-2019 | madipge-pbs-d-prescriptions-2020 | madipge-pbs-d-prescriptions-2021 | madipge-pbs-d-prescriptions-2022 | madipge-pbs-d-prescriptions-2023 | madipge-pbs-d-prescriptions-2024 | madipge-pbs-d-prescriptions-2025","Item code","Direct match on generated dataset + variable name in inst/plida_metadata/variables.csv.",""
"dhda-health","PBS","2020","MJR_SPCLTY_GRP_CD","character",48176,"direct_plida_dataset_variable","PBS","MJR_SPCLTY_GRP_CD","madipge-pbs-d-prescriptions-2006 | madipge-pbs-d-prescriptions-2007 | madipge-pbs-d-prescriptions-2008 | madipge-pbs-d-prescriptions-2009 | madipge-pbs-d-prescriptions-2010 | madipge-pbs-d-prescriptions-2011 | madipge-pbs-d-prescriptions-2012 | madipge-pbs-d-prescriptions-2013 | madipge-pbs-d-prescriptions-2014 | madipge-pbs-d-prescriptions-2015 | madipge-pbs-d-prescriptions-2016 | madipge-pbs-d-prescriptions-2017 | madipge-pbs-d-prescriptions-2018 | madipge-pbs-d-prescriptions-2019 | madipge-pbs-d-prescriptions-2020 | madipge-pbs-d-prescriptions-2021 | madipge-pbs-d-prescriptions-2022 | madipge-pbs-d-prescriptions-2023 | madipge-pbs-d-prescriptions-2024 | madipge-pbs-d-prescriptions-2025","Major specialty of prescriber","Direct match on generated dataset + variable name in inst/plida_metadata/variables.csv.",""
"dhda-health","PBS","2020","PBS_RGLTN24_ADJST_QTY","integer",48176,"direct_plida_dataset_variable","PBS","PBS_RGLTN24_ADJST_QTY","madipge-pbs-d-prescriptions-2006 | madipge-pbs-d-prescriptions-2007 | madipge-pbs-d-prescriptions-2008 | madipge-pbs-d-prescriptions-2009 | madipge-pbs-d-prescriptions-2010 | madipge-pbs-d-prescriptions-2011 | madipge-pbs-d-prescriptions-2012 | madipge-pbs-d-prescriptions-2013 | madipge-pbs-d-prescriptions-2014 | madipge-pbs-d-prescriptions-2015 | madipge-pbs-d-prescriptions-2016 | madipge-pbs-d-prescriptions-2017 | madipge-pbs-d-prescriptions-2018 | madipge-pbs-d-prescriptions-2019 | madipge-pbs-d-prescriptions-2020 | madipge-pbs-d-prescriptions-2021 | madipge-pbs-d-prescriptions-2022 | madipge-pbs-d-prescriptions-2023 | madipge-pbs-d-prescriptions-2024 | madipge-pbs-d-prescriptions-2025","Quantity supplied","Direct match on generated dataset + variable name in inst/plida_metadata/variables.csv.",""
"dhda-health","PBS","2020","PHRMCY_APPRVL_TYP_CD","character",48176,"direct_plida_dataset_variable","PBS","PHRMCY_APPRVL_TYP_CD","madipge-pbs-d-prescriptions-2006 | madipge-pbs-d-prescriptions-2007 | madipge-pbs-d-prescriptions-2008 | madipge-pbs-d-prescriptions-2009 | madipge-pbs-d-prescriptions-2010 | madipge-pbs-d-prescriptions-2011 | madipge-pbs-d-prescriptions-2012 | madipge-pbs-d-prescriptions-2013 | madipge-pbs-d-prescriptions-2014 | madipge-pbs-d-prescriptions-2015 | madipge-pbs-d-prescriptions-2016 | madipge-pbs-d-prescriptions-2017 | madipge-pbs-d-prescriptions-2018 | madipge-pbs-d-prescriptions-2019 | madipge-pbs-d-prescriptions-2020 | madipge-pbs-d-prescriptions-2021 | madipge-pbs-d-prescriptions-2022 | madipge-pbs-d-prescriptions-2023 | madipge-pbs-d-prescriptions-2024 | madipge-pbs-d-prescriptions-2025","Pharmacy approval type","Direct match on generated dataset + variable name in inst/plida_metadata/variables.csv.",""
"dhda-health","PBS","2020","PHRMCY_ID_SCRAM","character",48176,"direct_plida_dataset_variable","PBS","PHRMCY_ID_SCRAM","madipge-pbs-d-prescriptions-2006 | madipge-pbs-d-prescriptions-2007 | madipge-pbs-d-prescriptions-2008 | madipge-pbs-d-prescriptions-2009 | madipge-pbs-d-prescriptions-2010 | madipge-pbs-d-prescriptions-2011 | madipge-pbs-d-prescriptions-2012 | madipge-pbs-d-prescriptions-2013 | madipge-pbs-d-prescriptions-2014 | madipge-pbs-d-prescriptions-2015 | madipge-pbs-d-prescriptions-2016 | madipge-pbs-d-prescriptions-2017 | madipge-pbs-d-prescriptions-2018 | madipge-pbs-d-prescriptions-2019 | madipge-pbs-d-prescriptions-2020 | madipge-pbs-d-prescriptions-2021 | madipge-pbs-d-prescriptions-2022 | madipge-pbs-d-prescriptions-2023 | madipge-pbs-d-prescriptions-2024 | madipge-pbs-d-prescriptions-2025","Supplying pharmacy id - scrambled | Supplying pharmacy ID - scrambled","Direct match on generated dataset + variable name in inst/plida_metadata/variables.csv.",""
"dhda-health","PBS","2020","PHRMCY_PSTCD","character",48176,"direct_plida_dataset_variable","PBS","PHRMCY_PSTCD","madipge-pbs-d-prescriptions-2006 | madipge-pbs-d-prescriptions-2007 | madipge-pbs-d-prescriptions-2008 | madipge-pbs-d-prescriptions-2009 | madipge-pbs-d-prescriptions-2010 | madipge-pbs-d-prescriptions-2011 | madipge-pbs-d-prescriptions-2012 | madipge-pbs-d-prescriptions-2013 | madipge-pbs-d-prescriptions-2014 | madipge-pbs-d-prescriptions-2015 | madipge-pbs-d-prescriptions-2016 | madipge-pbs-d-prescriptions-2017 | madipge-pbs-d-prescriptions-2018 | madipge-pbs-d-prescriptions-2019 | madipge-pbs-d-prescriptions-2020 | madipge-pbs-d-prescriptions-2021 | madipge-pbs-d-prescriptions-2022 | madipge-pbs-d-prescriptions-2023 | madipge-pbs-d-prescriptions-2024 | madipge-pbs-d-prescriptions-2025","Pharmacy postcode","Direct match on generated dataset + variable name in inst/plida_metadata/variables.csv.",""
"dhda-health","PBS","2020","PRSCRB_DT","Date",48176,"direct_plida_dataset_variable","PBS","PRSCRB_DT","madipge-pbs-d-prescriptions-2006 | madipge-pbs-d-prescriptions-2007 | madipge-pbs-d-prescriptions-2008 | madipge-pbs-d-prescriptions-2009 | madipge-pbs-d-prescriptions-2010 | madipge-pbs-d-prescriptions-2011 | madipge-pbs-d-prescriptions-2012 | madipge-pbs-d-prescriptions-2013 | madipge-pbs-d-prescriptions-2014 | madipge-pbs-d-prescriptions-2015 | madipge-pbs-d-prescriptions-2016 | madipge-pbs-d-prescriptions-2017 | madipge-pbs-d-prescriptions-2018 | madipge-pbs-d-prescriptions-2019 | madipge-pbs-d-prescriptions-2020 | madipge-pbs-d-prescriptions-2021 | madipge-pbs-d-prescriptions-2022 | madipge-pbs-d-prescriptions-2023 | madipge-pbs-d-prescriptions-2024 | madipge-pbs-d-prescriptions-2025","Date of prescribing","Direct match on generated dataset + variable name in inst/plida_metadata/variables.csv.",""
"dhda-health","PBS","2020","PRSCRBR_ID_SCRAM","character",48176,"direct_plida_dataset_variable","PBS","PRSCRBR_ID_SCRAM","madipge-pbs-d-prescriptions-2006 | madipge-pbs-d-prescriptions-2007 | madipge-pbs-d-prescriptions-2008 | madipge-pbs-d-prescriptions-2009 | madipge-pbs-d-prescriptions-2010 | madipge-pbs-d-prescriptions-2011 | madipge-pbs-d-prescriptions-2012 | madipge-pbs-d-prescriptions-2013 | madipge-pbs-d-prescriptions-2014 | madipge-pbs-d-prescriptions-2015 | madipge-pbs-d-prescriptions-2016 | madipge-pbs-d-prescriptions-2017 | madipge-pbs-d-prescriptions-2018 | madipge-pbs-d-prescriptions-2019 | madipge-pbs-d-prescriptions-2020 | madipge-pbs-d-prescriptions-2021 | madipge-pbs-d-prescriptions-2022 | madipge-pbs-d-prescriptions-2023 | madipge-pbs-d-prescriptions-2024 | madipge-pbs-d-prescriptions-2025","Prescriber id - scrambled | Prescriber ID - scrambled","Direct match on generated dataset + variable name in inst/plida_metadata/variables.csv.",""
"dhda-health","PBS","2020","PRSCRBR_MJR_PSTCD","character",48176,"direct_plida_dataset_variable","PBS","PRSCRBR_MJR_PSTCD","madipge-pbs-d-prescriptions-2006 | madipge-pbs-d-prescriptions-2007 | madipge-pbs-d-prescriptions-2008 | madipge-pbs-d-prescriptions-2009 | madipge-pbs-d-prescriptions-2010 | madipge-pbs-d-prescriptions-2011 | madipge-pbs-d-prescriptions-2012 | madipge-pbs-d-prescriptions-2013 | madipge-pbs-d-prescriptions-2014 | madipge-pbs-d-prescriptions-2015 | madipge-pbs-d-prescriptions-2016 | madipge-pbs-d-prescriptions-2017 | madipge-pbs-d-prescriptions-2018 | madipge-pbs-d-prescriptions-2019 | madipge-pbs-d-prescriptions-2020 | madipge-pbs-d-prescriptions-2021 | madipge-pbs-d-prescriptions-2022 | madipge-pbs-d-prescriptions-2023 | madipge-pbs-d-prescriptions-2024 | madipge-pbs-d-prescriptions-2025","Prescriber postcode","Direct match on generated dataset + variable name in inst/plida_metadata/variables.csv.",""
"dhda-health","PBS","2020","PRSCRBR_TYP_CD","character",48176,"direct_plida_dataset_variable","PBS","PRSCRBR_TYP_CD","madipge-pbs-d-prescriptions-2006 | madipge-pbs-d-prescriptions-2007 | madipge-pbs-d-prescriptions-2008 | madipge-pbs-d-prescriptions-2009 | madipge-pbs-d-prescriptions-2010 | madipge-pbs-d-prescriptions-2011 | madipge-pbs-d-prescriptions-2012 | madipge-pbs-d-prescriptions-2013 | madipge-pbs-d-prescriptions-2014 | madipge-pbs-d-prescriptions-2015 | madipge-pbs-d-prescriptions-2016 | madipge-pbs-d-prescriptions-2017 | madipge-pbs-d-prescriptions-2018 | madipge-pbs-d-prescriptions-2019 | madipge-pbs-d-prescriptions-2020 | madipge-pbs-d-prescriptions-2021 | madipge-pbs-d-prescriptions-2022 | madipge-pbs-d-prescriptions-2023 | madipge-pbs-d-prescriptions-2024 | madipge-pbs-d-prescriptions-2025","Prescriber type","Direct match on generated dataset + variable name in inst/plida_metadata/variables.csv.",""
"dhda-health","PBS","2020","PRSCRPTN_CNT","integer",48176,"direct_plida_dataset_variable","PBS","PRSCRPTN_CNT","madipge-pbs-d-prescriptions-2006 | madipge-pbs-d-prescriptions-2007 | madipge-pbs-d-prescriptions-2008 | madipge-pbs-d-prescriptions-2009 | madipge-pbs-d-prescriptions-2010 | madipge-pbs-d-prescriptions-2011 | madipge-pbs-d-prescriptions-2012 | madipge-pbs-d-prescriptions-2013 | madipge-pbs-d-prescriptions-2014 | madipge-pbs-d-prescriptions-2015 | madipge-pbs-d-prescriptions-2016 | madipge-pbs-d-prescriptions-2017 | madipge-pbs-d-prescriptions-2018 | madipge-pbs-d-prescriptions-2019 | madipge-pbs-d-prescriptions-2020 | madipge-pbs-d-prescriptions-2021 | madipge-pbs-d-prescriptions-2022 | madipge-pbs-d-prescriptions-2023 | madipge-pbs-d-prescriptions-2024 | madipge-pbs-d-prescriptions-2025","Number of authorised medication supplies","Direct match on generated dataset + variable name in inst/plida_metadata/variables.csv.",""
"dhda-health","PBS","2020","PRVS_SPPLY_NMBR","integer",48176,"direct_plida_dataset_variable","PBS","PRVS_SPPLY_NMBR","madipge-pbs-d-prescriptions-2006 | madipge-pbs-d-prescriptions-2007 | madipge-pbs-d-prescriptions-2008 | madipge-pbs-d-prescriptions-2009 | madipge-pbs-d-prescriptions-2010 | madipge-pbs-d-prescriptions-2011 | madipge-pbs-d-prescriptions-2012 | madipge-pbs-d-prescriptions-2013 | madipge-pbs-d-prescriptions-2014 | madipge-pbs-d-prescriptions-2015 | madipge-pbs-d-prescriptions-2016 | madipge-pbs-d-prescriptions-2017 | madipge-pbs-d-prescriptions-2018 | madipge-pbs-d-prescriptions-2019 | madipge-pbs-d-prescriptions-2020 | madipge-pbs-d-prescriptions-2021 | madipge-pbs-d-prescriptions-2022 | madipge-pbs-d-prescriptions-2023 | madipge-pbs-d-prescriptions-2024 | madipge-pbs-d-prescriptions-2025","Number of times previously supplied","Direct match on generated dataset + variable name in inst/plida_metadata/variables.csv.",""
"dhda-health","PBS","2020","PTNT_BRTH_MTH","integer",48176,"direct_plida_dataset_variable","PBS","PTNT_BRTH_MTH","madipge-pbs-d-prescriptions-2006 | madipge-pbs-d-prescriptions-2007 | madipge-pbs-d-prescriptions-2008 | madipge-pbs-d-prescriptions-2009 | madipge-pbs-d-prescriptions-2010 | madipge-pbs-d-prescriptions-2016 | madipge-pbs-d-prescriptions-2017 | madipge-pbs-d-prescriptions-2018 | madipge-pbs-d-prescriptions-2019 | madipge-pbs-d-prescriptions-2020 | madipge-pbs-d-prescriptions-2021 | madipge-pbs-d-prescriptions-2022 | madipge-pbs-d-prescriptions-2023 | madipge-pbs-d-prescriptions-2024 | madipge-pbs-d-prescriptions-2025","Month of birth | Patient birth month","Direct match on generated dataset + variable name in inst/plida_metadata/variables.csv.",""
"dhda-health","PBS","2020","PTNT_BRTH_YR","integer",48176,"direct_plida_dataset_variable","PBS","PTNT_BRTH_YR","madipge-pbs-d-prescriptions-2006 | madipge-pbs-d-prescriptions-2007 | madipge-pbs-d-prescriptions-2008 | madipge-pbs-d-prescriptions-2009 | madipge-pbs-d-prescriptions-2010 | madipge-pbs-d-prescriptions-2016 | madipge-pbs-d-prescriptions-2017 | madipge-pbs-d-prescriptions-2018 | madipge-pbs-d-prescriptions-2019 | madipge-pbs-d-prescriptions-2020 | madipge-pbs-d-prescriptions-2021 | madipge-pbs-d-prescriptions-2022 | madipge-pbs-d-prescriptions-2023 | madipge-pbs-d-prescriptions-2024 | madipge-pbs-d-prescriptions-2025","Year of birth | Patient birth year","Direct match on generated dataset + variable name in inst/plida_metadata/variables.csv.",""
"dhda-health","PBS","2020","PTNT_CNTRBTN_AMT","numeric",48176,"direct_plida_dataset_variable","PBS","PTNT_CNTRBTN_AMT","madipge-pbs-d-prescriptions-2006 | madipge-pbs-d-prescriptions-2007 | madipge-pbs-d-prescriptions-2008 | madipge-pbs-d-prescriptions-2009 | madipge-pbs-d-prescriptions-2010 | madipge-pbs-d-prescriptions-2011 | madipge-pbs-d-prescriptions-2012 | madipge-pbs-d-prescriptions-2013 | madipge-pbs-d-prescriptions-2014 | madipge-pbs-d-prescriptions-2015 | madipge-pbs-d-prescriptions-2016 | madipge-pbs-d-prescriptions-2017 | madipge-pbs-d-prescriptions-2018 | madipge-pbs-d-prescriptions-2019 | madipge-pbs-d-prescriptions-2020 | madipge-pbs-d-prescriptions-2021 | madipge-pbs-d-prescriptions-2022 | madipge-pbs-d-prescriptions-2023 | madipge-pbs-d-prescriptions-2024 | madipge-pbs-d-prescriptions-2025","Patient contribution amount","Direct match on generated dataset + variable name in inst/plida_metadata/variables.csv.",""
"dhda-health","PBS","2020","PTNT_CTGRY_DRVD_CD","character",48176,"direct_plida_dataset_variable","PBS","PTNT_CTGRY_DRVD_CD","madipge-pbs-d-prescriptions-2006 | madipge-pbs-d-prescriptions-2007 | madipge-pbs-d-prescriptions-2008 | madipge-pbs-d-prescriptions-2009 | madipge-pbs-d-prescriptions-2010 | madipge-pbs-d-prescriptions-2011 | madipge-pbs-d-prescriptions-2012 | madipge-pbs-d-prescriptions-2013 | madipge-pbs-d-prescriptions-2014 | madipge-pbs-d-prescriptions-2015 | madipge-pbs-d-prescriptions-2016 | madipge-pbs-d-prescriptions-2017 | madipge-pbs-d-prescriptions-2018 | madipge-pbs-d-prescriptions-2019 | madipge-pbs-d-prescriptions-2020 | madipge-pbs-d-prescriptions-2021 | madipge-pbs-d-prescriptions-2022 | madipge-pbs-d-prescriptions-2023 | madipge-pbs-d-prescriptions-2024 | madipge-pbs-d-prescriptions-2025","Patient entitlement status (derived)","Direct match on generated dataset + variable name in inst/plida_metadata/variables.csv.",""
"dhda-health","PBS","2020","PTNT_PSTCD","character",48176,"direct_plida_dataset_variable","PBS","PTNT_PSTCD","madipge-pbs-d-prescriptions-2006 | madipge-pbs-d-prescriptions-2007 | madipge-pbs-d-prescriptions-2008 | madipge-pbs-d-prescriptions-2009 | madipge-pbs-d-prescriptions-2010 | madipge-pbs-d-prescriptions-2011 | madipge-pbs-d-prescriptions-2012 | madipge-pbs-d-prescriptions-2013 | madipge-pbs-d-prescriptions-2014 | madipge-pbs-d-prescriptions-2015 | madipge-pbs-d-prescriptions-2016 | madipge-pbs-d-prescriptions-2017 | madipge-pbs-d-prescriptions-2018 | madipge-pbs-d-prescriptions-2019 | madipge-pbs-d-prescriptions-2020 | madipge-pbs-d-prescriptions-2021 | madipge-pbs-d-prescriptions-2022 | madipge-pbs-d-prescriptions-2023 | madipge-pbs-d-prescriptions-2024 | madipge-pbs-d-prescriptions-2025","Patient postcode","Direct match on generated dataset + variable name in inst/plida_metadata/variables.csv.",""
"dhda-health","PBS","2020","PTNT_SEX_CD","character",48176,"direct_plida_dataset_variable","PBS","PTNT_SEX_CD","madipge-pbs-d-prescriptions-2006 | madipge-pbs-d-prescriptions-2007 | madipge-pbs-d-prescriptions-2008 | madipge-pbs-d-prescriptions-2009 | madipge-pbs-d-prescriptions-2010 | madipge-pbs-d-prescriptions-2011 | madipge-pbs-d-prescriptions-2012 | madipge-pbs-d-prescriptions-2013 | madipge-pbs-d-prescriptions-2014 | madipge-pbs-d-prescriptions-2015 | madipge-pbs-d-prescriptions-2016 | madipge-pbs-d-prescriptions-2017 | madipge-pbs-d-prescriptions-2018 | madipge-pbs-d-prescriptions-2019 | madipge-pbs-d-prescriptions-2020 | madipge-pbs-d-prescriptions-2021 | madipge-pbs-d-prescriptions-2022 | madipge-pbs-d-prescriptions-2023 | madipge-pbs-d-prescriptions-2024 | madipge-pbs-d-prescriptions-2025","Patient sex","Direct match on generated dataset + variable name in inst/plida_metadata/variables.csv.",""
"dhda-health","PBS","2020","RGLTN24_IND","character",48176,"direct_plida_dataset_variable","PBS","RGLTN24_IND","madipge-pbs-d-prescriptions-2006 | madipge-pbs-d-prescriptions-2007 | madipge-pbs-d-prescriptions-2008 | madipge-pbs-d-prescriptions-2009 | madipge-pbs-d-prescriptions-2010 | madipge-pbs-d-prescriptions-2011 | madipge-pbs-d-prescriptions-2012 | madipge-pbs-d-prescriptions-2013 | madipge-pbs-d-prescriptions-2014 | madipge-pbs-d-prescriptions-2015 | madipge-pbs-d-prescriptions-2016 | madipge-pbs-d-prescriptions-2017 | madipge-pbs-d-prescriptions-2018 | madipge-pbs-d-prescriptions-2019 | madipge-pbs-d-prescriptions-2020 | madipge-pbs-d-prescriptions-2021 | madipge-pbs-d-prescriptions-2022 | madipge-pbs-d-prescriptions-2023 | madipge-pbs-d-prescriptions-2024 | madipge-pbs-d-prescriptions-2025","Regulation 24 applicable indicator","Direct match on generated dataset + variable name in inst/plida_metadata/variables.csv.",""
"dhda-health","PBS","2020","RPT_ORDR_NMBR","integer",48176,"direct_plida_dataset_variable","PBS","RPT_ORDR_NMBR","madipge-pbs-d-prescriptions-2006 | madipge-pbs-d-prescriptions-2007 | madipge-pbs-d-prescriptions-2008 | madipge-pbs-d-prescriptions-2009 | madipge-pbs-d-prescriptions-2010 | madipge-pbs-d-prescriptions-2011 | madipge-pbs-d-prescriptions-2012 | madipge-pbs-d-prescriptions-2013 | madipge-pbs-d-prescriptions-2014 | madipge-pbs-d-prescriptions-2015 | madipge-pbs-d-prescriptions-2016 | madipge-pbs-d-prescriptions-2017 | madipge-pbs-d-prescriptions-2018 | madipge-pbs-d-prescriptions-2019 | madipge-pbs-d-prescriptions-2020 | madipge-pbs-d-prescriptions-2021 | madipge-pbs-d-prescriptions-2022 | madipge-pbs-d-prescriptions-2023 | madipge-pbs-d-prescriptions-2024 | madipge-pbs-d-prescriptions-2025","Number of authorised prescription repeats","Direct match on generated dataset + variable name in inst/plida_metadata/variables.csv.",""
"dhda-health","PBS","2020","SPPLY_DT","Date",48176,"direct_plida_dataset_variable","PBS","SPPLY_DT","madipge-pbs-d-prescriptions-2006 | madipge-pbs-d-prescriptions-2007 | madipge-pbs-d-prescriptions-2008 | madipge-pbs-d-prescriptions-2009 | madipge-pbs-d-prescriptions-2010 | madipge-pbs-d-prescriptions-2011 | madipge-pbs-d-prescriptions-2012 | madipge-pbs-d-prescriptions-2013 | madipge-pbs-d-prescriptions-2014 | madipge-pbs-d-prescriptions-2015 | madipge-pbs-d-prescriptions-2016 | madipge-pbs-d-prescriptions-2017 | madipge-pbs-d-prescriptions-2018 | madipge-pbs-d-prescriptions-2019 | madipge-pbs-d-prescriptions-2020 | madipge-pbs-d-prescriptions-2021 | madipge-pbs-d-prescriptions-2022 | madipge-pbs-d-prescriptions-2023 | madipge-pbs-d-prescriptions-2024 | madipge-pbs-d-prescriptions-2025","Date of supply","Direct match on generated dataset + variable name in inst/plida_metadata/variables.csv.",""
"dhda-health","PBS","2020","SRT_RPT_IND","character",48176,"direct_plida_dataset_variable","PBS","SRT_RPT_IND","madipge-pbs-d-prescriptions-2006 | madipge-pbs-d-prescriptions-2007 | madipge-pbs-d-prescriptions-2008 | madipge-pbs-d-prescriptions-2009 | madipge-pbs-d-prescriptions-2010 | madipge-pbs-d-prescriptions-2011 | madipge-pbs-d-prescriptions-2012 | madipge-pbs-d-prescriptions-2013 | madipge-pbs-d-prescriptions-2014 | madipge-pbs-d-prescriptions-2015 | madipge-pbs-d-prescriptions-2016 | madipge-pbs-d-prescriptions-2017 | madipge-pbs-d-prescriptions-2018 | madipge-pbs-d-prescriptions-2019 | madipge-pbs-d-prescriptions-2020 | madipge-pbs-d-prescriptions-2021 | madipge-pbs-d-prescriptions-2022 | madipge-pbs-d-prescriptions-2023 | madipge-pbs-d-prescriptions-2024 | madipge-pbs-d-prescriptions-2025","Repeat prescription indicator","Direct match on generated dataset + variable name in inst/plida_metadata/variables.csv.",""
"dhda-health","PBS","2020","STRMLND_ATHRTY_CD","character",48176,"direct_plida_dataset_variable","PBS","STRMLND_ATHRTY_CD","madipge-pbs-d-prescriptions-2006 | madipge-pbs-d-prescriptions-2007 | madipge-pbs-d-prescriptions-2008 | madipge-pbs-d-prescriptions-2009 | madipge-pbs-d-prescriptions-2010 | madipge-pbs-d-prescriptions-2011 | madipge-pbs-d-prescriptions-2012 | madipge-pbs-d-prescriptions-2013 | madipge-pbs-d-prescriptions-2014 | madipge-pbs-d-prescriptions-2015 | madipge-pbs-d-prescriptions-2016 | madipge-pbs-d-prescriptions-2017 | madipge-pbs-d-prescriptions-2018 | madipge-pbs-d-prescriptions-2019 | madipge-pbs-d-prescriptions-2020 | madipge-pbs-d-prescriptions-2021 | madipge-pbs-d-prescriptions-2022 | madipge-pbs-d-prescriptions-2023 | madipge-pbs-d-prescriptions-2024 | madipge-pbs-d-prescriptions-2025","Streamlined authority code","Direct match on generated dataset + variable name in inst/plida_metadata/variables.csv.",""
"dhda-health","PBS","2020","SYNTHETIC_AEUID","character",48176,"direct_plida_dataset_variable","PBS","SYNTHETIC_AEUID","madipge-pbs-d-prescriptions-2006 | madipge-pbs-d-prescriptions-2007 | madipge-pbs-d-prescriptions-2008 | madipge-pbs-d-prescriptions-2009 | madipge-pbs-d-prescriptions-2010 | madipge-pbs-d-prescriptions-2011 | madipge-pbs-d-prescriptions-2012 | madipge-pbs-d-prescriptions-2013 | madipge-pbs-d-prescriptions-2014 | madipge-pbs-d-prescriptions-2015 | madipge-pbs-d-prescriptions-2016 | madipge-pbs-d-prescriptions-2017 | madipge-pbs-d-prescriptions-2018 | madipge-pbs-d-prescriptions-2019 | madipge-pbs-d-prescriptions-2020 | madipge-pbs-d-prescriptions-2021 | madipge-pbs-d-prescriptions-2022 | madipge-pbs-d-prescriptions-2023 | madipge-pbs-d-prescriptions-2024 | madipge-pbs-d-prescriptions-2025","Synthetic MADIP Person ID | Synthetic id of individual person on dataset","Direct match on generated dataset + variable name in inst/plida_metadata/variables.csv.",""
"dhda-health","PBS","2020","UNDR_CPRSCRPTN_TYP_CD","character",48176,"direct_plida_dataset_variable","PBS","UNDR_CPRSCRPTN_TYP_CD","madipge-pbs-d-prescriptions-2006 | madipge-pbs-d-prescriptions-2007 | madipge-pbs-d-prescriptions-2008 | madipge-pbs-d-prescriptions-2009 | madipge-pbs-d-prescriptions-2010 | madipge-pbs-d-prescriptions-2016 | madipge-pbs-d-prescriptions-2017 | madipge-pbs-d-prescriptions-2018 | madipge-pbs-d-prescriptions-2019 | madipge-pbs-d-prescriptions-2020 | madipge-pbs-d-prescriptions-2021 | madipge-pbs-d-prescriptions-2022 | madipge-pbs-d-prescriptions-2023 | madipge-pbs-d-prescriptions-2024 | madipge-pbs-d-prescriptions-2025","Under co-payment prescription type","Direct match on generated dataset + variable name in inst/plida_metadata/variables.csv.",""
"dss","DEX","DEX","ASSISTANCE_TYPE","character",263,"manual_same_dataset_plida_concept_match","DEX","PRIMARYASSISTANCENEEDEDKEY","madipge-dex-d-extended-15-current","A given client's main reason for applying for a service, represented by a key.","Manual same-dataset concept crosswalk to local PLIDA metadata variable; generated name is compact/simplified and is not asserted to be an official source variable name.","Generated assistance type is a simplified main-assistance concept; local metadata variable is the primary assistance-needed key."
"dss","DEX","DEX","ATSI_CODE","character",263,"manual_same_dataset_plida_concept_match","DEX","ATSICODE","madipge-dex-d-extended-15-current","Whether a client identifies as being of Aboriginal or Torres Strait Islander origin as represented by a code.","Manual same-dataset concept crosswalk to local PLIDA metadata variable; generated name is compact/simplified and is not asserted to be an official source variable name.","Generated compact DEX field maps to a same-dataset DEX metadata variable."
"dss","DEX","DEX","BIRTH_MONTH","integer",263,"manual_same_dataset_plida_concept_match","DEX","BIRTHMONTH","madipge-dex-d-extended-15-current","The client's month of birth","Manual same-dataset concept crosswalk to local PLIDA metadata variable; generated name is compact/simplified and is not asserted to be an official source variable name.","Generated compact DEX field maps to a same-dataset DEX metadata variable."
"dss","DEX","DEX","BIRTH_YEAR","integer",263,"manual_same_dataset_plida_concept_match","DEX","BIRTHYEAR","madipge-dex-d-extended-15-current","The client's year of birth","Manual same-dataset concept crosswalk to local PLIDA metadata variable; generated name is compact/simplified and is not asserted to be an official source variable name.","Generated compact DEX field maps to a same-dataset DEX metadata variable."
"dss","DEX","DEX","COUNTRY_OF_BIRTH","integer",263,"manual_same_dataset_plida_concept_match","DEX","BIRTHCOUNTRYCODE","madipge-dex-d-extended-15-current","The country where a given client was born, represented by a code.","Manual same-dataset concept crosswalk to local PLIDA metadata variable; generated name is compact/simplified and is not asserted to be an official source variable name.","Generated compact DEX field maps to a same-dataset DEX metadata variable."
"dss","DEX","DEX","EDUCATION_LEVEL","character",263,"manual_same_dataset_plida_concept_match","DEX","EDUCATIONLEVELCODE","madipge-dex-d-extended-15-current","The highest level of education or qualification achieved by a given client, represented by a label.","Manual same-dataset concept crosswalk to local PLIDA metadata variable; generated name is compact/simplified and is not asserted to be an official source variable name.","Generated compact DEX field maps to a same-dataset DEX metadata variable."
"dss","DEX","DEX","EMPLOYMENT_STATUS","character",263,"manual_same_dataset_plida_concept_match","DEX","EMPLOYMENTSTATUSCODE","madipge-dex-d-extended-15-current","The employment status of a given client, whether employed or another role, represented by a label.","Manual same-dataset concept crosswalk to local PLIDA metadata variable; generated name is compact/simplified and is not asserted to be an official source variable name.","Generated compact DEX field maps to a same-dataset DEX metadata variable."
"dss","DEX","DEX","EXIT_REASON","character",263,"manual_same_dataset_plida_concept_match","DEX","EXITREASONCODE","madipge-dex-d-extended-15-current","This data provides information about the circumstances surrounding the ending of a client’s relationship with a case. This contributes to a general understanding of the patterns of client interaction with a program and gives indications as to reason a client might disengage with a service.","Manual same-dataset concept crosswalk to local PLIDA metadata variable; generated name is compact/simplified and is not asserted to be an official source variable name.","Generated compact DEX field maps to a same-dataset DEX metadata variable."
"dss","DEX","DEX","GENDER_CODE","character",263,"manual_same_dataset_plida_concept_match","DEX","GENDERCODE","madipge-dex-d-extended-15-current","The identification of a client as male female and other genders which are a combination of male and female or neither male nor femaleas represented by a code.","Manual same-dataset concept crosswalk to local PLIDA metadata variable; generated name is compact/simplified and is not asserted to be an official source variable name.","Generated compact DEX field maps to a same-dataset DEX metadata variable."
"dss","DEX","DEX","SCORE_POST","integer",263,"manual_same_dataset_plida_concept_match","DEX","OUTCOMEDOMAINSCORE","madipge-dex-d-extended-15-current","An outcome domain rating recorded for a given client outcome assessment, represented by a score 1-5.","Manual same-dataset concept crosswalk to local PLIDA metadata variable; generated name is compact/simplified and is not asserted to be an official source variable name.","Generated pre/post SCORE fields are two local draws from the DEX outcome domain score concept."
"dss","DEX","DEX","SCORE_PRE","integer",263,"manual_same_dataset_plida_concept_match","DEX","OUTCOMEDOMAINSCORE","madipge-dex-d-extended-15-current","An outcome domain rating recorded for a given client outcome assessment, represented by a score 1-5.","Manual same-dataset concept crosswalk to local PLIDA metadata variable; generated name is compact/simplified and is not asserted to be an official source variable name.","Generated pre/post SCORE fields are two local draws from the DEX outcome domain score concept."
"dss","DEX","DEX","SESSION_DATE","Date",263,"manual_same_dataset_plida_concept_match","DEX","CONDUCTEDDATE","madipge-dex-d-extended-15-current","The date a given session took place.","Manual same-dataset concept crosswalk to local PLIDA metadata variable; generated name is compact/simplified and is not asserted to be an official source variable name.","Generated compact DEX field maps to a same-dataset DEX metadata variable."
"dss","DEX","DEX","STATE_ASGS_2021","integer",263,"direct_plida_dataset_variable","DEX","STATE_ASGS_2021","madipge-dex-d-extended-15-current","State (number)","Direct match on generated dataset + variable name in inst/plida_metadata/variables.csv.",""
"dss","DEX","DEX","SYNTHETIC_AEUID","character",263,"direct_plida_dataset_variable","DEX","SYNTHETIC_AEUID","madipge-dex-d-extended-15-current","Anonymised DEX person level id","Direct match on generated dataset + variable name in inst/plida_metadata/variables.csv.",""
"dss","DOMINO","det_ben","BEN_STATUS","character",1442,"direct_plida_dataset_variable","DOMINO","BEN_STATUS","madipge-dom-monthly-d-base","Benefit status","Direct match on generated dataset + variable name in inst/plida_metadata/variables.csv.",""
"dss","DOMINO","det_ben","BEN_TYPE_CODE","character",1442,"direct_plida_dataset_variable","DOMINO","BEN_TYPE_CODE","madipge-dom-monthly-d-base | madipge-dom-monthly-d-inc-dfi | madipge-dom-monthly-d-rlt-prin-carer-beta","Recipient benefit type code","Direct match on generated dataset + variable name in inst/plida_metadata/variables.csv.",""
"dss","DOMINO","det_ben","DURN_DAYS","integer",1442,"direct_plida_dataset_variable","DOMINO","DURN_DAYS","madipge-dom-monthly-d-base","Duration of episode (days)","Direct match on generated dataset + variable name in inst/plida_metadata/variables.csv.",""
"dss","DOMINO","det_ben","END_RSN","character",1442,"direct_plida_dataset_variable","DOMINO","END_RSN","madipge-dom-monthly-d-base | madipge-dom-monthly-d-rlt-grandpar-grandchild","End reason","Direct match on generated dataset + variable name in inst/plida_metadata/variables.csv.",""
"dss","DOMINO","det_ben","END_RSN_CODE","character",1442,"direct_plida_dataset_variable","DOMINO","END_RSN_CODE","madipge-dom-monthly-d-base","End reason code","Direct match on generated dataset + variable name in inst/plida_metadata/variables.csv.",""
"dss","DOMINO","det_ben","PERIOD_END_DATE","Date",1442,"direct_plida_dataset_variable","DOMINO","PERIOD_END_DATE","madipge-dom-monthly-d-base | madipge-dom-monthly-d-disability-carers | madipge-dom-monthly-d-families-children | madipge-dom-monthly-d-older-students | madipge-dom-monthly-d-retirement-widows | madipge-dom-monthly-d-pyh-cea | madipge-dom-monthly-d-pyh-emg | madipge-dom-monthly-d-pyh-era | madipge-dom-monthly-d-pyh-erp | madipge-dom-monthly-d-pyh-ecp | madipge-dom-monthly-d-pyh-inm | madipge-dom-monthly-d-pyh-cls | madipge-dom-monthly-d-pyh-pbb | madipge-dom-monthly-d-pyh-gsr | madipge-dom-monthly-d-pyh-svg | madipge-dom-monthly-d-pyh-svk | madipge-dom-monthly-d-pyh-svw | madipge-dom-monthly-d-pyh-svt | madipge-dom-monthly-d-pyh-svv | madipge-dom-monthly-d-pyh-spl | madipge-dom-monthly-d-een-abstudy-hist | madipge-dom-monthly-d-een-aic-hist | madipge-dom-monthly-d-inc-dfi | madipge-dom-monthly-d-inc-dva | madipge-dom-monthly-d-een-edep-hist | madipge-dom-monthly-d-rlt-grandpar-grandchild | madipge-dom-monthly-d-inc-shc | madipge-dom-monthly-d-inc-cdep | madipge-dom-monthly-d-loc-pos-temp-term-dtls | madipge-dom-monthly-d-pyh-oneoff-adv | madipge-dom-monthly-d-inc-cdep-other | madipge-dom-monthly-d-een-pes-hist | madipge-dom-monthly-d-working-age | madipge-dom-monthly-d-rlt-prin-carer-beta","Event end date","Direct match on generated dataset + variable name in inst/plida_metadata/variables.csv.",""
"dss","DOMINO","det_ben","PERIOD_START_DATE","Date",1442,"direct_plida_dataset_variable","DOMINO","PERIOD_START_DATE","madipge-dom-monthly-d-base | madipge-dom-monthly-d-disability-carers | madipge-dom-monthly-d-families-children | madipge-dom-monthly-d-older-students | madipge-dom-monthly-d-retirement-widows | madipge-dom-monthly-d-pyh-cea | madipge-dom-monthly-d-pyh-emg | madipge-dom-monthly-d-pyh-era | madipge-dom-monthly-d-pyh-erp | madipge-dom-monthly-d-pyh-ecp | madipge-dom-monthly-d-pyh-inm | madipge-dom-monthly-d-pyh-cls | madipge-dom-monthly-d-pyh-pbb | madipge-dom-monthly-d-pyh-gsr | madipge-dom-monthly-d-pyh-svg | madipge-dom-monthly-d-pyh-svk | madipge-dom-monthly-d-pyh-svw | madipge-dom-monthly-d-pyh-svt | madipge-dom-monthly-d-pyh-svv | madipge-dom-monthly-d-pyh-spl | madipge-dom-monthly-d-een-abstudy-hist | madipge-dom-monthly-d-een-aic-hist | madipge-dom-monthly-d-inc-dfi | madipge-dom-monthly-d-inc-dva | madipge-dom-monthly-d-een-edep-hist | madipge-dom-monthly-d-rlt-grandpar-grandchild | madipge-dom-monthly-d-inc-shc | madipge-dom-monthly-d-inc-cdep | madipge-dom-monthly-d-loc-pos-temp-term-dtls | madipge-dom-monthly-d-pyh-oneoff-adv | madipge-dom-monthly-d-inc-cdep-other | madipge-dom-monthly-d-een-pes-hist | madipge-dom-monthly-d-working-age | madipge-dom-monthly-d-rlt-prin-carer-beta","Event start date","Direct match on generated dataset + variable name in inst/plida_metadata/variables.csv.",""
"dss","DOMINO","det_ben","SYNTHETIC_AEUID","character",1442,"direct_plida_dataset_variable","DOMINO","SYNTHETIC_AEUID","madipge-dom-monthly-d-base | madipge-dom-monthly-d-disability-carers | madipge-dom-monthly-d-families-children | madipge-dom-monthly-d-indg-stat | madipge-dom-monthly-d-older-students | madipge-dom-monthly-d-retirement-widows | madipge-dom-monthly-d-pyh-cea | madipge-dom-monthly-d-pyh-emg | madipge-dom-monthly-d-pyh-era | madipge-dom-monthly-d-pyh-erp | madipge-dom-monthly-d-pyh-ecp | madipge-dom-monthly-d-pyh-inm | madipge-dom-monthly-d-pyh-cls | madipge-dom-monthly-d-pyh-pbb | madipge-dom-monthly-d-pyh-gsr | madipge-dom-monthly-d-pyh-svg | madipge-dom-monthly-d-pyh-svk | madipge-dom-monthly-d-pyh-svw | madipge-dom-monthly-d-pyh-svt | madipge-dom-monthly-d-pyh-svv | madipge-dom-monthly-d-pyh-spl | madipge-dom-monthly-d-een-abstudy-hist | madipge-dom-monthly-d-een-aic-hist | madipge-dom-monthly-d-inc-dfi | madipge-dom-monthly-d-inc-dva | madipge-dom-monthly-d-een-edep-hist | madipge-dom-monthly-d-rlt-grandpar-grandchild | madipge-dom-monthly-d-inc-shc | madipge-dom-monthly-d-inc-cdep | madipge-dom-monthly-d-loc-pos-temp-term-dtls | madipge-dom-monthly-d-pyh-oneoff-adv | madipge-dom-monthly-d-inc-cdep-other | madipge-dom-monthly-d-een-pes-hist | madipge-dom-monthly-d-working-age | madipge-dom-monthly-d-rlt-prin-carer-beta","Synthetic MADIP Person ID","Direct match on generated dataset + variable name in inst/plida_metadata/variables.csv.",""
"dss","DOMINO","edu_lvl","LVL_ATTAINED","character",1442,"direct_plida_dataset_variable","DOMINO","LVL_ATTAINED","madipge-dom-monthly-d-base","Education level attained code","Direct match on generated dataset + variable name in inst/plida_metadata/variables.csv.",""
"dss","DOMINO","edu_lvl","LVL_ATTAINED_DESC","character",1442,"direct_plida_dataset_variable","DOMINO","LVL_ATTAINED_DESC","madipge-dom-monthly-d-base","Education level attained description","Direct match on generated dataset + variable name in inst/plida_metadata/variables.csv.",""
"dss","DOMINO","edu_lvl","PERIOD_END_DATE","Date",1442,"direct_plida_dataset_variable","DOMINO","PERIOD_END_DATE","madipge-dom-monthly-d-base | madipge-dom-monthly-d-disability-carers | madipge-dom-monthly-d-families-children | madipge-dom-monthly-d-older-students | madipge-dom-monthly-d-retirement-widows | madipge-dom-monthly-d-pyh-cea | madipge-dom-monthly-d-pyh-emg | madipge-dom-monthly-d-pyh-era | madipge-dom-monthly-d-pyh-erp | madipge-dom-monthly-d-pyh-ecp | madipge-dom-monthly-d-pyh-inm | madipge-dom-monthly-d-pyh-cls | madipge-dom-monthly-d-pyh-pbb | madipge-dom-monthly-d-pyh-gsr | madipge-dom-monthly-d-pyh-svg | madipge-dom-monthly-d-pyh-svk | madipge-dom-monthly-d-pyh-svw | madipge-dom-monthly-d-pyh-svt | madipge-dom-monthly-d-pyh-svv | madipge-dom-monthly-d-pyh-spl | madipge-dom-monthly-d-een-abstudy-hist | madipge-dom-monthly-d-een-aic-hist | madipge-dom-monthly-d-inc-dfi | madipge-dom-monthly-d-inc-dva | madipge-dom-monthly-d-een-edep-hist | madipge-dom-monthly-d-rlt-grandpar-grandchild | madipge-dom-monthly-d-inc-shc | madipge-dom-monthly-d-inc-cdep | madipge-dom-monthly-d-loc-pos-temp-term-dtls | madipge-dom-monthly-d-pyh-oneoff-adv | madipge-dom-monthly-d-inc-cdep-other | madipge-dom-monthly-d-een-pes-hist | madipge-dom-monthly-d-working-age | madipge-dom-monthly-d-rlt-prin-carer-beta","Event end date","Direct match on generated dataset + variable name in inst/plida_metadata/variables.csv.",""
"dss","DOMINO","edu_lvl","PERIOD_START_DATE","Date",1442,"direct_plida_dataset_variable","DOMINO","PERIOD_START_DATE","madipge-dom-monthly-d-base | madipge-dom-monthly-d-disability-carers | madipge-dom-monthly-d-families-children | madipge-dom-monthly-d-older-students | madipge-dom-monthly-d-retirement-widows | madipge-dom-monthly-d-pyh-cea | madipge-dom-monthly-d-pyh-emg | madipge-dom-monthly-d-pyh-era | madipge-dom-monthly-d-pyh-erp | madipge-dom-monthly-d-pyh-ecp | madipge-dom-monthly-d-pyh-inm | madipge-dom-monthly-d-pyh-cls | madipge-dom-monthly-d-pyh-pbb | madipge-dom-monthly-d-pyh-gsr | madipge-dom-monthly-d-pyh-svg | madipge-dom-monthly-d-pyh-svk | madipge-dom-monthly-d-pyh-svw | madipge-dom-monthly-d-pyh-svt | madipge-dom-monthly-d-pyh-svv | madipge-dom-monthly-d-pyh-spl | madipge-dom-monthly-d-een-abstudy-hist | madipge-dom-monthly-d-een-aic-hist | madipge-dom-monthly-d-inc-dfi | madipge-dom-monthly-d-inc-dva | madipge-dom-monthly-d-een-edep-hist | madipge-dom-monthly-d-rlt-grandpar-grandchild | madipge-dom-monthly-d-inc-shc | madipge-dom-monthly-d-inc-cdep | madipge-dom-monthly-d-loc-pos-temp-term-dtls | madipge-dom-monthly-d-pyh-oneoff-adv | madipge-dom-monthly-d-inc-cdep-other | madipge-dom-monthly-d-een-pes-hist | madipge-dom-monthly-d-working-age | madipge-dom-monthly-d-rlt-prin-carer-beta","Event start date","Direct match on generated dataset + variable name in inst/plida_metadata/variables.csv.",""
"dss","DOMINO","edu_lvl","STDNT_STS_CODE","character",1442,"direct_plida_dataset_variable","DOMINO","STDNT_STS_CODE","madipge-dom-monthly-d-base","Student status code","Direct match on generated dataset + variable name in inst/plida_metadata/variables.csv.",""
"dss","DOMINO","edu_lvl","SYNTHETIC_AEUID","character",1442,"direct_plida_dataset_variable","DOMINO","SYNTHETIC_AEUID","madipge-dom-monthly-d-base | madipge-dom-monthly-d-disability-carers | madipge-dom-monthly-d-families-children | madipge-dom-monthly-d-indg-stat | madipge-dom-monthly-d-older-students | madipge-dom-monthly-d-retirement-widows | madipge-dom-monthly-d-pyh-cea | madipge-dom-monthly-d-pyh-emg | madipge-dom-monthly-d-pyh-era | madipge-dom-monthly-d-pyh-erp | madipge-dom-monthly-d-pyh-ecp | madipge-dom-monthly-d-pyh-inm | madipge-dom-monthly-d-pyh-cls | madipge-dom-monthly-d-pyh-pbb | madipge-dom-monthly-d-pyh-gsr | madipge-dom-monthly-d-pyh-svg | madipge-dom-monthly-d-pyh-svk | madipge-dom-monthly-d-pyh-svw | madipge-dom-monthly-d-pyh-svt | madipge-dom-monthly-d-pyh-svv | madipge-dom-monthly-d-pyh-spl | madipge-dom-monthly-d-een-abstudy-hist | madipge-dom-monthly-d-een-aic-hist | madipge-dom-monthly-d-inc-dfi | madipge-dom-monthly-d-inc-dva | madipge-dom-monthly-d-een-edep-hist | madipge-dom-monthly-d-rlt-grandpar-grandchild | madipge-dom-monthly-d-inc-shc | madipge-dom-monthly-d-inc-cdep | madipge-dom-monthly-d-loc-pos-temp-term-dtls | madipge-dom-monthly-d-pyh-oneoff-adv | madipge-dom-monthly-d-inc-cdep-other | madipge-dom-monthly-d-een-pes-hist | madipge-dom-monthly-d-working-age | madipge-dom-monthly-d-rlt-prin-carer-beta","Synthetic MADIP Person ID","Direct match on generated dataset + variable name in inst/plida_metadata/variables.csv.",""
"dss","DOMINO","hh_hse_dtls","HSE_ACCOM_CODE","character",1442,"direct_plida_dataset_variable","DOMINO","HSE_ACCOM_CODE","madipge-dom-monthly-d-base","Accomodation type code","Direct match on generated dataset + variable name in inst/plida_metadata/variables.csv.",""
"dss","DOMINO","hh_hse_dtls","HSE_HO_CODE","character",1442,"direct_plida_dataset_variable","DOMINO","HSE_HO_CODE","madipge-dom-monthly-d-base","Homeownership type code","Direct match on generated dataset + variable name in inst/plida_metadata/variables.csv.",""
"dss","DOMINO","hh_hse_dtls","HSE_RENT_TYPE","character",1442,"direct_plida_dataset_variable","DOMINO","HSE_RENT_TYPE","madipge-dom-monthly-d-base","Rent type code","Direct match on generated dataset + variable name in inst/plida_metadata/variables.csv.",""
"dss","DOMINO","hh_hse_dtls","HSE_WK_RENT","numeric",1442,"direct_plida_dataset_variable","DOMINO","HSE_WK_RENT","madipge-dom-monthly-d-base","Weekly rent paid","Direct match on generated dataset + variable name in inst/plida_metadata/variables.csv.",""
"dss","DOMINO","hh_hse_dtls","PERIOD_END_DATE","Date",1442,"direct_plida_dataset_variable","DOMINO","PERIOD_END_DATE","madipge-dom-monthly-d-base | madipge-dom-monthly-d-disability-carers | madipge-dom-monthly-d-families-children | madipge-dom-monthly-d-older-students | madipge-dom-monthly-d-retirement-widows | madipge-dom-monthly-d-pyh-cea | madipge-dom-monthly-d-pyh-emg | madipge-dom-monthly-d-pyh-era | madipge-dom-monthly-d-pyh-erp | madipge-dom-monthly-d-pyh-ecp | madipge-dom-monthly-d-pyh-inm | madipge-dom-monthly-d-pyh-cls | madipge-dom-monthly-d-pyh-pbb | madipge-dom-monthly-d-pyh-gsr | madipge-dom-monthly-d-pyh-svg | madipge-dom-monthly-d-pyh-svk | madipge-dom-monthly-d-pyh-svw | madipge-dom-monthly-d-pyh-svt | madipge-dom-monthly-d-pyh-svv | madipge-dom-monthly-d-pyh-spl | madipge-dom-monthly-d-een-abstudy-hist | madipge-dom-monthly-d-een-aic-hist | madipge-dom-monthly-d-inc-dfi | madipge-dom-monthly-d-inc-dva | madipge-dom-monthly-d-een-edep-hist | madipge-dom-monthly-d-rlt-grandpar-grandchild | madipge-dom-monthly-d-inc-shc | madipge-dom-monthly-d-inc-cdep | madipge-dom-monthly-d-loc-pos-temp-term-dtls | madipge-dom-monthly-d-pyh-oneoff-adv | madipge-dom-monthly-d-inc-cdep-other | madipge-dom-monthly-d-een-pes-hist | madipge-dom-monthly-d-working-age | madipge-dom-monthly-d-rlt-prin-carer-beta","Event end date","Direct match on generated dataset + variable name in inst/plida_metadata/variables.csv.",""
"dss","DOMINO","hh_hse_dtls","PERIOD_START_DATE","Date",1442,"direct_plida_dataset_variable","DOMINO","PERIOD_START_DATE","madipge-dom-monthly-d-base | madipge-dom-monthly-d-disability-carers | madipge-dom-monthly-d-families-children | madipge-dom-monthly-d-older-students | madipge-dom-monthly-d-retirement-widows | madipge-dom-monthly-d-pyh-cea | madipge-dom-monthly-d-pyh-emg | madipge-dom-monthly-d-pyh-era | madipge-dom-monthly-d-pyh-erp | madipge-dom-monthly-d-pyh-ecp | madipge-dom-monthly-d-pyh-inm | madipge-dom-monthly-d-pyh-cls | madipge-dom-monthly-d-pyh-pbb | madipge-dom-monthly-d-pyh-gsr | madipge-dom-monthly-d-pyh-svg | madipge-dom-monthly-d-pyh-svk | madipge-dom-monthly-d-pyh-svw | madipge-dom-monthly-d-pyh-svt | madipge-dom-monthly-d-pyh-svv | madipge-dom-monthly-d-pyh-spl | madipge-dom-monthly-d-een-abstudy-hist | madipge-dom-monthly-d-een-aic-hist | madipge-dom-monthly-d-inc-dfi | madipge-dom-monthly-d-inc-dva | madipge-dom-monthly-d-een-edep-hist | madipge-dom-monthly-d-rlt-grandpar-grandchild | madipge-dom-monthly-d-inc-shc | madipge-dom-monthly-d-inc-cdep | madipge-dom-monthly-d-loc-pos-temp-term-dtls | madipge-dom-monthly-d-pyh-oneoff-adv | madipge-dom-monthly-d-inc-cdep-other | madipge-dom-monthly-d-een-pes-hist | madipge-dom-monthly-d-working-age | madipge-dom-monthly-d-rlt-prin-carer-beta","Event start date","Direct match on generated dataset + variable name in inst/plida_metadata/variables.csv.",""
"dss","DOMINO","hh_hse_dtls","SYNTHETIC_AEUID","character",1442,"direct_plida_dataset_variable","DOMINO","SYNTHETIC_AEUID","madipge-dom-monthly-d-base | madipge-dom-monthly-d-disability-carers | madipge-dom-monthly-d-families-children | madipge-dom-monthly-d-indg-stat | madipge-dom-monthly-d-older-students | madipge-dom-monthly-d-retirement-widows | madipge-dom-monthly-d-pyh-cea | madipge-dom-monthly-d-pyh-emg | madipge-dom-monthly-d-pyh-era | madipge-dom-monthly-d-pyh-erp | madipge-dom-monthly-d-pyh-ecp | madipge-dom-monthly-d-pyh-inm | madipge-dom-monthly-d-pyh-cls | madipge-dom-monthly-d-pyh-pbb | madipge-dom-monthly-d-pyh-gsr | madipge-dom-monthly-d-pyh-svg | madipge-dom-monthly-d-pyh-svk | madipge-dom-monthly-d-pyh-svw | madipge-dom-monthly-d-pyh-svt | madipge-dom-monthly-d-pyh-svv | madipge-dom-monthly-d-pyh-spl | madipge-dom-monthly-d-een-abstudy-hist | madipge-dom-monthly-d-een-aic-hist | madipge-dom-monthly-d-inc-dfi | madipge-dom-monthly-d-inc-dva | madipge-dom-monthly-d-een-edep-hist | madipge-dom-monthly-d-rlt-grandpar-grandchild | madipge-dom-monthly-d-inc-shc | madipge-dom-monthly-d-inc-cdep | madipge-dom-monthly-d-loc-pos-temp-term-dtls | madipge-dom-monthly-d-pyh-oneoff-adv | madipge-dom-monthly-d-inc-cdep-other | madipge-dom-monthly-d-een-pes-hist | madipge-dom-monthly-d-working-age | madipge-dom-monthly-d-rlt-prin-carer-beta","Synthetic MADIP Person ID","Direct match on generated dataset + variable name in inst/plida_metadata/variables.csv.",""
"dss","DOMINO","inc_emp_cont","AVG_IND","character",389,"direct_plida_dataset_variable","DOMINO","AVG_IND","madipge-dom-monthly-d-base","Income averaged indicator","Direct match on generated dataset + variable name in inst/plida_metadata/variables.csv.",""
"dss","DOMINO","inc_emp_cont","EMP_DLY_INC_CONT","numeric",389,"direct_plida_dataset_variable","DOMINO","EMP_DLY_INC_CONT","madipge-dom-monthly-d-base","Daily income amount from continuous employment","Direct match on generated dataset + variable name in inst/plida_metadata/variables.csv.",""
"dss","DOMINO","inc_emp_cont","EMP_INC_CONT","numeric",389,"direct_plida_dataset_variable","DOMINO","EMP_INC_CONT","madipge-dom-monthly-d-base","Income amount from continuous employment as stated","Direct match on generated dataset + variable name in inst/plida_metadata/variables.csv.",""
"dss","DOMINO","inc_emp_cont","EMP_INC_CONT_HRS","integer",389,"direct_plida_dataset_variable","DOMINO","EMP_INC_CONT_HRS","madipge-dom-monthly-d-base","Fortnightly hours worked in continuous employment","Direct match on generated dataset + variable name in inst/plida_metadata/variables.csv.",""
"dss","DOMINO","inc_emp_cont","EMPLYR_ID","character",389,"direct_plida_dataset_variable","DOMINO","EMPLYR_ID","madipge-dom-monthly-d-base | madipge-dom-monthly-d-inc-cdep | madipge-dom-monthly-d-inc-cdep-other","Synthetic employer id","Direct match on generated dataset + variable name in inst/plida_metadata/variables.csv.",""
"dss","DOMINO","inc_emp_cont","FREQ_CODE","character",389,"direct_plida_dataset_variable","DOMINO","FREQ_CODE","madipge-dom-monthly-d-base","Employment income frequency code","Direct match on generated dataset + variable name in inst/plida_metadata/variables.csv.",""
"dss","DOMINO","inc_emp_cont","PERIOD_END_DATE","Date",389,"direct_plida_dataset_variable","DOMINO","PERIOD_END_DATE","madipge-dom-monthly-d-base | madipge-dom-monthly-d-disability-carers | madipge-dom-monthly-d-families-children | madipge-dom-monthly-d-older-students | madipge-dom-monthly-d-retirement-widows | madipge-dom-monthly-d-pyh-cea | madipge-dom-monthly-d-pyh-emg | madipge-dom-monthly-d-pyh-era | madipge-dom-monthly-d-pyh-erp | madipge-dom-monthly-d-pyh-ecp | madipge-dom-monthly-d-pyh-inm | madipge-dom-monthly-d-pyh-cls | madipge-dom-monthly-d-pyh-pbb | madipge-dom-monthly-d-pyh-gsr | madipge-dom-monthly-d-pyh-svg | madipge-dom-monthly-d-pyh-svk | madipge-dom-monthly-d-pyh-svw | madipge-dom-monthly-d-pyh-svt | madipge-dom-monthly-d-pyh-svv | madipge-dom-monthly-d-pyh-spl | madipge-dom-monthly-d-een-abstudy-hist | madipge-dom-monthly-d-een-aic-hist | madipge-dom-monthly-d-inc-dfi | madipge-dom-monthly-d-inc-dva | madipge-dom-monthly-d-een-edep-hist | madipge-dom-monthly-d-rlt-grandpar-grandchild | madipge-dom-monthly-d-inc-shc | madipge-dom-monthly-d-inc-cdep | madipge-dom-monthly-d-loc-pos-temp-term-dtls | madipge-dom-monthly-d-pyh-oneoff-adv | madipge-dom-monthly-d-inc-cdep-other | madipge-dom-monthly-d-een-pes-hist | madipge-dom-monthly-d-working-age | madipge-dom-monthly-d-rlt-prin-carer-beta","Event end date","Direct match on generated dataset + variable name in inst/plida_metadata/variables.csv.",""
"dss","DOMINO","inc_emp_cont","PERIOD_START_DATE","Date",389,"direct_plida_dataset_variable","DOMINO","PERIOD_START_DATE","madipge-dom-monthly-d-base | madipge-dom-monthly-d-disability-carers | madipge-dom-monthly-d-families-children | madipge-dom-monthly-d-older-students | madipge-dom-monthly-d-retirement-widows | madipge-dom-monthly-d-pyh-cea | madipge-dom-monthly-d-pyh-emg | madipge-dom-monthly-d-pyh-era | madipge-dom-monthly-d-pyh-erp | madipge-dom-monthly-d-pyh-ecp | madipge-dom-monthly-d-pyh-inm | madipge-dom-monthly-d-pyh-cls | madipge-dom-monthly-d-pyh-pbb | madipge-dom-monthly-d-pyh-gsr | madipge-dom-monthly-d-pyh-svg | madipge-dom-monthly-d-pyh-svk | madipge-dom-monthly-d-pyh-svw | madipge-dom-monthly-d-pyh-svt | madipge-dom-monthly-d-pyh-svv | madipge-dom-monthly-d-pyh-spl | madipge-dom-monthly-d-een-abstudy-hist | madipge-dom-monthly-d-een-aic-hist | madipge-dom-monthly-d-inc-dfi | madipge-dom-monthly-d-inc-dva | madipge-dom-monthly-d-een-edep-hist | madipge-dom-monthly-d-rlt-grandpar-grandchild | madipge-dom-monthly-d-inc-shc | madipge-dom-monthly-d-inc-cdep | madipge-dom-monthly-d-loc-pos-temp-term-dtls | madipge-dom-monthly-d-pyh-oneoff-adv | madipge-dom-monthly-d-inc-cdep-other | madipge-dom-monthly-d-een-pes-hist | madipge-dom-monthly-d-working-age | madipge-dom-monthly-d-rlt-prin-carer-beta","Event start date","Direct match on generated dataset + variable name in inst/plida_metadata/variables.csv.",""
"dss","DOMINO","inc_emp_cont","SYNTHETIC_AEUID","character",389,"direct_plida_dataset_variable","DOMINO","SYNTHETIC_AEUID","madipge-dom-monthly-d-base | madipge-dom-monthly-d-disability-carers | madipge-dom-monthly-d-families-children | madipge-dom-monthly-d-indg-stat | madipge-dom-monthly-d-older-students | madipge-dom-monthly-d-retirement-widows | madipge-dom-monthly-d-pyh-cea | madipge-dom-monthly-d-pyh-emg | madipge-dom-monthly-d-pyh-era | madipge-dom-monthly-d-pyh-erp | madipge-dom-monthly-d-pyh-ecp | madipge-dom-monthly-d-pyh-inm | madipge-dom-monthly-d-pyh-cls | madipge-dom-monthly-d-pyh-pbb | madipge-dom-monthly-d-pyh-gsr | madipge-dom-monthly-d-pyh-svg | madipge-dom-monthly-d-pyh-svk | madipge-dom-monthly-d-pyh-svw | madipge-dom-monthly-d-pyh-svt | madipge-dom-monthly-d-pyh-svv | madipge-dom-monthly-d-pyh-spl | madipge-dom-monthly-d-een-abstudy-hist | madipge-dom-monthly-d-een-aic-hist | madipge-dom-monthly-d-inc-dfi | madipge-dom-monthly-d-inc-dva | madipge-dom-monthly-d-een-edep-hist | madipge-dom-monthly-d-rlt-grandpar-grandchild | madipge-dom-monthly-d-inc-shc | madipge-dom-monthly-d-inc-cdep | madipge-dom-monthly-d-loc-pos-temp-term-dtls | madipge-dom-monthly-d-pyh-oneoff-adv | madipge-dom-monthly-d-inc-cdep-other | madipge-dom-monthly-d-een-pes-hist | madipge-dom-monthly-d-working-age | madipge-dom-monthly-d-rlt-prin-carer-beta","Synthetic MADIP Person ID","Direct match on generated dataset + variable name in inst/plida_metadata/variables.csv.",""
"dss","DOMINO","indg_stat","INDIG_CODE","character",1442,"direct_plida_dataset_variable","DOMINO","INDIG_CODE","madipge-dom-monthly-d-indg-stat","Recipient indigenous code","Direct match on generated dataset + variable name in inst/plida_metadata/variables.csv.",""
"dss","DOMINO","indg_stat","SYNTHETIC_AEUID","character",1442,"direct_plida_dataset_variable","DOMINO","SYNTHETIC_AEUID","madipge-dom-monthly-d-base | madipge-dom-monthly-d-disability-carers | madipge-dom-monthly-d-families-children | madipge-dom-monthly-d-indg-stat | madipge-dom-monthly-d-older-students | madipge-dom-monthly-d-retirement-widows | madipge-dom-monthly-d-pyh-cea | madipge-dom-monthly-d-pyh-emg | madipge-dom-monthly-d-pyh-era | madipge-dom-monthly-d-pyh-erp | madipge-dom-monthly-d-pyh-ecp | madipge-dom-monthly-d-pyh-inm | madipge-dom-monthly-d-pyh-cls | madipge-dom-monthly-d-pyh-pbb | madipge-dom-monthly-d-pyh-gsr | madipge-dom-monthly-d-pyh-svg | madipge-dom-monthly-d-pyh-svk | madipge-dom-monthly-d-pyh-svw | madipge-dom-monthly-d-pyh-svt | madipge-dom-monthly-d-pyh-svv | madipge-dom-monthly-d-pyh-spl | madipge-dom-monthly-d-een-abstudy-hist | madipge-dom-monthly-d-een-aic-hist | madipge-dom-monthly-d-inc-dfi | madipge-dom-monthly-d-inc-dva | madipge-dom-monthly-d-een-edep-hist | madipge-dom-monthly-d-rlt-grandpar-grandchild | madipge-dom-monthly-d-inc-shc | madipge-dom-monthly-d-inc-cdep | madipge-dom-monthly-d-loc-pos-temp-term-dtls | madipge-dom-monthly-d-pyh-oneoff-adv | madipge-dom-monthly-d-inc-cdep-other | madipge-dom-monthly-d-een-pes-hist | madipge-dom-monthly-d-working-age | madipge-dom-monthly-d-rlt-prin-carer-beta","Synthetic MADIP Person ID","Direct match on generated dataset + variable name in inst/plida_metadata/variables.csv.",""
"dss","DOMINO","loc_dtls","ADDR_PRTY","integer",1442,"direct_plida_dataset_variable","DOMINO","ADDR_PRTY","madipge-dom-monthly-d-base | madipge-dom-monthly-d-loc-pos-temp-term-dtls","Address priority","Direct match on generated dataset + variable name in inst/plida_metadata/variables.csv.",""
"dss","DOMINO","loc_dtls","ADDR_TYPE_CODE","character",1442,"direct_plida_dataset_variable","DOMINO","ADDR_TYPE_CODE","madipge-dom-monthly-d-base | madipge-dom-monthly-d-loc-pos-temp-term-dtls","Address type code","Direct match on generated dataset + variable name in inst/plida_metadata/variables.csv.",""
"dss","DOMINO","loc_dtls","CMTY_CODE","character",1442,"direct_plida_dataset_variable","DOMINO","CMTY_CODE","madipge-dom-monthly-d-base | madipge-dom-monthly-d-loc-pos-temp-term-dtls","Community code","Direct match on generated dataset + variable name in inst/plida_metadata/variables.csv.",""
"dss","DOMINO","loc_dtls","CTRY_CODE","character",1442,"direct_plida_dataset_variable","DOMINO","CTRY_CODE","madipge-dom-monthly-d-base | madipge-dom-monthly-d-loc-pos-temp-term-dtls","Address country","Direct match on generated dataset + variable name in inst/plida_metadata/variables.csv.",""
"dss","DOMINO","loc_dtls","MESHBLOCK","character",1442,"direct_plida_dataset_variable","DOMINO","MESHBLOCK","madipge-dom-monthly-d-base | madipge-dom-monthly-d-loc-pos-temp-term-dtls","Asgs 2016 meshblock","Direct match on generated dataset + variable name in inst/plida_metadata/variables.csv.",""
"dss","DOMINO","loc_dtls","MESHMATCH","character",1442,"direct_plida_dataset_variable","DOMINO","MESHMATCH","madipge-dom-monthly-d-base | madipge-dom-monthly-d-loc-pos-temp-term-dtls","Meshblock matched (by address or long/lat coordinates) indicator","Direct match on generated dataset + variable name in inst/plida_metadata/variables.csv.",""
"dss","DOMINO","loc_dtls","PERIOD_END_DATE","Date",1442,"direct_plida_dataset_variable","DOMINO","PERIOD_END_DATE","madipge-dom-monthly-d-base | madipge-dom-monthly-d-disability-carers | madipge-dom-monthly-d-families-children | madipge-dom-monthly-d-older-students | madipge-dom-monthly-d-retirement-widows | madipge-dom-monthly-d-pyh-cea | madipge-dom-monthly-d-pyh-emg | madipge-dom-monthly-d-pyh-era | madipge-dom-monthly-d-pyh-erp | madipge-dom-monthly-d-pyh-ecp | madipge-dom-monthly-d-pyh-inm | madipge-dom-monthly-d-pyh-cls | madipge-dom-monthly-d-pyh-pbb | madipge-dom-monthly-d-pyh-gsr | madipge-dom-monthly-d-pyh-svg | madipge-dom-monthly-d-pyh-svk | madipge-dom-monthly-d-pyh-svw | madipge-dom-monthly-d-pyh-svt | madipge-dom-monthly-d-pyh-svv | madipge-dom-monthly-d-pyh-spl | madipge-dom-monthly-d-een-abstudy-hist | madipge-dom-monthly-d-een-aic-hist | madipge-dom-monthly-d-inc-dfi | madipge-dom-monthly-d-inc-dva | madipge-dom-monthly-d-een-edep-hist | madipge-dom-monthly-d-rlt-grandpar-grandchild | madipge-dom-monthly-d-inc-shc | madipge-dom-monthly-d-inc-cdep | madipge-dom-monthly-d-loc-pos-temp-term-dtls | madipge-dom-monthly-d-pyh-oneoff-adv | madipge-dom-monthly-d-inc-cdep-other | madipge-dom-monthly-d-een-pes-hist | madipge-dom-monthly-d-working-age | madipge-dom-monthly-d-rlt-prin-carer-beta","Event end date","Direct match on generated dataset + variable name in inst/plida_metadata/variables.csv.",""
"dss","DOMINO","loc_dtls","PERIOD_START_DATE","Date",1442,"direct_plida_dataset_variable","DOMINO","PERIOD_START_DATE","madipge-dom-monthly-d-base | madipge-dom-monthly-d-disability-carers | madipge-dom-monthly-d-families-children | madipge-dom-monthly-d-older-students | madipge-dom-monthly-d-retirement-widows | madipge-dom-monthly-d-pyh-cea | madipge-dom-monthly-d-pyh-emg | madipge-dom-monthly-d-pyh-era | madipge-dom-monthly-d-pyh-erp | madipge-dom-monthly-d-pyh-ecp | madipge-dom-monthly-d-pyh-inm | madipge-dom-monthly-d-pyh-cls | madipge-dom-monthly-d-pyh-pbb | madipge-dom-monthly-d-pyh-gsr | madipge-dom-monthly-d-pyh-svg | madipge-dom-monthly-d-pyh-svk | madipge-dom-monthly-d-pyh-svw | madipge-dom-monthly-d-pyh-svt | madipge-dom-monthly-d-pyh-svv | madipge-dom-monthly-d-pyh-spl | madipge-dom-monthly-d-een-abstudy-hist | madipge-dom-monthly-d-een-aic-hist | madipge-dom-monthly-d-inc-dfi | madipge-dom-monthly-d-inc-dva | madipge-dom-monthly-d-een-edep-hist | madipge-dom-monthly-d-rlt-grandpar-grandchild | madipge-dom-monthly-d-inc-shc | madipge-dom-monthly-d-inc-cdep | madipge-dom-monthly-d-loc-pos-temp-term-dtls | madipge-dom-monthly-d-pyh-oneoff-adv | madipge-dom-monthly-d-inc-cdep-other | madipge-dom-monthly-d-een-pes-hist | madipge-dom-monthly-d-working-age | madipge-dom-monthly-d-rlt-prin-carer-beta","Event start date","Direct match on generated dataset + variable name in inst/plida_metadata/variables.csv.",""
"dss","DOMINO","loc_dtls","POSTCODE","character",1442,"direct_plida_dataset_variable","DOMINO","POSTCODE","madipge-dom-monthly-d-base | madipge-dom-monthly-d-loc-pos-temp-term-dtls","Address postcode","Direct match on generated dataset + variable name in inst/plida_metadata/variables.csv.",""
"dss","DOMINO","loc_dtls","RMT_IND","character",1442,"direct_plida_dataset_variable","DOMINO","RMT_IND","madipge-dom-monthly-d-base | madipge-dom-monthly-d-loc-pos-temp-term-dtls","Remote indicator","Direct match on generated dataset + variable name in inst/plida_metadata/variables.csv.",""
"dss","DOMINO","loc_dtls","SA1_MAINCODE","character",1442,"direct_plida_dataset_variable","DOMINO","SA1_MAINCODE","madipge-dom-monthly-d-base | madipge-dom-monthly-d-loc-pos-temp-term-dtls","Asgs sa1 maincode","Direct match on generated dataset + variable name in inst/plida_metadata/variables.csv.",""
"dss","DOMINO","loc_dtls","SA2_MAINCODE","character",1442,"direct_plida_dataset_variable","DOMINO","SA2_MAINCODE","madipge-dom-monthly-d-base | madipge-dom-monthly-d-loc-pos-temp-term-dtls","Asgs sa2 maincode","Direct match on generated dataset + variable name in inst/plida_metadata/variables.csv.",""
"dss","DOMINO","loc_dtls","STATE","character",1442,"direct_plida_dataset_variable","DOMINO","STATE","madipge-dom-monthly-d-base | madipge-dom-monthly-d-loc-pos-temp-term-dtls","Address state","Direct match on generated dataset + variable name in inst/plida_metadata/variables.csv.",""
"dss","DOMINO","loc_dtls","SYNTHETIC_AEUID","character",1442,"direct_plida_dataset_variable","DOMINO","SYNTHETIC_AEUID","madipge-dom-monthly-d-base | madipge-dom-monthly-d-disability-carers | madipge-dom-monthly-d-families-children | madipge-dom-monthly-d-indg-stat | madipge-dom-monthly-d-older-students | madipge-dom-monthly-d-retirement-widows | madipge-dom-monthly-d-pyh-cea | madipge-dom-monthly-d-pyh-emg | madipge-dom-monthly-d-pyh-era | madipge-dom-monthly-d-pyh-erp | madipge-dom-monthly-d-pyh-ecp | madipge-dom-monthly-d-pyh-inm | madipge-dom-monthly-d-pyh-cls | madipge-dom-monthly-d-pyh-pbb | madipge-dom-monthly-d-pyh-gsr | madipge-dom-monthly-d-pyh-svg | madipge-dom-monthly-d-pyh-svk | madipge-dom-monthly-d-pyh-svw | madipge-dom-monthly-d-pyh-svt | madipge-dom-monthly-d-pyh-svv | madipge-dom-monthly-d-pyh-spl | madipge-dom-monthly-d-een-abstudy-hist | madipge-dom-monthly-d-een-aic-hist | madipge-dom-monthly-d-inc-dfi | madipge-dom-monthly-d-inc-dva | madipge-dom-monthly-d-een-edep-hist | madipge-dom-monthly-d-rlt-grandpar-grandchild | madipge-dom-monthly-d-inc-shc | madipge-dom-monthly-d-inc-cdep | madipge-dom-monthly-d-loc-pos-temp-term-dtls | madipge-dom-monthly-d-pyh-oneoff-adv | madipge-dom-monthly-d-inc-cdep-other | madipge-dom-monthly-d-een-pes-hist | madipge-dom-monthly-d-working-age | madipge-dom-monthly-d-rlt-prin-carer-beta","Synthetic MADIP Person ID","Direct match on generated dataset + variable name in inst/plida_metadata/variables.csv.",""
"dss","DOMINO","mcd_dtls","ACTV_PRTCPN_CODE","character",48,"direct_plida_dataset_variable","DOMINO","ACTV_PRTCPN_CODE","madipge-dom-monthly-d-disability-carers | madipge-dom-monthly-d-working-age","Activity participation code","Direct match on generated dataset + variable name in inst/plida_metadata/variables.csv.",""
"dss","DOMINO","mcd_dtls","AMR","character",48,"direct_plida_dataset_variable","DOMINO","AMR","madipge-dom-monthly-d-disability-carers | madipge-dom-monthly-d-working-age","Activity management reference","Direct match on generated dataset + variable name in inst/plida_metadata/variables.csv.",""
"dss","DOMINO","mcd_dtls","ASSMT_ID","character",48,"direct_plida_dataset_variable","DOMINO","ASSMT_ID","madipge-dom-monthly-d-disability-carers | madipge-dom-monthly-d-working-age","Assessment id","Direct match on generated dataset + variable name in inst/plida_metadata/variables.csv.",""
"dss","DOMINO","mcd_dtls","CHNL","character",48,"direct_plida_dataset_variable","DOMINO","CHNL","madipge-dom-monthly-d-disability-carers | madipge-dom-monthly-d-working-age","Channel data received","Direct match on generated dataset + variable name in inst/plida_metadata/variables.csv.",""
"dss","DOMINO","mcd_dtls","CURR_CAPCTY_NUM","integer",48,"direct_plida_dataset_variable","DOMINO","CURR_CAPCTY_NUM","madipge-dom-monthly-d-disability-carers | madipge-dom-monthly-d-working-age","Current work capacity number","Direct match on generated dataset + variable name in inst/plida_metadata/variables.csv.",""
"dss","DOMINO","mcd_dtls","IMPRMT_CODE","integer",48,"direct_plida_dataset_variable","DOMINO","IMPRMT_CODE","madipge-dom-monthly-d-disability-carers | madipge-dom-monthly-d-working-age","Impairment code","Direct match on generated dataset + variable name in inst/plida_metadata/variables.csv.",""
"dss","DOMINO","mcd_dtls","IMPRMT_RATE","integer",48,"direct_plida_dataset_variable","DOMINO","IMPRMT_RATE","madipge-dom-monthly-d-disability-carers | madipge-dom-monthly-d-working-age","Impairment rating","Direct match on generated dataset + variable name in inst/plida_metadata/variables.csv.",""
"dss","DOMINO","mcd_dtls","IMPRMT_VER_DATE","Date",48,"direct_plida_dataset_variable","DOMINO","IMPRMT_VER_DATE","madipge-dom-monthly-d-disability-carers | madipge-dom-monthly-d-working-age","Impairment version date","Direct match on generated dataset + variable name in inst/plida_metadata/variables.csv.",""
"dss","DOMINO","mcd_dtls","INCAP_END","Date",48,"direct_plida_dataset_variable","DOMINO","INCAP_END","madipge-dom-monthly-d-disability-carers | madipge-dom-monthly-d-working-age","Incapacity period end date","Direct match on generated dataset + variable name in inst/plida_metadata/variables.csv.",""
"dss","DOMINO","mcd_dtls","INCAP_EXEMPT","character",48,"direct_plida_dataset_variable","DOMINO","INCAP_EXEMPT","madipge-dom-monthly-d-disability-carers | madipge-dom-monthly-d-working-age","Incapacity exemption indicator","Direct match on generated dataset + variable name in inst/plida_metadata/variables.csv.",""
"dss","DOMINO","mcd_dtls","INCAP_START","Date",48,"direct_plida_dataset_variable","DOMINO","INCAP_START","madipge-dom-monthly-d-disability-carers | madipge-dom-monthly-d-working-age","Incapacity period start date","Direct match on generated dataset + variable name in inst/plida_metadata/variables.csv.",""
"dss","DOMINO","mcd_dtls","INCAP_WK_WRK_HRS","integer",48,"direct_plida_dataset_variable","DOMINO","INCAP_WK_WRK_HRS","madipge-dom-monthly-d-disability-carers | madipge-dom-monthly-d-working-age","Incapacity adjusted work hours","Direct match on generated dataset + variable name in inst/plida_metadata/variables.csv.",""
"dss","DOMINO","mcd_dtls","MAN_CODE","character",48,"direct_plida_dataset_variable","DOMINO","MAN_CODE","madipge-dom-monthly-d-disability-carers | madipge-dom-monthly-d-working-age","Manifestly disabled code","Direct match on generated dataset + variable name in inst/plida_metadata/variables.csv.",""
"dss","DOMINO","mcd_dtls","MED_PRMY_GRP","character",48,"direct_plida_dataset_variable","DOMINO","MED_PRMY_GRP","madipge-dom-monthly-d-disability-carers | madipge-dom-monthly-d-working-age","Primary medical code","Direct match on generated dataset + variable name in inst/plida_metadata/variables.csv.",""
"dss","DOMINO","mcd_dtls","MED_SCNDRY_GRP","character",48,"direct_plida_dataset_variable","DOMINO","MED_SCNDRY_GRP","madipge-dom-monthly-d-disability-carers | madipge-dom-monthly-d-working-age","Secondary medical code","Direct match on generated dataset + variable name in inst/plida_metadata/variables.csv.",""
"dss","DOMINO","mcd_dtls","MED_SCNDRY_ID","character",48,"direct_plida_dataset_variable","DOMINO","MED_SCNDRY_ID","madipge-dom-monthly-d-disability-carers | madipge-dom-monthly-d-working-age","Secondary medical code identifier","Direct match on generated dataset + variable name in inst/plida_metadata/variables.csv.",""
"dss","DOMINO","mcd_dtls","MED_SCNDRY_PERM","character",48,"direct_plida_dataset_variable","DOMINO","MED_SCNDRY_PERM","madipge-dom-monthly-d-disability-carers | madipge-dom-monthly-d-working-age","Secondary medical code pemanent indicator","Direct match on generated dataset + variable name in inst/plida_metadata/variables.csv.",""
"dss","DOMINO","mcd_dtls","PERIOD_END_DATE","Date",48,"direct_plida_dataset_variable","DOMINO","PERIOD_END_DATE","madipge-dom-monthly-d-base | madipge-dom-monthly-d-disability-carers | madipge-dom-monthly-d-families-children | madipge-dom-monthly-d-older-students | madipge-dom-monthly-d-retirement-widows | madipge-dom-monthly-d-pyh-cea | madipge-dom-monthly-d-pyh-emg | madipge-dom-monthly-d-pyh-era | madipge-dom-monthly-d-pyh-erp | madipge-dom-monthly-d-pyh-ecp | madipge-dom-monthly-d-pyh-inm | madipge-dom-monthly-d-pyh-cls | madipge-dom-monthly-d-pyh-pbb | madipge-dom-monthly-d-pyh-gsr | madipge-dom-monthly-d-pyh-svg | madipge-dom-monthly-d-pyh-svk | madipge-dom-monthly-d-pyh-svw | madipge-dom-monthly-d-pyh-svt | madipge-dom-monthly-d-pyh-svv | madipge-dom-monthly-d-pyh-spl | madipge-dom-monthly-d-een-abstudy-hist | madipge-dom-monthly-d-een-aic-hist | madipge-dom-monthly-d-inc-dfi | madipge-dom-monthly-d-inc-dva | madipge-dom-monthly-d-een-edep-hist | madipge-dom-monthly-d-rlt-grandpar-grandchild | madipge-dom-monthly-d-inc-shc | madipge-dom-monthly-d-inc-cdep | madipge-dom-monthly-d-loc-pos-temp-term-dtls | madipge-dom-monthly-d-pyh-oneoff-adv | madipge-dom-monthly-d-inc-cdep-other | madipge-dom-monthly-d-een-pes-hist | madipge-dom-monthly-d-working-age | madipge-dom-monthly-d-rlt-prin-carer-beta","Event end date","Direct match on generated dataset + variable name in inst/plida_metadata/variables.csv.",""
"dss","DOMINO","mcd_dtls","PERIOD_START_DATE","Date",48,"direct_plida_dataset_variable","DOMINO","PERIOD_START_DATE","madipge-dom-monthly-d-base | madipge-dom-monthly-d-disability-carers | madipge-dom-monthly-d-families-children | madipge-dom-monthly-d-older-students | madipge-dom-monthly-d-retirement-widows | madipge-dom-monthly-d-pyh-cea | madipge-dom-monthly-d-pyh-emg | madipge-dom-monthly-d-pyh-era | madipge-dom-monthly-d-pyh-erp | madipge-dom-monthly-d-pyh-ecp | madipge-dom-monthly-d-pyh-inm | madipge-dom-monthly-d-pyh-cls | madipge-dom-monthly-d-pyh-pbb | madipge-dom-monthly-d-pyh-gsr | madipge-dom-monthly-d-pyh-svg | madipge-dom-monthly-d-pyh-svk | madipge-dom-monthly-d-pyh-svw | madipge-dom-monthly-d-pyh-svt | madipge-dom-monthly-d-pyh-svv | madipge-dom-monthly-d-pyh-spl | madipge-dom-monthly-d-een-abstudy-hist | madipge-dom-monthly-d-een-aic-hist | madipge-dom-monthly-d-inc-dfi | madipge-dom-monthly-d-inc-dva | madipge-dom-monthly-d-een-edep-hist | madipge-dom-monthly-d-rlt-grandpar-grandchild | madipge-dom-monthly-d-inc-shc | madipge-dom-monthly-d-inc-cdep | madipge-dom-monthly-d-loc-pos-temp-term-dtls | madipge-dom-monthly-d-pyh-oneoff-adv | madipge-dom-monthly-d-inc-cdep-other | madipge-dom-monthly-d-een-pes-hist | madipge-dom-monthly-d-working-age | madipge-dom-monthly-d-rlt-prin-carer-beta","Event start date","Direct match on generated dataset + variable name in inst/plida_metadata/variables.csv.",""
"dss","DOMINO","mcd_dtls","RFRL_RSN_CODE","character",48,"direct_plida_dataset_variable","DOMINO","RFRL_RSN_CODE","madipge-dom-monthly-d-disability-carers | madipge-dom-monthly-d-working-age","Referral reason code","Direct match on generated dataset + variable name in inst/plida_metadata/variables.csv.",""
"dss","DOMINO","mcd_dtls","SYNTHETIC_AEUID","character",48,"direct_plida_dataset_variable","DOMINO","SYNTHETIC_AEUID","madipge-dom-monthly-d-base | madipge-dom-monthly-d-disability-carers | madipge-dom-monthly-d-families-children | madipge-dom-monthly-d-indg-stat | madipge-dom-monthly-d-older-students | madipge-dom-monthly-d-retirement-widows | madipge-dom-monthly-d-pyh-cea | madipge-dom-monthly-d-pyh-emg | madipge-dom-monthly-d-pyh-era | madipge-dom-monthly-d-pyh-erp | madipge-dom-monthly-d-pyh-ecp | madipge-dom-monthly-d-pyh-inm | madipge-dom-monthly-d-pyh-cls | madipge-dom-monthly-d-pyh-pbb | madipge-dom-monthly-d-pyh-gsr | madipge-dom-monthly-d-pyh-svg | madipge-dom-monthly-d-pyh-svk | madipge-dom-monthly-d-pyh-svw | madipge-dom-monthly-d-pyh-svt | madipge-dom-monthly-d-pyh-svv | madipge-dom-monthly-d-pyh-spl | madipge-dom-monthly-d-een-abstudy-hist | madipge-dom-monthly-d-een-aic-hist | madipge-dom-monthly-d-inc-dfi | madipge-dom-monthly-d-inc-dva | madipge-dom-monthly-d-een-edep-hist | madipge-dom-monthly-d-rlt-grandpar-grandchild | madipge-dom-monthly-d-inc-shc | madipge-dom-monthly-d-inc-cdep | madipge-dom-monthly-d-loc-pos-temp-term-dtls | madipge-dom-monthly-d-pyh-oneoff-adv | madipge-dom-monthly-d-inc-cdep-other | madipge-dom-monthly-d-een-pes-hist | madipge-dom-monthly-d-working-age | madipge-dom-monthly-d-rlt-prin-carer-beta","Synthetic MADIP Person ID","Direct match on generated dataset + variable name in inst/plida_metadata/variables.csv.",""
"dss","DOMINO","mcd_dtls","TEMP_LMT_CAP_END_DATE","Date",48,"direct_plida_dataset_variable","DOMINO","TEMP_LMT_CAP_END_DATE","madipge-dom-monthly-d-disability-carers | madipge-dom-monthly-d-working-age","Temporary limited capacity end date","Direct match on generated dataset + variable name in inst/plida_metadata/variables.csv.",""
"dss","DOMINO","mcd_dtls","TEMP_LMT_CAP_START_DATE","Date",48,"direct_plida_dataset_variable","DOMINO","TEMP_LMT_CAP_START_DATE","madipge-dom-monthly-d-disability-carers | madipge-dom-monthly-d-working-age","Temporary limited capacity start date","Direct match on generated dataset + variable name in inst/plida_metadata/variables.csv.",""
"dss","DOMINO","mcd_dtls","TEMP_REDN_CAP_END_DATE","Date",48,"direct_plida_dataset_variable","DOMINO","TEMP_REDN_CAP_END_DATE","madipge-dom-monthly-d-disability-carers | madipge-dom-monthly-d-working-age","Temporary reduced capacity end date","Direct match on generated dataset + variable name in inst/plida_metadata/variables.csv.",""
"dss","DOMINO","mcd_dtls","TEMP_REDN_CAP_HRS_NUM","integer",48,"direct_plida_dataset_variable","DOMINO","TEMP_REDN_CAP_HRS_NUM","madipge-dom-monthly-d-disability-carers | madipge-dom-monthly-d-working-age","Temporary reduced capacity hours number","Direct match on generated dataset + variable name in inst/plida_metadata/variables.csv.",""
"dss","DOMINO","mcd_dtls","WITH_INTRVN_NUM","integer",48,"direct_plida_dataset_variable","DOMINO","WITH_INTRVN_NUM","madipge-dom-monthly-d-disability-carers | madipge-dom-monthly-d-working-age","With intervention number","Direct match on generated dataset + variable name in inst/plida_metadata/variables.csv.",""
"dss","DOMINO","pyh_combined_age","BEN_TYPE","character",583,"direct_plida_dataset_variable","DOMINO","BEN_TYPE","madipge-dom-monthly-d-base | madipge-dom-monthly-d-disability-carers | madipge-dom-monthly-d-families-children | madipge-dom-monthly-d-older-students | madipge-dom-monthly-d-retirement-widows | madipge-dom-monthly-d-pyh-cea | madipge-dom-monthly-d-pyh-emg | madipge-dom-monthly-d-pyh-era | madipge-dom-monthly-d-pyh-erp | madipge-dom-monthly-d-pyh-ecp | madipge-dom-monthly-d-pyh-inm | madipge-dom-monthly-d-pyh-cls | madipge-dom-monthly-d-pyh-pbb | madipge-dom-monthly-d-pyh-gsr | madipge-dom-monthly-d-pyh-svg | madipge-dom-monthly-d-pyh-svk | madipge-dom-monthly-d-pyh-svw | madipge-dom-monthly-d-pyh-svt | madipge-dom-monthly-d-pyh-svv | madipge-dom-monthly-d-pyh-spl | madipge-dom-monthly-d-een-abstudy-hist | madipge-dom-monthly-d-een-aic-hist | madipge-dom-monthly-d-een-edep-hist | madipge-dom-monthly-d-pyh-oneoff-adv | madipge-dom-monthly-d-een-pes-hist | madipge-dom-monthly-d-working-age","Recipient benefit type code","Direct match on generated dataset + variable name in inst/plida_metadata/variables.csv.",""
"dss","DOMINO","pyh_combined_age","CMPNT_DLY_AMT","numeric",583,"direct_plida_dataset_variable","DOMINO","CMPNT_DLY_AMT","madipge-dom-monthly-d-disability-carers | madipge-dom-monthly-d-families-children | madipge-dom-monthly-d-older-students | madipge-dom-monthly-d-retirement-widows | madipge-dom-monthly-d-pyh-cea | madipge-dom-monthly-d-pyh-emg | madipge-dom-monthly-d-pyh-era | madipge-dom-monthly-d-pyh-erp | madipge-dom-monthly-d-pyh-ecp | madipge-dom-monthly-d-pyh-inm | madipge-dom-monthly-d-pyh-cls | madipge-dom-monthly-d-pyh-pbb | madipge-dom-monthly-d-pyh-gsr | madipge-dom-monthly-d-pyh-svg | madipge-dom-monthly-d-pyh-svk | madipge-dom-monthly-d-pyh-svw | madipge-dom-monthly-d-pyh-svt | madipge-dom-monthly-d-pyh-svv | madipge-dom-monthly-d-pyh-spl | madipge-dom-monthly-d-een-abstudy-hist | madipge-dom-monthly-d-een-aic-hist | madipge-dom-monthly-d-een-edep-hist | madipge-dom-monthly-d-pyh-oneoff-adv | madipge-dom-monthly-d-een-pes-hist | madipge-dom-monthly-d-working-age","Component daily amount","Direct match on generated dataset + variable name in inst/plida_metadata/variables.csv.",""
"dss","DOMINO","pyh_combined_age","CMPNT_ID","character",583,"direct_plida_dataset_variable","DOMINO","CMPNT_ID","madipge-dom-monthly-d-disability-carers | madipge-dom-monthly-d-families-children | madipge-dom-monthly-d-older-students | madipge-dom-monthly-d-retirement-widows | madipge-dom-monthly-d-pyh-cea | madipge-dom-monthly-d-pyh-emg | madipge-dom-monthly-d-pyh-era | madipge-dom-monthly-d-pyh-erp | madipge-dom-monthly-d-pyh-ecp | madipge-dom-monthly-d-pyh-inm | madipge-dom-monthly-d-pyh-cls | madipge-dom-monthly-d-pyh-pbb | madipge-dom-monthly-d-pyh-gsr | madipge-dom-monthly-d-pyh-svg | madipge-dom-monthly-d-pyh-svk | madipge-dom-monthly-d-pyh-svw | madipge-dom-monthly-d-pyh-svt | madipge-dom-monthly-d-pyh-svv | madipge-dom-monthly-d-pyh-spl | madipge-dom-monthly-d-pyh-oneoff-adv | madipge-dom-monthly-d-working-age","Payment component id","Direct match on generated dataset + variable name in inst/plida_metadata/variables.csv.",""
"dss","DOMINO","pyh_combined_age","CMPNT_TYPE","character",583,"direct_plida_dataset_variable","DOMINO","CMPNT_TYPE","madipge-dom-monthly-d-disability-carers | madipge-dom-monthly-d-families-children | madipge-dom-monthly-d-older-students | madipge-dom-monthly-d-retirement-widows | madipge-dom-monthly-d-pyh-cea | madipge-dom-monthly-d-pyh-emg | madipge-dom-monthly-d-pyh-era | madipge-dom-monthly-d-pyh-erp | madipge-dom-monthly-d-pyh-ecp | madipge-dom-monthly-d-pyh-inm | madipge-dom-monthly-d-pyh-cls | madipge-dom-monthly-d-pyh-pbb | madipge-dom-monthly-d-pyh-gsr | madipge-dom-monthly-d-pyh-svg | madipge-dom-monthly-d-pyh-svk | madipge-dom-monthly-d-pyh-svw | madipge-dom-monthly-d-pyh-svt | madipge-dom-monthly-d-pyh-svv | madipge-dom-monthly-d-pyh-spl | madipge-dom-monthly-d-een-abstudy-hist | madipge-dom-monthly-d-een-aic-hist | madipge-dom-monthly-d-een-edep-hist | madipge-dom-monthly-d-pyh-oneoff-adv | madipge-dom-monthly-d-een-pes-hist | madipge-dom-monthly-d-working-age","Component type code","Direct match on generated dataset + variable name in inst/plida_metadata/variables.csv.",""
"dss","DOMINO","pyh_combined_age","PERIOD_END_DATE","Date",583,"direct_plida_dataset_variable","DOMINO","PERIOD_END_DATE","madipge-dom-monthly-d-base | madipge-dom-monthly-d-disability-carers | madipge-dom-monthly-d-families-children | madipge-dom-monthly-d-older-students | madipge-dom-monthly-d-retirement-widows | madipge-dom-monthly-d-pyh-cea | madipge-dom-monthly-d-pyh-emg | madipge-dom-monthly-d-pyh-era | madipge-dom-monthly-d-pyh-erp | madipge-dom-monthly-d-pyh-ecp | madipge-dom-monthly-d-pyh-inm | madipge-dom-monthly-d-pyh-cls | madipge-dom-monthly-d-pyh-pbb | madipge-dom-monthly-d-pyh-gsr | madipge-dom-monthly-d-pyh-svg | madipge-dom-monthly-d-pyh-svk | madipge-dom-monthly-d-pyh-svw | madipge-dom-monthly-d-pyh-svt | madipge-dom-monthly-d-pyh-svv | madipge-dom-monthly-d-pyh-spl | madipge-dom-monthly-d-een-abstudy-hist | madipge-dom-monthly-d-een-aic-hist | madipge-dom-monthly-d-inc-dfi | madipge-dom-monthly-d-inc-dva | madipge-dom-monthly-d-een-edep-hist | madipge-dom-monthly-d-rlt-grandpar-grandchild | madipge-dom-monthly-d-inc-shc | madipge-dom-monthly-d-inc-cdep | madipge-dom-monthly-d-loc-pos-temp-term-dtls | madipge-dom-monthly-d-pyh-oneoff-adv | madipge-dom-monthly-d-inc-cdep-other | madipge-dom-monthly-d-een-pes-hist | madipge-dom-monthly-d-working-age | madipge-dom-monthly-d-rlt-prin-carer-beta","Event end date","Direct match on generated dataset + variable name in inst/plida_metadata/variables.csv.",""
"dss","DOMINO","pyh_combined_age","PERIOD_START_DATE","Date",583,"direct_plida_dataset_variable","DOMINO","PERIOD_START_DATE","madipge-dom-monthly-d-base | madipge-dom-monthly-d-disability-carers | madipge-dom-monthly-d-families-children | madipge-dom-monthly-d-older-students | madipge-dom-monthly-d-retirement-widows | madipge-dom-monthly-d-pyh-cea | madipge-dom-monthly-d-pyh-emg | madipge-dom-monthly-d-pyh-era | madipge-dom-monthly-d-pyh-erp | madipge-dom-monthly-d-pyh-ecp | madipge-dom-monthly-d-pyh-inm | madipge-dom-monthly-d-pyh-cls | madipge-dom-monthly-d-pyh-pbb | madipge-dom-monthly-d-pyh-gsr | madipge-dom-monthly-d-pyh-svg | madipge-dom-monthly-d-pyh-svk | madipge-dom-monthly-d-pyh-svw | madipge-dom-monthly-d-pyh-svt | madipge-dom-monthly-d-pyh-svv | madipge-dom-monthly-d-pyh-spl | madipge-dom-monthly-d-een-abstudy-hist | madipge-dom-monthly-d-een-aic-hist | madipge-dom-monthly-d-inc-dfi | madipge-dom-monthly-d-inc-dva | madipge-dom-monthly-d-een-edep-hist | madipge-dom-monthly-d-rlt-grandpar-grandchild | madipge-dom-monthly-d-inc-shc | madipge-dom-monthly-d-inc-cdep | madipge-dom-monthly-d-loc-pos-temp-term-dtls | madipge-dom-monthly-d-pyh-oneoff-adv | madipge-dom-monthly-d-inc-cdep-other | madipge-dom-monthly-d-een-pes-hist | madipge-dom-monthly-d-working-age | madipge-dom-monthly-d-rlt-prin-carer-beta","Event start date","Direct match on generated dataset + variable name in inst/plida_metadata/variables.csv.",""
"dss","DOMINO","pyh_combined_age","PYH_SOURCE","character",583,"direct_plida_dataset_variable","DOMINO","PYH_SOURCE","madipge-dom-monthly-d-disability-carers | madipge-dom-monthly-d-families-children | madipge-dom-monthly-d-older-students | madipge-dom-monthly-d-retirement-widows | madipge-dom-monthly-d-pyh-cea | madipge-dom-monthly-d-pyh-emg | madipge-dom-monthly-d-pyh-era | madipge-dom-monthly-d-pyh-erp | madipge-dom-monthly-d-pyh-ecp | madipge-dom-monthly-d-pyh-inm | madipge-dom-monthly-d-pyh-cls | madipge-dom-monthly-d-pyh-pbb | madipge-dom-monthly-d-pyh-gsr | madipge-dom-monthly-d-pyh-svg | madipge-dom-monthly-d-pyh-svk | madipge-dom-monthly-d-pyh-svw | madipge-dom-monthly-d-pyh-svt | madipge-dom-monthly-d-pyh-svv | madipge-dom-monthly-d-pyh-spl | madipge-dom-monthly-d-working-age","Payment source","Direct match on generated dataset + variable name in inst/plida_metadata/variables.csv.",""
"dss","DOMINO","pyh_combined_age","SYNTHETIC_AEUID","character",583,"direct_plida_dataset_variable","DOMINO","SYNTHETIC_AEUID","madipge-dom-monthly-d-base | madipge-dom-monthly-d-disability-carers | madipge-dom-monthly-d-families-children | madipge-dom-monthly-d-indg-stat | madipge-dom-monthly-d-older-students | madipge-dom-monthly-d-retirement-widows | madipge-dom-monthly-d-pyh-cea | madipge-dom-monthly-d-pyh-emg | madipge-dom-monthly-d-pyh-era | madipge-dom-monthly-d-pyh-erp | madipge-dom-monthly-d-pyh-ecp | madipge-dom-monthly-d-pyh-inm | madipge-dom-monthly-d-pyh-cls | madipge-dom-monthly-d-pyh-pbb | madipge-dom-monthly-d-pyh-gsr | madipge-dom-monthly-d-pyh-svg | madipge-dom-monthly-d-pyh-svk | madipge-dom-monthly-d-pyh-svw | madipge-dom-monthly-d-pyh-svt | madipge-dom-monthly-d-pyh-svv | madipge-dom-monthly-d-pyh-spl | madipge-dom-monthly-d-een-abstudy-hist | madipge-dom-monthly-d-een-aic-hist | madipge-dom-monthly-d-inc-dfi | madipge-dom-monthly-d-inc-dva | madipge-dom-monthly-d-een-edep-hist | madipge-dom-monthly-d-rlt-grandpar-grandchild | madipge-dom-monthly-d-inc-shc | madipge-dom-monthly-d-inc-cdep | madipge-dom-monthly-d-loc-pos-temp-term-dtls | madipge-dom-monthly-d-pyh-oneoff-adv | madipge-dom-monthly-d-inc-cdep-other | madipge-dom-monthly-d-een-pes-hist | madipge-dom-monthly-d-working-age | madipge-dom-monthly-d-rlt-prin-carer-beta","Synthetic MADIP Person ID","Direct match on generated dataset + variable name in inst/plida_metadata/variables.csv.",""
"dss","DOMINO","pyh_combined_dis","BEN_TYPE","character",51,"direct_plida_dataset_variable","DOMINO","BEN_TYPE","madipge-dom-monthly-d-base | madipge-dom-monthly-d-disability-carers | madipge-dom-monthly-d-families-children | madipge-dom-monthly-d-older-students | madipge-dom-monthly-d-retirement-widows | madipge-dom-monthly-d-pyh-cea | madipge-dom-monthly-d-pyh-emg | madipge-dom-monthly-d-pyh-era | madipge-dom-monthly-d-pyh-erp | madipge-dom-monthly-d-pyh-ecp | madipge-dom-monthly-d-pyh-inm | madipge-dom-monthly-d-pyh-cls | madipge-dom-monthly-d-pyh-pbb | madipge-dom-monthly-d-pyh-gsr | madipge-dom-monthly-d-pyh-svg | madipge-dom-monthly-d-pyh-svk | madipge-dom-monthly-d-pyh-svw | madipge-dom-monthly-d-pyh-svt | madipge-dom-monthly-d-pyh-svv | madipge-dom-monthly-d-pyh-spl | madipge-dom-monthly-d-een-abstudy-hist | madipge-dom-monthly-d-een-aic-hist | madipge-dom-monthly-d-een-edep-hist | madipge-dom-monthly-d-pyh-oneoff-adv | madipge-dom-monthly-d-een-pes-hist | madipge-dom-monthly-d-working-age","Recipient benefit type code","Direct match on generated dataset + variable name in inst/plida_metadata/variables.csv.",""
"dss","DOMINO","pyh_combined_dis","CMPNT_DLY_AMT","numeric",51,"direct_plida_dataset_variable","DOMINO","CMPNT_DLY_AMT","madipge-dom-monthly-d-disability-carers | madipge-dom-monthly-d-families-children | madipge-dom-monthly-d-older-students | madipge-dom-monthly-d-retirement-widows | madipge-dom-monthly-d-pyh-cea | madipge-dom-monthly-d-pyh-emg | madipge-dom-monthly-d-pyh-era | madipge-dom-monthly-d-pyh-erp | madipge-dom-monthly-d-pyh-ecp | madipge-dom-monthly-d-pyh-inm | madipge-dom-monthly-d-pyh-cls | madipge-dom-monthly-d-pyh-pbb | madipge-dom-monthly-d-pyh-gsr | madipge-dom-monthly-d-pyh-svg | madipge-dom-monthly-d-pyh-svk | madipge-dom-monthly-d-pyh-svw | madipge-dom-monthly-d-pyh-svt | madipge-dom-monthly-d-pyh-svv | madipge-dom-monthly-d-pyh-spl | madipge-dom-monthly-d-een-abstudy-hist | madipge-dom-monthly-d-een-aic-hist | madipge-dom-monthly-d-een-edep-hist | madipge-dom-monthly-d-pyh-oneoff-adv | madipge-dom-monthly-d-een-pes-hist | madipge-dom-monthly-d-working-age","Component daily amount","Direct match on generated dataset + variable name in inst/plida_metadata/variables.csv.",""
"dss","DOMINO","pyh_combined_dis","CMPNT_ID","character",51,"direct_plida_dataset_variable","DOMINO","CMPNT_ID","madipge-dom-monthly-d-disability-carers | madipge-dom-monthly-d-families-children | madipge-dom-monthly-d-older-students | madipge-dom-monthly-d-retirement-widows | madipge-dom-monthly-d-pyh-cea | madipge-dom-monthly-d-pyh-emg | madipge-dom-monthly-d-pyh-era | madipge-dom-monthly-d-pyh-erp | madipge-dom-monthly-d-pyh-ecp | madipge-dom-monthly-d-pyh-inm | madipge-dom-monthly-d-pyh-cls | madipge-dom-monthly-d-pyh-pbb | madipge-dom-monthly-d-pyh-gsr | madipge-dom-monthly-d-pyh-svg | madipge-dom-monthly-d-pyh-svk | madipge-dom-monthly-d-pyh-svw | madipge-dom-monthly-d-pyh-svt | madipge-dom-monthly-d-pyh-svv | madipge-dom-monthly-d-pyh-spl | madipge-dom-monthly-d-pyh-oneoff-adv | madipge-dom-monthly-d-working-age","Payment component id","Direct match on generated dataset + variable name in inst/plida_metadata/variables.csv.",""
"dss","DOMINO","pyh_combined_dis","CMPNT_TYPE","character",51,"direct_plida_dataset_variable","DOMINO","CMPNT_TYPE","madipge-dom-monthly-d-disability-carers | madipge-dom-monthly-d-families-children | madipge-dom-monthly-d-older-students | madipge-dom-monthly-d-retirement-widows | madipge-dom-monthly-d-pyh-cea | madipge-dom-monthly-d-pyh-emg | madipge-dom-monthly-d-pyh-era | madipge-dom-monthly-d-pyh-erp | madipge-dom-monthly-d-pyh-ecp | madipge-dom-monthly-d-pyh-inm | madipge-dom-monthly-d-pyh-cls | madipge-dom-monthly-d-pyh-pbb | madipge-dom-monthly-d-pyh-gsr | madipge-dom-monthly-d-pyh-svg | madipge-dom-monthly-d-pyh-svk | madipge-dom-monthly-d-pyh-svw | madipge-dom-monthly-d-pyh-svt | madipge-dom-monthly-d-pyh-svv | madipge-dom-monthly-d-pyh-spl | madipge-dom-monthly-d-een-abstudy-hist | madipge-dom-monthly-d-een-aic-hist | madipge-dom-monthly-d-een-edep-hist | madipge-dom-monthly-d-pyh-oneoff-adv | madipge-dom-monthly-d-een-pes-hist | madipge-dom-monthly-d-working-age","Component type code","Direct match on generated dataset + variable name in inst/plida_metadata/variables.csv.",""
"dss","DOMINO","pyh_combined_dis","PERIOD_END_DATE","Date",51,"direct_plida_dataset_variable","DOMINO","PERIOD_END_DATE","madipge-dom-monthly-d-base | madipge-dom-monthly-d-disability-carers | madipge-dom-monthly-d-families-children | madipge-dom-monthly-d-older-students | madipge-dom-monthly-d-retirement-widows | madipge-dom-monthly-d-pyh-cea | madipge-dom-monthly-d-pyh-emg | madipge-dom-monthly-d-pyh-era | madipge-dom-monthly-d-pyh-erp | madipge-dom-monthly-d-pyh-ecp | madipge-dom-monthly-d-pyh-inm | madipge-dom-monthly-d-pyh-cls | madipge-dom-monthly-d-pyh-pbb | madipge-dom-monthly-d-pyh-gsr | madipge-dom-monthly-d-pyh-svg | madipge-dom-monthly-d-pyh-svk | madipge-dom-monthly-d-pyh-svw | madipge-dom-monthly-d-pyh-svt | madipge-dom-monthly-d-pyh-svv | madipge-dom-monthly-d-pyh-spl | madipge-dom-monthly-d-een-abstudy-hist | madipge-dom-monthly-d-een-aic-hist | madipge-dom-monthly-d-inc-dfi | madipge-dom-monthly-d-inc-dva | madipge-dom-monthly-d-een-edep-hist | madipge-dom-monthly-d-rlt-grandpar-grandchild | madipge-dom-monthly-d-inc-shc | madipge-dom-monthly-d-inc-cdep | madipge-dom-monthly-d-loc-pos-temp-term-dtls | madipge-dom-monthly-d-pyh-oneoff-adv | madipge-dom-monthly-d-inc-cdep-other | madipge-dom-monthly-d-een-pes-hist | madipge-dom-monthly-d-working-age | madipge-dom-monthly-d-rlt-prin-carer-beta","Event end date","Direct match on generated dataset + variable name in inst/plida_metadata/variables.csv.",""
"dss","DOMINO","pyh_combined_dis","PERIOD_START_DATE","Date",51,"direct_plida_dataset_variable","DOMINO","PERIOD_START_DATE","madipge-dom-monthly-d-base | madipge-dom-monthly-d-disability-carers | madipge-dom-monthly-d-families-children | madipge-dom-monthly-d-older-students | madipge-dom-monthly-d-retirement-widows | madipge-dom-monthly-d-pyh-cea | madipge-dom-monthly-d-pyh-emg | madipge-dom-monthly-d-pyh-era | madipge-dom-monthly-d-pyh-erp | madipge-dom-monthly-d-pyh-ecp | madipge-dom-monthly-d-pyh-inm | madipge-dom-monthly-d-pyh-cls | madipge-dom-monthly-d-pyh-pbb | madipge-dom-monthly-d-pyh-gsr | madipge-dom-monthly-d-pyh-svg | madipge-dom-monthly-d-pyh-svk | madipge-dom-monthly-d-pyh-svw | madipge-dom-monthly-d-pyh-svt | madipge-dom-monthly-d-pyh-svv | madipge-dom-monthly-d-pyh-spl | madipge-dom-monthly-d-een-abstudy-hist | madipge-dom-monthly-d-een-aic-hist | madipge-dom-monthly-d-inc-dfi | madipge-dom-monthly-d-inc-dva | madipge-dom-monthly-d-een-edep-hist | madipge-dom-monthly-d-rlt-grandpar-grandchild | madipge-dom-monthly-d-inc-shc | madipge-dom-monthly-d-inc-cdep | madipge-dom-monthly-d-loc-pos-temp-term-dtls | madipge-dom-monthly-d-pyh-oneoff-adv | madipge-dom-monthly-d-inc-cdep-other | madipge-dom-monthly-d-een-pes-hist | madipge-dom-monthly-d-working-age | madipge-dom-monthly-d-rlt-prin-carer-beta","Event start date","Direct match on generated dataset + variable name in inst/plida_metadata/variables.csv.",""
"dss","DOMINO","pyh_combined_dis","PYH_SOURCE","character",51,"direct_plida_dataset_variable","DOMINO","PYH_SOURCE","madipge-dom-monthly-d-disability-carers | madipge-dom-monthly-d-families-children | madipge-dom-monthly-d-older-students | madipge-dom-monthly-d-retirement-widows | madipge-dom-monthly-d-pyh-cea | madipge-dom-monthly-d-pyh-emg | madipge-dom-monthly-d-pyh-era | madipge-dom-monthly-d-pyh-erp | madipge-dom-monthly-d-pyh-ecp | madipge-dom-monthly-d-pyh-inm | madipge-dom-monthly-d-pyh-cls | madipge-dom-monthly-d-pyh-pbb | madipge-dom-monthly-d-pyh-gsr | madipge-dom-monthly-d-pyh-svg | madipge-dom-monthly-d-pyh-svk | madipge-dom-monthly-d-pyh-svw | madipge-dom-monthly-d-pyh-svt | madipge-dom-monthly-d-pyh-svv | madipge-dom-monthly-d-pyh-spl | madipge-dom-monthly-d-working-age","Payment source","Direct match on generated dataset + variable name in inst/plida_metadata/variables.csv.",""
"dss","DOMINO","pyh_combined_dis","SYNTHETIC_AEUID","character",51,"direct_plida_dataset_variable","DOMINO","SYNTHETIC_AEUID","madipge-dom-monthly-d-base | madipge-dom-monthly-d-disability-carers | madipge-dom-monthly-d-families-children | madipge-dom-monthly-d-indg-stat | madipge-dom-monthly-d-older-students | madipge-dom-monthly-d-retirement-widows | madipge-dom-monthly-d-pyh-cea | madipge-dom-monthly-d-pyh-emg | madipge-dom-monthly-d-pyh-era | madipge-dom-monthly-d-pyh-erp | madipge-dom-monthly-d-pyh-ecp | madipge-dom-monthly-d-pyh-inm | madipge-dom-monthly-d-pyh-cls | madipge-dom-monthly-d-pyh-pbb | madipge-dom-monthly-d-pyh-gsr | madipge-dom-monthly-d-pyh-svg | madipge-dom-monthly-d-pyh-svk | madipge-dom-monthly-d-pyh-svw | madipge-dom-monthly-d-pyh-svt | madipge-dom-monthly-d-pyh-svv | madipge-dom-monthly-d-pyh-spl | madipge-dom-monthly-d-een-abstudy-hist | madipge-dom-monthly-d-een-aic-hist | madipge-dom-monthly-d-inc-dfi | madipge-dom-monthly-d-inc-dva | madipge-dom-monthly-d-een-edep-hist | madipge-dom-monthly-d-rlt-grandpar-grandchild | madipge-dom-monthly-d-inc-shc | madipge-dom-monthly-d-inc-cdep | madipge-dom-monthly-d-loc-pos-temp-term-dtls | madipge-dom-monthly-d-pyh-oneoff-adv | madipge-dom-monthly-d-inc-cdep-other | madipge-dom-monthly-d-een-pes-hist | madipge-dom-monthly-d-working-age | madipge-dom-monthly-d-rlt-prin-carer-beta","Synthetic MADIP Person ID","Direct match on generated dataset + variable name in inst/plida_metadata/variables.csv.",""
"dss","DOMINO","pyh_combined_fam","BEN_TYPE","character",48,"direct_plida_dataset_variable","DOMINO","BEN_TYPE","madipge-dom-monthly-d-base | madipge-dom-monthly-d-disability-carers | madipge-dom-monthly-d-families-children | madipge-dom-monthly-d-older-students | madipge-dom-monthly-d-retirement-widows | madipge-dom-monthly-d-pyh-cea | madipge-dom-monthly-d-pyh-emg | madipge-dom-monthly-d-pyh-era | madipge-dom-monthly-d-pyh-erp | madipge-dom-monthly-d-pyh-ecp | madipge-dom-monthly-d-pyh-inm | madipge-dom-monthly-d-pyh-cls | madipge-dom-monthly-d-pyh-pbb | madipge-dom-monthly-d-pyh-gsr | madipge-dom-monthly-d-pyh-svg | madipge-dom-monthly-d-pyh-svk | madipge-dom-monthly-d-pyh-svw | madipge-dom-monthly-d-pyh-svt | madipge-dom-monthly-d-pyh-svv | madipge-dom-monthly-d-pyh-spl | madipge-dom-monthly-d-een-abstudy-hist | madipge-dom-monthly-d-een-aic-hist | madipge-dom-monthly-d-een-edep-hist | madipge-dom-monthly-d-pyh-oneoff-adv | madipge-dom-monthly-d-een-pes-hist | madipge-dom-monthly-d-working-age","Recipient benefit type code","Direct match on generated dataset + variable name in inst/plida_metadata/variables.csv.",""
"dss","DOMINO","pyh_combined_fam","CMPNT_DLY_AMT","numeric",48,"direct_plida_dataset_variable","DOMINO","CMPNT_DLY_AMT","madipge-dom-monthly-d-disability-carers | madipge-dom-monthly-d-families-children | madipge-dom-monthly-d-older-students | madipge-dom-monthly-d-retirement-widows | madipge-dom-monthly-d-pyh-cea | madipge-dom-monthly-d-pyh-emg | madipge-dom-monthly-d-pyh-era | madipge-dom-monthly-d-pyh-erp | madipge-dom-monthly-d-pyh-ecp | madipge-dom-monthly-d-pyh-inm | madipge-dom-monthly-d-pyh-cls | madipge-dom-monthly-d-pyh-pbb | madipge-dom-monthly-d-pyh-gsr | madipge-dom-monthly-d-pyh-svg | madipge-dom-monthly-d-pyh-svk | madipge-dom-monthly-d-pyh-svw | madipge-dom-monthly-d-pyh-svt | madipge-dom-monthly-d-pyh-svv | madipge-dom-monthly-d-pyh-spl | madipge-dom-monthly-d-een-abstudy-hist | madipge-dom-monthly-d-een-aic-hist | madipge-dom-monthly-d-een-edep-hist | madipge-dom-monthly-d-pyh-oneoff-adv | madipge-dom-monthly-d-een-pes-hist | madipge-dom-monthly-d-working-age","Component daily amount","Direct match on generated dataset + variable name in inst/plida_metadata/variables.csv.",""
"dss","DOMINO","pyh_combined_fam","CMPNT_ID","character",48,"direct_plida_dataset_variable","DOMINO","CMPNT_ID","madipge-dom-monthly-d-disability-carers | madipge-dom-monthly-d-families-children | madipge-dom-monthly-d-older-students | madipge-dom-monthly-d-retirement-widows | madipge-dom-monthly-d-pyh-cea | madipge-dom-monthly-d-pyh-emg | madipge-dom-monthly-d-pyh-era | madipge-dom-monthly-d-pyh-erp | madipge-dom-monthly-d-pyh-ecp | madipge-dom-monthly-d-pyh-inm | madipge-dom-monthly-d-pyh-cls | madipge-dom-monthly-d-pyh-pbb | madipge-dom-monthly-d-pyh-gsr | madipge-dom-monthly-d-pyh-svg | madipge-dom-monthly-d-pyh-svk | madipge-dom-monthly-d-pyh-svw | madipge-dom-monthly-d-pyh-svt | madipge-dom-monthly-d-pyh-svv | madipge-dom-monthly-d-pyh-spl | madipge-dom-monthly-d-pyh-oneoff-adv | madipge-dom-monthly-d-working-age","Payment component id","Direct match on generated dataset + variable name in inst/plida_metadata/variables.csv.",""
"dss","DOMINO","pyh_combined_fam","CMPNT_TYPE","character",48,"direct_plida_dataset_variable","DOMINO","CMPNT_TYPE","madipge-dom-monthly-d-disability-carers | madipge-dom-monthly-d-families-children | madipge-dom-monthly-d-older-students | madipge-dom-monthly-d-retirement-widows | madipge-dom-monthly-d-pyh-cea | madipge-dom-monthly-d-pyh-emg | madipge-dom-monthly-d-pyh-era | madipge-dom-monthly-d-pyh-erp | madipge-dom-monthly-d-pyh-ecp | madipge-dom-monthly-d-pyh-inm | madipge-dom-monthly-d-pyh-cls | madipge-dom-monthly-d-pyh-pbb | madipge-dom-monthly-d-pyh-gsr | madipge-dom-monthly-d-pyh-svg | madipge-dom-monthly-d-pyh-svk | madipge-dom-monthly-d-pyh-svw | madipge-dom-monthly-d-pyh-svt | madipge-dom-monthly-d-pyh-svv | madipge-dom-monthly-d-pyh-spl | madipge-dom-monthly-d-een-abstudy-hist | madipge-dom-monthly-d-een-aic-hist | madipge-dom-monthly-d-een-edep-hist | madipge-dom-monthly-d-pyh-oneoff-adv | madipge-dom-monthly-d-een-pes-hist | madipge-dom-monthly-d-working-age","Component type code","Direct match on generated dataset + variable name in inst/plida_metadata/variables.csv.",""
"dss","DOMINO","pyh_combined_fam","PERIOD_END_DATE","Date",48,"direct_plida_dataset_variable","DOMINO","PERIOD_END_DATE","madipge-dom-monthly-d-base | madipge-dom-monthly-d-disability-carers | madipge-dom-monthly-d-families-children | madipge-dom-monthly-d-older-students | madipge-dom-monthly-d-retirement-widows | madipge-dom-monthly-d-pyh-cea | madipge-dom-monthly-d-pyh-emg | madipge-dom-monthly-d-pyh-era | madipge-dom-monthly-d-pyh-erp | madipge-dom-monthly-d-pyh-ecp | madipge-dom-monthly-d-pyh-inm | madipge-dom-monthly-d-pyh-cls | madipge-dom-monthly-d-pyh-pbb | madipge-dom-monthly-d-pyh-gsr | madipge-dom-monthly-d-pyh-svg | madipge-dom-monthly-d-pyh-svk | madipge-dom-monthly-d-pyh-svw | madipge-dom-monthly-d-pyh-svt | madipge-dom-monthly-d-pyh-svv | madipge-dom-monthly-d-pyh-spl | madipge-dom-monthly-d-een-abstudy-hist | madipge-dom-monthly-d-een-aic-hist | madipge-dom-monthly-d-inc-dfi | madipge-dom-monthly-d-inc-dva | madipge-dom-monthly-d-een-edep-hist | madipge-dom-monthly-d-rlt-grandpar-grandchild | madipge-dom-monthly-d-inc-shc | madipge-dom-monthly-d-inc-cdep | madipge-dom-monthly-d-loc-pos-temp-term-dtls | madipge-dom-monthly-d-pyh-oneoff-adv | madipge-dom-monthly-d-inc-cdep-other | madipge-dom-monthly-d-een-pes-hist | madipge-dom-monthly-d-working-age | madipge-dom-monthly-d-rlt-prin-carer-beta","Event end date","Direct match on generated dataset + variable name in inst/plida_metadata/variables.csv.",""
"dss","DOMINO","pyh_combined_fam","PERIOD_START_DATE","Date",48,"direct_plida_dataset_variable","DOMINO","PERIOD_START_DATE","madipge-dom-monthly-d-base | madipge-dom-monthly-d-disability-carers | madipge-dom-monthly-d-families-children | madipge-dom-monthly-d-older-students | madipge-dom-monthly-d-retirement-widows | madipge-dom-monthly-d-pyh-cea | madipge-dom-monthly-d-pyh-emg | madipge-dom-monthly-d-pyh-era | madipge-dom-monthly-d-pyh-erp | madipge-dom-monthly-d-pyh-ecp | madipge-dom-monthly-d-pyh-inm | madipge-dom-monthly-d-pyh-cls | madipge-dom-monthly-d-pyh-pbb | madipge-dom-monthly-d-pyh-gsr | madipge-dom-monthly-d-pyh-svg | madipge-dom-monthly-d-pyh-svk | madipge-dom-monthly-d-pyh-svw | madipge-dom-monthly-d-pyh-svt | madipge-dom-monthly-d-pyh-svv | madipge-dom-monthly-d-pyh-spl | madipge-dom-monthly-d-een-abstudy-hist | madipge-dom-monthly-d-een-aic-hist | madipge-dom-monthly-d-inc-dfi | madipge-dom-monthly-d-inc-dva | madipge-dom-monthly-d-een-edep-hist | madipge-dom-monthly-d-rlt-grandpar-grandchild | madipge-dom-monthly-d-inc-shc | madipge-dom-monthly-d-inc-cdep | madipge-dom-monthly-d-loc-pos-temp-term-dtls | madipge-dom-monthly-d-pyh-oneoff-adv | madipge-dom-monthly-d-inc-cdep-other | madipge-dom-monthly-d-een-pes-hist | madipge-dom-monthly-d-working-age | madipge-dom-monthly-d-rlt-prin-carer-beta","Event start date","Direct match on generated dataset + variable name in inst/plida_metadata/variables.csv.",""
"dss","DOMINO","pyh_combined_fam","PYH_SOURCE","character",48,"direct_plida_dataset_variable","DOMINO","PYH_SOURCE","madipge-dom-monthly-d-disability-carers | madipge-dom-monthly-d-families-children | madipge-dom-monthly-d-older-students | madipge-dom-monthly-d-retirement-widows | madipge-dom-monthly-d-pyh-cea | madipge-dom-monthly-d-pyh-emg | madipge-dom-monthly-d-pyh-era | madipge-dom-monthly-d-pyh-erp | madipge-dom-monthly-d-pyh-ecp | madipge-dom-monthly-d-pyh-inm | madipge-dom-monthly-d-pyh-cls | madipge-dom-monthly-d-pyh-pbb | madipge-dom-monthly-d-pyh-gsr | madipge-dom-monthly-d-pyh-svg | madipge-dom-monthly-d-pyh-svk | madipge-dom-monthly-d-pyh-svw | madipge-dom-monthly-d-pyh-svt | madipge-dom-monthly-d-pyh-svv | madipge-dom-monthly-d-pyh-spl | madipge-dom-monthly-d-working-age","Payment source","Direct match on generated dataset + variable name in inst/plida_metadata/variables.csv.",""
"dss","DOMINO","pyh_combined_fam","SYNTHETIC_AEUID","character",48,"direct_plida_dataset_variable","DOMINO","SYNTHETIC_AEUID","madipge-dom-monthly-d-base | madipge-dom-monthly-d-disability-carers | madipge-dom-monthly-d-families-children | madipge-dom-monthly-d-indg-stat | madipge-dom-monthly-d-older-students | madipge-dom-monthly-d-retirement-widows | madipge-dom-monthly-d-pyh-cea | madipge-dom-monthly-d-pyh-emg | madipge-dom-monthly-d-pyh-era | madipge-dom-monthly-d-pyh-erp | madipge-dom-monthly-d-pyh-ecp | madipge-dom-monthly-d-pyh-inm | madipge-dom-monthly-d-pyh-cls | madipge-dom-monthly-d-pyh-pbb | madipge-dom-monthly-d-pyh-gsr | madipge-dom-monthly-d-pyh-svg | madipge-dom-monthly-d-pyh-svk | madipge-dom-monthly-d-pyh-svw | madipge-dom-monthly-d-pyh-svt | madipge-dom-monthly-d-pyh-svv | madipge-dom-monthly-d-pyh-spl | madipge-dom-monthly-d-een-abstudy-hist | madipge-dom-monthly-d-een-aic-hist | madipge-dom-monthly-d-inc-dfi | madipge-dom-monthly-d-inc-dva | madipge-dom-monthly-d-een-edep-hist | madipge-dom-monthly-d-rlt-grandpar-grandchild | madipge-dom-monthly-d-inc-shc | madipge-dom-monthly-d-inc-cdep | madipge-dom-monthly-d-loc-pos-temp-term-dtls | madipge-dom-monthly-d-pyh-oneoff-adv | madipge-dom-monthly-d-inc-cdep-other | madipge-dom-monthly-d-een-pes-hist | madipge-dom-monthly-d-working-age | madipge-dom-monthly-d-rlt-prin-carer-beta","Synthetic MADIP Person ID","Direct match on generated dataset + variable name in inst/plida_metadata/variables.csv.",""
"dss","DOMINO","pyh_combined_std","BEN_TYPE","character",232,"direct_plida_dataset_variable","DOMINO","BEN_TYPE","madipge-dom-monthly-d-base | madipge-dom-monthly-d-disability-carers | madipge-dom-monthly-d-families-children | madipge-dom-monthly-d-older-students | madipge-dom-monthly-d-retirement-widows | madipge-dom-monthly-d-pyh-cea | madipge-dom-monthly-d-pyh-emg | madipge-dom-monthly-d-pyh-era | madipge-dom-monthly-d-pyh-erp | madipge-dom-monthly-d-pyh-ecp | madipge-dom-monthly-d-pyh-inm | madipge-dom-monthly-d-pyh-cls | madipge-dom-monthly-d-pyh-pbb | madipge-dom-monthly-d-pyh-gsr | madipge-dom-monthly-d-pyh-svg | madipge-dom-monthly-d-pyh-svk | madipge-dom-monthly-d-pyh-svw | madipge-dom-monthly-d-pyh-svt | madipge-dom-monthly-d-pyh-svv | madipge-dom-monthly-d-pyh-spl | madipge-dom-monthly-d-een-abstudy-hist | madipge-dom-monthly-d-een-aic-hist | madipge-dom-monthly-d-een-edep-hist | madipge-dom-monthly-d-pyh-oneoff-adv | madipge-dom-monthly-d-een-pes-hist | madipge-dom-monthly-d-working-age","Recipient benefit type code","Direct match on generated dataset + variable name in inst/plida_metadata/variables.csv.",""
"dss","DOMINO","pyh_combined_std","CMPNT_DLY_AMT","numeric",232,"direct_plida_dataset_variable","DOMINO","CMPNT_DLY_AMT","madipge-dom-monthly-d-disability-carers | madipge-dom-monthly-d-families-children | madipge-dom-monthly-d-older-students | madipge-dom-monthly-d-retirement-widows | madipge-dom-monthly-d-pyh-cea | madipge-dom-monthly-d-pyh-emg | madipge-dom-monthly-d-pyh-era | madipge-dom-monthly-d-pyh-erp | madipge-dom-monthly-d-pyh-ecp | madipge-dom-monthly-d-pyh-inm | madipge-dom-monthly-d-pyh-cls | madipge-dom-monthly-d-pyh-pbb | madipge-dom-monthly-d-pyh-gsr | madipge-dom-monthly-d-pyh-svg | madipge-dom-monthly-d-pyh-svk | madipge-dom-monthly-d-pyh-svw | madipge-dom-monthly-d-pyh-svt | madipge-dom-monthly-d-pyh-svv | madipge-dom-monthly-d-pyh-spl | madipge-dom-monthly-d-een-abstudy-hist | madipge-dom-monthly-d-een-aic-hist | madipge-dom-monthly-d-een-edep-hist | madipge-dom-monthly-d-pyh-oneoff-adv | madipge-dom-monthly-d-een-pes-hist | madipge-dom-monthly-d-working-age","Component daily amount","Direct match on generated dataset + variable name in inst/plida_metadata/variables.csv.",""
"dss","DOMINO","pyh_combined_std","CMPNT_ID","character",232,"direct_plida_dataset_variable","DOMINO","CMPNT_ID","madipge-dom-monthly-d-disability-carers | madipge-dom-monthly-d-families-children | madipge-dom-monthly-d-older-students | madipge-dom-monthly-d-retirement-widows | madipge-dom-monthly-d-pyh-cea | madipge-dom-monthly-d-pyh-emg | madipge-dom-monthly-d-pyh-era | madipge-dom-monthly-d-pyh-erp | madipge-dom-monthly-d-pyh-ecp | madipge-dom-monthly-d-pyh-inm | madipge-dom-monthly-d-pyh-cls | madipge-dom-monthly-d-pyh-pbb | madipge-dom-monthly-d-pyh-gsr | madipge-dom-monthly-d-pyh-svg | madipge-dom-monthly-d-pyh-svk | madipge-dom-monthly-d-pyh-svw | madipge-dom-monthly-d-pyh-svt | madipge-dom-monthly-d-pyh-svv | madipge-dom-monthly-d-pyh-spl | madipge-dom-monthly-d-pyh-oneoff-adv | madipge-dom-monthly-d-working-age","Payment component id","Direct match on generated dataset + variable name in inst/plida_metadata/variables.csv.",""
"dss","DOMINO","pyh_combined_std","CMPNT_TYPE","character",232,"direct_plida_dataset_variable","DOMINO","CMPNT_TYPE","madipge-dom-monthly-d-disability-carers | madipge-dom-monthly-d-families-children | madipge-dom-monthly-d-older-students | madipge-dom-monthly-d-retirement-widows | madipge-dom-monthly-d-pyh-cea | madipge-dom-monthly-d-pyh-emg | madipge-dom-monthly-d-pyh-era | madipge-dom-monthly-d-pyh-erp | madipge-dom-monthly-d-pyh-ecp | madipge-dom-monthly-d-pyh-inm | madipge-dom-monthly-d-pyh-cls | madipge-dom-monthly-d-pyh-pbb | madipge-dom-monthly-d-pyh-gsr | madipge-dom-monthly-d-pyh-svg | madipge-dom-monthly-d-pyh-svk | madipge-dom-monthly-d-pyh-svw | madipge-dom-monthly-d-pyh-svt | madipge-dom-monthly-d-pyh-svv | madipge-dom-monthly-d-pyh-spl | madipge-dom-monthly-d-een-abstudy-hist | madipge-dom-monthly-d-een-aic-hist | madipge-dom-monthly-d-een-edep-hist | madipge-dom-monthly-d-pyh-oneoff-adv | madipge-dom-monthly-d-een-pes-hist | madipge-dom-monthly-d-working-age","Component type code","Direct match on generated dataset + variable name in inst/plida_metadata/variables.csv.",""
"dss","DOMINO","pyh_combined_std","PERIOD_END_DATE","Date",232,"direct_plida_dataset_variable","DOMINO","PERIOD_END_DATE","madipge-dom-monthly-d-base | madipge-dom-monthly-d-disability-carers | madipge-dom-monthly-d-families-children | madipge-dom-monthly-d-older-students | madipge-dom-monthly-d-retirement-widows | madipge-dom-monthly-d-pyh-cea | madipge-dom-monthly-d-pyh-emg | madipge-dom-monthly-d-pyh-era | madipge-dom-monthly-d-pyh-erp | madipge-dom-monthly-d-pyh-ecp | madipge-dom-monthly-d-pyh-inm | madipge-dom-monthly-d-pyh-cls | madipge-dom-monthly-d-pyh-pbb | madipge-dom-monthly-d-pyh-gsr | madipge-dom-monthly-d-pyh-svg | madipge-dom-monthly-d-pyh-svk | madipge-dom-monthly-d-pyh-svw | madipge-dom-monthly-d-pyh-svt | madipge-dom-monthly-d-pyh-svv | madipge-dom-monthly-d-pyh-spl | madipge-dom-monthly-d-een-abstudy-hist | madipge-dom-monthly-d-een-aic-hist | madipge-dom-monthly-d-inc-dfi | madipge-dom-monthly-d-inc-dva | madipge-dom-monthly-d-een-edep-hist | madipge-dom-monthly-d-rlt-grandpar-grandchild | madipge-dom-monthly-d-inc-shc | madipge-dom-monthly-d-inc-cdep | madipge-dom-monthly-d-loc-pos-temp-term-dtls | madipge-dom-monthly-d-pyh-oneoff-adv | madipge-dom-monthly-d-inc-cdep-other | madipge-dom-monthly-d-een-pes-hist | madipge-dom-monthly-d-working-age | madipge-dom-monthly-d-rlt-prin-carer-beta","Event end date","Direct match on generated dataset + variable name in inst/plida_metadata/variables.csv.",""
"dss","DOMINO","pyh_combined_std","PERIOD_START_DATE","Date",232,"direct_plida_dataset_variable","DOMINO","PERIOD_START_DATE","madipge-dom-monthly-d-base | madipge-dom-monthly-d-disability-carers | madipge-dom-monthly-d-families-children | madipge-dom-monthly-d-older-students | madipge-dom-monthly-d-retirement-widows | madipge-dom-monthly-d-pyh-cea | madipge-dom-monthly-d-pyh-emg | madipge-dom-monthly-d-pyh-era | madipge-dom-monthly-d-pyh-erp | madipge-dom-monthly-d-pyh-ecp | madipge-dom-monthly-d-pyh-inm | madipge-dom-monthly-d-pyh-cls | madipge-dom-monthly-d-pyh-pbb | madipge-dom-monthly-d-pyh-gsr | madipge-dom-monthly-d-pyh-svg | madipge-dom-monthly-d-pyh-svk | madipge-dom-monthly-d-pyh-svw | madipge-dom-monthly-d-pyh-svt | madipge-dom-monthly-d-pyh-svv | madipge-dom-monthly-d-pyh-spl | madipge-dom-monthly-d-een-abstudy-hist | madipge-dom-monthly-d-een-aic-hist | madipge-dom-monthly-d-inc-dfi | madipge-dom-monthly-d-inc-dva | madipge-dom-monthly-d-een-edep-hist | madipge-dom-monthly-d-rlt-grandpar-grandchild | madipge-dom-monthly-d-inc-shc | madipge-dom-monthly-d-inc-cdep | madipge-dom-monthly-d-loc-pos-temp-term-dtls | madipge-dom-monthly-d-pyh-oneoff-adv | madipge-dom-monthly-d-inc-cdep-other | madipge-dom-monthly-d-een-pes-hist | madipge-dom-monthly-d-working-age | madipge-dom-monthly-d-rlt-prin-carer-beta","Event start date","Direct match on generated dataset + variable name in inst/plida_metadata/variables.csv.",""
"dss","DOMINO","pyh_combined_std","PYH_SOURCE","character",232,"direct_plida_dataset_variable","DOMINO","PYH_SOURCE","madipge-dom-monthly-d-disability-carers | madipge-dom-monthly-d-families-children | madipge-dom-monthly-d-older-students | madipge-dom-monthly-d-retirement-widows | madipge-dom-monthly-d-pyh-cea | madipge-dom-monthly-d-pyh-emg | madipge-dom-monthly-d-pyh-era | madipge-dom-monthly-d-pyh-erp | madipge-dom-monthly-d-pyh-ecp | madipge-dom-monthly-d-pyh-inm | madipge-dom-monthly-d-pyh-cls | madipge-dom-monthly-d-pyh-pbb | madipge-dom-monthly-d-pyh-gsr | madipge-dom-monthly-d-pyh-svg | madipge-dom-monthly-d-pyh-svk | madipge-dom-monthly-d-pyh-svw | madipge-dom-monthly-d-pyh-svt | madipge-dom-monthly-d-pyh-svv | madipge-dom-monthly-d-pyh-spl | madipge-dom-monthly-d-working-age","Payment source","Direct match on generated dataset + variable name in inst/plida_metadata/variables.csv.",""
"dss","DOMINO","pyh_combined_std","SYNTHETIC_AEUID","character",232,"direct_plida_dataset_variable","DOMINO","SYNTHETIC_AEUID","madipge-dom-monthly-d-base | madipge-dom-monthly-d-disability-carers | madipge-dom-monthly-d-families-children | madipge-dom-monthly-d-indg-stat | madipge-dom-monthly-d-older-students | madipge-dom-monthly-d-retirement-widows | madipge-dom-monthly-d-pyh-cea | madipge-dom-monthly-d-pyh-emg | madipge-dom-monthly-d-pyh-era | madipge-dom-monthly-d-pyh-erp | madipge-dom-monthly-d-pyh-ecp | madipge-dom-monthly-d-pyh-inm | madipge-dom-monthly-d-pyh-cls | madipge-dom-monthly-d-pyh-pbb | madipge-dom-monthly-d-pyh-gsr | madipge-dom-monthly-d-pyh-svg | madipge-dom-monthly-d-pyh-svk | madipge-dom-monthly-d-pyh-svw | madipge-dom-monthly-d-pyh-svt | madipge-dom-monthly-d-pyh-svv | madipge-dom-monthly-d-pyh-spl | madipge-dom-monthly-d-een-abstudy-hist | madipge-dom-monthly-d-een-aic-hist | madipge-dom-monthly-d-inc-dfi | madipge-dom-monthly-d-inc-dva | madipge-dom-monthly-d-een-edep-hist | madipge-dom-monthly-d-rlt-grandpar-grandchild | madipge-dom-monthly-d-inc-shc | madipge-dom-monthly-d-inc-cdep | madipge-dom-monthly-d-loc-pos-temp-term-dtls | madipge-dom-monthly-d-pyh-oneoff-adv | madipge-dom-monthly-d-inc-cdep-other | madipge-dom-monthly-d-een-pes-hist | madipge-dom-monthly-d-working-age | madipge-dom-monthly-d-rlt-prin-carer-beta","Synthetic MADIP Person ID","Direct match on generated dataset + variable name in inst/plida_metadata/variables.csv.",""
"dss","DOMINO","pyh_combined_wrk","BEN_TYPE","character",528,"direct_plida_dataset_variable","DOMINO","BEN_TYPE","madipge-dom-monthly-d-base | madipge-dom-monthly-d-disability-carers | madipge-dom-monthly-d-families-children | madipge-dom-monthly-d-older-students | madipge-dom-monthly-d-retirement-widows | madipge-dom-monthly-d-pyh-cea | madipge-dom-monthly-d-pyh-emg | madipge-dom-monthly-d-pyh-era | madipge-dom-monthly-d-pyh-erp | madipge-dom-monthly-d-pyh-ecp | madipge-dom-monthly-d-pyh-inm | madipge-dom-monthly-d-pyh-cls | madipge-dom-monthly-d-pyh-pbb | madipge-dom-monthly-d-pyh-gsr | madipge-dom-monthly-d-pyh-svg | madipge-dom-monthly-d-pyh-svk | madipge-dom-monthly-d-pyh-svw | madipge-dom-monthly-d-pyh-svt | madipge-dom-monthly-d-pyh-svv | madipge-dom-monthly-d-pyh-spl | madipge-dom-monthly-d-een-abstudy-hist | madipge-dom-monthly-d-een-aic-hist | madipge-dom-monthly-d-een-edep-hist | madipge-dom-monthly-d-pyh-oneoff-adv | madipge-dom-monthly-d-een-pes-hist | madipge-dom-monthly-d-working-age","Recipient benefit type code","Direct match on generated dataset + variable name in inst/plida_metadata/variables.csv.",""
"dss","DOMINO","pyh_combined_wrk","CMPNT_DLY_AMT","numeric",528,"direct_plida_dataset_variable","DOMINO","CMPNT_DLY_AMT","madipge-dom-monthly-d-disability-carers | madipge-dom-monthly-d-families-children | madipge-dom-monthly-d-older-students | madipge-dom-monthly-d-retirement-widows | madipge-dom-monthly-d-pyh-cea | madipge-dom-monthly-d-pyh-emg | madipge-dom-monthly-d-pyh-era | madipge-dom-monthly-d-pyh-erp | madipge-dom-monthly-d-pyh-ecp | madipge-dom-monthly-d-pyh-inm | madipge-dom-monthly-d-pyh-cls | madipge-dom-monthly-d-pyh-pbb | madipge-dom-monthly-d-pyh-gsr | madipge-dom-monthly-d-pyh-svg | madipge-dom-monthly-d-pyh-svk | madipge-dom-monthly-d-pyh-svw | madipge-dom-monthly-d-pyh-svt | madipge-dom-monthly-d-pyh-svv | madipge-dom-monthly-d-pyh-spl | madipge-dom-monthly-d-een-abstudy-hist | madipge-dom-monthly-d-een-aic-hist | madipge-dom-monthly-d-een-edep-hist | madipge-dom-monthly-d-pyh-oneoff-adv | madipge-dom-monthly-d-een-pes-hist | madipge-dom-monthly-d-working-age","Component daily amount","Direct match on generated dataset + variable name in inst/plida_metadata/variables.csv.",""
"dss","DOMINO","pyh_combined_wrk","CMPNT_ID","character",528,"direct_plida_dataset_variable","DOMINO","CMPNT_ID","madipge-dom-monthly-d-disability-carers | madipge-dom-monthly-d-families-children | madipge-dom-monthly-d-older-students | madipge-dom-monthly-d-retirement-widows | madipge-dom-monthly-d-pyh-cea | madipge-dom-monthly-d-pyh-emg | madipge-dom-monthly-d-pyh-era | madipge-dom-monthly-d-pyh-erp | madipge-dom-monthly-d-pyh-ecp | madipge-dom-monthly-d-pyh-inm | madipge-dom-monthly-d-pyh-cls | madipge-dom-monthly-d-pyh-pbb | madipge-dom-monthly-d-pyh-gsr | madipge-dom-monthly-d-pyh-svg | madipge-dom-monthly-d-pyh-svk | madipge-dom-monthly-d-pyh-svw | madipge-dom-monthly-d-pyh-svt | madipge-dom-monthly-d-pyh-svv | madipge-dom-monthly-d-pyh-spl | madipge-dom-monthly-d-pyh-oneoff-adv | madipge-dom-monthly-d-working-age","Payment component id","Direct match on generated dataset + variable name in inst/plida_metadata/variables.csv.",""
"dss","DOMINO","pyh_combined_wrk","CMPNT_TYPE","character",528,"direct_plida_dataset_variable","DOMINO","CMPNT_TYPE","madipge-dom-monthly-d-disability-carers | madipge-dom-monthly-d-families-children | madipge-dom-monthly-d-older-students | madipge-dom-monthly-d-retirement-widows | madipge-dom-monthly-d-pyh-cea | madipge-dom-monthly-d-pyh-emg | madipge-dom-monthly-d-pyh-era | madipge-dom-monthly-d-pyh-erp | madipge-dom-monthly-d-pyh-ecp | madipge-dom-monthly-d-pyh-inm | madipge-dom-monthly-d-pyh-cls | madipge-dom-monthly-d-pyh-pbb | madipge-dom-monthly-d-pyh-gsr | madipge-dom-monthly-d-pyh-svg | madipge-dom-monthly-d-pyh-svk | madipge-dom-monthly-d-pyh-svw | madipge-dom-monthly-d-pyh-svt | madipge-dom-monthly-d-pyh-svv | madipge-dom-monthly-d-pyh-spl | madipge-dom-monthly-d-een-abstudy-hist | madipge-dom-monthly-d-een-aic-hist | madipge-dom-monthly-d-een-edep-hist | madipge-dom-monthly-d-pyh-oneoff-adv | madipge-dom-monthly-d-een-pes-hist | madipge-dom-monthly-d-working-age","Component type code","Direct match on generated dataset + variable name in inst/plida_metadata/variables.csv.",""
"dss","DOMINO","pyh_combined_wrk","PERIOD_END_DATE","Date",528,"direct_plida_dataset_variable","DOMINO","PERIOD_END_DATE","madipge-dom-monthly-d-base | madipge-dom-monthly-d-disability-carers | madipge-dom-monthly-d-families-children | madipge-dom-monthly-d-older-students | madipge-dom-monthly-d-retirement-widows | madipge-dom-monthly-d-pyh-cea | madipge-dom-monthly-d-pyh-emg | madipge-dom-monthly-d-pyh-era | madipge-dom-monthly-d-pyh-erp | madipge-dom-monthly-d-pyh-ecp | madipge-dom-monthly-d-pyh-inm | madipge-dom-monthly-d-pyh-cls | madipge-dom-monthly-d-pyh-pbb | madipge-dom-monthly-d-pyh-gsr | madipge-dom-monthly-d-pyh-svg | madipge-dom-monthly-d-pyh-svk | madipge-dom-monthly-d-pyh-svw | madipge-dom-monthly-d-pyh-svt | madipge-dom-monthly-d-pyh-svv | madipge-dom-monthly-d-pyh-spl | madipge-dom-monthly-d-een-abstudy-hist | madipge-dom-monthly-d-een-aic-hist | madipge-dom-monthly-d-inc-dfi | madipge-dom-monthly-d-inc-dva | madipge-dom-monthly-d-een-edep-hist | madipge-dom-monthly-d-rlt-grandpar-grandchild | madipge-dom-monthly-d-inc-shc | madipge-dom-monthly-d-inc-cdep | madipge-dom-monthly-d-loc-pos-temp-term-dtls | madipge-dom-monthly-d-pyh-oneoff-adv | madipge-dom-monthly-d-inc-cdep-other | madipge-dom-monthly-d-een-pes-hist | madipge-dom-monthly-d-working-age | madipge-dom-monthly-d-rlt-prin-carer-beta","Event end date","Direct match on generated dataset + variable name in inst/plida_metadata/variables.csv.",""
"dss","DOMINO","pyh_combined_wrk","PERIOD_START_DATE","Date",528,"direct_plida_dataset_variable","DOMINO","PERIOD_START_DATE","madipge-dom-monthly-d-base | madipge-dom-monthly-d-disability-carers | madipge-dom-monthly-d-families-children | madipge-dom-monthly-d-older-students | madipge-dom-monthly-d-retirement-widows | madipge-dom-monthly-d-pyh-cea | madipge-dom-monthly-d-pyh-emg | madipge-dom-monthly-d-pyh-era | madipge-dom-monthly-d-pyh-erp | madipge-dom-monthly-d-pyh-ecp | madipge-dom-monthly-d-pyh-inm | madipge-dom-monthly-d-pyh-cls | madipge-dom-monthly-d-pyh-pbb | madipge-dom-monthly-d-pyh-gsr | madipge-dom-monthly-d-pyh-svg | madipge-dom-monthly-d-pyh-svk | madipge-dom-monthly-d-pyh-svw | madipge-dom-monthly-d-pyh-svt | madipge-dom-monthly-d-pyh-svv | madipge-dom-monthly-d-pyh-spl | madipge-dom-monthly-d-een-abstudy-hist | madipge-dom-monthly-d-een-aic-hist | madipge-dom-monthly-d-inc-dfi | madipge-dom-monthly-d-inc-dva | madipge-dom-monthly-d-een-edep-hist | madipge-dom-monthly-d-rlt-grandpar-grandchild | madipge-dom-monthly-d-inc-shc | madipge-dom-monthly-d-inc-cdep | madipge-dom-monthly-d-loc-pos-temp-term-dtls | madipge-dom-monthly-d-pyh-oneoff-adv | madipge-dom-monthly-d-inc-cdep-other | madipge-dom-monthly-d-een-pes-hist | madipge-dom-monthly-d-working-age | madipge-dom-monthly-d-rlt-prin-carer-beta","Event start date","Direct match on generated dataset + variable name in inst/plida_metadata/variables.csv.",""
"dss","DOMINO","pyh_combined_wrk","PYH_SOURCE","character",528,"direct_plida_dataset_variable","DOMINO","PYH_SOURCE","madipge-dom-monthly-d-disability-carers | madipge-dom-monthly-d-families-children | madipge-dom-monthly-d-older-students | madipge-dom-monthly-d-retirement-widows | madipge-dom-monthly-d-pyh-cea | madipge-dom-monthly-d-pyh-emg | madipge-dom-monthly-d-pyh-era | madipge-dom-monthly-d-pyh-erp | madipge-dom-monthly-d-pyh-ecp | madipge-dom-monthly-d-pyh-inm | madipge-dom-monthly-d-pyh-cls | madipge-dom-monthly-d-pyh-pbb | madipge-dom-monthly-d-pyh-gsr | madipge-dom-monthly-d-pyh-svg | madipge-dom-monthly-d-pyh-svk | madipge-dom-monthly-d-pyh-svw | madipge-dom-monthly-d-pyh-svt | madipge-dom-monthly-d-pyh-svv | madipge-dom-monthly-d-pyh-spl | madipge-dom-monthly-d-working-age","Payment source","Direct match on generated dataset + variable name in inst/plida_metadata/variables.csv.",""
"dss","DOMINO","pyh_combined_wrk","SYNTHETIC_AEUID","character",528,"direct_plida_dataset_variable","DOMINO","SYNTHETIC_AEUID","madipge-dom-monthly-d-base | madipge-dom-monthly-d-disability-carers | madipge-dom-monthly-d-families-children | madipge-dom-monthly-d-indg-stat | madipge-dom-monthly-d-older-students | madipge-dom-monthly-d-retirement-widows | madipge-dom-monthly-d-pyh-cea | madipge-dom-monthly-d-pyh-emg | madipge-dom-monthly-d-pyh-era | madipge-dom-monthly-d-pyh-erp | madipge-dom-monthly-d-pyh-ecp | madipge-dom-monthly-d-pyh-inm | madipge-dom-monthly-d-pyh-cls | madipge-dom-monthly-d-pyh-pbb | madipge-dom-monthly-d-pyh-gsr | madipge-dom-monthly-d-pyh-svg | madipge-dom-monthly-d-pyh-svk | madipge-dom-monthly-d-pyh-svw | madipge-dom-monthly-d-pyh-svt | madipge-dom-monthly-d-pyh-svv | madipge-dom-monthly-d-pyh-spl | madipge-dom-monthly-d-een-abstudy-hist | madipge-dom-monthly-d-een-aic-hist | madipge-dom-monthly-d-inc-dfi | madipge-dom-monthly-d-inc-dva | madipge-dom-monthly-d-een-edep-hist | madipge-dom-monthly-d-rlt-grandpar-grandchild | madipge-dom-monthly-d-inc-shc | madipge-dom-monthly-d-inc-cdep | madipge-dom-monthly-d-loc-pos-temp-term-dtls | madipge-dom-monthly-d-pyh-oneoff-adv | madipge-dom-monthly-d-inc-cdep-other | madipge-dom-monthly-d-een-pes-hist | madipge-dom-monthly-d-working-age | madipge-dom-monthly-d-rlt-prin-carer-beta","Synthetic MADIP Person ID","Direct match on generated dataset + variable name in inst/plida_metadata/variables.csv.",""
"dss","DOMINO","rlt_prin_carer_beta","BEN_TYPE_CODE","character",187,"direct_plida_dataset_variable","DOMINO","BEN_TYPE_CODE","madipge-dom-monthly-d-base | madipge-dom-monthly-d-inc-dfi | madipge-dom-monthly-d-rlt-prin-carer-beta","Recipient benefit type code","Direct match on generated dataset + variable name in inst/plida_metadata/variables.csv.",""
"dss","DOMINO","rlt_prin_carer_beta","EXT_DOM_REL_ID","character",187,"direct_plida_dataset_variable","DOMINO","EXT_DOM_REL_ID","madipge-dom-monthly-d-base | madipge-dom-monthly-d-rlt-grandpar-grandchild | madipge-dom-monthly-d-rlt-prin-carer-beta","Relationship person id","Direct match on generated dataset + variable name in inst/plida_metadata/variables.csv.",""
"dss","DOMINO","rlt_prin_carer_beta","PERIOD_END_DATE","Date",187,"direct_plida_dataset_variable","DOMINO","PERIOD_END_DATE","madipge-dom-monthly-d-base | madipge-dom-monthly-d-disability-carers | madipge-dom-monthly-d-families-children | madipge-dom-monthly-d-older-students | madipge-dom-monthly-d-retirement-widows | madipge-dom-monthly-d-pyh-cea | madipge-dom-monthly-d-pyh-emg | madipge-dom-monthly-d-pyh-era | madipge-dom-monthly-d-pyh-erp | madipge-dom-monthly-d-pyh-ecp | madipge-dom-monthly-d-pyh-inm | madipge-dom-monthly-d-pyh-cls | madipge-dom-monthly-d-pyh-pbb | madipge-dom-monthly-d-pyh-gsr | madipge-dom-monthly-d-pyh-svg | madipge-dom-monthly-d-pyh-svk | madipge-dom-monthly-d-pyh-svw | madipge-dom-monthly-d-pyh-svt | madipge-dom-monthly-d-pyh-svv | madipge-dom-monthly-d-pyh-spl | madipge-dom-monthly-d-een-abstudy-hist | madipge-dom-monthly-d-een-aic-hist | madipge-dom-monthly-d-inc-dfi | madipge-dom-monthly-d-inc-dva | madipge-dom-monthly-d-een-edep-hist | madipge-dom-monthly-d-rlt-grandpar-grandchild | madipge-dom-monthly-d-inc-shc | madipge-dom-monthly-d-inc-cdep | madipge-dom-monthly-d-loc-pos-temp-term-dtls | madipge-dom-monthly-d-pyh-oneoff-adv | madipge-dom-monthly-d-inc-cdep-other | madipge-dom-monthly-d-een-pes-hist | madipge-dom-monthly-d-working-age | madipge-dom-monthly-d-rlt-prin-carer-beta","Event end date","Direct match on generated dataset + variable name in inst/plida_metadata/variables.csv.",""
"dss","DOMINO","rlt_prin_carer_beta","PERIOD_START_DATE","Date",187,"direct_plida_dataset_variable","DOMINO","PERIOD_START_DATE","madipge-dom-monthly-d-base | madipge-dom-monthly-d-disability-carers | madipge-dom-monthly-d-families-children | madipge-dom-monthly-d-older-students | madipge-dom-monthly-d-retirement-widows | madipge-dom-monthly-d-pyh-cea | madipge-dom-monthly-d-pyh-emg | madipge-dom-monthly-d-pyh-era | madipge-dom-monthly-d-pyh-erp | madipge-dom-monthly-d-pyh-ecp | madipge-dom-monthly-d-pyh-inm | madipge-dom-monthly-d-pyh-cls | madipge-dom-monthly-d-pyh-pbb | madipge-dom-monthly-d-pyh-gsr | madipge-dom-monthly-d-pyh-svg | madipge-dom-monthly-d-pyh-svk | madipge-dom-monthly-d-pyh-svw | madipge-dom-monthly-d-pyh-svt | madipge-dom-monthly-d-pyh-svv | madipge-dom-monthly-d-pyh-spl | madipge-dom-monthly-d-een-abstudy-hist | madipge-dom-monthly-d-een-aic-hist | madipge-dom-monthly-d-inc-dfi | madipge-dom-monthly-d-inc-dva | madipge-dom-monthly-d-een-edep-hist | madipge-dom-monthly-d-rlt-grandpar-grandchild | madipge-dom-monthly-d-inc-shc | madipge-dom-monthly-d-inc-cdep | madipge-dom-monthly-d-loc-pos-temp-term-dtls | madipge-dom-monthly-d-pyh-oneoff-adv | madipge-dom-monthly-d-inc-cdep-other | madipge-dom-monthly-d-een-pes-hist | madipge-dom-monthly-d-working-age | madipge-dom-monthly-d-rlt-prin-carer-beta","Event start date","Direct match on generated dataset + variable name in inst/plida_metadata/variables.csv.",""
"dss","DOMINO","rlt_prin_carer_beta","SYNTHETIC_AEUID","character",187,"direct_plida_dataset_variable","DOMINO","SYNTHETIC_AEUID","madipge-dom-monthly-d-base | madipge-dom-monthly-d-disability-carers | madipge-dom-monthly-d-families-children | madipge-dom-monthly-d-indg-stat | madipge-dom-monthly-d-older-students | madipge-dom-monthly-d-retirement-widows | madipge-dom-monthly-d-pyh-cea | madipge-dom-monthly-d-pyh-emg | madipge-dom-monthly-d-pyh-era | madipge-dom-monthly-d-pyh-erp | madipge-dom-monthly-d-pyh-ecp | madipge-dom-monthly-d-pyh-inm | madipge-dom-monthly-d-pyh-cls | madipge-dom-monthly-d-pyh-pbb | madipge-dom-monthly-d-pyh-gsr | madipge-dom-monthly-d-pyh-svg | madipge-dom-monthly-d-pyh-svk | madipge-dom-monthly-d-pyh-svw | madipge-dom-monthly-d-pyh-svt | madipge-dom-monthly-d-pyh-svv | madipge-dom-monthly-d-pyh-spl | madipge-dom-monthly-d-een-abstudy-hist | madipge-dom-monthly-d-een-aic-hist | madipge-dom-monthly-d-inc-dfi | madipge-dom-monthly-d-inc-dva | madipge-dom-monthly-d-een-edep-hist | madipge-dom-monthly-d-rlt-grandpar-grandchild | madipge-dom-monthly-d-inc-shc | madipge-dom-monthly-d-inc-cdep | madipge-dom-monthly-d-loc-pos-temp-term-dtls | madipge-dom-monthly-d-pyh-oneoff-adv | madipge-dom-monthly-d-inc-cdep-other | madipge-dom-monthly-d-een-pes-hist | madipge-dom-monthly-d-working-age | madipge-dom-monthly-d-rlt-prin-carer-beta","Synthetic MADIP Person ID","Direct match on generated dataset + variable name in inst/plida_metadata/variables.csv.",""
"dss","DOMINO","static_demogs","AGE","integer",1442,"direct_plida_dataset_variable","DOMINO","AGE","madipge-dom-monthly-d-base","Recipient age as of extract date","Direct match on generated dataset + variable name in inst/plida_metadata/variables.csv.",""
"dss","DOMINO","static_demogs","BIRTH_CTRY_CODE","integer",1442,"direct_plida_dataset_variable","DOMINO","BIRTH_CTRY_CODE","madipge-dom-monthly-d-base","Recipient country of birth code","Direct match on generated dataset + variable name in inst/plida_metadata/variables.csv.",""
"dss","DOMINO","static_demogs","DEATH_IND","character",1442,"direct_plida_dataset_variable","DOMINO","DEATH_IND","madipge-dom-monthly-d-base","Death indicator","Direct match on generated dataset + variable name in inst/plida_metadata/variables.csv.",""
"dss","DOMINO","static_demogs","GENDER","character",1442,"direct_plida_dataset_variable","DOMINO","GENDER","madipge-dom-monthly-d-base","Recipient gender","Direct match on generated dataset + variable name in inst/plida_metadata/variables.csv.",""
"dss","DOMINO","static_demogs","INTERPRETER_IND","character",1442,"direct_plida_dataset_variable","DOMINO","INTERPRETER_IND","madipge-dom-monthly-d-base","Interpreter service required indicator","Direct match on generated dataset + variable name in inst/plida_metadata/variables.csv.",""
"dss","DOMINO","static_demogs","LANG_CODE","character",1442,"direct_plida_dataset_variable","DOMINO","LANG_CODE","madipge-dom-monthly-d-base","Preferred spoken language code","Direct match on generated dataset + variable name in inst/plida_metadata/variables.csv.",""
"dss","DOMINO","static_demogs","MONTH_OF_BIRTH","integer",1442,"direct_plida_dataset_variable","DOMINO","MONTH_OF_BIRTH","madipge-dom-monthly-d-base","Birth month","Direct match on generated dataset + variable name in inst/plida_metadata/variables.csv.",""
"dss","DOMINO","static_demogs","MONTH_OF_DEATH","integer",1442,"generated_derived_from_same_dataset_metadata","DOMINO","DATE_OF_DEATH","madipge-dom-monthly-d-base","Recipient date of death","Generated field derived from a same-dataset local metadata variable; generated name is not the source variable name.","Generated month component is derived from DATE_OF_DEATH; no separate source month variable was found."
"dss","DOMINO","static_demogs","OBJECT_TYPE_CODE","character",1442,"direct_plida_dataset_variable","DOMINO","OBJECT_TYPE_CODE","madipge-dom-monthly-d-base","Object type code","Direct match on generated dataset + variable name in inst/plida_metadata/variables.csv.",""
"dss","DOMINO","static_demogs","PEN_BLIND_START_DATE","Date",1442,"direct_plida_dataset_variable","DOMINO","PEN_BLIND_START_DATE","madipge-dom-monthly-d-base","Recipient pension blindness start date","Direct match on generated dataset + variable name in inst/plida_metadata/variables.csv.",""
"dss","DOMINO","static_demogs","SYNTHETIC_AEUID","character",1442,"direct_plida_dataset_variable","DOMINO","SYNTHETIC_AEUID","madipge-dom-monthly-d-base | madipge-dom-monthly-d-disability-carers | madipge-dom-monthly-d-families-children | madipge-dom-monthly-d-indg-stat | madipge-dom-monthly-d-older-students | madipge-dom-monthly-d-retirement-widows | madipge-dom-monthly-d-pyh-cea | madipge-dom-monthly-d-pyh-emg | madipge-dom-monthly-d-pyh-era | madipge-dom-monthly-d-pyh-erp | madipge-dom-monthly-d-pyh-ecp | madipge-dom-monthly-d-pyh-inm | madipge-dom-monthly-d-pyh-cls | madipge-dom-monthly-d-pyh-pbb | madipge-dom-monthly-d-pyh-gsr | madipge-dom-monthly-d-pyh-svg | madipge-dom-monthly-d-pyh-svk | madipge-dom-monthly-d-pyh-svw | madipge-dom-monthly-d-pyh-svt | madipge-dom-monthly-d-pyh-svv | madipge-dom-monthly-d-pyh-spl | madipge-dom-monthly-d-een-abstudy-hist | madipge-dom-monthly-d-een-aic-hist | madipge-dom-monthly-d-inc-dfi | madipge-dom-monthly-d-inc-dva | madipge-dom-monthly-d-een-edep-hist | madipge-dom-monthly-d-rlt-grandpar-grandchild | madipge-dom-monthly-d-inc-shc | madipge-dom-monthly-d-inc-cdep | madipge-dom-monthly-d-loc-pos-temp-term-dtls | madipge-dom-monthly-d-pyh-oneoff-adv | madipge-dom-monthly-d-inc-cdep-other | madipge-dom-monthly-d-een-pes-hist | madipge-dom-monthly-d-working-age | madipge-dom-monthly-d-rlt-prin-carer-beta","Synthetic MADIP Person ID","Direct match on generated dataset + variable name in inst/plida_metadata/variables.csv.",""
"dss","DOMINO","static_demogs","YEAR_OF_BIRTH","integer",1442,"direct_plida_dataset_variable","DOMINO","YEAR_OF_BIRTH","madipge-dom-monthly-d-base","Birth year","Direct match on generated dataset + variable name in inst/plida_metadata/variables.csv.",""
"dss","DOMINO","static_demogs","YEAR_OF_DEATH","integer",1442,"generated_derived_from_same_dataset_metadata","DOMINO","DATE_OF_DEATH","madipge-dom-monthly-d-base","Recipient date of death","Generated field derived from a same-dataset local metadata variable; generated name is not the source variable name.","Generated year component is derived from DATE_OF_DEATH; no separate source year variable was found."
"education","AEDC","AEDC","AGEINMONTHS","integer",157,"direct_plida_dataset_variable","AEDC","AGEINMONTHS","madipge-aedc-d-core-2009 | madipge-aedc-d-core-2012 | madipge-aedc-d-core-2015 | madipge-aedc-d-core-2018 | madipge-aedc-d-core-2021 | madipge-aedc-d-core-2024","Age in months","Direct match on generated dataset + variable name in inst/plida_metadata/variables.csv.",""
"education","AEDC","AEDC","ATSI","character",157,"direct_plida_dataset_variable","AEDC","ATSI","madipge-aedc-d-indigenous-2009 | madipge-aedc-d-indigenous-2012 | madipge-aedc-d-indigenous-2015 | madipge-aedc-d-indigenous-2018 | madipge-aedc-d-indigenous-2021 | madipge-aedc-d-indigenous-2024","Indigenous status (1 representing indigenous null signifying non-indigenous/non-identifying) | Is the child of aboriginal or torres strait islander descent","Direct match on generated dataset + variable name in inst/plida_metadata/variables.csv.",""
"education","AEDC","AEDC","COMGEN","numeric",157,"direct_plida_dataset_variable","AEDC","COMGEN","madipge-aedc-d-core-2009 | madipge-aedc-d-core-2012 | madipge-aedc-d-core-2015 | madipge-aedc-d-core-2018 | madipge-aedc-d-core-2021 | madipge-aedc-d-core-2024","Communication and general knowledge | Communication skills and general knowledge domain score","Direct match on generated dataset + variable name in inst/plida_metadata/variables.csv.",""
"education","AEDC","AEDC","COMGENCATEGORY","character",157,"direct_plida_dataset_variable","AEDC","COMGENCATEGORY","madipge-aedc-d-core-2009 | madipge-aedc-d-core-2012 | madipge-aedc-d-core-2015 | madipge-aedc-d-core-2018 | madipge-aedc-d-core-2021 | madipge-aedc-d-core-2024","Vulnerable - communication | Percentile distribution of scores in the communication skills and general knowledge domain","Direct match on generated dataset + variable name in inst/plida_metadata/variables.csv.",""
"education","AEDC","AEDC","CYCLE","integer",157,"direct_plida_dataset_variable","AEDC","CYCLE","madipge-aedc-d-core-2009 | madipge-aedc-d-core-2012 | madipge-aedc-d-core-2015 | madipge-aedc-d-core-2018 | madipge-aedc-d-core-2021 | madipge-aedc-d-core-2024","AEDC cycle | Aedc collection cycle","Direct match on generated dataset + variable name in inst/plida_metadata/variables.csv.",""
"education","AEDC","AEDC","DV1","integer",157,"direct_plida_dataset_variable","AEDC","DV1","madipge-aedc-d-core-2009 | madipge-aedc-d-core-2012 | madipge-aedc-d-core-2015 | madipge-aedc-d-core-2018 | madipge-aedc-d-core-2021 | madipge-aedc-d-core-2024","Vulnerable - one or more domains | Child is developmentally vulnerable on one or more domains","Direct match on generated dataset + variable name in inst/plida_metadata/variables.csv.",""
"education","AEDC","AEDC","DV2","integer",157,"direct_plida_dataset_variable","AEDC","DV2","madipge-aedc-d-core-2009 | madipge-aedc-d-core-2012 | madipge-aedc-d-core-2015 | madipge-aedc-d-core-2018 | madipge-aedc-d-core-2021 | madipge-aedc-d-core-2024","Vulnerable - two or more domains | Child is developmentally vulnerable on two or more domains","Direct match on generated dataset + variable name in inst/plida_metadata/variables.csv.",""
"education","AEDC","AEDC","EMOT","numeric",157,"direct_plida_dataset_variable","AEDC","EMOT","madipge-aedc-d-core-2009 | madipge-aedc-d-core-2012 | madipge-aedc-d-core-2015 | madipge-aedc-d-core-2018 | madipge-aedc-d-core-2021 | madipge-aedc-d-core-2024","Emotional maturity | Emotional maturity domain score","Direct match on generated dataset + variable name in inst/plida_metadata/variables.csv.",""
"education","AEDC","AEDC","EMOTCATEGORY","character",157,"direct_plida_dataset_variable","AEDC","EMOTCATEGORY","madipge-aedc-d-core-2009 | madipge-aedc-d-core-2012 | madipge-aedc-d-core-2015 | madipge-aedc-d-core-2018 | madipge-aedc-d-core-2021 | madipge-aedc-d-core-2024","Vulnerable - emotional maturity | Percentile distribution of scores in the emotional maturity domain","Direct match on generated dataset + variable name in inst/plida_metadata/variables.csv.",""
"education","AEDC","AEDC","GENDER","character",157,"direct_plida_dataset_variable","AEDC","GENDER","madipge-aedc-d-core-2009 | madipge-aedc-d-core-2012 | madipge-aedc-d-core-2015 | madipge-aedc-d-core-2018 | madipge-aedc-d-core-2021 | madipge-aedc-d-core-2024","Sex of child | Gender of the child","Direct match on generated dataset + variable name in inst/plida_metadata/variables.csv.",""
"education","AEDC","AEDC","LANGCOG","numeric",157,"direct_plida_dataset_variable","AEDC","LANGCOG","madipge-aedc-d-core-2009 | madipge-aedc-d-core-2012 | madipge-aedc-d-core-2015 | madipge-aedc-d-core-2018 | madipge-aedc-d-core-2021 | madipge-aedc-d-core-2024","Language and cognitive skills | Language and cognitive skills (school-based) domain score","Direct match on generated dataset + variable name in inst/plida_metadata/variables.csv.",""
"education","AEDC","AEDC","LANGCOGCATEGORY","character",157,"direct_plida_dataset_variable","AEDC","LANGCOGCATEGORY","madipge-aedc-d-core-2009 | madipge-aedc-d-core-2012 | madipge-aedc-d-core-2015 | madipge-aedc-d-core-2018 | madipge-aedc-d-core-2021 | madipge-aedc-d-core-2024","Vulnerable - language and cognition | Percentile distribution of scores in the language and cognitive skills (school-based) domain","Direct match on generated dataset + variable name in inst/plida_metadata/variables.csv.",""
"education","AEDC","AEDC","LBOTE","character",157,"direct_plida_dataset_variable","AEDC","LBOTE","madipge-aedc-d-core-2009 | madipge-aedc-d-core-2012 | madipge-aedc-d-core-2015 | madipge-aedc-d-core-2018 | madipge-aedc-d-core-2021 | madipge-aedc-d-core-2024","LBOTE indicator | Indicates if the child has a language background other than english (lbote)","Direct match on generated dataset + variable name in inst/plida_metadata/variables.csv.",""
"education","AEDC","AEDC","PHYS","numeric",157,"direct_plida_dataset_variable","AEDC","PHYS","madipge-aedc-d-core-2009 | madipge-aedc-d-core-2012 | madipge-aedc-d-core-2015 | madipge-aedc-d-core-2018 | madipge-aedc-d-core-2021 | madipge-aedc-d-core-2024","Physical health and wellbeing | Physical health and wellbeing domain score","Direct match on generated dataset + variable name in inst/plida_metadata/variables.csv.",""
"education","AEDC","AEDC","PHYSCATEGORY","character",157,"direct_plida_dataset_variable","AEDC","PHYSCATEGORY","madipge-aedc-d-core-2009 | madipge-aedc-d-core-2012 | madipge-aedc-d-core-2015 | madipge-aedc-d-core-2018 | madipge-aedc-d-core-2021 | madipge-aedc-d-core-2024","Vulnerable - physical health and wellbeing | Percentile distribution of scores in the physical health and wellbeing domain","Direct match on generated dataset + variable name in inst/plida_metadata/variables.csv.",""
"education","AEDC","AEDC","REMOTENESS","integer",157,"direct_plida_dataset_variable","AEDC","REMOTENESS","madipge-aedc-d-core-2009 | madipge-aedc-d-core-2012 | madipge-aedc-d-core-2015 | madipge-aedc-d-core-2018 | madipge-aedc-d-core-2021 | madipge-aedc-d-core-2024","Remoteness area | Remoteness area name: based on ra_name_2021","Direct match on generated dataset + variable name in inst/plida_metadata/variables.csv.",""
"education","AEDC","AEDC","SCHOOLTYPE","character",157,"direct_plida_dataset_variable","AEDC","SCHOOLTYPE","madipge-aedc-d-core-2009 | madipge-aedc-d-core-2012 | madipge-aedc-d-core-2015 | madipge-aedc-d-core-2018 | madipge-aedc-d-core-2021 | madipge-aedc-d-core-2024","School type | The governance type of the school participating in the aedc survey","Direct match on generated dataset + variable name in inst/plida_metadata/variables.csv.",""
"education","AEDC","AEDC","SEIFADECILE","integer",157,"direct_plida_dataset_variable","AEDC","SEIFADECILE","madipge-aedc-d-core-2018 | madipge-aedc-d-core-2021 | madipge-aedc-d-core-2024","Seifa - irsd decile within australia","Direct match on generated dataset + variable name in inst/plida_metadata/variables.csv.",""
"education","AEDC","AEDC","SOC","numeric",157,"direct_plida_dataset_variable","AEDC","SOC","madipge-aedc-d-core-2009 | madipge-aedc-d-core-2012 | madipge-aedc-d-core-2015 | madipge-aedc-d-core-2018 | madipge-aedc-d-core-2021 | madipge-aedc-d-core-2024","Social competence | Social competence domain score","Direct match on generated dataset + variable name in inst/plida_metadata/variables.csv.",""
"education","AEDC","AEDC","SOCCATEGORY","character",157,"direct_plida_dataset_variable","AEDC","SOCCATEGORY","madipge-aedc-d-core-2009 | madipge-aedc-d-core-2012 | madipge-aedc-d-core-2015 | madipge-aedc-d-core-2018 | madipge-aedc-d-core-2021 | madipge-aedc-d-core-2024","Vulnerable - social competence | Percentile distribution of scores in the social competence domain","Direct match on generated dataset + variable name in inst/plida_metadata/variables.csv.",""
"education","AEDC","AEDC","SPECIALNEEDS","character",157,"direct_plida_dataset_variable","AEDC","SPECIALNEEDS","madipge-aedc-d-core-2009 | madipge-aedc-d-core-2012 | madipge-aedc-d-core-2015 | madipge-aedc-d-core-2018 | madipge-aedc-d-core-2021 | madipge-aedc-d-core-2024","Special needs status","Direct match on generated dataset + variable name in inst/plida_metadata/variables.csv.",""
"education","AEDC","AEDC","STATE","integer",157,"direct_plida_dataset_variable","AEDC","STATE","madipge-aedc-d-core-2009 | madipge-aedc-d-core-2012 | madipge-aedc-d-core-2015 | madipge-aedc-d-core-2018 | madipge-aedc-d-core-2021 | madipge-aedc-d-core-2024","State or territory | The state or territory in which the child resides","Direct match on generated dataset + variable name in inst/plida_metadata/variables.csv.",""
"education","AEDC","AEDC","SYNTHETIC_AEUID","character",157,"direct_plida_dataset_variable","AEDC","SYNTHETIC_AEUID","madipge-aedc-d-core-2009 | madipge-aedc-d-core-2012 | madipge-aedc-d-core-2015 | madipge-aedc-d-core-2018 | madipge-aedc-d-core-2021 | madipge-aedc-d-core-2024 | madipge-aedc-d-domain-2009 | madipge-aedc-d-domain-2012 | madipge-aedc-d-domain-2015 | madipge-aedc-d-domain-2018 | madipge-aedc-d-domain-2021 | madipge-aedc-d-domain-2024 | madipge-aedc-d-indigenous-2009 | madipge-aedc-d-indigenous-2012 | madipge-aedc-d-indigenous-2015 | madipge-aedc-d-indigenous-2018 | madipge-aedc-d-indigenous-2021 | madipge-aedc-d-indigenous-2024 | madipge-aedc-d-language-2009 | madipge-aedc-d-language-2012 | madipge-aedc-d-language-2015 | madipge-aedc-d-language-2018 | madipge-aedc-d-language-2021 | madipge-aedc-d-language-2024 | madipge-aedc-d-specialneeds-2009 | madipge-aedc-d-specialneeds-2012 | madipge-aedc-d-specialneeds-2015 | madipge-aedc-d-specialneeds-2018 | madipge-aedc-d-specialneeds-2021 | madipge-aedc-d-specialneeds-2024","Synthetic MADIP Person ID","Direct match on generated dataset + variable name in inst/plida_metadata/variables.csv.",""
"education","HE","completions","COURSE_CODE","character",17,"direct_plida_dataset_variable","HE","COURSE_CODE","madipge-hied","A code which uniquely identifies each course within a higher education/vet provider (provider)","Direct match on generated dataset + variable name in inst/plida_metadata/variables.csv.",""
"education","HE","completions","COURSE_TYPE","integer",17,"direct_plida_dataset_variable","HE","COURSE_TYPE","madipge-hied","Course type code","Direct match on generated dataset + variable name in inst/plida_metadata/variables.csv.",""
"education","HE","completions","FOE","character",17,"direct_plida_dataset_variable","HE","FOE","madipge-hied","Field of education code","Direct match on generated dataset + variable name in inst/plida_metadata/variables.csv.",""
"education","HE","completions","FOE_SUPP","character",17,"direct_plida_dataset_variable","HE","FOE_SUPP","madipge-hied","Field of education supplementary code","Direct match on generated dataset + variable name in inst/plida_metadata/variables.csv.",""
"education","HE","completions","INSTITUTION","character",17,"direct_plida_dataset_variable","HE","INSTITUTION","madipge-hied","A code which uniquely identifies the higher education provider","Direct match on generated dataset + variable name in inst/plida_metadata/variables.csv.",""
"education","HE","completions","SYNTHETIC_AEUID","character",17,"direct_plida_dataset_variable","HE","SYNTHETIC_AEUID","madipge-hied","Synthetic MADIP Person ID","Direct match on generated dataset + variable name in inst/plida_metadata/variables.csv.",""
"education","HE","completions","YEAR","integer",17,"direct_plida_dataset_variable","HE","YEAR","madipge-hied","Year that the information relates to","Direct match on generated dataset + variable name in inst/plida_metadata/variables.csv.",""
"education","HE","course","COURSE","character",114,"direct_plida_dataset_variable","HE","COURSE","madipge-hied","Code assigned by university","Direct match on generated dataset + variable name in inst/plida_metadata/variables.csv.",""
"education","HE","course","COURSE_LOAD","numeric",114,"direct_plida_dataset_variable","HE","COURSE_LOAD","madipge-hied","The aggregated eftsl value for a course of study summed across all units of study which meet the academic requirements for the course of study.","Direct match on generated dataset + variable name in inst/plida_metadata/variables.csv.",""
"education","HE","course","COURSE_OF_STUDY_CODE","character",114,"direct_plida_dataset_variable","HE","COURSE_OF_STUDY_CODE","madipge-hied","A code which uniquely identifies an enabling course or a course leading to a higher education award","Direct match on generated dataset + variable name in inst/plida_metadata/variables.csv.",""
"education","HE","course","COURSE_TYPE","integer",114,"direct_plida_dataset_variable","HE","COURSE_TYPE","madipge-hied","Course type code","Direct match on generated dataset + variable name in inst/plida_metadata/variables.csv.",""
"education","HE","course","FOE","character",114,"direct_plida_dataset_variable","HE","FOE","madipge-hied","Field of education code","Direct match on generated dataset + variable name in inst/plida_metadata/variables.csv.",""
"education","HE","course","FOE_SUPP","character",114,"direct_plida_dataset_variable","HE","FOE_SUPP","madipge-hied","Field of education supplementary code","Direct match on generated dataset + variable name in inst/plida_metadata/variables.csv.",""
"education","HE","course","INSTITUTION","character",114,"direct_plida_dataset_variable","HE","INSTITUTION","madipge-hied","A code which uniquely identifies the higher education provider","Direct match on generated dataset + variable name in inst/plida_metadata/variables.csv.",""
"education","HE","course","SPECIAL_COURSE","integer",114,"direct_plida_dataset_variable","HE","SPECIAL_COURSE","madipge-hied","A code which identifies courses of special interest to the department","Direct match on generated dataset + variable name in inst/plida_metadata/variables.csv.",""
"education","HE","course","SYNTHETIC_AEUID","character",114,"direct_plida_dataset_variable","HE","SYNTHETIC_AEUID","madipge-hied","Synthetic MADIP Person ID","Direct match on generated dataset + variable name in inst/plida_metadata/variables.csv.",""
"education","HE","course","YEAR","integer",114,"direct_plida_dataset_variable","HE","YEAR","madipge-hied","Year that the information relates to","Direct match on generated dataset + variable name in inst/plida_metadata/variables.csv.",""
"education","HE","enrol","ABORIG_TORRES","integer",177,"direct_plida_dataset_variable","HE","ABORIG_TORRES","madipge-hied","A code which identifies whether or not the student/applicant identifies herself or himself as being of aboriginal and/or torres strait islander descent.","Direct match on generated dataset + variable name in inst/plida_metadata/variables.csv.",""
"education","HE","enrol","ATTENDANCE_MODE","integer",177,"direct_plida_dataset_variable","HE","ATTENDANCE_MODE","madipge-hied","A code which identifies the mode of attendance by which the student undertook in a calendar year","Direct match on generated dataset + variable name in inst/plida_metadata/variables.csv.",""
"education","HE","enrol","ATTENDANCE_TYPE","integer",177,"direct_plida_dataset_variable","HE","ATTENDANCE_TYPE","madipge-hied","A code which identifies whether a student is classified as being a full-time or part-time in a calendar year.","Direct match on generated dataset + variable name in inst/plida_metadata/variables.csv.",""
"education","HE","enrol","COM_INDICATOR","integer",177,"direct_plida_dataset_variable","HE","COM_INDICATOR","madipge-hied","A code indicating that the student is a commencing student","Direct match on generated dataset + variable name in inst/plida_metadata/variables.csv.",""
"education","HE","enrol","COUNTRY_BIRTH","character",177,"direct_plida_dataset_variable","HE","COUNTRY_BIRTH","madipge-hied","A code representing the country of birth of a student","Direct match on generated dataset + variable name in inst/plida_metadata/variables.csv.",""
"education","HE","enrol","COURSE","character",177,"direct_plida_dataset_variable","HE","COURSE","madipge-hied","Code assigned by university","Direct match on generated dataset + variable name in inst/plida_metadata/variables.csv.",""
"education","HE","enrol","DISABILITY","character",177,"direct_plida_dataset_variable","HE","DISABILITY","madipge-hied","An eight-character code indicating responses to three questions about disabilities","Direct match on generated dataset + variable name in inst/plida_metadata/variables.csv.",""
"education","HE","enrol","GENDER","integer",177,"direct_plida_dataset_variable","HE","GENDER","madipge-hied","Client's gender","Direct match on generated dataset + variable name in inst/plida_metadata/variables.csv.",""
"education","HE","enrol","HIGHEST_PARTICIPATION","integer",177,"direct_plida_dataset_variable","HE","HIGHEST_PARTICIPATION","madipge-hied","A code which indicates the student's or applicants highest educational participation and last year of that participation prior to the first enrolment in the course of study.","Direct match on generated dataset + variable name in inst/plida_metadata/variables.csv.",""
"education","HE","enrol","INSTITUTION","character",177,"direct_plida_dataset_variable","HE","INSTITUTION","madipge-hied","A code which uniquely identifies the higher education provider","Direct match on generated dataset + variable name in inst/plida_metadata/variables.csv.",""
"education","HE","enrol","MAJOR_COURSE","integer",177,"direct_plida_dataset_variable","HE","MAJOR_COURSE","madipge-hied","An indicator of whether or not the student is concurrently enrolled in more than one higher education course within the institution and if so whether the course is the major course or a minor course","Direct match on generated dataset + variable name in inst/plida_metadata/variables.csv.",""
"education","HE","enrol","REPORTING_YEAR_PERIOD","character",177,"direct_plida_dataset_variable","HE","REPORTING_YEAR_PERIOD","madipge-hied","The reporting year and period to which the individual data record relates","Direct match on generated dataset + variable name in inst/plida_metadata/variables.csv.",""
"education","HE","enrol","SYNTHETIC_AEUID","character",177,"direct_plida_dataset_variable","HE","SYNTHETIC_AEUID","madipge-hied","Synthetic MADIP Person ID","Direct match on generated dataset + variable name in inst/plida_metadata/variables.csv.",""
"education","HE","enrol","YEAR","integer",177,"direct_plida_dataset_variable","HE","YEAR","madipge-hied","Year that the information relates to","Direct match on generated dataset + variable name in inst/plida_metadata/variables.csv.",""
"education","HE","enrol","YEAR_LEFT_SCHOOL","integer",177,"direct_plida_dataset_variable","HE","YEAR_LEFT_SCHOOL","madipge-hied","A code that identifies the year in which a commencing domestic student left secondary education.","Direct match on generated dataset + variable name in inst/plida_metadata/variables.csv.",""
"education","HE","help","HELP_DEBT","numeric",162,"direct_plida_dataset_variable","HE","HELP_DEBT","madipge-hied","The help debt amount for a unit of study or sa-help loan per unit","Direct match on generated dataset + variable name in inst/plida_metadata/variables.csv.",""
"education","HE","help","INSTITUTION","character",162,"direct_plida_dataset_variable","HE","INSTITUTION","madipge-hied","A code which uniquely identifies the higher education provider","Direct match on generated dataset + variable name in inst/plida_metadata/variables.csv.",""
"education","HE","help","LOAN_FEE","numeric",162,"direct_plida_dataset_variable","HE","LOAN_FEE","madipge-hied","The loan fee for a unit of study or os-help loan","Direct match on generated dataset + variable name in inst/plida_metadata/variables.csv.",""
"education","HE","help","STUDENT_STATUS","integer",162,"direct_plida_dataset_variable","HE","STUDENT_STATUS","madipge-hied","A code which indicates the student status for a unit of study - payment scenarios","Direct match on generated dataset + variable name in inst/plida_metadata/variables.csv.",""
"education","HE","help","SYNTHETIC_AEUID","character",162,"direct_plida_dataset_variable","HE","SYNTHETIC_AEUID","madipge-hied","Synthetic MADIP Person ID","Direct match on generated dataset + variable name in inst/plida_metadata/variables.csv.",""
"education","HE","help","YEAR","integer",162,"direct_plida_dataset_variable","HE","YEAR","madipge-hied","Year that the information relates to","Direct match on generated dataset + variable name in inst/plida_metadata/variables.csv.",""
"education","HE","load","AMOUNT_PAID_UPFRONT","numeric",1076,"direct_plida_dataset_variable","HE","AMOUNT_PAID_UPFRONT","madipge-hied","The amount which has been paid for the unit of study","Direct match on generated dataset + variable name in inst/plida_metadata/variables.csv.",""
"education","HE","load","CAMPUS_POSTCODE","character",1076,"direct_plida_dataset_variable","HE","CAMPUS_POSTCODE","madipge-hied","The australian postcode or overseas country code location of the campus/delivery location of the higher education/vet provider where the student is studying this unit","Direct match on generated dataset + variable name in inst/plida_metadata/variables.csv.",""
"education","HE","load","CAMPUS_STATE","integer",1076,"direct_plida_dataset_variable","HE","CAMPUS_STATE","madipge-hied","The state or territory the campus is located in","Direct match on generated dataset + variable name in inst/plida_metadata/variables.csv.",""
"education","HE","load","CITIZEN_RESIDENT","integer",1076,"direct_plida_dataset_variable","HE","CITIZEN_RESIDENT","madipge-hied","A code indicating a student's/applicants citizenship and residence status","Direct match on generated dataset + variable name in inst/plida_metadata/variables.csv.",""
"education","HE","load","COURSE","character",1076,"direct_plida_dataset_variable","HE","COURSE","madipge-hied","Code assigned by university","Direct match on generated dataset + variable name in inst/plida_metadata/variables.csv.",""
"education","HE","load","DISCIPLINE_CODE","character",1076,"direct_plida_dataset_variable","HE","DISCIPLINE_CODE","madipge-hied","A code which uniquely identifies the discipline to which a unit of study is classified by the higher education provider/vet provider","Direct match on generated dataset + variable name in inst/plida_metadata/variables.csv.",""
"education","HE","load","EQUIVALENT_FT_STUDENT_LOAD","numeric",1076,"direct_plida_dataset_variable","HE","EQUIVALENT_FT_STUDENT_LOAD","madipge-hied","The eftsl value representing the student load for a unit of study","Direct match on generated dataset + variable name in inst/plida_metadata/variables.csv.",""
"education","HE","load","HELP_DEBT","numeric",1076,"direct_plida_dataset_variable","HE","HELP_DEBT","madipge-hied","The help debt amount for a unit of study or sa-help loan per unit","Direct match on generated dataset + variable name in inst/plida_metadata/variables.csv.",""
"education","HE","load","INDUSTRY","integer",1076,"direct_plida_dataset_variable","HE","INDUSTRY","madipge-hied","An indicator of whether a unit of study consists wholly of work experience in industry","Direct match on generated dataset + variable name in inst/plida_metadata/variables.csv.",""
"education","HE","load","INSTITUTION","character",1076,"direct_plida_dataset_variable","HE","INSTITUTION","madipge-hied","A code which uniquely identifies the higher education provider","Direct match on generated dataset + variable name in inst/plida_metadata/variables.csv.",""
"education","HE","load","LOAN_FEE","numeric",1076,"direct_plida_dataset_variable","HE","LOAN_FEE","madipge-hied","The loan fee for a unit of study or os-help loan","Direct match on generated dataset + variable name in inst/plida_metadata/variables.csv.",""
"education","HE","load","MODE_ATTENDANCE","integer",1076,"direct_plida_dataset_variable","HE","MODE_ATTENDANCE","madipge-hied","A code which identifies the mode of attendance by which the student undertakes a unit of study or the mode of attendance for a preference or offered course as indicated by an applicant","Direct match on generated dataset + variable name in inst/plida_metadata/variables.csv.",""
"education","HE","load","STUDENT_STATUS","integer",1076,"direct_plida_dataset_variable","HE","STUDENT_STATUS","madipge-hied","A code which indicates the student status for a unit of study - payment scenarios","Direct match on generated dataset + variable name in inst/plida_metadata/variables.csv.",""
"education","HE","load","SUMMER_SCHOOL_INDICATOR","integer",1076,"direct_plida_dataset_variable","HE","SUMMER_SCHOOL_INDICATOR","madipge-hied","A code that indicates whether the unit of study is a full-fee winter or summer unit of study","Direct match on generated dataset + variable name in inst/plida_metadata/variables.csv.",""
"education","HE","load","SYNTHETIC_AEUID","character",1076,"direct_plida_dataset_variable","HE","SYNTHETIC_AEUID","madipge-hied","Synthetic MADIP Person ID","Direct match on generated dataset + variable name in inst/plida_metadata/variables.csv.",""
"education","HE","load","TOTAL_AMOUNT_CHARGED","numeric",1076,"direct_plida_dataset_variable","HE","TOTAL_AMOUNT_CHARGED","madipge-hied","Amount charged for the unit of study or student amenities fee.","Direct match on generated dataset + variable name in inst/plida_metadata/variables.csv.",""
"education","HE","load","UNIT_STATUS","integer",1076,"direct_plida_dataset_variable","HE","UNIT_STATUS","madipge-hied","A code which categorises a students unit of study completion status.","Direct match on generated dataset + variable name in inst/plida_metadata/variables.csv.",""
"education","HE","load","UNIT_STUDY","character",1076,"direct_plida_dataset_variable","HE","UNIT_STUDY","madipge-hied","A code which uniquely identifies a unit of study","Direct match on generated dataset + variable name in inst/plida_metadata/variables.csv.",""
"education","HE","load","UNIT_STUDY_CENSUS","character",1076,"direct_plida_dataset_variable","HE","UNIT_STUDY_CENSUS","madipge-hied","A code which indicates the year month and day which is the census date of that unit of study","Direct match on generated dataset + variable name in inst/plida_metadata/variables.csv.",""
"education","HE","load","YEAR","integer",1076,"direct_plida_dataset_variable","HE","YEAR","madipge-hied","Year that the information relates to","Direct match on generated dataset + variable name in inst/plida_metadata/variables.csv.",""
"home-affairs","AMEP","AMEP","ASLPR_LISTENING_INITIAL","integer",234,"manual_same_dataset_plida_concept_match","AMEP","INITIAL_ASLPR_LISTEN","madipge-mig-d-amep-english-03-19","Initial ASLPR assessment listening","Manual same-dataset concept crosswalk to local PLIDA metadata variable; generated name is compact/simplified and is not asserted to be an official source variable name.","Generated AMEP field uses readable naming; local metadata uses initial/latest ASLPR or enrolment financial-year source-style naming."
"home-affairs","AMEP","AMEP","ASLPR_LISTENING_LATEST","integer",234,"manual_same_dataset_plida_concept_match","AMEP","LATEST_ASLPR_LISTEN","madipge-mig-d-amep-english-03-19","Latest ASLPR assessment listening","Manual same-dataset concept crosswalk to local PLIDA metadata variable; generated name is compact/simplified and is not asserted to be an official source variable name.","Generated AMEP field uses readable naming; local metadata uses initial/latest ASLPR or enrolment financial-year source-style naming."
"home-affairs","AMEP","AMEP","ASLPR_READING_INITIAL","integer",234,"manual_same_dataset_plida_concept_match","AMEP","INITIAL_ASLPR_READ","madipge-mig-d-amep-english-03-19","Initial ASLPR assessment reading","Manual same-dataset concept crosswalk to local PLIDA metadata variable; generated name is compact/simplified and is not asserted to be an official source variable name.","Generated AMEP field uses readable naming; local metadata uses initial/latest ASLPR or enrolment financial-year source-style naming."
"home-affairs","AMEP","AMEP","ASLPR_READING_LATEST","integer",234,"manual_same_dataset_plida_concept_match","AMEP","LATEST_ASLPR_READ","madipge-mig-d-amep-english-03-19","Latest ASLPR assessment reading","Manual same-dataset concept crosswalk to local PLIDA metadata variable; generated name is compact/simplified and is not asserted to be an official source variable name.","Generated AMEP field uses readable naming; local metadata uses initial/latest ASLPR or enrolment financial-year source-style naming."
"home-affairs","AMEP","AMEP","ASLPR_SPEAKING_INITIAL","integer",234,"manual_same_dataset_plida_concept_match","AMEP","INITIAL_ASLPR_SPEAK","madipge-mig-d-amep-english-03-19","Initial ASLPR assessment speaking","Manual same-dataset concept crosswalk to local PLIDA metadata variable; generated name is compact/simplified and is not asserted to be an official source variable name.","Generated AMEP field uses readable naming; local metadata uses initial/latest ASLPR or enrolment financial-year source-style naming."
"home-affairs","AMEP","AMEP","ASLPR_SPEAKING_LATEST","integer",234,"manual_same_dataset_plida_concept_match","AMEP","LATEST_ASLPR_SPEAK","madipge-mig-d-amep-english-03-19","Latest ASLPR assessment speaking","Manual same-dataset concept crosswalk to local PLIDA metadata variable; generated name is compact/simplified and is not asserted to be an official source variable name.","Generated AMEP field uses readable naming; local metadata uses initial/latest ASLPR or enrolment financial-year source-style naming."
"home-affairs","AMEP","AMEP","ASLPR_WRITING_INITIAL","integer",234,"manual_same_dataset_plida_concept_match","AMEP","INITIAL_ASLPR_WRITE","madipge-mig-d-amep-english-03-19","Initial ASLPR assessment writing","Manual same-dataset concept crosswalk to local PLIDA metadata variable; generated name is compact/simplified and is not asserted to be an official source variable name.","Generated AMEP field uses readable naming; local metadata uses initial/latest ASLPR or enrolment financial-year source-style naming."
"home-affairs","AMEP","AMEP","ASLPR_WRITING_LATEST","integer",234,"manual_same_dataset_plida_concept_match","AMEP","LATEST_ASLPR_WRITE","madipge-mig-d-amep-english-03-19","Latest ASLPR assessment writing","Manual same-dataset concept crosswalk to local PLIDA metadata variable; generated name is compact/simplified and is not asserted to be an official source variable name.","Generated AMEP field uses readable naming; local metadata uses initial/latest ASLPR or enrolment financial-year source-style naming."
"home-affairs","AMEP","AMEP","ENROLMENT_YEAR","integer",234,"manual_same_dataset_plida_concept_match","AMEP","ENROLLED_FY","madipge-mig-d-amep-client-03-19","Client's first time of enrolment in (first attendance at) AMEP - financial year of","Manual same-dataset concept crosswalk to local PLIDA metadata variable; generated name is compact/simplified and is not asserted to be an official source variable name.","Generated AMEP field uses readable naming; local metadata uses initial/latest ASLPR or enrolment financial-year source-style naming."
"home-affairs","AMEP","AMEP","HOURS_TOTAL","numeric",234,"generated_compact_from_same_dataset_metadata","AMEP","AMEP_*","madipge-mig-d-amep-activity-03-11; madipge-mig-d-amep-activity-11-19","Year/quarter-specific AMEP hours attended columns such as AMEP_2003 and AMEP_2019_Q2.","Generated compact field backed by multiple same-dataset local metadata columns; generated storage differs from source wide/table-specific layout.","Generated HOURS_TOTAL collapses the year/quarter-specific AMEP attendance-hours layout to one synthetic total."
"home-affairs","AMEP","AMEP","SYNTHETIC_AEUID","character",234,"direct_plida_dataset_variable","AMEP","SYNTHETIC_AEUID","madipge-mig-d-amep-activity-03-11 | madipge-mig-d-amep-activity-11-19 | madipge-mig-d-amep-address-03-19 | madipge-mig-d-amep-awards-03-19 | madipge-mig-d-amep-client-03-19 | madipge-mig-d-amep-english-03-19","Synthetic id of individual person on dataset","Direct match on generated dataset + variable name in inst/plida_metadata/variables.csv.",""
"home-affairs","AMEP","AMEP","YEAR_OF_BIRTH","integer",234,"direct_plida_dataset_variable","AMEP","YEAR_OF_BIRTH","madipge-mig-d-amep-client-03-19","Year of birth","Direct match on generated dataset + variable name in inst/plida_metadata/variables.csv.",""
"home-affairs","MT_DEMOGS","MT_DEMOGS","ADR_TYP","character",1661,"direct_plida_dataset_variable","MT_DEMOGS","ADR_TYP","madipge-mig-d-demographics-1990-current","Type of address (e.g. residential postal etc.) | Type of address","Direct match on generated dataset + variable name in inst/plida_metadata/variables.csv.",""
"home-affairs","MT_DEMOGS","MT_DEMOGS","BIRTH_CNTRY_CDE","integer",1661,"direct_plida_dataset_variable","MT_DEMOGS","BIRTH_CNTRY_CDE","madipge-mig-d-demographics-1990-current","Visa holder birth country | Visa holder birth coutnry","Direct match on generated dataset + variable name in inst/plida_metadata/variables.csv.",""
"home-affairs","MT_DEMOGS","MT_DEMOGS","DOB_M","integer",1661,"direct_plida_dataset_variable","MT_DEMOGS","DOB_M","madipge-mig-d-demographics-1990-current","Visa holder birth month | Visa Holder birth month","Direct match on generated dataset + variable name in inst/plida_metadata/variables.csv.",""
"home-affairs","MT_DEMOGS","MT_DEMOGS","DOB_Y","integer",1661,"direct_plida_dataset_variable","MT_DEMOGS","DOB_Y","madipge-mig-d-demographics-1990-current","Yof birth | Visa holder birth year | Visa Holder birth year","Direct match on generated dataset + variable name in inst/plida_metadata/variables.csv.",""
"home-affairs","MT_DEMOGS","MT_DEMOGS","GENDER","character",1661,"direct_plida_dataset_variable","MT_DEMOGS","GENDER","madipge-mig-d-demographics-1990-current","Visa holder gender","Direct match on generated dataset + variable name in inst/plida_metadata/variables.csv.",""
"home-affairs","MT_DEMOGS","MT_DEMOGS","IMPUTED_STATE","character",1661,"direct_plida_dataset_variable","MT_DEMOGS","IMPUTED_STATE","madipge-mig-d-demographics-1990-current","Flag for state was imputed","Direct match on generated dataset + variable name in inst/plida_metadata/variables.csv.",""
"home-affairs","MT_DEMOGS","MT_DEMOGS","MARITAL_STS","character",1661,"direct_plida_dataset_variable","MT_DEMOGS","MARITAL_STS","madipge-mig-d-demographics-1990-current","Martial status | Martial Status","Direct match on generated dataset + variable name in inst/plida_metadata/variables.csv.",""
"home-affairs","MT_DEMOGS","MT_DEMOGS","SEX","character",1661,"direct_plida_dataset_variable","MT_DEMOGS","SEX","madipge-mig-d-demographics-1990-current","Visa holder sex | Gender code","Direct match on generated dataset + variable name in inst/plida_metadata/variables.csv.",""
"home-affairs","MT_DEMOGS","MT_DEMOGS","SOURCE","character",1661,"direct_plida_dataset_variable","MT_DEMOGS","SOURCE","madipge-mig-d-demographics-1990-current","Address source","Direct match on generated dataset + variable name in inst/plida_metadata/variables.csv.",""
"home-affairs","MT_DEMOGS","MT_DEMOGS","STATE_ASGS_2021","integer",1661,"direct_plida_dataset_variable","MT_DEMOGS","STATE_ASGS_2021","madipge-mig-d-demographics-1990-current","State (number)","Direct match on generated dataset + variable name in inst/plida_metadata/variables.csv.",""
"home-affairs","MT_DEMOGS","MT_DEMOGS","SYNTHETIC_AEUID","character",1661,"direct_plida_dataset_variable","MT_DEMOGS","SYNTHETIC_AEUID","madipge-mig-d-demographics-1990-current","Synthetic person level identifier | Synthetic MADIP Person ID | Person Identifier","Direct match on generated dataset + variable name in inst/plida_metadata/variables.csv.",""
"home-affairs","SDB","SDB","ARRIVAL_DATE","Date",977,"direct_plida_dataset_variable","SDB","ARRIVAL_DATE","madipge-mig-d-permanent-migrants-2000-current","If visa granted offshore this is the date of arrival on the visa. if visa granted onshore this is the latest date of arrival prior to visa grant. | If visa granted offshore, this is the date of arrival on the visa.  If visa granted onshore, this is the latest date of arrival prior to visa grant.","Direct match on generated dataset + variable name in inst/plida_metadata/variables.csv.",""
"home-affairs","SDB","SDB","CITIZENSHIP","integer",977,"direct_plida_dataset_variable","SDB","CITIZENSHIP","madipge-mig-d-permanent-migrants-2000-current","Foreign citizenship country code (i.e. country of citizenship on the visa application)","Direct match on generated dataset + variable name in inst/plida_metadata/variables.csv.",""
"home-affairs","SDB","SDB","COUNTRY_OF_BIRTH","integer",977,"direct_plida_dataset_variable","SDB","COUNTRY_OF_BIRTH","madipge-mig-d-permanent-migrants-2000-current","Country of birth code","Direct match on generated dataset + variable name in inst/plida_metadata/variables.csv.",""
"home-affairs","SDB","SDB","DATE_OF_GRANT","Date",977,"direct_plida_dataset_variable","SDB","DATE_OF_GRANT","madipge-mig-d-permanent-migrants-2000-current","Date visa granted","Direct match on generated dataset + variable name in inst/plida_metadata/variables.csv.",""
"home-affairs","SDB","SDB","ENG_FLUENCY_SPUK","character",977,"direct_plida_dataset_variable","SDB","ENG_FLUENCY_SPUK","madipge-mig-d-permanent-migrants-2000-current","English proficiency code","Direct match on generated dataset + variable name in inst/plida_metadata/variables.csv.",""
"home-affairs","SDB","SDB","LAST_ON_DAY","integer",977,"direct_plida_dataset_variable","SDB","LAST_ON_DAY","madipge-mig-d-permanent-migrants-2000-current","Flag to indicate the latest visa granted to an individual on the given date of grant (1 = latest)","Direct match on generated dataset + variable name in inst/plida_metadata/variables.csv.",""
"home-affairs","SDB","SDB","MARITAL_STATUS","character",977,"direct_plida_dataset_variable","SDB","MARITAL_STATUS","madipge-mig-d-permanent-migrants-2000-current","Marital status | Marital status code","Direct match on generated dataset + variable name in inst/plida_metadata/variables.csv.",""
"home-affairs","SDB","SDB","MONTH_OF_BIRTH","integer",977,"direct_plida_dataset_variable","SDB","MONTH_OF_BIRTH","madipge-mig-d-permanent-migrants-2000-current","Month of birth","Direct match on generated dataset + variable name in inst/plida_metadata/variables.csv.",""
"home-affairs","SDB","SDB","OCCUPATION","character",977,"direct_plida_dataset_variable","SDB","OCCUPATION","madipge-mig-d-permanent-migrants-2000-current","Occupation code","Direct match on generated dataset + variable name in inst/plida_metadata/variables.csv.",""
"home-affairs","SDB","SDB","PRINCIPAL_FLAG","character",977,"direct_plida_dataset_variable","SDB","PRINCIPAL_FLAG","madipge-mig-d-permanent-migrants-2000-current","Principal applicant code","Direct match on generated dataset + variable name in inst/plida_metadata/variables.csv.",""
"home-affairs","SDB","SDB","SEX","character",977,"direct_plida_dataset_variable","SDB","SEX","madipge-mig-d-permanent-migrants-2000-current","Sex | Gender code","Direct match on generated dataset + variable name in inst/plida_metadata/variables.csv.",""
"home-affairs","SDB","SDB","SYNTHETIC_AEUID","character",977,"direct_plida_dataset_variable","SDB","SYNTHETIC_AEUID","madipge-mig-d-permanent-migrants-2000-current","Synthetic MADIP Person ID | Person Identifier","Direct match on generated dataset + variable name in inst/plida_metadata/variables.csv.",""
"home-affairs","SDB","SDB","VISA_SUB_CLASS","integer",977,"direct_plida_dataset_variable","SDB","VISA_SUB_CLASS","madipge-mig-d-permanent-migrants-2000-current","Visa sub-class code | Visa sub_class code","Direct match on generated dataset + variable name in inst/plida_metadata/variables.csv.",""
"home-affairs","SDB","SDB","YEAR_OF_BIRTH","integer",977,"direct_plida_dataset_variable","SDB","YEAR_OF_BIRTH","madipge-mig-d-permanent-migrants-2000-current","Year of birth","Direct match on generated dataset + variable name in inst/plida_metadata/variables.csv.",""
"home-affairs","SDB","SDB","YRS_EDUC_PRI_HIGH","integer",977,"direct_plida_dataset_variable","SDB","YRS_EDUC_PRI_HIGH","madipge-mig-d-permanent-migrants-2000-current","Number of years of primary and secondary education","Direct match on generated dataset + variable name in inst/plida_metadata/variables.csv.",""
"home-affairs","SDB","SDB","YRS_EDUC_UNIV","integer",977,"direct_plida_dataset_variable","SDB","YRS_EDUC_UNIV","madipge-mig-d-permanent-migrants-2000-current","Number of years of university education","Direct match on generated dataset + variable name in inst/plida_metadata/variables.csv.",""
"home-affairs","TRAVELLERS","TRAVELLERS","ERP_STATUS_QUARTERLY","character",5000,"generated_compact_from_same_dataset_metadata","TRAVELLERS","ERP_STATUS_YYYYQn","madipge-mig-d-erp-2006-current","Quarter-specific ERP status columns such as ERP_STATUS_2006Q1 through ERP_STATUS_2024Q2.","Generated compact field backed by multiple same-dataset local metadata columns; generated storage differs from source wide/table-specific layout.","Generated field stores the quarter-specific ERP status columns as one pipe-separated sequence."
"home-affairs","TRAVELLERS","TRAVELLERS","PP_STATUS_QUARTERLY","character",5000,"generated_compact_from_same_dataset_metadata","TRAVELLERS","PP_STATUS_YYYYMn","madipge-mig-d-pp-2006-current","Month-specific physical-presence status columns such as PP_STATUS_2006M1 through PP_STATUS_2024M12 plus census-night PP fields.","Generated compact field backed by multiple same-dataset local metadata columns; generated storage differs from source wide/table-specific layout.","Generated field stores a simplified quarterly physical-presence sequence; local metadata is monthly/census-night wide status columns."
"home-affairs","TRAVELLERS","TRAVELLERS","SYNTHETIC_AEUID","character",5000,"direct_plida_dataset_variable","TRAVELLERS","SYNTHETIC_AEUID","madipge-mig-d-erp-2006-current | madipge-mig-d-pp-2006-current | madipge-mig-d-travellers-2006-current","Synthetic MADIP Person ID | Synthetic person ID | Synthetic id of individual person on dataset | Person identifier","Direct match on generated dataset + variable name in inst/plida_metadata/variables.csv.",""
"home-affairs","VISA","VISA","IELTS_OVRL","numeric",1661,"direct_plida_dataset_variable","VISA","IELTS_OVRL","madipge-mig-d-visa-2000-current","English capability (IELTS) score | English capability (ielts) score","Direct match on generated dataset + variable name in inst/plida_metadata/variables.csv.",""
"home-affairs","VISA","VISA","LAST_ON_DAY","integer",1661,"direct_plida_dataset_variable","VISA","LAST_ON_DAY","madipge-mig-d-visa-2000-current","Flag to indicate the latest visa granted to an individual on the given date of grant (1 = latest)","Direct match on generated dataset + variable name in inst/plida_metadata/variables.csv.",""
"home-affairs","VISA","VISA","NM_OCPTN_CD","character",1661,"direct_plida_dataset_variable","VISA","NM_OCPTN_CD","madipge-mig-d-visa-2000-current","For skilled visas with a nomination, the ASCO or ANZSCO edition code for the nominated occupation code recorded. | For skilled visas with a nomination the asco or anzsco edition code for the nominated occupation code recorded. for primary applicants only - icse / iris","Direct match on generated dataset + variable name in inst/plida_metadata/variables.csv.",""
"home-affairs","VISA","VISA","NM_SALARY_AM","numeric",1661,"direct_plida_dataset_variable","VISA","NM_SALARY_AM","madipge-mig-d-visa-2000-current","For skilled visas with a nomination, the base salary for visas with a nomination. | For skilled visas with a nomination, the base salary for visas with a  nomination. For Primary applicants only - ICSE / IRIS | For skilled visas with a nomination  the base salary for visas with a  nomination. for primary applicants only - icse / iris","Direct match on generated dataset + variable name in inst/plida_metadata/variables.csv.",""
"home-affairs","VISA","VISA","SYNTHETIC_AEUID","character",1661,"direct_plida_dataset_variable","VISA","SYNTHETIC_AEUID","madipge-mig-d-visa-2000-current","Person Identifier | Synthetic MADIP Person ID","Direct match on generated dataset + variable name in inst/plida_metadata/variables.csv.",""
"home-affairs","VISA","VISA","TR_CITZ_CNTRY_CD","integer",1661,"direct_plida_dataset_variable","VISA","TR_CITZ_CNTRY_CD","madipge-mig-d-visa-2000-current","Citizenship country of the visa holder - TRIPS | Citizenship country of the visa holder - trips | The citizenship country of the visa holder","Direct match on generated dataset + variable name in inst/plida_metadata/variables.csv.",""
"home-affairs","VISA","VISA","TR_MARITAL_STATUS_DS","character",1661,"direct_plida_dataset_variable","VISA","TR_MARITAL_STATUS_DS","madipge-mig-d-visa-2000-current","The most recent marital status to the visa grant date - trips | The most recent maritial status to the visa grant date","Direct match on generated dataset + variable name in inst/plida_metadata/variables.csv.",""
"home-affairs","VISA","VISA","TR_STAY_PERIOD_DD","integer",1661,"direct_plida_dataset_variable","VISA","TR_STAY_PERIOD_DD","madipge-mig-d-visa-2000-current","Period in days that the visa holder can stay in australia -trips | Period in days that the visa holder can stay in Australia","Direct match on generated dataset + variable name in inst/plida_metadata/variables.csv.",""
"home-affairs","VISA","VISA","TR_VISA_GRANT_DT","Date",1661,"direct_plida_dataset_variable","VISA","TR_VISA_GRANT_DT","madipge-mig-d-visa-2000-current","Visa grant date | Date that visa was granted - trips | Date that visa was granted","Direct match on generated dataset + variable name in inst/plida_metadata/variables.csv.",""
"home-affairs","VISA","VISA","VA_CLNT_LOCN_CD","integer",1661,"direct_plida_dataset_variable","VISA","VA_CLNT_LOCN_CD","madipge-mig-d-visa-2000-current","The location of the client at the time the application was lodged as either in Aus(3), Outside Aus(4) or Unknown(1) | The location of the client at the time the application was lodged as either In Australia (3), Outside Australia (4) or Unknown (1)  - TRIPS / ICSE / IRIS / MPMS | The location of the client at the time the application was lodged as either in australia (3)  outside australia (4) or unknown (1)  - trips / icse / iris / mpms","Direct match on generated dataset + variable name in inst/plida_metadata/variables.csv.",""
"home-affairs","VISA","VISA","VA_LODGED_DT","Date",1661,"direct_plida_dataset_variable","VISA","VA_LODGED_DT","madipge-mig-d-visa-2000-current","The date at which the visa application was lodged | Visa application date | The date on which the visa application was lodged  - trips / icse / iris / mpms","Direct match on generated dataset + variable name in inst/plida_metadata/variables.csv.",""
"home-affairs","VISA","VISA","VA_PRIMARY_FL","character",1661,"direct_plida_dataset_variable","VISA","VA_PRIMARY_FL","madipge-mig-d-visa-2000-current","A flag that indicates primary (Y) or secondary (N) applicants | Flag that indicates primary (Y) or secondary (N) applicants -TRIPS / ICSE / IRIS / MPMS | Flag that indicates primary (y) or secondary (n) applicants -trips / icse / iris / mpms","Direct match on generated dataset + variable name in inst/plida_metadata/variables.csv.",""
"home-affairs","VISA","VISA","VISA_PRGRM_DS","character",1661,"direct_plida_dataset_variable","VISA","VISA_PRGRM_DS","madipge-mig-d-visa-2000-current","Identifies the visa program level (e.g Migration Program, Temporary Visa Program) | Identifys visa program level (e.g. Migration Program, Temporary Visa Program) - TRIPS / ICSE / IRIS / MPMS | Identifys visa program level (e.g. migration program  temporary visa program) - trips / icse / iris / mpms","Direct match on generated dataset + variable name in inst/plida_metadata/variables.csv.",""
"home-affairs","VISA","VISA","VISA_REPORT_GROUP_DS","character",1661,"direct_plida_dataset_variable","VISA","VISA_REPORT_GROUP_DS","madipge-mig-d-visa-2000-current","Identifies the visa category level (e.g Skilled, Visitor) | Identifys visa category level (e.g. Skilled, Visitor) - TRIPS / ICSE / IRIS / MPMS | Identifys visa category level (e.g. skilled  visitor) - trips / icse / iris / mpms","Direct match on generated dataset + variable name in inst/plida_metadata/variables.csv.",""
"home-affairs","VISA","VISA","VISA_SUBCLASS_CD","integer",1661,"direct_plida_dataset_variable","VISA","VISA_SUBCLASS_CD","madipge-mig-d-visa-2000-current","Identifies the visa subclass code level (eg. 489, 601) | Visa subclass code | Identifys visa subclass code level (e.g. 489  601) - trips / icse / iris / mpms","Direct match on generated dataset + variable name in inst/plida_metadata/variables.csv.",""
"home-affairs","VISA","VISA","VISA_SUBCLASS_DS","character",1661,"direct_plida_dataset_variable","VISA","VISA_SUBCLASS_DS","madipge-mig-d-visa-2000-current","Identifies the visa subclass description level (eg. 489 Skilled, 601 Electronic Travel Authority) | Visa subclass description | Identifys visa subclass description level (e.g. 489 skilled - regional (provisional)  601 electronic travel authority) - trips / icse / iris / mpms","Direct match on generated dataset + variable name in inst/plida_metadata/variables.csv.",""
"ndis","NDIS","NDIS","ABORIGINAL_TSI","character",16,"manual_same_dataset_plida_concept_match","NDIS","ATSISTS","madipge-ndis-exp-d-carers-13-current","Aboriginal and torres strait islander status of the contact","Manual same-dataset concept crosswalk to local PLIDA metadata variable; generated name is compact/simplified and is not asserted to be an official source variable name.","Generated compact NDIS field maps to a same-dataset NDIS metadata variable."
"ndis","NDIS","NDIS","DISABILITY_GROUP","character",16,"manual_same_dataset_plida_concept_match","NDIS","NDISDSBLTYGRPNM","madipge-ndis-exp-d-participants-13-current","The participant's primary disability","Manual same-dataset concept crosswalk to local PLIDA metadata variable; generated name is compact/simplified and is not asserted to be an official source variable name.","Generated compact NDIS field maps to a same-dataset NDIS metadata variable."
"ndis","NDIS","NDIS","FIRST_PLAN_APPROVAL_DATE","Date",16,"manual_same_dataset_plida_concept_match","NDIS","FRSTPLANAPRVLDT","madipge-ndis-exp-d-participants-13-current","First plan approval date","Manual same-dataset concept crosswalk to local PLIDA metadata variable; generated name is compact/simplified and is not asserted to be an official source variable name.","Generated compact NDIS field maps to a same-dataset NDIS metadata variable."
"ndis","NDIS","NDIS","GENDER","character",16,"manual_same_dataset_plida_concept_match","NDIS","GNDRTYP","madipge-ndis-exp-d-carers-13-current","The participant's gender","Manual same-dataset concept crosswalk to local PLIDA metadata variable; generated name is compact/simplified and is not asserted to be an official source variable name.","Generated compact NDIS field maps to a same-dataset NDIS metadata variable."
"ndis","NDIS","NDIS","MANAGEMENT_TYPE","character",16,"manual_same_dataset_plida_concept_match","NDIS","PLANMGTMTHDDESC","madipge-ndis-exp-d-plansupports-13-current","Budget management method for the specified plan","Manual same-dataset concept crosswalk to local PLIDA metadata variable; generated name is compact/simplified and is not asserted to be an official source variable name.","Generated Agency/Plan/Self labels are a compact plan-management concept; local metadata contains plan management method descriptions."
"ndis","NDIS","NDIS","PARTICIPANT_STATUS","character",16,"manual_same_dataset_plida_concept_match","NDIS","ACTVPRTCPNTIND","madipge-ndis-exp-d-participants-13-current","Indicates whether the participant is currently active (access met and has not exited the scheme)","Manual same-dataset concept crosswalk to local PLIDA metadata variable; generated name is compact/simplified and is not asserted to be an official source variable name.","Generated Active/Exited label is a simplified participant-status concept; local metadata contains the active participant indicator."
"ndis","NDIS","NDIS","PLAN_BUDGET_AMT","numeric",16,"manual_same_dataset_plida_concept_match","NDIS","CMTDSUPPBDGTAMT","madipge-ndis-exp-d-plansupports-13-current","Total committed support costs of the plan","Manual same-dataset concept crosswalk to local PLIDA metadata variable; generated name is compact/simplified and is not asserted to be an official source variable name.","Generated compact NDIS field maps to a same-dataset NDIS metadata variable."
"ndis","NDIS","NDIS","STATE_ASGS_2021","integer",16,"direct_plida_dataset_variable","NDIS","STATE_ASGS_2021","madipge-ndis-exp-d-providers-13-current","State (number)","Direct match on generated dataset + variable name in inst/plida_metadata/variables.csv.",""
"ndis","NDIS","NDIS","SUPPORT_CATEGORY","character",16,"manual_same_dataset_plida_concept_match","NDIS","SUPPCATNM","madipge-ndis-exp-d-plansupports-13-current","Support category type","Manual same-dataset concept crosswalk to local PLIDA metadata variable; generated name is compact/simplified and is not asserted to be an official source variable name.","Generated Core/Capacity Building/Capital label maps to support category type/name metadata."
"ndis","NDIS","NDIS","SYNTHETIC_AEUID","character",16,"direct_plida_dataset_variable","NDIS","SYNTHETIC_AEUID","madipge-ndis-exp-d-carers-13-current | madipge-ndis-exp-d-outcomes-13-current | madipge-ndis-exp-d-participants-13-current | madipge-ndis-exp-d-payments-13-current | madipge-ndis-exp-d-providers-13-current | madipge-ndis-exp-d-plansupports-13-current","Synthetic MADIP Person ID","Direct match on generated dataset + variable name in inst/plida_metadata/variables.csv.",""
"ndis","NDIS","NDIS","YEAR_OF_BIRTH","integer",16,"direct_plida_dataset_variable","NDIS","YEAR_OF_BIRTH","madipge-ndis-exp-d-participants-13-current","Year of birth","Direct match on generated dataset + variable name in inst/plida_metadata/variables.csv.",""
"pit","PIT_IE","madipge-ato-d-pit-income-edited-20-21","FIN_YEAR","character",6055,"direct_plida_dataset_variable","PIT_IE","FIN_YEAR","madipge-ato-d-pit-income-edited-10-11 | madipge-ato-d-pit-income-edited-11-12 | madipge-ato-d-pit-income-edited-12-13 | madipge-ato-d-pit-income-edited-13-14 | madipge-ato-d-pit-income-edited-14-15 | madipge-ato-d-pit-income-edited-15-16 | madipge-ato-d-pit-income-edited-16-17 | madipge-ato-d-pit-income-edited-17-18 | madipge-ato-d-pit-income-edited-18-19 | madipge-ato-d-pit-income-edited-19-20 | madipge-ato-d-pit-income-edited-20-21 | madipge-ato-d-pit-income-edited-fy2223 | madipge-ato-d-pit-income-edited-fy2324","Reference financial year | ","Direct match on generated dataset + variable name in inst/plida_metadata/variables.csv.",""
"pit","PIT_IE","madipge-ato-d-pit-income-edited-20-21","INCOME_EDITED","numeric",6055,"direct_plida_dataset_variable","PIT_IE","INCOME_EDITED","madipge-ato-d-pit-income-edited-10-11 | madipge-ato-d-pit-income-edited-11-12 | madipge-ato-d-pit-income-edited-12-13 | madipge-ato-d-pit-income-edited-13-14 | madipge-ato-d-pit-income-edited-14-15 | madipge-ato-d-pit-income-edited-15-16 | madipge-ato-d-pit-income-edited-16-17 | madipge-ato-d-pit-income-edited-17-18 | madipge-ato-d-pit-income-edited-18-19 | madipge-ato-d-pit-income-edited-19-20 | madipge-ato-d-pit-income-edited-20-21 | madipge-ato-d-pit-income-edited-fy2021-22 | madipge-ato-d-pit-income-edited-fy2223 | madipge-ato-d-pit-income-edited-fy2324","Income derived variable by abs | Income edited","Direct match on generated dataset + variable name in inst/plida_metadata/variables.csv.",""
"pit","PIT_IE","madipge-ato-d-pit-income-edited-20-21","INVINC","numeric",6055,"direct_plida_dataset_variable","PIT_IE","INVINC","madipge-ato-d-pit-income-edited-10-11 | madipge-ato-d-pit-income-edited-11-12 | madipge-ato-d-pit-income-edited-12-13 | madipge-ato-d-pit-income-edited-13-14 | madipge-ato-d-pit-income-edited-14-15 | madipge-ato-d-pit-income-edited-15-16 | madipge-ato-d-pit-income-edited-16-17 | madipge-ato-d-pit-income-edited-17-18 | madipge-ato-d-pit-income-edited-18-19 | madipge-ato-d-pit-income-edited-19-20 | madipge-ato-d-pit-income-edited-20-21 | madipge-ato-d-pit-income-edited-fy2021-22 | madipge-ato-d-pit-income-edited-fy2223 | madipge-ato-d-pit-income-edited-fy2324","Investment income amount","Direct match on generated dataset + variable name in inst/plida_metadata/variables.csv.",""
"pit","PIT_IE","madipge-ato-d-pit-income-edited-20-21","INVINC_EARNER","character",6055,"direct_plida_dataset_variable","PIT_IE","INVINC_EARNER","madipge-ato-d-pit-income-edited-10-11 | madipge-ato-d-pit-income-edited-11-12 | madipge-ato-d-pit-income-edited-12-13 | madipge-ato-d-pit-income-edited-13-14 | madipge-ato-d-pit-income-edited-14-15 | madipge-ato-d-pit-income-edited-15-16 | madipge-ato-d-pit-income-edited-16-17 | madipge-ato-d-pit-income-edited-17-18 | madipge-ato-d-pit-income-edited-18-19 | madipge-ato-d-pit-income-edited-19-20 | madipge-ato-d-pit-income-edited-20-21 | madipge-ato-d-pit-income-edited-fy2021-22 | madipge-ato-d-pit-income-edited-fy2223 | madipge-ato-d-pit-income-edited-fy2324","Invinc earner flag","Direct match on generated dataset + variable name in inst/plida_metadata/variables.csv.",""
"pit","PIT_IE","madipge-ato-d-pit-income-edited-20-21","NONLODGER","character",6055,"direct_plida_dataset_variable","PIT_IE","NONLODGER","madipge-ato-d-pit-income-edited-10-11 | madipge-ato-d-pit-income-edited-11-12 | madipge-ato-d-pit-income-edited-12-13 | madipge-ato-d-pit-income-edited-13-14 | madipge-ato-d-pit-income-edited-14-15 | madipge-ato-d-pit-income-edited-15-16 | madipge-ato-d-pit-income-edited-16-17 | madipge-ato-d-pit-income-edited-17-18 | madipge-ato-d-pit-income-edited-18-19 | madipge-ato-d-pit-income-edited-19-20 | madipge-ato-d-pit-income-edited-20-21 | madipge-ato-d-pit-income-edited-fy2021-22 | madipge-ato-d-pit-income-edited-fy2223 | madipge-ato-d-pit-income-edited-fy2324","Source of wands amount (itr or ps)","Direct match on generated dataset + variable name in inst/plida_metadata/variables.csv.",""
"pit","PIT_IE","madipge-ato-d-pit-income-edited-20-21","OTHINC","numeric",6055,"direct_plida_dataset_variable","PIT_IE","OTHINC","madipge-ato-d-pit-income-edited-10-11 | madipge-ato-d-pit-income-edited-11-12 | madipge-ato-d-pit-income-edited-12-13 | madipge-ato-d-pit-income-edited-13-14 | madipge-ato-d-pit-income-edited-14-15 | madipge-ato-d-pit-income-edited-15-16 | madipge-ato-d-pit-income-edited-16-17 | madipge-ato-d-pit-income-edited-17-18 | madipge-ato-d-pit-income-edited-18-19 | madipge-ato-d-pit-income-edited-19-20 | madipge-ato-d-pit-income-edited-20-21 | madipge-ato-d-pit-income-edited-fy2021-22 | madipge-ato-d-pit-income-edited-fy2223 | madipge-ato-d-pit-income-edited-fy2324","Other income amount","Direct match on generated dataset + variable name in inst/plida_metadata/variables.csv.",""
"pit","PIT_IE","madipge-ato-d-pit-income-edited-20-21","OTHINC_EARNER","character",6055,"direct_plida_dataset_variable","PIT_IE","OTHINC_EARNER","madipge-ato-d-pit-income-edited-10-11 | madipge-ato-d-pit-income-edited-11-12 | madipge-ato-d-pit-income-edited-12-13 | madipge-ato-d-pit-income-edited-13-14 | madipge-ato-d-pit-income-edited-14-15 | madipge-ato-d-pit-income-edited-15-16 | madipge-ato-d-pit-income-edited-16-17 | madipge-ato-d-pit-income-edited-17-18 | madipge-ato-d-pit-income-edited-18-19 | madipge-ato-d-pit-income-edited-19-20 | madipge-ato-d-pit-income-edited-20-21 | madipge-ato-d-pit-income-edited-fy2021-22 | madipge-ato-d-pit-income-edited-fy2223 | madipge-ato-d-pit-income-edited-fy2324","Othinc earner flag","Direct match on generated dataset + variable name in inst/plida_metadata/variables.csv.",""
"pit","PIT_IE","madipge-ato-d-pit-income-edited-20-21","OWNUNINC","numeric",6055,"direct_plida_dataset_variable","PIT_IE","OWNUNINC","madipge-ato-d-pit-income-edited-10-11 | madipge-ato-d-pit-income-edited-11-12 | madipge-ato-d-pit-income-edited-12-13 | madipge-ato-d-pit-income-edited-13-14 | madipge-ato-d-pit-income-edited-14-15 | madipge-ato-d-pit-income-edited-15-16 | madipge-ato-d-pit-income-edited-16-17 | madipge-ato-d-pit-income-edited-17-18 | madipge-ato-d-pit-income-edited-18-19 | madipge-ato-d-pit-income-edited-19-20 | madipge-ato-d-pit-income-edited-20-21 | madipge-ato-d-pit-income-edited-fy2021-22 | madipge-ato-d-pit-income-edited-fy2223 | madipge-ato-d-pit-income-edited-fy2324","Own incorporated business income amount","Direct match on generated dataset + variable name in inst/plida_metadata/variables.csv.",""
"pit","PIT_IE","madipge-ato-d-pit-income-edited-20-21","OWNUNINC_EARNER","character",6055,"direct_plida_dataset_variable","PIT_IE","OWNUNINC_EARNER","madipge-ato-d-pit-income-edited-10-11 | madipge-ato-d-pit-income-edited-11-12 | madipge-ato-d-pit-income-edited-12-13 | madipge-ato-d-pit-income-edited-13-14 | madipge-ato-d-pit-income-edited-14-15 | madipge-ato-d-pit-income-edited-15-16 | madipge-ato-d-pit-income-edited-16-17 | madipge-ato-d-pit-income-edited-17-18 | madipge-ato-d-pit-income-edited-18-19 | madipge-ato-d-pit-income-edited-19-20 | madipge-ato-d-pit-income-edited-20-21 | madipge-ato-d-pit-income-edited-fy2021-22 | madipge-ato-d-pit-income-edited-fy2223 | madipge-ato-d-pit-income-edited-fy2324","Ownuninc earner flag","Direct match on generated dataset + variable name in inst/plida_metadata/variables.csv.",""
"pit","PIT_IE","madipge-ato-d-pit-income-edited-20-21","SUPINC","numeric",6055,"direct_plida_dataset_variable","PIT_IE","SUPINC","madipge-ato-d-pit-income-edited-10-11 | madipge-ato-d-pit-income-edited-11-12 | madipge-ato-d-pit-income-edited-12-13 | madipge-ato-d-pit-income-edited-13-14 | madipge-ato-d-pit-income-edited-14-15 | madipge-ato-d-pit-income-edited-15-16 | madipge-ato-d-pit-income-edited-16-17 | madipge-ato-d-pit-income-edited-17-18 | madipge-ato-d-pit-income-edited-18-19 | madipge-ato-d-pit-income-edited-19-20 | madipge-ato-d-pit-income-edited-20-21 | madipge-ato-d-pit-income-edited-fy2021-22 | madipge-ato-d-pit-income-edited-fy2223 | madipge-ato-d-pit-income-edited-fy2324","Superannuation and annuity income amount","Direct match on generated dataset + variable name in inst/plida_metadata/variables.csv.",""
"pit","PIT_IE","madipge-ato-d-pit-income-edited-20-21","SUPINC_EARNER","character",6055,"direct_plida_dataset_variable","PIT_IE","SUPINC_EARNER","madipge-ato-d-pit-income-edited-10-11 | madipge-ato-d-pit-income-edited-11-12 | madipge-ato-d-pit-income-edited-12-13 | madipge-ato-d-pit-income-edited-13-14 | madipge-ato-d-pit-income-edited-14-15 | madipge-ato-d-pit-income-edited-15-16 | madipge-ato-d-pit-income-edited-16-17 | madipge-ato-d-pit-income-edited-17-18 | madipge-ato-d-pit-income-edited-18-19 | madipge-ato-d-pit-income-edited-19-20 | madipge-ato-d-pit-income-edited-20-21 | madipge-ato-d-pit-income-edited-fy2021-22 | madipge-ato-d-pit-income-edited-fy2223 | madipge-ato-d-pit-income-edited-fy2324","Supinc earner flag","Direct match on generated dataset + variable name in inst/plida_metadata/variables.csv.",""
"pit","PIT_IE","madipge-ato-d-pit-income-edited-20-21","SYNTHETIC_AEUID","character",6055,"direct_plida_dataset_variable","PIT_IE","SYNTHETIC_AEUID","madipge-ato-d-pit-income-edited-10-11 | madipge-ato-d-pit-income-edited-11-12 | madipge-ato-d-pit-income-edited-12-13 | madipge-ato-d-pit-income-edited-13-14 | madipge-ato-d-pit-income-edited-14-15 | madipge-ato-d-pit-income-edited-15-16 | madipge-ato-d-pit-income-edited-16-17 | madipge-ato-d-pit-income-edited-17-18 | madipge-ato-d-pit-income-edited-18-19 | madipge-ato-d-pit-income-edited-19-20 | madipge-ato-d-pit-income-edited-20-21 | madipge-ato-d-pit-income-edited-fy2021-22 | madipge-ato-d-pit-income-edited-fy2223 | madipge-ato-d-pit-income-edited-fy2324","Individual encrypted scrambled identifier | Synthetic MADIP Person ID","Direct match on generated dataset + variable name in inst/plida_metadata/variables.csv.",""
"pit","PIT_IE","madipge-ato-d-pit-income-edited-20-21","TOTALINC","numeric",6055,"direct_plida_dataset_variable","PIT_IE","TOTALINC","madipge-ato-d-pit-income-edited-10-11 | madipge-ato-d-pit-income-edited-11-12 | madipge-ato-d-pit-income-edited-12-13 | madipge-ato-d-pit-income-edited-13-14 | madipge-ato-d-pit-income-edited-14-15 | madipge-ato-d-pit-income-edited-15-16 | madipge-ato-d-pit-income-edited-16-17 | madipge-ato-d-pit-income-edited-17-18 | madipge-ato-d-pit-income-edited-18-19 | madipge-ato-d-pit-income-edited-19-20 | madipge-ato-d-pit-income-edited-20-21 | madipge-ato-d-pit-income-edited-fy2021-22 | madipge-ato-d-pit-income-edited-fy2223 | madipge-ato-d-pit-income-edited-fy2324","Total income amount","Direct match on generated dataset + variable name in inst/plida_metadata/variables.csv.",""
"pit","PIT_IE","madipge-ato-d-pit-income-edited-20-21","TOTALINC_EARNER","character",6055,"direct_plida_dataset_variable","PIT_IE","TOTALINC_EARNER","madipge-ato-d-pit-income-edited-10-11 | madipge-ato-d-pit-income-edited-11-12 | madipge-ato-d-pit-income-edited-12-13 | madipge-ato-d-pit-income-edited-13-14 | madipge-ato-d-pit-income-edited-14-15 | madipge-ato-d-pit-income-edited-15-16 | madipge-ato-d-pit-income-edited-16-17 | madipge-ato-d-pit-income-edited-17-18 | madipge-ato-d-pit-income-edited-18-19 | madipge-ato-d-pit-income-edited-19-20 | madipge-ato-d-pit-income-edited-20-21 | madipge-ato-d-pit-income-edited-fy2021-22 | madipge-ato-d-pit-income-edited-fy2223 | madipge-ato-d-pit-income-edited-fy2324","Totalinc earner flag","Direct match on generated dataset + variable name in inst/plida_metadata/variables.csv.",""
"pit","PIT_IE","madipge-ato-d-pit-income-edited-20-21","WANDS","numeric",6055,"direct_plida_dataset_variable","PIT_IE","WANDS","madipge-ato-d-pit-income-edited-10-11 | madipge-ato-d-pit-income-edited-11-12 | madipge-ato-d-pit-income-edited-12-13 | madipge-ato-d-pit-income-edited-13-14 | madipge-ato-d-pit-income-edited-14-15 | madipge-ato-d-pit-income-edited-15-16 | madipge-ato-d-pit-income-edited-16-17 | madipge-ato-d-pit-income-edited-17-18 | madipge-ato-d-pit-income-edited-18-19 | madipge-ato-d-pit-income-edited-19-20 | madipge-ato-d-pit-income-edited-20-21 | madipge-ato-d-pit-income-edited-fy2021-22 | madipge-ato-d-pit-income-edited-fy2223 | madipge-ato-d-pit-income-edited-fy2324","Employee income amount","Direct match on generated dataset + variable name in inst/plida_metadata/variables.csv.",""
"pit","PIT_IE","madipge-ato-d-pit-income-edited-20-21","WANDS_EARNER","character",6055,"direct_plida_dataset_variable","PIT_IE","WANDS_EARNER","madipge-ato-d-pit-income-edited-10-11 | madipge-ato-d-pit-income-edited-11-12 | madipge-ato-d-pit-income-edited-12-13 | madipge-ato-d-pit-income-edited-13-14 | madipge-ato-d-pit-income-edited-14-15 | madipge-ato-d-pit-income-edited-15-16 | madipge-ato-d-pit-income-edited-16-17 | madipge-ato-d-pit-income-edited-17-18 | madipge-ato-d-pit-income-edited-18-19 | madipge-ato-d-pit-income-edited-19-20 | madipge-ato-d-pit-income-edited-20-21 | madipge-ato-d-pit-income-edited-fy2021-22 | madipge-ato-d-pit-income-edited-fy2223 | madipge-ato-d-pit-income-edited-fy2324","Employee income earner flag","Direct match on generated dataset + variable name in inst/plida_metadata/variables.csv.",""
"pit","PIT_ITR","madipge-ato-d-context-fy2021","CLNT_RSDNT_IND","character",5223,"direct_plida_dataset_variable","PIT_ITR","CLNT_RSDNT_IND","madip-ge-020137d-ato-atoitrcontext1819-fy2018-19 | madipge-ato-d-context-fy0001 | madipge-ato-d-context-fy0102 | madipge-ato-d-context-fy0203 | madipge-ato-d-context-fy0304 | madipge-ato-d-context-fy0405 | madipge-ato-d-context-fy0506 | madipge-ato-d-context-fy0607 | madipge-ato-d-context-fy0708 | madipge-ato-d-context-fy0809 | madipge-ato-d-context-fy0910 | madipge-ato-d-context-fy1920 | madipge-ato-d-context-fy2021 | madipge-ato-d-context-fy2021-22 | madipge-ato-d-context-fy2223 | madipge-ato-d-context-fy2324 | madipge-ato-d-context-fy9900","Are you an australian resident? | Non-resident indicator","Direct match on generated dataset + variable name in inst/plida_metadata/variables.csv.",""
"pit","PIT_ITR","madipge-ato-d-context-fy2021","INCM_YR","integer",5223,"direct_plida_dataset_variable","PIT_ITR","INCM_YR","madip-ge-020102d-ato-atoitrcontext1011-fy2010-11 | madip-ge-020103d-ato-atoitrdedexpoff1011-fy2010-11 | madip-ge-020104d-ato-atoitrincloss1011-fy2010-11 | madip-ge-020105d-ato-atoitrwhlddebt1011-fy2010-11 | madip-ge-020107d-ato-atoitrcontext1112-fy2011-12 | madip-ge-020108d-ato-atoitrdedexpoff1112-fy2011-12 | madip-ge-020109d-ato-atoitrincloss1112-fy2011-12 | madip-ge-020110d-ato-atoitrwhlddebt1112-fy2011-12 | madip-ge-020112d-ato-atoitrcontext1213-fy2012-13 | madip-ge-020113d-ato-atoitrdedexpoff1213-fy2012-13 | madip-ge-020114d-ato-atoitrincloss1213-fy2012-13 | madip-ge-020115d-ato-atoitrwhlddebt1213-fy2012-13 | madip-ge-020117d-ato-atoitrcontext1314-fy2013-14 | madip-ge-020118d-ato-atoitrdedexpoff1314-fy2013-14 | madip-ge-020119d-ato-atoitrincloss1314-fy2013-14 | madip-ge-020120d-ato-atoitrwhlddebt1314-fy2013-14 | madip-ge-020122d-ato-atoitrcontext1415-fy2014-15 | madip-ge-020123d-ato-atoitrdedexpoff1415-fy2014-15 | madip-ge-020124d-ato-atoitrincloss1415-fy2014-15 | madip-ge-020125d-ato-atoitrwhlddebt1415-fy2014-15 | madip-ge-020127d-ato-atoitrcontext1516-fy2015-16 | madip-ge-020128d-ato-atoitrdedexpoff1516-fy2015-16 | madip-ge-020129d-ato-atoitrincloss1516-fy2015-16 | madip-ge-020130d-ato-atoitrwhlddebt1516-fy2015-16 | madip-ge-020132d-ato-atoitrcontext1617-fy2016-17 | madip-ge-020133d-ato-atoitrdedexpoff1617-fy2016-17 | madip-ge-020134d-ato-atoitrincloss1617-fy2016-17 | madip-ge-020135d-ato-atoitrwhlddebt1617-fy2016-17 | madip-ge-020137d-ato-atoitrcontext1718-fy2017-18 | madip-ge-020137d-ato-atoitrcontext1819-fy2018-19 | madip-ge-020138d-ato-atoitrdedexpoff1718-fy2017-18 | madip-ge-020138d-ato-atoitrdedexpoff1819-fy2018-19 | madip-ge-020139d-ato-atoitrincloss1718-fy2017-18 | madip-ge-020139d-ato-atoitrincloss1819-fy2018-19 | madip-ge-020140d-ato-atoitrwhlddebt1718-fy2017-18 | madip-ge-020140d-ato-atoitrwhlddebt1819-fy2018-19 | madipge-ato-d-context-fy0001 | madipge-ato-d-context-fy0102 | madipge-ato-d-context-fy0203 | madipge-ato-d-context-fy0304 | madipge-ato-d-context-fy0405 | madipge-ato-d-context-fy0506 | madipge-ato-d-context-fy0607 | madipge-ato-d-context-fy0708 | madipge-ato-d-context-fy0809 | madipge-ato-d-context-fy0910 | madipge-ato-d-context-fy1920 | madipge-ato-d-context-fy2021 | madipge-ato-d-context-fy2021-22 | madipge-ato-d-context-fy2223 | madipge-ato-d-context-fy2324 | madipge-ato-d-context-fy9900 | madipge-ato-d-ded-exp-off-fy0001 | madipge-ato-d-ded-exp-off-fy0102 | madipge-ato-d-ded-exp-off-fy0203 | madipge-ato-d-ded-exp-off-fy0304 | madipge-ato-d-ded-exp-off-fy0405 | madipge-ato-d-ded-exp-off-fy0506 | madipge-ato-d-ded-exp-off-fy0607 | madipge-ato-d-ded-exp-off-fy0708 | madipge-ato-d-ded-exp-off-fy0809 | madipge-ato-d-ded-exp-off-fy0910 | madipge-ato-d-ded-exp-off-fy1920 | madipge-ato-d-ded-exp-off-fy2021 | madipge-ato-d-ded-exp-off-fy2021-22 | madipge-ato-d-ded-exp-off-fy2223 | madipge-ato-d-ded-exp-off-fy2324 | madipge-ato-d-ded-exp-off-fy9900 | madipge-ato-d-inc-loss-fy0001 | madipge-ato-d-inc-loss-fy0102 | madipge-ato-d-inc-loss-fy0203 | madipge-ato-d-inc-loss-fy0304 | madipge-ato-d-inc-loss-fy0405 | madipge-ato-d-inc-loss-fy0506 | madipge-ato-d-inc-loss-fy0607 | madipge-ato-d-inc-loss-fy0708 | madipge-ato-d-inc-loss-fy0809 | madipge-ato-d-inc-loss-fy0910 | madipge-ato-d-inc-loss-fy1920 | madipge-ato-d-inc-loss-fy2021 | madipge-ato-d-inc-loss-fy2021-22 | madipge-ato-d-inc-loss-fy2223 | madipge-ato-d-inc-loss-fy2324 | madipge-ato-d-inc-loss-fy9900 | madipge-ato-d-whld-debt-fy0001 | madipge-ato-d-whld-debt-fy0102 | madipge-ato-d-whld-debt-fy0203 | madipge-ato-d-whld-debt-fy0304 | madipge-ato-d-whld-debt-fy0405 | madipge-ato-d-whld-debt-fy0506 | madipge-ato-d-whld-debt-fy0607 | madipge-ato-d-whld-debt-fy0708 | madipge-ato-d-whld-debt-fy0809 | madipge-ato-d-whld-debt-fy0910 | madipge-ato-d-whld-debt-fy1920 | madipge-ato-d-whld-debt-fy2021 | madipge-ato-d-whld-debt-fy2021-22 | madipge-ato-d-whld-debt-fy2223 | madipge-ato-d-whld-debt-fy2324 | madipge-ato-d-whld-debt-fy9900 | madipge-ato-d-pay-sum-fy2324","Income year","Direct match on generated dataset + variable name in inst/plida_metadata/variables.csv.",""
"pit","PIT_ITR","madipge-ato-d-context-fy2021","MN_BUS_TAX_OFC_ANZSIC_CD","character",5223,"direct_plida_dataset_variable","PIT_ITR","MN_BUS_TAX_OFC_ANZSIC_CD","madip-ge-020102d-ato-atoitrcontext1011-fy2010-11 | madip-ge-020107d-ato-atoitrcontext1112-fy2011-12 | madip-ge-020112d-ato-atoitrcontext1213-fy2012-13 | madip-ge-020117d-ato-atoitrcontext1314-fy2013-14 | madip-ge-020122d-ato-atoitrcontext1415-fy2014-15 | madip-ge-020127d-ato-atoitrcontext1516-fy2015-16 | madip-ge-020132d-ato-atoitrcontext1617-fy2016-17 | madip-ge-020137d-ato-atoitrcontext1718-fy2017-18 | madip-ge-020137d-ato-atoitrcontext1819-fy2018-19 | madipge-ato-d-context-fy0001 | madipge-ato-d-context-fy0102 | madipge-ato-d-context-fy0203 | madipge-ato-d-context-fy0304 | madipge-ato-d-context-fy0405 | madipge-ato-d-context-fy0506 | madipge-ato-d-context-fy0607 | madipge-ato-d-context-fy0708 | madipge-ato-d-context-fy0809 | madipge-ato-d-context-fy1920 | madipge-ato-d-context-fy2021 | madipge-ato-d-context-fy2021-22 | madipge-ato-d-context-fy2223 | madipge-ato-d-context-fy2324 | madipge-ato-d-context-fy9900","Industry code of main business or professional activity - industry code | Ato anzsic code","Direct match on generated dataset + variable name in inst/plida_metadata/variables.csv.",""
"pit","PIT_ITR","madipge-ato-d-context-fy2021","OCPTN_GRP_CD","character",5223,"direct_plida_dataset_variable","PIT_ITR","OCPTN_GRP_CD","madipge-ato-d-context-fy0001 | madipge-ato-d-context-fy0102 | madipge-ato-d-context-fy0203 | madipge-ato-d-context-fy0304 | madipge-ato-d-context-fy0405 | madipge-ato-d-context-fy0506 | madipge-ato-d-context-fy9900","Ocupation group code","Direct match on generated dataset + variable name in inst/plida_metadata/variables.csv.",""
"pit","PIT_ITR","madipge-ato-d-context-fy2021","SUB_OCPTN_GRP_CD","character",5223,"direct_plida_dataset_variable","PIT_ITR","SUB_OCPTN_GRP_CD","madipge-ato-d-context-fy0001 | madipge-ato-d-context-fy0102 | madipge-ato-d-context-fy0203 | madipge-ato-d-context-fy0304 | madipge-ato-d-context-fy0405 | madipge-ato-d-context-fy0506 | madipge-ato-d-context-fy9900","Sub occupation group code","Direct match on generated dataset + variable name in inst/plida_metadata/variables.csv.",""
"pit","PIT_ITR","madipge-ato-d-context-fy2021","SYNTHETIC_AEUID","character",5223,"direct_plida_dataset_variable","PIT_ITR","SYNTHETIC_AEUID","madip-ge-020102d-ato-atoitrcontext1011-fy2010-11 | madip-ge-020103d-ato-atoitrdedexpoff1011-fy2010-11 | madip-ge-020104d-ato-atoitrincloss1011-fy2010-11 | madip-ge-020105d-ato-atoitrwhlddebt1011-fy2010-11 | madip-ge-020107d-ato-atoitrcontext1112-fy2011-12 | madip-ge-020108d-ato-atoitrdedexpoff1112-fy2011-12 | madip-ge-020109d-ato-atoitrincloss1112-fy2011-12 | madip-ge-020110d-ato-atoitrwhlddebt1112-fy2011-12 | madip-ge-020112d-ato-atoitrcontext1213-fy2012-13 | madip-ge-020113d-ato-atoitrdedexpoff1213-fy2012-13 | madip-ge-020114d-ato-atoitrincloss1213-fy2012-13 | madip-ge-020115d-ato-atoitrwhlddebt1213-fy2012-13 | madip-ge-020117d-ato-atoitrcontext1314-fy2013-14 | madip-ge-020118d-ato-atoitrdedexpoff1314-fy2013-14 | madip-ge-020119d-ato-atoitrincloss1314-fy2013-14 | madip-ge-020120d-ato-atoitrwhlddebt1314-fy2013-14 | madip-ge-020122d-ato-atoitrcontext1415-fy2014-15 | madip-ge-020123d-ato-atoitrdedexpoff1415-fy2014-15 | madip-ge-020124d-ato-atoitrincloss1415-fy2014-15 | madip-ge-020125d-ato-atoitrwhlddebt1415-fy2014-15 | madip-ge-020127d-ato-atoitrcontext1516-fy2015-16 | madip-ge-020128d-ato-atoitrdedexpoff1516-fy2015-16 | madip-ge-020129d-ato-atoitrincloss1516-fy2015-16 | madip-ge-020130d-ato-atoitrwhlddebt1516-fy2015-16 | madip-ge-020132d-ato-atoitrcontext1617-fy2016-17 | madip-ge-020133d-ato-atoitrdedexpoff1617-fy2016-17 | madip-ge-020134d-ato-atoitrincloss1617-fy2016-17 | madip-ge-020135d-ato-atoitrwhlddebt1617-fy2016-17 | madip-ge-020137d-ato-atoitrcontext1718-fy2017-18 | madip-ge-020137d-ato-atoitrcontext1819-fy2018-19 | madip-ge-020138d-ato-atoitrdedexpoff1718-fy2017-18 | madip-ge-020138d-ato-atoitrdedexpoff1819-fy2018-19 | madip-ge-020139d-ato-atoitrincloss1718-fy2017-18 | madip-ge-020139d-ato-atoitrincloss1819-fy2018-19 | madip-ge-020140d-ato-atoitrwhlddebt1718-fy2017-18 | madip-ge-020140d-ato-atoitrwhlddebt1819-fy2018-19 | madipge-ato-d-context-fy0001 | madipge-ato-d-context-fy0102 | madipge-ato-d-context-fy0203 | madipge-ato-d-context-fy0304 | madipge-ato-d-context-fy0405 | madipge-ato-d-context-fy0506 | madipge-ato-d-context-fy0607 | madipge-ato-d-context-fy0708 | madipge-ato-d-context-fy0809 | madipge-ato-d-context-fy0910 | madipge-ato-d-context-fy1920 | madipge-ato-d-context-fy2021 | madipge-ato-d-context-fy2021-22 | madipge-ato-d-context-fy2223 | madipge-ato-d-context-fy2324 | madipge-ato-d-context-fy9900 | madipge-ato-d-ded-exp-off-fy0001 | madipge-ato-d-ded-exp-off-fy0102 | madipge-ato-d-ded-exp-off-fy0203 | madipge-ato-d-ded-exp-off-fy0304 | madipge-ato-d-ded-exp-off-fy0405 | madipge-ato-d-ded-exp-off-fy0506 | madipge-ato-d-ded-exp-off-fy0607 | madipge-ato-d-ded-exp-off-fy0708 | madipge-ato-d-ded-exp-off-fy0809 | madipge-ato-d-ded-exp-off-fy0910 | madipge-ato-d-ded-exp-off-fy1920 | madipge-ato-d-ded-exp-off-fy2021 | madipge-ato-d-ded-exp-off-fy2021-22 | madipge-ato-d-ded-exp-off-fy2223 | madipge-ato-d-ded-exp-off-fy2324 | madipge-ato-d-ded-exp-off-fy9900 | madipge-ato-d-inc-loss-fy0001 | madipge-ato-d-inc-loss-fy0102 | madipge-ato-d-inc-loss-fy0203 | madipge-ato-d-inc-loss-fy0304 | madipge-ato-d-inc-loss-fy0405 | madipge-ato-d-inc-loss-fy0506 | madipge-ato-d-inc-loss-fy0607 | madipge-ato-d-inc-loss-fy0708 | madipge-ato-d-inc-loss-fy0809 | madipge-ato-d-inc-loss-fy0910 | madipge-ato-d-inc-loss-fy1920 | madipge-ato-d-inc-loss-fy2021 | madipge-ato-d-inc-loss-fy2021-22 | madipge-ato-d-inc-loss-fy2223 | madipge-ato-d-inc-loss-fy2324 | madipge-ato-d-inc-loss-fy9900 | madipge-ato-d-wages-salaries-fy1819 | madipge-ato-d-wages-salaries-fy1920 | madipge-ato-d-wages-salaries-fy2021 | madipge-ato-d-whld-debt-fy0001 | madipge-ato-d-whld-debt-fy0102 | madipge-ato-d-whld-debt-fy0203 | madipge-ato-d-whld-debt-fy0304 | madipge-ato-d-whld-debt-fy0405 | madipge-ato-d-whld-debt-fy0506 | madipge-ato-d-whld-debt-fy0607 | madipge-ato-d-whld-debt-fy0708 | madipge-ato-d-whld-debt-fy0809 | madipge-ato-d-whld-debt-fy0910 | madipge-ato-d-whld-debt-fy1920 | madipge-ato-d-whld-debt-fy2021 | madipge-ato-d-whld-debt-fy2021-22 | madipge-ato-d-whld-debt-fy2223 | madipge-ato-d-whld-debt-fy2324 | madipge-ato-d-whld-debt-fy9900 | madipge-ato-d-ws-fy2021-22 | madipge-ato-d-ws-fy2022-23 | madipge-ato-d-ws-fy2324 | madipge-ato-d-pay-sum-fy2324","Synthetic id of individual person on dataset | Synthetic MADIP Person ID | Individual encrypted scrambled identifier | Synthetic id","Direct match on generated dataset + variable name in inst/plida_metadata/variables.csv.",""
"pit","PIT_ITR","madipge-ato-d-ded-exp-off-fy2021","DECLD_TOTL_WRK_DEDN_AMT","numeric",5223,"direct_plida_dataset_variable","PIT_ITR","DECLD_TOTL_WRK_DEDN_AMT","madipge-ato-d-ded-exp-off-fy0001 | madipge-ato-d-ded-exp-off-fy0102 | madipge-ato-d-ded-exp-off-fy0203 | madipge-ato-d-ded-exp-off-fy0304 | madipge-ato-d-ded-exp-off-fy0405 | madipge-ato-d-ded-exp-off-fy0506 | madipge-ato-d-ded-exp-off-fy9900","Declared Total Work Related Deduction Amount","Direct match on generated dataset + variable name in inst/plida_metadata/variables.csv.",""
"pit","PIT_ITR","madipge-ato-d-ded-exp-off-fy2021","GIFTS_OR_DNTNS_AMT","numeric",5223,"direct_plida_dataset_variable","PIT_ITR","GIFTS_OR_DNTNS_AMT","madip-ge-020103d-ato-atoitrdedexpoff1011-fy2010-11 | madip-ge-020108d-ato-atoitrdedexpoff1112-fy2011-12 | madip-ge-020113d-ato-atoitrdedexpoff1213-fy2012-13 | madip-ge-020118d-ato-atoitrdedexpoff1314-fy2013-14 | madip-ge-020123d-ato-atoitrdedexpoff1415-fy2014-15 | madip-ge-020128d-ato-atoitrdedexpoff1516-fy2015-16 | madip-ge-020133d-ato-atoitrdedexpoff1617-fy2016-17 | madip-ge-020138d-ato-atoitrdedexpoff1718-fy2017-18 | madip-ge-020138d-ato-atoitrdedexpoff1819-fy2018-19 | madipge-ato-d-ded-exp-off-fy0001 | madipge-ato-d-ded-exp-off-fy0102 | madipge-ato-d-ded-exp-off-fy0203 | madipge-ato-d-ded-exp-off-fy0304 | madipge-ato-d-ded-exp-off-fy0405 | madipge-ato-d-ded-exp-off-fy0506 | madipge-ato-d-ded-exp-off-fy0607 | madipge-ato-d-ded-exp-off-fy0708 | madipge-ato-d-ded-exp-off-fy0809 | madipge-ato-d-ded-exp-off-fy0910 | madipge-ato-d-ded-exp-off-fy1920 | madipge-ato-d-ded-exp-off-fy2021 | madipge-ato-d-ded-exp-off-fy2021-22 | madipge-ato-d-ded-exp-off-fy2223 | madipge-ato-d-ded-exp-off-fy2324 | madipge-ato-d-ded-exp-off-fy9900","Gifts or donations","Direct match on generated dataset + variable name in inst/plida_metadata/variables.csv.",""
"pit","PIT_ITR","madipge-ato-d-ded-exp-off-fy2021","INCM_YR","integer",5223,"direct_plida_dataset_variable","PIT_ITR","INCM_YR","madip-ge-020102d-ato-atoitrcontext1011-fy2010-11 | madip-ge-020103d-ato-atoitrdedexpoff1011-fy2010-11 | madip-ge-020104d-ato-atoitrincloss1011-fy2010-11 | madip-ge-020105d-ato-atoitrwhlddebt1011-fy2010-11 | madip-ge-020107d-ato-atoitrcontext1112-fy2011-12 | madip-ge-020108d-ato-atoitrdedexpoff1112-fy2011-12 | madip-ge-020109d-ato-atoitrincloss1112-fy2011-12 | madip-ge-020110d-ato-atoitrwhlddebt1112-fy2011-12 | madip-ge-020112d-ato-atoitrcontext1213-fy2012-13 | madip-ge-020113d-ato-atoitrdedexpoff1213-fy2012-13 | madip-ge-020114d-ato-atoitrincloss1213-fy2012-13 | madip-ge-020115d-ato-atoitrwhlddebt1213-fy2012-13 | madip-ge-020117d-ato-atoitrcontext1314-fy2013-14 | madip-ge-020118d-ato-atoitrdedexpoff1314-fy2013-14 | madip-ge-020119d-ato-atoitrincloss1314-fy2013-14 | madip-ge-020120d-ato-atoitrwhlddebt1314-fy2013-14 | madip-ge-020122d-ato-atoitrcontext1415-fy2014-15 | madip-ge-020123d-ato-atoitrdedexpoff1415-fy2014-15 | madip-ge-020124d-ato-atoitrincloss1415-fy2014-15 | madip-ge-020125d-ato-atoitrwhlddebt1415-fy2014-15 | madip-ge-020127d-ato-atoitrcontext1516-fy2015-16 | madip-ge-020128d-ato-atoitrdedexpoff1516-fy2015-16 | madip-ge-020129d-ato-atoitrincloss1516-fy2015-16 | madip-ge-020130d-ato-atoitrwhlddebt1516-fy2015-16 | madip-ge-020132d-ato-atoitrcontext1617-fy2016-17 | madip-ge-020133d-ato-atoitrdedexpoff1617-fy2016-17 | madip-ge-020134d-ato-atoitrincloss1617-fy2016-17 | madip-ge-020135d-ato-atoitrwhlddebt1617-fy2016-17 | madip-ge-020137d-ato-atoitrcontext1718-fy2017-18 | madip-ge-020137d-ato-atoitrcontext1819-fy2018-19 | madip-ge-020138d-ato-atoitrdedexpoff1718-fy2017-18 | madip-ge-020138d-ato-atoitrdedexpoff1819-fy2018-19 | madip-ge-020139d-ato-atoitrincloss1718-fy2017-18 | madip-ge-020139d-ato-atoitrincloss1819-fy2018-19 | madip-ge-020140d-ato-atoitrwhlddebt1718-fy2017-18 | madip-ge-020140d-ato-atoitrwhlddebt1819-fy2018-19 | madipge-ato-d-context-fy0001 | madipge-ato-d-context-fy0102 | madipge-ato-d-context-fy0203 | madipge-ato-d-context-fy0304 | madipge-ato-d-context-fy0405 | madipge-ato-d-context-fy0506 | madipge-ato-d-context-fy0607 | madipge-ato-d-context-fy0708 | madipge-ato-d-context-fy0809 | madipge-ato-d-context-fy0910 | madipge-ato-d-context-fy1920 | madipge-ato-d-context-fy2021 | madipge-ato-d-context-fy2021-22 | madipge-ato-d-context-fy2223 | madipge-ato-d-context-fy2324 | madipge-ato-d-context-fy9900 | madipge-ato-d-ded-exp-off-fy0001 | madipge-ato-d-ded-exp-off-fy0102 | madipge-ato-d-ded-exp-off-fy0203 | madipge-ato-d-ded-exp-off-fy0304 | madipge-ato-d-ded-exp-off-fy0405 | madipge-ato-d-ded-exp-off-fy0506 | madipge-ato-d-ded-exp-off-fy0607 | madipge-ato-d-ded-exp-off-fy0708 | madipge-ato-d-ded-exp-off-fy0809 | madipge-ato-d-ded-exp-off-fy0910 | madipge-ato-d-ded-exp-off-fy1920 | madipge-ato-d-ded-exp-off-fy2021 | madipge-ato-d-ded-exp-off-fy2021-22 | madipge-ato-d-ded-exp-off-fy2223 | madipge-ato-d-ded-exp-off-fy2324 | madipge-ato-d-ded-exp-off-fy9900 | madipge-ato-d-inc-loss-fy0001 | madipge-ato-d-inc-loss-fy0102 | madipge-ato-d-inc-loss-fy0203 | madipge-ato-d-inc-loss-fy0304 | madipge-ato-d-inc-loss-fy0405 | madipge-ato-d-inc-loss-fy0506 | madipge-ato-d-inc-loss-fy0607 | madipge-ato-d-inc-loss-fy0708 | madipge-ato-d-inc-loss-fy0809 | madipge-ato-d-inc-loss-fy0910 | madipge-ato-d-inc-loss-fy1920 | madipge-ato-d-inc-loss-fy2021 | madipge-ato-d-inc-loss-fy2021-22 | madipge-ato-d-inc-loss-fy2223 | madipge-ato-d-inc-loss-fy2324 | madipge-ato-d-inc-loss-fy9900 | madipge-ato-d-whld-debt-fy0001 | madipge-ato-d-whld-debt-fy0102 | madipge-ato-d-whld-debt-fy0203 | madipge-ato-d-whld-debt-fy0304 | madipge-ato-d-whld-debt-fy0405 | madipge-ato-d-whld-debt-fy0506 | madipge-ato-d-whld-debt-fy0607 | madipge-ato-d-whld-debt-fy0708 | madipge-ato-d-whld-debt-fy0809 | madipge-ato-d-whld-debt-fy0910 | madipge-ato-d-whld-debt-fy1920 | madipge-ato-d-whld-debt-fy2021 | madipge-ato-d-whld-debt-fy2021-22 | madipge-ato-d-whld-debt-fy2223 | madipge-ato-d-whld-debt-fy2324 | madipge-ato-d-whld-debt-fy9900 | madipge-ato-d-pay-sum-fy2324","Income year","Direct match on generated dataset + variable name in inst/plida_metadata/variables.csv.",""
"pit","PIT_ITR","madipge-ato-d-ded-exp-off-fy2021","OTHR_DDCTNS_TOTL_AMT","numeric",5223,"direct_plida_dataset_variable","PIT_ITR","OTHR_DDCTNS_TOTL_AMT","madip-ge-020103d-ato-atoitrdedexpoff1011-fy2010-11 | madip-ge-020108d-ato-atoitrdedexpoff1112-fy2011-12 | madip-ge-020113d-ato-atoitrdedexpoff1213-fy2012-13 | madip-ge-020118d-ato-atoitrdedexpoff1314-fy2013-14 | madip-ge-020123d-ato-atoitrdedexpoff1415-fy2014-15 | madip-ge-020128d-ato-atoitrdedexpoff1516-fy2015-16 | madip-ge-020133d-ato-atoitrdedexpoff1617-fy2016-17 | madip-ge-020138d-ato-atoitrdedexpoff1718-fy2017-18 | madip-ge-020138d-ato-atoitrdedexpoff1819-fy2018-19 | madipge-ato-d-ded-exp-off-fy0001 | madipge-ato-d-ded-exp-off-fy0102 | madipge-ato-d-ded-exp-off-fy0203 | madipge-ato-d-ded-exp-off-fy0304 | madipge-ato-d-ded-exp-off-fy0405 | madipge-ato-d-ded-exp-off-fy0506 | madipge-ato-d-ded-exp-off-fy0607 | madipge-ato-d-ded-exp-off-fy0708 | madipge-ato-d-ded-exp-off-fy0809 | madipge-ato-d-ded-exp-off-fy1920 | madipge-ato-d-ded-exp-off-fy2021 | madipge-ato-d-ded-exp-off-fy2021-22 | madipge-ato-d-ded-exp-off-fy2223 | madipge-ato-d-ded-exp-off-fy2324 | madipge-ato-d-ded-exp-off-fy9900","Other deduction other deductions","Direct match on generated dataset + variable name in inst/plida_metadata/variables.csv.",""
"pit","PIT_ITR","madipge-ato-d-ded-exp-off-fy2021","SYNTHETIC_AEUID","character",5223,"direct_plida_dataset_variable","PIT_ITR","SYNTHETIC_AEUID","madip-ge-020102d-ato-atoitrcontext1011-fy2010-11 | madip-ge-020103d-ato-atoitrdedexpoff1011-fy2010-11 | madip-ge-020104d-ato-atoitrincloss1011-fy2010-11 | madip-ge-020105d-ato-atoitrwhlddebt1011-fy2010-11 | madip-ge-020107d-ato-atoitrcontext1112-fy2011-12 | madip-ge-020108d-ato-atoitrdedexpoff1112-fy2011-12 | madip-ge-020109d-ato-atoitrincloss1112-fy2011-12 | madip-ge-020110d-ato-atoitrwhlddebt1112-fy2011-12 | madip-ge-020112d-ato-atoitrcontext1213-fy2012-13 | madip-ge-020113d-ato-atoitrdedexpoff1213-fy2012-13 | madip-ge-020114d-ato-atoitrincloss1213-fy2012-13 | madip-ge-020115d-ato-atoitrwhlddebt1213-fy2012-13 | madip-ge-020117d-ato-atoitrcontext1314-fy2013-14 | madip-ge-020118d-ato-atoitrdedexpoff1314-fy2013-14 | madip-ge-020119d-ato-atoitrincloss1314-fy2013-14 | madip-ge-020120d-ato-atoitrwhlddebt1314-fy2013-14 | madip-ge-020122d-ato-atoitrcontext1415-fy2014-15 | madip-ge-020123d-ato-atoitrdedexpoff1415-fy2014-15 | madip-ge-020124d-ato-atoitrincloss1415-fy2014-15 | madip-ge-020125d-ato-atoitrwhlddebt1415-fy2014-15 | madip-ge-020127d-ato-atoitrcontext1516-fy2015-16 | madip-ge-020128d-ato-atoitrdedexpoff1516-fy2015-16 | madip-ge-020129d-ato-atoitrincloss1516-fy2015-16 | madip-ge-020130d-ato-atoitrwhlddebt1516-fy2015-16 | madip-ge-020132d-ato-atoitrcontext1617-fy2016-17 | madip-ge-020133d-ato-atoitrdedexpoff1617-fy2016-17 | madip-ge-020134d-ato-atoitrincloss1617-fy2016-17 | madip-ge-020135d-ato-atoitrwhlddebt1617-fy2016-17 | madip-ge-020137d-ato-atoitrcontext1718-fy2017-18 | madip-ge-020137d-ato-atoitrcontext1819-fy2018-19 | madip-ge-020138d-ato-atoitrdedexpoff1718-fy2017-18 | madip-ge-020138d-ato-atoitrdedexpoff1819-fy2018-19 | madip-ge-020139d-ato-atoitrincloss1718-fy2017-18 | madip-ge-020139d-ato-atoitrincloss1819-fy2018-19 | madip-ge-020140d-ato-atoitrwhlddebt1718-fy2017-18 | madip-ge-020140d-ato-atoitrwhlddebt1819-fy2018-19 | madipge-ato-d-context-fy0001 | madipge-ato-d-context-fy0102 | madipge-ato-d-context-fy0203 | madipge-ato-d-context-fy0304 | madipge-ato-d-context-fy0405 | madipge-ato-d-context-fy0506 | madipge-ato-d-context-fy0607 | madipge-ato-d-context-fy0708 | madipge-ato-d-context-fy0809 | madipge-ato-d-context-fy0910 | madipge-ato-d-context-fy1920 | madipge-ato-d-context-fy2021 | madipge-ato-d-context-fy2021-22 | madipge-ato-d-context-fy2223 | madipge-ato-d-context-fy2324 | madipge-ato-d-context-fy9900 | madipge-ato-d-ded-exp-off-fy0001 | madipge-ato-d-ded-exp-off-fy0102 | madipge-ato-d-ded-exp-off-fy0203 | madipge-ato-d-ded-exp-off-fy0304 | madipge-ato-d-ded-exp-off-fy0405 | madipge-ato-d-ded-exp-off-fy0506 | madipge-ato-d-ded-exp-off-fy0607 | madipge-ato-d-ded-exp-off-fy0708 | madipge-ato-d-ded-exp-off-fy0809 | madipge-ato-d-ded-exp-off-fy0910 | madipge-ato-d-ded-exp-off-fy1920 | madipge-ato-d-ded-exp-off-fy2021 | madipge-ato-d-ded-exp-off-fy2021-22 | madipge-ato-d-ded-exp-off-fy2223 | madipge-ato-d-ded-exp-off-fy2324 | madipge-ato-d-ded-exp-off-fy9900 | madipge-ato-d-inc-loss-fy0001 | madipge-ato-d-inc-loss-fy0102 | madipge-ato-d-inc-loss-fy0203 | madipge-ato-d-inc-loss-fy0304 | madipge-ato-d-inc-loss-fy0405 | madipge-ato-d-inc-loss-fy0506 | madipge-ato-d-inc-loss-fy0607 | madipge-ato-d-inc-loss-fy0708 | madipge-ato-d-inc-loss-fy0809 | madipge-ato-d-inc-loss-fy0910 | madipge-ato-d-inc-loss-fy1920 | madipge-ato-d-inc-loss-fy2021 | madipge-ato-d-inc-loss-fy2021-22 | madipge-ato-d-inc-loss-fy2223 | madipge-ato-d-inc-loss-fy2324 | madipge-ato-d-inc-loss-fy9900 | madipge-ato-d-wages-salaries-fy1819 | madipge-ato-d-wages-salaries-fy1920 | madipge-ato-d-wages-salaries-fy2021 | madipge-ato-d-whld-debt-fy0001 | madipge-ato-d-whld-debt-fy0102 | madipge-ato-d-whld-debt-fy0203 | madipge-ato-d-whld-debt-fy0304 | madipge-ato-d-whld-debt-fy0405 | madipge-ato-d-whld-debt-fy0506 | madipge-ato-d-whld-debt-fy0607 | madipge-ato-d-whld-debt-fy0708 | madipge-ato-d-whld-debt-fy0809 | madipge-ato-d-whld-debt-fy0910 | madipge-ato-d-whld-debt-fy1920 | madipge-ato-d-whld-debt-fy2021 | madipge-ato-d-whld-debt-fy2021-22 | madipge-ato-d-whld-debt-fy2223 | madipge-ato-d-whld-debt-fy2324 | madipge-ato-d-whld-debt-fy9900 | madipge-ato-d-ws-fy2021-22 | madipge-ato-d-ws-fy2022-23 | madipge-ato-d-ws-fy2324 | madipge-ato-d-pay-sum-fy2324","Synthetic id of individual person on dataset | Synthetic MADIP Person ID | Individual encrypted scrambled identifier | Synthetic id","Direct match on generated dataset + variable name in inst/plida_metadata/variables.csv.",""
"pit","PIT_ITR","madipge-ato-d-ded-exp-off-fy2021","WRK_RLTD_CAR_EXPNSS_AMT","numeric",5223,"direct_plida_dataset_variable","PIT_ITR","WRK_RLTD_CAR_EXPNSS_AMT","madip-ge-020103d-ato-atoitrdedexpoff1011-fy2010-11 | madip-ge-020108d-ato-atoitrdedexpoff1112-fy2011-12 | madip-ge-020113d-ato-atoitrdedexpoff1213-fy2012-13 | madip-ge-020118d-ato-atoitrdedexpoff1314-fy2013-14 | madip-ge-020123d-ato-atoitrdedexpoff1415-fy2014-15 | madip-ge-020128d-ato-atoitrdedexpoff1516-fy2015-16 | madip-ge-020133d-ato-atoitrdedexpoff1617-fy2016-17 | madip-ge-020138d-ato-atoitrdedexpoff1718-fy2017-18 | madip-ge-020138d-ato-atoitrdedexpoff1819-fy2018-19 | madipge-ato-d-ded-exp-off-fy0001 | madipge-ato-d-ded-exp-off-fy0102 | madipge-ato-d-ded-exp-off-fy0203 | madipge-ato-d-ded-exp-off-fy0304 | madipge-ato-d-ded-exp-off-fy0405 | madipge-ato-d-ded-exp-off-fy0506 | madipge-ato-d-ded-exp-off-fy0607 | madipge-ato-d-ded-exp-off-fy0708 | madipge-ato-d-ded-exp-off-fy0809 | madipge-ato-d-ded-exp-off-fy0910 | madipge-ato-d-ded-exp-off-fy1920 | madipge-ato-d-ded-exp-off-fy2021 | madipge-ato-d-ded-exp-off-fy2021-22 | madipge-ato-d-ded-exp-off-fy2223 | madipge-ato-d-ded-exp-off-fy2324 | madipge-ato-d-ded-exp-off-fy9900","Work related car expenses","Direct match on generated dataset + variable name in inst/plida_metadata/variables.csv.",""
"pit","PIT_ITR","madipge-ato-d-ded-exp-off-fy2021","WRK_RLTD_CLTHG_EXPNSS_AMT","numeric",5223,"direct_plida_dataset_variable","PIT_ITR","WRK_RLTD_CLTHG_EXPNSS_AMT","madip-ge-020103d-ato-atoitrdedexpoff1011-fy2010-11 | madip-ge-020108d-ato-atoitrdedexpoff1112-fy2011-12 | madip-ge-020113d-ato-atoitrdedexpoff1213-fy2012-13 | madip-ge-020118d-ato-atoitrdedexpoff1314-fy2013-14 | madip-ge-020123d-ato-atoitrdedexpoff1415-fy2014-15 | madip-ge-020128d-ato-atoitrdedexpoff1516-fy2015-16 | madip-ge-020133d-ato-atoitrdedexpoff1617-fy2016-17 | madip-ge-020138d-ato-atoitrdedexpoff1718-fy2017-18 | madip-ge-020138d-ato-atoitrdedexpoff1819-fy2018-19 | madipge-ato-d-ded-exp-off-fy0001 | madipge-ato-d-ded-exp-off-fy0102 | madipge-ato-d-ded-exp-off-fy0203 | madipge-ato-d-ded-exp-off-fy0304 | madipge-ato-d-ded-exp-off-fy0405 | madipge-ato-d-ded-exp-off-fy0506 | madipge-ato-d-ded-exp-off-fy0607 | madipge-ato-d-ded-exp-off-fy0708 | madipge-ato-d-ded-exp-off-fy0809 | madipge-ato-d-ded-exp-off-fy0910 | madipge-ato-d-ded-exp-off-fy1920 | madipge-ato-d-ded-exp-off-fy2021 | madipge-ato-d-ded-exp-off-fy2021-22 | madipge-ato-d-ded-exp-off-fy2223 | madipge-ato-d-ded-exp-off-fy2324 | madipge-ato-d-ded-exp-off-fy9900","Work related clothing expenses","Direct match on generated dataset + variable name in inst/plida_metadata/variables.csv.",""
"pit","PIT_ITR","madipge-ato-d-ded-exp-off-fy2021","WRK_RLTD_OTHR_EXPNSS_AMT","numeric",5223,"direct_plida_dataset_variable","PIT_ITR","WRK_RLTD_OTHR_EXPNSS_AMT","madip-ge-020103d-ato-atoitrdedexpoff1011-fy2010-11 | madip-ge-020108d-ato-atoitrdedexpoff1112-fy2011-12 | madip-ge-020113d-ato-atoitrdedexpoff1213-fy2012-13 | madip-ge-020118d-ato-atoitrdedexpoff1314-fy2013-14 | madip-ge-020123d-ato-atoitrdedexpoff1415-fy2014-15 | madip-ge-020128d-ato-atoitrdedexpoff1516-fy2015-16 | madip-ge-020133d-ato-atoitrdedexpoff1617-fy2016-17 | madip-ge-020138d-ato-atoitrdedexpoff1718-fy2017-18 | madip-ge-020138d-ato-atoitrdedexpoff1819-fy2018-19 | madipge-ato-d-ded-exp-off-fy0001 | madipge-ato-d-ded-exp-off-fy0102 | madipge-ato-d-ded-exp-off-fy0203 | madipge-ato-d-ded-exp-off-fy0304 | madipge-ato-d-ded-exp-off-fy0405 | madipge-ato-d-ded-exp-off-fy0506 | madipge-ato-d-ded-exp-off-fy0607 | madipge-ato-d-ded-exp-off-fy0708 | madipge-ato-d-ded-exp-off-fy0809 | madipge-ato-d-ded-exp-off-fy0910 | madipge-ato-d-ded-exp-off-fy1920 | madipge-ato-d-ded-exp-off-fy2021 | madipge-ato-d-ded-exp-off-fy2021-22 | madipge-ato-d-ded-exp-off-fy2223 | madipge-ato-d-ded-exp-off-fy2324 | madipge-ato-d-ded-exp-off-fy9900","Other work related expenses | Work Related Other Deduction Amount","Direct match on generated dataset + variable name in inst/plida_metadata/variables.csv.",""
"pit","PIT_ITR","madipge-ato-d-ded-exp-off-fy2021","WRK_RLTD_TRVL_EXPNSS_AMT","numeric",5223,"direct_plida_dataset_variable","PIT_ITR","WRK_RLTD_TRVL_EXPNSS_AMT","madip-ge-020103d-ato-atoitrdedexpoff1011-fy2010-11 | madip-ge-020108d-ato-atoitrdedexpoff1112-fy2011-12 | madip-ge-020113d-ato-atoitrdedexpoff1213-fy2012-13 | madip-ge-020118d-ato-atoitrdedexpoff1314-fy2013-14 | madip-ge-020123d-ato-atoitrdedexpoff1415-fy2014-15 | madip-ge-020128d-ato-atoitrdedexpoff1516-fy2015-16 | madip-ge-020133d-ato-atoitrdedexpoff1617-fy2016-17 | madip-ge-020138d-ato-atoitrdedexpoff1718-fy2017-18 | madip-ge-020138d-ato-atoitrdedexpoff1819-fy2018-19 | madipge-ato-d-ded-exp-off-fy0001 | madipge-ato-d-ded-exp-off-fy0102 | madipge-ato-d-ded-exp-off-fy0203 | madipge-ato-d-ded-exp-off-fy0304 | madipge-ato-d-ded-exp-off-fy0405 | madipge-ato-d-ded-exp-off-fy0506 | madipge-ato-d-ded-exp-off-fy0607 | madipge-ato-d-ded-exp-off-fy0708 | madipge-ato-d-ded-exp-off-fy0809 | madipge-ato-d-ded-exp-off-fy0910 | madipge-ato-d-ded-exp-off-fy1920 | madipge-ato-d-ded-exp-off-fy2021 | madipge-ato-d-ded-exp-off-fy2021-22 | madipge-ato-d-ded-exp-off-fy2223 | madipge-ato-d-ded-exp-off-fy2324 | madipge-ato-d-ded-exp-off-fy9900","Work related travel expenses","Direct match on generated dataset + variable name in inst/plida_metadata/variables.csv.",""
"pit","PIT_ITR","madipge-ato-d-inc-loss-fy2021","BUS_INCM_TOTL_AMT","numeric",5223,"direct_plida_dataset_variable","PIT_ITR","BUS_INCM_TOTL_AMT","madip-ge-020104d-ato-atoitrincloss1011-fy2010-11 | madip-ge-020109d-ato-atoitrincloss1112-fy2011-12 | madip-ge-020114d-ato-atoitrincloss1213-fy2012-13 | madip-ge-020119d-ato-atoitrincloss1314-fy2013-14 | madip-ge-020124d-ato-atoitrincloss1415-fy2014-15 | madip-ge-020129d-ato-atoitrincloss1516-fy2015-16 | madip-ge-020134d-ato-atoitrincloss1617-fy2016-17 | madip-ge-020139d-ato-atoitrincloss1718-fy2017-18 | madip-ge-020139d-ato-atoitrincloss1819-fy2018-19 | madipge-ato-d-inc-loss-fy0001 | madipge-ato-d-inc-loss-fy0102 | madipge-ato-d-inc-loss-fy0203 | madipge-ato-d-inc-loss-fy0304 | madipge-ato-d-inc-loss-fy0405 | madipge-ato-d-inc-loss-fy0506 | madipge-ato-d-inc-loss-fy0607 | madipge-ato-d-inc-loss-fy0708 | madipge-ato-d-inc-loss-fy0809 | madipge-ato-d-inc-loss-fy1920 | madipge-ato-d-inc-loss-fy2021 | madipge-ato-d-inc-loss-fy2021-22 | madipge-ato-d-inc-loss-fy2223 | madipge-ato-d-inc-loss-fy2324 | madipge-ato-d-inc-loss-fy9900","Total business income - total","Direct match on generated dataset + variable name in inst/plida_metadata/variables.csv.",""
"pit","PIT_ITR","madipge-ato-d-inc-loss-fy2021","GRS_PMT_TOTL_CALCD_AMT","numeric",5223,"direct_plida_dataset_variable","PIT_ITR","GRS_PMT_TOTL_CALCD_AMT","madip-ge-020104d-ato-atoitrincloss1011-fy2010-11 | madip-ge-020109d-ato-atoitrincloss1112-fy2011-12 | madip-ge-020114d-ato-atoitrincloss1213-fy2012-13 | madip-ge-020119d-ato-atoitrincloss1314-fy2013-14 | madip-ge-020124d-ato-atoitrincloss1415-fy2014-15 | madip-ge-020129d-ato-atoitrincloss1516-fy2015-16 | madip-ge-020134d-ato-atoitrincloss1617-fy2016-17 | madip-ge-020139d-ato-atoitrincloss1718-fy2017-18 | madip-ge-020139d-ato-atoitrincloss1819-fy2018-19 | madipge-ato-d-inc-loss-fy0001 | madipge-ato-d-inc-loss-fy0102 | madipge-ato-d-inc-loss-fy0203 | madipge-ato-d-inc-loss-fy0304 | madipge-ato-d-inc-loss-fy0405 | madipge-ato-d-inc-loss-fy0506 | madipge-ato-d-inc-loss-fy0910 | madipge-ato-d-inc-loss-fy1920 | madipge-ato-d-inc-loss-fy2021 | madipge-ato-d-inc-loss-fy2021-22 | madipge-ato-d-inc-loss-fy2223 | madipge-ato-d-inc-loss-fy2324 | madipge-ato-d-inc-loss-fy9900","Salary or wages","Direct match on generated dataset + variable name in inst/plida_metadata/variables.csv.",""
"pit","PIT_ITR","madipge-ato-d-inc-loss-fy2021","INCM_YR","integer",5223,"direct_plida_dataset_variable","PIT_ITR","INCM_YR","madip-ge-020102d-ato-atoitrcontext1011-fy2010-11 | madip-ge-020103d-ato-atoitrdedexpoff1011-fy2010-11 | madip-ge-020104d-ato-atoitrincloss1011-fy2010-11 | madip-ge-020105d-ato-atoitrwhlddebt1011-fy2010-11 | madip-ge-020107d-ato-atoitrcontext1112-fy2011-12 | madip-ge-020108d-ato-atoitrdedexpoff1112-fy2011-12 | madip-ge-020109d-ato-atoitrincloss1112-fy2011-12 | madip-ge-020110d-ato-atoitrwhlddebt1112-fy2011-12 | madip-ge-020112d-ato-atoitrcontext1213-fy2012-13 | madip-ge-020113d-ato-atoitrdedexpoff1213-fy2012-13 | madip-ge-020114d-ato-atoitrincloss1213-fy2012-13 | madip-ge-020115d-ato-atoitrwhlddebt1213-fy2012-13 | madip-ge-020117d-ato-atoitrcontext1314-fy2013-14 | madip-ge-020118d-ato-atoitrdedexpoff1314-fy2013-14 | madip-ge-020119d-ato-atoitrincloss1314-fy2013-14 | madip-ge-020120d-ato-atoitrwhlddebt1314-fy2013-14 | madip-ge-020122d-ato-atoitrcontext1415-fy2014-15 | madip-ge-020123d-ato-atoitrdedexpoff1415-fy2014-15 | madip-ge-020124d-ato-atoitrincloss1415-fy2014-15 | madip-ge-020125d-ato-atoitrwhlddebt1415-fy2014-15 | madip-ge-020127d-ato-atoitrcontext1516-fy2015-16 | madip-ge-020128d-ato-atoitrdedexpoff1516-fy2015-16 | madip-ge-020129d-ato-atoitrincloss1516-fy2015-16 | madip-ge-020130d-ato-atoitrwhlddebt1516-fy2015-16 | madip-ge-020132d-ato-atoitrcontext1617-fy2016-17 | madip-ge-020133d-ato-atoitrdedexpoff1617-fy2016-17 | madip-ge-020134d-ato-atoitrincloss1617-fy2016-17 | madip-ge-020135d-ato-atoitrwhlddebt1617-fy2016-17 | madip-ge-020137d-ato-atoitrcontext1718-fy2017-18 | madip-ge-020137d-ato-atoitrcontext1819-fy2018-19 | madip-ge-020138d-ato-atoitrdedexpoff1718-fy2017-18 | madip-ge-020138d-ato-atoitrdedexpoff1819-fy2018-19 | madip-ge-020139d-ato-atoitrincloss1718-fy2017-18 | madip-ge-020139d-ato-atoitrincloss1819-fy2018-19 | madip-ge-020140d-ato-atoitrwhlddebt1718-fy2017-18 | madip-ge-020140d-ato-atoitrwhlddebt1819-fy2018-19 | madipge-ato-d-context-fy0001 | madipge-ato-d-context-fy0102 | madipge-ato-d-context-fy0203 | madipge-ato-d-context-fy0304 | madipge-ato-d-context-fy0405 | madipge-ato-d-context-fy0506 | madipge-ato-d-context-fy0607 | madipge-ato-d-context-fy0708 | madipge-ato-d-context-fy0809 | madipge-ato-d-context-fy0910 | madipge-ato-d-context-fy1920 | madipge-ato-d-context-fy2021 | madipge-ato-d-context-fy2021-22 | madipge-ato-d-context-fy2223 | madipge-ato-d-context-fy2324 | madipge-ato-d-context-fy9900 | madipge-ato-d-ded-exp-off-fy0001 | madipge-ato-d-ded-exp-off-fy0102 | madipge-ato-d-ded-exp-off-fy0203 | madipge-ato-d-ded-exp-off-fy0304 | madipge-ato-d-ded-exp-off-fy0405 | madipge-ato-d-ded-exp-off-fy0506 | madipge-ato-d-ded-exp-off-fy0607 | madipge-ato-d-ded-exp-off-fy0708 | madipge-ato-d-ded-exp-off-fy0809 | madipge-ato-d-ded-exp-off-fy0910 | madipge-ato-d-ded-exp-off-fy1920 | madipge-ato-d-ded-exp-off-fy2021 | madipge-ato-d-ded-exp-off-fy2021-22 | madipge-ato-d-ded-exp-off-fy2223 | madipge-ato-d-ded-exp-off-fy2324 | madipge-ato-d-ded-exp-off-fy9900 | madipge-ato-d-inc-loss-fy0001 | madipge-ato-d-inc-loss-fy0102 | madipge-ato-d-inc-loss-fy0203 | madipge-ato-d-inc-loss-fy0304 | madipge-ato-d-inc-loss-fy0405 | madipge-ato-d-inc-loss-fy0506 | madipge-ato-d-inc-loss-fy0607 | madipge-ato-d-inc-loss-fy0708 | madipge-ato-d-inc-loss-fy0809 | madipge-ato-d-inc-loss-fy0910 | madipge-ato-d-inc-loss-fy1920 | madipge-ato-d-inc-loss-fy2021 | madipge-ato-d-inc-loss-fy2021-22 | madipge-ato-d-inc-loss-fy2223 | madipge-ato-d-inc-loss-fy2324 | madipge-ato-d-inc-loss-fy9900 | madipge-ato-d-whld-debt-fy0001 | madipge-ato-d-whld-debt-fy0102 | madipge-ato-d-whld-debt-fy0203 | madipge-ato-d-whld-debt-fy0304 | madipge-ato-d-whld-debt-fy0405 | madipge-ato-d-whld-debt-fy0506 | madipge-ato-d-whld-debt-fy0607 | madipge-ato-d-whld-debt-fy0708 | madipge-ato-d-whld-debt-fy0809 | madipge-ato-d-whld-debt-fy0910 | madipge-ato-d-whld-debt-fy1920 | madipge-ato-d-whld-debt-fy2021 | madipge-ato-d-whld-debt-fy2021-22 | madipge-ato-d-whld-debt-fy2223 | madipge-ato-d-whld-debt-fy2324 | madipge-ato-d-whld-debt-fy9900 | madipge-ato-d-pay-sum-fy2324","Income year","Direct match on generated dataset + variable name in inst/plida_metadata/variables.csv.",""
"pit","PIT_ITR","madipge-ato-d-inc-loss-fy2021","INTST_AMT","numeric",5223,"manual_same_dataset_plida_concept_match","PIT_ITR","GRS_INTST_AMT","madip-ge-020104d-ato-atoitrincloss1011-fy2010-11","Gross interest","Manual same-dataset concept crosswalk to local PLIDA metadata variable; generated name is compact/simplified and is not asserted to be an official source variable name.","Generated interest-income amount maps to local PIT_ITR gross interest metadata."
"pit","PIT_ITR","madipge-ato-d-inc-loss-fy2021","SYNTHETIC_AEUID","character",5223,"direct_plida_dataset_variable","PIT_ITR","SYNTHETIC_AEUID","madip-ge-020102d-ato-atoitrcontext1011-fy2010-11 | madip-ge-020103d-ato-atoitrdedexpoff1011-fy2010-11 | madip-ge-020104d-ato-atoitrincloss1011-fy2010-11 | madip-ge-020105d-ato-atoitrwhlddebt1011-fy2010-11 | madip-ge-020107d-ato-atoitrcontext1112-fy2011-12 | madip-ge-020108d-ato-atoitrdedexpoff1112-fy2011-12 | madip-ge-020109d-ato-atoitrincloss1112-fy2011-12 | madip-ge-020110d-ato-atoitrwhlddebt1112-fy2011-12 | madip-ge-020112d-ato-atoitrcontext1213-fy2012-13 | madip-ge-020113d-ato-atoitrdedexpoff1213-fy2012-13 | madip-ge-020114d-ato-atoitrincloss1213-fy2012-13 | madip-ge-020115d-ato-atoitrwhlddebt1213-fy2012-13 | madip-ge-020117d-ato-atoitrcontext1314-fy2013-14 | madip-ge-020118d-ato-atoitrdedexpoff1314-fy2013-14 | madip-ge-020119d-ato-atoitrincloss1314-fy2013-14 | madip-ge-020120d-ato-atoitrwhlddebt1314-fy2013-14 | madip-ge-020122d-ato-atoitrcontext1415-fy2014-15 | madip-ge-020123d-ato-atoitrdedexpoff1415-fy2014-15 | madip-ge-020124d-ato-atoitrincloss1415-fy2014-15 | madip-ge-020125d-ato-atoitrwhlddebt1415-fy2014-15 | madip-ge-020127d-ato-atoitrcontext1516-fy2015-16 | madip-ge-020128d-ato-atoitrdedexpoff1516-fy2015-16 | madip-ge-020129d-ato-atoitrincloss1516-fy2015-16 | madip-ge-020130d-ato-atoitrwhlddebt1516-fy2015-16 | madip-ge-020132d-ato-atoitrcontext1617-fy2016-17 | madip-ge-020133d-ato-atoitrdedexpoff1617-fy2016-17 | madip-ge-020134d-ato-atoitrincloss1617-fy2016-17 | madip-ge-020135d-ato-atoitrwhlddebt1617-fy2016-17 | madip-ge-020137d-ato-atoitrcontext1718-fy2017-18 | madip-ge-020137d-ato-atoitrcontext1819-fy2018-19 | madip-ge-020138d-ato-atoitrdedexpoff1718-fy2017-18 | madip-ge-020138d-ato-atoitrdedexpoff1819-fy2018-19 | madip-ge-020139d-ato-atoitrincloss1718-fy2017-18 | madip-ge-020139d-ato-atoitrincloss1819-fy2018-19 | madip-ge-020140d-ato-atoitrwhlddebt1718-fy2017-18 | madip-ge-020140d-ato-atoitrwhlddebt1819-fy2018-19 | madipge-ato-d-context-fy0001 | madipge-ato-d-context-fy0102 | madipge-ato-d-context-fy0203 | madipge-ato-d-context-fy0304 | madipge-ato-d-context-fy0405 | madipge-ato-d-context-fy0506 | madipge-ato-d-context-fy0607 | madipge-ato-d-context-fy0708 | madipge-ato-d-context-fy0809 | madipge-ato-d-context-fy0910 | madipge-ato-d-context-fy1920 | madipge-ato-d-context-fy2021 | madipge-ato-d-context-fy2021-22 | madipge-ato-d-context-fy2223 | madipge-ato-d-context-fy2324 | madipge-ato-d-context-fy9900 | madipge-ato-d-ded-exp-off-fy0001 | madipge-ato-d-ded-exp-off-fy0102 | madipge-ato-d-ded-exp-off-fy0203 | madipge-ato-d-ded-exp-off-fy0304 | madipge-ato-d-ded-exp-off-fy0405 | madipge-ato-d-ded-exp-off-fy0506 | madipge-ato-d-ded-exp-off-fy0607 | madipge-ato-d-ded-exp-off-fy0708 | madipge-ato-d-ded-exp-off-fy0809 | madipge-ato-d-ded-exp-off-fy0910 | madipge-ato-d-ded-exp-off-fy1920 | madipge-ato-d-ded-exp-off-fy2021 | madipge-ato-d-ded-exp-off-fy2021-22 | madipge-ato-d-ded-exp-off-fy2223 | madipge-ato-d-ded-exp-off-fy2324 | madipge-ato-d-ded-exp-off-fy9900 | madipge-ato-d-inc-loss-fy0001 | madipge-ato-d-inc-loss-fy0102 | madipge-ato-d-inc-loss-fy0203 | madipge-ato-d-inc-loss-fy0304 | madipge-ato-d-inc-loss-fy0405 | madipge-ato-d-inc-loss-fy0506 | madipge-ato-d-inc-loss-fy0607 | madipge-ato-d-inc-loss-fy0708 | madipge-ato-d-inc-loss-fy0809 | madipge-ato-d-inc-loss-fy0910 | madipge-ato-d-inc-loss-fy1920 | madipge-ato-d-inc-loss-fy2021 | madipge-ato-d-inc-loss-fy2021-22 | madipge-ato-d-inc-loss-fy2223 | madipge-ato-d-inc-loss-fy2324 | madipge-ato-d-inc-loss-fy9900 | madipge-ato-d-wages-salaries-fy1819 | madipge-ato-d-wages-salaries-fy1920 | madipge-ato-d-wages-salaries-fy2021 | madipge-ato-d-whld-debt-fy0001 | madipge-ato-d-whld-debt-fy0102 | madipge-ato-d-whld-debt-fy0203 | madipge-ato-d-whld-debt-fy0304 | madipge-ato-d-whld-debt-fy0405 | madipge-ato-d-whld-debt-fy0506 | madipge-ato-d-whld-debt-fy0607 | madipge-ato-d-whld-debt-fy0708 | madipge-ato-d-whld-debt-fy0809 | madipge-ato-d-whld-debt-fy0910 | madipge-ato-d-whld-debt-fy1920 | madipge-ato-d-whld-debt-fy2021 | madipge-ato-d-whld-debt-fy2021-22 | madipge-ato-d-whld-debt-fy2223 | madipge-ato-d-whld-debt-fy2324 | madipge-ato-d-whld-debt-fy9900 | madipge-ato-d-ws-fy2021-22 | madipge-ato-d-ws-fy2022-23 | madipge-ato-d-ws-fy2324 | madipge-ato-d-pay-sum-fy2324","Synthetic id of individual person on dataset | Synthetic MADIP Person ID | Individual encrypted scrambled identifier | Synthetic id","Direct match on generated dataset + variable name in inst/plida_metadata/variables.csv.",""
"pit","PIT_ITR","madipge-ato-d-inc-loss-fy2021","TI_OR_LSS_AMT","numeric",5223,"direct_plida_dataset_variable","PIT_ITR","TI_OR_LSS_AMT","madip-ge-020104d-ato-atoitrincloss1011-fy2010-11 | madip-ge-020109d-ato-atoitrincloss1112-fy2011-12 | madip-ge-020114d-ato-atoitrincloss1213-fy2012-13 | madip-ge-020119d-ato-atoitrincloss1314-fy2013-14 | madip-ge-020124d-ato-atoitrincloss1415-fy2014-15 | madip-ge-020129d-ato-atoitrincloss1516-fy2015-16 | madip-ge-020134d-ato-atoitrincloss1617-fy2016-17 | madip-ge-020139d-ato-atoitrincloss1718-fy2017-18 | madip-ge-020139d-ato-atoitrincloss1819-fy2018-19 | madipge-ato-d-inc-loss-fy0001 | madipge-ato-d-inc-loss-fy0102 | madipge-ato-d-inc-loss-fy0203 | madipge-ato-d-inc-loss-fy0304 | madipge-ato-d-inc-loss-fy0405 | madipge-ato-d-inc-loss-fy0506 | madipge-ato-d-inc-loss-fy0607 | madipge-ato-d-inc-loss-fy0708 | madipge-ato-d-inc-loss-fy0809 | madipge-ato-d-inc-loss-fy0910 | madipge-ato-d-inc-loss-fy1920 | madipge-ato-d-inc-loss-fy2021 | madipge-ato-d-inc-loss-fy2021-22 | madipge-ato-d-inc-loss-fy2223 | madipge-ato-d-inc-loss-fy2324 | madipge-ato-d-inc-loss-fy9900","Taxable income or loss","Direct match on generated dataset + variable name in inst/plida_metadata/variables.csv.",""
"pit","PIT_ITR","madipge-ato-d-whld-debt-fy2021","BAL_PYBLE_RFNDBL_AMT","numeric",5223,"direct_plida_dataset_variable","PIT_ITR","BAL_PYBLE_RFNDBL_AMT","madipge-ato-d-whld-debt-fy0001 | madipge-ato-d-whld-debt-fy0102 | madipge-ato-d-whld-debt-fy0203 | madipge-ato-d-whld-debt-fy0304 | madipge-ato-d-whld-debt-fy0405 | madipge-ato-d-whld-debt-fy0506 | madipge-ato-d-whld-debt-fy9900","Balance Payable Or Refundable Amount","Direct match on generated dataset + variable name in inst/plida_metadata/variables.csv.",""
"pit","PIT_ITR","madipge-ato-d-whld-debt-fy2021","BSC_ML_CALCD_AMT","numeric",5223,"direct_plida_dataset_variable","PIT_ITR","BSC_ML_CALCD_AMT","madip-ge-020105d-ato-atoitrwhlddebt1011-fy2010-11 | madip-ge-020110d-ato-atoitrwhlddebt1112-fy2011-12 | madip-ge-020115d-ato-atoitrwhlddebt1213-fy2012-13 | madip-ge-020120d-ato-atoitrwhlddebt1314-fy2013-14 | madip-ge-020125d-ato-atoitrwhlddebt1415-fy2014-15 | madip-ge-020130d-ato-atoitrwhlddebt1516-fy2015-16 | madip-ge-020135d-ato-atoitrwhlddebt1617-fy2016-17 | madip-ge-020140d-ato-atoitrwhlddebt1718-fy2017-18 | madip-ge-020140d-ato-atoitrwhlddebt1819-fy2018-19 | madipge-ato-d-whld-debt-fy0001 | madipge-ato-d-whld-debt-fy0102 | madipge-ato-d-whld-debt-fy0203 | madipge-ato-d-whld-debt-fy0304 | madipge-ato-d-whld-debt-fy0405 | madipge-ato-d-whld-debt-fy0506 | madipge-ato-d-whld-debt-fy0607 | madipge-ato-d-whld-debt-fy0708 | madipge-ato-d-whld-debt-fy0809 | madipge-ato-d-whld-debt-fy1920 | madipge-ato-d-whld-debt-fy2021 | madipge-ato-d-whld-debt-fy2021-22 | madipge-ato-d-whld-debt-fy2223 | madipge-ato-d-whld-debt-fy2324 | madipge-ato-d-whld-debt-fy9900","Medicare levy","Direct match on generated dataset + variable name in inst/plida_metadata/variables.csv.",""
"pit","PIT_ITR","madipge-ato-d-whld-debt-fy2021","GRS_TAX_AMT","numeric",5223,"direct_plida_dataset_variable","PIT_ITR","GRS_TAX_AMT","madip-ge-020105d-ato-atoitrwhlddebt1011-fy2010-11 | madip-ge-020110d-ato-atoitrwhlddebt1112-fy2011-12 | madip-ge-020115d-ato-atoitrwhlddebt1213-fy2012-13 | madip-ge-020120d-ato-atoitrwhlddebt1314-fy2013-14 | madip-ge-020125d-ato-atoitrwhlddebt1415-fy2014-15 | madip-ge-020130d-ato-atoitrwhlddebt1516-fy2015-16 | madip-ge-020135d-ato-atoitrwhlddebt1617-fy2016-17 | madip-ge-020140d-ato-atoitrwhlddebt1718-fy2017-18 | madip-ge-020140d-ato-atoitrwhlddebt1819-fy2018-19 | madipge-ato-d-whld-debt-fy0001 | madipge-ato-d-whld-debt-fy0102 | madipge-ato-d-whld-debt-fy0203 | madipge-ato-d-whld-debt-fy0304 | madipge-ato-d-whld-debt-fy0405 | madipge-ato-d-whld-debt-fy0506 | madipge-ato-d-whld-debt-fy0607 | madipge-ato-d-whld-debt-fy0708 | madipge-ato-d-whld-debt-fy0809 | madipge-ato-d-whld-debt-fy1920 | madipge-ato-d-whld-debt-fy2021 | madipge-ato-d-whld-debt-fy2021-22 | madipge-ato-d-whld-debt-fy2223 | madipge-ato-d-whld-debt-fy2324 | madipge-ato-d-whld-debt-fy9900","Gross tax","Direct match on generated dataset + variable name in inst/plida_metadata/variables.csv.",""
"pit","PIT_ITR","madipge-ato-d-whld-debt-fy2021","INCM_YR","integer",5223,"direct_plida_dataset_variable","PIT_ITR","INCM_YR","madip-ge-020102d-ato-atoitrcontext1011-fy2010-11 | madip-ge-020103d-ato-atoitrdedexpoff1011-fy2010-11 | madip-ge-020104d-ato-atoitrincloss1011-fy2010-11 | madip-ge-020105d-ato-atoitrwhlddebt1011-fy2010-11 | madip-ge-020107d-ato-atoitrcontext1112-fy2011-12 | madip-ge-020108d-ato-atoitrdedexpoff1112-fy2011-12 | madip-ge-020109d-ato-atoitrincloss1112-fy2011-12 | madip-ge-020110d-ato-atoitrwhlddebt1112-fy2011-12 | madip-ge-020112d-ato-atoitrcontext1213-fy2012-13 | madip-ge-020113d-ato-atoitrdedexpoff1213-fy2012-13 | madip-ge-020114d-ato-atoitrincloss1213-fy2012-13 | madip-ge-020115d-ato-atoitrwhlddebt1213-fy2012-13 | madip-ge-020117d-ato-atoitrcontext1314-fy2013-14 | madip-ge-020118d-ato-atoitrdedexpoff1314-fy2013-14 | madip-ge-020119d-ato-atoitrincloss1314-fy2013-14 | madip-ge-020120d-ato-atoitrwhlddebt1314-fy2013-14 | madip-ge-020122d-ato-atoitrcontext1415-fy2014-15 | madip-ge-020123d-ato-atoitrdedexpoff1415-fy2014-15 | madip-ge-020124d-ato-atoitrincloss1415-fy2014-15 | madip-ge-020125d-ato-atoitrwhlddebt1415-fy2014-15 | madip-ge-020127d-ato-atoitrcontext1516-fy2015-16 | madip-ge-020128d-ato-atoitrdedexpoff1516-fy2015-16 | madip-ge-020129d-ato-atoitrincloss1516-fy2015-16 | madip-ge-020130d-ato-atoitrwhlddebt1516-fy2015-16 | madip-ge-020132d-ato-atoitrcontext1617-fy2016-17 | madip-ge-020133d-ato-atoitrdedexpoff1617-fy2016-17 | madip-ge-020134d-ato-atoitrincloss1617-fy2016-17 | madip-ge-020135d-ato-atoitrwhlddebt1617-fy2016-17 | madip-ge-020137d-ato-atoitrcontext1718-fy2017-18 | madip-ge-020137d-ato-atoitrcontext1819-fy2018-19 | madip-ge-020138d-ato-atoitrdedexpoff1718-fy2017-18 | madip-ge-020138d-ato-atoitrdedexpoff1819-fy2018-19 | madip-ge-020139d-ato-atoitrincloss1718-fy2017-18 | madip-ge-020139d-ato-atoitrincloss1819-fy2018-19 | madip-ge-020140d-ato-atoitrwhlddebt1718-fy2017-18 | madip-ge-020140d-ato-atoitrwhlddebt1819-fy2018-19 | madipge-ato-d-context-fy0001 | madipge-ato-d-context-fy0102 | madipge-ato-d-context-fy0203 | madipge-ato-d-context-fy0304 | madipge-ato-d-context-fy0405 | madipge-ato-d-context-fy0506 | madipge-ato-d-context-fy0607 | madipge-ato-d-context-fy0708 | madipge-ato-d-context-fy0809 | madipge-ato-d-context-fy0910 | madipge-ato-d-context-fy1920 | madipge-ato-d-context-fy2021 | madipge-ato-d-context-fy2021-22 | madipge-ato-d-context-fy2223 | madipge-ato-d-context-fy2324 | madipge-ato-d-context-fy9900 | madipge-ato-d-ded-exp-off-fy0001 | madipge-ato-d-ded-exp-off-fy0102 | madipge-ato-d-ded-exp-off-fy0203 | madipge-ato-d-ded-exp-off-fy0304 | madipge-ato-d-ded-exp-off-fy0405 | madipge-ato-d-ded-exp-off-fy0506 | madipge-ato-d-ded-exp-off-fy0607 | madipge-ato-d-ded-exp-off-fy0708 | madipge-ato-d-ded-exp-off-fy0809 | madipge-ato-d-ded-exp-off-fy0910 | madipge-ato-d-ded-exp-off-fy1920 | madipge-ato-d-ded-exp-off-fy2021 | madipge-ato-d-ded-exp-off-fy2021-22 | madipge-ato-d-ded-exp-off-fy2223 | madipge-ato-d-ded-exp-off-fy2324 | madipge-ato-d-ded-exp-off-fy9900 | madipge-ato-d-inc-loss-fy0001 | madipge-ato-d-inc-loss-fy0102 | madipge-ato-d-inc-loss-fy0203 | madipge-ato-d-inc-loss-fy0304 | madipge-ato-d-inc-loss-fy0405 | madipge-ato-d-inc-loss-fy0506 | madipge-ato-d-inc-loss-fy0607 | madipge-ato-d-inc-loss-fy0708 | madipge-ato-d-inc-loss-fy0809 | madipge-ato-d-inc-loss-fy0910 | madipge-ato-d-inc-loss-fy1920 | madipge-ato-d-inc-loss-fy2021 | madipge-ato-d-inc-loss-fy2021-22 | madipge-ato-d-inc-loss-fy2223 | madipge-ato-d-inc-loss-fy2324 | madipge-ato-d-inc-loss-fy9900 | madipge-ato-d-whld-debt-fy0001 | madipge-ato-d-whld-debt-fy0102 | madipge-ato-d-whld-debt-fy0203 | madipge-ato-d-whld-debt-fy0304 | madipge-ato-d-whld-debt-fy0405 | madipge-ato-d-whld-debt-fy0506 | madipge-ato-d-whld-debt-fy0607 | madipge-ato-d-whld-debt-fy0708 | madipge-ato-d-whld-debt-fy0809 | madipge-ato-d-whld-debt-fy0910 | madipge-ato-d-whld-debt-fy1920 | madipge-ato-d-whld-debt-fy2021 | madipge-ato-d-whld-debt-fy2021-22 | madipge-ato-d-whld-debt-fy2223 | madipge-ato-d-whld-debt-fy2324 | madipge-ato-d-whld-debt-fy9900 | madipge-ato-d-pay-sum-fy2324","Income year","Direct match on generated dataset + variable name in inst/plida_metadata/variables.csv.",""
"pit","PIT_ITR","madipge-ato-d-whld-debt-fy2021","LOW_INCM_ERNR_TAX_OFST_AMT","numeric",5223,"direct_plida_dataset_variable","PIT_ITR","LOW_INCM_ERNR_TAX_OFST_AMT","madip-ge-020105d-ato-atoitrwhlddebt1011-fy2010-11 | madip-ge-020110d-ato-atoitrwhlddebt1112-fy2011-12 | madip-ge-020115d-ato-atoitrwhlddebt1213-fy2012-13 | madip-ge-020120d-ato-atoitrwhlddebt1314-fy2013-14 | madip-ge-020125d-ato-atoitrwhlddebt1415-fy2014-15 | madip-ge-020130d-ato-atoitrwhlddebt1516-fy2015-16 | madip-ge-020135d-ato-atoitrwhlddebt1617-fy2016-17 | madip-ge-020140d-ato-atoitrwhlddebt1718-fy2017-18 | madip-ge-020140d-ato-atoitrwhlddebt1819-fy2018-19 | madipge-ato-d-whld-debt-fy0001 | madipge-ato-d-whld-debt-fy0102 | madipge-ato-d-whld-debt-fy0203 | madipge-ato-d-whld-debt-fy0304 | madipge-ato-d-whld-debt-fy0405 | madipge-ato-d-whld-debt-fy0506 | madipge-ato-d-whld-debt-fy0607 | madipge-ato-d-whld-debt-fy0708 | madipge-ato-d-whld-debt-fy0809 | madipge-ato-d-whld-debt-fy1920 | madipge-ato-d-whld-debt-fy2021 | madipge-ato-d-whld-debt-fy2021-22 | madipge-ato-d-whld-debt-fy2223 | madipge-ato-d-whld-debt-fy2324 | madipge-ato-d-whld-debt-fy9900","Low income tax offset","Direct match on generated dataset + variable name in inst/plida_metadata/variables.csv.",""
"pit","PIT_ITR","madipge-ato-d-whld-debt-fy2021","NET_TAX_AMT","numeric",5223,"direct_plida_dataset_variable","PIT_ITR","NET_TAX_AMT","madip-ge-020105d-ato-atoitrwhlddebt1011-fy2010-11 | madip-ge-020110d-ato-atoitrwhlddebt1112-fy2011-12 | madip-ge-020115d-ato-atoitrwhlddebt1213-fy2012-13 | madip-ge-020120d-ato-atoitrwhlddebt1314-fy2013-14 | madip-ge-020125d-ato-atoitrwhlddebt1415-fy2014-15 | madip-ge-020130d-ato-atoitrwhlddebt1516-fy2015-16 | madip-ge-020135d-ato-atoitrwhlddebt1617-fy2016-17 | madip-ge-020140d-ato-atoitrwhlddebt1718-fy2017-18 | madip-ge-020140d-ato-atoitrwhlddebt1819-fy2018-19 | madipge-ato-d-whld-debt-fy0001 | madipge-ato-d-whld-debt-fy0102 | madipge-ato-d-whld-debt-fy0203 | madipge-ato-d-whld-debt-fy0304 | madipge-ato-d-whld-debt-fy0405 | madipge-ato-d-whld-debt-fy0506 | madipge-ato-d-whld-debt-fy0607 | madipge-ato-d-whld-debt-fy0708 | madipge-ato-d-whld-debt-fy0809 | madipge-ato-d-whld-debt-fy1920 | madipge-ato-d-whld-debt-fy2021 | madipge-ato-d-whld-debt-fy2021-22 | madipge-ato-d-whld-debt-fy2223 | madipge-ato-d-whld-debt-fy2324 | madipge-ato-d-whld-debt-fy9900","Net tax","Direct match on generated dataset + variable name in inst/plida_metadata/variables.csv.",""
"pit","PIT_ITR","madipge-ato-d-whld-debt-fy2021","SYNTHETIC_AEUID","character",5223,"direct_plida_dataset_variable","PIT_ITR","SYNTHETIC_AEUID","madip-ge-020102d-ato-atoitrcontext1011-fy2010-11 | madip-ge-020103d-ato-atoitrdedexpoff1011-fy2010-11 | madip-ge-020104d-ato-atoitrincloss1011-fy2010-11 | madip-ge-020105d-ato-atoitrwhlddebt1011-fy2010-11 | madip-ge-020107d-ato-atoitrcontext1112-fy2011-12 | madip-ge-020108d-ato-atoitrdedexpoff1112-fy2011-12 | madip-ge-020109d-ato-atoitrincloss1112-fy2011-12 | madip-ge-020110d-ato-atoitrwhlddebt1112-fy2011-12 | madip-ge-020112d-ato-atoitrcontext1213-fy2012-13 | madip-ge-020113d-ato-atoitrdedexpoff1213-fy2012-13 | madip-ge-020114d-ato-atoitrincloss1213-fy2012-13 | madip-ge-020115d-ato-atoitrwhlddebt1213-fy2012-13 | madip-ge-020117d-ato-atoitrcontext1314-fy2013-14 | madip-ge-020118d-ato-atoitrdedexpoff1314-fy2013-14 | madip-ge-020119d-ato-atoitrincloss1314-fy2013-14 | madip-ge-020120d-ato-atoitrwhlddebt1314-fy2013-14 | madip-ge-020122d-ato-atoitrcontext1415-fy2014-15 | madip-ge-020123d-ato-atoitrdedexpoff1415-fy2014-15 | madip-ge-020124d-ato-atoitrincloss1415-fy2014-15 | madip-ge-020125d-ato-atoitrwhlddebt1415-fy2014-15 | madip-ge-020127d-ato-atoitrcontext1516-fy2015-16 | madip-ge-020128d-ato-atoitrdedexpoff1516-fy2015-16 | madip-ge-020129d-ato-atoitrincloss1516-fy2015-16 | madip-ge-020130d-ato-atoitrwhlddebt1516-fy2015-16 | madip-ge-020132d-ato-atoitrcontext1617-fy2016-17 | madip-ge-020133d-ato-atoitrdedexpoff1617-fy2016-17 | madip-ge-020134d-ato-atoitrincloss1617-fy2016-17 | madip-ge-020135d-ato-atoitrwhlddebt1617-fy2016-17 | madip-ge-020137d-ato-atoitrcontext1718-fy2017-18 | madip-ge-020137d-ato-atoitrcontext1819-fy2018-19 | madip-ge-020138d-ato-atoitrdedexpoff1718-fy2017-18 | madip-ge-020138d-ato-atoitrdedexpoff1819-fy2018-19 | madip-ge-020139d-ato-atoitrincloss1718-fy2017-18 | madip-ge-020139d-ato-atoitrincloss1819-fy2018-19 | madip-ge-020140d-ato-atoitrwhlddebt1718-fy2017-18 | madip-ge-020140d-ato-atoitrwhlddebt1819-fy2018-19 | madipge-ato-d-context-fy0001 | madipge-ato-d-context-fy0102 | madipge-ato-d-context-fy0203 | madipge-ato-d-context-fy0304 | madipge-ato-d-context-fy0405 | madipge-ato-d-context-fy0506 | madipge-ato-d-context-fy0607 | madipge-ato-d-context-fy0708 | madipge-ato-d-context-fy0809 | madipge-ato-d-context-fy0910 | madipge-ato-d-context-fy1920 | madipge-ato-d-context-fy2021 | madipge-ato-d-context-fy2021-22 | madipge-ato-d-context-fy2223 | madipge-ato-d-context-fy2324 | madipge-ato-d-context-fy9900 | madipge-ato-d-ded-exp-off-fy0001 | madipge-ato-d-ded-exp-off-fy0102 | madipge-ato-d-ded-exp-off-fy0203 | madipge-ato-d-ded-exp-off-fy0304 | madipge-ato-d-ded-exp-off-fy0405 | madipge-ato-d-ded-exp-off-fy0506 | madipge-ato-d-ded-exp-off-fy0607 | madipge-ato-d-ded-exp-off-fy0708 | madipge-ato-d-ded-exp-off-fy0809 | madipge-ato-d-ded-exp-off-fy0910 | madipge-ato-d-ded-exp-off-fy1920 | madipge-ato-d-ded-exp-off-fy2021 | madipge-ato-d-ded-exp-off-fy2021-22 | madipge-ato-d-ded-exp-off-fy2223 | madipge-ato-d-ded-exp-off-fy2324 | madipge-ato-d-ded-exp-off-fy9900 | madipge-ato-d-inc-loss-fy0001 | madipge-ato-d-inc-loss-fy0102 | madipge-ato-d-inc-loss-fy0203 | madipge-ato-d-inc-loss-fy0304 | madipge-ato-d-inc-loss-fy0405 | madipge-ato-d-inc-loss-fy0506 | madipge-ato-d-inc-loss-fy0607 | madipge-ato-d-inc-loss-fy0708 | madipge-ato-d-inc-loss-fy0809 | madipge-ato-d-inc-loss-fy0910 | madipge-ato-d-inc-loss-fy1920 | madipge-ato-d-inc-loss-fy2021 | madipge-ato-d-inc-loss-fy2021-22 | madipge-ato-d-inc-loss-fy2223 | madipge-ato-d-inc-loss-fy2324 | madipge-ato-d-inc-loss-fy9900 | madipge-ato-d-wages-salaries-fy1819 | madipge-ato-d-wages-salaries-fy1920 | madipge-ato-d-wages-salaries-fy2021 | madipge-ato-d-whld-debt-fy0001 | madipge-ato-d-whld-debt-fy0102 | madipge-ato-d-whld-debt-fy0203 | madipge-ato-d-whld-debt-fy0304 | madipge-ato-d-whld-debt-fy0405 | madipge-ato-d-whld-debt-fy0506 | madipge-ato-d-whld-debt-fy0607 | madipge-ato-d-whld-debt-fy0708 | madipge-ato-d-whld-debt-fy0809 | madipge-ato-d-whld-debt-fy0910 | madipge-ato-d-whld-debt-fy1920 | madipge-ato-d-whld-debt-fy2021 | madipge-ato-d-whld-debt-fy2021-22 | madipge-ato-d-whld-debt-fy2223 | madipge-ato-d-whld-debt-fy2324 | madipge-ato-d-whld-debt-fy9900 | madipge-ato-d-ws-fy2021-22 | madipge-ato-d-ws-fy2022-23 | madipge-ato-d-ws-fy2324 | madipge-ato-d-pay-sum-fy2324","Synthetic id of individual person on dataset | Synthetic MADIP Person ID | Individual encrypted scrambled identifier | Synthetic id","Direct match on generated dataset + variable name in inst/plida_metadata/variables.csv.",""
"pit","PIT_PS","madipge-ato-d-pay-sum-fy2021","ALLOWANCES","numeric",5990,"manual_same_dataset_plida_concept_match","PIT_PS","TOTL_ALWNC_AMT","madip-ge-020101d-ato-atopaysum1011-fy2010-11 | madip-ge-020106d-ato-atopaysum1112-fy2011-12 | madip-ge-020111d-ato-atopaysum1213-fy2012-13 | madip-ge-020116d-ato-atopaysum1314-fy2013-14 | madip-ge-020121d-ato-atopaysum1415-fy2014-15 | madip-ge-020126d-ato-atopaysum1516-fy2015-16 | madip-ge-020131d-ato-atopaysum1617-fy2016-17 | madip-ge-020136d-ato-atopaysum1718-fy2017-18 | madip-ge-020136d-ato-atopaysum1819-fy2018-19 | madipge-ato-d-pay-sum-fy0910 | madipge-ato-d-pay-sum-fy1920 | madipge-ato-d-pay-sum-fy2021 | madipge-ato-d-pay-sum-fy2122 | madipge-ato-d-pay-sum-fy2223","Total allowances","Manual same-dataset concept crosswalk from compact generated PIT_PS name to local PIT_PS metadata variable. Verify before treating as official source data.","Manual local metadata crosswalk; generated compact name still differs from DIL variable name."
"pit","PIT_PS","madipge-ato-d-pay-sum-fy2021","EMPLOYER_ABN","character",5990,"manual_same_dataset_plida_concept_match","PIT_PS","ABN_HASH_TRUNC","madip-ge-020101d-ato-atopaysum1011-fy2010-11 | madip-ge-020106d-ato-atopaysum1112-fy2011-12 | madip-ge-020111d-ato-atopaysum1213-fy2012-13 | madip-ge-020116d-ato-atopaysum1314-fy2013-14 | madip-ge-020121d-ato-atopaysum1415-fy2014-15 | madip-ge-020126d-ato-atopaysum1516-fy2015-16 | madip-ge-020131d-ato-atopaysum1617-fy2016-17 | madip-ge-020136d-ato-atopaysum1718-fy2017-18 | madip-ge-020136d-ato-atopaysum1819-fy2018-19 | madipge-ato-d-pay-sum-fy0102 | madipge-ato-d-pay-sum-fy0203 | madipge-ato-d-pay-sum-fy0304 | madipge-ato-d-pay-sum-fy0405 | madipge-ato-d-pay-sum-fy0506 | madipge-ato-d-pay-sum-fy0607 | madipge-ato-d-pay-sum-fy0708 | madipge-ato-d-pay-sum-fy0809 | madipge-ato-d-pay-sum-fy0910 | madipge-ato-d-pay-sum-fy1920 | madipge-ato-d-pay-sum-fy2021 | madipge-ato-d-pay-sum-fy2122","Hashed employer ABN | Abn hashed | Hashed abn","Manual same-dataset concept crosswalk from compact generated PIT_PS name to local PIT_PS metadata variable. Verify before treating as official source data.","Manual local metadata crosswalk; generated compact name still differs from DIL variable name."
"pit","PIT_PS","madipge-ato-d-pay-sum-fy2021","FINANCIAL_YEAR","integer",5990,"manual_same_dataset_plida_concept_match","PIT_PS","INCM_YR","madip-ge-020101d-ato-atopaysum1011-fy2010-11 | madip-ge-020106d-ato-atopaysum1112-fy2011-12 | madip-ge-020111d-ato-atopaysum1213-fy2012-13 | madip-ge-020116d-ato-atopaysum1314-fy2013-14 | madip-ge-020121d-ato-atopaysum1415-fy2014-15 | madip-ge-020126d-ato-atopaysum1516-fy2015-16 | madip-ge-020131d-ato-atopaysum1617-fy2016-17 | madip-ge-020136d-ato-atopaysum1718-fy2017-18 | madip-ge-020136d-ato-atopaysum1819-fy2018-19 | madipge-ato-d-pay-sum-fy0102 | madipge-ato-d-pay-sum-fy0203 | madipge-ato-d-pay-sum-fy0304 | madipge-ato-d-pay-sum-fy0910 | madipge-ato-d-pay-sum-fy1920 | madipge-ato-d-pay-sum-fy2021 | madipge-ato-d-pay-sum-fy2122 | madipge-ato-d-pay-sum-fy2223","Income year","Manual same-dataset concept crosswalk from compact generated PIT_PS name to local PIT_PS metadata variable. Verify before treating as official source data.","Manual local metadata crosswalk; generated compact name still differs from DIL variable name."
"pit","PIT_PS","madipge-ato-d-pay-sum-fy2021","GROSS_PAYMENTS","numeric",5990,"manual_same_dataset_plida_concept_match","PIT_PS","GRS_AMT","madip-ge-020101d-ato-atopaysum1011-fy2010-11 | madip-ge-020106d-ato-atopaysum1112-fy2011-12 | madip-ge-020111d-ato-atopaysum1213-fy2012-13 | madip-ge-020116d-ato-atopaysum1314-fy2013-14 | madip-ge-020121d-ato-atopaysum1415-fy2014-15 | madip-ge-020126d-ato-atopaysum1516-fy2015-16 | madip-ge-020131d-ato-atopaysum1617-fy2016-17 | madip-ge-020136d-ato-atopaysum1718-fy2017-18 | madip-ge-020136d-ato-atopaysum1819-fy2018-19 | madipge-ato-d-pay-sum-fy0102 | madipge-ato-d-pay-sum-fy0203 | madipge-ato-d-pay-sum-fy0304 | madipge-ato-d-pay-sum-fy0405 | madipge-ato-d-pay-sum-fy0506 | madipge-ato-d-pay-sum-fy0607 | madipge-ato-d-pay-sum-fy0708 | madipge-ato-d-pay-sum-fy0809 | madipge-ato-d-pay-sum-fy0910 | madipge-ato-d-pay-sum-fy1920 | madipge-ato-d-pay-sum-fy2021 | madipge-ato-d-pay-sum-fy2122 | madipge-ato-d-pay-sum-fy2223","Gross payment amount","Manual same-dataset concept crosswalk from compact generated PIT_PS name to local PIT_PS metadata variable. Verify before treating as official source data.","Manual local metadata crosswalk; generated compact name still differs from DIL variable name."
"pit","PIT_PS","madipge-ato-d-pay-sum-fy2021","LUMP_SUM_A","numeric",5990,"manual_same_dataset_plida_concept_match","PIT_PS","LSPA_AMT","madip-ge-020101d-ato-atopaysum1011-fy2010-11 | madip-ge-020106d-ato-atopaysum1112-fy2011-12 | madip-ge-020111d-ato-atopaysum1213-fy2012-13 | madip-ge-020116d-ato-atopaysum1314-fy2013-14 | madip-ge-020121d-ato-atopaysum1415-fy2014-15 | madip-ge-020126d-ato-atopaysum1516-fy2015-16 | madip-ge-020131d-ato-atopaysum1617-fy2016-17 | madip-ge-020136d-ato-atopaysum1718-fy2017-18 | madip-ge-020136d-ato-atopaysum1819-fy2018-19 | madipge-ato-d-pay-sum-fy0910 | madipge-ato-d-pay-sum-fy1920 | madipge-ato-d-pay-sum-fy2021 | madipge-ato-d-pay-sum-fy2122 | madipge-ato-d-pay-sum-fy2223","Lump sum a","Manual same-dataset concept crosswalk from compact generated PIT_PS name to local PIT_PS metadata variable. Verify before treating as official source data.","Manual local metadata crosswalk; generated compact name still differs from DIL variable name."
"pit","PIT_PS","madipge-ato-d-pay-sum-fy2021","LUMP_SUM_B","numeric",5990,"manual_same_dataset_plida_concept_match","PIT_PS","LSPB_AMT","madip-ge-020101d-ato-atopaysum1011-fy2010-11 | madip-ge-020106d-ato-atopaysum1112-fy2011-12 | madip-ge-020111d-ato-atopaysum1213-fy2012-13 | madip-ge-020116d-ato-atopaysum1314-fy2013-14 | madip-ge-020121d-ato-atopaysum1415-fy2014-15 | madip-ge-020126d-ato-atopaysum1516-fy2015-16 | madip-ge-020131d-ato-atopaysum1617-fy2016-17 | madip-ge-020136d-ato-atopaysum1718-fy2017-18 | madip-ge-020136d-ato-atopaysum1819-fy2018-19 | madipge-ato-d-pay-sum-fy0910 | madipge-ato-d-pay-sum-fy1920 | madipge-ato-d-pay-sum-fy2021 | madipge-ato-d-pay-sum-fy2122 | madipge-ato-d-pay-sum-fy2223","Lump sum b","Manual same-dataset concept crosswalk from compact generated PIT_PS name to local PIT_PS metadata variable. Verify before treating as official source data.","Manual local metadata crosswalk; generated compact name still differs from DIL variable name."
"pit","PIT_PS","madipge-ato-d-pay-sum-fy2021","LUMP_SUM_D","numeric",5990,"manual_same_dataset_plida_concept_match","PIT_PS","LSPD_AMT","madip-ge-020101d-ato-atopaysum1011-fy2010-11 | madip-ge-020106d-ato-atopaysum1112-fy2011-12 | madip-ge-020111d-ato-atopaysum1213-fy2012-13 | madip-ge-020116d-ato-atopaysum1314-fy2013-14 | madip-ge-020121d-ato-atopaysum1415-fy2014-15 | madip-ge-020126d-ato-atopaysum1516-fy2015-16 | madip-ge-020131d-ato-atopaysum1617-fy2016-17 | madip-ge-020136d-ato-atopaysum1718-fy2017-18 | madip-ge-020136d-ato-atopaysum1819-fy2018-19 | madipge-ato-d-pay-sum-fy0910 | madipge-ato-d-pay-sum-fy1920 | madipge-ato-d-pay-sum-fy2021 | madipge-ato-d-pay-sum-fy2122 | madipge-ato-d-pay-sum-fy2223","Lump sum d","Manual same-dataset concept crosswalk from compact generated PIT_PS name to local PIT_PS metadata variable. Verify before treating as official source data.","Manual local metadata crosswalk; generated compact name still differs from DIL variable name."
"pit","PIT_PS","madipge-ato-d-pay-sum-fy2021","LUMP_SUM_E","numeric",5990,"manual_same_dataset_plida_concept_match","PIT_PS","LSPE_AMT","madip-ge-020101d-ato-atopaysum1011-fy2010-11 | madip-ge-020106d-ato-atopaysum1112-fy2011-12 | madip-ge-020111d-ato-atopaysum1213-fy2012-13 | madip-ge-020116d-ato-atopaysum1314-fy2013-14 | madip-ge-020121d-ato-atopaysum1415-fy2014-15 | madip-ge-020126d-ato-atopaysum1516-fy2015-16 | madip-ge-020131d-ato-atopaysum1617-fy2016-17 | madip-ge-020136d-ato-atopaysum1718-fy2017-18 | madip-ge-020136d-ato-atopaysum1819-fy2018-19 | madipge-ato-d-pay-sum-fy0910 | madipge-ato-d-pay-sum-fy1920 | madipge-ato-d-pay-sum-fy2021 | madipge-ato-d-pay-sum-fy2122 | madipge-ato-d-pay-sum-fy2223","Lump sum e","Manual same-dataset concept crosswalk from compact generated PIT_PS name to local PIT_PS metadata variable. Verify before treating as official source data.","Manual local metadata crosswalk; generated compact name still differs from DIL variable name."
"pit","PIT_PS","madipge-ato-d-pay-sum-fy2021","REPORTABLE_FBT","numeric",5990,"manual_same_dataset_plida_concept_match","PIT_PS","RPRTBL_FBT_AMT","madip-ge-020101d-ato-atopaysum1011-fy2010-11 | madip-ge-020106d-ato-atopaysum1112-fy2011-12 | madip-ge-020111d-ato-atopaysum1213-fy2012-13 | madip-ge-020116d-ato-atopaysum1314-fy2013-14 | madip-ge-020121d-ato-atopaysum1415-fy2014-15 | madip-ge-020126d-ato-atopaysum1516-fy2015-16 | madip-ge-020131d-ato-atopaysum1617-fy2016-17 | madip-ge-020136d-ato-atopaysum1718-fy2017-18 | madip-ge-020136d-ato-atopaysum1819-fy2018-19 | madipge-ato-d-pay-sum-fy0910 | madipge-ato-d-pay-sum-fy1920 | madipge-ato-d-pay-sum-fy2021 | madipge-ato-d-pay-sum-fy2122 | madipge-ato-d-pay-sum-fy2223","Reportable fringe benefits amount","Manual same-dataset concept crosswalk from compact generated PIT_PS name to local PIT_PS metadata variable. Verify before treating as official source data.","Manual local metadata crosswalk; generated compact name still differs from DIL variable name."
"pit","PIT_PS","madipge-ato-d-pay-sum-fy2021","SUPER_GUARANTEE","numeric",5990,"local_generator_not_source_equivalent","PIT_PS","RPRTBL_EMPLYR_SUPER_CNTRBN_AMT","madip-ge-020101d-ato-atopaysum1011-fy2010-11","Reportable employer superannuation contributions","Related same-dataset PLIDA metadata exists, but generated ordinary SG-style amount is not source-equivalent to the reportable employer superannuation contributions field.","Do not treat generated SUPER_GUARANTEE as an official PIT_PS source variable; it is local synthetic SG logic."
"pit","PIT_PS","madipge-ato-d-pay-sum-fy2021","SYNTHETIC_AEUID","character",5990,"direct_plida_dataset_variable","PIT_PS","SYNTHETIC_AEUID","madip-ge-020101d-ato-atopaysum1011-fy2010-11 | madip-ge-020106d-ato-atopaysum1112-fy2011-12 | madip-ge-020111d-ato-atopaysum1213-fy2012-13 | madip-ge-020116d-ato-atopaysum1314-fy2013-14 | madip-ge-020121d-ato-atopaysum1415-fy2014-15 | madip-ge-020126d-ato-atopaysum1516-fy2015-16 | madip-ge-020131d-ato-atopaysum1617-fy2016-17 | madip-ge-020136d-ato-atopaysum1718-fy2017-18 | madip-ge-020136d-ato-atopaysum1819-fy2018-19 | madipge-ato-d-pay-sum-fy0102 | madipge-ato-d-pay-sum-fy0203 | madipge-ato-d-pay-sum-fy0304 | madipge-ato-d-pay-sum-fy0405 | madipge-ato-d-pay-sum-fy0506 | madipge-ato-d-pay-sum-fy0607 | madipge-ato-d-pay-sum-fy0708 | madipge-ato-d-pay-sum-fy0809 | madipge-ato-d-pay-sum-fy0910 | madipge-ato-d-pay-sum-fy1920 | madipge-ato-d-pay-sum-fy2021 | madipge-ato-d-pay-sum-fy2122 | madipge-ato-d-pay-sum-fy2223","Synthetic id of individual person on dataset | Synthetic MADIP Person ID | Individual encrypted scrambled identifier","Direct match on generated dataset + variable name in inst/plida_metadata/variables.csv.",""
"pit","PIT_PS","madipge-ato-d-pay-sum-fy2021","TAX_WITHHELD","numeric",5990,"manual_same_dataset_plida_concept_match","PIT_PS","TAX_WHELD_AMT","madip-ge-020101d-ato-atopaysum1011-fy2010-11 | madip-ge-020106d-ato-atopaysum1112-fy2011-12 | madip-ge-020111d-ato-atopaysum1213-fy2012-13 | madip-ge-020116d-ato-atopaysum1314-fy2013-14 | madip-ge-020121d-ato-atopaysum1415-fy2014-15 | madip-ge-020126d-ato-atopaysum1516-fy2015-16 | madip-ge-020131d-ato-atopaysum1617-fy2016-17 | madip-ge-020136d-ato-atopaysum1718-fy2017-18 | madip-ge-020136d-ato-atopaysum1819-fy2018-19 | madipge-ato-d-pay-sum-fy0910 | madipge-ato-d-pay-sum-fy1920 | madipge-ato-d-pay-sum-fy2021 | madipge-ato-d-pay-sum-fy2122 | madipge-ato-d-pay-sum-fy2223","Tax withheld amount","Manual same-dataset concept crosswalk from compact generated PIT_PS name to local PIT_PS metadata variable. Verify before treating as official source data.","Manual local metadata crosswalk; generated compact name still differs from DIL variable name."
"pit","PIT_PS","madipge-ato-d-pay-sum-fy2021","UNION_FEES","numeric",5990,"external_source_concept_not_source_equivalent","ATO","union and professional association fees","ATO deductions guidance","ATO public guidance recognises union fees and professional association subscriptions as work-related deduction concepts.","External ATO concept found, but no same-dataset PIT_PS local metadata variable was found. The generated PIT_PS field is a synthetic deduction-style amount, not a source-equivalent PIT_PS payment-summary variable.","Use as implementation-only synthetic union/professional-fee amount unless a PIT_PS source variable is located."
"pit","PIT_PS","madipge-ato-d-pay-sum-fy2021","WORKPLACE_GIVING","numeric",5990,"external_source_concept_not_source_equivalent","ATO/STP","IDV_WRKPLC_GVING_TOTL_AMT","ATO workplace giving guidance; local STP metadata pmp-stp-extended/pmp-stp-standard","ATO public guidance recognises workplace giving donations, and local STP metadata contains IDV_WRKPLC_GVING_TOTL_AMT: Payee workplace giving amount - Event payment.","External ATO/STP concept found, but no same-dataset PIT_PS local metadata variable was found. The generated PIT_PS field is a synthetic workplace-giving amount, not a source-equivalent PIT_PS payment-summary variable.","Use as implementation-only synthetic workplace-giving amount in PIT_PS; use STP metadata for source-backed STP workplace-giving fields."
"stp","STP","stp_extended_etp_2020_21","BN","character",30,"direct_plida_dataset_variable","STP","BN","pmp-stp-extended | pmp-stp-standard","ABS Derived confidentialised business identifier","Direct match on generated dataset + variable name in inst/plida_metadata/variables.csv.",""
"stp","STP","stp_extended_etp_2020_21","DUMMY_FLAG","character",30,"direct_plida_dataset_variable","STP","DUMMY_FLAG","pmp-stp-extended | pmp-stp-standard","Dummy flag. Value of True or False | Dummy Identifier flag. Value of True or False.","Direct match on generated dataset + variable name in inst/plida_metadata/variables.csv.",""
"stp","STP","stp_extended_etp_2020_21","EMPLOYEE_KEY","character",30,"direct_plida_dataset_variable","STP","EMPLOYEE_KEY","pmp-stp-extended | pmp-stp-standard","Key unique to a payee-payer combination | Encrypted ID unique to a job","Direct match on generated dataset + variable name in inst/plida_metadata/variables.csv.",""
"stp","STP","stp_extended_etp_2020_21","ETP_PMT_DT","Date",30,"direct_plida_dataset_variable","STP","ETP_PMT_DT","pmp-stp-extended","Date Employment Termination Payment was paid","Direct match on generated dataset + variable name in inst/plida_metadata/variables.csv.",""
"stp","STP","stp_extended_etp_2020_21","ETP_PMT_TYP_CD","character",30,"direct_plida_dataset_variable","STP","ETP_PMT_TYP_CD","pmp-stp-extended","Code that identifies the reason for the Employment Termination Payment (ETP) being made. Value Domain information is included below the DIL","Direct match on generated dataset + variable name in inst/plida_metadata/variables.csv.",""
"stp","STP","stp_extended_etp_2020_21","ETP_TAX_FREE_AMT","numeric",30,"direct_plida_dataset_variable","STP","ETP_TAX_FREE_AMT","pmp-stp-extended","Non-assessable and non-exempt income that is tax-free income part of Employment Termination Payment","Direct match on generated dataset + variable name in inst/plida_metadata/variables.csv.",""
"stp","STP","stp_extended_etp_2020_21","ETP_TAX_WHELD_TOTL_AMT","numeric",30,"direct_plida_dataset_variable","STP","ETP_TAX_WHELD_TOTL_AMT","pmp-stp-extended","PAYGW tax withheld under the Pay As You Go arrangement relating to the ETP","Direct match on generated dataset + variable name in inst/plida_metadata/variables.csv.",""
"stp","STP","stp_extended_etp_2020_21","ETP_TXBL_CMPNT_AMT","numeric",30,"direct_plida_dataset_variable","STP","ETP_TXBL_CMPNT_AMT","pmp-stp-extended","This repeating field input is the array of all the ETP taxable component amounts paid by the corresponding Payer listed in the ‘ETP Payer’s ABN’ field","Direct match on generated dataset + variable name in inst/plida_metadata/variables.csv.",""
"stp","STP","stp_extended_etp_2020_21","LATEST","logical",30,"direct_plida_dataset_variable","STP","LATEST","pmp-stp-extended","Latest event flag - latest transaction in the FY sorted by payroll run timestamp","Direct match on generated dataset + variable name in inst/plida_metadata/variables.csv.",""
"stp","STP","stp_extended_etp_2020_21","PYRL_FNCL_YR","character",30,"direct_plida_dataset_variable","STP","PYRL_FNCL_YR","pmp-stp-extended | pmp-stp-standard","Financial Year","Direct match on generated dataset + variable name in inst/plida_metadata/variables.csv.",""
"stp","STP","stp_extended_etp_2020_21","SEQUENCE_KEY","character",30,"direct_plida_dataset_variable","STP","SEQUENCE_KEY","pmp-stp-extended | pmp-stp-standard","Key unique to a job pay sequence. Defined as Employee_Key + Payroll ID + Branch Number + BMS Id | Encrpyted ID unique to a job pay sequence","Direct match on generated dataset + variable name in inst/plida_metadata/variables.csv.",""
"stp","STP","stp_extended_etp_2020_21","SYNTHETIC_AEUID","character",30,"direct_plida_dataset_variable","STP","SYNTHETIC_AEUID","pmp-stp-extended | pmp-stp-standard","Synthetic ID of individual person on dataset derived from Scrambled Identifier (ESID) of the payee | Synthetic ID of individual person on dataset derived from Encrypted Scrambled Identifier (ESID) of the payee","Direct match on generated dataset + variable name in inst/plida_metadata/variables.csv.",""
"stp","STP","stp_extended_jobs_2019_20","BN","character",1173,"direct_plida_dataset_variable","STP","BN","pmp-stp-extended | pmp-stp-standard","ABS Derived confidentialised business identifier","Direct match on generated dataset + variable name in inst/plida_metadata/variables.csv.",""
"stp","STP","stp_extended_jobs_2019_20","PYR_PYE_RLTNSHP_CESTN_DT","Date",1173,"direct_plida_dataset_variable","STP","PYR_PYE_RLTNSHP_CESTN_DT","pmp-stp-extended | pmp-stp-standard","Payer Payee Relationship Cessation Date","Direct match on generated dataset + variable name in inst/plida_metadata/variables.csv.",""
"stp","STP","stp_extended_jobs_2019_20","PYR_PYE_RLTNSHP_CMNCMT_DT","Date",1173,"direct_plida_dataset_variable","STP","PYR_PYE_RLTNSHP_CMNCMT_DT","pmp-stp-extended | pmp-stp-standard","Payer Payee Relationship Commencement Date","Direct match on generated dataset + variable name in inst/plida_metadata/variables.csv.",""
"stp","STP","stp_extended_jobs_2019_20","PYRL_FNCL_YR","character",1173,"direct_plida_dataset_variable","STP","PYRL_FNCL_YR","pmp-stp-extended | pmp-stp-standard","Financial Year","Direct match on generated dataset + variable name in inst/plida_metadata/variables.csv.",""
"stp","STP","stp_extended_jobs_2019_20","SYNTHETIC_AEUID","character",1173,"direct_plida_dataset_variable","STP","SYNTHETIC_AEUID","pmp-stp-extended | pmp-stp-standard","Synthetic ID of individual person on dataset derived from Scrambled Identifier (ESID) of the payee | Synthetic ID of individual person on dataset derived from Encrypted Scrambled Identifier (ESID) of the payee","Direct match on generated dataset + variable name in inst/plida_metadata/variables.csv.",""
"stp","STP","stp_extended_pay_events_2020_m01","ALWNC_INCM_TOTL_AMT","numeric",2422,"direct_plida_dataset_variable","STP","ALWNC_INCM_TOTL_AMT","pmp-stp-extended | pmp-stp-standard","Allowance Income Total Amount - Event payment","Direct match on generated dataset + variable name in inst/plida_metadata/variables.csv.",""
"stp","STP","stp_extended_pay_events_2020_m01","ANL_LNG_SRVC_UNSD_LS_A_AMT","numeric",2422,"direct_plida_dataset_variable","STP","ANL_LNG_SRVC_UNSD_LS_A_AMT","pmp-stp-extended","Annual Long Service Leave Unused Lump Sum A Amount - Event payment","Direct match on generated dataset + variable name in inst/plida_metadata/variables.csv.",""
"stp","STP","stp_extended_pay_events_2020_m01","ANL_LNG_SRVC_UNSD_LS_A_CD","character",2422,"direct_plida_dataset_variable","STP","ANL_LNG_SRVC_UNSD_LS_A_CD","pmp-stp-extended","Annual Long Service Leave Unused Lump Sum A Code","Direct match on generated dataset + variable name in inst/plida_metadata/variables.csv.",""
"stp","STP","stp_extended_pay_events_2020_m01","ANL_LNG_SRVC_UNSD_LS_B_AMT","numeric",2422,"direct_plida_dataset_variable","STP","ANL_LNG_SRVC_UNSD_LS_B_AMT","pmp-stp-extended","Annual Long Service Leave Unused Lump Sum B Amount - Event payment","Direct match on generated dataset + variable name in inst/plida_metadata/variables.csv.",""
"stp","STP","stp_extended_pay_events_2020_m01","ANL_LNG_SRVC_UNSD_LS_D_AMT","numeric",2422,"direct_plida_dataset_variable","STP","ANL_LNG_SRVC_UNSD_LS_D_AMT","pmp-stp-extended","Annual Long Service Leave Unused Lump Sum D Amount - Event payment","Direct match on generated dataset + variable name in inst/plida_metadata/variables.csv.",""
"stp","STP","stp_extended_pay_events_2020_m01","ANL_LNG_SRVC_UNSD_LS_E_AMT","numeric",2422,"direct_plida_dataset_variable","STP","ANL_LNG_SRVC_UNSD_LS_E_AMT","pmp-stp-extended","Annual Long Service Leave Unused Lump Sum E Amount - Event payment","Direct match on generated dataset + variable name in inst/plida_metadata/variables.csv.",""
"stp","STP","stp_extended_pay_events_2020_m01","BIRTH_YEAR_MONTH_ABS","character",2422,"direct_plida_dataset_variable","STP","BIRTH_YEAR_MONTH_ABS","pmp-stp-extended | pmp-stp-standard","Month and year of payee's DOB","Direct match on generated dataset + variable name in inst/plida_metadata/variables.csv.",""
"stp","STP","stp_extended_pay_events_2020_m01","BN","character",2422,"direct_plida_dataset_variable","STP","BN","pmp-stp-extended | pmp-stp-standard","ABS Derived confidentialised business identifier","Direct match on generated dataset + variable name in inst/plida_metadata/variables.csv.",""
"stp","STP","stp_extended_pay_events_2020_m01","BRANCH_NUMBER","integer",2422,"direct_plida_dataset_variable","STP","BRANCH_NUMBER","pmp-stp-extended | pmp-stp-standard","This is the calculated branch number of the employer organisation. Branch numbers are issued to organisations that wish to sub-divide their activities in dealing with their tax obligations","Direct match on generated dataset + variable name in inst/plida_metadata/variables.csv.",""
"stp","STP","stp_extended_pay_events_2020_m01","CNTRCTR_BN","character",2422,"direct_plida_dataset_variable","STP","CNTRCTR_BN","pmp-stp-extended | pmp-stp-standard","Contractor Client Identifier - ABS Derived confidentialised business identifier","Direct match on generated dataset + variable name in inst/plida_metadata/variables.csv.",""
"stp","STP","stp_extended_pay_events_2020_m01","DRVPAYENDDATE","Date",2422,"direct_plida_dataset_variable","STP","DRVPAYENDDATE","pmp-stp-extended | pmp-stp-standard","Derived end date for a pay event","Direct match on generated dataset + variable name in inst/plida_metadata/variables.csv.",""
"stp","STP","stp_extended_pay_events_2020_m01","DRVPAYSTARTDATE","Date",2422,"direct_plida_dataset_variable","STP","DRVPAYSTARTDATE","pmp-stp-extended | pmp-stp-standard","Derived start date for a pay event","Direct match on generated dataset + variable name in inst/plida_metadata/variables.csv.",""
"stp","STP","stp_extended_pay_events_2020_m01","DUMMY_FLAG","character",2422,"direct_plida_dataset_variable","STP","DUMMY_FLAG","pmp-stp-extended | pmp-stp-standard","Dummy flag. Value of True or False | Dummy Identifier flag. Value of True or False.","Direct match on generated dataset + variable name in inst/plida_metadata/variables.csv.",""
"stp","STP","stp_extended_pay_events_2020_m01","EMPLOYEE_KEY","character",2422,"direct_plida_dataset_variable","STP","EMPLOYEE_KEY","pmp-stp-extended | pmp-stp-standard","Key unique to a payee-payer combination | Encrypted ID unique to a job","Direct match on generated dataset + variable name in inst/plida_metadata/variables.csv.",""
"stp","STP","stp_extended_pay_events_2020_m01","F_EMPLT_INCM_GRS_AMT","numeric",2422,"direct_plida_dataset_variable","STP","F_EMPLT_INCM_GRS_AMT","pmp-stp-extended","Foreign Income Employment Gross Amount - Event payment","Direct match on generated dataset + variable name in inst/plida_metadata/variables.csv.",""
"stp","STP","stp_extended_pay_events_2020_m01","F_EMPLT_INCM_JPDA_GRS_AMT","numeric",2422,"direct_plida_dataset_variable","STP","F_EMPLT_INCM_JPDA_GRS_AMT","pmp-stp-extended","Foreign Income Employment Joint Petroleum Development Area Gross Amount - Event payment","Direct match on generated dataset + variable name in inst/plida_metadata/variables.csv.",""
"stp","STP","stp_extended_pay_events_2020_m01","F_EMPLT_INCM_JPDA_TOTL_AMT","numeric",2422,"direct_plida_dataset_variable","STP","F_EMPLT_INCM_JPDA_TOTL_AMT","pmp-stp-extended","Foreign Employment Income Joint Petroleum Development Area Total Amount - Event payment","Direct match on generated dataset + variable name in inst/plida_metadata/variables.csv.",""
"stp","STP","stp_extended_pay_events_2020_m01","F_EMPLT_INCM_TAX_CR_WHELD_AMT","numeric",2422,"direct_plida_dataset_variable","STP","F_EMPLT_INCM_TAX_CR_WHELD_AMT","pmp-stp-extended","Foreign Income Employment Tax Credit Withheld Amount - Event payment","Direct match on generated dataset + variable name in inst/plida_metadata/variables.csv.",""
"stp","STP","stp_extended_pay_events_2020_m01","F_EMPLT_INCM_TAX_PMT_AMT","numeric",2422,"direct_plida_dataset_variable","STP","F_EMPLT_INCM_TAX_PMT_AMT","pmp-stp-extended","Foreign Employment Income Total Taxed Amount - Event payment","Direct match on generated dataset + variable name in inst/plida_metadata/variables.csv.",""
"stp","STP","stp_extended_pay_events_2020_m01","F_EMPLT_INCM_TOTL_AMT","numeric",2422,"direct_plida_dataset_variable","STP","F_EMPLT_INCM_TOTL_AMT","pmp-stp-extended","Foreign Employment Income Total Amount - Event payment","Direct match on generated dataset + variable name in inst/plida_metadata/variables.csv.",""
"stp","STP","stp_extended_pay_events_2020_m01","F_INCM_EXMT_AMT","numeric",2422,"direct_plida_dataset_variable","STP","F_INCM_EXMT_AMT","pmp-stp-extended","Foreign Income Exempt Amount - Event payment","Direct match on generated dataset + variable name in inst/plida_metadata/variables.csv.",""
"stp","STP","stp_extended_pay_events_2020_m01","IDV_WRKPLC_GVING_TOTL_AMT","numeric",2422,"direct_plida_dataset_variable","STP","IDV_WRKPLC_GVING_TOTL_AMT","pmp-stp-extended","Payee workplace giving amount - Event payment","Direct match on generated dataset + variable name in inst/plida_metadata/variables.csv.",""
"stp","STP","stp_extended_pay_events_2020_m01","INCM_CMNTY_DEV_EMPLT_PRJCT_AMT","numeric",2422,"direct_plida_dataset_variable","STP","INCM_CMNTY_DEV_EMPLT_PRJCT_AMT","pmp-stp-extended","Income Community Development Employment Project Amount - Event payment","Direct match on generated dataset + variable name in inst/plida_metadata/variables.csv.",""
"stp","STP","stp_extended_pay_events_2020_m01","INCM_GRS_AMT","numeric",2422,"direct_plida_dataset_variable","STP","INCM_GRS_AMT","pmp-stp-extended","Gross amount of salary & wages income - Event payment","Direct match on generated dataset + variable name in inst/plida_metadata/variables.csv.",""
"stp","STP","stp_extended_pay_events_2020_m01","INCM_LABR_HIR_ARNGMT_GRS_AMT","numeric",2422,"direct_plida_dataset_variable","STP","INCM_LABR_HIR_ARNGMT_GRS_AMT","pmp-stp-extended","Income Labour Hire Arrangement Gross Amount - Event payment","Direct match on generated dataset + variable name in inst/plida_metadata/variables.csv.",""
"stp","STP","stp_extended_pay_events_2020_m01","INCM_OTHR_AMT","numeric",2422,"direct_plida_dataset_variable","STP","INCM_OTHR_AMT","pmp-stp-extended","Income Other Amount - Event payment","Direct match on generated dataset + variable name in inst/plida_metadata/variables.csv.",""
"stp","STP","stp_extended_pay_events_2020_m01","INCM_VA_GRS_AMT","numeric",2422,"direct_plida_dataset_variable","STP","INCM_VA_GRS_AMT","pmp-stp-extended","Income Voluntary Agreement Gross Amount - Event payment","Direct match on generated dataset + variable name in inst/plida_metadata/variables.csv.",""
"stp","STP","stp_extended_pay_events_2020_m01","INCM_WHM_GRS_AMT","numeric",2422,"direct_plida_dataset_variable","STP","INCM_WHM_GRS_AMT","pmp-stp-extended","Income Working Holiday Maker Gross Amount - Event payment","Direct match on generated dataset + variable name in inst/plida_metadata/variables.csv.",""
"stp","STP","stp_extended_pay_events_2020_m01","LABR_HIR_TOTL_AMT","numeric",2422,"direct_plida_dataset_variable","STP","LABR_HIR_TOTL_AMT","pmp-stp-extended","Labour Hire Total PAYGW Amount - Event payment","Direct match on generated dataset + variable name in inst/plida_metadata/variables.csv.",""
"stp","STP","stp_extended_pay_events_2020_m01","LGA_ASGS_2022","character",2422,"direct_plida_dataset_variable","STP","LGA_ASGS_2022","pmp-stp-extended","Geocoded LGA","Direct match on generated dataset + variable name in inst/plida_metadata/variables.csv.",""
"stp","STP","stp_extended_pay_events_2020_m01","OTHR_SPCFD_TOTL_AMT","numeric",2422,"direct_plida_dataset_variable","STP","OTHR_SPCFD_TOTL_AMT","pmp-stp-extended","Other Specified Total Amount - Event payment","Direct match on generated dataset + variable name in inst/plida_metadata/variables.csv.",""
"stp","STP","stp_extended_pay_events_2020_m01","PMT_DT","Date",2422,"direct_plida_dataset_variable","STP","PMT_DT","pmp-stp-extended | pmp-stp-standard","Payment Date","Direct match on generated dataset + variable name in inst/plida_metadata/variables.csv.",""
"stp","STP","stp_extended_pay_events_2020_m01","PMT_SUMRY_TOTL_GRS_PMT_AMT","numeric",2422,"direct_plida_dataset_variable","STP","PMT_SUMRY_TOTL_GRS_PMT_AMT","pmp-stp-extended | pmp-stp-standard","Total amount of gross payments an individual has received - Event payment","Direct match on generated dataset + variable name in inst/plida_metadata/variables.csv.",""
"stp","STP","stp_extended_pay_events_2020_m01","PYR_PYE_RLTNSHP_CESTN_DT","Date",2422,"direct_plida_dataset_variable","STP","PYR_PYE_RLTNSHP_CESTN_DT","pmp-stp-extended | pmp-stp-standard","Payer Payee Relationship Cessation Date","Direct match on generated dataset + variable name in inst/plida_metadata/variables.csv.",""
"stp","STP","stp_extended_pay_events_2020_m01","PYR_PYE_RLTNSHP_CMNCMT_DT","Date",2422,"direct_plida_dataset_variable","STP","PYR_PYE_RLTNSHP_CMNCMT_DT","pmp-stp-extended | pmp-stp-standard","Payer Payee Relationship Commencement Date","Direct match on generated dataset + variable name in inst/plida_metadata/variables.csv.",""
"stp","STP","stp_extended_pay_events_2020_m01","PYR_PYE_RLTNSHP_TRMNTD_IND","integer",2422,"direct_plida_dataset_variable","STP","PYR_PYE_RLTNSHP_TRMNTD_IND","pmp-stp-extended","Payer Payee Relationship Terminated Indicator. When a payer/payee relationship has terminated before the declaration/relationship has been reported to the ATO this field must be set to T. In all other cases it is to be set to blank","Direct match on generated dataset + variable name in inst/plida_metadata/variables.csv.",""
"stp","STP","stp_extended_pay_events_2020_m01","PYR_SPNTN_CNTRBTN_RPRTBL_AMT","numeric",2422,"direct_plida_dataset_variable","STP","PYR_SPNTN_CNTRBTN_RPRTBL_AMT","pmp-stp-extended | pmp-stp-standard","Employer Superannuation Contribution Reportable Amount - Event payment","Direct match on generated dataset + variable name in inst/plida_metadata/variables.csv.",""
"stp","STP","stp_extended_pay_events_2020_m01","PYRL_FNCL_YR","character",2422,"direct_plida_dataset_variable","STP","PYRL_FNCL_YR","pmp-stp-extended | pmp-stp-standard","Financial Year","Direct match on generated dataset + variable name in inst/plida_metadata/variables.csv.",""
"stp","STP","stp_extended_pay_events_2020_m01","RFB_EXMT_AMT","numeric",2422,"direct_plida_dataset_variable","STP","RFB_EXMT_AMT","pmp-stp-extended","Reportable Fringe Benefits Exempt Amount - Event payment","Direct match on generated dataset + variable name in inst/plida_metadata/variables.csv.",""
"stp","STP","stp_extended_pay_events_2020_m01","RFB_TXBL_AMT","numeric",2422,"direct_plida_dataset_variable","STP","RFB_TXBL_AMT","pmp-stp-extended","Reportable Fringe Benefits Taxable Amount - Event payment","Direct match on generated dataset + variable name in inst/plida_metadata/variables.csv.",""
"stp","STP","stp_extended_pay_events_2020_m01","SA2_ASGS_2021","character",2422,"direct_plida_dataset_variable","STP","SA2_ASGS_2021","pmp-stp-extended | pmp-stp-standard","Geocoded SA2","Direct match on generated dataset + variable name in inst/plida_metadata/variables.csv.",""
"stp","STP","stp_extended_pay_events_2020_m01","SEQUENCE_KEY","character",2422,"direct_plida_dataset_variable","STP","SEQUENCE_KEY","pmp-stp-extended | pmp-stp-standard","Key unique to a job pay sequence. Defined as Employee_Key + Payroll ID + Branch Number + BMS Id | Encrpyted ID unique to a job pay sequence","Direct match on generated dataset + variable name in inst/plida_metadata/variables.csv.",""
"stp","STP","stp_extended_pay_events_2020_m01","SG_EMPLR_CNTRBTN_AMT","numeric",2422,"direct_plida_dataset_variable","STP","SG_EMPLR_CNTRBTN_AMT","pmp-stp-extended | pmp-stp-standard","Superannuation Guarantee Employer Contribution Amount - Event payment","Direct match on generated dataset + variable name in inst/plida_metadata/variables.csv.",""
"stp","STP","stp_extended_pay_events_2020_m01","STATE_ASGS_2021","integer",2422,"direct_plida_dataset_variable","STP","STATE_ASGS_2021","pmp-stp-extended | pmp-stp-standard","Structured Geographic Address State Code","Direct match on generated dataset + variable name in inst/plida_metadata/variables.csv.",""
"stp","STP","stp_extended_pay_events_2020_m01","STP_MESHBLOCK_ABS","character",2422,"direct_plida_dataset_variable","STP","STP_MESHBLOCK_ABS","pmp-stp-extended","Geocoded Meshblock","Direct match on generated dataset + variable name in inst/plida_metadata/variables.csv.",""
"stp","STP","stp_extended_pay_events_2020_m01","SYNTHETIC_AEUID","character",2422,"direct_plida_dataset_variable","STP","SYNTHETIC_AEUID","pmp-stp-extended | pmp-stp-standard","Synthetic ID of individual person on dataset derived from Scrambled Identifier (ESID) of the payee | Synthetic ID of individual person on dataset derived from Encrypted Scrambled Identifier (ESID) of the payee","Direct match on generated dataset + variable name in inst/plida_metadata/variables.csv.",""
"stp","STP","stp_extended_pay_events_2020_m01","TAX_WHELD_TOTL_AMT","numeric",2422,"direct_plida_dataset_variable","STP","TAX_WHELD_TOTL_AMT","pmp-stp-extended","Total PAYGW Amount - Event payment","Direct match on generated dataset + variable name in inst/plida_metadata/variables.csv.",""
"stp","STP","stp_extended_pay_events_2020_m01","VA_TOTL_AMT","numeric",2422,"direct_plida_dataset_variable","STP","VA_TOTL_AMT","pmp-stp-extended","Voluntary Agreement Total PAYGW Amount - Event payment","Direct match on generated dataset + variable name in inst/plida_metadata/variables.csv.",""
"stp","STP","stp_extended_pay_events_2020_m01","WHELD_AMT","numeric",2422,"direct_plida_dataset_variable","STP","WHELD_AMT","pmp-stp-extended","Year To Date Withheld Amount - Event payment","Direct match on generated dataset + variable name in inst/plida_metadata/variables.csv.",""
"stp","STP","stp_extended_pay_events_2020_m01","WHM_TOTL_AMT","numeric",2422,"direct_plida_dataset_variable","STP","WHM_TOTL_AMT","pmp-stp-extended","Working Holiday Maker Total PAYGW Amount - Event payment","Direct match on generated dataset + variable name in inst/plida_metadata/variables.csv.",""
"stp","STP","stp_standard_jobs_2019_20","BN","character",1173,"direct_plida_dataset_variable","STP","BN","pmp-stp-extended | pmp-stp-standard","ABS Derived confidentialised business identifier","Direct match on generated dataset + variable name in inst/plida_metadata/variables.csv.",""
"stp","STP","stp_standard_jobs_2019_20","PYR_PYE_RLTNSHP_CESTN_DT","Date",1173,"direct_plida_dataset_variable","STP","PYR_PYE_RLTNSHP_CESTN_DT","pmp-stp-extended | pmp-stp-standard","Payer Payee Relationship Cessation Date","Direct match on generated dataset + variable name in inst/plida_metadata/variables.csv.",""
"stp","STP","stp_standard_jobs_2019_20","PYR_PYE_RLTNSHP_CMNCMT_DT","Date",1173,"direct_plida_dataset_variable","STP","PYR_PYE_RLTNSHP_CMNCMT_DT","pmp-stp-extended | pmp-stp-standard","Payer Payee Relationship Commencement Date","Direct match on generated dataset + variable name in inst/plida_metadata/variables.csv.",""
"stp","STP","stp_standard_jobs_2019_20","PYRL_FNCL_YR","character",1173,"direct_plida_dataset_variable","STP","PYRL_FNCL_YR","pmp-stp-extended | pmp-stp-standard","Financial Year","Direct match on generated dataset + variable name in inst/plida_metadata/variables.csv.",""
"stp","STP","stp_standard_jobs_2019_20","SYNTHETIC_AEUID","character",1173,"direct_plida_dataset_variable","STP","SYNTHETIC_AEUID","pmp-stp-extended | pmp-stp-standard","Synthetic ID of individual person on dataset derived from Scrambled Identifier (ESID) of the payee | Synthetic ID of individual person on dataset derived from Encrypted Scrambled Identifier (ESID) of the payee","Direct match on generated dataset + variable name in inst/plida_metadata/variables.csv.",""
"stp","STP","stp_standard_pay_events_2020_m01","ALWNC_INCM_TOTL_AMT","numeric",2422,"direct_plida_dataset_variable","STP","ALWNC_INCM_TOTL_AMT","pmp-stp-extended | pmp-stp-standard","Allowance Income Total Amount - Event payment","Direct match on generated dataset + variable name in inst/plida_metadata/variables.csv.",""
"stp","STP","stp_standard_pay_events_2020_m01","BIRTH_YEAR_MONTH_ABS","character",2422,"direct_plida_dataset_variable","STP","BIRTH_YEAR_MONTH_ABS","pmp-stp-extended | pmp-stp-standard","Month and year of payee's DOB","Direct match on generated dataset + variable name in inst/plida_metadata/variables.csv.",""
"stp","STP","stp_standard_pay_events_2020_m01","BN","character",2422,"direct_plida_dataset_variable","STP","BN","pmp-stp-extended | pmp-stp-standard","ABS Derived confidentialised business identifier","Direct match on generated dataset + variable name in inst/plida_metadata/variables.csv.",""
"stp","STP","stp_standard_pay_events_2020_m01","BRANCH_NUMBER","integer",2422,"direct_plida_dataset_variable","STP","BRANCH_NUMBER","pmp-stp-extended | pmp-stp-standard","This is the calculated branch number of the employer organisation. Branch numbers are issued to organisations that wish to sub-divide their activities in dealing with their tax obligations","Direct match on generated dataset + variable name in inst/plida_metadata/variables.csv.",""
"stp","STP","stp_standard_pay_events_2020_m01","CNTRCTR_BN","character",2422,"direct_plida_dataset_variable","STP","CNTRCTR_BN","pmp-stp-extended | pmp-stp-standard","Contractor Client Identifier - ABS Derived confidentialised business identifier","Direct match on generated dataset + variable name in inst/plida_metadata/variables.csv.",""
"stp","STP","stp_standard_pay_events_2020_m01","DRVPAYENDDATE","Date",2422,"direct_plida_dataset_variable","STP","DRVPAYENDDATE","pmp-stp-extended | pmp-stp-standard","Derived end date for a pay event","Direct match on generated dataset + variable name in inst/plida_metadata/variables.csv.",""
"stp","STP","stp_standard_pay_events_2020_m01","DRVPAYSTARTDATE","Date",2422,"direct_plida_dataset_variable","STP","DRVPAYSTARTDATE","pmp-stp-extended | pmp-stp-standard","Derived start date for a pay event","Direct match on generated dataset + variable name in inst/plida_metadata/variables.csv.",""
"stp","STP","stp_standard_pay_events_2020_m01","DUMMY_FLAG","character",2422,"direct_plida_dataset_variable","STP","DUMMY_FLAG","pmp-stp-extended | pmp-stp-standard","Dummy flag. Value of True or False | Dummy Identifier flag. Value of True or False.","Direct match on generated dataset + variable name in inst/plida_metadata/variables.csv.",""
"stp","STP","stp_standard_pay_events_2020_m01","EMPLOYEE_KEY","character",2422,"direct_plida_dataset_variable","STP","EMPLOYEE_KEY","pmp-stp-extended | pmp-stp-standard","Key unique to a payee-payer combination | Encrypted ID unique to a job","Direct match on generated dataset + variable name in inst/plida_metadata/variables.csv.",""
"stp","STP","stp_standard_pay_events_2020_m01","PMT_DT","Date",2422,"direct_plida_dataset_variable","STP","PMT_DT","pmp-stp-extended | pmp-stp-standard","Payment Date","Direct match on generated dataset + variable name in inst/plida_metadata/variables.csv.",""
"stp","STP","stp_standard_pay_events_2020_m01","PMT_SUMRY_TOTL_GRS_PMT_AMT","numeric",2422,"direct_plida_dataset_variable","STP","PMT_SUMRY_TOTL_GRS_PMT_AMT","pmp-stp-extended | pmp-stp-standard","Total amount of gross payments an individual has received - Event payment","Direct match on generated dataset + variable name in inst/plida_metadata/variables.csv.",""
"stp","STP","stp_standard_pay_events_2020_m01","PYR_PYE_RLTNSHP_CESTN_DT","Date",2422,"direct_plida_dataset_variable","STP","PYR_PYE_RLTNSHP_CESTN_DT","pmp-stp-extended | pmp-stp-standard","Payer Payee Relationship Cessation Date","Direct match on generated dataset + variable name in inst/plida_metadata/variables.csv.",""
"stp","STP","stp_standard_pay_events_2020_m01","PYR_PYE_RLTNSHP_CMNCMT_DT","Date",2422,"direct_plida_dataset_variable","STP","PYR_PYE_RLTNSHP_CMNCMT_DT","pmp-stp-extended | pmp-stp-standard","Payer Payee Relationship Commencement Date","Direct match on generated dataset + variable name in inst/plida_metadata/variables.csv.",""
"stp","STP","stp_standard_pay_events_2020_m01","PYR_SPNTN_CNTRBTN_RPRTBL_AMT","numeric",2422,"direct_plida_dataset_variable","STP","PYR_SPNTN_CNTRBTN_RPRTBL_AMT","pmp-stp-extended | pmp-stp-standard","Employer Superannuation Contribution Reportable Amount - Event payment","Direct match on generated dataset + variable name in inst/plida_metadata/variables.csv.",""
"stp","STP","stp_standard_pay_events_2020_m01","PYRL_FNCL_YR","character",2422,"direct_plida_dataset_variable","STP","PYRL_FNCL_YR","pmp-stp-extended | pmp-stp-standard","Financial Year","Direct match on generated dataset + variable name in inst/plida_metadata/variables.csv.",""
"stp","STP","stp_standard_pay_events_2020_m01","SA2_ASGS_2021","character",2422,"direct_plida_dataset_variable","STP","SA2_ASGS_2021","pmp-stp-extended | pmp-stp-standard","Geocoded SA2","Direct match on generated dataset + variable name in inst/plida_metadata/variables.csv.",""
"stp","STP","stp_standard_pay_events_2020_m01","SEQUENCE_KEY","character",2422,"direct_plida_dataset_variable","STP","SEQUENCE_KEY","pmp-stp-extended | pmp-stp-standard","Key unique to a job pay sequence. Defined as Employee_Key + Payroll ID + Branch Number + BMS Id | Encrpyted ID unique to a job pay sequence","Direct match on generated dataset + variable name in inst/plida_metadata/variables.csv.",""
"stp","STP","stp_standard_pay_events_2020_m01","SG_EMPLR_CNTRBTN_AMT","numeric",2422,"direct_plida_dataset_variable","STP","SG_EMPLR_CNTRBTN_AMT","pmp-stp-extended | pmp-stp-standard","Superannuation Guarantee Employer Contribution Amount - Event payment","Direct match on generated dataset + variable name in inst/plida_metadata/variables.csv.",""
"stp","STP","stp_standard_pay_events_2020_m01","STATE_ASGS_2021","integer",2422,"direct_plida_dataset_variable","STP","STATE_ASGS_2021","pmp-stp-extended | pmp-stp-standard","Structured Geographic Address State Code","Direct match on generated dataset + variable name in inst/plida_metadata/variables.csv.",""
"stp","STP","stp_standard_pay_events_2020_m01","SYNTHETIC_AEUID","character",2422,"direct_plida_dataset_variable","STP","SYNTHETIC_AEUID","pmp-stp-extended | pmp-stp-standard","Synthetic ID of individual person on dataset derived from Scrambled Identifier (ESID) of the payee | Synthetic ID of individual person on dataset derived from Encrypted Scrambled Identifier (ESID) of the payee","Direct match on generated dataset + variable name in inst/plida_metadata/variables.csv.",""
"vet-apprentice","A&T","A&T","ANZSCO","character",98,"manual_same_dataset_plida_concept_match","A&T","ANZSCOCODE","plidage-apprentice","ANZSCO of the apprentice's job or qualification.","Manual same-dataset concept crosswalk to local PLIDA metadata variable; generated name is compact/simplified and is not asserted to be an official source variable name.","Generated compact A&T field maps to a same-dataset Apprentice and Trainee metadata variable."
"vet-apprentice","A&T","A&T","COUNTRY_OF_BIRTH","integer",98,"manual_same_dataset_plida_concept_match","A&T","COUNTRYOFBIRTHCODE","plidage-apprentice","The country in which the apprentice was born.","Manual same-dataset concept crosswalk to local PLIDA metadata variable; generated name is compact/simplified and is not asserted to be an official source variable name.","Generated compact A&T field maps to a same-dataset Apprentice and Trainee metadata variable."
"vet-apprentice","A&T","A&T","DAYS_IN_TRAINING","integer",98,"manual_same_dataset_plida_concept_match","A&T","DAYSINTRAINING","plidage-apprentice","DAYSINTRAINING","Manual same-dataset concept crosswalk to local PLIDA metadata variable; generated name is compact/simplified and is not asserted to be an official source variable name.","Generated compact A&T field maps to a same-dataset Apprentice and Trainee metadata variable."
"vet-apprentice","A&T","A&T","DOB_M","integer",98,"direct_plida_dataset_variable","A&T","DOB_M","plidage-apprentice","Mof birth","Direct match on generated dataset + variable name in inst/plida_metadata/variables.csv.",""
"vet-apprentice","A&T","A&T","DOB_Y","integer",98,"direct_plida_dataset_variable","A&T","DOB_Y","plidage-apprentice","Yof birth","Direct match on generated dataset + variable name in inst/plida_metadata/variables.csv.",""
"vet-apprentice","A&T","A&T","END_DATE","Date",98,"direct_plida_dataset_variable","A&T","END_DATE","plidage-apprentice","End date","Direct match on generated dataset + variable name in inst/plida_metadata/variables.csv.",""
"vet-apprentice","A&T","A&T","GENDER","character",98,"direct_plida_dataset_variable","A&T","GENDER","plidage-apprentice","Client's gender","Direct match on generated dataset + variable name in inst/plida_metadata/variables.csv.",""
"vet-apprentice","A&T","A&T","INDIGENOUS_STATUS","character",98,"manual_same_dataset_plida_concept_match","A&T","INDIGENOUSSTATUSCODE","plidage-apprentice","Indigenous status code indicates a person who self-identifies as being of Australian Aboriginal or Torres Strait Islander descent.","Manual same-dataset concept crosswalk to local PLIDA metadata variable; generated name is compact/simplified and is not asserted to be an official source variable name.","Generated compact A&T field maps to a same-dataset Apprentice and Trainee metadata variable."
"vet-apprentice","A&T","A&T","QUALIFICATION_LEVEL","integer",98,"manual_same_dataset_plida_concept_match","A&T","QUALLEVEL","plidage-apprentice","Qualification Level","Manual same-dataset concept crosswalk to local PLIDA metadata variable; generated name is compact/simplified and is not asserted to be an official source variable name.","Generated compact A&T field maps to a same-dataset Apprentice and Trainee metadata variable."
"vet-apprentice","A&T","A&T","SCHOOL_BASED","character",98,"manual_same_dataset_plida_concept_match","A&T","SCHOOLBASEDAPPRENTICE","plidage-apprentice","Flag indicating that the person is an approved School Based Apprentice.","Manual same-dataset concept crosswalk to local PLIDA metadata variable; generated name is compact/simplified and is not asserted to be an official source variable name.","Generated simplified Y/N school-based flag maps conceptually to the approved school-based apprentice flag in local metadata."
"vet-apprentice","A&T","A&T","START_DATE","Date",98,"direct_plida_dataset_variable","A&T","START_DATE","plidage-apprentice","Start date","Direct match on generated dataset + variable name in inst/plida_metadata/variables.csv.",""
"vet-apprentice","A&T","A&T","STATE_ASGS_2021","integer",98,"direct_plida_dataset_variable","A&T","STATE_ASGS_2021","plidage-apprentice","State (number)","Direct match on generated dataset + variable name in inst/plida_metadata/variables.csv.",""
"vet-apprentice","A&T","A&T","STATUS","character",98,"direct_plida_dataset_variable","A&T","STATUS","plidage-apprentice","Status of the wdo at the time the table was updated","Direct match on generated dataset + variable name in inst/plida_metadata/variables.csv.",""
"vet-apprentice","A&T","A&T","SYNTHETIC_AEUID","character",98,"direct_plida_dataset_variable","A&T","SYNTHETIC_AEUID","plidage-apprentice","Synthetic id of individual person on dataset","Direct match on generated dataset + variable name in inst/plida_metadata/variables.csv.",""
"vet-apprentice","TVA","completions/2021","AGE","integer",0,"direct_plida_dataset_variable","TVA","AGE","madipge-tva-d-prog-comp-core-2015 | madipge-tva-d-prog-comp-core-2016 | madipge-tva-d-prog-comp-core-2017 | madipge-tva-d-prog-comp-core-2018 | madipge-tva-d-prog-comp-core-2019 | madipge-tva-d-prog-comp-core-2020 | madipge-tva-d-prog-comp-core-2021 | madipge-tva-d-prog-comp-core-2022 | madipge-tva-d-prog-comp-core-2023 | madipge-tva-d-trn-actvty-core-2015 | madipge-tva-d-trn-actvty-core-2016 | madipge-tva-d-trn-actvty-core-2017 | madipge-tva-d-trn-actvty-core-2018 | madipge-tva-d-trn-actvty-core-2019 | madipge-tva-d-trn-actvty-core-2020 | madipge-tva-d-trn-actvty-core-2021 | madipge-tva-d-trn-actvty-core-2022 | madipge-tva-d-trn-actvty-core-2023","Age of respondent","Direct match on generated dataset + variable name in inst/plida_metadata/variables.csv.",""
"vet-apprentice","TVA","completions/2021","ANZSCO_ID","character",0,"direct_plida_dataset_variable","TVA","ANZSCO_ID","madipge-tva-d-prog-comp-core-2015 | madipge-tva-d-prog-comp-core-2016 | madipge-tva-d-prog-comp-core-2017 | madipge-tva-d-prog-comp-core-2018 | madipge-tva-d-prog-comp-core-2019 | madipge-tva-d-prog-comp-core-2020 | madipge-tva-d-prog-comp-core-2021 | madipge-tva-d-prog-comp-core-2022 | madipge-tva-d-prog-comp-core-2023 | madipge-tva-d-trn-actvty-core-2015 | madipge-tva-d-trn-actvty-core-2016 | madipge-tva-d-trn-actvty-core-2017 | madipge-tva-d-trn-actvty-core-2018 | madipge-tva-d-trn-actvty-core-2019 | madipge-tva-d-trn-actvty-core-2020 | madipge-tva-d-trn-actvty-core-2021 | madipge-tva-d-trn-actvty-core-2022 | madipge-tva-d-trn-actvty-core-2023 | madipge-tva-d-trn-actvty-lan-2018 | madipge-tva-d-trn-actvty-lan-2019","Identifies the type of occupation that may be expected for those undertaking a program of study.","Direct match on generated dataset + variable name in inst/plida_metadata/variables.csv.",""
"vet-apprentice","TVA","completions/2021","AT_SCHOOL_FG","character",0,"direct_plida_dataset_variable","TVA","AT_SCHOOL_FG","madipge-tva-d-prog-comp-core-2015 | madipge-tva-d-prog-comp-core-2016 | madipge-tva-d-prog-comp-core-2017 | madipge-tva-d-prog-comp-core-2018 | madipge-tva-d-prog-comp-core-2019 | madipge-tva-d-prog-comp-core-2020 | madipge-tva-d-prog-comp-core-2021 | madipge-tva-d-prog-comp-core-2022 | madipge-tva-d-prog-comp-core-2023 | madipge-tva-d-trn-actvty-core-2015 | madipge-tva-d-trn-actvty-core-2016 | madipge-tva-d-trn-actvty-core-2017 | madipge-tva-d-trn-actvty-core-2018 | madipge-tva-d-trn-actvty-core-2019 | madipge-tva-d-trn-actvty-core-2020 | madipge-tva-d-trn-actvty-core-2021 | madipge-tva-d-trn-actvty-core-2022 | madipge-tva-d-trn-actvty-core-2023 | madipge-tva-d-trn-actvty-lan-2018 | madipge-tva-d-trn-actvty-lan-2019","Flags whether client is currently enrolled in secondary school.","Direct match on generated dataset + variable name in inst/plida_metadata/variables.csv.",""
"vet-apprentice","TVA","completions/2021","CLIENT_POSTCODE_DERIVED","character",0,"direct_plida_dataset_variable","TVA","CLIENT_POSTCODE_DERIVED","madipge-tva-d-prog-comp-core-2015 | madipge-tva-d-prog-comp-core-2016 | madipge-tva-d-prog-comp-core-2017 | madipge-tva-d-prog-comp-core-2018 | madipge-tva-d-prog-comp-core-2019 | madipge-tva-d-prog-comp-core-2020 | madipge-tva-d-prog-comp-core-2021 | madipge-tva-d-prog-comp-core-2022 | madipge-tva-d-prog-comp-core-2023 | madipge-tva-d-trn-actvty-core-2015 | madipge-tva-d-trn-actvty-core-2016 | madipge-tva-d-trn-actvty-core-2017 | madipge-tva-d-trn-actvty-core-2018 | madipge-tva-d-trn-actvty-core-2019 | madipge-tva-d-trn-actvty-core-2020 | madipge-tva-d-trn-actvty-core-2021 | madipge-tva-d-trn-actvty-core-2022 | madipge-tva-d-trn-actvty-core-2023","Client postcode of residence","Direct match on generated dataset + variable name in inst/plida_metadata/variables.csv.",""
"vet-apprentice","TVA","completions/2021","CLIENT_REMOTENESS_ID_DERIVED","integer",0,"direct_plida_dataset_variable","TVA","CLIENT_REMOTENESS_ID_DERIVED","madipge-tva-d-prog-comp-core-2015 | madipge-tva-d-prog-comp-core-2016 | madipge-tva-d-prog-comp-core-2017 | madipge-tva-d-prog-comp-core-2018 | madipge-tva-d-prog-comp-core-2019 | madipge-tva-d-prog-comp-core-2020 | madipge-tva-d-prog-comp-core-2021 | madipge-tva-d-prog-comp-core-2022 | madipge-tva-d-prog-comp-core-2023 | madipge-tva-d-trn-actvty-core-2015 | madipge-tva-d-trn-actvty-core-2016 | madipge-tva-d-trn-actvty-core-2017 | madipge-tva-d-trn-actvty-core-2018 | madipge-tva-d-trn-actvty-core-2019 | madipge-tva-d-trn-actvty-core-2020 | madipge-tva-d-trn-actvty-core-2021 | madipge-tva-d-trn-actvty-core-2022 | madipge-tva-d-trn-actvty-core-2023","Client remoteness area (aria+) id","Direct match on generated dataset + variable name in inst/plida_metadata/variables.csv.",""
"vet-apprentice","TVA","completions/2021","CLIENT_SEIFA_IRSD_QUINT_DRVD","integer",0,"direct_plida_dataset_variable","TVA","CLIENT_SEIFA_IRSD_QUINT_DRVD","madipge-tva-d-prog-comp-core-2015 | madipge-tva-d-prog-comp-core-2016 | madipge-tva-d-prog-comp-core-2017 | madipge-tva-d-prog-comp-core-2018 | madipge-tva-d-prog-comp-core-2019 | madipge-tva-d-prog-comp-core-2020 | madipge-tva-d-prog-comp-core-2021 | madipge-tva-d-prog-comp-core-2022 | madipge-tva-d-prog-comp-core-2023 | madipge-tva-d-trn-actvty-core-2015 | madipge-tva-d-trn-actvty-core-2016 | madipge-tva-d-trn-actvty-core-2017 | madipge-tva-d-trn-actvty-core-2018 | madipge-tva-d-trn-actvty-core-2019 | madipge-tva-d-trn-actvty-core-2020 | madipge-tva-d-trn-actvty-core-2021 | madipge-tva-d-trn-actvty-core-2022 | madipge-tva-d-trn-actvty-core-2023","Client index of relative socio-economic disadvantage (irsd) id","Direct match on generated dataset + variable name in inst/plida_metadata/variables.csv.",""
"vet-apprentice","TVA","completions/2021","CLIENT_STATE_RESIDENCE_DERIVED","integer",0,"direct_plida_dataset_variable","TVA","CLIENT_STATE_RESIDENCE_DERIVED","madipge-tva-d-prog-comp-core-2015 | madipge-tva-d-prog-comp-core-2016 | madipge-tva-d-prog-comp-core-2017 | madipge-tva-d-prog-comp-core-2018 | madipge-tva-d-prog-comp-core-2019 | madipge-tva-d-prog-comp-core-2020 | madipge-tva-d-prog-comp-core-2021 | madipge-tva-d-prog-comp-core-2022 | madipge-tva-d-prog-comp-core-2023 | madipge-tva-d-trn-actvty-core-2015 | madipge-tva-d-trn-actvty-core-2016 | madipge-tva-d-trn-actvty-core-2017 | madipge-tva-d-trn-actvty-core-2018 | madipge-tva-d-trn-actvty-core-2019 | madipge-tva-d-trn-actvty-core-2020 | madipge-tva-d-trn-actvty-core-2021 | madipge-tva-d-trn-actvty-core-2022 | madipge-tva-d-trn-actvty-core-2023","Client state of residence id","Direct match on generated dataset + variable name in inst/plida_metadata/variables.csv.",""
"vet-apprentice","TVA","completions/2021","COLLECTION_YR","integer",0,"direct_plida_dataset_variable","TVA","COLLECTION_YR","madipge-tva-d-prog-comp-core-2015 | madipge-tva-d-prog-comp-core-2016 | madipge-tva-d-prog-comp-core-2017 | madipge-tva-d-prog-comp-core-2018 | madipge-tva-d-prog-comp-core-2019 | madipge-tva-d-prog-comp-core-2020 | madipge-tva-d-prog-comp-core-2021 | madipge-tva-d-prog-comp-core-2022 | madipge-tva-d-prog-comp-core-2023 | madipge-tva-d-trn-actvty-core-2015 | madipge-tva-d-trn-actvty-core-2016 | madipge-tva-d-trn-actvty-core-2017 | madipge-tva-d-trn-actvty-core-2018 | madipge-tva-d-trn-actvty-core-2019 | madipge-tva-d-trn-actvty-core-2020 | madipge-tva-d-trn-actvty-core-2021 | madipge-tva-d-trn-actvty-core-2022 | madipge-tva-d-trn-actvty-core-2023 | madipge-tva-d-trn-actvty-lan-2018 | madipge-tva-d-trn-actvty-lan-2019","Calendar year in which training activity occurred.","Direct match on generated dataset + variable name in inst/plida_metadata/variables.csv.",""
"vet-apprentice","TVA","completions/2021","DATE_PROGRAM_COMPLETED","Date",0,"direct_plida_dataset_variable","TVA","DATE_PROGRAM_COMPLETED","madipge-tva-d-prog-comp-core-2015 | madipge-tva-d-prog-comp-core-2016 | madipge-tva-d-prog-comp-core-2017 | madipge-tva-d-prog-comp-core-2018 | madipge-tva-d-prog-comp-core-2019 | madipge-tva-d-prog-comp-core-2020 | madipge-tva-d-prog-comp-core-2021 | madipge-tva-d-prog-comp-core-2022 | madipge-tva-d-prog-comp-core-2023 | madipge-tva-d-trn-actvty-lan-2018 | madipge-tva-d-trn-actvty-lan-2019","Date that qualification course or skill set was completed including any on-the-job component. | Date that qualification  course  or skill set was completed  including any on-the-job component.","Direct match on generated dataset + variable name in inst/plida_metadata/variables.csv.",""
"vet-apprentice","TVA","completions/2021","GENDER_ID","integer",0,"direct_plida_dataset_variable","TVA","GENDER_ID","madipge-tva-d-prog-comp-core-2015 | madipge-tva-d-prog-comp-core-2016 | madipge-tva-d-prog-comp-core-2017 | madipge-tva-d-prog-comp-core-2018 | madipge-tva-d-prog-comp-core-2019 | madipge-tva-d-prog-comp-core-2020 | madipge-tva-d-prog-comp-core-2021 | madipge-tva-d-prog-comp-core-2022 | madipge-tva-d-prog-comp-core-2023 | madipge-tva-d-trn-actvty-core-2015 | madipge-tva-d-trn-actvty-core-2016 | madipge-tva-d-trn-actvty-core-2017 | madipge-tva-d-trn-actvty-core-2018 | madipge-tva-d-trn-actvty-core-2019 | madipge-tva-d-trn-actvty-core-2020 | madipge-tva-d-trn-actvty-core-2021 | madipge-tva-d-trn-actvty-core-2022 | madipge-tva-d-trn-actvty-core-2023 | madipge-tva-d-trn-actvty-lan-2018 | madipge-tva-d-trn-actvty-lan-2019","Whether client self-identifies as male female or other (code). | Whether client self-identifies as male  female  or other (code).","Direct match on generated dataset + variable name in inst/plida_metadata/variables.csv.",""
"vet-apprentice","TVA","completions/2021","HEAD_OFFICE_POSTCODE","character",0,"direct_plida_dataset_variable","TVA","HEAD_OFFICE_POSTCODE","madipge-tva-d-prog-comp-core-2015 | madipge-tva-d-prog-comp-core-2016 | madipge-tva-d-prog-comp-core-2017 | madipge-tva-d-prog-comp-core-2018 | madipge-tva-d-prog-comp-core-2019 | madipge-tva-d-prog-comp-core-2020 | madipge-tva-d-prog-comp-core-2021 | madipge-tva-d-prog-comp-core-2022 | madipge-tva-d-prog-comp-core-2023 | madipge-tva-d-trn-actvty-core-2015 | madipge-tva-d-trn-actvty-core-2016 | madipge-tva-d-trn-actvty-core-2017 | madipge-tva-d-trn-actvty-core-2018 | madipge-tva-d-trn-actvty-core-2019 | madipge-tva-d-trn-actvty-core-2020 | madipge-tva-d-trn-actvty-core-2021 | madipge-tva-d-trn-actvty-core-2022 | madipge-tva-d-trn-actvty-core-2023","Head office postcode","Direct match on generated dataset + variable name in inst/plida_metadata/variables.csv.",""
"vet-apprentice","TVA","completions/2021","HEAD_OFFICE_STATE","integer",0,"direct_plida_dataset_variable","TVA","HEAD_OFFICE_STATE","madipge-tva-d-prog-comp-core-2015 | madipge-tva-d-prog-comp-core-2016 | madipge-tva-d-prog-comp-core-2017 | madipge-tva-d-prog-comp-core-2018 | madipge-tva-d-prog-comp-core-2019 | madipge-tva-d-prog-comp-core-2020 | madipge-tva-d-prog-comp-core-2021 | madipge-tva-d-prog-comp-core-2022 | madipge-tva-d-prog-comp-core-2023 | madipge-tva-d-trn-actvty-core-2015 | madipge-tva-d-trn-actvty-core-2016 | madipge-tva-d-trn-actvty-core-2017 | madipge-tva-d-trn-actvty-core-2018 | madipge-tva-d-trn-actvty-core-2019 | madipge-tva-d-trn-actvty-core-2020 | madipge-tva-d-trn-actvty-core-2021 | madipge-tva-d-trn-actvty-core-2022 | madipge-tva-d-trn-actvty-core-2023","Head office state","Direct match on generated dataset + variable name in inst/plida_metadata/variables.csv.",""
"vet-apprentice","TVA","completions/2021","HIGHEST_ED_LVL_ST","integer",0,"direct_plida_dataset_variable","TVA","HIGHEST_ED_LVL_ST","madipge-tva-d-prog-comp-core-2015 | madipge-tva-d-prog-comp-core-2016 | madipge-tva-d-prog-comp-core-2017 | madipge-tva-d-prog-comp-core-2018 | madipge-tva-d-prog-comp-core-2019 | madipge-tva-d-prog-comp-core-2020 | madipge-tva-d-prog-comp-core-2021 | madipge-tva-d-prog-comp-core-2022 | madipge-tva-d-prog-comp-core-2023 | madipge-tva-d-trn-actvty-core-2015 | madipge-tva-d-trn-actvty-core-2016 | madipge-tva-d-trn-actvty-core-2017 | madipge-tva-d-trn-actvty-core-2018 | madipge-tva-d-trn-actvty-core-2019 | madipge-tva-d-trn-actvty-core-2020 | madipge-tva-d-trn-actvty-core-2021 | madipge-tva-d-trn-actvty-core-2022 | madipge-tva-d-trn-actvty-core-2023 | madipge-tva-d-trn-actvty-lan-2018 | madipge-tva-d-trn-actvty-lan-2019","The highest level of education including post-compulsory education a student had successfully completed before commencing training (code). | The highest level of education  including post-compulsory education  a student had successfully completed before commencing training (code).","Direct match on generated dataset + variable name in inst/plida_metadata/variables.csv.",""
"vet-apprentice","TVA","completions/2021","HIGHEST_SCHL_LVL_ST","integer",0,"direct_plida_dataset_variable","TVA","HIGHEST_SCHL_LVL_ST","madipge-tva-d-prog-comp-core-2015 | madipge-tva-d-prog-comp-core-2016 | madipge-tva-d-prog-comp-core-2017 | madipge-tva-d-prog-comp-core-2018 | madipge-tva-d-prog-comp-core-2019 | madipge-tva-d-prog-comp-core-2020 | madipge-tva-d-prog-comp-core-2021 | madipge-tva-d-prog-comp-core-2022 | madipge-tva-d-prog-comp-core-2023 | madipge-tva-d-trn-actvty-core-2015 | madipge-tva-d-trn-actvty-core-2016 | madipge-tva-d-trn-actvty-core-2017 | madipge-tva-d-trn-actvty-core-2018 | madipge-tva-d-trn-actvty-core-2019 | madipge-tva-d-trn-actvty-core-2020 | madipge-tva-d-trn-actvty-core-2021 | madipge-tva-d-trn-actvty-core-2022 | madipge-tva-d-trn-actvty-core-2023 | madipge-tva-d-trn-actvty-lan-2018 | madipge-tva-d-trn-actvty-lan-2019","Identifies the highest level of school the client has successfully completed (code).","Direct match on generated dataset + variable name in inst/plida_metadata/variables.csv.",""
"vet-apprentice","TVA","completions/2021","LABOUR_FORCE_STATUS_ID","integer",0,"direct_plida_dataset_variable","TVA","LABOUR_FORCE_STATUS_ID","madipge-tva-d-prog-comp-core-2015 | madipge-tva-d-prog-comp-core-2016 | madipge-tva-d-prog-comp-core-2017 | madipge-tva-d-prog-comp-core-2018 | madipge-tva-d-prog-comp-core-2019 | madipge-tva-d-prog-comp-core-2020 | madipge-tva-d-prog-comp-core-2021 | madipge-tva-d-prog-comp-core-2022 | madipge-tva-d-prog-comp-core-2023 | madipge-tva-d-trn-actvty-core-2015 | madipge-tva-d-trn-actvty-core-2016 | madipge-tva-d-trn-actvty-core-2017 | madipge-tva-d-trn-actvty-core-2018 | madipge-tva-d-trn-actvty-core-2019 | madipge-tva-d-trn-actvty-core-2020 | madipge-tva-d-trn-actvty-core-2021 | madipge-tva-d-trn-actvty-core-2022 | madipge-tva-d-trn-actvty-core-2023 | madipge-tva-d-trn-actvty-lan-2018 | madipge-tva-d-trn-actvty-lan-2019","Describes client's employment status (code).","Direct match on generated dataset + variable name in inst/plida_metadata/variables.csv.",""
"vet-apprentice","TVA","completions/2021","MONTH_OF_BIRTH","integer",0,"direct_plida_dataset_variable","TVA","MONTH_OF_BIRTH","madipge-tva-d-prog-comp-core-2015 | madipge-tva-d-prog-comp-core-2016 | madipge-tva-d-prog-comp-core-2017 | madipge-tva-d-prog-comp-core-2018 | madipge-tva-d-prog-comp-core-2019 | madipge-tva-d-prog-comp-core-2020 | madipge-tva-d-prog-comp-core-2021 | madipge-tva-d-prog-comp-core-2022 | madipge-tva-d-prog-comp-core-2023 | madipge-tva-d-trn-actvty-core-2015 | madipge-tva-d-trn-actvty-core-2016 | madipge-tva-d-trn-actvty-core-2017 | madipge-tva-d-trn-actvty-core-2018 | madipge-tva-d-trn-actvty-core-2019 | madipge-tva-d-trn-actvty-core-2020 | madipge-tva-d-trn-actvty-core-2021 | madipge-tva-d-trn-actvty-core-2022 | madipge-tva-d-trn-actvty-core-2023 | madipge-tva-d-trn-actvty-lan-2018 | madipge-tva-d-trn-actvty-lan-2019","Month of birth","Direct match on generated dataset + variable name in inst/plida_metadata/variables.csv.",""
"vet-apprentice","TVA","completions/2021","PRIOR_ED_ACHIEVE_FG","character",0,"direct_plida_dataset_variable","TVA","PRIOR_ED_ACHIEVE_FG","madipge-tva-d-prog-comp-core-2015 | madipge-tva-d-prog-comp-core-2016 | madipge-tva-d-prog-comp-core-2017 | madipge-tva-d-prog-comp-core-2018 | madipge-tva-d-prog-comp-core-2019 | madipge-tva-d-prog-comp-core-2020 | madipge-tva-d-prog-comp-core-2021 | madipge-tva-d-prog-comp-core-2022 | madipge-tva-d-prog-comp-core-2023 | madipge-tva-d-trn-actvty-core-2015 | madipge-tva-d-trn-actvty-core-2016 | madipge-tva-d-trn-actvty-core-2017 | madipge-tva-d-trn-actvty-core-2018 | madipge-tva-d-trn-actvty-core-2019 | madipge-tva-d-trn-actvty-core-2020 | madipge-tva-d-trn-actvty-core-2021 | madipge-tva-d-trn-actvty-core-2022 | madipge-tva-d-trn-actvty-core-2023 | madipge-tva-d-trn-actvty-lan-2018 | madipge-tva-d-trn-actvty-lan-2019","Flags whether the client has successfully completed some post-secondary education (code).","Direct match on generated dataset + variable name in inst/plida_metadata/variables.csv.",""
"vet-apprentice","TVA","completions/2021","PROGRAM_FOE_ID","character",0,"direct_plida_dataset_variable","TVA","PROGRAM_FOE_ID","madipge-tva-d-prog-comp-core-2015 | madipge-tva-d-prog-comp-core-2016 | madipge-tva-d-prog-comp-core-2017 | madipge-tva-d-prog-comp-core-2018 | madipge-tva-d-prog-comp-core-2019 | madipge-tva-d-prog-comp-core-2020 | madipge-tva-d-prog-comp-core-2021 | madipge-tva-d-prog-comp-core-2022 | madipge-tva-d-prog-comp-core-2023 | madipge-tva-d-trn-actvty-core-2015 | madipge-tva-d-trn-actvty-core-2016 | madipge-tva-d-trn-actvty-core-2017 | madipge-tva-d-trn-actvty-core-2018 | madipge-tva-d-trn-actvty-core-2019 | madipge-tva-d-trn-actvty-core-2020 | madipge-tva-d-trn-actvty-core-2021 | madipge-tva-d-trn-actvty-core-2022 | madipge-tva-d-trn-actvty-core-2023","Program narrow field of education id","Direct match on generated dataset + variable name in inst/plida_metadata/variables.csv.",""
"vet-apprentice","TVA","completions/2021","PROGRAM_ID","character",0,"direct_plida_dataset_variable","TVA","PROGRAM_ID","madipge-tva-d-prog-comp-core-2015 | madipge-tva-d-prog-comp-core-2016 | madipge-tva-d-prog-comp-core-2017 | madipge-tva-d-prog-comp-core-2018 | madipge-tva-d-prog-comp-core-2019 | madipge-tva-d-prog-comp-core-2020 | madipge-tva-d-prog-comp-core-2021 | madipge-tva-d-prog-comp-core-2022 | madipge-tva-d-prog-comp-core-2023 | madipge-tva-d-trn-actvty-core-2015 | madipge-tva-d-trn-actvty-core-2016 | madipge-tva-d-trn-actvty-core-2017 | madipge-tva-d-trn-actvty-core-2018 | madipge-tva-d-trn-actvty-core-2019 | madipge-tva-d-trn-actvty-core-2020 | madipge-tva-d-trn-actvty-core-2021 | madipge-tva-d-trn-actvty-core-2022 | madipge-tva-d-trn-actvty-core-2023 | madipge-tva-d-trn-actvty-lan-2018 | madipge-tva-d-trn-actvty-lan-2019","Id code of the qualification course or skill set. | Program id","Direct match on generated dataset + variable name in inst/plida_metadata/variables.csv.",""
"vet-apprentice","TVA","completions/2021","PROGRAM_LOE_ID","integer",0,"direct_plida_dataset_variable","TVA","PROGRAM_LOE_ID","madipge-tva-d-prog-comp-core-2015 | madipge-tva-d-prog-comp-core-2016 | madipge-tva-d-prog-comp-core-2017 | madipge-tva-d-prog-comp-core-2018 | madipge-tva-d-prog-comp-core-2019 | madipge-tva-d-prog-comp-core-2020 | madipge-tva-d-prog-comp-core-2021 | madipge-tva-d-prog-comp-core-2022 | madipge-tva-d-prog-comp-core-2023 | madipge-tva-d-trn-actvty-core-2015 | madipge-tva-d-trn-actvty-core-2016 | madipge-tva-d-trn-actvty-core-2017 | madipge-tva-d-trn-actvty-core-2018 | madipge-tva-d-trn-actvty-core-2019 | madipge-tva-d-trn-actvty-core-2020 | madipge-tva-d-trn-actvty-core-2021 | madipge-tva-d-trn-actvty-core-2022 | madipge-tva-d-trn-actvty-core-2023 | madipge-tva-d-trn-actvty-lan-2018 | madipge-tva-d-trn-actvty-lan-2019","Degree of complexity of the program of study based on asced classification (code). | Degree of complexity of the program of study  based on asced classification (code).","Direct match on generated dataset + variable name in inst/plida_metadata/variables.csv.",""
"vet-apprentice","TVA","completions/2021","PROGRAM_RECOGNITION_ID","integer",0,"direct_plida_dataset_variable","TVA","PROGRAM_RECOGNITION_ID","madipge-tva-d-prog-comp-core-2015 | madipge-tva-d-prog-comp-core-2016 | madipge-tva-d-prog-comp-core-2017 | madipge-tva-d-prog-comp-core-2018 | madipge-tva-d-prog-comp-core-2019 | madipge-tva-d-prog-comp-core-2020 | madipge-tva-d-prog-comp-core-2021 | madipge-tva-d-prog-comp-core-2022 | madipge-tva-d-prog-comp-core-2023 | madipge-tva-d-trn-actvty-core-2015 | madipge-tva-d-trn-actvty-core-2016 | madipge-tva-d-trn-actvty-core-2017 | madipge-tva-d-trn-actvty-core-2018 | madipge-tva-d-trn-actvty-core-2019 | madipge-tva-d-trn-actvty-core-2020 | madipge-tva-d-trn-actvty-core-2021 | madipge-tva-d-trn-actvty-core-2022 | madipge-tva-d-trn-actvty-core-2023 | madipge-tva-d-trn-actvty-lan-2018 | madipge-tva-d-trn-actvty-lan-2019","Distinguishes the qualification course or skill set by its level of recognition in the vet sector (code). | Distinguishes the qualification  course  or skill set by its level of recognition in the vet sector (code).","Direct match on generated dataset + variable name in inst/plida_metadata/variables.csv.",""
"vet-apprentice","TVA","completions/2021","PROGRAM_TRAINING_PACKAGE_ID","character",0,"direct_plida_dataset_variable","TVA","PROGRAM_TRAINING_PACKAGE_ID","madipge-tva-d-prog-comp-core-2015 | madipge-tva-d-prog-comp-core-2016 | madipge-tva-d-prog-comp-core-2017 | madipge-tva-d-prog-comp-core-2018 | madipge-tva-d-prog-comp-core-2019 | madipge-tva-d-prog-comp-core-2020 | madipge-tva-d-prog-comp-core-2021 | madipge-tva-d-prog-comp-core-2022 | madipge-tva-d-prog-comp-core-2023 | madipge-tva-d-trn-actvty-core-2015 | madipge-tva-d-trn-actvty-core-2016 | madipge-tva-d-trn-actvty-core-2017 | madipge-tva-d-trn-actvty-core-2018 | madipge-tva-d-trn-actvty-core-2019 | madipge-tva-d-trn-actvty-core-2020 | madipge-tva-d-trn-actvty-core-2021 | madipge-tva-d-trn-actvty-core-2022 | madipge-tva-d-trn-actvty-core-2023","Program training package identifier","Direct match on generated dataset + variable name in inst/plida_metadata/variables.csv.",""
"vet-apprentice","TVA","completions/2021","PROGRAM_TYPE_OF_TRAINING_ID","integer",0,"direct_plida_dataset_variable","TVA","PROGRAM_TYPE_OF_TRAINING_ID","madipge-tva-d-prog-comp-core-2015 | madipge-tva-d-prog-comp-core-2016 | madipge-tva-d-prog-comp-core-2017 | madipge-tva-d-prog-comp-core-2018 | madipge-tva-d-prog-comp-core-2019 | madipge-tva-d-prog-comp-core-2020 | madipge-tva-d-prog-comp-core-2021 | madipge-tva-d-prog-comp-core-2022 | madipge-tva-d-prog-comp-core-2023 | madipge-tva-d-trn-actvty-core-2015 | madipge-tva-d-trn-actvty-core-2016 | madipge-tva-d-trn-actvty-core-2017 | madipge-tva-d-trn-actvty-core-2018 | madipge-tva-d-trn-actvty-core-2019 | madipge-tva-d-trn-actvty-core-2020 | madipge-tva-d-trn-actvty-core-2021 | madipge-tva-d-trn-actvty-core-2022 | madipge-tva-d-trn-actvty-core-2023","Program type of training identifier","Direct match on generated dataset + variable name in inst/plida_metadata/variables.csv.",""
"vet-apprentice","TVA","completions/2021","RTO_ID","character",0,"direct_plida_dataset_variable","TVA","RTO_ID","madipge-tva-d-prog-comp-core-2015 | madipge-tva-d-prog-comp-core-2016 | madipge-tva-d-prog-comp-core-2017 | madipge-tva-d-prog-comp-core-2018 | madipge-tva-d-prog-comp-core-2019 | madipge-tva-d-prog-comp-core-2020 | madipge-tva-d-prog-comp-core-2021 | madipge-tva-d-prog-comp-core-2022 | madipge-tva-d-prog-comp-core-2023 | madipge-tva-d-trn-actvty-core-2015 | madipge-tva-d-trn-actvty-core-2016 | madipge-tva-d-trn-actvty-core-2017 | madipge-tva-d-trn-actvty-core-2018 | madipge-tva-d-trn-actvty-core-2019 | madipge-tva-d-trn-actvty-core-2020 | madipge-tva-d-trn-actvty-core-2021 | madipge-tva-d-trn-actvty-core-2022 | madipge-tva-d-trn-actvty-core-2023 | madipge-tva-d-trn-actvty-lan-2018 | madipge-tva-d-trn-actvty-lan-2019","Id code for the registered training organisation.","Direct match on generated dataset + variable name in inst/plida_metadata/variables.csv.",""
"vet-apprentice","TVA","completions/2021","STATE_OF_FUNDING_GF","integer",0,"direct_plida_dataset_variable","TVA","STATE_OF_FUNDING_GF","madipge-tva-d-prog-comp-core-2015 | madipge-tva-d-prog-comp-core-2016 | madipge-tva-d-prog-comp-core-2017 | madipge-tva-d-prog-comp-core-2018 | madipge-tva-d-prog-comp-core-2019 | madipge-tva-d-prog-comp-core-2020 | madipge-tva-d-prog-comp-core-2021 | madipge-tva-d-prog-comp-core-2022 | madipge-tva-d-prog-comp-core-2023 | madipge-tva-d-trn-actvty-core-2015 | madipge-tva-d-trn-actvty-core-2016 | madipge-tva-d-trn-actvty-core-2017 | madipge-tva-d-trn-actvty-core-2018 | madipge-tva-d-trn-actvty-core-2019 | madipge-tva-d-trn-actvty-core-2020 | madipge-tva-d-trn-actvty-core-2021 | madipge-tva-d-trn-actvty-core-2022 | madipge-tva-d-trn-actvty-core-2023","State or territory that administered the funding of the training activity id","Direct match on generated dataset + variable name in inst/plida_metadata/variables.csv.",""
"vet-apprentice","TVA","completions/2021","SYNTHETIC_AEUID","character",0,"direct_plida_dataset_variable","TVA","SYNTHETIC_AEUID","madipge-tva-d-prog-comp-core-2015 | madipge-tva-d-prog-comp-core-2016 | madipge-tva-d-prog-comp-core-2017 | madipge-tva-d-prog-comp-core-2018 | madipge-tva-d-prog-comp-core-2019 | madipge-tva-d-prog-comp-core-2020 | madipge-tva-d-prog-comp-core-2021 | madipge-tva-d-prog-comp-core-2022 | madipge-tva-d-prog-comp-core-2023 | madipge-tva-d-trn-actvty-core-2015 | madipge-tva-d-trn-actvty-core-2016 | madipge-tva-d-trn-actvty-core-2017 | madipge-tva-d-trn-actvty-core-2018 | madipge-tva-d-trn-actvty-core-2019 | madipge-tva-d-trn-actvty-core-2020 | madipge-tva-d-trn-actvty-core-2021 | madipge-tva-d-trn-actvty-core-2022 | madipge-tva-d-trn-actvty-core-2023 | madipge-tva-d-prog-comp-cob-2015 | madipge-tva-d-prog-comp-cob-2016 | madipge-tva-d-prog-comp-cob-2017 | madipge-tva-d-prog-comp-cob-2018 | madipge-tva-d-prog-comp-cob-2019 | madipge-tva-d-prog-comp-cob-2020 | madipge-tva-d-prog-comp-cob-2021 | madipge-tva-d-prog-comp-cob-2022 | madipge-tva-d-prog-comp-cob-2023 | madipge-tva-d-trn-actvty-cob-2015 | madipge-tva-d-trn-actvty-cob-2016 | madipge-tva-d-trn-actvty-cob-2017 | madipge-tva-d-trn-actvty-cob-2018 | madipge-tva-d-trn-actvty-cob-2019 | madipge-tva-d-trn-actvty-cob-2020 | madipge-tva-d-trn-actvty-cob-2021 | madipge-tva-d-trn-actvty-cob-2022 | madipge-tva-d-trn-actvty-cob-2023 | madipge-tva-d-prog-comp-dis-2015 | madipge-tva-d-prog-comp-dis-2016 | madipge-tva-d-prog-comp-dis-2017 | madipge-tva-d-prog-comp-dis-2018 | madipge-tva-d-prog-comp-dis-2019 | madipge-tva-d-prog-comp-dis-2020 | madipge-tva-d-prog-comp-dis-2021 | madipge-tva-d-prog-comp-dis-2022 | madipge-tva-d-prog-comp-dis-2023 | madipge-tva-d-trn-actvty-dis-2015 | madipge-tva-d-trn-actvty-dis-2016 | madipge-tva-d-trn-actvty-dis-2017 | madipge-tva-d-trn-actvty-dis-2018 | madipge-tva-d-trn-actvty-dis-2019 | madipge-tva-d-trn-actvty-dis-2020 | madipge-tva-d-trn-actvty-dis-2021 | madipge-tva-d-trn-actvty-dis-2022 | madipge-tva-d-trn-actvty-dis-2023 | madipge-tva-d-prog-comp-ind-2015 | madipge-tva-d-prog-comp-ind-2016 | madipge-tva-d-prog-comp-ind-2017 | madipge-tva-d-prog-comp-ind-2018 | madipge-tva-d-prog-comp-ind-2019 | madipge-tva-d-prog-comp-ind-2020 | madipge-tva-d-prog-comp-ind-2021 | madipge-tva-d-prog-comp-ind-2022 | madipge-tva-d-prog-comp-ind-2023 | madipge-tva-d-trn-actvty-ind-2015 | madipge-tva-d-trn-actvty-ind-2016 | madipge-tva-d-trn-actvty-ind-2017 | madipge-tva-d-trn-actvty-ind-2018 | madipge-tva-d-trn-actvty-ind-2019 | madipge-tva-d-trn-actvty-ind-2020 | madipge-tva-d-trn-actvty-ind-2021 | madipge-tva-d-trn-actvty-ind-2022 | madipge-tva-d-trn-actvty-ind-2023 | madipge-tva-d-prog-comp-lan-2015 | madipge-tva-d-prog-comp-lan-2016 | madipge-tva-d-prog-comp-lan-2017 | madipge-tva-d-prog-comp-lan-2018 | madipge-tva-d-prog-comp-lan-2019 | madipge-tva-d-prog-comp-lan-2020 | madipge-tva-d-prog-comp-lan-2021 | madipge-tva-d-prog-comp-lan-2022 | madipge-tva-d-prog-comp-lan-2023 | madipge-tva-d-trn-actvty-lan-2015 | madipge-tva-d-trn-actvty-lan-2016 | madipge-tva-d-trn-actvty-lan-2017 | madipge-tva-d-trn-actvty-lan-2018 | madipge-tva-d-trn-actvty-lan-2019 | madipge-tva-d-trn-actvty-lan-2020 | madipge-tva-d-trn-actvty-lan-2021 | madipge-tva-d-trn-actvty-lan-2022 | madipge-tva-d-trn-actvty-lan-2023","Synthetic id of individual person on dataset","Direct match on generated dataset + variable name in inst/plida_metadata/variables.csv.",""
"vet-apprentice","TVA","completions/2021","TRAIN_ORG_TYPE_ID","integer",0,"direct_plida_dataset_variable","TVA","TRAIN_ORG_TYPE_ID","madipge-tva-d-prog-comp-core-2015 | madipge-tva-d-prog-comp-core-2016 | madipge-tva-d-prog-comp-core-2017 | madipge-tva-d-prog-comp-core-2018 | madipge-tva-d-prog-comp-core-2019 | madipge-tva-d-prog-comp-core-2020 | madipge-tva-d-prog-comp-core-2021 | madipge-tva-d-prog-comp-core-2022 | madipge-tva-d-prog-comp-core-2023 | madipge-tva-d-trn-actvty-core-2015 | madipge-tva-d-trn-actvty-core-2016 | madipge-tva-d-trn-actvty-core-2017 | madipge-tva-d-trn-actvty-core-2018 | madipge-tva-d-trn-actvty-core-2019 | madipge-tva-d-trn-actvty-core-2020 | madipge-tva-d-trn-actvty-core-2021 | madipge-tva-d-trn-actvty-core-2022 | madipge-tva-d-trn-actvty-core-2023","Training organisation type identifier","Direct match on generated dataset + variable name in inst/plida_metadata/variables.csv.",""
"vet-apprentice","TVA","completions/2021","TVA_ROW_ID","character",0,"direct_plida_dataset_variable","TVA","TVA_ROW_ID","madipge-tva-d-prog-comp-core-2015 | madipge-tva-d-prog-comp-core-2016 | madipge-tva-d-prog-comp-core-2017 | madipge-tva-d-prog-comp-core-2018 | madipge-tva-d-prog-comp-core-2019 | madipge-tva-d-prog-comp-core-2020 | madipge-tva-d-prog-comp-core-2021 | madipge-tva-d-prog-comp-core-2022 | madipge-tva-d-prog-comp-core-2023 | madipge-tva-d-trn-actvty-core-2015 | madipge-tva-d-trn-actvty-core-2016 | madipge-tva-d-trn-actvty-core-2017 | madipge-tva-d-trn-actvty-core-2018 | madipge-tva-d-trn-actvty-core-2019 | madipge-tva-d-trn-actvty-core-2020 | madipge-tva-d-trn-actvty-core-2021 | madipge-tva-d-trn-actvty-core-2022 | madipge-tva-d-trn-actvty-core-2023 | madipge-tva-d-prog-comp-cob-2015 | madipge-tva-d-prog-comp-cob-2016 | madipge-tva-d-prog-comp-cob-2017 | madipge-tva-d-prog-comp-cob-2018 | madipge-tva-d-prog-comp-cob-2019 | madipge-tva-d-prog-comp-cob-2020 | madipge-tva-d-prog-comp-cob-2021 | madipge-tva-d-prog-comp-cob-2022 | madipge-tva-d-prog-comp-cob-2023 | madipge-tva-d-trn-actvty-cob-2015 | madipge-tva-d-trn-actvty-cob-2016 | madipge-tva-d-trn-actvty-cob-2017 | madipge-tva-d-trn-actvty-cob-2018 | madipge-tva-d-trn-actvty-cob-2019 | madipge-tva-d-trn-actvty-cob-2020 | madipge-tva-d-trn-actvty-cob-2021 | madipge-tva-d-trn-actvty-cob-2022 | madipge-tva-d-trn-actvty-cob-2023 | madipge-tva-d-prog-comp-dis-2015 | madipge-tva-d-prog-comp-dis-2016 | madipge-tva-d-prog-comp-dis-2017 | madipge-tva-d-prog-comp-dis-2018 | madipge-tva-d-prog-comp-dis-2019 | madipge-tva-d-prog-comp-dis-2020 | madipge-tva-d-prog-comp-dis-2021 | madipge-tva-d-prog-comp-dis-2022 | madipge-tva-d-prog-comp-dis-2023 | madipge-tva-d-trn-actvty-dis-2015 | madipge-tva-d-trn-actvty-dis-2016 | madipge-tva-d-trn-actvty-dis-2017 | madipge-tva-d-trn-actvty-dis-2018 | madipge-tva-d-trn-actvty-dis-2019 | madipge-tva-d-trn-actvty-dis-2020 | madipge-tva-d-trn-actvty-dis-2021 | madipge-tva-d-trn-actvty-dis-2022 | madipge-tva-d-trn-actvty-dis-2023 | madipge-tva-d-prog-comp-ind-2015 | madipge-tva-d-prog-comp-ind-2016 | madipge-tva-d-prog-comp-ind-2017 | madipge-tva-d-prog-comp-ind-2018 | madipge-tva-d-prog-comp-ind-2019 | madipge-tva-d-prog-comp-ind-2020 | madipge-tva-d-prog-comp-ind-2021 | madipge-tva-d-prog-comp-ind-2022 | madipge-tva-d-prog-comp-ind-2023 | madipge-tva-d-trn-actvty-ind-2015 | madipge-tva-d-trn-actvty-ind-2016 | madipge-tva-d-trn-actvty-ind-2017 | madipge-tva-d-trn-actvty-ind-2018 | madipge-tva-d-trn-actvty-ind-2019 | madipge-tva-d-trn-actvty-ind-2020 | madipge-tva-d-trn-actvty-ind-2021 | madipge-tva-d-trn-actvty-ind-2022 | madipge-tva-d-trn-actvty-ind-2023 | madipge-tva-d-prog-comp-lan-2015 | madipge-tva-d-prog-comp-lan-2016 | madipge-tva-d-prog-comp-lan-2017 | madipge-tva-d-prog-comp-lan-2018 | madipge-tva-d-prog-comp-lan-2019 | madipge-tva-d-prog-comp-lan-2020 | madipge-tva-d-prog-comp-lan-2021 | madipge-tva-d-prog-comp-lan-2022 | madipge-tva-d-prog-comp-lan-2023 | madipge-tva-d-trn-actvty-lan-2015 | madipge-tva-d-trn-actvty-lan-2016 | madipge-tva-d-trn-actvty-lan-2017 | madipge-tva-d-trn-actvty-lan-2018 | madipge-tva-d-trn-actvty-lan-2019 | madipge-tva-d-trn-actvty-lan-2020 | madipge-tva-d-trn-actvty-lan-2021 | madipge-tva-d-trn-actvty-lan-2022 | madipge-tva-d-trn-actvty-lan-2023","Row number of the TVA data - can be used to identify the same TVA record across different extracts.","Direct match on generated dataset + variable name in inst/plida_metadata/variables.csv.",""
"vet-apprentice","TVA","completions/2021","YEAR_OF_BIRTH","integer",0,"direct_plida_dataset_variable","TVA","YEAR_OF_BIRTH","madipge-tva-d-prog-comp-core-2015 | madipge-tva-d-prog-comp-core-2016 | madipge-tva-d-prog-comp-core-2017 | madipge-tva-d-prog-comp-core-2018 | madipge-tva-d-prog-comp-core-2019 | madipge-tva-d-prog-comp-core-2020 | madipge-tva-d-prog-comp-core-2021 | madipge-tva-d-prog-comp-core-2022 | madipge-tva-d-prog-comp-core-2023 | madipge-tva-d-trn-actvty-core-2015 | madipge-tva-d-trn-actvty-core-2016 | madipge-tva-d-trn-actvty-core-2017 | madipge-tva-d-trn-actvty-core-2018 | madipge-tva-d-trn-actvty-core-2019 | madipge-tva-d-trn-actvty-core-2020 | madipge-tva-d-trn-actvty-core-2021 | madipge-tva-d-trn-actvty-core-2022 | madipge-tva-d-trn-actvty-core-2023 | madipge-tva-d-trn-actvty-lan-2018 | madipge-tva-d-trn-actvty-lan-2019","Year of birth","Direct match on generated dataset + variable name in inst/plida_metadata/variables.csv.",""
"vet-apprentice","TVA","completions/2021","YR_PROGRAM_COMPLETED","integer",0,"direct_plida_dataset_variable","TVA","YR_PROGRAM_COMPLETED","madipge-tva-d-prog-comp-core-2015 | madipge-tva-d-prog-comp-core-2016 | madipge-tva-d-prog-comp-core-2017 | madipge-tva-d-prog-comp-core-2018 | madipge-tva-d-prog-comp-core-2019 | madipge-tva-d-prog-comp-core-2020 | madipge-tva-d-prog-comp-core-2021 | madipge-tva-d-prog-comp-core-2022 | madipge-tva-d-prog-comp-core-2023 | madipge-tva-d-trn-actvty-lan-2018 | madipge-tva-d-trn-actvty-lan-2019","Year in which program or skill set was completed (including any on-the-job component).","Direct match on generated dataset + variable name in inst/plida_metadata/variables.csv.",""
"vet-apprentice","TVA","training_activity/2021","ACTIVITY_END_DATE","Date",4996,"direct_plida_dataset_variable","TVA","ACTIVITY_END_DATE","madipge-tva-d-trn-actvty-core-2015 | madipge-tva-d-trn-actvty-core-2016 | madipge-tva-d-trn-actvty-core-2017 | madipge-tva-d-trn-actvty-core-2018 | madipge-tva-d-trn-actvty-core-2019 | madipge-tva-d-trn-actvty-core-2020 | madipge-tva-d-trn-actvty-core-2021 | madipge-tva-d-trn-actvty-core-2022 | madipge-tva-d-trn-actvty-core-2023","The actual date that training activity and assessment ends for a client in a unit of competency accredited unit or module environment.","Direct match on generated dataset + variable name in inst/plida_metadata/variables.csv.",""
"vet-apprentice","TVA","training_activity/2021","ACTIVITY_START_DATE","Date",4996,"direct_plida_dataset_variable","TVA","ACTIVITY_START_DATE","madipge-tva-d-trn-actvty-core-2015 | madipge-tva-d-trn-actvty-core-2016 | madipge-tva-d-trn-actvty-core-2017 | madipge-tva-d-trn-actvty-core-2018 | madipge-tva-d-trn-actvty-core-2019 | madipge-tva-d-trn-actvty-core-2020 | madipge-tva-d-trn-actvty-core-2021 | madipge-tva-d-trn-actvty-core-2022 | madipge-tva-d-trn-actvty-core-2023","The actual date that training activity and assessment begins for a client in a unit of competency accredited unit or module environment.","Direct match on generated dataset + variable name in inst/plida_metadata/variables.csv.",""
"vet-apprentice","TVA","training_activity/2021","AGE","integer",4996,"direct_plida_dataset_variable","TVA","AGE","madipge-tva-d-prog-comp-core-2015 | madipge-tva-d-prog-comp-core-2016 | madipge-tva-d-prog-comp-core-2017 | madipge-tva-d-prog-comp-core-2018 | madipge-tva-d-prog-comp-core-2019 | madipge-tva-d-prog-comp-core-2020 | madipge-tva-d-prog-comp-core-2021 | madipge-tva-d-prog-comp-core-2022 | madipge-tva-d-prog-comp-core-2023 | madipge-tva-d-trn-actvty-core-2015 | madipge-tva-d-trn-actvty-core-2016 | madipge-tva-d-trn-actvty-core-2017 | madipge-tva-d-trn-actvty-core-2018 | madipge-tva-d-trn-actvty-core-2019 | madipge-tva-d-trn-actvty-core-2020 | madipge-tva-d-trn-actvty-core-2021 | madipge-tva-d-trn-actvty-core-2022 | madipge-tva-d-trn-actvty-core-2023","Age of respondent","Direct match on generated dataset + variable name in inst/plida_metadata/variables.csv.",""
"vet-apprentice","TVA","training_activity/2021","ANZSCO_ID","character",4996,"direct_plida_dataset_variable","TVA","ANZSCO_ID","madipge-tva-d-prog-comp-core-2015 | madipge-tva-d-prog-comp-core-2016 | madipge-tva-d-prog-comp-core-2017 | madipge-tva-d-prog-comp-core-2018 | madipge-tva-d-prog-comp-core-2019 | madipge-tva-d-prog-comp-core-2020 | madipge-tva-d-prog-comp-core-2021 | madipge-tva-d-prog-comp-core-2022 | madipge-tva-d-prog-comp-core-2023 | madipge-tva-d-trn-actvty-core-2015 | madipge-tva-d-trn-actvty-core-2016 | madipge-tva-d-trn-actvty-core-2017 | madipge-tva-d-trn-actvty-core-2018 | madipge-tva-d-trn-actvty-core-2019 | madipge-tva-d-trn-actvty-core-2020 | madipge-tva-d-trn-actvty-core-2021 | madipge-tva-d-trn-actvty-core-2022 | madipge-tva-d-trn-actvty-core-2023 | madipge-tva-d-trn-actvty-lan-2018 | madipge-tva-d-trn-actvty-lan-2019","Identifies the type of occupation that may be expected for those undertaking a program of study.","Direct match on generated dataset + variable name in inst/plida_metadata/variables.csv.",""
"vet-apprentice","TVA","training_activity/2021","APPRENTICESHIP_FG","character",4996,"direct_plida_dataset_variable","TVA","APPRENTICESHIP_FG","madipge-tva-d-trn-actvty-core-2015 | madipge-tva-d-trn-actvty-core-2016 | madipge-tva-d-trn-actvty-core-2017 | madipge-tva-d-trn-actvty-core-2018 | madipge-tva-d-trn-actvty-core-2019 | madipge-tva-d-trn-actvty-core-2020 | madipge-tva-d-trn-actvty-core-2021 | madipge-tva-d-trn-actvty-core-2022 | madipge-tva-d-trn-actvty-core-2023","Subject undertaken as part of an apprenticeship/traineeship","Direct match on generated dataset + variable name in inst/plida_metadata/variables.csv.",""
"vet-apprentice","TVA","training_activity/2021","AT_SCHOOL_FG","character",4996,"direct_plida_dataset_variable","TVA","AT_SCHOOL_FG","madipge-tva-d-prog-comp-core-2015 | madipge-tva-d-prog-comp-core-2016 | madipge-tva-d-prog-comp-core-2017 | madipge-tva-d-prog-comp-core-2018 | madipge-tva-d-prog-comp-core-2019 | madipge-tva-d-prog-comp-core-2020 | madipge-tva-d-prog-comp-core-2021 | madipge-tva-d-prog-comp-core-2022 | madipge-tva-d-prog-comp-core-2023 | madipge-tva-d-trn-actvty-core-2015 | madipge-tva-d-trn-actvty-core-2016 | madipge-tva-d-trn-actvty-core-2017 | madipge-tva-d-trn-actvty-core-2018 | madipge-tva-d-trn-actvty-core-2019 | madipge-tva-d-trn-actvty-core-2020 | madipge-tva-d-trn-actvty-core-2021 | madipge-tva-d-trn-actvty-core-2022 | madipge-tva-d-trn-actvty-core-2023 | madipge-tva-d-trn-actvty-lan-2018 | madipge-tva-d-trn-actvty-lan-2019","Flags whether client is currently enrolled in secondary school.","Direct match on generated dataset + variable name in inst/plida_metadata/variables.csv.",""
"vet-apprentice","TVA","training_activity/2021","CLIENT_POSTCODE_DERIVED","character",4996,"direct_plida_dataset_variable","TVA","CLIENT_POSTCODE_DERIVED","madipge-tva-d-prog-comp-core-2015 | madipge-tva-d-prog-comp-core-2016 | madipge-tva-d-prog-comp-core-2017 | madipge-tva-d-prog-comp-core-2018 | madipge-tva-d-prog-comp-core-2019 | madipge-tva-d-prog-comp-core-2020 | madipge-tva-d-prog-comp-core-2021 | madipge-tva-d-prog-comp-core-2022 | madipge-tva-d-prog-comp-core-2023 | madipge-tva-d-trn-actvty-core-2015 | madipge-tva-d-trn-actvty-core-2016 | madipge-tva-d-trn-actvty-core-2017 | madipge-tva-d-trn-actvty-core-2018 | madipge-tva-d-trn-actvty-core-2019 | madipge-tva-d-trn-actvty-core-2020 | madipge-tva-d-trn-actvty-core-2021 | madipge-tva-d-trn-actvty-core-2022 | madipge-tva-d-trn-actvty-core-2023","Client postcode of residence","Direct match on generated dataset + variable name in inst/plida_metadata/variables.csv.",""
"vet-apprentice","TVA","training_activity/2021","CLIENT_REMOTENESS_ID_DERIVED","integer",4996,"direct_plida_dataset_variable","TVA","CLIENT_REMOTENESS_ID_DERIVED","madipge-tva-d-prog-comp-core-2015 | madipge-tva-d-prog-comp-core-2016 | madipge-tva-d-prog-comp-core-2017 | madipge-tva-d-prog-comp-core-2018 | madipge-tva-d-prog-comp-core-2019 | madipge-tva-d-prog-comp-core-2020 | madipge-tva-d-prog-comp-core-2021 | madipge-tva-d-prog-comp-core-2022 | madipge-tva-d-prog-comp-core-2023 | madipge-tva-d-trn-actvty-core-2015 | madipge-tva-d-trn-actvty-core-2016 | madipge-tva-d-trn-actvty-core-2017 | madipge-tva-d-trn-actvty-core-2018 | madipge-tva-d-trn-actvty-core-2019 | madipge-tva-d-trn-actvty-core-2020 | madipge-tva-d-trn-actvty-core-2021 | madipge-tva-d-trn-actvty-core-2022 | madipge-tva-d-trn-actvty-core-2023","Client remoteness area (aria+) id","Direct match on generated dataset + variable name in inst/plida_metadata/variables.csv.",""
"vet-apprentice","TVA","training_activity/2021","CLIENT_SEIFA_IRSD_QUINT_DRVD","integer",4996,"direct_plida_dataset_variable","TVA","CLIENT_SEIFA_IRSD_QUINT_DRVD","madipge-tva-d-prog-comp-core-2015 | madipge-tva-d-prog-comp-core-2016 | madipge-tva-d-prog-comp-core-2017 | madipge-tva-d-prog-comp-core-2018 | madipge-tva-d-prog-comp-core-2019 | madipge-tva-d-prog-comp-core-2020 | madipge-tva-d-prog-comp-core-2021 | madipge-tva-d-prog-comp-core-2022 | madipge-tva-d-prog-comp-core-2023 | madipge-tva-d-trn-actvty-core-2015 | madipge-tva-d-trn-actvty-core-2016 | madipge-tva-d-trn-actvty-core-2017 | madipge-tva-d-trn-actvty-core-2018 | madipge-tva-d-trn-actvty-core-2019 | madipge-tva-d-trn-actvty-core-2020 | madipge-tva-d-trn-actvty-core-2021 | madipge-tva-d-trn-actvty-core-2022 | madipge-tva-d-trn-actvty-core-2023","Client index of relative socio-economic disadvantage (irsd) id","Direct match on generated dataset + variable name in inst/plida_metadata/variables.csv.",""
"vet-apprentice","TVA","training_activity/2021","CLIENT_STATE_RESIDENCE_DERIVED","integer",4996,"direct_plida_dataset_variable","TVA","CLIENT_STATE_RESIDENCE_DERIVED","madipge-tva-d-prog-comp-core-2015 | madipge-tva-d-prog-comp-core-2016 | madipge-tva-d-prog-comp-core-2017 | madipge-tva-d-prog-comp-core-2018 | madipge-tva-d-prog-comp-core-2019 | madipge-tva-d-prog-comp-core-2020 | madipge-tva-d-prog-comp-core-2021 | madipge-tva-d-prog-comp-core-2022 | madipge-tva-d-prog-comp-core-2023 | madipge-tva-d-trn-actvty-core-2015 | madipge-tva-d-trn-actvty-core-2016 | madipge-tva-d-trn-actvty-core-2017 | madipge-tva-d-trn-actvty-core-2018 | madipge-tva-d-trn-actvty-core-2019 | madipge-tva-d-trn-actvty-core-2020 | madipge-tva-d-trn-actvty-core-2021 | madipge-tva-d-trn-actvty-core-2022 | madipge-tva-d-trn-actvty-core-2023","Client state of residence id","Direct match on generated dataset + variable name in inst/plida_metadata/variables.csv.",""
"vet-apprentice","TVA","training_activity/2021","COLLECTION_YR","integer",4996,"direct_plida_dataset_variable","TVA","COLLECTION_YR","madipge-tva-d-prog-comp-core-2015 | madipge-tva-d-prog-comp-core-2016 | madipge-tva-d-prog-comp-core-2017 | madipge-tva-d-prog-comp-core-2018 | madipge-tva-d-prog-comp-core-2019 | madipge-tva-d-prog-comp-core-2020 | madipge-tva-d-prog-comp-core-2021 | madipge-tva-d-prog-comp-core-2022 | madipge-tva-d-prog-comp-core-2023 | madipge-tva-d-trn-actvty-core-2015 | madipge-tva-d-trn-actvty-core-2016 | madipge-tva-d-trn-actvty-core-2017 | madipge-tva-d-trn-actvty-core-2018 | madipge-tva-d-trn-actvty-core-2019 | madipge-tva-d-trn-actvty-core-2020 | madipge-tva-d-trn-actvty-core-2021 | madipge-tva-d-trn-actvty-core-2022 | madipge-tva-d-trn-actvty-core-2023 | madipge-tva-d-trn-actvty-lan-2018 | madipge-tva-d-trn-actvty-lan-2019","Calendar year in which training activity occurred.","Direct match on generated dataset + variable name in inst/plida_metadata/variables.csv.",""
"vet-apprentice","TVA","training_activity/2021","DELIVERY_MODE_ID","integer",4996,"direct_plida_dataset_variable","TVA","DELIVERY_MODE_ID","madipge-tva-d-trn-actvty-core-2015 | madipge-tva-d-trn-actvty-core-2016 | madipge-tva-d-trn-actvty-core-2017 | madipge-tva-d-trn-actvty-core-2018 | madipge-tva-d-trn-actvty-core-2019 | madipge-tva-d-trn-actvty-core-2020 | madipge-tva-d-trn-actvty-core-2021 | madipge-tva-d-trn-actvty-core-2022 | madipge-tva-d-trn-actvty-core-2023","Pre-2018 refers to the predominant mode of delivery; 2018 onwards it identifies whether a subject comprises internal external or workplace-based delivery or some combination of those (code).","Direct match on generated dataset + variable name in inst/plida_metadata/variables.csv.",""
"vet-apprentice","TVA","training_activity/2021","GENDER_ID","integer",4996,"direct_plida_dataset_variable","TVA","GENDER_ID","madipge-tva-d-prog-comp-core-2015 | madipge-tva-d-prog-comp-core-2016 | madipge-tva-d-prog-comp-core-2017 | madipge-tva-d-prog-comp-core-2018 | madipge-tva-d-prog-comp-core-2019 | madipge-tva-d-prog-comp-core-2020 | madipge-tva-d-prog-comp-core-2021 | madipge-tva-d-prog-comp-core-2022 | madipge-tva-d-prog-comp-core-2023 | madipge-tva-d-trn-actvty-core-2015 | madipge-tva-d-trn-actvty-core-2016 | madipge-tva-d-trn-actvty-core-2017 | madipge-tva-d-trn-actvty-core-2018 | madipge-tva-d-trn-actvty-core-2019 | madipge-tva-d-trn-actvty-core-2020 | madipge-tva-d-trn-actvty-core-2021 | madipge-tva-d-trn-actvty-core-2022 | madipge-tva-d-trn-actvty-core-2023 | madipge-tva-d-trn-actvty-lan-2018 | madipge-tva-d-trn-actvty-lan-2019","Whether client self-identifies as male female or other (code). | Whether client self-identifies as male  female  or other (code).","Direct match on generated dataset + variable name in inst/plida_metadata/variables.csv.",""
"vet-apprentice","TVA","training_activity/2021","HEAD_OFFICE_POSTCODE","character",4996,"direct_plida_dataset_variable","TVA","HEAD_OFFICE_POSTCODE","madipge-tva-d-prog-comp-core-2015 | madipge-tva-d-prog-comp-core-2016 | madipge-tva-d-prog-comp-core-2017 | madipge-tva-d-prog-comp-core-2018 | madipge-tva-d-prog-comp-core-2019 | madipge-tva-d-prog-comp-core-2020 | madipge-tva-d-prog-comp-core-2021 | madipge-tva-d-prog-comp-core-2022 | madipge-tva-d-prog-comp-core-2023 | madipge-tva-d-trn-actvty-core-2015 | madipge-tva-d-trn-actvty-core-2016 | madipge-tva-d-trn-actvty-core-2017 | madipge-tva-d-trn-actvty-core-2018 | madipge-tva-d-trn-actvty-core-2019 | madipge-tva-d-trn-actvty-core-2020 | madipge-tva-d-trn-actvty-core-2021 | madipge-tva-d-trn-actvty-core-2022 | madipge-tva-d-trn-actvty-core-2023","Head office postcode","Direct match on generated dataset + variable name in inst/plida_metadata/variables.csv.",""
"vet-apprentice","TVA","training_activity/2021","HEAD_OFFICE_STATE","integer",4996,"direct_plida_dataset_variable","TVA","HEAD_OFFICE_STATE","madipge-tva-d-prog-comp-core-2015 | madipge-tva-d-prog-comp-core-2016 | madipge-tva-d-prog-comp-core-2017 | madipge-tva-d-prog-comp-core-2018 | madipge-tva-d-prog-comp-core-2019 | madipge-tva-d-prog-comp-core-2020 | madipge-tva-d-prog-comp-core-2021 | madipge-tva-d-prog-comp-core-2022 | madipge-tva-d-prog-comp-core-2023 | madipge-tva-d-trn-actvty-core-2015 | madipge-tva-d-trn-actvty-core-2016 | madipge-tva-d-trn-actvty-core-2017 | madipge-tva-d-trn-actvty-core-2018 | madipge-tva-d-trn-actvty-core-2019 | madipge-tva-d-trn-actvty-core-2020 | madipge-tva-d-trn-actvty-core-2021 | madipge-tva-d-trn-actvty-core-2022 | madipge-tva-d-trn-actvty-core-2023","Head office state","Direct match on generated dataset + variable name in inst/plida_metadata/variables.csv.",""
"vet-apprentice","TVA","training_activity/2021","HIGHEST_ED_LVL_ST","integer",4996,"direct_plida_dataset_variable","TVA","HIGHEST_ED_LVL_ST","madipge-tva-d-prog-comp-core-2015 | madipge-tva-d-prog-comp-core-2016 | madipge-tva-d-prog-comp-core-2017 | madipge-tva-d-prog-comp-core-2018 | madipge-tva-d-prog-comp-core-2019 | madipge-tva-d-prog-comp-core-2020 | madipge-tva-d-prog-comp-core-2021 | madipge-tva-d-prog-comp-core-2022 | madipge-tva-d-prog-comp-core-2023 | madipge-tva-d-trn-actvty-core-2015 | madipge-tva-d-trn-actvty-core-2016 | madipge-tva-d-trn-actvty-core-2017 | madipge-tva-d-trn-actvty-core-2018 | madipge-tva-d-trn-actvty-core-2019 | madipge-tva-d-trn-actvty-core-2020 | madipge-tva-d-trn-actvty-core-2021 | madipge-tva-d-trn-actvty-core-2022 | madipge-tva-d-trn-actvty-core-2023 | madipge-tva-d-trn-actvty-lan-2018 | madipge-tva-d-trn-actvty-lan-2019","The highest level of education including post-compulsory education a student had successfully completed before commencing training (code). | The highest level of education  including post-compulsory education  a student had successfully completed before commencing training (code).","Direct match on generated dataset + variable name in inst/plida_metadata/variables.csv.",""
"vet-apprentice","TVA","training_activity/2021","HIGHEST_SCHL_LVL_ST","integer",4996,"direct_plida_dataset_variable","TVA","HIGHEST_SCHL_LVL_ST","madipge-tva-d-prog-comp-core-2015 | madipge-tva-d-prog-comp-core-2016 | madipge-tva-d-prog-comp-core-2017 | madipge-tva-d-prog-comp-core-2018 | madipge-tva-d-prog-comp-core-2019 | madipge-tva-d-prog-comp-core-2020 | madipge-tva-d-prog-comp-core-2021 | madipge-tva-d-prog-comp-core-2022 | madipge-tva-d-prog-comp-core-2023 | madipge-tva-d-trn-actvty-core-2015 | madipge-tva-d-trn-actvty-core-2016 | madipge-tva-d-trn-actvty-core-2017 | madipge-tva-d-trn-actvty-core-2018 | madipge-tva-d-trn-actvty-core-2019 | madipge-tva-d-trn-actvty-core-2020 | madipge-tva-d-trn-actvty-core-2021 | madipge-tva-d-trn-actvty-core-2022 | madipge-tva-d-trn-actvty-core-2023 | madipge-tva-d-trn-actvty-lan-2018 | madipge-tva-d-trn-actvty-lan-2019","Identifies the highest level of school the client has successfully completed (code).","Direct match on generated dataset + variable name in inst/plida_metadata/variables.csv.",""
"vet-apprentice","TVA","training_activity/2021","LABOUR_FORCE_STATUS_ID","integer",4996,"direct_plida_dataset_variable","TVA","LABOUR_FORCE_STATUS_ID","madipge-tva-d-prog-comp-core-2015 | madipge-tva-d-prog-comp-core-2016 | madipge-tva-d-prog-comp-core-2017 | madipge-tva-d-prog-comp-core-2018 | madipge-tva-d-prog-comp-core-2019 | madipge-tva-d-prog-comp-core-2020 | madipge-tva-d-prog-comp-core-2021 | madipge-tva-d-prog-comp-core-2022 | madipge-tva-d-prog-comp-core-2023 | madipge-tva-d-trn-actvty-core-2015 | madipge-tva-d-trn-actvty-core-2016 | madipge-tva-d-trn-actvty-core-2017 | madipge-tva-d-trn-actvty-core-2018 | madipge-tva-d-trn-actvty-core-2019 | madipge-tva-d-trn-actvty-core-2020 | madipge-tva-d-trn-actvty-core-2021 | madipge-tva-d-trn-actvty-core-2022 | madipge-tva-d-trn-actvty-core-2023 | madipge-tva-d-trn-actvty-lan-2018 | madipge-tva-d-trn-actvty-lan-2019","Describes client's employment status (code).","Direct match on generated dataset + variable name in inst/plida_metadata/variables.csv.",""
"vet-apprentice","TVA","training_activity/2021","MONTH_OF_BIRTH","integer",4996,"direct_plida_dataset_variable","TVA","MONTH_OF_BIRTH","madipge-tva-d-prog-comp-core-2015 | madipge-tva-d-prog-comp-core-2016 | madipge-tva-d-prog-comp-core-2017 | madipge-tva-d-prog-comp-core-2018 | madipge-tva-d-prog-comp-core-2019 | madipge-tva-d-prog-comp-core-2020 | madipge-tva-d-prog-comp-core-2021 | madipge-tva-d-prog-comp-core-2022 | madipge-tva-d-prog-comp-core-2023 | madipge-tva-d-trn-actvty-core-2015 | madipge-tva-d-trn-actvty-core-2016 | madipge-tva-d-trn-actvty-core-2017 | madipge-tva-d-trn-actvty-core-2018 | madipge-tva-d-trn-actvty-core-2019 | madipge-tva-d-trn-actvty-core-2020 | madipge-tva-d-trn-actvty-core-2021 | madipge-tva-d-trn-actvty-core-2022 | madipge-tva-d-trn-actvty-core-2023 | madipge-tva-d-trn-actvty-lan-2018 | madipge-tva-d-trn-actvty-lan-2019","Month of birth","Direct match on generated dataset + variable name in inst/plida_metadata/variables.csv.",""
"vet-apprentice","TVA","training_activity/2021","NATIONAL_FUNDING_SOURCE_ID","integer",4996,"direct_plida_dataset_variable","TVA","NATIONAL_FUNDING_SOURCE_ID","madipge-tva-d-trn-actvty-core-2015 | madipge-tva-d-trn-actvty-core-2016 | madipge-tva-d-trn-actvty-core-2017 | madipge-tva-d-trn-actvty-core-2018 | madipge-tva-d-trn-actvty-core-2019 | madipge-tva-d-trn-actvty-core-2020 | madipge-tva-d-trn-actvty-core-2021 | madipge-tva-d-trn-actvty-core-2022 | madipge-tva-d-trn-actvty-core-2023","Identifies the predominant source of the funding for the training activity delivered (code).","Direct match on generated dataset + variable name in inst/plida_metadata/variables.csv.",""
"vet-apprentice","TVA","training_activity/2021","NATIONAL_OUTCOME_ID","integer",4996,"direct_plida_dataset_variable","TVA","NATIONAL_OUTCOME_ID","madipge-tva-d-trn-actvty-core-2015 | madipge-tva-d-trn-actvty-core-2016 | madipge-tva-d-trn-actvty-core-2017 | madipge-tva-d-trn-actvty-core-2018 | madipge-tva-d-trn-actvty-core-2019 | madipge-tva-d-trn-actvty-core-2020 | madipge-tva-d-trn-actvty-core-2021 | madipge-tva-d-trn-actvty-core-2022 | madipge-tva-d-trn-actvty-core-2023","Identifies the result or outcome of the client's participation in this unit of competency or module (code).","Direct match on generated dataset + variable name in inst/plida_metadata/variables.csv.",""
"vet-apprentice","TVA","training_activity/2021","PRIOR_ED_ACHIEVE_FG","character",4996,"direct_plida_dataset_variable","TVA","PRIOR_ED_ACHIEVE_FG","madipge-tva-d-prog-comp-core-2015 | madipge-tva-d-prog-comp-core-2016 | madipge-tva-d-prog-comp-core-2017 | madipge-tva-d-prog-comp-core-2018 | madipge-tva-d-prog-comp-core-2019 | madipge-tva-d-prog-comp-core-2020 | madipge-tva-d-prog-comp-core-2021 | madipge-tva-d-prog-comp-core-2022 | madipge-tva-d-prog-comp-core-2023 | madipge-tva-d-trn-actvty-core-2015 | madipge-tva-d-trn-actvty-core-2016 | madipge-tva-d-trn-actvty-core-2017 | madipge-tva-d-trn-actvty-core-2018 | madipge-tva-d-trn-actvty-core-2019 | madipge-tva-d-trn-actvty-core-2020 | madipge-tva-d-trn-actvty-core-2021 | madipge-tva-d-trn-actvty-core-2022 | madipge-tva-d-trn-actvty-core-2023 | madipge-tva-d-trn-actvty-lan-2018 | madipge-tva-d-trn-actvty-lan-2019","Flags whether the client has successfully completed some post-secondary education (code).","Direct match on generated dataset + variable name in inst/plida_metadata/variables.csv.",""
"vet-apprentice","TVA","training_activity/2021","PROGRAM_FOE_ID","character",4996,"direct_plida_dataset_variable","TVA","PROGRAM_FOE_ID","madipge-tva-d-prog-comp-core-2015 | madipge-tva-d-prog-comp-core-2016 | madipge-tva-d-prog-comp-core-2017 | madipge-tva-d-prog-comp-core-2018 | madipge-tva-d-prog-comp-core-2019 | madipge-tva-d-prog-comp-core-2020 | madipge-tva-d-prog-comp-core-2021 | madipge-tva-d-prog-comp-core-2022 | madipge-tva-d-prog-comp-core-2023 | madipge-tva-d-trn-actvty-core-2015 | madipge-tva-d-trn-actvty-core-2016 | madipge-tva-d-trn-actvty-core-2017 | madipge-tva-d-trn-actvty-core-2018 | madipge-tva-d-trn-actvty-core-2019 | madipge-tva-d-trn-actvty-core-2020 | madipge-tva-d-trn-actvty-core-2021 | madipge-tva-d-trn-actvty-core-2022 | madipge-tva-d-trn-actvty-core-2023","Program narrow field of education id","Direct match on generated dataset + variable name in inst/plida_metadata/variables.csv.",""
"vet-apprentice","TVA","training_activity/2021","PROGRAM_ID","character",4996,"direct_plida_dataset_variable","TVA","PROGRAM_ID","madipge-tva-d-prog-comp-core-2015 | madipge-tva-d-prog-comp-core-2016 | madipge-tva-d-prog-comp-core-2017 | madipge-tva-d-prog-comp-core-2018 | madipge-tva-d-prog-comp-core-2019 | madipge-tva-d-prog-comp-core-2020 | madipge-tva-d-prog-comp-core-2021 | madipge-tva-d-prog-comp-core-2022 | madipge-tva-d-prog-comp-core-2023 | madipge-tva-d-trn-actvty-core-2015 | madipge-tva-d-trn-actvty-core-2016 | madipge-tva-d-trn-actvty-core-2017 | madipge-tva-d-trn-actvty-core-2018 | madipge-tva-d-trn-actvty-core-2019 | madipge-tva-d-trn-actvty-core-2020 | madipge-tva-d-trn-actvty-core-2021 | madipge-tva-d-trn-actvty-core-2022 | madipge-tva-d-trn-actvty-core-2023 | madipge-tva-d-trn-actvty-lan-2018 | madipge-tva-d-trn-actvty-lan-2019","Id code of the qualification course or skill set. | Program id","Direct match on generated dataset + variable name in inst/plida_metadata/variables.csv.",""
"vet-apprentice","TVA","training_activity/2021","PROGRAM_LOE_ID","integer",4996,"direct_plida_dataset_variable","TVA","PROGRAM_LOE_ID","madipge-tva-d-prog-comp-core-2015 | madipge-tva-d-prog-comp-core-2016 | madipge-tva-d-prog-comp-core-2017 | madipge-tva-d-prog-comp-core-2018 | madipge-tva-d-prog-comp-core-2019 | madipge-tva-d-prog-comp-core-2020 | madipge-tva-d-prog-comp-core-2021 | madipge-tva-d-prog-comp-core-2022 | madipge-tva-d-prog-comp-core-2023 | madipge-tva-d-trn-actvty-core-2015 | madipge-tva-d-trn-actvty-core-2016 | madipge-tva-d-trn-actvty-core-2017 | madipge-tva-d-trn-actvty-core-2018 | madipge-tva-d-trn-actvty-core-2019 | madipge-tva-d-trn-actvty-core-2020 | madipge-tva-d-trn-actvty-core-2021 | madipge-tva-d-trn-actvty-core-2022 | madipge-tva-d-trn-actvty-core-2023 | madipge-tva-d-trn-actvty-lan-2018 | madipge-tva-d-trn-actvty-lan-2019","Degree of complexity of the program of study based on asced classification (code). | Degree of complexity of the program of study  based on asced classification (code).","Direct match on generated dataset + variable name in inst/plida_metadata/variables.csv.",""
"vet-apprentice","TVA","training_activity/2021","PROGRAM_NOMINAL_HOURS","integer",4996,"direct_plida_dataset_variable","TVA","PROGRAM_NOMINAL_HOURS","madipge-tva-d-trn-actvty-core-2015 | madipge-tva-d-trn-actvty-core-2016 | madipge-tva-d-trn-actvty-core-2017 | madipge-tva-d-trn-actvty-core-2018 | madipge-tva-d-trn-actvty-core-2019 | madipge-tva-d-trn-actvty-core-2020 | madipge-tva-d-trn-actvty-core-2021 | madipge-tva-d-trn-actvty-core-2022 | madipge-tva-d-trn-actvty-core-2023","Program nominal hours","Direct match on generated dataset + variable name in inst/plida_metadata/variables.csv.",""
"vet-apprentice","TVA","training_activity/2021","PROGRAM_RECOGNITION_ID","integer",4996,"direct_plida_dataset_variable","TVA","PROGRAM_RECOGNITION_ID","madipge-tva-d-prog-comp-core-2015 | madipge-tva-d-prog-comp-core-2016 | madipge-tva-d-prog-comp-core-2017 | madipge-tva-d-prog-comp-core-2018 | madipge-tva-d-prog-comp-core-2019 | madipge-tva-d-prog-comp-core-2020 | madipge-tva-d-prog-comp-core-2021 | madipge-tva-d-prog-comp-core-2022 | madipge-tva-d-prog-comp-core-2023 | madipge-tva-d-trn-actvty-core-2015 | madipge-tva-d-trn-actvty-core-2016 | madipge-tva-d-trn-actvty-core-2017 | madipge-tva-d-trn-actvty-core-2018 | madipge-tva-d-trn-actvty-core-2019 | madipge-tva-d-trn-actvty-core-2020 | madipge-tva-d-trn-actvty-core-2021 | madipge-tva-d-trn-actvty-core-2022 | madipge-tva-d-trn-actvty-core-2023 | madipge-tva-d-trn-actvty-lan-2018 | madipge-tva-d-trn-actvty-lan-2019","Distinguishes the qualification course or skill set by its level of recognition in the vet sector (code). | Distinguishes the qualification  course  or skill set by its level of recognition in the vet sector (code).","Direct match on generated dataset + variable name in inst/plida_metadata/variables.csv.",""
"vet-apprentice","TVA","training_activity/2021","PROGRAM_TRAINING_PACKAGE_ID","character",4996,"direct_plida_dataset_variable","TVA","PROGRAM_TRAINING_PACKAGE_ID","madipge-tva-d-prog-comp-core-2015 | madipge-tva-d-prog-comp-core-2016 | madipge-tva-d-prog-comp-core-2017 | madipge-tva-d-prog-comp-core-2018 | madipge-tva-d-prog-comp-core-2019 | madipge-tva-d-prog-comp-core-2020 | madipge-tva-d-prog-comp-core-2021 | madipge-tva-d-prog-comp-core-2022 | madipge-tva-d-prog-comp-core-2023 | madipge-tva-d-trn-actvty-core-2015 | madipge-tva-d-trn-actvty-core-2016 | madipge-tva-d-trn-actvty-core-2017 | madipge-tva-d-trn-actvty-core-2018 | madipge-tva-d-trn-actvty-core-2019 | madipge-tva-d-trn-actvty-core-2020 | madipge-tva-d-trn-actvty-core-2021 | madipge-tva-d-trn-actvty-core-2022 | madipge-tva-d-trn-actvty-core-2023","Program training package identifier","Direct match on generated dataset + variable name in inst/plida_metadata/variables.csv.",""
"vet-apprentice","TVA","training_activity/2021","PROGRAM_TYPE_OF_TRAINING_ID","integer",4996,"direct_plida_dataset_variable","TVA","PROGRAM_TYPE_OF_TRAINING_ID","madipge-tva-d-prog-comp-core-2015 | madipge-tva-d-prog-comp-core-2016 | madipge-tva-d-prog-comp-core-2017 | madipge-tva-d-prog-comp-core-2018 | madipge-tva-d-prog-comp-core-2019 | madipge-tva-d-prog-comp-core-2020 | madipge-tva-d-prog-comp-core-2021 | madipge-tva-d-prog-comp-core-2022 | madipge-tva-d-prog-comp-core-2023 | madipge-tva-d-trn-actvty-core-2015 | madipge-tva-d-trn-actvty-core-2016 | madipge-tva-d-trn-actvty-core-2017 | madipge-tva-d-trn-actvty-core-2018 | madipge-tva-d-trn-actvty-core-2019 | madipge-tva-d-trn-actvty-core-2020 | madipge-tva-d-trn-actvty-core-2021 | madipge-tva-d-trn-actvty-core-2022 | madipge-tva-d-trn-actvty-core-2023","Program type of training identifier","Direct match on generated dataset + variable name in inst/plida_metadata/variables.csv.",""
"vet-apprentice","TVA","training_activity/2021","PROGRAM_VET_FG","character",4996,"direct_plida_dataset_variable","TVA","PROGRAM_VET_FG","madipge-tva-d-trn-actvty-core-2015 | madipge-tva-d-trn-actvty-core-2016 | madipge-tva-d-trn-actvty-core-2017 | madipge-tva-d-trn-actvty-core-2018 | madipge-tva-d-trn-actvty-core-2019 | madipge-tva-d-trn-actvty-core-2020 | madipge-tva-d-trn-actvty-core-2021 | madipge-tva-d-trn-actvty-core-2022 | madipge-tva-d-trn-actvty-core-2023","Flags whether the intention of the program is vocational education (code).","Direct match on generated dataset + variable name in inst/plida_metadata/variables.csv.",""
"vet-apprentice","TVA","training_activity/2021","RTO_ID","character",4996,"direct_plida_dataset_variable","TVA","RTO_ID","madipge-tva-d-prog-comp-core-2015 | madipge-tva-d-prog-comp-core-2016 | madipge-tva-d-prog-comp-core-2017 | madipge-tva-d-prog-comp-core-2018 | madipge-tva-d-prog-comp-core-2019 | madipge-tva-d-prog-comp-core-2020 | madipge-tva-d-prog-comp-core-2021 | madipge-tva-d-prog-comp-core-2022 | madipge-tva-d-prog-comp-core-2023 | madipge-tva-d-trn-actvty-core-2015 | madipge-tva-d-trn-actvty-core-2016 | madipge-tva-d-trn-actvty-core-2017 | madipge-tva-d-trn-actvty-core-2018 | madipge-tva-d-trn-actvty-core-2019 | madipge-tva-d-trn-actvty-core-2020 | madipge-tva-d-trn-actvty-core-2021 | madipge-tva-d-trn-actvty-core-2022 | madipge-tva-d-trn-actvty-core-2023 | madipge-tva-d-trn-actvty-lan-2018 | madipge-tva-d-trn-actvty-lan-2019","Id code for the registered training organisation.","Direct match on generated dataset + variable name in inst/plida_metadata/variables.csv.",""
"vet-apprentice","TVA","training_activity/2021","STATE_OF_FUNDING_GF","integer",4996,"direct_plida_dataset_variable","TVA","STATE_OF_FUNDING_GF","madipge-tva-d-prog-comp-core-2015 | madipge-tva-d-prog-comp-core-2016 | madipge-tva-d-prog-comp-core-2017 | madipge-tva-d-prog-comp-core-2018 | madipge-tva-d-prog-comp-core-2019 | madipge-tva-d-prog-comp-core-2020 | madipge-tva-d-prog-comp-core-2021 | madipge-tva-d-prog-comp-core-2022 | madipge-tva-d-prog-comp-core-2023 | madipge-tva-d-trn-actvty-core-2015 | madipge-tva-d-trn-actvty-core-2016 | madipge-tva-d-trn-actvty-core-2017 | madipge-tva-d-trn-actvty-core-2018 | madipge-tva-d-trn-actvty-core-2019 | madipge-tva-d-trn-actvty-core-2020 | madipge-tva-d-trn-actvty-core-2021 | madipge-tva-d-trn-actvty-core-2022 | madipge-tva-d-trn-actvty-core-2023","State or territory that administered the funding of the training activity id","Direct match on generated dataset + variable name in inst/plida_metadata/variables.csv.",""
"vet-apprentice","TVA","training_activity/2021","STUDENT_COMMENCING_FG","character",4996,"direct_plida_dataset_variable","TVA","STUDENT_COMMENCING_FG","madipge-tva-d-trn-actvty-core-2015 | madipge-tva-d-trn-actvty-core-2016 | madipge-tva-d-trn-actvty-core-2017 | madipge-tva-d-trn-actvty-core-2018 | madipge-tva-d-trn-actvty-core-2019 | madipge-tva-d-trn-actvty-core-2020 | madipge-tva-d-trn-actvty-core-2021 | madipge-tva-d-trn-actvty-core-2022 | madipge-tva-d-trn-actvty-core-2023","Student commencing flag","Direct match on generated dataset + variable name in inst/plida_metadata/variables.csv.",""
"vet-apprentice","TVA","training_activity/2021","STUDY_REASON_ID","integer",4996,"direct_plida_dataset_variable","TVA","STUDY_REASON_ID","madipge-tva-d-trn-actvty-core-2015 | madipge-tva-d-trn-actvty-core-2016 | madipge-tva-d-trn-actvty-core-2017 | madipge-tva-d-trn-actvty-core-2018 | madipge-tva-d-trn-actvty-core-2019 | madipge-tva-d-trn-actvty-core-2020 | madipge-tva-d-trn-actvty-core-2021 | madipge-tva-d-trn-actvty-core-2022 | madipge-tva-d-trn-actvty-core-2023","Client's main reason for studying the subject (code).","Direct match on generated dataset + variable name in inst/plida_metadata/variables.csv.",""
"vet-apprentice","TVA","training_activity/2021","SUBJECT_FG","character",4996,"direct_plida_dataset_variable","TVA","SUBJECT_FG","madipge-tva-d-trn-actvty-core-2015 | madipge-tva-d-trn-actvty-core-2016 | madipge-tva-d-trn-actvty-core-2017 | madipge-tva-d-trn-actvty-core-2018 | madipge-tva-d-trn-actvty-core-2019 | madipge-tva-d-trn-actvty-core-2020 | madipge-tva-d-trn-actvty-core-2021 | madipge-tva-d-trn-actvty-core-2022 | madipge-tva-d-trn-actvty-core-2023","Indicates type of subject. a= accredited unit c= unit of competency.","Direct match on generated dataset + variable name in inst/plida_metadata/variables.csv.",""
"vet-apprentice","TVA","training_activity/2021","SUBJECT_FOE_ID","character",4996,"direct_plida_dataset_variable","TVA","SUBJECT_FOE_ID","madipge-tva-d-trn-actvty-core-2015 | madipge-tva-d-trn-actvty-core-2016 | madipge-tva-d-trn-actvty-core-2017 | madipge-tva-d-trn-actvty-core-2018 | madipge-tva-d-trn-actvty-core-2019 | madipge-tva-d-trn-actvty-core-2020 | madipge-tva-d-trn-actvty-core-2021 | madipge-tva-d-trn-actvty-core-2022 | madipge-tva-d-trn-actvty-core-2023","Code identifying the subject matter that is the aim of the skills and knowledge gained in the subject.","Direct match on generated dataset + variable name in inst/plida_metadata/variables.csv.",""
"vet-apprentice","TVA","training_activity/2021","SUBJECT_ID","character",4996,"direct_plida_dataset_variable","TVA","SUBJECT_ID","madipge-tva-d-trn-actvty-core-2015 | madipge-tva-d-trn-actvty-core-2016 | madipge-tva-d-trn-actvty-core-2017 | madipge-tva-d-trn-actvty-core-2018 | madipge-tva-d-trn-actvty-core-2019 | madipge-tva-d-trn-actvty-core-2020 | madipge-tva-d-trn-actvty-core-2021 | madipge-tva-d-trn-actvty-core-2022 | madipge-tva-d-trn-actvty-core-2023","Identifies specific unit of competence.","Direct match on generated dataset + variable name in inst/plida_metadata/variables.csv.",""
"vet-apprentice","TVA","training_activity/2021","SUBJECT_NOMINAL_HOURS","integer",4996,"direct_plida_dataset_variable","TVA","SUBJECT_NOMINAL_HOURS","madipge-tva-d-trn-actvty-core-2015 | madipge-tva-d-trn-actvty-core-2016 | madipge-tva-d-trn-actvty-core-2017 | madipge-tva-d-trn-actvty-core-2018 | madipge-tva-d-trn-actvty-core-2019 | madipge-tva-d-trn-actvty-core-2020 | madipge-tva-d-trn-actvty-core-2021 | madipge-tva-d-trn-actvty-core-2022 | madipge-tva-d-trn-actvty-core-2023","Anticipated hours of supervised training deemed necessary to conduct the training and assessment activities associated with the subject.","Direct match on generated dataset + variable name in inst/plida_metadata/variables.csv.",""
"vet-apprentice","TVA","training_activity/2021","SUBJECT_VET_FG","character",4996,"direct_plida_dataset_variable","TVA","SUBJECT_VET_FG","madipge-tva-d-trn-actvty-core-2015 | madipge-tva-d-trn-actvty-core-2016 | madipge-tva-d-trn-actvty-core-2017 | madipge-tva-d-trn-actvty-core-2018 | madipge-tva-d-trn-actvty-core-2019 | madipge-tva-d-trn-actvty-core-2020 | madipge-tva-d-trn-actvty-core-2021 | madipge-tva-d-trn-actvty-core-2022 | madipge-tva-d-trn-actvty-core-2023","Indicates whether intention of subject is vocational education (code).","Direct match on generated dataset + variable name in inst/plida_metadata/variables.csv.",""
"vet-apprentice","TVA","training_activity/2021","SYNTHETIC_AEUID","character",4996,"direct_plida_dataset_variable","TVA","SYNTHETIC_AEUID","madipge-tva-d-prog-comp-core-2015 | madipge-tva-d-prog-comp-core-2016 | madipge-tva-d-prog-comp-core-2017 | madipge-tva-d-prog-comp-core-2018 | madipge-tva-d-prog-comp-core-2019 | madipge-tva-d-prog-comp-core-2020 | madipge-tva-d-prog-comp-core-2021 | madipge-tva-d-prog-comp-core-2022 | madipge-tva-d-prog-comp-core-2023 | madipge-tva-d-trn-actvty-core-2015 | madipge-tva-d-trn-actvty-core-2016 | madipge-tva-d-trn-actvty-core-2017 | madipge-tva-d-trn-actvty-core-2018 | madipge-tva-d-trn-actvty-core-2019 | madipge-tva-d-trn-actvty-core-2020 | madipge-tva-d-trn-actvty-core-2021 | madipge-tva-d-trn-actvty-core-2022 | madipge-tva-d-trn-actvty-core-2023 | madipge-tva-d-prog-comp-cob-2015 | madipge-tva-d-prog-comp-cob-2016 | madipge-tva-d-prog-comp-cob-2017 | madipge-tva-d-prog-comp-cob-2018 | madipge-tva-d-prog-comp-cob-2019 | madipge-tva-d-prog-comp-cob-2020 | madipge-tva-d-prog-comp-cob-2021 | madipge-tva-d-prog-comp-cob-2022 | madipge-tva-d-prog-comp-cob-2023 | madipge-tva-d-trn-actvty-cob-2015 | madipge-tva-d-trn-actvty-cob-2016 | madipge-tva-d-trn-actvty-cob-2017 | madipge-tva-d-trn-actvty-cob-2018 | madipge-tva-d-trn-actvty-cob-2019 | madipge-tva-d-trn-actvty-cob-2020 | madipge-tva-d-trn-actvty-cob-2021 | madipge-tva-d-trn-actvty-cob-2022 | madipge-tva-d-trn-actvty-cob-2023 | madipge-tva-d-prog-comp-dis-2015 | madipge-tva-d-prog-comp-dis-2016 | madipge-tva-d-prog-comp-dis-2017 | madipge-tva-d-prog-comp-dis-2018 | madipge-tva-d-prog-comp-dis-2019 | madipge-tva-d-prog-comp-dis-2020 | madipge-tva-d-prog-comp-dis-2021 | madipge-tva-d-prog-comp-dis-2022 | madipge-tva-d-prog-comp-dis-2023 | madipge-tva-d-trn-actvty-dis-2015 | madipge-tva-d-trn-actvty-dis-2016 | madipge-tva-d-trn-actvty-dis-2017 | madipge-tva-d-trn-actvty-dis-2018 | madipge-tva-d-trn-actvty-dis-2019 | madipge-tva-d-trn-actvty-dis-2020 | madipge-tva-d-trn-actvty-dis-2021 | madipge-tva-d-trn-actvty-dis-2022 | madipge-tva-d-trn-actvty-dis-2023 | madipge-tva-d-prog-comp-ind-2015 | madipge-tva-d-prog-comp-ind-2016 | madipge-tva-d-prog-comp-ind-2017 | madipge-tva-d-prog-comp-ind-2018 | madipge-tva-d-prog-comp-ind-2019 | madipge-tva-d-prog-comp-ind-2020 | madipge-tva-d-prog-comp-ind-2021 | madipge-tva-d-prog-comp-ind-2022 | madipge-tva-d-prog-comp-ind-2023 | madipge-tva-d-trn-actvty-ind-2015 | madipge-tva-d-trn-actvty-ind-2016 | madipge-tva-d-trn-actvty-ind-2017 | madipge-tva-d-trn-actvty-ind-2018 | madipge-tva-d-trn-actvty-ind-2019 | madipge-tva-d-trn-actvty-ind-2020 | madipge-tva-d-trn-actvty-ind-2021 | madipge-tva-d-trn-actvty-ind-2022 | madipge-tva-d-trn-actvty-ind-2023 | madipge-tva-d-prog-comp-lan-2015 | madipge-tva-d-prog-comp-lan-2016 | madipge-tva-d-prog-comp-lan-2017 | madipge-tva-d-prog-comp-lan-2018 | madipge-tva-d-prog-comp-lan-2019 | madipge-tva-d-prog-comp-lan-2020 | madipge-tva-d-prog-comp-lan-2021 | madipge-tva-d-prog-comp-lan-2022 | madipge-tva-d-prog-comp-lan-2023 | madipge-tva-d-trn-actvty-lan-2015 | madipge-tva-d-trn-actvty-lan-2016 | madipge-tva-d-trn-actvty-lan-2017 | madipge-tva-d-trn-actvty-lan-2018 | madipge-tva-d-trn-actvty-lan-2019 | madipge-tva-d-trn-actvty-lan-2020 | madipge-tva-d-trn-actvty-lan-2021 | madipge-tva-d-trn-actvty-lan-2022 | madipge-tva-d-trn-actvty-lan-2023","Synthetic id of individual person on dataset","Direct match on generated dataset + variable name in inst/plida_metadata/variables.csv.",""
"vet-apprentice","TVA","training_activity/2021","TRAIN_ORG_TYPE_ID","integer",4996,"direct_plida_dataset_variable","TVA","TRAIN_ORG_TYPE_ID","madipge-tva-d-prog-comp-core-2015 | madipge-tva-d-prog-comp-core-2016 | madipge-tva-d-prog-comp-core-2017 | madipge-tva-d-prog-comp-core-2018 | madipge-tva-d-prog-comp-core-2019 | madipge-tva-d-prog-comp-core-2020 | madipge-tva-d-prog-comp-core-2021 | madipge-tva-d-prog-comp-core-2022 | madipge-tva-d-prog-comp-core-2023 | madipge-tva-d-trn-actvty-core-2015 | madipge-tva-d-trn-actvty-core-2016 | madipge-tva-d-trn-actvty-core-2017 | madipge-tva-d-trn-actvty-core-2018 | madipge-tva-d-trn-actvty-core-2019 | madipge-tva-d-trn-actvty-core-2020 | madipge-tva-d-trn-actvty-core-2021 | madipge-tva-d-trn-actvty-core-2022 | madipge-tva-d-trn-actvty-core-2023","Training organisation type identifier","Direct match on generated dataset + variable name in inst/plida_metadata/variables.csv.",""
"vet-apprentice","TVA","training_activity/2021","TVA_ROW_ID","character",4996,"direct_plida_dataset_variable","TVA","TVA_ROW_ID","madipge-tva-d-prog-comp-core-2015 | madipge-tva-d-prog-comp-core-2016 | madipge-tva-d-prog-comp-core-2017 | madipge-tva-d-prog-comp-core-2018 | madipge-tva-d-prog-comp-core-2019 | madipge-tva-d-prog-comp-core-2020 | madipge-tva-d-prog-comp-core-2021 | madipge-tva-d-prog-comp-core-2022 | madipge-tva-d-prog-comp-core-2023 | madipge-tva-d-trn-actvty-core-2015 | madipge-tva-d-trn-actvty-core-2016 | madipge-tva-d-trn-actvty-core-2017 | madipge-tva-d-trn-actvty-core-2018 | madipge-tva-d-trn-actvty-core-2019 | madipge-tva-d-trn-actvty-core-2020 | madipge-tva-d-trn-actvty-core-2021 | madipge-tva-d-trn-actvty-core-2022 | madipge-tva-d-trn-actvty-core-2023 | madipge-tva-d-prog-comp-cob-2015 | madipge-tva-d-prog-comp-cob-2016 | madipge-tva-d-prog-comp-cob-2017 | madipge-tva-d-prog-comp-cob-2018 | madipge-tva-d-prog-comp-cob-2019 | madipge-tva-d-prog-comp-cob-2020 | madipge-tva-d-prog-comp-cob-2021 | madipge-tva-d-prog-comp-cob-2022 | madipge-tva-d-prog-comp-cob-2023 | madipge-tva-d-trn-actvty-cob-2015 | madipge-tva-d-trn-actvty-cob-2016 | madipge-tva-d-trn-actvty-cob-2017 | madipge-tva-d-trn-actvty-cob-2018 | madipge-tva-d-trn-actvty-cob-2019 | madipge-tva-d-trn-actvty-cob-2020 | madipge-tva-d-trn-actvty-cob-2021 | madipge-tva-d-trn-actvty-cob-2022 | madipge-tva-d-trn-actvty-cob-2023 | madipge-tva-d-prog-comp-dis-2015 | madipge-tva-d-prog-comp-dis-2016 | madipge-tva-d-prog-comp-dis-2017 | madipge-tva-d-prog-comp-dis-2018 | madipge-tva-d-prog-comp-dis-2019 | madipge-tva-d-prog-comp-dis-2020 | madipge-tva-d-prog-comp-dis-2021 | madipge-tva-d-prog-comp-dis-2022 | madipge-tva-d-prog-comp-dis-2023 | madipge-tva-d-trn-actvty-dis-2015 | madipge-tva-d-trn-actvty-dis-2016 | madipge-tva-d-trn-actvty-dis-2017 | madipge-tva-d-trn-actvty-dis-2018 | madipge-tva-d-trn-actvty-dis-2019 | madipge-tva-d-trn-actvty-dis-2020 | madipge-tva-d-trn-actvty-dis-2021 | madipge-tva-d-trn-actvty-dis-2022 | madipge-tva-d-trn-actvty-dis-2023 | madipge-tva-d-prog-comp-ind-2015 | madipge-tva-d-prog-comp-ind-2016 | madipge-tva-d-prog-comp-ind-2017 | madipge-tva-d-prog-comp-ind-2018 | madipge-tva-d-prog-comp-ind-2019 | madipge-tva-d-prog-comp-ind-2020 | madipge-tva-d-prog-comp-ind-2021 | madipge-tva-d-prog-comp-ind-2022 | madipge-tva-d-prog-comp-ind-2023 | madipge-tva-d-trn-actvty-ind-2015 | madipge-tva-d-trn-actvty-ind-2016 | madipge-tva-d-trn-actvty-ind-2017 | madipge-tva-d-trn-actvty-ind-2018 | madipge-tva-d-trn-actvty-ind-2019 | madipge-tva-d-trn-actvty-ind-2020 | madipge-tva-d-trn-actvty-ind-2021 | madipge-tva-d-trn-actvty-ind-2022 | madipge-tva-d-trn-actvty-ind-2023 | madipge-tva-d-prog-comp-lan-2015 | madipge-tva-d-prog-comp-lan-2016 | madipge-tva-d-prog-comp-lan-2017 | madipge-tva-d-prog-comp-lan-2018 | madipge-tva-d-prog-comp-lan-2019 | madipge-tva-d-prog-comp-lan-2020 | madipge-tva-d-prog-comp-lan-2021 | madipge-tva-d-prog-comp-lan-2022 | madipge-tva-d-prog-comp-lan-2023 | madipge-tva-d-trn-actvty-lan-2015 | madipge-tva-d-trn-actvty-lan-2016 | madipge-tva-d-trn-actvty-lan-2017 | madipge-tva-d-trn-actvty-lan-2018 | madipge-tva-d-trn-actvty-lan-2019 | madipge-tva-d-trn-actvty-lan-2020 | madipge-tva-d-trn-actvty-lan-2021 | madipge-tva-d-trn-actvty-lan-2022 | madipge-tva-d-trn-actvty-lan-2023","Row number of the TVA data - can be used to identify the same TVA record across different extracts.","Direct match on generated dataset + variable name in inst/plida_metadata/variables.csv.",""
"vet-apprentice","TVA","training_activity/2021","VET_IN_SCHOOLS_FG","character",4996,"direct_plida_dataset_variable","TVA","VET_IN_SCHOOLS_FG","madipge-tva-d-trn-actvty-core-2015 | madipge-tva-d-trn-actvty-core-2016 | madipge-tva-d-trn-actvty-core-2017 | madipge-tva-d-trn-actvty-core-2018 | madipge-tva-d-trn-actvty-core-2019 | madipge-tva-d-trn-actvty-core-2020 | madipge-tva-d-trn-actvty-core-2021 | madipge-tva-d-trn-actvty-core-2022 | madipge-tva-d-trn-actvty-core-2023","Flags whether unit of competency/module training activity is part of a vet in schools program (code).","Direct match on generated dataset + variable name in inst/plida_metadata/variables.csv.",""
"vet-apprentice","TVA","training_activity/2021","YEAR_OF_BIRTH","integer",4996,"direct_plida_dataset_variable","TVA","YEAR_OF_BIRTH","madipge-tva-d-prog-comp-core-2015 | madipge-tva-d-prog-comp-core-2016 | madipge-tva-d-prog-comp-core-2017 | madipge-tva-d-prog-comp-core-2018 | madipge-tva-d-prog-comp-core-2019 | madipge-tva-d-prog-comp-core-2020 | madipge-tva-d-prog-comp-core-2021 | madipge-tva-d-prog-comp-core-2022 | madipge-tva-d-prog-comp-core-2023 | madipge-tva-d-trn-actvty-core-2015 | madipge-tva-d-trn-actvty-core-2016 | madipge-tva-d-trn-actvty-core-2017 | madipge-tva-d-trn-actvty-core-2018 | madipge-tva-d-trn-actvty-core-2019 | madipge-tva-d-trn-actvty-core-2020 | madipge-tva-d-trn-actvty-core-2021 | madipge-tva-d-trn-actvty-core-2022 | madipge-tva-d-trn-actvty-core-2023 | madipge-tva-d-trn-actvty-lan-2018 | madipge-tva-d-trn-actvty-lan-2019","Year of birth","Direct match on generated dataset + variable name in inst/plida_metadata/variables.csv.",""
"vital-events","BIRTHS","BIRTHS","AGE_FATHER","integer",3339,"direct_plida_dataset_variable","BIRTHS","AGE_FATHER","plidage-births-2006-latest","Age of Father","Direct match on generated dataset + variable name in inst/plida_metadata/variables.csv.",""
"vital-events","BIRTHS","BIRTHS","AGE_MOTHER","integer",3339,"direct_plida_dataset_variable","BIRTHS","AGE_MOTHER","plidage-births-2006-latest","Age of Mother","Direct match on generated dataset + variable name in inst/plida_metadata/variables.csv.",""
"vital-events","BIRTHS","BIRTHS","BIRTH_ID","character",3339,"direct_plida_dataset_variable","BIRTHS","BIRTH_ID","plidage-births-2006-latest","Birth Identifier (Note: Variable has been hashed)","Direct match on generated dataset + variable name in inst/plida_metadata/variables.csv.",""
"vital-events","BIRTHS","BIRTHS","BIRTH_MONTH","integer",3339,"direct_plida_dataset_variable","BIRTHS","BIRTH_MONTH","plidage-births-2006-latest","Month of Birth of Child","Direct match on generated dataset + variable name in inst/plida_metadata/variables.csv.",""
"vital-events","BIRTHS","BIRTHS","BIRTH_PLACE_CODE_FATHER","integer",3339,"direct_plida_dataset_variable","BIRTHS","BIRTH_PLACE_CODE_FATHER","plidage-births-2006-latest","Place of Birth of Father","Direct match on generated dataset + variable name in inst/plida_metadata/variables.csv.",""
"vital-events","BIRTHS","BIRTHS","BIRTH_PLACE_CODE_MOTHER","integer",3339,"direct_plida_dataset_variable","BIRTHS","BIRTH_PLACE_CODE_MOTHER","plidage-births-2006-latest","Place of Birth of Mother","Direct match on generated dataset + variable name in inst/plida_metadata/variables.csv.",""
"vital-events","BIRTHS","BIRTHS","BIRTH_WEIGHT","integer",3339,"direct_plida_dataset_variable","BIRTHS","BIRTH_WEIGHT","plidage-births-2006-latest","Birth weight of child","Direct match on generated dataset + variable name in inst/plida_metadata/variables.csv.",""
"vital-events","BIRTHS","BIRTHS","BIRTH_YEAR","integer",3339,"direct_plida_dataset_variable","BIRTHS","BIRTH_YEAR","plidage-births-2006-latest","Year of Birth of Child","Direct match on generated dataset + variable name in inst/plida_metadata/variables.csv.",""
"vital-events","BIRTHS","BIRTHS","FIRST_TIME_MOTHER","character",3339,"direct_plida_dataset_variable","BIRTHS","FIRST_TIME_MOTHER","plidage-births-2006-latest","Based on previous issue data","Direct match on generated dataset + variable name in inst/plida_metadata/variables.csv.",""
"vital-events","BIRTHS","BIRTHS","GENDER_CHILD","character",3339,"direct_plida_dataset_variable","BIRTHS","GENDER_CHILD","plidage-births-2006-latest","Sex of Child","Direct match on generated dataset + variable name in inst/plida_metadata/variables.csv.",""
"vital-events","BIRTHS","BIRTHS","INDIGENOUS_CODE_CHILD","integer",3339,"direct_plida_dataset_variable","BIRTHS","INDIGENOUS_CODE_CHILD","plidage-births-2006-latest","Indigenous Status of Child","Direct match on generated dataset + variable name in inst/plida_metadata/variables.csv.",""
"vital-events","BIRTHS","BIRTHS","INDIGENOUS_CODE_FATHER","integer",3339,"direct_plida_dataset_variable","BIRTHS","INDIGENOUS_CODE_FATHER","plidage-births-2006-latest","Indigenous Status of Father","Direct match on generated dataset + variable name in inst/plida_metadata/variables.csv.",""
"vital-events","BIRTHS","BIRTHS","INDIGENOUS_CODE_MOTHER","integer",3339,"direct_plida_dataset_variable","BIRTHS","INDIGENOUS_CODE_MOTHER","plidage-births-2006-latest","Indigenous Status of Mother","Direct match on generated dataset + variable name in inst/plida_metadata/variables.csv.",""
"vital-events","BIRTHS","BIRTHS","MONTH_BIRTH_MOTHER","integer",3339,"direct_plida_dataset_variable","BIRTHS","MONTH_BIRTH_MOTHER","plidage-births-2006-latest","Month of birth of Mother","Direct match on generated dataset + variable name in inst/plida_metadata/variables.csv.",""
"vital-events","BIRTHS","BIRTHS","MULTI_BIRTH_FLAG","character",3339,"direct_plida_dataset_variable","BIRTHS","MULTI_BIRTH_FLAG","plidage-births-2006-latest","Multiple Birth Flag","Direct match on generated dataset + variable name in inst/plida_metadata/variables.csv.",""
"vital-events","BIRTHS","BIRTHS","PATERNITY","character",3339,"direct_plida_dataset_variable","BIRTHS","PATERNITY","plidage-births-2006-latest","Paternity Flag","Direct match on generated dataset + variable name in inst/plida_metadata/variables.csv.",""
"vital-events","BIRTHS","BIRTHS","PERSON_FLAG","character",3339,"direct_plida_dataset_variable","BIRTHS","PERSON_FLAG","plidage-births-2006-latest","Identifies if address relates to Child, Parent 1, or Parent 2","Direct match on generated dataset + variable name in inst/plida_metadata/variables.csv.",""
"vital-events","BIRTHS","BIRTHS","PLURALITY","integer",3339,"direct_plida_dataset_variable","BIRTHS","PLURALITY","plidage-births-2006-latest","Birth Order and Plurality","Direct match on generated dataset + variable name in inst/plida_metadata/variables.csv.",""
"vital-events","BIRTHS","BIRTHS","REG_STATE","integer",3339,"direct_plida_dataset_variable","BIRTHS","REG_STATE","plidage-births-2006-latest","State/Territory of Birth Registration","Direct match on generated dataset + variable name in inst/plida_metadata/variables.csv.",""
"vital-events","BIRTHS","BIRTHS","REG_YEAR","integer",3339,"direct_plida_dataset_variable","BIRTHS","REG_YEAR","plidage-births-2006-latest","Year of Birth Registration","Direct match on generated dataset + variable name in inst/plida_metadata/variables.csv.",""
"vital-events","BIRTHS","BIRTHS","RESIDENCE_MONTHS_FATHER","integer",3339,"direct_plida_dataset_variable","BIRTHS","RESIDENCE_MONTHS_FATHER","plidage-births-2006-latest","Father's Period of Residence in Australia (in Months)","Direct match on generated dataset + variable name in inst/plida_metadata/variables.csv.",""
"vital-events","BIRTHS","BIRTHS","RESIDENCE_MONTHS_MOTHER","integer",3339,"direct_plida_dataset_variable","BIRTHS","RESIDENCE_MONTHS_MOTHER","plidage-births-2006-latest","Mother's Period of Residence in Australia (in Months)","Direct match on generated dataset + variable name in inst/plida_metadata/variables.csv.",""
"vital-events","BIRTHS","BIRTHS","RESIDENCE_YEARS_FATHER","integer",3339,"direct_plida_dataset_variable","BIRTHS","RESIDENCE_YEARS_FATHER","plidage-births-2006-latest","Father's Period of Residence in Australia (in Years)","Direct match on generated dataset + variable name in inst/plida_metadata/variables.csv.",""
"vital-events","BIRTHS","BIRTHS","RESIDENCE_YEARS_MOTHER","integer",3339,"direct_plida_dataset_variable","BIRTHS","RESIDENCE_YEARS_MOTHER","plidage-births-2006-latest","Mother's Period of Residence in Australia (in Years)","Direct match on generated dataset + variable name in inst/plida_metadata/variables.csv.",""
"vital-events","BIRTHS","BIRTHS","SYNTHETIC_AEUID","character",3339,"direct_plida_dataset_variable","BIRTHS","SYNTHETIC_AEUID","plidage-births-2006-latest","Synthetic MADIP Person ID | Synthetic id of individual person on dataset","Direct match on generated dataset + variable name in inst/plida_metadata/variables.csv.",""
"vital-events","BIRTHS","BIRTHS","URES_IEO_DECILE_MOTHER","integer",3339,"direct_plida_dataset_variable","BIRTHS","URES_IEO_DECILE_MOTHER","plidage-births-2006-latest","Mother's Index of Education and Occupation of Usual Residence (and child)","Direct match on generated dataset + variable name in inst/plida_metadata/variables.csv.",""
"vital-events","BIRTHS","BIRTHS","URES_IER_DECILE_MOTHER","integer",3339,"direct_plida_dataset_variable","BIRTHS","URES_IER_DECILE_MOTHER","plidage-births-2006-latest","Mother's Index of Economic Resources of Usual Residence (and child)","Direct match on generated dataset + variable name in inst/plida_metadata/variables.csv.",""
"vital-events","BIRTHS","BIRTHS","URES_IRSAD_DECILE_MOTHER","integer",3339,"direct_plida_dataset_variable","BIRTHS","URES_IRSAD_DECILE_MOTHER","plidage-births-2006-latest","Mother's Index of Relative Socio-Economoic Advantage and Disadvantage of Usual Residence (and child)","Direct match on generated dataset + variable name in inst/plida_metadata/variables.csv.",""
"vital-events","BIRTHS","BIRTHS","URES_IRSD_DECILE_MOTHER","integer",3339,"direct_plida_dataset_variable","BIRTHS","URES_IRSD_DECILE_MOTHER","plidage-births-2006-latest","Mother's Index of Re;atove Spcop-Economic Disadvantage of Usual Residence (and child)","Direct match on generated dataset + variable name in inst/plida_metadata/variables.csv.",""
"vital-events","BIRTHS","BIRTHS","URES_RA_MOTHER","integer",3339,"direct_plida_dataset_variable","BIRTHS","URES_RA_MOTHER","plidage-births-2006-latest","Mother's Remoteness Area (and child)","Direct match on generated dataset + variable name in inst/plida_metadata/variables.csv.",""
"vital-events","BIRTHS","BIRTHS","URES_STATE_MOTHER","integer",3339,"direct_plida_dataset_variable","BIRTHS","URES_STATE_MOTHER","plidage-births-2006-latest","Mother's State of Usual Residence (and child)","Direct match on generated dataset + variable name in inst/plida_metadata/variables.csv.",""
"vital-events","BIRTHS","BIRTHS","YEAR_BIRTH_MOTHER","integer",3339,"direct_plida_dataset_variable","BIRTHS","YEAR_BIRTH_MOTHER","plidage-births-2006-latest","Year of birth of Mother","Direct match on generated dataset + variable name in inst/plida_metadata/variables.csv.",""
"vital-events","DEATHS","DEATHS","BIRTH_PLACE","integer",54,"direct_plida_dataset_variable","DEATHS","BIRTH_PLACE","madip-ge-050101d-deaths-deathregistrations2007-2007 | madip-ge-050103d-deaths-deathregistrations2008-2008 | madip-ge-050105d-deaths-deathregistrations2009-2009 | madip-ge-050107d-deaths-deathregistrations2010-2010 | madip-ge-050109d-deaths-deathregistrations2011-2011 | madip-ge-050111d-deaths-deathregistrations2012-2012","Country of birth","Direct match on generated dataset + variable name in inst/plida_metadata/variables.csv.",""
"vital-events","DEATHS","DEATHS","CERTIFIER","character",54,"direct_plida_dataset_variable","DEATHS","CERTIFIER","madip-ge-050114d-deaths-causeofdeath2013-2013 | madip-ge-050116d-deaths-causeofdeath2014-2014 | madip-ge-050118d-deaths-causeofdeath2015-2015 | madip-ge-050120d-deaths-causeofdeath2016-2016 | madip-ge-050122d-deaths-causeofdeath2017-2017 | madip-ge-050124d-deaths-causeofdeath2018-2018 | madipge-death-d-cause-of-death-2019 | madipge-death-d-cause-of-death-2020 | madipge-death-d-cause-of-death-2021 | madipge-death-d-cause-of-death-2022 | madipge-death-d-cause-of-death-2023 | madipge-death-d-cause-of-death-2024","Certifier Type | Certifier type","Direct match on generated dataset + variable name in inst/plida_metadata/variables.csv.",""
"vital-events","DEATHS","DEATHS","DEATH_AGE","integer",54,"direct_plida_dataset_variable","DEATHS","DEATH_AGE","madip-ge-050101d-deaths-deathregistrations2007-2007 | madip-ge-050103d-deaths-deathregistrations2008-2008 | madip-ge-050105d-deaths-deathregistrations2009-2009 | madip-ge-050107d-deaths-deathregistrations2010-2010 | madip-ge-050109d-deaths-deathregistrations2011-2011 | madip-ge-050111d-deaths-deathregistrations2012-2012","Deceased age at death","Direct match on generated dataset + variable name in inst/plida_metadata/variables.csv.",""
"vital-events","DEATHS","DEATHS","DEATH_DAY","integer",54,"direct_plida_dataset_variable","DEATHS","DEATH_DAY","madip-ge-050114d-deaths-causeofdeath2013-2013 | madip-ge-050116d-deaths-causeofdeath2014-2014 | madip-ge-050118d-deaths-causeofdeath2015-2015 | madip-ge-050120d-deaths-causeofdeath2016-2016 | madip-ge-050122d-deaths-causeofdeath2017-2017 | madip-ge-050124d-deaths-causeofdeath2018-2018 | madipge-death-d-cause-of-death-2019 | madipge-death-d-cause-of-death-2020 | madipge-death-d-cause-of-death-2021 | madipge-death-d-cause-of-death-2022 | madipge-death-d-cause-of-death-2023 | madipge-death-d-cause-of-death-2024","Day of Death | Day of death","Direct match on generated dataset + variable name in inst/plida_metadata/variables.csv.",""
"vital-events","DEATHS","DEATHS","ENTITY_CODES","character",54,"generated_compact_from_same_dataset_metadata","DEATHS","ENTITY1..ENTITY20","madip-ge/madipge deaths cause-of-death products","Multiple apparent-cause/entity-axis fields ENTITY1 through ENTITY20, with RECORD_AXIS_COUNT and RACS fields in local metadata.","Generated compact field backed by multiple same-dataset local metadata columns; generated storage differs from source wide/table-specific layout.","Generated field stores multiple entity-axis ICD codes as one pipe-separated string; source metadata stores separate ENTITY columns."
"vital-events","DEATHS","DEATHS","INDIGENOUS_STATUS","integer",54,"direct_plida_dataset_variable","DEATHS","INDIGENOUS_STATUS","madip-ge-050101d-deaths-deathregistrations2007-2007 | madip-ge-050103d-deaths-deathregistrations2008-2008 | madip-ge-050105d-deaths-deathregistrations2009-2009 | madip-ge-050107d-deaths-deathregistrations2010-2010 | madip-ge-050109d-deaths-deathregistrations2011-2011 | madip-ge-050111d-deaths-deathregistrations2012-2012 | madip-ge-050114d-deaths-causeofdeath2013-2013 | madip-ge-050116d-deaths-causeofdeath2014-2014 | madip-ge-050118d-deaths-causeofdeath2015-2015 | madip-ge-050120d-deaths-causeofdeath2016-2016 | madip-ge-050122d-deaths-causeofdeath2017-2017 | madip-ge-050124d-deaths-causeofdeath2018-2018 | madipge-death-d-cause-of-death-2019 | madipge-death-d-cause-of-death-2020 | madipge-death-d-cause-of-death-2021 | madipge-death-d-cause-of-death-2022 | madipge-death-d-cause-of-death-2023 | madipge-death-d-cause-of-death-2024","Deceased Indigenous status | Indigenous status","Direct match on generated dataset + variable name in inst/plida_metadata/variables.csv.",""
"vital-events","DEATHS","DEATHS","MARITAL_STATUS","integer",54,"direct_plida_dataset_variable","DEATHS","MARITAL_STATUS","madip-ge-050101d-deaths-deathregistrations2007-2007 | madip-ge-050103d-deaths-deathregistrations2008-2008 | madip-ge-050105d-deaths-deathregistrations2009-2009 | madip-ge-050107d-deaths-deathregistrations2010-2010 | madip-ge-050109d-deaths-deathregistrations2011-2011 | madip-ge-050111d-deaths-deathregistrations2012-2012","Marital status","Direct match on generated dataset + variable name in inst/plida_metadata/variables.csv.",""
"vital-events","DEATHS","DEATHS","MONTH_OF_DEATH","integer",54,"direct_plida_dataset_variable","DEATHS","MONTH_OF_DEATH","madip-ge-050101d-deaths-deathregistrations2007-2007 | madip-ge-050103d-deaths-deathregistrations2008-2008 | madip-ge-050105d-deaths-deathregistrations2009-2009 | madip-ge-050107d-deaths-deathregistrations2010-2010 | madip-ge-050109d-deaths-deathregistrations2011-2011 | madip-ge-050111d-deaths-deathregistrations2012-2012","Month of death","Direct match on generated dataset + variable name in inst/plida_metadata/variables.csv.",""
"vital-events","DEATHS","DEATHS","PLACE_OF_DEATH","integer",54,"direct_plida_dataset_variable","DEATHS","PLACE_OF_DEATH","madipge-death-d-cause-of-death-2019","Deceased Place of Death | Place of Death","Direct match on generated dataset + variable name in inst/plida_metadata/variables.csv.",""
"vital-events","DEATHS","DEATHS","RECORD_AXIS_COUNT","integer",54,"direct_plida_dataset_variable","DEATHS","RECORD_AXIS_COUNT","madip-ge-050102d-deaths-causeofdeath2007-2007 | madip-ge-050104d-deaths-causeofdeath2008-2008 | madip-ge-050106d-deaths-causeofdeath2009-2009 | madip-ge-050108d-deaths-causeofdeath2010-2010 | madip-ge-050110d-deaths-causeofdeath2011-2011 | madip-ge-050112d-deaths-causeofdeath2012-2012 | madip-ge-050114d-deaths-causeofdeath2013-2013 | madip-ge-050116d-deaths-causeofdeath2014-2014 | madip-ge-050118d-deaths-causeofdeath2015-2015 | madip-ge-050120d-deaths-causeofdeath2016-2016 | madip-ge-050122d-deaths-causeofdeath2017-2017 | madip-ge-050124d-deaths-causeofdeath2018-2018 | madipge-death-d-cause-of-death-2019 | madipge-death-d-cause-of-death-2020 | madipge-death-d-cause-of-death-2021 | madipge-death-d-cause-of-death-2022 | madipge-death-d-cause-of-death-2023 | madipge-death-d-cause-of-death-2024","Record axis count","Direct match on generated dataset + variable name in inst/plida_metadata/variables.csv.",""
"vital-events","DEATHS","DEATHS","REFERENCE_YEAR","integer",54,"direct_plida_dataset_variable","DEATHS","REFERENCE_YEAR","madip-ge-050101d-deaths-deathregistrations2007-2007 | madip-ge-050103d-deaths-deathregistrations2008-2008 | madip-ge-050105d-deaths-deathregistrations2009-2009 | madip-ge-050107d-deaths-deathregistrations2010-2010 | madip-ge-050109d-deaths-deathregistrations2011-2011 | madip-ge-050111d-deaths-deathregistrations2012-2012","The year (calendar or financial) that the information on the record relates to","Direct match on generated dataset + variable name in inst/plida_metadata/variables.csv.",""
"vital-events","DEATHS","DEATHS","REG_STATE","integer",54,"direct_plida_dataset_variable","DEATHS","REG_STATE","madip-ge-050101d-deaths-deathregistrations2007-2007 | madip-ge-050103d-deaths-deathregistrations2008-2008 | madip-ge-050105d-deaths-deathregistrations2009-2009 | madip-ge-050107d-deaths-deathregistrations2010-2010 | madip-ge-050109d-deaths-deathregistrations2011-2011 | madip-ge-050111d-deaths-deathregistrations2012-2012 | madip-ge-050114d-deaths-causeofdeath2013-2013 | madip-ge-050116d-deaths-causeofdeath2014-2014 | madip-ge-050118d-deaths-causeofdeath2015-2015 | madip-ge-050120d-deaths-causeofdeath2016-2016 | madip-ge-050122d-deaths-causeofdeath2017-2017 | madip-ge-050124d-deaths-causeofdeath2018-2018 | madipge-death-d-cause-of-death-2019 | madipge-death-d-cause-of-death-2020 | madipge-death-d-cause-of-death-2021 | madipge-death-d-cause-of-death-2022 | madipge-death-d-cause-of-death-2023 | madipge-death-d-cause-of-death-2024","State/Territory of registration | State of registration","Direct match on generated dataset + variable name in inst/plida_metadata/variables.csv.",""
"vital-events","DEATHS","DEATHS","REMOTENESS_AREA_2021","integer",54,"direct_plida_dataset_variable","DEATHS","REMOTENESS_AREA_2021","madip-ge-050102d-deaths-causeofdeath2007-2007 | madip-ge-050104d-deaths-causeofdeath2008-2008 | madip-ge-050106d-deaths-causeofdeath2009-2009 | madip-ge-050108d-deaths-causeofdeath2010-2010 | madip-ge-050110d-deaths-causeofdeath2011-2011 | madip-ge-050112d-deaths-causeofdeath2012-2012 | madip-ge-050114d-deaths-causeofdeath2013-2013 | madip-ge-050116d-deaths-causeofdeath2014-2014 | madip-ge-050118d-deaths-causeofdeath2015-2015 | madip-ge-050120d-deaths-causeofdeath2016-2016 | madip-ge-050122d-deaths-causeofdeath2017-2017 | madip-ge-050124d-deaths-causeofdeath2018-2018 | madipge-death-d-cause-of-death-2019 | madipge-death-d-cause-of-death-2020 | madipge-death-d-cause-of-death-2021 | madipge-death-d-cause-of-death-2022 | madipge-death-d-cause-of-death-2023 | madipge-death-d-cause-of-death-2024","Remoteness area","Direct match on generated dataset + variable name in inst/plida_metadata/variables.csv.",""
"vital-events","DEATHS","DEATHS","SEIFA_IRSAD_DEC_2021","integer",54,"direct_plida_dataset_variable","DEATHS","SEIFA_IRSAD_DEC_2021","madip-ge-050102d-deaths-causeofdeath2007-2007 | madip-ge-050104d-deaths-causeofdeath2008-2008 | madip-ge-050106d-deaths-causeofdeath2009-2009 | madip-ge-050108d-deaths-causeofdeath2010-2010 | madip-ge-050110d-deaths-causeofdeath2011-2011 | madip-ge-050112d-deaths-causeofdeath2012-2012 | madip-ge-050114d-deaths-causeofdeath2013-2013 | madip-ge-050116d-deaths-causeofdeath2014-2014 | madip-ge-050118d-deaths-causeofdeath2015-2015 | madip-ge-050120d-deaths-causeofdeath2016-2016 | madip-ge-050122d-deaths-causeofdeath2017-2017 | madip-ge-050124d-deaths-causeofdeath2018-2018 | madipge-death-d-cause-of-death-2019 | madipge-death-d-cause-of-death-2020 | madipge-death-d-cause-of-death-2021 | madipge-death-d-cause-of-death-2022 | madipge-death-d-cause-of-death-2023 | madipge-death-d-cause-of-death-2024","Seifa irsad decile","Direct match on generated dataset + variable name in inst/plida_metadata/variables.csv.",""
"vital-events","DEATHS","DEATHS","SEIFA_IRSD_DEC_2021","integer",54,"direct_plida_dataset_variable","DEATHS","SEIFA_IRSD_DEC_2021","madip-ge-050102d-deaths-causeofdeath2007-2007 | madip-ge-050104d-deaths-causeofdeath2008-2008 | madip-ge-050106d-deaths-causeofdeath2009-2009 | madip-ge-050108d-deaths-causeofdeath2010-2010 | madip-ge-050110d-deaths-causeofdeath2011-2011 | madip-ge-050112d-deaths-causeofdeath2012-2012 | madip-ge-050114d-deaths-causeofdeath2013-2013 | madip-ge-050116d-deaths-causeofdeath2014-2014 | madip-ge-050118d-deaths-causeofdeath2015-2015 | madip-ge-050120d-deaths-causeofdeath2016-2016 | madip-ge-050122d-deaths-causeofdeath2017-2017 | madip-ge-050124d-deaths-causeofdeath2018-2018 | madipge-death-d-cause-of-death-2019 | madipge-death-d-cause-of-death-2020 | madipge-death-d-cause-of-death-2021 | madipge-death-d-cause-of-death-2022 | madipge-death-d-cause-of-death-2023 | madipge-death-d-cause-of-death-2024","Seifa irsd decile","Direct match on generated dataset + variable name in inst/plida_metadata/variables.csv.",""
"vital-events","DEATHS","DEATHS","SEX","character",54,"direct_plida_dataset_variable","DEATHS","SEX","madip-ge-050101d-deaths-deathregistrations2007-2007 | madip-ge-050103d-deaths-deathregistrations2008-2008 | madip-ge-050105d-deaths-deathregistrations2009-2009 | madip-ge-050107d-deaths-deathregistrations2010-2010 | madip-ge-050109d-deaths-deathregistrations2011-2011 | madip-ge-050111d-deaths-deathregistrations2012-2012 | madip-ge-050114d-deaths-causeofdeath2013-2013 | madip-ge-050116d-deaths-causeofdeath2014-2014 | madip-ge-050118d-deaths-causeofdeath2015-2015 | madip-ge-050120d-deaths-causeofdeath2016-2016 | madip-ge-050122d-deaths-causeofdeath2017-2017 | madip-ge-050124d-deaths-causeofdeath2018-2018 | madipge-death-d-cause-of-death-2019 | madipge-death-d-cause-of-death-2020 | madipge-death-d-cause-of-death-2021 | madipge-death-d-cause-of-death-2022 | madipge-death-d-cause-of-death-2023 | madipge-death-d-cause-of-death-2024","Sex","Direct match on generated dataset + variable name in inst/plida_metadata/variables.csv.",""
"vital-events","DEATHS","DEATHS","SYNTHETIC_AEUID","character",54,"direct_plida_dataset_variable","DEATHS","SYNTHETIC_AEUID","madip-ge-050101d-deaths-deathregistrations2007-2007 | madip-ge-050102d-deaths-causeofdeath2007-2007 | madip-ge-050103d-deaths-deathregistrations2008-2008 | madip-ge-050104d-deaths-causeofdeath2008-2008 | madip-ge-050105d-deaths-deathregistrations2009-2009 | madip-ge-050106d-deaths-causeofdeath2009-2009 | madip-ge-050107d-deaths-deathregistrations2010-2010 | madip-ge-050108d-deaths-causeofdeath2010-2010 | madip-ge-050109d-deaths-deathregistrations2011-2011 | madip-ge-050110d-deaths-causeofdeath2011-2011 | madip-ge-050111d-deaths-deathregistrations2012-2012 | madip-ge-050112d-deaths-causeofdeath2012-2012 | madip-ge-050114d-deaths-causeofdeath2013-2013 | madip-ge-050116d-deaths-causeofdeath2014-2014 | madip-ge-050118d-deaths-causeofdeath2015-2015 | madip-ge-050120d-deaths-causeofdeath2016-2016 | madip-ge-050122d-deaths-causeofdeath2017-2017 | madip-ge-050124d-deaths-causeofdeath2018-2018 | madipge-death-d-cause-of-death-2019 | madipge-death-d-cause-of-death-2020 | madipge-death-d-cause-of-death-2021 | madipge-death-d-cause-of-death-2022 | madipge-death-d-cause-of-death-2023 | madipge-death-d-cause-of-death-2024","Synthetic id of individual person on dataset | Synthetic MADIP Person ID","Direct match on generated dataset + variable name in inst/plida_metadata/variables.csv.",""
"vital-events","DEATHS","DEATHS","UCOD","character",54,"direct_plida_dataset_variable","DEATHS","UCOD","madip-ge-050102d-deaths-causeofdeath2007-2007 | madip-ge-050104d-deaths-causeofdeath2008-2008 | madip-ge-050106d-deaths-causeofdeath2009-2009 | madip-ge-050108d-deaths-causeofdeath2010-2010 | madip-ge-050110d-deaths-causeofdeath2011-2011 | madip-ge-050112d-deaths-causeofdeath2012-2012 | madip-ge-050114d-deaths-causeofdeath2013-2013 | madip-ge-050116d-deaths-causeofdeath2014-2014 | madip-ge-050118d-deaths-causeofdeath2015-2015 | madip-ge-050120d-deaths-causeofdeath2016-2016 | madip-ge-050122d-deaths-causeofdeath2017-2017 | madip-ge-050124d-deaths-causeofdeath2018-2018 | madipge-death-d-cause-of-death-2019 | madipge-death-d-cause-of-death-2020 | madipge-death-d-cause-of-death-2021 | madipge-death-d-cause-of-death-2022 | madipge-death-d-cause-of-death-2023 | madipge-death-d-cause-of-death-2024","Underlying cause of death","Direct match on generated dataset + variable name in inst/plida_metadata/variables.csv.",""
"vital-events","DEATHS","DEATHS","YEAR_OF_DEATH","integer",54,"direct_plida_dataset_variable","DEATHS","YEAR_OF_DEATH","madip-ge-050101d-deaths-deathregistrations2007-2007 | madip-ge-050103d-deaths-deathregistrations2008-2008 | madip-ge-050105d-deaths-deathregistrations2009-2009 | madip-ge-050107d-deaths-deathregistrations2010-2010 | madip-ge-050109d-deaths-deathregistrations2011-2011 | madip-ge-050111d-deaths-deathregistrations2012-2012","Year of death","Direct match on generated dataset + variable name in inst/plida_metadata/variables.csv.",""
