"dataset","variable","occurrence_count","product_count","table_count","type","official_descriptions","status","populated_occurrence_count","synthetic_structural_occurrence_count","unsupported_private_codeframe_occurrence_count","implementation_class","determination_rule","evidence_source","evidence_url","caveat","candidate_status","candidate_rule","candidate_evidence_source","candidate_evidence_url","candidate_caveat"
"CGT","ACTV_FMIS_DISC_C",13,13,13,"character","Active assets - Forestry managed investment scheme interest: Capital gains - discount method","populated",13,0,0,"legacy_cgt_derivation","R/dil_admin_value_rules.R:.dil_cgt_source_value() decomposes the generated CGT total, asset, loss, discount and concession amounts into the named schedule component while preserving accounting bounds.","R/dil_admin_value_rules.R; R/generate_cgt.R; tests/testthat/test-dil-admin-value-rules.R; PLIDA DIL","https://www.ato.gov.au/individuals-and-families/your-tax-return/instructions-to-complete-your-tax-return/mytax-instructions/2024/income/australian-income-or-losses-from-investments-or-property/capital-gains-tax-schedule","The identities are coherent, but the decomposition shares are local synthetic assumptions rather than observed ATO distributions.","no_defensible_rule_identified","Keep typed missing pending an exact source.","No exact public codeframe found in this audit.","","A broad concept or similarly named field is not enough to infer the private ATO value encoding."
"CGT","ACTV_FMIS_INDX_B",13,13,13,"character","Active assets - Forestry managed investment scheme interest: Capital gains - indexation method","populated",13,0,0,"legacy_cgt_derivation","R/dil_admin_value_rules.R:.dil_cgt_source_value() decomposes the generated CGT total, asset, loss, discount and concession amounts into the named schedule component while preserving accounting bounds.","R/dil_admin_value_rules.R; R/generate_cgt.R; tests/testthat/test-dil-admin-value-rules.R; PLIDA DIL","https://www.ato.gov.au/individuals-and-families/your-tax-return/instructions-to-complete-your-tax-return/mytax-instructions/2024/income/australian-income-or-losses-from-investments-or-property/capital-gains-tax-schedule","The identities are coherent, but the decomposition shares are local synthetic assumptions rather than observed ATO distributions.","no_defensible_rule_identified","Keep typed missing pending an exact source.","No exact public codeframe found in this audit.","","A broad concept or similarly named field is not enough to infer the private ATO value encoding."
"CGT","ACTV_FMIS_OTH_D",13,13,13,"character","Active assets - Forestry managed investment scheme interest: Other capital gains","populated",13,0,0,"legacy_cgt_derivation","R/dil_admin_value_rules.R:.dil_cgt_source_value() decomposes the generated CGT total, asset, loss, discount and concession amounts into the named schedule component while preserving accounting bounds.","R/dil_admin_value_rules.R; R/generate_cgt.R; tests/testthat/test-dil-admin-value-rules.R; PLIDA DIL","https://www.ato.gov.au/individuals-and-families/your-tax-return/instructions-to-complete-your-tax-return/mytax-instructions/2024/income/australian-income-or-losses-from-investments-or-property/capital-gains-tax-schedule","The identities are coherent, but the decomposition shares are local synthetic assumptions rather than observed ATO distributions.","no_defensible_rule_identified","Keep typed missing pending an exact source.","No exact public codeframe found in this audit.","","A broad concept or similarly named field is not enough to infer the private ATO value encoding."
"CGT","ACTV_OTH_ASSTS_DISC_T",13,13,13,"character","Active assets - Other CGT assets and any other CGT events: Capital gains - discount method","populated",13,0,0,"legacy_cgt_derivation","R/dil_admin_value_rules.R:.dil_cgt_source_value() decomposes the generated CGT total, asset, loss, discount and concession amounts into the named schedule component while preserving accounting bounds.","R/dil_admin_value_rules.R; R/generate_cgt.R; tests/testthat/test-dil-admin-value-rules.R; PLIDA DIL","https://www.ato.gov.au/individuals-and-families/your-tax-return/instructions-to-complete-your-tax-return/mytax-instructions/2024/income/australian-income-or-losses-from-investments-or-property/capital-gains-tax-schedule","The identities are coherent, but the decomposition shares are local synthetic assumptions rather than observed ATO distributions.","no_defensible_rule_identified","Keep typed missing pending an exact source.","No exact public codeframe found in this audit.","","A broad concept or similarly named field is not enough to infer the private ATO value encoding."
"CGT","ACTV_OTH_ASSTS_INDX_S",13,13,13,"character","Active assets - Other CGT assets and any other CGT events: Capital gains - indexation method","populated",13,0,0,"legacy_cgt_derivation","R/dil_admin_value_rules.R:.dil_cgt_source_value() decomposes the generated CGT total, asset, loss, discount and concession amounts into the named schedule component while preserving accounting bounds.","R/dil_admin_value_rules.R; R/generate_cgt.R; tests/testthat/test-dil-admin-value-rules.R; PLIDA DIL","https://www.ato.gov.au/individuals-and-families/your-tax-return/instructions-to-complete-your-tax-return/mytax-instructions/2024/income/australian-income-or-losses-from-investments-or-property/capital-gains-tax-schedule","The identities are coherent, but the decomposition shares are local synthetic assumptions rather than observed ATO distributions.","no_defensible_rule_identified","Keep typed missing pending an exact source.","No exact public codeframe found in this audit.","","A broad concept or similarly named field is not enough to infer the private ATO value encoding."
"CGT","ACTV_OTH_ASSTS_OTH_U",13,13,13,"character","Active assets - Other CGT assets and any other CGT events: Other capital gains","populated",13,0,0,"legacy_cgt_derivation","R/dil_admin_value_rules.R:.dil_cgt_source_value() decomposes the generated CGT total, asset, loss, discount and concession amounts into the named schedule component while preserving accounting bounds.","R/dil_admin_value_rules.R; R/generate_cgt.R; tests/testthat/test-dil-admin-value-rules.R; PLIDA DIL","https://www.ato.gov.au/individuals-and-families/your-tax-return/instructions-to-complete-your-tax-return/mytax-instructions/2024/income/australian-income-or-losses-from-investments-or-property/capital-gains-tax-schedule","The identities are coherent, but the decomposition shares are local synthetic assumptions rather than observed ATO distributions.","no_defensible_rule_identified","Keep typed missing pending an exact source.","No exact public codeframe found in this audit.","","A broad concept or similarly named field is not enough to infer the private ATO value encoding."
"CGT","ACTV_REAL_EST_DISC_OD_Q",13,13,13,"character","Active assets - Real estate: Capital gains - discount method","populated",13,0,0,"legacy_cgt_derivation","R/dil_admin_value_rules.R:.dil_cgt_source_value() decomposes the generated CGT total, asset, loss, discount and concession amounts into the named schedule component while preserving accounting bounds.","R/dil_admin_value_rules.R; R/generate_cgt.R; tests/testthat/test-dil-admin-value-rules.R; PLIDA DIL","https://www.ato.gov.au/individuals-and-families/your-tax-return/instructions-to-complete-your-tax-return/mytax-instructions/2024/income/australian-income-or-losses-from-investments-or-property/capital-gains-tax-schedule","The identities are coherent, but the decomposition shares are local synthetic assumptions rather than observed ATO distributions.","no_defensible_rule_identified","Keep typed missing pending an exact source.","No exact public codeframe found in this audit.","","A broad concept or similarly named field is not enough to infer the private ATO value encoding."
"CGT","ACTV_REAL_EST_INDX_P",13,13,13,"character","Active assets - Real estate: Capital gains - indexation method","populated",13,0,0,"legacy_cgt_derivation","R/dil_admin_value_rules.R:.dil_cgt_source_value() decomposes the generated CGT total, asset, loss, discount and concession amounts into the named schedule component while preserving accounting bounds.","R/dil_admin_value_rules.R; R/generate_cgt.R; tests/testthat/test-dil-admin-value-rules.R; PLIDA DIL","https://www.ato.gov.au/individuals-and-families/your-tax-return/instructions-to-complete-your-tax-return/mytax-instructions/2024/income/australian-income-or-losses-from-investments-or-property/capital-gains-tax-schedule","The identities are coherent, but the decomposition shares are local synthetic assumptions rather than observed ATO distributions.","no_defensible_rule_identified","Keep typed missing pending an exact source.","No exact public codeframe found in this audit.","","A broad concept or similarly named field is not enough to infer the private ATO value encoding."
"CGT","ACTV_REAL_EST_OTH_R",13,13,13,"character","Active assets - Real estate: Other capital gains","populated",13,0,0,"legacy_cgt_derivation","R/dil_admin_value_rules.R:.dil_cgt_source_value() decomposes the generated CGT total, asset, loss, discount and concession amounts into the named schedule component while preserving accounting bounds.","R/dil_admin_value_rules.R; R/generate_cgt.R; tests/testthat/test-dil-admin-value-rules.R; PLIDA DIL","https://www.ato.gov.au/individuals-and-families/your-tax-return/instructions-to-complete-your-tax-return/mytax-instructions/2024/income/australian-income-or-losses-from-investments-or-property/capital-gains-tax-schedule","The identities are coherent, but the decomposition shares are local synthetic assumptions rather than observed ATO distributions.","no_defensible_rule_identified","Keep typed missing pending an exact source.","No exact public codeframe found in this audit.","","A broad concept or similarly named field is not enough to infer the private ATO value encoding."
"CGT","ACTV_SHARES_UNITS_DISC_N",13,13,13,"character","Active assets - Shares and units (in unit trusts): Capital gains - discount method","populated",13,0,0,"legacy_cgt_derivation","R/dil_admin_value_rules.R:.dil_cgt_source_value() decomposes the generated CGT total, asset, loss, discount and concession amounts into the named schedule component while preserving accounting bounds.","R/dil_admin_value_rules.R; R/generate_cgt.R; tests/testthat/test-dil-admin-value-rules.R; PLIDA DIL","https://www.ato.gov.au/individuals-and-families/your-tax-return/instructions-to-complete-your-tax-return/mytax-instructions/2024/income/australian-income-or-losses-from-investments-or-property/capital-gains-tax-schedule","The identities are coherent, but the decomposition shares are local synthetic assumptions rather than observed ATO distributions.","no_defensible_rule_identified","Keep typed missing pending an exact source.","No exact public codeframe found in this audit.","","A broad concept or similarly named field is not enough to infer the private ATO value encoding."
"CGT","ACTV_SHARES_UNITS_INDX_M",13,13,13,"character","Active assets - Shares and units (in unit trusts): Capital gains - indexation method","populated",13,0,0,"legacy_cgt_derivation","R/dil_admin_value_rules.R:.dil_cgt_source_value() decomposes the generated CGT total, asset, loss, discount and concession amounts into the named schedule component while preserving accounting bounds.","R/dil_admin_value_rules.R; R/generate_cgt.R; tests/testthat/test-dil-admin-value-rules.R; PLIDA DIL","https://www.ato.gov.au/individuals-and-families/your-tax-return/instructions-to-complete-your-tax-return/mytax-instructions/2024/income/australian-income-or-losses-from-investments-or-property/capital-gains-tax-schedule","The identities are coherent, but the decomposition shares are local synthetic assumptions rather than observed ATO distributions.","no_defensible_rule_identified","Keep typed missing pending an exact source.","No exact public codeframe found in this audit.","","A broad concept or similarly named field is not enough to infer the private ATO value encoding."
"CGT","ACTV_SHARES_UNITS_OTH_O",13,13,13,"character","Active assets - Shares and units (in unit trusts): Other capital gains","populated",13,0,0,"legacy_cgt_derivation","R/dil_admin_value_rules.R:.dil_cgt_source_value() decomposes the generated CGT total, asset, loss, discount and concession amounts into the named schedule component while preserving accounting bounds.","R/dil_admin_value_rules.R; R/generate_cgt.R; tests/testthat/test-dil-admin-value-rules.R; PLIDA DIL","https://www.ato.gov.au/individuals-and-families/your-tax-return/instructions-to-complete-your-tax-return/mytax-instructions/2024/income/australian-income-or-losses-from-investments-or-property/capital-gains-tax-schedule","The identities are coherent, but the decomposition shares are local synthetic assumptions rather than observed ATO distributions.","no_defensible_rule_identified","Keep typed missing pending an exact source.","No exact public codeframe found in this audit.","","A broad concept or similarly named field is not enough to infer the private ATO value encoding."
"CGT","CG_ERNT_ARNGMTS_PRTY_CD",24,23,24,"character","Are you a party to an earnout arrangement?","populated",24,0,0,"tax_specific_rule","Populate a deterministic Y/N earnout-arrangement indicator.","R/dil_tax_values.R; tests/testthat/test-dil-tax-values.R; inst/plida_metadata/variables.csv","https://www.ato.gov.au/individuals-and-families/your-tax-return/instructions-to-complete-your-tax-return/mytax-instructions/2024/income/australian-income-or-losses-from-investments-or-property/capital-gains-tax-schedule","The code domain or field semantics are source-backed, but sampled frequencies and record-level assignments remain synthetic.","no_defensible_rule_identified","Keep typed missing pending an exact source.","No exact public codeframe found in this audit.","","A broad concept or similarly named field is not enough to infer the private ATO value encoding."
"CGT","CG_EXMPTN_15_YR_FR_SB_CD",24,23,24,"character","Small business 15 year exemption - exempt capital gains - code","populated",24,0,0,"tax_specific_rule","When small-business concessions apply, sample the public schedule codes S, U, R, G and O; otherwise retain missing.","R/dil_tax_values.R; tests/testthat/test-dil-tax-values.R; inst/plida_metadata/variables.csv","https://www.ato.gov.au/individuals-and-families/your-tax-return/instructions-to-complete-your-tax-return/mytax-instructions/2024/income/australian-income-or-losses-from-investments-or-property/capital-gains-tax-schedule","The code domain or field semantics are source-backed, but sampled frequencies and record-level assignments remain synthetic.","no_defensible_rule_identified","Keep typed missing pending an exact source.","No exact public codeframe found in this audit.","","A broad concept or similarly named field is not enough to infer the private ATO value encoding."
"CGT","CGERNTARNGCPTLGAINLSSTHSYRAMT",24,23,24,"character","Amount of any capital gain or loss you made under your earnout arrangement in the income year.","populated",24,0,0,"legacy_cgt_derivation","R/dil_admin_value_rules.R:.dil_cgt_source_value() decomposes the generated CGT total, asset, loss, discount and concession amounts into the named schedule component while preserving accounting bounds.","R/dil_admin_value_rules.R; R/generate_cgt.R; tests/testthat/test-dil-admin-value-rules.R; PLIDA DIL","https://www.ato.gov.au/individuals-and-families/your-tax-return/instructions-to-complete-your-tax-return/mytax-instructions/2024/income/australian-income-or-losses-from-investments-or-property/capital-gains-tax-schedule","The identities are coherent, but the decomposition shares are local synthetic assumptions rather than observed ATO distributions.","no_defensible_rule_identified","Keep typed missing pending an exact source.","No exact public codeframe found in this audit.","","A broad concept or similarly named field is not enough to infer the private ATO value encoding."
"CGT","CGERNTARNGMNTSYRSRUNFRNUM",24,23,24,"character","How many years does the earnout arrangement run for?","populated",24,0,0,"legacy_cgt_derivation","R/dil_admin_value_rules.R:.dil_cgt_source_value() decomposes the generated CGT total, asset, loss, discount and concession amounts into the named schedule component while preserving accounting bounds.","R/dil_admin_value_rules.R; R/generate_cgt.R; tests/testthat/test-dil-admin-value-rules.R; PLIDA DIL","https://www.ato.gov.au/individuals-and-families/your-tax-return/instructions-to-complete-your-tax-return/mytax-instructions/2024/income/australian-income-or-losses-from-investments-or-property/capital-gains-tax-schedule","The identities are coherent, but the decomposition shares are local synthetic assumptions rather than observed ATO distributions.","no_defensible_rule_identified","Keep typed missing pending an exact source.","No exact public codeframe found in this audit.","","A broad concept or similarly named field is not enough to infer the private ATO value encoding."
"CGT","CYCL_FMIS_T",13,13,13,"character","Current year capital losses - Forestry managed investment scheme interest","populated",13,0,0,"legacy_cgt_derivation","R/dil_admin_value_rules.R:.dil_cgt_source_value() decomposes the generated CGT total, asset, loss, discount and concession amounts into the named schedule component while preserving accounting bounds.","R/dil_admin_value_rules.R; R/generate_cgt.R; tests/testthat/test-dil-admin-value-rules.R; PLIDA DIL","https://www.ato.gov.au/individuals-and-families/your-tax-return/instructions-to-complete-your-tax-return/mytax-instructions/2024/income/australian-income-or-losses-from-investments-or-property/capital-gains-tax-schedule","The identities are coherent, but the decomposition shares are local synthetic assumptions rather than observed ATO distributions.","no_defensible_rule_identified","Keep typed missing pending an exact source.","No exact public codeframe found in this audit.","","A broad concept or similarly named field is not enough to infer the private ATO value encoding."
"CGT","CYCL_HEDG_FINC_U",13,13,13,"character","Current year capital losses - Hedging financial arrangements","populated",13,0,0,"legacy_cgt_derivation","R/dil_admin_value_rules.R:.dil_cgt_source_value() decomposes the generated CGT total, asset, loss, discount and concession amounts into the named schedule component while preserving accounting bounds.","R/dil_admin_value_rules.R; R/generate_cgt.R; tests/testthat/test-dil-admin-value-rules.R; PLIDA DIL","https://www.ato.gov.au/individuals-and-families/your-tax-return/instructions-to-complete-your-tax-return/mytax-instructions/2024/income/australian-income-or-losses-from-investments-or-property/capital-gains-tax-schedule","The identities are coherent, but the decomposition shares are local synthetic assumptions rather than observed ATO distributions.","no_defensible_rule_identified","Keep typed missing pending an exact source.","No exact public codeframe found in this audit.","","A broad concept or similarly named field is not enough to infer the private ATO value encoding."
"CGT","CYCL_REAL_EST_B",24,23,24,"character","Current year capital losses - Real estate","populated",24,0,0,"legacy_cgt_derivation","R/dil_admin_value_rules.R:.dil_cgt_source_value() decomposes the generated CGT total, asset, loss, discount and concession amounts into the named schedule component while preserving accounting bounds.","R/dil_admin_value_rules.R; R/generate_cgt.R; tests/testthat/test-dil-admin-value-rules.R; PLIDA DIL","https://www.ato.gov.au/individuals-and-families/your-tax-return/instructions-to-complete-your-tax-return/mytax-instructions/2024/income/australian-income-or-losses-from-investments-or-property/capital-gains-tax-schedule","The identities are coherent, but the decomposition shares are local synthetic assumptions rather than observed ATO distributions.","no_defensible_rule_identified","Keep typed missing pending an exact source.","No exact public codeframe found in this audit.","","A broad concept or similarly named field is not enough to infer the private ATO value encoding."
"CGT","CYCL_SHARES_UNITS_A",24,23,24,"character","Current year capital losses - Shares and units (in unit trusts)","populated",24,0,0,"legacy_cgt_derivation","R/dil_admin_value_rules.R:.dil_cgt_source_value() decomposes the generated CGT total, asset, loss, discount and concession amounts into the named schedule component while preserving accounting bounds.","R/dil_admin_value_rules.R; R/generate_cgt.R; tests/testthat/test-dil-admin-value-rules.R; PLIDA DIL","https://www.ato.gov.au/individuals-and-families/your-tax-return/instructions-to-complete-your-tax-return/mytax-instructions/2024/income/australian-income-or-losses-from-investments-or-property/capital-gains-tax-schedule","The identities are coherent, but the decomposition shares are local synthetic assumptions rather than observed ATO distributions.","no_defensible_rule_identified","Keep typed missing pending an exact source.","No exact public codeframe found in this audit.","","A broad concept or similarly named field is not enough to infer the private ATO value encoding."
"CGT","D_TOTL_CAP_LSS_APLD_DM_R",13,13,13,"character","Total capital losses applied - discount method","populated",13,0,0,"legacy_cgt_derivation","R/dil_admin_value_rules.R:.dil_cgt_source_value() decomposes the generated CGT total, asset, loss, discount and concession amounts into the named schedule component while preserving accounting bounds.","R/dil_admin_value_rules.R; R/generate_cgt.R; tests/testthat/test-dil-admin-value-rules.R; PLIDA DIL","https://www.ato.gov.au/individuals-and-families/your-tax-return/instructions-to-complete-your-tax-return/mytax-instructions/2024/income/australian-income-or-losses-from-investments-or-property/capital-gains-tax-schedule","The identities are coherent, but the decomposition shares are local synthetic assumptions rather than observed ATO distributions.","no_defensible_rule_identified","Keep typed missing pending an exact source.","No exact public codeframe found in this audit.","","A broad concept or similarly named field is not enough to infer the private ATO value encoding."
"CGT","D_TOTL_CAP_LSS_APLD_IM_Q",13,13,13,"character","Total capital losses applied - indexation method","populated",13,0,0,"legacy_cgt_derivation","R/dil_admin_value_rules.R:.dil_cgt_source_value() decomposes the generated CGT total, asset, loss, discount and concession amounts into the named schedule component while preserving accounting bounds.","R/dil_admin_value_rules.R; R/generate_cgt.R; tests/testthat/test-dil-admin-value-rules.R; PLIDA DIL","https://www.ato.gov.au/individuals-and-families/your-tax-return/instructions-to-complete-your-tax-return/mytax-instructions/2024/income/australian-income-or-losses-from-investments-or-property/capital-gains-tax-schedule","The identities are coherent, but the decomposition shares are local synthetic assumptions rather than observed ATO distributions.","no_defensible_rule_identified","Keep typed missing pending an exact source.","No exact public codeframe found in this audit.","","A broad concept or similarly named field is not enough to infer the private ATO value encoding."
"CGT","D_TOTL_CAP_LSS_APLD_OM_S",13,13,13,"character","Total capital losses applied - Other capital gains","populated",13,0,0,"legacy_cgt_derivation","R/dil_admin_value_rules.R:.dil_cgt_source_value() decomposes the generated CGT total, asset, loss, discount and concession amounts into the named schedule component while preserving accounting bounds.","R/dil_admin_value_rules.R; R/generate_cgt.R; tests/testthat/test-dil-admin-value-rules.R; PLIDA DIL","https://www.ato.gov.au/individuals-and-families/your-tax-return/instructions-to-complete-your-tax-return/mytax-instructions/2024/income/australian-income-or-losses-from-investments-or-property/capital-gains-tax-schedule","The identities are coherent, but the decomposition shares are local synthetic assumptions rather than observed ATO distributions.","no_defensible_rule_identified","Keep typed missing pending an exact source.","No exact public codeframe found in this audit.","","A broad concept or similarly named field is not enough to infer the private ATO value encoding."
"CGT","E_CYCG_ACTV_DISC_E",13,13,13,"character","Active assets - Capital gains - discount method","populated",13,0,0,"legacy_cgt_derivation","R/dil_admin_value_rules.R:.dil_cgt_source_value() decomposes the generated CGT total, asset, loss, discount and concession amounts into the named schedule component while preserving accounting bounds.","R/dil_admin_value_rules.R; R/generate_cgt.R; tests/testthat/test-dil-admin-value-rules.R; PLIDA DIL","https://www.ato.gov.au/individuals-and-families/your-tax-return/instructions-to-complete-your-tax-return/mytax-instructions/2024/income/australian-income-or-losses-from-investments-or-property/capital-gains-tax-schedule","The identities are coherent, but the decomposition shares are local synthetic assumptions rather than observed ATO distributions.","no_defensible_rule_identified","Keep typed missing pending an exact source.","No exact public codeframe found in this audit.","","A broad concept or similarly named field is not enough to infer the private ATO value encoding."
"CGT","E_CYCG_ACTV_INDX_D",13,13,13,"character","Active assets - Capital gains - indexation method","populated",13,0,0,"legacy_cgt_derivation","R/dil_admin_value_rules.R:.dil_cgt_source_value() decomposes the generated CGT total, asset, loss, discount and concession amounts into the named schedule component while preserving accounting bounds.","R/dil_admin_value_rules.R; R/generate_cgt.R; tests/testthat/test-dil-admin-value-rules.R; PLIDA DIL","https://www.ato.gov.au/individuals-and-families/your-tax-return/instructions-to-complete-your-tax-return/mytax-instructions/2024/income/australian-income-or-losses-from-investments-or-property/capital-gains-tax-schedule","The identities are coherent, but the decomposition shares are local synthetic assumptions rather than observed ATO distributions.","no_defensible_rule_identified","Keep typed missing pending an exact source.","No exact public codeframe found in this audit.","","A broad concept or similarly named field is not enough to infer the private ATO value encoding."
"CGT","E_CYCG_ACTV_OTH_F",12,12,12,"character","Active assets - other capital gains","populated",12,0,0,"legacy_cgt_derivation","R/dil_admin_value_rules.R:.dil_cgt_source_value() decomposes the generated CGT total, asset, loss, discount and concession amounts into the named schedule component while preserving accounting bounds.","R/dil_admin_value_rules.R; R/generate_cgt.R; tests/testthat/test-dil-admin-value-rules.R; PLIDA DIL","https://www.ato.gov.au/individuals-and-families/your-tax-return/instructions-to-complete-your-tax-return/mytax-instructions/2024/income/australian-income-or-losses-from-investments-or-property/capital-gains-tax-schedule","The identities are coherent, but the decomposition shares are local synthetic assumptions rather than observed ATO distributions.","no_defensible_rule_identified","Keep typed missing pending an exact source.","No exact public codeframe found in this audit.","","A broad concept or similarly named field is not enough to infer the private ATO value encoding."
"CGT","E_CYCG_N_ACTV_DISC_B",13,13,13,"character","Non-active assets - Capital gains - discount method","populated",13,0,0,"legacy_cgt_derivation","R/dil_admin_value_rules.R:.dil_cgt_source_value() decomposes the generated CGT total, asset, loss, discount and concession amounts into the named schedule component while preserving accounting bounds.","R/dil_admin_value_rules.R; R/generate_cgt.R; tests/testthat/test-dil-admin-value-rules.R; PLIDA DIL","https://www.ato.gov.au/individuals-and-families/your-tax-return/instructions-to-complete-your-tax-return/mytax-instructions/2024/income/australian-income-or-losses-from-investments-or-property/capital-gains-tax-schedule","The identities are coherent, but the decomposition shares are local synthetic assumptions rather than observed ATO distributions.","no_defensible_rule_identified","Keep typed missing pending an exact source.","No exact public codeframe found in this audit.","","A broad concept or similarly named field is not enough to infer the private ATO value encoding."
"CGT","E_CYCG_N_ACTV_INDX_A",13,13,13,"character","Non-active assets - Capital gains - indexation method","populated",13,0,0,"legacy_cgt_derivation","R/dil_admin_value_rules.R:.dil_cgt_source_value() decomposes the generated CGT total, asset, loss, discount and concession amounts into the named schedule component while preserving accounting bounds.","R/dil_admin_value_rules.R; R/generate_cgt.R; tests/testthat/test-dil-admin-value-rules.R; PLIDA DIL","https://www.ato.gov.au/individuals-and-families/your-tax-return/instructions-to-complete-your-tax-return/mytax-instructions/2024/income/australian-income-or-losses-from-investments-or-property/capital-gains-tax-schedule","The identities are coherent, but the decomposition shares are local synthetic assumptions rather than observed ATO distributions.","no_defensible_rule_identified","Keep typed missing pending an exact source.","No exact public codeframe found in this audit.","","A broad concept or similarly named field is not enough to infer the private ATO value encoding."
"CGT","E_CYCG_N_ACTV_OTH_C",12,12,12,"character","Non-active assets - other capital gains","populated",12,0,0,"legacy_cgt_derivation","R/dil_admin_value_rules.R:.dil_cgt_source_value() decomposes the generated CGT total, asset, loss, discount and concession amounts into the named schedule component while preserving accounting bounds.","R/dil_admin_value_rules.R; R/generate_cgt.R; tests/testthat/test-dil-admin-value-rules.R; PLIDA DIL","https://www.ato.gov.au/individuals-and-families/your-tax-return/instructions-to-complete-your-tax-return/mytax-instructions/2024/income/australian-income-or-losses-from-investments-or-property/capital-gains-tax-schedule","The identities are coherent, but the decomposition shares are local synthetic assumptions rather than observed ATO distributions.","no_defensible_rule_identified","Keep typed missing pending an exact source.","No exact public codeframe found in this audit.","","A broad concept or similarly named field is not enough to infer the private ATO value encoding."
"CGT","E_TOTL_CYCG_LSS_APLD_DM_H",13,13,13,"character","Totals - CYCG after applying capital losses - Capital gains - discount method","populated",13,0,0,"legacy_cgt_derivation","R/dil_admin_value_rules.R:.dil_cgt_source_value() decomposes the generated CGT total, asset, loss, discount and concession amounts into the named schedule component while preserving accounting bounds.","R/dil_admin_value_rules.R; R/generate_cgt.R; tests/testthat/test-dil-admin-value-rules.R; PLIDA DIL","https://www.ato.gov.au/individuals-and-families/your-tax-return/instructions-to-complete-your-tax-return/mytax-instructions/2024/income/australian-income-or-losses-from-investments-or-property/capital-gains-tax-schedule","The identities are coherent, but the decomposition shares are local synthetic assumptions rather than observed ATO distributions.","no_defensible_rule_identified","Keep typed missing pending an exact source.","No exact public codeframe found in this audit.","","A broad concept or similarly named field is not enough to infer the private ATO value encoding."
"CGT","E_TOTL_CYCG_LSS_APLD_IM_G",13,13,13,"character","Totals - CYCG after applying capital losses - Capital gains - indexation method","populated",13,0,0,"legacy_cgt_derivation","R/dil_admin_value_rules.R:.dil_cgt_source_value() decomposes the generated CGT total, asset, loss, discount and concession amounts into the named schedule component while preserving accounting bounds.","R/dil_admin_value_rules.R; R/generate_cgt.R; tests/testthat/test-dil-admin-value-rules.R; PLIDA DIL","https://www.ato.gov.au/individuals-and-families/your-tax-return/instructions-to-complete-your-tax-return/mytax-instructions/2024/income/australian-income-or-losses-from-investments-or-property/capital-gains-tax-schedule","The identities are coherent, but the decomposition shares are local synthetic assumptions rather than observed ATO distributions.","no_defensible_rule_identified","Keep typed missing pending an exact source.","No exact public codeframe found in this audit.","","A broad concept or similarly named field is not enough to infer the private ATO value encoding."
"CGT","E_TOTL_CYCG_LSS_APLD_OM_I",13,13,13,"character","Totals - CYCG after applying capital losses - Other capital gains","populated",13,0,0,"legacy_cgt_derivation","R/dil_admin_value_rules.R:.dil_cgt_source_value() decomposes the generated CGT total, asset, loss, discount and concession amounts into the named schedule component while preserving accounting bounds.","R/dil_admin_value_rules.R; R/generate_cgt.R; tests/testthat/test-dil-admin-value-rules.R; PLIDA DIL","https://www.ato.gov.au/individuals-and-families/your-tax-return/instructions-to-complete-your-tax-return/mytax-instructions/2024/income/australian-income-or-losses-from-investments-or-property/capital-gains-tax-schedule","The identities are coherent, but the decomposition shares are local synthetic assumptions rather than observed ATO distributions.","no_defensible_rule_identified","Keep typed missing pending an exact source.","No exact public codeframe found in this audit.","","A broad concept or similarly named field is not enough to infer the private ATO value encoding."
"CGT","ENTITY_TYPE",24,23,24,"character","Entity type","populated",24,0,0,"tax_specific_rule","Populate I because project_cgt() emits individual schedules.","R/dil_tax_values.R; tests/testthat/test-dil-tax-values.R; inst/plida_metadata/variables.csv","https://www.ato.gov.au/individuals-and-families/your-tax-return/instructions-to-complete-your-tax-return/mytax-instructions/2024/income/australian-income-or-losses-from-investments-or-property/capital-gains-tax-schedule","The code domain or field semantics are source-backed, but sampled frequencies and record-level assignments remain synthetic.","no_defensible_rule_identified","Keep typed missing pending an exact source.","No exact public codeframe found in this audit.","","A broad concept or similarly named field is not enough to infer the private ATO value encoding."
"CGT","F_CGT_DISC_ACTV_K",13,13,13,"character","From active assets - Capital gains - discount method","populated",13,0,0,"legacy_cgt_derivation","R/dil_admin_value_rules.R:.dil_cgt_source_value() decomposes the generated CGT total, asset, loss, discount and concession amounts into the named schedule component while preserving accounting bounds.","R/dil_admin_value_rules.R; R/generate_cgt.R; tests/testthat/test-dil-admin-value-rules.R; PLIDA DIL","https://www.ato.gov.au/individuals-and-families/your-tax-return/instructions-to-complete-your-tax-return/mytax-instructions/2024/income/australian-income-or-losses-from-investments-or-property/capital-gains-tax-schedule","The identities are coherent, but the decomposition shares are local synthetic assumptions rather than observed ATO distributions.","no_defensible_rule_identified","Keep typed missing pending an exact source.","No exact public codeframe found in this audit.","","A broad concept or similarly named field is not enough to infer the private ATO value encoding."
"CGT","F_CGT_DISC_N_ACTV_J",13,13,13,"character","From non-active assets - Capital gains - discount method","populated",13,0,0,"legacy_cgt_derivation","R/dil_admin_value_rules.R:.dil_cgt_source_value() decomposes the generated CGT total, asset, loss, discount and concession amounts into the named schedule component while preserving accounting bounds.","R/dil_admin_value_rules.R; R/generate_cgt.R; tests/testthat/test-dil-admin-value-rules.R; PLIDA DIL","https://www.ato.gov.au/individuals-and-families/your-tax-return/instructions-to-complete-your-tax-return/mytax-instructions/2024/income/australian-income-or-losses-from-investments-or-property/capital-gains-tax-schedule","The identities are coherent, but the decomposition shares are local synthetic assumptions rather than observed ATO distributions.","no_defensible_rule_identified","Keep typed missing pending an exact source.","No exact public codeframe found in this audit.","","A broad concept or similarly named field is not enough to infer the private ATO value encoding."
"CGT","G_SB_CONC_ACT_ATS_DISC_M",13,13,13,"character","Small business active asset reduction - Capital gains - discount method","populated",13,0,0,"legacy_cgt_derivation","R/dil_admin_value_rules.R:.dil_cgt_source_value() decomposes the generated CGT total, asset, loss, discount and concession amounts into the named schedule component while preserving accounting bounds.","R/dil_admin_value_rules.R; R/generate_cgt.R; tests/testthat/test-dil-admin-value-rules.R; PLIDA DIL","https://www.ato.gov.au/individuals-and-families/your-tax-return/instructions-to-complete-your-tax-return/mytax-instructions/2024/income/australian-income-or-losses-from-investments-or-property/capital-gains-tax-schedule","The identities are coherent, but the decomposition shares are local synthetic assumptions rather than observed ATO distributions.","no_defensible_rule_identified","Keep typed missing pending an exact source.","No exact public codeframe found in this audit.","","A broad concept or similarly named field is not enough to infer the private ATO value encoding."
"CGT","G_SB_CONC_BUS_RLVR_OTH_T",13,13,13,"character","Small business roll-over - Other capital gains","populated",13,0,0,"legacy_cgt_derivation","R/dil_admin_value_rules.R:.dil_cgt_source_value() decomposes the generated CGT total, asset, loss, discount and concession amounts into the named schedule component while preserving accounting bounds.","R/dil_admin_value_rules.R; R/generate_cgt.R; tests/testthat/test-dil-admin-value-rules.R; PLIDA DIL","https://www.ato.gov.au/individuals-and-families/your-tax-return/instructions-to-complete-your-tax-return/mytax-instructions/2024/income/australian-income-or-losses-from-investments-or-property/capital-gains-tax-schedule","The identities are coherent, but the decomposition shares are local synthetic assumptions rather than observed ATO distributions.","no_defensible_rule_identified","Keep typed missing pending an exact source.","No exact public codeframe found in this audit.","","A broad concept or similarly named field is not enough to infer the private ATO value encoding."
"CGT","G_SB_CONC_BUSRLVR_DISC_S",13,13,13,"character","Small business roll-over - Capital gains - discount method","populated",13,0,0,"legacy_cgt_derivation","R/dil_admin_value_rules.R:.dil_cgt_source_value() decomposes the generated CGT total, asset, loss, discount and concession amounts into the named schedule component while preserving accounting bounds.","R/dil_admin_value_rules.R; R/generate_cgt.R; tests/testthat/test-dil-admin-value-rules.R; PLIDA DIL","https://www.ato.gov.au/individuals-and-families/your-tax-return/instructions-to-complete-your-tax-return/mytax-instructions/2024/income/australian-income-or-losses-from-investments-or-property/capital-gains-tax-schedule","The identities are coherent, but the decomposition shares are local synthetic assumptions rather than observed ATO distributions.","no_defensible_rule_identified","Keep typed missing pending an exact source.","No exact public codeframe found in this audit.","","A broad concept or similarly named field is not enough to infer the private ATO value encoding."
"CGT","G_SB_CONCACTVASST_INDX_L",13,13,13,"character","Small business active asset reduction - Capital gains - indexation method","populated",13,0,0,"legacy_cgt_derivation","R/dil_admin_value_rules.R:.dil_cgt_source_value() decomposes the generated CGT total, asset, loss, discount and concession amounts into the named schedule component while preserving accounting bounds.","R/dil_admin_value_rules.R; R/generate_cgt.R; tests/testthat/test-dil-admin-value-rules.R; PLIDA DIL","https://www.ato.gov.au/individuals-and-families/your-tax-return/instructions-to-complete-your-tax-return/mytax-instructions/2024/income/australian-income-or-losses-from-investments-or-property/capital-gains-tax-schedule","The identities are coherent, but the decomposition shares are local synthetic assumptions rather than observed ATO distributions.","no_defensible_rule_identified","Keep typed missing pending an exact source.","No exact public codeframe found in this audit.","","A broad concept or similarly named field is not enough to infer the private ATO value encoding."
"CGT","G_SB_CONCACTVASST_OTH_N",13,13,13,"character","Small business active asset reduction - Other capital gains","populated",13,0,0,"legacy_cgt_derivation","R/dil_admin_value_rules.R:.dil_cgt_source_value() decomposes the generated CGT total, asset, loss, discount and concession amounts into the named schedule component while preserving accounting bounds.","R/dil_admin_value_rules.R; R/generate_cgt.R; tests/testthat/test-dil-admin-value-rules.R; PLIDA DIL","https://www.ato.gov.au/individuals-and-families/your-tax-return/instructions-to-complete-your-tax-return/mytax-instructions/2024/income/australian-income-or-losses-from-investments-or-property/capital-gains-tax-schedule","The identities are coherent, but the decomposition shares are local synthetic assumptions rather than observed ATO distributions.","no_defensible_rule_identified","Keep typed missing pending an exact source.","No exact public codeframe found in this audit.","","A broad concept or similarly named field is not enough to infer the private ATO value encoding."
"CGT","G_SB_CONCBUS_RLVR_INDX_R",13,13,13,"character","Small business roll-over - Capital gains - indexation method","populated",13,0,0,"legacy_cgt_derivation","R/dil_admin_value_rules.R:.dil_cgt_source_value() decomposes the generated CGT total, asset, loss, discount and concession amounts into the named schedule component while preserving accounting bounds.","R/dil_admin_value_rules.R; R/generate_cgt.R; tests/testthat/test-dil-admin-value-rules.R; PLIDA DIL","https://www.ato.gov.au/individuals-and-families/your-tax-return/instructions-to-complete-your-tax-return/mytax-instructions/2024/income/australian-income-or-losses-from-investments-or-property/capital-gains-tax-schedule","The identities are coherent, but the decomposition shares are local synthetic assumptions rather than observed ATO distributions.","no_defensible_rule_identified","Keep typed missing pending an exact source.","No exact public codeframe found in this audit.","","A broad concept or similarly named field is not enough to infer the private ATO value encoding."
"CGT","G_SB_CONCBUSRETIRE_DISC_P",13,13,13,"character","Small business retirement exemption - Capital gains - discount method","populated",13,0,0,"legacy_cgt_derivation","R/dil_admin_value_rules.R:.dil_cgt_source_value() decomposes the generated CGT total, asset, loss, discount and concession amounts into the named schedule component while preserving accounting bounds.","R/dil_admin_value_rules.R; R/generate_cgt.R; tests/testthat/test-dil-admin-value-rules.R; PLIDA DIL","https://www.ato.gov.au/individuals-and-families/your-tax-return/instructions-to-complete-your-tax-return/mytax-instructions/2024/income/australian-income-or-losses-from-investments-or-property/capital-gains-tax-schedule","The identities are coherent, but the decomposition shares are local synthetic assumptions rather than observed ATO distributions.","no_defensible_rule_identified","Keep typed missing pending an exact source.","No exact public codeframe found in this audit.","","A broad concept or similarly named field is not enough to infer the private ATO value encoding."
"CGT","G_SB_CONCBUSRTIRE_INDX_O",13,13,13,"character","Small business retirement exemption - Capital gains - indexation method","populated",13,0,0,"legacy_cgt_derivation","R/dil_admin_value_rules.R:.dil_cgt_source_value() decomposes the generated CGT total, asset, loss, discount and concession amounts into the named schedule component while preserving accounting bounds.","R/dil_admin_value_rules.R; R/generate_cgt.R; tests/testthat/test-dil-admin-value-rules.R; PLIDA DIL","https://www.ato.gov.au/individuals-and-families/your-tax-return/instructions-to-complete-your-tax-return/mytax-instructions/2024/income/australian-income-or-losses-from-investments-or-property/capital-gains-tax-schedule","The identities are coherent, but the decomposition shares are local synthetic assumptions rather than observed ATO distributions.","no_defensible_rule_identified","Keep typed missing pending an exact source.","No exact public codeframe found in this audit.","","A broad concept or similarly named field is not enough to infer the private ATO value encoding."
"CGT","G_SB_CONCBUSRTIRE_OTH_Q",13,13,13,"character","Small business retirement exemption - Other capital gains","populated",13,0,0,"legacy_cgt_derivation","R/dil_admin_value_rules.R:.dil_cgt_source_value() decomposes the generated CGT total, asset, loss, discount and concession amounts into the named schedule component while preserving accounting bounds.","R/dil_admin_value_rules.R; R/generate_cgt.R; tests/testthat/test-dil-admin-value-rules.R; PLIDA DIL","https://www.ato.gov.au/individuals-and-families/your-tax-return/instructions-to-complete-your-tax-return/mytax-instructions/2024/income/australian-income-or-losses-from-investments-or-property/capital-gains-tax-schedule","The identities are coherent, but the decomposition shares are local synthetic assumptions rather than observed ATO distributions.","no_defensible_rule_identified","Keep typed missing pending an exact source.","No exact public codeframe found in this audit.","","A broad concept or similarly named field is not enough to infer the private ATO value encoding."
"CGT","H_CG_DISC_E",13,13,13,"character","Net capital gains from discount method","populated",13,0,0,"legacy_cgt_derivation","R/dil_admin_value_rules.R:.dil_cgt_source_value() decomposes the generated CGT total, asset, loss, discount and concession amounts into the named schedule component while preserving accounting bounds.","R/dil_admin_value_rules.R; R/generate_cgt.R; tests/testthat/test-dil-admin-value-rules.R; PLIDA DIL","https://www.ato.gov.au/individuals-and-families/your-tax-return/instructions-to-complete-your-tax-return/mytax-instructions/2024/income/australian-income-or-losses-from-investments-or-property/capital-gains-tax-schedule","The identities are coherent, but the decomposition shares are local synthetic assumptions rather than observed ATO distributions.","no_defensible_rule_identified","Keep typed missing pending an exact source.","No exact public codeframe found in this audit.","","A broad concept or similarly named field is not enough to infer the private ATO value encoding."
"CGT","H_CG_INDX_D",13,13,13,"character","Net capital gains from indexation method","populated",13,0,0,"legacy_cgt_derivation","R/dil_admin_value_rules.R:.dil_cgt_source_value() decomposes the generated CGT total, asset, loss, discount and concession amounts into the named schedule component while preserving accounting bounds.","R/dil_admin_value_rules.R; R/generate_cgt.R; tests/testthat/test-dil-admin-value-rules.R; PLIDA DIL","https://www.ato.gov.au/individuals-and-families/your-tax-return/instructions-to-complete-your-tax-return/mytax-instructions/2024/income/australian-income-or-losses-from-investments-or-property/capital-gains-tax-schedule","The identities are coherent, but the decomposition shares are local synthetic assumptions rather than observed ATO distributions.","no_defensible_rule_identified","Keep typed missing pending an exact source.","No exact public codeframe found in this audit.","","A broad concept or similarly named field is not enough to infer the private ATO value encoding."
"CGT","H_CG_OTH_F",13,13,13,"character","Net capital gains from Other capital gains","populated",13,0,0,"legacy_cgt_derivation","R/dil_admin_value_rules.R:.dil_cgt_source_value() decomposes the generated CGT total, asset, loss, discount and concession amounts into the named schedule component while preserving accounting bounds.","R/dil_admin_value_rules.R; R/generate_cgt.R; tests/testthat/test-dil-admin-value-rules.R; PLIDA DIL","https://www.ato.gov.au/individuals-and-families/your-tax-return/instructions-to-complete-your-tax-return/mytax-instructions/2024/income/australian-income-or-losses-from-investments-or-property/capital-gains-tax-schedule","The identities are coherent, but the decomposition shares are local synthetic assumptions rather than observed ATO distributions.","no_defensible_rule_identified","Keep typed missing pending an exact source.","No exact public codeframe found in this audit.","","A broad concept or similarly named field is not enough to infer the private ATO value encoding."
"CGT","H_TOTALSB_CONCS_DISC_B",13,13,13,"character","Totals - CGT discount and small business concessions - Capital gains - discount method","populated",13,0,0,"legacy_cgt_derivation","R/dil_admin_value_rules.R:.dil_cgt_source_value() decomposes the generated CGT total, asset, loss, discount and concession amounts into the named schedule component while preserving accounting bounds.","R/dil_admin_value_rules.R; R/generate_cgt.R; tests/testthat/test-dil-admin-value-rules.R; PLIDA DIL","https://www.ato.gov.au/individuals-and-families/your-tax-return/instructions-to-complete-your-tax-return/mytax-instructions/2024/income/australian-income-or-losses-from-investments-or-property/capital-gains-tax-schedule","The identities are coherent, but the decomposition shares are local synthetic assumptions rather than observed ATO distributions.","no_defensible_rule_identified","Keep typed missing pending an exact source.","No exact public codeframe found in this audit.","","A broad concept or similarly named field is not enough to infer the private ATO value encoding."
"CGT","H_TOTALSB_CONCS_INDX_A",13,13,13,"character","Totals - CGT discount and small business concessions - Capital gains - indexation method","populated",13,0,0,"legacy_cgt_derivation","R/dil_admin_value_rules.R:.dil_cgt_source_value() decomposes the generated CGT total, asset, loss, discount and concession amounts into the named schedule component while preserving accounting bounds.","R/dil_admin_value_rules.R; R/generate_cgt.R; tests/testthat/test-dil-admin-value-rules.R; PLIDA DIL","https://www.ato.gov.au/individuals-and-families/your-tax-return/instructions-to-complete-your-tax-return/mytax-instructions/2024/income/australian-income-or-losses-from-investments-or-property/capital-gains-tax-schedule","The identities are coherent, but the decomposition shares are local synthetic assumptions rather than observed ATO distributions.","no_defensible_rule_identified","Keep typed missing pending an exact source.","No exact public codeframe found in this audit.","","A broad concept or similarly named field is not enough to infer the private ATO value encoding."
"CGT","H_TOTALSB_CONCS_OTH_C",13,13,13,"character","Totals - CGT discount and small business concessions - Other capital gains","populated",13,0,0,"legacy_cgt_derivation","R/dil_admin_value_rules.R:.dil_cgt_source_value() decomposes the generated CGT total, asset, loss, discount and concession amounts into the named schedule component while preserving accounting bounds.","R/dil_admin_value_rules.R; R/generate_cgt.R; tests/testthat/test-dil-admin-value-rules.R; PLIDA DIL","https://www.ato.gov.au/individuals-and-families/your-tax-return/instructions-to-complete-your-tax-return/mytax-instructions/2024/income/australian-income-or-losses-from-investments-or-property/capital-gains-tax-schedule","The identities are coherent, but the decomposition shares are local synthetic assumptions rather than observed ATO distributions.","no_defensible_rule_identified","Keep typed missing pending an exact source.","No exact public codeframe found in this audit.","","A broad concept or similarly named field is not enough to infer the private ATO value encoding."
"CGT","K_SCRPT_ORIGINAL_CASH_D",13,13,13,"character","Cash and other considerations","populated",13,0,0,"legacy_cgt_derivation","R/dil_admin_value_rules.R:.dil_cgt_source_value() decomposes the generated CGT total, asset, loss, discount and concession amounts into the named schedule component while preserving accounting bounds.","R/dil_admin_value_rules.R; R/generate_cgt.R; tests/testthat/test-dil-admin-value-rules.R; PLIDA DIL","https://www.ato.gov.au/individuals-and-families/your-tax-return/instructions-to-complete-your-tax-return/mytax-instructions/2024/income/australian-income-or-losses-from-investments-or-property/capital-gains-tax-schedule","The identities are coherent, but the decomposition shares are local synthetic assumptions rather than observed ATO distributions.","no_defensible_rule_identified","Keep typed missing pending an exact source.","No exact public codeframe found in this audit.","","A broad concept or similarly named field is not enough to infer the private ATO value encoding."
"CGT","K_SCRPT_RLOVR_CD_A",13,13,13,"character","Roll-over chosen?","populated",13,0,0,"tax_specific_rule","Populate the coherent scrip-rollover Y/N field from one shared synthetic rollover context.","R/dil_tax_values.R; tests/testthat/test-dil-tax-values.R; inst/plida_metadata/variables.csv","https://www.ato.gov.au/individuals-and-families/your-tax-return/instructions-to-complete-your-tax-return/mytax-instructions/2024/income/australian-income-or-losses-from-investments-or-property/capital-gains-tax-schedule","The code domain or field semantics are source-backed, but sampled frequencies and record-level assignments remain synthetic.","no_defensible_rule_identified","Keep typed missing pending an exact source.","No exact public codeframe found in this audit.","","A broad concept or similarly named field is not enough to infer the private ATO value encoding."
"CGT","L_SCRPT_ACQ_ENT_CD_E",12,12,12,"character","Acquiring entity?","populated",12,0,0,"tax_specific_rule","Populate the coherent scrip-rollover Y/N field from one shared synthetic rollover context.","R/dil_tax_values.R; tests/testthat/test-dil-tax-values.R; inst/plida_metadata/variables.csv","https://www.ato.gov.au/individuals-and-families/your-tax-return/instructions-to-complete-your-tax-return/mytax-instructions/2024/income/australian-income-or-losses-from-investments-or-property/capital-gains-tax-schedule","The code domain or field semantics are source-backed, but sampled frequencies and record-level assignments remain synthetic.","no_defensible_rule_identified","Keep typed missing pending an exact source.","No exact public codeframe found in this audit.","","A broad concept or similarly named field is not enough to infer the private ATO value encoding."
"CGT","L_SCRPT_ACQ_ENT_JNT_RLOVR_L",13,13,13,"character","Joint choice for rollover","populated",13,0,0,"tax_specific_rule","Populate the coherent scrip-rollover Y/N field from one shared synthetic rollover context.","R/dil_tax_values.R; tests/testthat/test-dil-tax-values.R; inst/plida_metadata/variables.csv","https://www.ato.gov.au/individuals-and-families/your-tax-return/instructions-to-complete-your-tax-return/mytax-instructions/2024/income/australian-income-or-losses-from-investments-or-property/capital-gains-tax-schedule","The code domain or field semantics are source-backed, but sampled frequencies and record-level assignments remain synthetic.","no_defensible_rule_identified","Keep typed missing pending an exact source.","No exact public codeframe found in this audit.","","A broad concept or similarly named field is not enough to infer the private ATO value encoding."
"CGT","M_EMPLYEE_SHARE_SCHM_N",13,13,13,"character","To be completed by companies only","synthetic_structural",0,13,0,"typed_structural_missing","R/dil_tax_values.R returns NA_character_. The fields apply to company schedules, while project_cgt() emits individual schedules.","R/dil_tax_values.R; R/generate_cgt.R; PLIDA DIL","https://www.ato.gov.au/individuals-and-families/your-tax-return/instructions-to-complete-your-tax-return/mytax-instructions/2024/income/australian-income-or-losses-from-investments-or-property/capital-gains-tax-schedule","This determination is correct only for the current person-schedule generator; a future company/trust CGT source must populate the fields.","no_defensible_rule_identified","Keep typed missing pending an exact source.","No exact public codeframe found in this audit.","","A broad concept or similarly named field is not enough to infer the private ATO value encoding."
"CGT","N_ACTV_COLLECT_DISC_K",13,13,13,"character","Non-active assets - Collectables: Capital gains - discount method","populated",13,0,0,"legacy_cgt_derivation","R/dil_admin_value_rules.R:.dil_cgt_source_value() decomposes the generated CGT total, asset, loss, discount and concession amounts into the named schedule component while preserving accounting bounds.","R/dil_admin_value_rules.R; R/generate_cgt.R; tests/testthat/test-dil-admin-value-rules.R; PLIDA DIL","https://www.ato.gov.au/individuals-and-families/your-tax-return/instructions-to-complete-your-tax-return/mytax-instructions/2024/income/australian-income-or-losses-from-investments-or-property/capital-gains-tax-schedule","The identities are coherent, but the decomposition shares are local synthetic assumptions rather than observed ATO distributions.","no_defensible_rule_identified","Keep typed missing pending an exact source.","No exact public codeframe found in this audit.","","A broad concept or similarly named field is not enough to infer the private ATO value encoding."
"CGT","N_ACTV_COLLECT_INDX_J",13,13,13,"character","Non-active assets - Collectables: Capital gains - indexation method","populated",13,0,0,"legacy_cgt_derivation","R/dil_admin_value_rules.R:.dil_cgt_source_value() decomposes the generated CGT total, asset, loss, discount and concession amounts into the named schedule component while preserving accounting bounds.","R/dil_admin_value_rules.R; R/generate_cgt.R; tests/testthat/test-dil-admin-value-rules.R; PLIDA DIL","https://www.ato.gov.au/individuals-and-families/your-tax-return/instructions-to-complete-your-tax-return/mytax-instructions/2024/income/australian-income-or-losses-from-investments-or-property/capital-gains-tax-schedule","The identities are coherent, but the decomposition shares are local synthetic assumptions rather than observed ATO distributions.","no_defensible_rule_identified","Keep typed missing pending an exact source.","No exact public codeframe found in this audit.","","A broad concept or similarly named field is not enough to infer the private ATO value encoding."
"CGT","N_ACTV_COLLECT_OTH_L",13,13,13,"character","Non-active assets - Collectables: Other capital gains","populated",13,0,0,"legacy_cgt_derivation","R/dil_admin_value_rules.R:.dil_cgt_source_value() decomposes the generated CGT total, asset, loss, discount and concession amounts into the named schedule component while preserving accounting bounds.","R/dil_admin_value_rules.R; R/generate_cgt.R; tests/testthat/test-dil-admin-value-rules.R; PLIDA DIL","https://www.ato.gov.au/individuals-and-families/your-tax-return/instructions-to-complete-your-tax-return/mytax-instructions/2024/income/australian-income-or-losses-from-investments-or-property/capital-gains-tax-schedule","The identities are coherent, but the decomposition shares are local synthetic assumptions rather than observed ATO distributions.","no_defensible_rule_identified","Keep typed missing pending an exact source.","No exact public codeframe found in this audit.","","A broad concept or similarly named field is not enough to infer the private ATO value encoding."
"CGT","N_ACTV_FMIS_DISC_Z",13,13,13,"character","Non-active assets - Forestry managed investment scheme interest: Capital gains - discount method","populated",13,0,0,"legacy_cgt_derivation","R/dil_admin_value_rules.R:.dil_cgt_source_value() decomposes the generated CGT total, asset, loss, discount and concession amounts into the named schedule component while preserving accounting bounds.","R/dil_admin_value_rules.R; R/generate_cgt.R; tests/testthat/test-dil-admin-value-rules.R; PLIDA DIL","https://www.ato.gov.au/individuals-and-families/your-tax-return/instructions-to-complete-your-tax-return/mytax-instructions/2024/income/australian-income-or-losses-from-investments-or-property/capital-gains-tax-schedule","The identities are coherent, but the decomposition shares are local synthetic assumptions rather than observed ATO distributions.","no_defensible_rule_identified","Keep typed missing pending an exact source.","No exact public codeframe found in this audit.","","A broad concept or similarly named field is not enough to infer the private ATO value encoding."
"CGT","N_ACTV_FMIS_INDX_Y",13,13,13,"character","Non-active assets - Forestry managed investment scheme interest: Capital gains - indexation method","populated",13,0,0,"legacy_cgt_derivation","R/dil_admin_value_rules.R:.dil_cgt_source_value() decomposes the generated CGT total, asset, loss, discount and concession amounts into the named schedule component while preserving accounting bounds.","R/dil_admin_value_rules.R; R/generate_cgt.R; tests/testthat/test-dil-admin-value-rules.R; PLIDA DIL","https://www.ato.gov.au/individuals-and-families/your-tax-return/instructions-to-complete-your-tax-return/mytax-instructions/2024/income/australian-income-or-losses-from-investments-or-property/capital-gains-tax-schedule","The identities are coherent, but the decomposition shares are local synthetic assumptions rather than observed ATO distributions.","no_defensible_rule_identified","Keep typed missing pending an exact source.","No exact public codeframe found in this audit.","","A broad concept or similarly named field is not enough to infer the private ATO value encoding."
"CGT","N_ACTV_FMIS_OTH_A",13,13,13,"character","Non-active assets - Forestry managed investment scheme interest: Other capital gains","populated",13,0,0,"legacy_cgt_derivation","R/dil_admin_value_rules.R:.dil_cgt_source_value() decomposes the generated CGT total, asset, loss, discount and concession amounts into the named schedule component while preserving accounting bounds.","R/dil_admin_value_rules.R; R/generate_cgt.R; tests/testthat/test-dil-admin-value-rules.R; PLIDA DIL","https://www.ato.gov.au/individuals-and-families/your-tax-return/instructions-to-complete-your-tax-return/mytax-instructions/2024/income/australian-income-or-losses-from-investments-or-property/capital-gains-tax-schedule","The identities are coherent, but the decomposition shares are local synthetic assumptions rather than observed ATO distributions.","no_defensible_rule_identified","Keep typed missing pending an exact source.","No exact public codeframe found in this audit.","","A broad concept or similarly named field is not enough to infer the private ATO value encoding."
"CGT","N_ACTV_HEDG_FINC_DISC_F",13,13,13,"character","Non-active assets - Hedging financial arrangements: Capital gains - discount method","populated",13,0,0,"legacy_cgt_derivation","R/dil_admin_value_rules.R:.dil_cgt_source_value() decomposes the generated CGT total, asset, loss, discount and concession amounts into the named schedule component while preserving accounting bounds.","R/dil_admin_value_rules.R; R/generate_cgt.R; tests/testthat/test-dil-admin-value-rules.R; PLIDA DIL","https://www.ato.gov.au/individuals-and-families/your-tax-return/instructions-to-complete-your-tax-return/mytax-instructions/2024/income/australian-income-or-losses-from-investments-or-property/capital-gains-tax-schedule","The identities are coherent, but the decomposition shares are local synthetic assumptions rather than observed ATO distributions.","no_defensible_rule_identified","Keep typed missing pending an exact source.","No exact public codeframe found in this audit.","","A broad concept or similarly named field is not enough to infer the private ATO value encoding."
"CGT","N_ACTV_HEDG_FINC_OTH_H",13,13,13,"character","Non-active assets - Hedging financial arrangements: Other capital gains","populated",13,0,0,"legacy_cgt_derivation","R/dil_admin_value_rules.R:.dil_cgt_source_value() decomposes the generated CGT total, asset, loss, discount and concession amounts into the named schedule component while preserving accounting bounds.","R/dil_admin_value_rules.R; R/generate_cgt.R; tests/testthat/test-dil-admin-value-rules.R; PLIDA DIL","https://www.ato.gov.au/individuals-and-families/your-tax-return/instructions-to-complete-your-tax-return/mytax-instructions/2024/income/australian-income-or-losses-from-investments-or-property/capital-gains-tax-schedule","The identities are coherent, but the decomposition shares are local synthetic assumptions rather than observed ATO distributions.","no_defensible_rule_identified","Keep typed missing pending an exact source.","No exact public codeframe found in this audit.","","A broad concept or similarly named field is not enough to infer the private ATO value encoding."
"CGT","N_ACTV_OTH_ASSTS_DISC_H",13,13,13,"character","Non-active assets - Other CGT assets and any other CGT events: Capital gains - discount method","populated",13,0,0,"legacy_cgt_derivation","R/dil_admin_value_rules.R:.dil_cgt_source_value() decomposes the generated CGT total, asset, loss, discount and concession amounts into the named schedule component while preserving accounting bounds.","R/dil_admin_value_rules.R; R/generate_cgt.R; tests/testthat/test-dil-admin-value-rules.R; PLIDA DIL","https://www.ato.gov.au/individuals-and-families/your-tax-return/instructions-to-complete-your-tax-return/mytax-instructions/2024/income/australian-income-or-losses-from-investments-or-property/capital-gains-tax-schedule","The identities are coherent, but the decomposition shares are local synthetic assumptions rather than observed ATO distributions.","no_defensible_rule_identified","Keep typed missing pending an exact source.","No exact public codeframe found in this audit.","","A broad concept or similarly named field is not enough to infer the private ATO value encoding."
"CGT","N_ACTV_OTH_ASSTS_INDX_G",13,13,13,"character","Non-active assets - Other CGT assets and any other CGT events: Capital gains - indexation method","populated",13,0,0,"legacy_cgt_derivation","R/dil_admin_value_rules.R:.dil_cgt_source_value() decomposes the generated CGT total, asset, loss, discount and concession amounts into the named schedule component while preserving accounting bounds.","R/dil_admin_value_rules.R; R/generate_cgt.R; tests/testthat/test-dil-admin-value-rules.R; PLIDA DIL","https://www.ato.gov.au/individuals-and-families/your-tax-return/instructions-to-complete-your-tax-return/mytax-instructions/2024/income/australian-income-or-losses-from-investments-or-property/capital-gains-tax-schedule","The identities are coherent, but the decomposition shares are local synthetic assumptions rather than observed ATO distributions.","no_defensible_rule_identified","Keep typed missing pending an exact source.","No exact public codeframe found in this audit.","","A broad concept or similarly named field is not enough to infer the private ATO value encoding."
"CGT","N_ACTV_OTH_ASSTS_OTH_I",13,13,13,"character","Non-active assets - Other CGT assets and any other CGT events: Other capital gains","populated",13,0,0,"legacy_cgt_derivation","R/dil_admin_value_rules.R:.dil_cgt_source_value() decomposes the generated CGT total, asset, loss, discount and concession amounts into the named schedule component while preserving accounting bounds.","R/dil_admin_value_rules.R; R/generate_cgt.R; tests/testthat/test-dil-admin-value-rules.R; PLIDA DIL","https://www.ato.gov.au/individuals-and-families/your-tax-return/instructions-to-complete-your-tax-return/mytax-instructions/2024/income/australian-income-or-losses-from-investments-or-property/capital-gains-tax-schedule","The identities are coherent, but the decomposition shares are local synthetic assumptions rather than observed ATO distributions.","no_defensible_rule_identified","Keep typed missing pending an exact source.","No exact public codeframe found in this audit.","","A broad concept or similarly named field is not enough to infer the private ATO value encoding."
"CGT","N_ACTV_REAL_EST_DISC_E",13,13,13,"character","Non-active assets - Real estate: Capital gains - discount method","populated",13,0,0,"legacy_cgt_derivation","R/dil_admin_value_rules.R:.dil_cgt_source_value() decomposes the generated CGT total, asset, loss, discount and concession amounts into the named schedule component while preserving accounting bounds.","R/dil_admin_value_rules.R; R/generate_cgt.R; tests/testthat/test-dil-admin-value-rules.R; PLIDA DIL","https://www.ato.gov.au/individuals-and-families/your-tax-return/instructions-to-complete-your-tax-return/mytax-instructions/2024/income/australian-income-or-losses-from-investments-or-property/capital-gains-tax-schedule","The identities are coherent, but the decomposition shares are local synthetic assumptions rather than observed ATO distributions.","no_defensible_rule_identified","Keep typed missing pending an exact source.","No exact public codeframe found in this audit.","","A broad concept or similarly named field is not enough to infer the private ATO value encoding."
"CGT","N_ACTV_REAL_EST_INDX_D",13,13,13,"character","Non-active assets - Real estate: Capital gains - indexation method","populated",13,0,0,"legacy_cgt_derivation","R/dil_admin_value_rules.R:.dil_cgt_source_value() decomposes the generated CGT total, asset, loss, discount and concession amounts into the named schedule component while preserving accounting bounds.","R/dil_admin_value_rules.R; R/generate_cgt.R; tests/testthat/test-dil-admin-value-rules.R; PLIDA DIL","https://www.ato.gov.au/individuals-and-families/your-tax-return/instructions-to-complete-your-tax-return/mytax-instructions/2024/income/australian-income-or-losses-from-investments-or-property/capital-gains-tax-schedule","The identities are coherent, but the decomposition shares are local synthetic assumptions rather than observed ATO distributions.","no_defensible_rule_identified","Keep typed missing pending an exact source.","No exact public codeframe found in this audit.","","A broad concept or similarly named field is not enough to infer the private ATO value encoding."
"CGT","N_ACTV_REAL_EST_OTH_F",13,13,13,"character","Non-active assets - Real estate: Other capital gains","populated",13,0,0,"legacy_cgt_derivation","R/dil_admin_value_rules.R:.dil_cgt_source_value() decomposes the generated CGT total, asset, loss, discount and concession amounts into the named schedule component while preserving accounting bounds.","R/dil_admin_value_rules.R; R/generate_cgt.R; tests/testthat/test-dil-admin-value-rules.R; PLIDA DIL","https://www.ato.gov.au/individuals-and-families/your-tax-return/instructions-to-complete-your-tax-return/mytax-instructions/2024/income/australian-income-or-losses-from-investments-or-property/capital-gains-tax-schedule","The identities are coherent, but the decomposition shares are local synthetic assumptions rather than observed ATO distributions.","no_defensible_rule_identified","Keep typed missing pending an exact source.","No exact public codeframe found in this audit.","","A broad concept or similarly named field is not enough to infer the private ATO value encoding."
"CGT","N_ACTV_SHARES_UNITS_DISC_B",13,13,13,"character","Non-active assets - Shares and units (in unit trusts): Capital gains - discount method","populated",13,0,0,"legacy_cgt_derivation","R/dil_admin_value_rules.R:.dil_cgt_source_value() decomposes the generated CGT total, asset, loss, discount and concession amounts into the named schedule component while preserving accounting bounds.","R/dil_admin_value_rules.R; R/generate_cgt.R; tests/testthat/test-dil-admin-value-rules.R; PLIDA DIL","https://www.ato.gov.au/individuals-and-families/your-tax-return/instructions-to-complete-your-tax-return/mytax-instructions/2024/income/australian-income-or-losses-from-investments-or-property/capital-gains-tax-schedule","The identities are coherent, but the decomposition shares are local synthetic assumptions rather than observed ATO distributions.","no_defensible_rule_identified","Keep typed missing pending an exact source.","No exact public codeframe found in this audit.","","A broad concept or similarly named field is not enough to infer the private ATO value encoding."
"CGT","N_ACTV_SHARES_UNITS_INDX_A",13,13,13,"character","Non-active assets - Shares and units (in unit trusts): Capital gains - indexation method","populated",13,0,0,"legacy_cgt_derivation","R/dil_admin_value_rules.R:.dil_cgt_source_value() decomposes the generated CGT total, asset, loss, discount and concession amounts into the named schedule component while preserving accounting bounds.","R/dil_admin_value_rules.R; R/generate_cgt.R; tests/testthat/test-dil-admin-value-rules.R; PLIDA DIL","https://www.ato.gov.au/individuals-and-families/your-tax-return/instructions-to-complete-your-tax-return/mytax-instructions/2024/income/australian-income-or-losses-from-investments-or-property/capital-gains-tax-schedule","The identities are coherent, but the decomposition shares are local synthetic assumptions rather than observed ATO distributions.","no_defensible_rule_identified","Keep typed missing pending an exact source.","No exact public codeframe found in this audit.","","A broad concept or similarly named field is not enough to infer the private ATO value encoding."
"CGT","N_ACTV_SHARES_UNITS_OTH_C",13,13,13,"character","Non-active assets - Shares and units (in unit trusts): Other capital gains","populated",13,0,0,"legacy_cgt_derivation","R/dil_admin_value_rules.R:.dil_cgt_source_value() decomposes the generated CGT total, asset, loss, discount and concession amounts into the named schedule component while preserving accounting bounds.","R/dil_admin_value_rules.R; R/generate_cgt.R; tests/testthat/test-dil-admin-value-rules.R; PLIDA DIL","https://www.ato.gov.au/individuals-and-families/your-tax-return/instructions-to-complete-your-tax-return/mytax-instructions/2024/income/australian-income-or-losses-from-investments-or-property/capital-gains-tax-schedule","The identities are coherent, but the decomposition shares are local synthetic assumptions rather than observed ATO distributions.","no_defensible_rule_identified","Keep typed missing pending an exact source.","No exact public codeframe found in this audit.","","A broad concept or similarly named field is not enough to infer the private ATO value encoding."
"CGT","N_DIV149_O",13,13,13,"character","To be completed by companies only","synthetic_structural",0,13,0,"typed_structural_missing","R/dil_tax_values.R returns NA_character_. The fields apply to company schedules, while project_cgt() emits individual schedules.","R/dil_tax_values.R; R/generate_cgt.R; PLIDA DIL","https://www.ato.gov.au/individuals-and-families/your-tax-return/instructions-to-complete-your-tax-return/mytax-instructions/2024/income/australian-income-or-losses-from-investments-or-property/capital-gains-tax-schedule","This determination is correct only for the current person-schedule generator; a future company/trust CGT source must populate the fields.","no_defensible_rule_identified","Keep typed missing pending an exact source.","No exact public codeframe found in this audit.","","A broad concept or similarly named field is not enough to infer the private ATO value encoding."
"CGT","OTH_TOTL_CY_CAPTL_GAIN",13,13,13,"character","Total current year capital gains (CYCG) - Other capital gains","populated",13,0,0,"legacy_cgt_derivation","R/dil_admin_value_rules.R:.dil_cgt_source_value() decomposes the generated CGT total, asset, loss, discount and concession amounts into the named schedule component while preserving accounting bounds.","R/dil_admin_value_rules.R; R/generate_cgt.R; tests/testthat/test-dil-admin-value-rules.R; PLIDA DIL","https://www.ato.gov.au/individuals-and-families/your-tax-return/instructions-to-complete-your-tax-return/mytax-instructions/2024/income/australian-income-or-losses-from-investments-or-property/capital-gains-tax-schedule","The identities are coherent, but the decomposition shares are local synthetic assumptions rather than observed ATO distributions.","no_defensible_rule_identified","Keep typed missing pending an exact source.","No exact public codeframe found in this audit.","","A broad concept or similarly named field is not enough to infer the private ATO value encoding."
"CGT","TOTL_CY_CAPTL_GAIN_DSCNT",13,13,13,"character","Total current year capital gains (CYCG) - Capital gains - discount method","populated",13,0,0,"legacy_cgt_derivation","R/dil_admin_value_rules.R:.dil_cgt_source_value() decomposes the generated CGT total, asset, loss, discount and concession amounts into the named schedule component while preserving accounting bounds.","R/dil_admin_value_rules.R; R/generate_cgt.R; tests/testthat/test-dil-admin-value-rules.R; PLIDA DIL","https://www.ato.gov.au/individuals-and-families/your-tax-return/instructions-to-complete-your-tax-return/mytax-instructions/2024/income/australian-income-or-losses-from-investments-or-property/capital-gains-tax-schedule","The identities are coherent, but the decomposition shares are local synthetic assumptions rather than observed ATO distributions.","no_defensible_rule_identified","Keep typed missing pending an exact source.","No exact public codeframe found in this audit.","","A broad concept or similarly named field is not enough to infer the private ATO value encoding."
"CGT","TOTL_CY_CAPTL_GAIN_IDXTN",13,13,13,"character","Total current year capital gains (CYCG) - Capital gains - indexation method","populated",13,0,0,"legacy_cgt_derivation","R/dil_admin_value_rules.R:.dil_cgt_source_value() decomposes the generated CGT total, asset, loss, discount and concession amounts into the named schedule component while preserving accounting bounds.","R/dil_admin_value_rules.R; R/generate_cgt.R; tests/testthat/test-dil-admin-value-rules.R; PLIDA DIL","https://www.ato.gov.au/individuals-and-families/your-tax-return/instructions-to-complete-your-tax-return/mytax-instructions/2024/income/australian-income-or-losses-from-investments-or-property/capital-gains-tax-schedule","The identities are coherent, but the decomposition shares are local synthetic assumptions rather than observed ATO distributions.","no_defensible_rule_identified","Keep typed missing pending an exact source.","No exact public codeframe found in this audit.","","A broad concept or similarly named field is not enough to infer the private ATO value encoding."
"SMSF","CRNT_PNSN_INC_EXMT_CAL_MTHD_CD",16,16,16,"character","Which method did you use to calculate your exempt current pension income?","populated",16,0,0,"tax_specific_rule","R/dil_tax_values.R:.dil_tax_smsf_source_value() uses the named SMSF annual-return domain. It conditions optional codes on the related amount and uses age for lump-sum and income-stream categories.","R/dil_tax_values.R; tests/testthat/test-dil-tax-values.R; inst/plida_metadata/variables.csv","https://www.ato.gov.au/api/public/content/0-7986dcf2-8213-49ee-8403-b54dccb52ad8","The code domain or field semantics are source-backed, but sampled frequencies and record-level assignments remain synthetic.","no_defensible_rule_identified","Keep typed missing pending an exact source.","No exact public codeframe found in this audit.","","A broad concept or similarly named field is not enough to infer the private ATO value encoding."
"SMSF","DDCTNS_OTHR_DDCTN_TYP_CD",16,16,16,"character","Other deductions code","populated",16,0,0,"tax_specific_rule","R/dil_tax_values.R:.dil_tax_smsf_source_value() uses the named SMSF annual-return domain. It conditions optional codes on the related amount and uses age for lump-sum and income-stream categories.","R/dil_tax_values.R; tests/testthat/test-dil-tax-values.R; inst/plida_metadata/variables.csv","https://www.ato.gov.au/api/public/content/0-7986dcf2-8213-49ee-8403-b54dccb52ad8","The code domain or field semantics are source-backed, but sampled frequencies and record-level assignments remain synthetic.","no_defensible_rule_identified","Keep typed missing pending an exact source.","No exact public codeframe found in this audit.","","A broad concept or similarly named field is not enough to infer the private ATO value encoding."
"SMSF","FND_BNFT_STRCTR_CD",16,16,16,"character","Fund benefit structure","populated",16,0,0,"tax_specific_rule","R/dil_tax_values.R:.dil_tax_smsf_source_value() uses the named SMSF annual-return domain. It conditions optional codes on the related amount and uses age for lump-sum and income-stream categories.","R/dil_tax_values.R; tests/testthat/test-dil-tax-values.R; inst/plida_metadata/variables.csv","https://www.ato.gov.au/api/public/content/0-7986dcf2-8213-49ee-8403-b54dccb52ad8","The code domain or field semantics are source-backed, but sampled frequencies and record-level assignments remain synthetic.","no_defensible_rule_identified","Keep typed missing pending an exact source.","No exact public codeframe found in this audit.","","A broad concept or similarly named field is not enough to infer the private ATO value encoding."
"SMSF","GRS_TRST_DSTRBTNS_CD",16,16,16,"character","Gross trust distributions code","populated",16,0,0,"tax_specific_rule","R/dil_tax_values.R:.dil_tax_smsf_source_value() uses the named SMSF annual-return domain. It conditions optional codes on the related amount and uses age for lump-sum and income-stream categories.","R/dil_tax_values.R; tests/testthat/test-dil-tax-values.R; inst/plida_metadata/variables.csv","https://www.ato.gov.au/api/public/content/0-7986dcf2-8213-49ee-8403-b54dccb52ad8","The code domain or field semantics are source-backed, but sampled frequencies and record-level assignments remain synthetic.","no_defensible_rule_identified","Keep typed missing pending an exact source.","No exact public codeframe found in this audit.","","A broad concept or similarly named field is not enough to infer the private ATO value encoding."
"SMSF","INCM_STRM_PMT_CD",16,16,16,"character","Income stream payment - code","populated",16,0,0,"tax_specific_rule","R/dil_tax_values.R:.dil_tax_smsf_source_value() uses the named SMSF annual-return domain. It conditions optional codes on the related amount and uses age for lump-sum and income-stream categories.","R/dil_tax_values.R; tests/testthat/test-dil-tax-values.R; inst/plida_metadata/variables.csv","https://www.ato.gov.au/api/public/content/0-7986dcf2-8213-49ee-8403-b54dccb52ad8","The code domain or field semantics are source-backed, but sampled frequencies and record-level assignments remain synthetic.","no_defensible_rule_identified","Keep typed missing pending an exact source.","No exact public codeframe found in this audit.","","A broad concept or similarly named field is not enough to infer the private ATO value encoding."
"SMSF","LSP_CD",16,16,16,"character","Lump sum payment - code","populated",16,0,0,"tax_specific_rule","R/dil_tax_values.R:.dil_tax_smsf_source_value() uses the named SMSF annual-return domain. It conditions optional codes on the related amount and uses age for lump-sum and income-stream categories.","R/dil_tax_values.R; tests/testthat/test-dil-tax-values.R; inst/plida_metadata/variables.csv","https://www.ato.gov.au/api/public/content/0-7986dcf2-8213-49ee-8403-b54dccb52ad8","The code domain or field semantics are source-backed, but sampled frequencies and record-level assignments remain synthetic.","no_defensible_rule_identified","Keep typed missing pending an exact source.","No exact public codeframe found in this audit.","","A broad concept or similarly named field is not enough to infer the private ATO value encoding."
"SMSF","MBR_RCRD_CD",16,16,16,"character","Member record","populated",16,0,0,"tax_specific_rule","R/dil_tax_values.R:.dil_tax_smsf_source_value() uses the named SMSF annual-return domain. It conditions optional codes on the related amount and uses age for lump-sum and income-stream categories.","R/dil_tax_values.R; tests/testthat/test-dil-tax-values.R; inst/plida_metadata/variables.csv","https://www.ato.gov.au/api/public/content/0-7986dcf2-8213-49ee-8403-b54dccb52ad8","The code domain or field semantics are source-backed, but sampled frequencies and record-level assignments remain synthetic.","no_defensible_rule_identified","Keep typed missing pending an exact source.","No exact public codeframe found in this audit.","","A broad concept or similarly named field is not enough to infer the private ATO value encoding."
"SMSF","NON_DDCTBL_EXPNS_OTHR_CD",16,16,16,"character","Non-deductible expenses - Other deductions code","populated",16,0,0,"tax_specific_rule","R/dil_tax_values.R:.dil_tax_smsf_source_value() uses the named SMSF annual-return domain. It conditions optional codes on the related amount and uses age for lump-sum and income-stream categories.","R/dil_tax_values.R; tests/testthat/test-dil-tax-values.R; inst/plida_metadata/variables.csv","https://www.ato.gov.au/api/public/content/0-7986dcf2-8213-49ee-8403-b54dccb52ad8","The code domain or field semantics are source-backed, but sampled frequencies and record-level assignments remain synthetic.","no_defensible_rule_identified","Keep typed missing pending an exact source.","No exact public codeframe found in this audit.","","A broad concept or similarly named field is not enough to infer the private ATO value encoding."
"SMSF","OI_TYP_CD",16,16,16,"character","Other income code","populated",16,0,0,"tax_specific_rule","R/dil_tax_values.R:.dil_tax_smsf_source_value() uses the named SMSF annual-return domain. It conditions optional codes on the related amount and uses age for lump-sum and income-stream categories.","R/dil_tax_values.R; tests/testthat/test-dil-tax-values.R; inst/plida_metadata/variables.csv","https://www.ato.gov.au/api/public/content/0-7986dcf2-8213-49ee-8403-b54dccb52ad8","The code domain or field semantics are source-backed, but sampled frequencies and record-level assignments remain synthetic.","no_defensible_rule_identified","Keep typed missing pending an exact source.","No exact public codeframe found in this audit.","","A broad concept or similarly named field is not enough to infer the private ATO value encoding."
"ATO_MCS","ACNT_PHS_CD",6,1,6,"character","Account phase","populated",6,0,0,"tax_specific_rule","R/dil_tax_values.R:.dil_tax_mcs_source_value() applies the public MCS reporting-specification domain and its reporting-vintage rule, with a shared account phase, status and deceased-member context.","R/dil_tax_values.R; tests/testthat/test-dil-tax-values.R; inst/plida_metadata/variables.csv","https://softwaredevelopers.ato.gov.au/MCSspecification","The code domain or field semantics are source-backed, but sampled frequencies and record-level assignments remain synthetic.","no_defensible_rule_identified","Keep typed missing pending an exact source.","No exact public codeframe found in this audit.","","A broad concept or similarly named field is not enough to infer the private ATO value encoding."
"ATO_MCS","GEOCODED_INDEX",15,1,15,"character","Address variable","unsupported_private_codeframe",0,0,15,"unsupported_private_codeframe","R/dil_tax_values.R has no field rule and returns NULL. The shared categorical fallback returns NA_character_ so an unverified private ATO codeframe is not concealed by invented values.","inst/plida_metadata/variables.csv; R/dil_tax_values.R; R/complete_dil_structures.R","https://softwaredevelopers.ato.gov.au/MCSspecification","The DIL proves the field exists but does not enumerate its values. Keep typed missing until an exact source or defensible rule is recorded.","no_defensible_rule_identified","Keep typed missing pending an exact source.","No exact public codeframe found in this audit.","","A broad concept or similarly named field is not enough to infer the private ATO value encoding."
"ATO_MCS","LDGMT_TYP_CD",11,1,11,"character","Amended MCS","populated",11,0,0,"tax_specific_rule","R/dil_tax_values.R:.dil_tax_mcs_source_value() applies the public MCS reporting-specification domain and its reporting-vintage rule, with a shared account phase, status and deceased-member context.","R/dil_tax_values.R; tests/testthat/test-dil-tax-values.R; inst/plida_metadata/variables.csv","https://softwaredevelopers.ato.gov.au/MCSspecification","The code domain or field semantics are source-backed, but sampled frequencies and record-level assignments remain synthetic.","no_defensible_rule_identified","Keep typed missing pending an exact source.","No exact public codeframe found in this audit.","","A broad concept or similarly named field is not enough to infer the private ATO value encoding."
"ATO_MCS","LGA_CODE_2024",15,1,15,"character","Address variable","populated",15,0,0,"generic_structural_geography","The shared administrative geography rule samples an official LGA code for the product year and keeps the code consistent with the person's synthetic state.","R/dil_geography_values.R; inst/extdata/codeframes/lga.tsv; PLIDA DIL","https://geo.abs.gov.au/arcgis/rest/services/ASGS2024/LGA/MapServer","The codeframe and state relationship are official; the person's exact LGA and its within-state distribution are synthetic.","no_defensible_rule_identified","Keep typed missing pending an exact source.","No exact public codeframe found in this audit.","","A broad concept or similarly named field is not enough to infer the private ATO value encoding."
"ATO_MCS","PRVDR_TYP_CD",6,1,6,"character","Provider type","populated",6,0,0,"tax_specific_rule","R/dil_tax_values.R:.dil_tax_mcs_source_value() applies the public MCS reporting-specification domain and its reporting-vintage rule, with a shared account phase, status and deceased-member context.","R/dil_tax_values.R; tests/testthat/test-dil-tax-values.R; inst/plida_metadata/variables.csv","https://softwaredevelopers.ato.gov.au/MCSspecification","The code domain or field semantics are source-backed, but sampled frequencies and record-level assignments remain synthetic.","no_defensible_rule_identified","Keep typed missing pending an exact source.","No exact public codeframe found in this audit.","","A broad concept or similarly named field is not enough to infer the private ATO value encoding."
"ATO_MCS","SF_MBRSHP_ACNT_STS_CD",19,1,19,"character","Account status: Active/Open and not lost/closed","populated",19,0,0,"tax_specific_rule","R/dil_tax_values.R:.dil_tax_mcs_source_value() applies the public MCS reporting-specification domain and its reporting-vintage rule, with a shared account phase, status and deceased-member context.","R/dil_tax_values.R; tests/testthat/test-dil-tax-values.R; inst/plida_metadata/variables.csv","https://softwaredevelopers.ato.gov.au/MCSspecification","The code domain or field semantics are source-backed, but sampled frequencies and record-level assignments remain synthetic.","no_defensible_rule_identified","Keep typed missing pending an exact source.","No exact public codeframe found in this audit.","","A broad concept or similarly named field is not enough to infer the private ATO value encoding."
"ATO_MCS","SUPLR_PRVDR_RLTNSHP",15,1,15,"character","Supplier's relationship with the provider","populated",15,0,0,"tax_specific_rule","R/dil_tax_values.R:.dil_tax_mcs_source_value() applies the public MCS reporting-specification domain and its reporting-vintage rule, with a shared account phase, status and deceased-member context.","R/dil_tax_values.R; tests/testthat/test-dil-tax-values.R; inst/plida_metadata/variables.csv","https://softwaredevelopers.ato.gov.au/MCSspecification","The code domain or field semantics are source-backed, but sampled frequencies and record-level assignments remain synthetic.","no_defensible_rule_identified","Keep typed missing pending an exact source.","No exact public codeframe found in this audit.","","A broad concept or similarly named field is not enough to infer the private ATO value encoding."
"ATO_CR","ADDR_RELIABLE_STS",5,1,5,"character","Reliability status (reliable / unrealiable - deemed unrealiable if mail is returned to ato)","populated",5,0,0,"tax_specific_rule","R/dil_tax_values.R:.dil_tax_ato_cr_source_value() derives the named client/address status, address role, month-year of birth, or May-scope indicator from the person spine and deterministic keys.","R/dil_tax_values.R; tests/testthat/test-dil-tax-values.R; inst/plida_metadata/variables.csv","https://www.abs.gov.au/statistics/microdata-tablebuilder/available-microdata-tablebuilder/person-level-integrated-data-asset-plida","The code domain or field semantics are source-backed, but sampled frequencies and record-level assignments remain synthetic.","no_defensible_rule_identified","Keep typed missing pending an exact source.","No exact public codeframe found in this audit.","","A broad concept or similarly named field is not enough to infer the private ATO value encoding."
"ATO_CR","ADDR_STS_CD",5,1,5,"character","Address status code (active / inactive )","populated",5,0,0,"tax_specific_rule","R/dil_tax_values.R:.dil_tax_ato_cr_source_value() derives the named client/address status, address role, month-year of birth, or May-scope indicator from the person spine and deterministic keys.","R/dil_tax_values.R; tests/testthat/test-dil-tax-values.R; inst/plida_metadata/variables.csv","https://www.abs.gov.au/statistics/microdata-tablebuilder/available-microdata-tablebuilder/person-level-integrated-data-asset-plida","The code domain or field semantics are source-backed, but sampled frequencies and record-level assignments remain synthetic.","no_defensible_rule_identified","Keep typed missing pending an exact source.","No exact public codeframe found in this audit.","","A broad concept or similarly named field is not enough to infer the private ATO value encoding."
"ATO_CR","ADDR_TYP",1,1,1,"character","Address type (e.g. postal or residential)","populated",1,0,0,"tax_specific_rule","R/dil_tax_values.R:.dil_tax_ato_cr_source_value() derives the named client/address status, address role, month-year of birth, or May-scope indicator from the person spine and deterministic keys.","R/dil_tax_values.R; tests/testthat/test-dil-tax-values.R; inst/plida_metadata/variables.csv","https://www.abs.gov.au/statistics/microdata-tablebuilder/available-microdata-tablebuilder/person-level-integrated-data-asset-plida","The code domain or field semantics are source-backed, but sampled frequencies and record-level assignments remain synthetic.","no_defensible_rule_identified","Keep typed missing pending an exact source.","No exact public codeframe found in this audit.","","A broad concept or similarly named field is not enough to infer the private ATO value encoding."
"ATO_CR","ADR_TYP",4,1,4,"character","Type of address (e.g. residential postal etc.)","populated",4,0,0,"tax_specific_rule","R/dil_tax_values.R:.dil_tax_ato_cr_source_value() derives the named client/address status, address role, month-year of birth, or May-scope indicator from the person spine and deterministic keys.","R/dil_tax_values.R; tests/testthat/test-dil-tax-values.R; inst/plida_metadata/variables.csv","https://www.abs.gov.au/statistics/microdata-tablebuilder/available-microdata-tablebuilder/person-level-integrated-data-asset-plida","The code domain or field semantics are source-backed, but sampled frequencies and record-level assignments remain synthetic.","no_defensible_rule_identified","Keep typed missing pending an exact source.","No exact public codeframe found in this audit.","","A broad concept or similarly named field is not enough to infer the private ATO value encoding."
"ATO_CR","CLNT_STS_CD",4,1,4,"character","Client staus code","populated",4,0,0,"tax_specific_rule","R/dil_tax_values.R:.dil_tax_ato_cr_source_value() derives the named client/address status, address role, month-year of birth, or May-scope indicator from the person spine and deterministic keys.","R/dil_tax_values.R; tests/testthat/test-dil-tax-values.R; inst/plida_metadata/variables.csv","https://www.abs.gov.au/statistics/microdata-tablebuilder/available-microdata-tablebuilder/person-level-integrated-data-asset-plida","The code domain or field semantics are source-backed, but sampled frequencies and record-level assignments remain synthetic.","no_defensible_rule_identified","Keep typed missing pending an exact source.","No exact public codeframe found in this audit.","","A broad concept or similarly named field is not enough to infer the private ATO value encoding."
"ATO_CR","DOB_MONYYYY",4,1,4,"character","Month and year of birth in MonYYYY format","populated",4,0,0,"tax_specific_rule","R/dil_tax_values.R:.dil_tax_ato_cr_source_value() derives the named client/address status, address role, month-year of birth, or May-scope indicator from the person spine and deterministic keys.","R/dil_tax_values.R; tests/testthat/test-dil-tax-values.R; inst/plida_metadata/variables.csv","https://www.abs.gov.au/statistics/microdata-tablebuilder/available-microdata-tablebuilder/person-level-integrated-data-asset-plida","The code domain or field semantics are source-backed, but sampled frequencies and record-level assignments remain synthetic.","no_defensible_rule_identified","Keep typed missing pending an exact source.","No exact public codeframe found in this audit.","","A broad concept or similarly named field is not enough to infer the private ATO value encoding."
"ATO_CR","IN_MAY_22",1,1,1,"character","Indicates address was coded to the May 2022 ASGS index","populated",1,0,0,"tax_specific_rule","R/dil_tax_values.R:.dil_tax_ato_cr_source_value() derives the named client/address status, address role, month-year of birth, or May-scope indicator from the person spine and deterministic keys.","R/dil_tax_values.R; tests/testthat/test-dil-tax-values.R; inst/plida_metadata/variables.csv","https://www.abs.gov.au/statistics/microdata-tablebuilder/available-microdata-tablebuilder/person-level-integrated-data-asset-plida","The code domain or field semantics are source-backed, but sampled frequencies and record-level assignments remain synthetic.","no_defensible_rule_identified","Keep typed missing pending an exact source.","No exact public codeframe found in this audit.","","A broad concept or similarly named field is not enough to infer the private ATO value encoding."
"ATO_CR","IN_MAY_23",1,1,1,"character","Indicates address was coded to the May 2022 ASGS index","populated",1,0,0,"tax_specific_rule","R/dil_tax_values.R:.dil_tax_ato_cr_source_value() derives the named client/address status, address role, month-year of birth, or May-scope indicator from the person spine and deterministic keys.","R/dil_tax_values.R; tests/testthat/test-dil-tax-values.R; inst/plida_metadata/variables.csv","https://www.abs.gov.au/statistics/microdata-tablebuilder/available-microdata-tablebuilder/person-level-integrated-data-asset-plida","The code domain or field semantics are source-backed, but sampled frequencies and record-level assignments remain synthetic.","no_defensible_rule_identified","Keep typed missing pending an exact source.","No exact public codeframe found in this audit.","","A broad concept or similarly named field is not enough to infer the private ATO value encoding."
"ATO_CR","IN_MAY_24",2,1,2,"character","Indicates address was coded to the May 2024 ASGS index","populated",2,0,0,"tax_specific_rule","R/dil_tax_values.R:.dil_tax_ato_cr_source_value() derives the named client/address status, address role, month-year of birth, or May-scope indicator from the person spine and deterministic keys.","R/dil_tax_values.R; tests/testthat/test-dil-tax-values.R; inst/plida_metadata/variables.csv","https://www.abs.gov.au/statistics/microdata-tablebuilder/available-microdata-tablebuilder/person-level-integrated-data-asset-plida","The code domain or field semantics are source-backed, but sampled frequencies and record-level assignments remain synthetic.","no_defensible_rule_identified","Keep typed missing pending an exact source.","No exact public codeframe found in this audit.","","A broad concept or similarly named field is not enough to infer the private ATO value encoding."
"ATO_CR","IN_MAY_25",1,1,1,"character","Indicates address was coded to the May 2025 ASGS index","populated",1,0,0,"tax_specific_rule","R/dil_tax_values.R:.dil_tax_ato_cr_source_value() derives the named client/address status, address role, month-year of birth, or May-scope indicator from the person spine and deterministic keys.","R/dil_tax_values.R; tests/testthat/test-dil-tax-values.R; inst/plida_metadata/variables.csv","https://www.abs.gov.au/statistics/microdata-tablebuilder/available-microdata-tablebuilder/person-level-integrated-data-asset-plida","The code domain or field semantics are source-backed, but sampled frequencies and record-level assignments remain synthetic.","no_defensible_rule_identified","Keep typed missing pending an exact source.","No exact public codeframe found in this audit.","","A broad concept or similarly named field is not enough to infer the private ATO value encoding."
"ATO_CR","POSTALTYPE",5,1,5,"character","Type of postal address","unsupported_private_codeframe",0,0,5,"unsupported_private_codeframe","R/dil_tax_values.R has no field rule and returns NULL. The shared categorical fallback returns NA_character_ so an unverified private ATO codeframe is not concealed by invented values.","inst/plida_metadata/variables.csv; R/dil_tax_values.R; R/complete_dil_structures.R","https://www.abs.gov.au/statistics/microdata-tablebuilder/available-microdata-tablebuilder/person-level-integrated-data-asset-plida","The DIL proves the field exists but does not enumerate its values. Keep typed missing until an exact source or defensible rule is recorded.","no_defensible_rule_identified","Keep typed missing pending an exact source.","No exact public codeframe found in this audit.","","A broad concept or similarly named field is not enough to infer the private ATO value encoding."
"PIT_ITR","AGE_PNSN_ACTN_CD",5,5,5,"character","Age pension action code","unsupported_private_codeframe",0,0,5,"unsupported_private_codeframe","R/dil_tax_values.R has no field rule and returns NULL. The shared categorical fallback returns NA_character_ so an unverified private ATO codeframe is not concealed by invented values.","inst/plida_metadata/variables.csv; R/dil_tax_values.R; R/complete_dil_structures.R","https://www.ato.gov.au/api/public/content/a9a181ef-2223-491e-9e44-2de03b272a91_Individual_tax_return_instructions_2022_pdf","The DIL proves the field exists but does not enumerate its values. Keep typed missing until an exact source or defensible rule is recorded.","no_defensible_rule_identified","Keep typed missing pending an exact source.","No exact public codeframe found in this audit.","","A broad concept or similarly named field is not enough to infer the private ATO value encoding."
"PIT_ITR","AGE_RANGE",3,3,3,"character","AGE RANGE | Age range","unsupported_private_codeframe",0,0,3,"unsupported_private_codeframe","R/dil_tax_values.R has no field rule and returns NULL. The shared categorical fallback returns NA_character_ so an unverified private ATO codeframe is not concealed by invented values.","inst/plida_metadata/variables.csv; R/dil_tax_values.R; R/complete_dil_structures.R","https://www.ato.gov.au/api/public/content/a9a181ef-2223-491e-9e44-2de03b272a91_Individual_tax_return_instructions_2022_pdf","The DIL proves the field exists but does not enumerate its values. Keep typed missing until an exact source or defensible rule is recorded.","no_defensible_rule_identified","Keep typed missing pending an exact source.","No exact public codeframe found in this audit.","","A broad concept or similarly named field is not enough to infer the private ATO value encoding."
"PIT_ITR","AMDT_CD",1,1,1,"character","Amendment code","populated",1,0,0,"tax_specific_rule","R/dil_tax_values.R:.dil_tax_pit_source_value() applies the named PIT structural or public-form rule. It derives the value from the financial year, spine occupation/age/income, related amount, or a shared spouse/business/tax context, and retains missing when inapplicable.","R/dil_tax_values.R; tests/testthat/test-dil-tax-values.R; inst/plida_metadata/variables.csv","https://www.ato.gov.au/api/public/content/a9a181ef-2223-491e-9e44-2de03b272a91_Individual_tax_return_instructions_2022_pdf","The code domain or field semantics are source-backed, but sampled frequencies and record-level assignments remain synthetic.","no_defensible_rule_identified","Keep typed missing pending an exact source.","No exact public codeframe found in this audit.","","A broad concept or similarly named field is not enough to infer the private ATO value encoding."
"PIT_ITR","ASSBL_GOVT_INDY_PMTS_NPP_CD",17,15,17,"character","Assessable govt industry payments - non-primary production - type","populated",17,0,0,"tax_specific_rule","R/dil_tax_values.R:.dil_tax_pit_source_value() applies the named PIT structural or public-form rule. It derives the value from the financial year, spine occupation/age/income, related amount, or a shared spouse/business/tax context, and retains missing when inapplicable.","R/dil_tax_values.R; tests/testthat/test-dil-tax-values.R; inst/plida_metadata/variables.csv","https://www.ato.gov.au/api/public/content/a9a181ef-2223-491e-9e44-2de03b272a91_Individual_tax_return_instructions_2022_pdf","The code domain or field semantics are source-backed, but sampled frequencies and record-level assignments remain synthetic.","no_defensible_rule_identified","Keep typed missing pending an exact source.","No exact public codeframe found in this audit.","","A broad concept or similarly named field is not enough to infer the private ATO value encoding."
"PIT_ITR","ASSBL_GOVT_INDY_PMTS_PP_CD",17,15,17,"character","Assessable govt industry payments - primary production - type","populated",17,0,0,"tax_specific_rule","R/dil_tax_values.R:.dil_tax_pit_source_value() applies the named PIT structural or public-form rule. It derives the value from the financial year, spine occupation/age/income, related amount, or a shared spouse/business/tax context, and retains missing when inapplicable.","R/dil_tax_values.R; tests/testthat/test-dil-tax-values.R; inst/plida_metadata/variables.csv","https://www.ato.gov.au/api/public/content/a9a181ef-2223-491e-9e44-2de03b272a91_Individual_tax_return_instructions_2022_pdf","The code domain or field semantics are source-backed, but sampled frequencies and record-level assignments remain synthetic.","no_defensible_rule_identified","Keep typed missing pending an exact source.","No exact public codeframe found in this audit.","","A broad concept or similarly named field is not enough to infer the private ATO value encoding."
"PIT_ITR","BBI_ELGBL_AST_BBI_CD",1,1,1,"character","Backing business investment - Are you making a choice to opt out of backing business _x000D_ investment for some or all of your eligible assets?","populated",1,0,0,"tax_specific_rule","R/dil_tax_values.R:.dil_tax_pit_source_value() applies the named PIT structural or public-form rule. It derives the value from the financial year, spine occupation/age/income, related amount, or a shared spouse/business/tax context, and retains missing when inapplicable.","R/dil_tax_values.R; tests/testthat/test-dil-tax-values.R; inst/plida_metadata/variables.csv","https://www.ato.gov.au/api/public/content/a9a181ef-2223-491e-9e44-2de03b272a91_Individual_tax_return_instructions_2022_pdf","The code domain or field semantics are source-backed, but sampled frequencies and record-level assignments remain synthetic.","implemented_official_cross_asset_codeframe","Use character codes 5, 10 and 15 for some eligible assets, all eligible assets and no opt-out; preserve invalid/no response as missing.","inst/blade_metadata/variables.csv, Table 6 Business Income Tax valid responses (official April 2026 BLADE DIL snapshot)","https://www.abs.gov.au/statistics/microdata-tablebuilder/available-microdata-tablebuilder/business-longitudinal-analysis-data-environment-blade","The BLADE item has an i_ prefix and numeric storage while PLIDA stores character. The implementation stores the code numbers as character."
"PIT_ITR","BUS_LSS_ACTY1_TYP_CD",16,14,16,"character","Business loss for activity 1 - type of loss","populated",16,0,0,"tax_specific_rule","R/dil_tax_values.R:.dil_tax_pit_source_value() applies the named PIT structural or public-form rule. It derives the value from the financial year, spine occupation/age/income, related amount, or a shared spouse/business/tax context, and retains missing when inapplicable.","R/dil_tax_values.R; tests/testthat/test-dil-tax-values.R; inst/plida_metadata/variables.csv","https://www.ato.gov.au/api/public/content/a9a181ef-2223-491e-9e44-2de03b272a91_Individual_tax_return_instructions_2022_pdf","The code domain or field semantics are source-backed, but sampled frequencies and record-level assignments remain synthetic.","no_defensible_rule_identified","Keep typed missing pending an exact source.","No exact public codeframe found in this audit.","","A broad concept or similarly named field is not enough to infer the private ATO value encoding."
"PIT_ITR","BUS_LSS_ACTY2_TYP_CD",16,14,16,"character","Business loss for activity 2 - type of loss","populated",16,0,0,"tax_specific_rule","R/dil_tax_values.R:.dil_tax_pit_source_value() applies the named PIT structural or public-form rule. It derives the value from the financial year, spine occupation/age/income, related amount, or a shared spouse/business/tax context, and retains missing when inapplicable.","R/dil_tax_values.R; tests/testthat/test-dil-tax-values.R; inst/plida_metadata/variables.csv","https://www.ato.gov.au/api/public/content/a9a181ef-2223-491e-9e44-2de03b272a91_Individual_tax_return_instructions_2022_pdf","The code domain or field semantics are source-backed, but sampled frequencies and record-level assignments remain synthetic.","no_defensible_rule_identified","Keep typed missing pending an exact source.","No exact public codeframe found in this audit.","","A broad concept or similarly named field is not enough to infer the private ATO value encoding."
"PIT_ITR","BUS_LSS_ACTY3_TYP_CD",16,14,16,"character","Business loss for activity 3 - type of loss","populated",16,0,0,"tax_specific_rule","R/dil_tax_values.R:.dil_tax_pit_source_value() applies the named PIT structural or public-form rule. It derives the value from the financial year, spine occupation/age/income, related amount, or a shared spouse/business/tax context, and retains missing when inapplicable.","R/dil_tax_values.R; tests/testthat/test-dil-tax-values.R; inst/plida_metadata/variables.csv","https://www.ato.gov.au/api/public/content/a9a181ef-2223-491e-9e44-2de03b272a91_Individual_tax_return_instructions_2022_pdf","The code domain or field semantics are source-backed, but sampled frequencies and record-level assignments remain synthetic.","no_defensible_rule_identified","Keep typed missing pending an exact source.","No exact public codeframe found in this audit.","","A broad concept or similarly named field is not enough to infer the private ATO value encoding."
"PIT_ITR","BUS_LSSACTY1_PSHPORSOLETRDR_CD",16,14,16,"character","Business loss for activity 1 - partnership or sole trader","populated",16,0,0,"tax_specific_rule","R/dil_tax_values.R:.dil_tax_pit_source_value() applies the named PIT structural or public-form rule. It derives the value from the financial year, spine occupation/age/income, related amount, or a shared spouse/business/tax context, and retains missing when inapplicable.","R/dil_tax_values.R; tests/testthat/test-dil-tax-values.R; inst/plida_metadata/variables.csv","https://www.ato.gov.au/api/public/content/a9a181ef-2223-491e-9e44-2de03b272a91_Individual_tax_return_instructions_2022_pdf","The code domain or field semantics are source-backed, but sampled frequencies and record-level assignments remain synthetic.","no_defensible_rule_identified","Keep typed missing pending an exact source.","No exact public codeframe found in this audit.","","A broad concept or similarly named field is not enough to infer the private ATO value encoding."
"PIT_ITR","BUS_LSSACTY2_PSHPORSOLETRDR_CD",16,14,16,"character","Business loss for activity 2 - partnership or sole trader","populated",16,0,0,"tax_specific_rule","R/dil_tax_values.R:.dil_tax_pit_source_value() applies the named PIT structural or public-form rule. It derives the value from the financial year, spine occupation/age/income, related amount, or a shared spouse/business/tax context, and retains missing when inapplicable.","R/dil_tax_values.R; tests/testthat/test-dil-tax-values.R; inst/plida_metadata/variables.csv","https://www.ato.gov.au/api/public/content/a9a181ef-2223-491e-9e44-2de03b272a91_Individual_tax_return_instructions_2022_pdf","The code domain or field semantics are source-backed, but sampled frequencies and record-level assignments remain synthetic.","no_defensible_rule_identified","Keep typed missing pending an exact source.","No exact public codeframe found in this audit.","","A broad concept or similarly named field is not enough to infer the private ATO value encoding."
"PIT_ITR","BUS_LSSACTY3_PSHPORSOLETRDR_CD",16,14,16,"character","Business loss for activity 3 - partnership or sole trader","populated",16,0,0,"tax_specific_rule","R/dil_tax_values.R:.dil_tax_pit_source_value() applies the named PIT structural or public-form rule. It derives the value from the financial year, spine occupation/age/income, related amount, or a shared spouse/business/tax context, and retains missing when inapplicable.","R/dil_tax_values.R; tests/testthat/test-dil-tax-values.R; inst/plida_metadata/variables.csv","https://www.ato.gov.au/api/public/content/a9a181ef-2223-491e-9e44-2de03b272a91_Individual_tax_return_instructions_2022_pdf","The code domain or field semantics are source-backed, but sampled frequencies and record-level assignments remain synthetic.","no_defensible_rule_identified","Keep typed missing pending an exact source.","No exact public codeframe found in this audit.","","A broad concept or similarly named field is not enough to infer the private ATO value encoding."
"PIT_ITR","BUSINESS_MARKET_SEGMENT",8,6,8,"character","Business market segment","populated",8,0,0,"tax_specific_rule","R/dil_tax_values.R:.dil_tax_pit_source_value() applies the named PIT structural or public-form rule. It derives the value from the financial year, spine occupation/age/income, related amount, or a shared spouse/business/tax context, and retains missing when inapplicable.","R/dil_tax_values.R; tests/testthat/test-dil-tax-values.R; inst/plida_metadata/variables.csv","https://www.ato.gov.au/api/public/content/a9a181ef-2223-491e-9e44-2de03b272a91_Individual_tax_return_instructions_2022_pdf","The code domain or field semantics are source-backed, but sampled frequencies and record-level assignments remain synthetic.","implemented_official_cross_asset_codeframe","Use GOV, LGE, SME, INB, MIC and NFP. Derive INB for non-business individuals and use linked business/employer state when available.","inst/blade_metadata/variables.csv, Table 6 Business Income Tax valid responses (official April 2026 BLADE DIL snapshot)","https://www.abs.gov.au/statistics/microdata-tablebuilder/available-microdata-tablebuilder/business-longitudinal-analysis-data-environment-blade","The exact concept matches, but the PLIDA 2023-24 occurrence extends one year beyond the checked-in BLADE availability list."
"PIT_ITR","CESD_OR_CMNCD_BUS_STS_CD",16,14,16,"character","Status of your business","populated",16,0,0,"tax_specific_rule","R/dil_tax_values.R:.dil_tax_pit_source_value() applies the named PIT structural or public-form rule. It derives the value from the financial year, spine occupation/age/income, related amount, or a shared spouse/business/tax context, and retains missing when inapplicable.","R/dil_tax_values.R; tests/testthat/test-dil-tax-values.R; inst/plida_metadata/variables.csv","https://www.ato.gov.au/api/public/content/a9a181ef-2223-491e-9e44-2de03b272a91_Individual_tax_return_instructions_2022_pdf","The code domain or field semantics are source-backed, but sampled frequencies and record-level assignments remain synthetic.","no_defensible_rule_identified","Keep typed missing pending an exact source.","No exact public codeframe found in this audit.","","A broad concept or similarly named field is not enough to infer the private ATO value encoding."
"PIT_ITR","CLOSG_STK_ACTN_CD",17,15,17,"character","Closing stock - total - type","populated",17,0,0,"tax_specific_rule","R/dil_tax_values.R:.dil_tax_pit_source_value() applies the named PIT structural or public-form rule. It derives the value from the financial year, spine occupation/age/income, related amount, or a shared spouse/business/tax context, and retains missing when inapplicable.","R/dil_tax_values.R; tests/testthat/test-dil-tax-values.R; inst/plida_metadata/variables.csv","https://www.ato.gov.au/api/public/content/a9a181ef-2223-491e-9e44-2de03b272a91_Individual_tax_return_instructions_2022_pdf","The code domain or field semantics are source-backed, but sampled frequencies and record-level assignments remain synthetic.","no_defensible_rule_identified","Keep typed missing pending an exact source.","No exact public codeframe found in this audit.","","A broad concept or similarly named field is not enough to infer the private ATO value encoding."
"PIT_ITR","DPRCTN_EXPNS_CD",1,1,1,"character","Depreciation expenses - code","populated",1,0,0,"tax_specific_rule","R/dil_tax_values.R:.dil_tax_pit_source_value() applies the named PIT structural or public-form rule. It derives the value from the financial year, spine occupation/age/income, related amount, or a shared spouse/business/tax context, and retains missing when inapplicable.","R/dil_tax_values.R; tests/testthat/test-dil-tax-values.R; inst/plida_metadata/variables.csv","https://www.ato.gov.au/api/public/content/a9a181ef-2223-491e-9e44-2de03b272a91_Individual_tax_return_instructions_2022_pdf","The code domain or field semantics are source-backed, but sampled frequencies and record-level assignments remain synthetic.","no_defensible_rule_identified","Keep typed missing pending an exact source.","No exact public codeframe found in this audit.","","A broad concept or similarly named field is not enough to infer the private ATO value encoding."
"PIT_ITR","ETP_TYP_CD",17,15,17,"character","Type of taxable employment termination payment","populated",17,0,0,"tax_specific_rule","R/dil_tax_values.R:.dil_tax_pit_source_value() applies the named PIT structural or public-form rule. It derives the value from the financial year, spine occupation/age/income, related amount, or a shared spouse/business/tax context, and retains missing when inapplicable.","R/dil_tax_values.R; tests/testthat/test-dil-tax-values.R; inst/plida_metadata/variables.csv","https://www.ato.gov.au/api/public/content/a9a181ef-2223-491e-9e44-2de03b272a91_Individual_tax_return_instructions_2022_pdf","The code domain or field semantics are source-backed, but sampled frequencies and record-level assignments remain synthetic.","no_defensible_rule_identified","Keep typed missing pending an exact source.","No exact public codeframe found in this audit.","","A broad concept or similarly named field is not enough to infer the private ATO value encoding."
"PIT_ITR","EXTRACT_REF",10,9,10,"character","ATO data extract time | Vintage of extract | Ato data extract time","populated",10,0,0,"tax_specific_rule","R/dil_tax_values.R:.dil_tax_pit_source_value() applies the named PIT structural or public-form rule. It derives the value from the financial year, spine occupation/age/income, related amount, or a shared spouse/business/tax context, and retains missing when inapplicable.","R/dil_tax_values.R; tests/testthat/test-dil-tax-values.R; inst/plida_metadata/variables.csv","https://www.ato.gov.au/api/public/content/a9a181ef-2223-491e-9e44-2de03b272a91_Individual_tax_return_instructions_2022_pdf","The code domain or field semantics are source-backed, but sampled frequencies and record-level assignments remain synthetic.","no_defensible_rule_identified","Keep typed missing pending an exact source.","No exact public codeframe found in this audit.","","A broad concept or similarly named field is not enough to infer the private ATO value encoding."
"PIT_ITR","GEOCODE_INDEX",2,2,2,"character","","unsupported_private_codeframe",0,0,2,"unsupported_private_codeframe","R/dil_tax_values.R has no field rule and returns NULL. The shared categorical fallback returns NA_character_ so an unverified private ATO codeframe is not concealed by invented values.","inst/plida_metadata/variables.csv; R/dil_tax_values.R; R/complete_dil_structures.R","https://www.ato.gov.au/api/public/content/a9a181ef-2223-491e-9e44-2de03b272a91_Individual_tax_return_instructions_2022_pdf","The DIL proves the field exists but does not enumerate its values. Keep typed missing until an exact source or defensible rule is recorded.","no_defensible_rule_identified","Keep typed missing pending an exact source.","No exact public codeframe found in this audit.","","A broad concept or similarly named field is not enough to infer the private ATO value encoding."
"PIT_ITR","HAD_SPS_CRNT_FY_DAYS",17,15,17,"character","Part-year spouse days","populated",17,0,0,"tax_specific_rule","R/dil_tax_values.R:.dil_tax_pit_source_value() applies the named PIT structural or public-form rule. It derives the value from the financial year, spine occupation/age/income, related amount, or a shared spouse/business/tax context, and retains missing when inapplicable.","R/dil_tax_values.R; tests/testthat/test-dil-tax-values.R; inst/plida_metadata/variables.csv","https://www.ato.gov.au/api/public/content/a9a181ef-2223-491e-9e44-2de03b272a91_Individual_tax_return_instructions_2022_pdf","The code domain or field semantics are source-backed, but sampled frequencies and record-level assignments remain synthetic.","no_defensible_rule_identified","Keep typed missing pending an exact source.","No exact public codeframe found in this audit.","","A broad concept or similarly named field is not enough to infer the private ATO value encoding."
"PIT_ITR","HAD_SPS_CRNT_FY_FULL_PERD_CD",17,15,17,"character","Did you have a spouse for the full year?","populated",17,0,0,"tax_specific_rule","R/dil_tax_values.R:.dil_tax_pit_source_value() applies the named PIT structural or public-form rule. It derives the value from the financial year, spine occupation/age/income, related amount, or a shared spouse/business/tax context, and retains missing when inapplicable.","R/dil_tax_values.R; tests/testthat/test-dil-tax-values.R; inst/plida_metadata/variables.csv","https://www.ato.gov.au/api/public/content/a9a181ef-2223-491e-9e44-2de03b272a91_Individual_tax_return_instructions_2022_pdf","The code domain or field semantics are source-backed, but sampled frequencies and record-level assignments remain synthetic.","no_defensible_rule_identified","Keep typed missing pending an exact source.","No exact public codeframe found in this audit.","","A broad concept or similarly named field is not enough to infer the private ATO value encoding."
"PIT_ITR","HLTH_FND_CD",1,1,1,"character","Private Health Insurance - Health Fund ID1","populated",1,0,0,"tax_specific_rule","R/dil_tax_values.R:.dil_tax_pit_source_value() applies the named PIT structural or public-form rule. It derives the value from the financial year, spine occupation/age/income, related amount, or a shared spouse/business/tax context, and retains missing when inapplicable.","R/dil_tax_values.R; tests/testthat/test-dil-tax-values.R; inst/plida_metadata/variables.csv","https://www.ato.gov.au/api/public/content/a9a181ef-2223-491e-9e44-2de03b272a91_Individual_tax_return_instructions_2022_pdf","The code domain or field semantics are source-backed, but sampled frequencies and record-level assignments remain synthetic.","implemented_current_public_codeframe","Sample a three-letter ATO health-insurer ID from a public current register, consistently across a person's policy fields.","Australian Government privatehealth.gov.au insurer register; ATO 2020 pre-filling report specification","https://www.privatehealth.gov.au/dynamic/Insurer/Index/","The package uses the current public register for all DIL years. The source does not provide year-specific insurer codes for 2009-10 to 2023-24."
"PIT_ITR","HLTH_FND_CD_1",16,14,16,"character","Private Health Insurance - Health Fund ID1 | Private health insurance - health fund id1","populated",16,0,0,"tax_specific_rule","R/dil_tax_values.R:.dil_tax_pit_source_value() applies the named PIT structural or public-form rule. It derives the value from the financial year, spine occupation/age/income, related amount, or a shared spouse/business/tax context, and retains missing when inapplicable.","R/dil_tax_values.R; tests/testthat/test-dil-tax-values.R; inst/plida_metadata/variables.csv","https://www.ato.gov.au/api/public/content/a9a181ef-2223-491e-9e44-2de03b272a91_Individual_tax_return_instructions_2022_pdf","The code domain or field semantics are source-backed, but sampled frequencies and record-level assignments remain synthetic.","implemented_current_public_codeframe","Sample a three-letter ATO health-insurer ID from a public current register, consistently across a person's policy fields.","Australian Government privatehealth.gov.au insurer register; ATO 2020 pre-filling report specification","https://www.privatehealth.gov.au/dynamic/Insurer/Index/","The package uses the current public register for all DIL years. The source does not provide year-specific insurer codes for 2009-10 to 2023-24."
"PIT_ITR","HLTH_FND_CD_2",16,14,16,"character","Private Health Insurance - Health Fund ID2 | Private health insurance - health fund id2","populated",16,0,0,"tax_specific_rule","R/dil_tax_values.R:.dil_tax_pit_source_value() applies the named PIT structural or public-form rule. It derives the value from the financial year, spine occupation/age/income, related amount, or a shared spouse/business/tax context, and retains missing when inapplicable.","R/dil_tax_values.R; tests/testthat/test-dil-tax-values.R; inst/plida_metadata/variables.csv","https://www.ato.gov.au/api/public/content/a9a181ef-2223-491e-9e44-2de03b272a91_Individual_tax_return_instructions_2022_pdf","The code domain or field semantics are source-backed, but sampled frequencies and record-level assignments remain synthetic.","implemented_current_public_codeframe","Sample a three-letter ATO health-insurer ID from a public current register, consistently across a person's policy fields.","Australian Government privatehealth.gov.au insurer register; ATO 2020 pre-filling report specification","https://www.privatehealth.gov.au/dynamic/Insurer/Index/","The package uses the current public register for all DIL years. The source does not provide year-specific insurer codes for 2009-10 to 2023-24."
"PIT_ITR","HLTH_FND_CD_3",16,14,16,"character","Private Health Insurance - Health Fund ID3 | Private health insurance - health fund id3","populated",16,0,0,"tax_specific_rule","R/dil_tax_values.R:.dil_tax_pit_source_value() applies the named PIT structural or public-form rule. It derives the value from the financial year, spine occupation/age/income, related amount, or a shared spouse/business/tax context, and retains missing when inapplicable.","R/dil_tax_values.R; tests/testthat/test-dil-tax-values.R; inst/plida_metadata/variables.csv","https://www.ato.gov.au/api/public/content/a9a181ef-2223-491e-9e44-2de03b272a91_Individual_tax_return_instructions_2022_pdf","The code domain or field semantics are source-backed, but sampled frequencies and record-level assignments remain synthetic.","implemented_current_public_codeframe","Sample a three-letter ATO health-insurer ID from a public current register, consistently across a person's policy fields.","Australian Government privatehealth.gov.au insurer register; ATO 2020 pre-filling report specification","https://www.privatehealth.gov.au/dynamic/Insurer/Index/","The package uses the current public register for all DIL years. The source does not provide year-specific insurer codes for 2009-10 to 2023-24."
"PIT_ITR","HLTH_FND_CD_4",14,12,14,"character","Private Health Insurance - Health Fund ID4 | Private health insurance - health fund id4","populated",14,0,0,"tax_specific_rule","R/dil_tax_values.R:.dil_tax_pit_source_value() applies the named PIT structural or public-form rule. It derives the value from the financial year, spine occupation/age/income, related amount, or a shared spouse/business/tax context, and retains missing when inapplicable.","R/dil_tax_values.R; tests/testthat/test-dil-tax-values.R; inst/plida_metadata/variables.csv","https://www.ato.gov.au/api/public/content/a9a181ef-2223-491e-9e44-2de03b272a91_Individual_tax_return_instructions_2022_pdf","The code domain or field semantics are source-backed, but sampled frequencies and record-level assignments remain synthetic.","implemented_current_public_codeframe","Sample a three-letter ATO health-insurer ID from a public current register, consistently across a person's policy fields.","Australian Government privatehealth.gov.au insurer register; ATO 2020 pre-filling report specification","https://www.privatehealth.gov.au/dynamic/Insurer/Index/","The package uses the current public register for all DIL years. The source does not provide year-specific insurer codes for 2009-10 to 2023-24."
"PIT_ITR","HLTH_FND_CVR_CD",1,1,1,"character","Health fund membership type 1","unsupported_private_codeframe",0,0,1,"unsupported_private_codeframe","R/dil_tax_values.R has no field rule and returns NULL. The shared categorical fallback returns NA_character_ so an unverified private ATO codeframe is not concealed by invented values.","inst/plida_metadata/variables.csv; R/dil_tax_values.R; R/complete_dil_structures.R","https://www.ato.gov.au/api/public/content/a9a181ef-2223-491e-9e44-2de03b272a91_Individual_tax_return_instructions_2022_pdf","The DIL proves the field exists but does not enumerate its values. Keep typed missing until an exact source or defensible rule is recorded.","no_defensible_rule_identified","Keep typed missing pending an exact source.","No exact public codeframe found in this audit.","","A broad concept or similarly named field is not enough to infer the private ATO value encoding."
"PIT_ITR","HVYOUAPLDANEXMPTNORRLVRCD",14,12,14,"character","Capital gains - have you applied an exemption or rollover code","populated",14,0,0,"tax_specific_rule","R/dil_tax_values.R:.dil_tax_pit_source_value() applies the named PIT structural or public-form rule. It derives the value from the financial year, spine occupation/age/income, related amount, or a shared spouse/business/tax context, and retains missing when inapplicable.","R/dil_tax_values.R; tests/testthat/test-dil-tax-values.R; inst/plida_metadata/variables.csv","https://www.ato.gov.au/api/public/content/a9a181ef-2223-491e-9e44-2de03b272a91_Individual_tax_return_instructions_2022_pdf","The code domain or field semantics are source-backed, but sampled frequencies and record-level assignments remain synthetic.","no_defensible_rule_identified","Keep typed missing pending an exact source.","No exact public codeframe found in this audit.","","A broad concept or similarly named field is not enough to infer the private ATO value encoding."
"PIT_ITR","HVYOUAPLDANEXMPTNORRLVRIND",14,12,14,"character","Capital gains - have you applied an exemption or rollover?","populated",14,0,0,"tax_specific_rule","R/dil_tax_values.R:.dil_tax_pit_source_value() applies the named PIT structural or public-form rule. It derives the value from the financial year, spine occupation/age/income, related amount, or a shared spouse/business/tax context, and retains missing when inapplicable.","R/dil_tax_values.R; tests/testthat/test-dil-tax-values.R; inst/plida_metadata/variables.csv","https://www.ato.gov.au/api/public/content/a9a181ef-2223-491e-9e44-2de03b272a91_Individual_tax_return_instructions_2022_pdf","The code domain or field semantics are source-backed, but sampled frequencies and record-level assignments remain synthetic.","no_defensible_rule_identified","Keep typed missing pending an exact source.","No exact public codeframe found in this audit.","","A broad concept or similarly named field is not enough to infer the private ATO value encoding."
"PIT_ITR","IDV_OCPTN_CD",18,16,18,"character","Your main salary and wage occupation - code | Occupation code","populated",18,0,0,"tax_specific_rule","R/dil_tax_values.R:.dil_tax_pit_source_value() applies the named PIT structural or public-form rule. It derives the value from the financial year, spine occupation/age/income, related amount, or a shared spouse/business/tax context, and retains missing when inapplicable.","R/dil_tax_values.R; tests/testthat/test-dil-tax-values.R; inst/plida_metadata/variables.csv","https://www.ato.gov.au/api/public/content/a9a181ef-2223-491e-9e44-2de03b272a91_Individual_tax_return_instructions_2022_pdf","The code domain or field semantics are source-backed, but sampled frequencies and record-level assignments remain synthetic.","no_defensible_rule_identified","Keep typed missing pending an exact source.","No exact public codeframe found in this audit.","","A broad concept or similarly named field is not enough to infer the private ATO value encoding."
"PIT_ITR","INCM_TYP_CD",7,6,7,"character","Income type","unsupported_private_codeframe",0,0,7,"unsupported_private_codeframe","R/dil_tax_values.R has no field rule and returns NULL. The shared categorical fallback returns NA_character_ so an unverified private ATO codeframe is not concealed by invented values.","inst/plida_metadata/variables.csv; R/dil_tax_values.R; R/complete_dil_structures.R","https://www.ato.gov.au/api/public/content/a9a181ef-2223-491e-9e44-2de03b272a91_Individual_tax_return_instructions_2022_pdf","The DIL proves the field exists but does not enumerate its values. Keep typed missing until an exact source or defensible rule is recorded.","public_related_domain_requires_source_equivalence","Use the ATO income-type domain only after confirming that PIT wages INCM_TYP_CD is source-equivalent to the STP/payment-summary field.","ATO STP Phase 2 income-types guidance","https://www.ato.gov.au/api/public/content/0-2f417730-27cf-4825-8b51-ee53bfe00358","The public STP domain is related but not proven identical to this ITR wages-table field, especially before STP Phase 2."
"PIT_ITR","INVMT_PSHP_AND_OTHR_SRCS_CD",17,15,17,"character","Government super contributions income from investment partnership and other sources code","unsupported_private_codeframe",0,0,17,"unsupported_private_codeframe","R/dil_tax_values.R has no field rule and returns NULL. The shared categorical fallback returns NA_character_ so an unverified private ATO codeframe is not concealed by invented values.","inst/plida_metadata/variables.csv; R/dil_tax_values.R; R/complete_dil_structures.R","https://www.ato.gov.au/api/public/content/a9a181ef-2223-491e-9e44-2de03b272a91_Individual_tax_return_instructions_2022_pdf","The DIL proves the field exists but does not enumerate its values. Keep typed missing until an exact source or defensible rule is recorded.","no_defensible_rule_identified","Keep typed missing pending an exact source.","No exact public codeframe found in this audit.","","A broad concept or similarly named field is not enough to infer the private ATO value encoding."
"PIT_ITR","LGA",11,8,11,"character","Local government area","populated",11,0,0,"generic_structural_geography","The shared administrative geography rule samples an official LGA code for the product year and keeps the code consistent with the person's synthetic state.","R/dil_geography_values.R; inst/extdata/codeframes/lga.tsv; PLIDA DIL","https://geo.abs.gov.au/arcgis/rest/services/ASGS2024/LGA/MapServer","The codeframe and state relationship are official; the person's exact LGA and its within-state distribution are synthetic.","no_defensible_rule_identified","Keep typed missing pending an exact source.","No exact public codeframe found in this audit.","","A broad concept or similarly named field is not enough to infer the private ATO value encoding."
"PIT_ITR","LGA_CODE_2024",2,2,2,"character","","populated",2,0,0,"generic_structural_geography","The shared administrative geography rule samples an official LGA code for the product year and keeps the code consistent with the person's synthetic state.","R/dil_geography_values.R; inst/extdata/codeframes/lga.tsv; PLIDA DIL","https://geo.abs.gov.au/arcgis/rest/services/ASGS2024/LGA/MapServer","The codeframe and state relationship are official; the person's exact LGA and its within-state distribution are synthetic.","no_defensible_rule_identified","Keep typed missing pending an exact source.","No exact public codeframe found in this audit.","","A broad concept or similarly named field is not enough to infer the private ATO value encoding."
"PIT_ITR","LODGMENT_SOURCE",16,14,16,"character","Lodgment source","populated",16,0,0,"tax_specific_rule","R/dil_tax_values.R:.dil_tax_pit_source_value() applies the named PIT structural or public-form rule. It derives the value from the financial year, spine occupation/age/income, related amount, or a shared spouse/business/tax context, and retains missing when inapplicable.","R/dil_tax_values.R; tests/testthat/test-dil-tax-values.R; inst/plida_metadata/variables.csv","https://www.ato.gov.au/api/public/content/a9a181ef-2223-491e-9e44-2de03b272a91_Individual_tax_return_instructions_2022_pdf","The code domain or field semantics are source-backed, but sampled frequencies and record-level assignments remain synthetic.","implemented_alife_manual_codeframe","Use the ALife c_lodgement_type codes. Sample AGNT_ELS, ETAX, SP_MYTAX and SP_PPR with the ATO annual broad-channel counts.","inst/plida_metadata/alife_variable_manual.csv; inst/extdata/codeframes/ato-pit-lodgement-channel-weights.tsv; ATO Taxation Statistics Snapshot Table 5","https://alife-research.app/assets/manual/itr/c_lodgement_type.md | https://data.gov.au/data/dataset/faea4485-f407-457d-97f8-3f0822ccd654/resource/e19017b8-3894-44e2-995a-1c253c96977e","The DIL-to-ALife link is a semantic crosswalk, not an identifier match. Public counts do not separate AGNT_PPR, TELE or TXPK_EXP, so the model gives those valid ALife codes zero weight."
"PIT_ITR","LSPA_TYP",1,1,1,"character","Lump sum a type","populated",1,0,0,"tax_specific_rule","R/dil_tax_values.R:.dil_tax_pit_source_value() applies the named PIT structural or public-form rule. It derives the value from the financial year, spine occupation/age/income, related amount, or a shared spouse/business/tax context, and retains missing when inapplicable.","R/dil_tax_values.R; tests/testthat/test-dil-tax-values.R; inst/plida_metadata/variables.csv","https://www.ato.gov.au/api/public/content/a9a181ef-2223-491e-9e44-2de03b272a91_Individual_tax_return_instructions_2022_pdf","The code domain or field semantics are source-backed, but sampled frequencies and record-level assignments remain synthetic.","no_defensible_rule_identified","Keep typed missing pending an exact source.","No exact public codeframe found in this audit.","","A broad concept or similarly named field is not enough to infer the private ATO value encoding."
"PIT_ITR","LSPS_AMTA_CD",17,15,17,"character","Type of lump sum payments a","populated",17,0,0,"tax_specific_rule","R/dil_tax_values.R:.dil_tax_pit_source_value() applies the named PIT structural or public-form rule. It derives the value from the financial year, spine occupation/age/income, related amount, or a shared spouse/business/tax context, and retains missing when inapplicable.","R/dil_tax_values.R; tests/testthat/test-dil-tax-values.R; inst/plida_metadata/variables.csv","https://www.ato.gov.au/api/public/content/a9a181ef-2223-491e-9e44-2de03b272a91_Individual_tax_return_instructions_2022_pdf","The code domain or field semantics are source-backed, but sampled frequencies and record-level assignments remain synthetic.","no_defensible_rule_identified","Keep typed missing pending an exact source.","No exact public codeframe found in this audit.","","A broad concept or similarly named field is not enough to infer the private ATO value encoding."
"PIT_ITR","MDCRE_FULLLVY_EXMTN_CLM_TYP_CD",17,15,17,"character","Medicare levy full exemption - claim type","populated",17,0,0,"tax_specific_rule","R/dil_tax_values.R:.dil_tax_pit_source_value() applies the named PIT structural or public-form rule. It derives the value from the financial year, spine occupation/age/income, related amount, or a shared spouse/business/tax context, and retains missing when inapplicable.","R/dil_tax_values.R; tests/testthat/test-dil-tax-values.R; inst/plida_metadata/variables.csv","https://www.ato.gov.au/api/public/content/a9a181ef-2223-491e-9e44-2de03b272a91_Individual_tax_return_instructions_2022_pdf","The code domain or field semantics are source-backed, but sampled frequencies and record-level assignments remain synthetic.","no_defensible_rule_identified","Keep typed missing pending an exact source.","No exact public codeframe found in this audit.","","A broad concept or similarly named field is not enough to infer the private ATO value encoding."
"PIT_ITR","MRTL_STS_CD",1,1,1,"character","Marital Status","populated",1,0,0,"tax_specific_rule","R/dil_tax_values.R:.dil_tax_pit_source_value() applies the named PIT structural or public-form rule. It derives the value from the financial year, spine occupation/age/income, related amount, or a shared spouse/business/tax context, and retains missing when inapplicable.","R/dil_tax_values.R; tests/testthat/test-dil-tax-values.R; inst/plida_metadata/variables.csv","https://www.ato.gov.au/api/public/content/a9a181ef-2223-491e-9e44-2de03b272a91_Individual_tax_return_instructions_2022_pdf","The code domain or field semantics are source-backed, but sampled frequencies and record-level assignments remain synthetic.","no_defensible_rule_identified","Keep typed missing pending an exact source.","No exact public codeframe found in this audit.","","A broad concept or similarly named field is not enough to infer the private ATO value encoding."
"PIT_ITR","MTR_VHCL_BUS_EXPNSS_TYP_CD",16,14,16,"character","Motor vehicle expenses - total - type","populated",16,0,0,"tax_specific_rule","R/dil_tax_values.R:.dil_tax_pit_source_value() applies the named PIT structural or public-form rule. It derives the value from the financial year, spine occupation/age/income, related amount, or a shared spouse/business/tax context, and retains missing when inapplicable.","R/dil_tax_values.R; tests/testthat/test-dil-tax-values.R; inst/plida_metadata/variables.csv","https://www.ato.gov.au/api/public/content/a9a181ef-2223-491e-9e44-2de03b272a91_Individual_tax_return_instructions_2022_pdf","The code domain or field semantics are source-backed, but sampled frequencies and record-level assignments remain synthetic.","no_defensible_rule_identified","Keep typed missing pending an exact source.","No exact public codeframe found in this audit.","","A broad concept or similarly named field is not enough to infer the private ATO value encoding."
"PIT_ITR","NONELGBLTAXEXMPTNSPSFBTTOTL",4,4,4,"character","Your spouse's total reportable fringe benefits amounts - Employers not exempt from FBT under section 57A of the FBTAA 1986","populated",4,0,0,"tax_specific_rule","R/dil_tax_values.R:.dil_tax_pit_source_value() applies the named PIT structural or public-form rule. It derives the value from the financial year, spine occupation/age/income, related amount, or a shared spouse/business/tax context, and retains missing when inapplicable.","R/dil_tax_values.R; tests/testthat/test-dil-tax-values.R; inst/plida_metadata/variables.csv","https://www.ato.gov.au/api/public/content/a9a181ef-2223-491e-9e44-2de03b272a91_Individual_tax_return_instructions_2022_pdf","The code domain or field semantics are source-backed, but sampled frequencies and record-level assignments remain synthetic.","no_defensible_rule_identified","Keep typed missing pending an exact source.","No exact public codeframe found in this audit.","","A broad concept or similarly named field is not enough to infer the private ATO value encoding."
"PIT_ITR","NPP_OTHR_DDCTNS_BUS_LSS_CD",17,15,17,"character","Type of other deductions relating to distribution non primary deduction","populated",17,0,0,"tax_specific_rule","R/dil_tax_values.R:.dil_tax_pit_source_value() applies the named PIT structural or public-form rule. It derives the value from the financial year, spine occupation/age/income, related amount, or a shared spouse/business/tax context, and retains missing when inapplicable.","R/dil_tax_values.R; tests/testthat/test-dil-tax-values.R; inst/plida_metadata/variables.csv","https://www.ato.gov.au/api/public/content/a9a181ef-2223-491e-9e44-2de03b272a91_Individual_tax_return_instructions_2022_pdf","The code domain or field semantics are source-backed, but sampled frequencies and record-level assignments remain synthetic.","no_defensible_rule_identified","Keep typed missing pending an exact source.","No exact public codeframe found in this audit.","","A broad concept or similarly named field is not enough to infer the private ATO value encoding."
"PIT_ITR","OCPTN_GRP_CD",7,7,7,"character","Ocupation group code","populated",7,0,0,"tax_specific_rule","R/dil_tax_values.R:.dil_tax_pit_source_value() applies the named PIT structural or public-form rule. It derives the value from the financial year, spine occupation/age/income, related amount, or a shared spouse/business/tax context, and retains missing when inapplicable.","R/dil_tax_values.R; tests/testthat/test-dil-tax-values.R; inst/plida_metadata/variables.csv","https://www.ato.gov.au/api/public/content/a9a181ef-2223-491e-9e44-2de03b272a91_Individual_tax_return_instructions_2022_pdf","The code domain or field semantics are source-backed, but sampled frequencies and record-level assignments remain synthetic.","no_defensible_rule_identified","Keep typed missing pending an exact source.","No exact public codeframe found in this audit.","","A broad concept or similarly named field is not enough to infer the private ATO value encoding."
"PIT_ITR","OCPTN4_CD",3,3,3,"character","Occupation code (old)","unsupported_private_codeframe",0,0,3,"unsupported_private_codeframe","R/dil_tax_values.R has no field rule and returns NULL. The shared categorical fallback returns NA_character_ so an unverified private ATO codeframe is not concealed by invented values.","inst/plida_metadata/variables.csv; R/dil_tax_values.R; R/complete_dil_structures.R","https://www.ato.gov.au/api/public/content/a9a181ef-2223-491e-9e44-2de03b272a91_Individual_tax_return_instructions_2022_pdf","The DIL proves the field exists but does not enumerate its values. Keep typed missing until an exact source or defensible rule is recorded.","no_defensible_rule_identified","Keep typed missing pending an exact source.","No exact public codeframe found in this audit.","","A broad concept or similarly named field is not enough to infer the private ATO value encoding."
"PIT_ITR","OTHR_BUS_INCM_NPP_CD",3,3,3,"character","Other business income - non-primary production code","populated",3,0,0,"tax_specific_rule","R/dil_tax_values.R:.dil_tax_pit_source_value() applies the named PIT structural or public-form rule. It derives the value from the financial year, spine occupation/age/income, related amount, or a shared spouse/business/tax context, and retains missing when inapplicable.","R/dil_tax_values.R; tests/testthat/test-dil-tax-values.R; inst/plida_metadata/variables.csv","https://www.ato.gov.au/api/public/content/a9a181ef-2223-491e-9e44-2de03b272a91_Individual_tax_return_instructions_2022_pdf","The code domain or field semantics are source-backed, but sampled frequencies and record-level assignments remain synthetic.","no_defensible_rule_identified","Keep typed missing pending an exact source.","No exact public codeframe found in this audit.","","A broad concept or similarly named field is not enough to infer the private ATO value encoding."
"PIT_ITR","OTHR_BUS_INCM_PP_CD",3,3,3,"character","Other business income - primary production code","populated",3,0,0,"tax_specific_rule","R/dil_tax_values.R:.dil_tax_pit_source_value() applies the named PIT structural or public-form rule. It derives the value from the financial year, spine occupation/age/income, related amount, or a shared spouse/business/tax context, and retains missing when inapplicable.","R/dil_tax_values.R; tests/testthat/test-dil-tax-values.R; inst/plida_metadata/variables.csv","https://www.ato.gov.au/api/public/content/a9a181ef-2223-491e-9e44-2de03b272a91_Individual_tax_return_instructions_2022_pdf","The code domain or field semantics are source-backed, but sampled frequencies and record-level assignments remain synthetic.","no_defensible_rule_identified","Keep typed missing pending an exact source.","No exact public codeframe found in this audit.","","A broad concept or similarly named field is not enough to infer the private ATO value encoding."
"PIT_ITR","OTHR_RFNDBL_TOS_CD",14,12,14,"character","Other refundable tax offsets code","populated",14,0,0,"tax_specific_rule","R/dil_tax_values.R:.dil_tax_pit_source_value() applies the named PIT structural or public-form rule. It derives the value from the financial year, spine occupation/age/income, related amount, or a shared spouse/business/tax context, and retains missing when inapplicable.","R/dil_tax_values.R; tests/testthat/test-dil-tax-values.R; inst/plida_metadata/variables.csv","https://www.ato.gov.au/api/public/content/a9a181ef-2223-491e-9e44-2de03b272a91_Individual_tax_return_instructions_2022_pdf","The code domain or field semantics are source-backed, but sampled frequencies and record-level assignments remain synthetic.","no_defensible_rule_identified","Keep typed missing pending an exact source.","No exact public codeframe found in this audit.","","A broad concept or similarly named field is not enough to infer the private ATO value encoding."
"PIT_ITR","OTHR_TAX_OFSTS_CLM_TYP_CD",13,12,13,"character","Other non-refundable tax offsets claim type","unsupported_private_codeframe",0,0,13,"unsupported_private_codeframe","R/dil_tax_values.R has no field rule and returns NULL. The shared categorical fallback returns NA_character_ so an unverified private ATO codeframe is not concealed by invented values.","inst/plida_metadata/variables.csv; R/dil_tax_values.R; R/complete_dil_structures.R","https://www.ato.gov.au/api/public/content/a9a181ef-2223-491e-9e44-2de03b272a91_Individual_tax_return_instructions_2022_pdf","The DIL proves the field exists but does not enumerate its values. Keep typed missing until an exact source or defensible rule is recorded.","no_defensible_rule_identified","Keep typed missing pending an exact source.","No exact public codeframe found in this audit.","","A broad concept or similarly named field is not enough to infer the private ATO value encoding."
"PIT_ITR","PNSNR_TAX_OFST_CD",2,2,2,"character","Pensioner tax offset code","populated",2,0,0,"tax_specific_rule","R/dil_tax_values.R:.dil_tax_pit_source_value() applies the named PIT structural or public-form rule. It derives the value from the financial year, spine occupation/age/income, related amount, or a shared spouse/business/tax context, and retains missing when inapplicable.","R/dil_tax_values.R; tests/testthat/test-dil-tax-values.R; inst/plida_metadata/variables.csv","https://www.ato.gov.au/api/public/content/a9a181ef-2223-491e-9e44-2de03b272a91_Individual_tax_return_instructions_2022_pdf","The code domain or field semantics are source-backed, but sampled frequencies and record-level assignments remain synthetic.","no_defensible_rule_identified","Keep typed missing pending an exact source.","No exact public codeframe found in this audit.","","A broad concept or similarly named field is not enough to infer the private ATO value encoding."
"PIT_ITR","PNSNR_VETERAN_CD",2,2,2,"character","Pensioner veteran code","populated",2,0,0,"tax_specific_rule","R/dil_tax_values.R:.dil_tax_pit_source_value() applies the named PIT structural or public-form rule. It derives the value from the financial year, spine occupation/age/income, related amount, or a shared spouse/business/tax context, and retains missing when inapplicable.","R/dil_tax_values.R; tests/testthat/test-dil-tax-values.R; inst/plida_metadata/variables.csv","https://www.ato.gov.au/api/public/content/a9a181ef-2223-491e-9e44-2de03b272a91_Individual_tax_return_instructions_2022_pdf","The code domain or field semantics are source-backed, but sampled frequencies and record-level assignments remain synthetic.","no_defensible_rule_identified","Keep typed missing pending an exact source.","No exact public codeframe found in this audit.","","A broad concept or similarly named field is not enough to infer the private ATO value encoding."
"PIT_ITR","PP_OTHR_DDCTNS_DSTBN_BUSLSS_CD",17,15,17,"character","Type of other deductions relating to distribution primary deduction","populated",17,0,0,"tax_specific_rule","R/dil_tax_values.R:.dil_tax_pit_source_value() applies the named PIT structural or public-form rule. It derives the value from the financial year, spine occupation/age/income, related amount, or a shared spouse/business/tax context, and retains missing when inapplicable.","R/dil_tax_values.R; tests/testthat/test-dil-tax-values.R; inst/plida_metadata/variables.csv","https://www.ato.gov.au/api/public/content/a9a181ef-2223-491e-9e44-2de03b272a91_Individual_tax_return_instructions_2022_pdf","The code domain or field semantics are source-backed, but sampled frequencies and record-level assignments remain synthetic.","no_defensible_rule_identified","Keep typed missing pending an exact source.","No exact public codeframe found in this audit.","","A broad concept or similarly named field is not enough to infer the private ATO value encoding."
"PIT_ITR","PRT_YR_TFT_ELGBL_MTHS_CD",17,15,17,"character","Part-year tax-free threshold - months eligible","populated",17,0,0,"tax_specific_rule","R/dil_tax_values.R:.dil_tax_pit_source_value() applies the named PIT structural or public-form rule. It derives the value from the financial year, spine occupation/age/income, related amount, or a shared spouse/business/tax context, and retains missing when inapplicable.","R/dil_tax_values.R; tests/testthat/test-dil-tax-values.R; inst/plida_metadata/variables.csv","https://www.ato.gov.au/api/public/content/a9a181ef-2223-491e-9e44-2de03b272a91_Individual_tax_return_instructions_2022_pdf","The code domain or field semantics are source-backed, but sampled frequencies and record-level assignments remain synthetic.","no_defensible_rule_identified","Keep typed missing pending an exact source.","No exact public codeframe found in this audit.","","A broad concept or similarly named field is not enough to infer the private ATO value encoding."
"PIT_ITR","PRVT_HLTH_CVR_PLCY_TYPE_CD",7,7,7,"character","Private health cover policy type code","unsupported_private_codeframe",0,0,7,"unsupported_private_codeframe","R/dil_tax_values.R has no field rule and returns NULL. The shared categorical fallback returns NA_character_ so an unverified private ATO codeframe is not concealed by invented values.","inst/plida_metadata/variables.csv; R/dil_tax_values.R; R/complete_dil_structures.R","https://www.ato.gov.au/api/public/content/a9a181ef-2223-491e-9e44-2de03b272a91_Individual_tax_return_instructions_2022_pdf","The DIL proves the field exists but does not enumerate its values. Keep typed missing until an exact source or defensible rule is recorded.","no_defensible_rule_identified","Keep typed missing pending an exact source.","No exact public codeframe found in this audit.","","A broad concept or similarly named field is not enough to infer the private ATO value encoding."
"PIT_ITR","RECORD_ID",1,1,1,"character","Record id","populated",1,0,0,"tax_specific_rule","R/dil_tax_values.R:.dil_tax_pit_source_value() applies the named PIT structural or public-form rule. It derives the value from the financial year, spine occupation/age/income, related amount, or a shared spouse/business/tax context, and retains missing when inapplicable.","R/dil_tax_values.R; tests/testthat/test-dil-tax-values.R; inst/plida_metadata/variables.csv","https://www.ato.gov.au/api/public/content/a9a181ef-2223-491e-9e44-2de03b272a91_Individual_tax_return_instructions_2022_pdf","The code domain or field semantics are source-backed, but sampled frequencies and record-level assignments remain synthetic.","no_defensible_rule_identified","Keep typed missing pending an exact source.","No exact public codeframe found in this audit.","","A broad concept or similarly named field is not enough to infer the private ATO value encoding."
"PIT_ITR","REPAIR_RESULT",5,5,5,"character","Repair result | Address repair result","unsupported_private_codeframe",0,0,5,"unsupported_private_codeframe","R/dil_tax_values.R has no field rule and returns NULL. The shared categorical fallback returns NA_character_ so an unverified private ATO codeframe is not concealed by invented values.","inst/plida_metadata/variables.csv; R/dil_tax_values.R; R/complete_dil_structures.R","https://www.ato.gov.au/api/public/content/a9a181ef-2223-491e-9e44-2de03b272a91_Individual_tax_return_instructions_2022_pdf","The DIL proves the field exists but does not enumerate its values. Keep typed missing until an exact source or defensible rule is recorded.","no_defensible_rule_identified","Keep typed missing pending an exact source.","No exact public codeframe found in this audit.","","A broad concept or similarly named field is not enough to infer the private ATO value encoding."
"PIT_ITR","SATO_CD",18,16,18,"character","Seniors and pensioners tax offset code","populated",18,0,0,"tax_specific_rule","R/dil_tax_values.R:.dil_tax_pit_source_value() applies the named PIT structural or public-form rule. It derives the value from the financial year, spine occupation/age/income, related amount, or a shared spouse/business/tax context, and retains missing when inapplicable.","R/dil_tax_values.R; tests/testthat/test-dil-tax-values.R; inst/plida_metadata/variables.csv","https://www.ato.gov.au/api/public/content/a9a181ef-2223-491e-9e44-2de03b272a91_Individual_tax_return_instructions_2022_pdf","The code domain or field semantics are source-backed, but sampled frequencies and record-level assignments remain synthetic.","no_defensible_rule_identified","Keep typed missing pending an exact source.","No exact public codeframe found in this audit.","","A broad concept or similarly named field is not enough to infer the private ATO value encoding."
"PIT_ITR","SLRY_AND_WG_EXPNSS_TOTL_CD",17,15,17,"character","Total salary and wage expenses - type","populated",17,0,0,"tax_specific_rule","R/dil_tax_values.R:.dil_tax_pit_source_value() applies the named PIT structural or public-form rule. It derives the value from the financial year, spine occupation/age/income, related amount, or a shared spouse/business/tax context, and retains missing when inapplicable.","R/dil_tax_values.R; tests/testthat/test-dil-tax-values.R; inst/plida_metadata/variables.csv","https://www.ato.gov.au/api/public/content/a9a181ef-2223-491e-9e44-2de03b272a91_Individual_tax_return_instructions_2022_pdf","The code domain or field semantics are source-backed, but sampled frequencies and record-level assignments remain synthetic.","no_defensible_rule_identified","Keep typed missing pending an exact source.","No exact public codeframe found in this audit.","","A broad concept or similarly named field is not enough to infer the private ATO value encoding."
"PIT_ITR","SLS_PMT_TYP_CD",17,15,17,"character","Type of australian superannuation lump sum payments","populated",17,0,0,"tax_specific_rule","R/dil_tax_values.R:.dil_tax_pit_source_value() applies the named PIT structural or public-form rule. It derives the value from the financial year, spine occupation/age/income, related amount, or a shared spouse/business/tax context, and retains missing when inapplicable.","R/dil_tax_values.R; tests/testthat/test-dil-tax-values.R; inst/plida_metadata/variables.csv","https://www.ato.gov.au/api/public/content/a9a181ef-2223-491e-9e44-2de03b272a91_Individual_tax_return_instructions_2022_pdf","The code domain or field semantics are source-backed, but sampled frequencies and record-level assignments remain synthetic.","no_defensible_rule_identified","Keep typed missing pending an exact source.","No exact public codeframe found in this audit.","","A broad concept or similarly named field is not enough to infer the private ATO value encoding."
"PIT_ITR","SNR_AUSNS_VETERAN_CD",18,16,18,"character","Seniors and pensioners veteran code","populated",18,0,0,"tax_specific_rule","R/dil_tax_values.R:.dil_tax_pit_source_value() applies the named PIT structural or public-form rule. It derives the value from the financial year, spine occupation/age/income, related amount, or a shared spouse/business/tax context, and retains missing when inapplicable.","R/dil_tax_values.R; tests/testthat/test-dil-tax-values.R; inst/plida_metadata/variables.csv","https://www.ato.gov.au/api/public/content/a9a181ef-2223-491e-9e44-2de03b272a91_Individual_tax_return_instructions_2022_pdf","The code domain or field semantics are source-backed, but sampled frequencies and record-level assignments remain synthetic.","no_defensible_rule_identified","Keep typed missing pending an exact source.","No exact public codeframe found in this audit.","","A broad concept or similarly named field is not enough to infer the private ATO value encoding."
"PIT_ITR","SPS_OR_HSKPR_TAX_OFST_CLM_CD",9,9,9,"character","Spouse (without dependent child or student), child-housekeeper or housekeeper offset - claim type","populated",9,0,0,"tax_specific_rule","R/dil_tax_values.R:.dil_tax_pit_source_value() applies the named PIT structural or public-form rule. It derives the value from the financial year, spine occupation/age/income, related amount, or a shared spouse/business/tax context, and retains missing when inapplicable.","R/dil_tax_values.R; tests/testthat/test-dil-tax-values.R; inst/plida_metadata/variables.csv","https://www.ato.gov.au/api/public/content/a9a181ef-2223-491e-9e44-2de03b272a91_Individual_tax_return_instructions_2022_pdf","The code domain or field semantics are source-backed, but sampled frequencies and record-level assignments remain synthetic.","no_defensible_rule_identified","Keep typed missing pending an exact source.","No exact public codeframe found in this audit.","","A broad concept or similarly named field is not enough to infer the private ATO value encoding."
"PIT_ITR","STS_INCM_NET_CD",1,1,1,"character","Net simplified tax system income - code","unsupported_private_codeframe",0,0,1,"unsupported_private_codeframe","R/dil_tax_values.R has no field rule and returns NULL. The shared categorical fallback returns NA_character_ so an unverified private ATO codeframe is not concealed by invented values.","inst/plida_metadata/variables.csv; R/dil_tax_values.R; R/complete_dil_structures.R","https://www.ato.gov.au/api/public/content/a9a181ef-2223-491e-9e44-2de03b272a91_Individual_tax_return_instructions_2022_pdf","The DIL proves the field exists but does not enumerate its values. Keep typed missing until an exact source or defensible rule is recorded.","no_defensible_rule_identified","Keep typed missing pending an exact source.","No exact public codeframe found in this audit.","","A broad concept or similarly named field is not enough to infer the private ATO value encoding."
"PIT_ITR","SUB_OCPTN_GRP_CD",7,7,7,"character","Sub occupation group code","populated",7,0,0,"tax_specific_rule","R/dil_tax_values.R:.dil_tax_pit_source_value() applies the named PIT structural or public-form rule. It derives the value from the financial year, spine occupation/age/income, related amount, or a shared spouse/business/tax context, and retains missing when inapplicable.","R/dil_tax_values.R; tests/testthat/test-dil-tax-values.R; inst/plida_metadata/variables.csv","https://www.ato.gov.au/api/public/content/a9a181ef-2223-491e-9e44-2de03b272a91_Individual_tax_return_instructions_2022_pdf","The code domain or field semantics are source-backed, but sampled frequencies and record-level assignments remain synthetic.","no_defensible_rule_identified","Keep typed missing pending an exact source.","No exact public codeframe found in this audit.","","A broad concept or similarly named field is not enough to infer the private ATO value encoding."
"PIT_ITR","SUPER_CONTRB_ACTN_CD",5,5,5,"character","Super contribution action code","unsupported_private_codeframe",0,0,5,"unsupported_private_codeframe","R/dil_tax_values.R has no field rule and returns NULL. The shared categorical fallback returns NA_character_ so an unverified private ATO codeframe is not concealed by invented values.","inst/plida_metadata/variables.csv; R/dil_tax_values.R; R/complete_dil_structures.R","https://www.ato.gov.au/api/public/content/a9a181ef-2223-491e-9e44-2de03b272a91_Individual_tax_return_instructions_2022_pdf","The DIL proves the field exists but does not enumerate its values. Keep typed missing until an exact source or defensible rule is recorded.","no_defensible_rule_identified","Keep typed missing pending an exact source.","No exact public codeframe found in this audit.","","A broad concept or similarly named field is not enough to infer the private ATO value encoding."
"PIT_ITR","TAXABLE_STATUS",16,14,16,"character","Taxable status","unsupported_private_codeframe",0,0,16,"unsupported_private_codeframe","R/dil_tax_values.R has no field rule and returns NULL. The shared categorical fallback returns NA_character_ so an unverified private ATO codeframe is not concealed by invented values.","inst/plida_metadata/variables.csv; R/dil_tax_values.R; R/complete_dil_structures.R","https://www.ato.gov.au/api/public/content/a9a181ef-2223-491e-9e44-2de03b272a91_Individual_tax_return_instructions_2022_pdf","The DIL proves the field exists but does not enumerate its values. Keep typed missing until an exact source or defensible rule is recorded.","no_defensible_rule_identified","Keep typed missing pending an exact source.","No exact public codeframe found in this audit.","","A broad concept or similarly named field is not enough to infer the private ATO value encoding."
"PIT_ITR","TFE_ELGBL_AST_OPT_OUT_CD",4,4,4,"character","Temporary full expensing - Are you making a choice to opt out of temporary full _x000D_ expensing for some or all of your eligible assets? | Temporary full expensing - are you making a choice to opt out of temporary full expensing for some or all of your eligible assets?","populated",4,0,0,"tax_specific_rule","R/dil_tax_values.R:.dil_tax_pit_source_value() applies the named PIT structural or public-form rule. It derives the value from the financial year, spine occupation/age/income, related amount, or a shared spouse/business/tax context, and retains missing when inapplicable.","R/dil_tax_values.R; tests/testthat/test-dil-tax-values.R; inst/plida_metadata/variables.csv","https://www.ato.gov.au/api/public/content/a9a181ef-2223-491e-9e44-2de03b272a91_Individual_tax_return_instructions_2022_pdf","The code domain or field semantics are source-backed, but sampled frequencies and record-level assignments remain synthetic.","implemented_official_cross_asset_codeframe","Use character codes 5, 10 and 15 for some eligible assets, all eligible assets and no opt-out; preserve invalid/no response as missing.","inst/blade_metadata/variables.csv, Table 6 Business Income Tax valid responses (official April 2026 BLADE DIL snapshot)","https://www.abs.gov.au/statistics/microdata-tablebuilder/available-microdata-tablebuilder/business-longitudinal-analysis-data-environment-blade","The BLADE item has an i_ prefix and numeric storage while PLIDA stores character. The implementation stores the code numbers as character."
"PIT_ITR","UNDR_18_INCM_TYP_CD",17,15,17,"character","Under 18 income type","populated",17,0,0,"tax_specific_rule","R/dil_tax_values.R:.dil_tax_pit_source_value() applies the named PIT structural or public-form rule. It derives the value from the financial year, spine occupation/age/income, related amount, or a shared spouse/business/tax context, and retains missing when inapplicable.","R/dil_tax_values.R; tests/testthat/test-dil-tax-values.R; inst/plida_metadata/variables.csv","https://www.ato.gov.au/api/public/content/a9a181ef-2223-491e-9e44-2de03b272a91_Individual_tax_return_instructions_2022_pdf","The code domain or field semantics are source-backed, but sampled frequencies and record-level assignments remain synthetic.","no_defensible_rule_identified","Keep typed missing pending an exact source.","No exact public codeframe found in this audit.","","A broad concept or similarly named field is not enough to infer the private ATO value encoding."
"PIT_ITR","UNPLMT_SKNS_BNFT_ACTN_CD",1,1,1,"character","Unemployment sickness action code","unsupported_private_codeframe",0,0,1,"unsupported_private_codeframe","R/dil_tax_values.R has no field rule and returns NULL. The shared categorical fallback returns NA_character_ so an unverified private ATO codeframe is not concealed by invented values.","inst/plida_metadata/variables.csv; R/dil_tax_values.R; R/complete_dil_structures.R","https://www.ato.gov.au/api/public/content/a9a181ef-2223-491e-9e44-2de03b272a91_Individual_tax_return_instructions_2022_pdf","The DIL proves the field exists but does not enumerate its values. Keep typed missing until an exact source or defensible rule is recorded.","no_defensible_rule_identified","Keep typed missing pending an exact source.","No exact public codeframe found in this audit.","","A broad concept or similarly named field is not enough to infer the private ATO value encoding."
"PIT_ITR","WRK_RLTD_CAR_EXPNSS_CLM_TYP_CD",25,23,25,"character","Work related car expenses - claim type","populated",25,0,0,"tax_specific_rule","R/dil_tax_values.R:.dil_tax_pit_source_value() applies the named PIT structural or public-form rule. It derives the value from the financial year, spine occupation/age/income, related amount, or a shared spouse/business/tax context, and retains missing when inapplicable.","R/dil_tax_values.R; tests/testthat/test-dil-tax-values.R; inst/plida_metadata/variables.csv","https://www.ato.gov.au/api/public/content/a9a181ef-2223-491e-9e44-2de03b272a91_Individual_tax_return_instructions_2022_pdf","The code domain or field semantics are source-backed, but sampled frequencies and record-level assignments remain synthetic.","no_defensible_rule_identified","Keep typed missing pending an exact source.","No exact public codeframe found in this audit.","","A broad concept or similarly named field is not enough to infer the private ATO value encoding."
"PIT_ITR","WRK_RLTD_CLTHG_EXPNSS_TYP_CD",25,23,25,"character","Work related clothing expenses - claim type | Work related uniform action code","populated",25,0,0,"tax_specific_rule","R/dil_tax_values.R:.dil_tax_pit_source_value() applies the named PIT structural or public-form rule. It derives the value from the financial year, spine occupation/age/income, related amount, or a shared spouse/business/tax context, and retains missing when inapplicable.","R/dil_tax_values.R; tests/testthat/test-dil-tax-values.R; inst/plida_metadata/variables.csv","https://www.ato.gov.au/api/public/content/a9a181ef-2223-491e-9e44-2de03b272a91_Individual_tax_return_instructions_2022_pdf","The code domain or field semantics are source-backed, but sampled frequencies and record-level assignments remain synthetic.","no_defensible_rule_identified","Keep typed missing pending an exact source.","No exact public codeframe found in this audit.","","A broad concept or similarly named field is not enough to infer the private ATO value encoding."
"PIT_ITR","WRK_RLTD_SELF_EDUCN_TYP_CD",25,23,25,"character","Work related self education expenses - claim type | Work related self education action code","populated",25,0,0,"tax_specific_rule","R/dil_tax_values.R:.dil_tax_pit_source_value() applies the named PIT structural or public-form rule. It derives the value from the financial year, spine occupation/age/income, related amount, or a shared spouse/business/tax context, and retains missing when inapplicable.","R/dil_tax_values.R; tests/testthat/test-dil-tax-values.R; inst/plida_metadata/variables.csv","https://www.ato.gov.au/api/public/content/a9a181ef-2223-491e-9e44-2de03b272a91_Individual_tax_return_instructions_2022_pdf","The code domain or field semantics are source-backed, but sampled frequencies and record-level assignments remain synthetic.","no_defensible_rule_identified","Keep typed missing pending an exact source.","No exact public codeframe found in this audit.","","A broad concept or similarly named field is not enough to infer the private ATO value encoding."
"PIT_ITR","XMEMPTYPEGOV",16,14,16,"character","Type of employer for main job","unsupported_private_codeframe",0,0,16,"unsupported_private_codeframe","R/dil_tax_values.R has no field rule and returns NULL. The shared categorical fallback returns NA_character_ so an unverified private ATO codeframe is not concealed by invented values.","inst/plida_metadata/variables.csv; R/dil_tax_values.R; R/complete_dil_structures.R","https://www.ato.gov.au/api/public/content/a9a181ef-2223-491e-9e44-2de03b272a91_Individual_tax_return_instructions_2022_pdf","The DIL proves the field exists but does not enumerate its values. Keep typed missing until an exact source or defensible rule is recorded.","no_defensible_rule_identified","Keep typed missing pending an exact source.","No exact public codeframe found in this audit.","","A broad concept or similarly named field is not enough to infer the private ATO value encoding."
"PIT_ITR","XMEMPTYPENFP",16,14,16,"character","Employed in nfp in main job","unsupported_private_codeframe",0,0,16,"unsupported_private_codeframe","R/dil_tax_values.R has no field rule and returns NULL. The shared categorical fallback returns NA_character_ so an unverified private ATO codeframe is not concealed by invented values.","inst/plida_metadata/variables.csv; R/dil_tax_values.R; R/complete_dil_structures.R","https://www.ato.gov.au/api/public/content/a9a181ef-2223-491e-9e44-2de03b272a91_Individual_tax_return_instructions_2022_pdf","The DIL proves the field exists but does not enumerate its values. Keep typed missing until an exact source or defensible rule is recorded.","clear_binary_semantics_requires_encoding_confirmation","Derive a binary not-for-profit-employer indicator from linked employer market segment; retain missing when there is no observed main employer.","PLIDA DIL field description; linked BLADE business market segment","https://www.abs.gov.au/statistics/microdata-tablebuilder/available-microdata-tablebuilder/person-level-integrated-data-asset-plida","The semantics are binary, but the DIL does not publish the stored Y/N, 1/0 or other encoding. Confirm encoding before implementation."
"PIT_ITR","XPAYGVARY",13,11,13,"character","Payg withholding variation for certain offsets or help debts","unsupported_private_codeframe",0,0,13,"unsupported_private_codeframe","R/dil_tax_values.R has no field rule and returns NULL. The shared categorical fallback returns NA_character_ so an unverified private ATO codeframe is not concealed by invented values.","inst/plida_metadata/variables.csv; R/dil_tax_values.R; R/complete_dil_structures.R","https://www.ato.gov.au/api/public/content/a9a181ef-2223-491e-9e44-2de03b272a91_Individual_tax_return_instructions_2022_pdf","The DIL proves the field exists but does not enumerate its values. Keep typed missing until an exact source or defensible rule is recorded.","no_defensible_rule_identified","Keep typed missing pending an exact source.","No exact public codeframe found in this audit.","","A broad concept or similarly named field is not enough to infer the private ATO value encoding."
"PIT_PS","AMDT_CD",13,8,13,"character","Amendment code","populated",13,0,0,"tax_specific_rule","R/dil_tax_values.R:.dil_tax_pit_source_value() applies the named PIT structural or public-form rule. It derives the value from the financial year, spine occupation/age/income, related amount, or a shared spouse/business/tax context, and retains missing when inapplicable.","R/dil_tax_values.R; tests/testthat/test-dil-tax-values.R; inst/plida_metadata/variables.csv","https://www.ato.gov.au/api/public/content/a9a181ef-2223-491e-9e44-2de03b272a91_Individual_tax_return_instructions_2022_pdf","The code domain or field semantics are source-backed, but sampled frequencies and record-level assignments remain synthetic.","no_defensible_rule_identified","Keep typed missing pending an exact source.","No exact public codeframe found in this audit.","","A broad concept or similarly named field is not enough to infer the private ATO value encoding."
"PIT_PS","CONST",1,1,1,"character","Geocode index","unsupported_private_codeframe",0,0,1,"unsupported_private_codeframe","R/dil_tax_values.R has no field rule and returns NULL. The shared categorical fallback returns NA_character_ so an unverified private ATO codeframe is not concealed by invented values.","inst/plida_metadata/variables.csv; R/dil_tax_values.R; R/complete_dil_structures.R","https://www.ato.gov.au/api/public/content/a9a181ef-2223-491e-9e44-2de03b272a91_Individual_tax_return_instructions_2022_pdf","The DIL proves the field exists but does not enumerate its values. Keep typed missing until an exact source or defensible rule is recorded.","no_defensible_rule_identified","Keep typed missing pending an exact source.","No exact public codeframe found in this audit.","","A broad concept or similarly named field is not enough to infer the private ATO value encoding."
"PIT_PS","EXTRACT_REF",6,3,6,"character","ATO data extract time | Ato data extract time","populated",6,0,0,"tax_specific_rule","R/dil_tax_values.R:.dil_tax_pit_source_value() applies the named PIT structural or public-form rule. It derives the value from the financial year, spine occupation/age/income, related amount, or a shared spouse/business/tax context, and retains missing when inapplicable.","R/dil_tax_values.R; tests/testthat/test-dil-tax-values.R; inst/plida_metadata/variables.csv","https://www.ato.gov.au/api/public/content/a9a181ef-2223-491e-9e44-2de03b272a91_Individual_tax_return_instructions_2022_pdf","The code domain or field semantics are source-backed, but sampled frequencies and record-level assignments remain synthetic.","no_defensible_rule_identified","Keep typed missing pending an exact source.","No exact public codeframe found in this audit.","","A broad concept or similarly named field is not enough to infer the private ATO value encoding."
"PIT_PS","LGA",10,8,10,"character","Local government area","populated",10,0,0,"generic_structural_geography","The shared administrative geography rule samples an official LGA code for the product year and keeps the code consistent with the person's synthetic state.","R/dil_geography_values.R; inst/extdata/codeframes/lga.tsv; PLIDA DIL","https://geo.abs.gov.au/arcgis/rest/services/ASGS2024/LGA/MapServer","The codeframe and state relationship are official; the person's exact LGA and its within-state distribution are synthetic.","no_defensible_rule_identified","Keep typed missing pending an exact source.","No exact public codeframe found in this audit.","","A broad concept or similarly named field is not enough to infer the private ATO value encoding."
"PIT_PS","LSPA_TYP",19,14,19,"character","Lump sum a type","populated",19,0,0,"tax_specific_rule","R/dil_tax_values.R:.dil_tax_pit_source_value() applies the named PIT structural or public-form rule. It derives the value from the financial year, spine occupation/age/income, related amount, or a shared spouse/business/tax context, and retains missing when inapplicable.","R/dil_tax_values.R; tests/testthat/test-dil-tax-values.R; inst/plida_metadata/variables.csv","https://www.ato.gov.au/api/public/content/a9a181ef-2223-491e-9e44-2de03b272a91_Individual_tax_return_instructions_2022_pdf","The code domain or field semantics are source-backed, but sampled frequencies and record-level assignments remain synthetic.","no_defensible_rule_identified","Keep typed missing pending an exact source.","No exact public codeframe found in this audit.","","A broad concept or similarly named field is not enough to infer the private ATO value encoding."
"PIT_PS","REPAIR_RESULT",2,2,2,"character","Address repair result","unsupported_private_codeframe",0,0,2,"unsupported_private_codeframe","R/dil_tax_values.R has no field rule and returns NULL. The shared categorical fallback returns NA_character_ so an unverified private ATO codeframe is not concealed by invented values.","inst/plida_metadata/variables.csv; R/dil_tax_values.R; R/complete_dil_structures.R","https://www.ato.gov.au/api/public/content/a9a181ef-2223-491e-9e44-2de03b272a91_Individual_tax_return_instructions_2022_pdf","The DIL proves the field exists but does not enumerate its values. Keep typed missing until an exact source or defensible rule is recorded.","no_defensible_rule_identified","Keep typed missing pending an exact source.","No exact public codeframe found in this audit.","","A broad concept or similarly named field is not enough to infer the private ATO value encoding."
"PIT_IE","EXTRACT_REF",5,4,5,"character","Ato data extract time | ATO data extract time","populated",5,0,0,"tax_specific_rule","R/dil_tax_values.R:.dil_tax_pit_source_value() applies the named PIT structural or public-form rule. It derives the value from the financial year, spine occupation/age/income, related amount, or a shared spouse/business/tax context, and retains missing when inapplicable.","R/dil_tax_values.R; tests/testthat/test-dil-tax-values.R; inst/plida_metadata/variables.csv","https://www.ato.gov.au/api/public/content/a9a181ef-2223-491e-9e44-2de03b272a91_Individual_tax_return_instructions_2022_pdf","The code domain or field semantics are source-backed, but sampled frequencies and record-level assignments remain synthetic.","no_defensible_rule_identified","Keep typed missing pending an exact source.","No exact public codeframe found in this audit.","","A broad concept or similarly named field is not enough to infer the private ATO value encoding."
"BUSOWN","EXTRACT_REF",15,8,15,"character","Extract reference period | Vintage of extract | Extract reference number","populated",15,0,0,"tax_specific_rule","R/dil_tax_values.R:.dil_tax_pit_source_value() applies the named PIT structural or public-form rule. It derives the value from the financial year, spine occupation/age/income, related amount, or a shared spouse/business/tax context, and retains missing when inapplicable.","R/dil_tax_values.R; tests/testthat/test-dil-tax-values.R; inst/plida_metadata/variables.csv","https://www.ato.gov.au/api/public/content/a9a181ef-2223-491e-9e44-2de03b272a91_Individual_tax_return_instructions_2022_pdf","The code domain or field semantics are source-backed, but sampled frequencies and record-level assignments remain synthetic.","no_defensible_rule_identified","Keep typed missing pending an exact source.","No exact public codeframe found in this audit.","","A broad concept or similarly named field is not enough to infer the private ATO value encoding."
