"dataset","table","variable","type","observed_generated_domain_or_distribution","observed_small_domain_values","plida_or_crosswalk_variable","plida_or_crosswalk_description","crosswalk_status","evidence_status","source_url","source_summary","current_generated_assessment","required_next_action"
"A&T","A&T","ANZSCO","character","0=3; 599514=3; 599411=2; 811311=2; 121311=1; 121318=1; 121323=1; 121612=1; 132211=1; 133311=1; 133611=1; 139112=1","0; 599514; 599411; 811311; 121311; 121318; 121323; 121612; 132211; 133311; 133611; 139112; 139914; 139999; 149413; 211411; 212312; 221214; 224412; 225311; 225499; 234111; 234517; 242111; 249212; 249213; 253321; 261314; 263213; 263311","ANZSCOCODE","ANZSCO of the apprentice's job or qualification.","manual_same_dataset_plida_concept_match","apprentice_public_codebook_not_found_local_metadata_only","https://www.abs.gov.au/statistics/data-integration/integrated-data/person-level-integrated-data-asset-plida/plida-data-and-legislation | https://www.ncver.edu.au/research-and-statistics/collections/students-and-courses-collection/total-vet-students-and-courses | https://www.ncver.edu.au/rto-hub/what-is-avetmiss | https://www.ncver.edu.au/__data/assets/pdf_file/0022/62383/AVETMISS-Data-element-definitions-2_3-Nov-2022.pdf | https://www.dewr.gov.au/australian-apprenticeships","DEWR sources support the Australian Apprenticeships program context and AVETMISS covers apprentice/trainee collections. This pass did not find a public A&T variable-level codebook proving the generated compact labels.","Observed values are the current fplida generated domain; source equivalence depends on the evidence status.","Find a public variable/code-table source or keep this row labelled local/synthetic in future builds."
"A&T","A&T","COUNTRY_OF_BIRTH","integer","0 / 0 / 0 / 1 / 1","0; 1","COUNTRYOFBIRTHCODE","The country in which the apprentice was born.","manual_same_dataset_plida_concept_match","apprentice_public_codebook_not_found_local_metadata_only","https://www.abs.gov.au/statistics/data-integration/integrated-data/person-level-integrated-data-asset-plida/plida-data-and-legislation | https://www.ncver.edu.au/research-and-statistics/collections/students-and-courses-collection/total-vet-students-and-courses | https://www.ncver.edu.au/rto-hub/what-is-avetmiss | https://www.ncver.edu.au/__data/assets/pdf_file/0022/62383/AVETMISS-Data-element-definitions-2_3-Nov-2022.pdf | https://www.dewr.gov.au/australian-apprenticeships","DEWR sources support the Australian Apprenticeships program context and AVETMISS covers apprentice/trainee collections. This pass did not find a public A&T variable-level codebook proving the generated compact labels.","Observed values are the current fplida generated domain; source equivalence depends on the evidence status.","Find a public variable/code-table source or keep this row labelled local/synthetic in future builds."
"A&T","A&T","DAYS_IN_TRAINING","integer","365.00 / 685.75 / 1046.50 / 1254.50 / 1452.00","","DAYSINTRAINING","DAYSINTRAINING","manual_same_dataset_plida_concept_match","apprentice_public_codebook_not_found_local_metadata_only","https://www.abs.gov.au/statistics/data-integration/integrated-data/person-level-integrated-data-asset-plida/plida-data-and-legislation | https://www.ncver.edu.au/research-and-statistics/collections/students-and-courses-collection/total-vet-students-and-courses | https://www.ncver.edu.au/rto-hub/what-is-avetmiss | https://www.ncver.edu.au/__data/assets/pdf_file/0022/62383/AVETMISS-Data-element-definitions-2_3-Nov-2022.pdf | https://www.dewr.gov.au/australian-apprenticeships","DEWR sources support the Australian Apprenticeships program context and AVETMISS covers apprentice/trainee collections. This pass did not find a public A&T variable-level codebook proving the generated compact labels.","Observed quantiles/ranges are synthetic generated-output evidence, not an official distribution.","Find a public variable/code-table source or keep this row labelled local/synthetic in future builds."
"A&T","A&T","DOB_M","integer","1 / 4 / 6 / 9 / 12","1; 10; 11; 12; 2; 3; 4; 5; 6; 7; 8; 9","DOB_M","Mof birth","direct_plida_dataset_variable","apprentice_public_codebook_not_found_local_metadata_only","https://www.abs.gov.au/statistics/data-integration/integrated-data/person-level-integrated-data-asset-plida/plida-data-and-legislation | https://www.ncver.edu.au/research-and-statistics/collections/students-and-courses-collection/total-vet-students-and-courses | https://www.ncver.edu.au/rto-hub/what-is-avetmiss | https://www.ncver.edu.au/__data/assets/pdf_file/0022/62383/AVETMISS-Data-element-definitions-2_3-Nov-2022.pdf | https://www.dewr.gov.au/australian-apprenticeships","DEWR sources support the Australian Apprenticeships program context and AVETMISS covers apprentice/trainee collections. This pass did not find a public A&T variable-level codebook proving the generated compact labels.","Observed values are the current fplida generated domain; source equivalence depends on the evidence status.","Find a public variable/code-table source or keep this row labelled local/synthetic in future builds."
"A&T","A&T","DOB_Y","integer","1938 / 1992 / 1998 / 2001 / 2018","","DOB_Y","Yof birth","direct_plida_dataset_variable","apprentice_public_codebook_not_found_local_metadata_only","https://www.abs.gov.au/statistics/data-integration/integrated-data/person-level-integrated-data-asset-plida/plida-data-and-legislation | https://www.ncver.edu.au/research-and-statistics/collections/students-and-courses-collection/total-vet-students-and-courses | https://www.ncver.edu.au/rto-hub/what-is-avetmiss | https://www.ncver.edu.au/__data/assets/pdf_file/0022/62383/AVETMISS-Data-element-definitions-2_3-Nov-2022.pdf | https://www.dewr.gov.au/australian-apprenticeships","DEWR sources support the Australian Apprenticeships program context and AVETMISS covers apprentice/trainee collections. This pass did not find a public A&T variable-level codebook proving the generated compact labels.","Observed quantiles/ranges are synthetic generated-output evidence, not an official distribution.","Find a public variable/code-table source or keep this row labelled local/synthetic in future builds."
"A&T","A&T","END_DATE","Date","2008-11-12 to 2025-11-11","","END_DATE","End date","direct_plida_dataset_variable","apprentice_public_codebook_not_found_local_metadata_only","https://www.abs.gov.au/statistics/data-integration/integrated-data/person-level-integrated-data-asset-plida/plida-data-and-legislation | https://www.ncver.edu.au/research-and-statistics/collections/students-and-courses-collection/total-vet-students-and-courses | https://www.ncver.edu.au/rto-hub/what-is-avetmiss | https://www.ncver.edu.au/__data/assets/pdf_file/0022/62383/AVETMISS-Data-element-definitions-2_3-Nov-2022.pdf | https://www.dewr.gov.au/australian-apprenticeships","DEWR sources support the Australian Apprenticeships program context and AVETMISS covers apprentice/trainee collections. This pass did not find a public A&T variable-level codebook proving the generated compact labels.","Observed date range is synthetic generated-output evidence unless an official source is attached separately.","Find a public variable/code-table source or keep this row labelled local/synthetic in future builds."
"A&T","A&T","GENDER","character","F=53; M=45","F; M","GENDER","Client's gender","direct_plida_dataset_variable","apprentice_public_codebook_not_found_local_metadata_only","https://www.abs.gov.au/statistics/data-integration/integrated-data/person-level-integrated-data-asset-plida/plida-data-and-legislation | https://www.ncver.edu.au/research-and-statistics/collections/students-and-courses-collection/total-vet-students-and-courses | https://www.ncver.edu.au/rto-hub/what-is-avetmiss | https://www.ncver.edu.au/__data/assets/pdf_file/0022/62383/AVETMISS-Data-element-definitions-2_3-Nov-2022.pdf | https://www.dewr.gov.au/australian-apprenticeships","DEWR sources support the Australian Apprenticeships program context and AVETMISS covers apprentice/trainee collections. This pass did not find a public A&T variable-level codebook proving the generated compact labels.","Observed values are the current fplida generated domain; source equivalence depends on the evidence status.","Find a public variable/code-table source or keep this row labelled local/synthetic in future builds."
"A&T","A&T","INDIGENOUS_STATUS","character","N=98","N","INDIGENOUSSTATUSCODE","Indigenous status code indicates a person who self-identifies as being of Australian Aboriginal or Torres Strait Islander descent.","manual_same_dataset_plida_concept_match","apprentice_generated_compact_not_source_equivalent","https://www.abs.gov.au/statistics/data-integration/integrated-data/person-level-integrated-data-asset-plida/plida-data-and-legislation | https://www.ncver.edu.au/research-and-statistics/collections/students-and-courses-collection/total-vet-students-and-courses | https://www.ncver.edu.au/rto-hub/what-is-avetmiss | https://www.ncver.edu.au/__data/assets/pdf_file/0022/62383/AVETMISS-Data-element-definitions-2_3-Nov-2022.pdf | https://www.dewr.gov.au/australian-apprenticeships","The generated compact values are local implementation labels/codes. Public AVETMISS concepts exist, but this generated domain has not been shown to be source-equivalent.","Observed values are the current fplida generated domain; source equivalence depends on the evidence status.","Find a public variable/code-table source or keep this row labelled local/synthetic in future builds."
"A&T","A&T","QUALIFICATION_LEVEL","integer","2 / 3 / 3 / 4 / 5","2; 3; 4; 5","QUALLEVEL","Qualification Level","manual_same_dataset_plida_concept_match","apprentice_generated_compact_not_source_equivalent","https://www.abs.gov.au/statistics/data-integration/integrated-data/person-level-integrated-data-asset-plida/plida-data-and-legislation | https://www.ncver.edu.au/research-and-statistics/collections/students-and-courses-collection/total-vet-students-and-courses | https://www.ncver.edu.au/rto-hub/what-is-avetmiss | https://www.ncver.edu.au/__data/assets/pdf_file/0022/62383/AVETMISS-Data-element-definitions-2_3-Nov-2022.pdf | https://www.dewr.gov.au/australian-apprenticeships","The generated compact values are local implementation labels/codes. Public AVETMISS concepts exist, but this generated domain has not been shown to be source-equivalent.","Observed values are the current fplida generated domain; source equivalence depends on the evidence status.","Find a public variable/code-table source or keep this row labelled local/synthetic in future builds."
"A&T","A&T","SCHOOL_BASED","character","N=96; Y=2","N; Y","SCHOOLBASEDAPPRENTICE","Flag indicating that the person is an approved School Based Apprentice.","manual_same_dataset_plida_concept_match","apprentice_generated_compact_not_source_equivalent","https://www.abs.gov.au/statistics/data-integration/integrated-data/person-level-integrated-data-asset-plida/plida-data-and-legislation | https://www.ncver.edu.au/research-and-statistics/collections/students-and-courses-collection/total-vet-students-and-courses | https://www.ncver.edu.au/rto-hub/what-is-avetmiss | https://www.ncver.edu.au/__data/assets/pdf_file/0022/62383/AVETMISS-Data-element-definitions-2_3-Nov-2022.pdf | https://www.dewr.gov.au/australian-apprenticeships","The generated compact values are local implementation labels/codes. Public AVETMISS concepts exist, but this generated domain has not been shown to be source-equivalent.","Observed values are the current fplida generated domain; source equivalence depends on the evidence status.","Find a public variable/code-table source or keep this row labelled local/synthetic in future builds."
"A&T","A&T","START_DATE","Date","2006-04-25 to 2023-12-05","","START_DATE","Start date","direct_plida_dataset_variable","apprentice_public_codebook_not_found_local_metadata_only","https://www.abs.gov.au/statistics/data-integration/integrated-data/person-level-integrated-data-asset-plida/plida-data-and-legislation | https://www.ncver.edu.au/research-and-statistics/collections/students-and-courses-collection/total-vet-students-and-courses | https://www.ncver.edu.au/rto-hub/what-is-avetmiss | https://www.ncver.edu.au/__data/assets/pdf_file/0022/62383/AVETMISS-Data-element-definitions-2_3-Nov-2022.pdf | https://www.dewr.gov.au/australian-apprenticeships","DEWR sources support the Australian Apprenticeships program context and AVETMISS covers apprentice/trainee collections. This pass did not find a public A&T variable-level codebook proving the generated compact labels.","Observed date range is synthetic generated-output evidence unless an official source is attached separately.","Find a public variable/code-table source or keep this row labelled local/synthetic in future builds."
"A&T","A&T","STATE_ASGS_2021","integer","1 / 1 / 2 / 3 / 8","1; 2; 3; 4; 5; 6; 8","STATE_ASGS_2021","State (number)","direct_plida_dataset_variable","apprentice_public_codebook_not_found_local_metadata_only","https://www.abs.gov.au/statistics/data-integration/integrated-data/person-level-integrated-data-asset-plida/plida-data-and-legislation | https://www.ncver.edu.au/research-and-statistics/collections/students-and-courses-collection/total-vet-students-and-courses | https://www.ncver.edu.au/rto-hub/what-is-avetmiss | https://www.ncver.edu.au/__data/assets/pdf_file/0022/62383/AVETMISS-Data-element-definitions-2_3-Nov-2022.pdf | https://www.dewr.gov.au/australian-apprenticeships","DEWR sources support the Australian Apprenticeships program context and AVETMISS covers apprentice/trainee collections. This pass did not find a public A&T variable-level codebook proving the generated compact labels.","Observed values are the current fplida generated domain; source equivalence depends on the evidence status.","Find a public variable/code-table source or keep this row labelled local/synthetic in future builds."
"A&T","A&T","STATUS","character","Completed=44; Cancelled=22; In Training=21; Expired=11","Completed; Cancelled; In Training; Expired","STATUS","Status of the wdo at the time the table was updated","direct_plida_dataset_variable","apprentice_public_codebook_not_found_local_metadata_only","https://www.abs.gov.au/statistics/data-integration/integrated-data/person-level-integrated-data-asset-plida/plida-data-and-legislation | https://www.ncver.edu.au/research-and-statistics/collections/students-and-courses-collection/total-vet-students-and-courses | https://www.ncver.edu.au/rto-hub/what-is-avetmiss | https://www.ncver.edu.au/__data/assets/pdf_file/0022/62383/AVETMISS-Data-element-definitions-2_3-Nov-2022.pdf | https://www.dewr.gov.au/australian-apprenticeships","DEWR sources support the Australian Apprenticeships program context and AVETMISS covers apprentice/trainee collections. This pass did not find a public A&T variable-level codebook proving the generated compact labels.","Observed values are the current fplida generated domain; source equivalence depends on the evidence status.","Find a public variable/code-table source or keep this row labelled local/synthetic in future builds."
"A&T","A&T","SYNTHETIC_AEUID","character","AE3A0000001D=1; AE3A00000028=1; AE3A0000002A=1; AE3A00000084=1; AE3A000000CC=1; AE3A000000DD=1; AE3A000000E3=1; AE3A000000ED=1; AE3A000000FB=1; AE3A0000010E=1; AE3A0000013C=1; AE3A00000166=1","AE3A0000001D; AE3A00000028; AE3A0000002A; AE3A00000084; AE3A000000CC; AE3A000000DD; AE3A000000E3; AE3A000000ED; AE3A000000FB; AE3A0000010E; AE3A0000013C; AE3A00000166; AE3A000001D0; AE3A0000020D; AE3A00000225; AE3A0000023B; AE3A00000277; AE3A000002C9; AE3A0000035C; AE3A000003FC; AE3A000004A0; AE3A000004C3; AE3A000004E3; AE3A000004F1; AE3A000004F6; AE3A0000054D; AE3A00000563; AE3A0000059A; AE3A000005A4; AE3A000005E0","SYNTHETIC_AEUID","Synthetic id of individual person on dataset","direct_plida_dataset_variable","local_identifier_not_public_source_variable","https://www.abs.gov.au/statistics/data-integration/integrated-data/person-level-integrated-data-asset-plida/plida-data-and-legislation | https://www.ncver.edu.au/research-and-statistics/collections/students-and-courses-collection/total-vet-students-and-courses | https://www.ncver.edu.au/rto-hub/what-is-avetmiss | https://www.ncver.edu.au/__data/assets/pdf_file/0022/62383/AVETMISS-Data-element-definitions-2_3-Nov-2022.pdf | https://www.dewr.gov.au/australian-apprenticeships","This is a generated package linkage identifier, not an official public VET code distribution.","Generated identifier shape is observed local output; it is not an official public code distribution.","Keep this as a generated linkage identifier check; do not cite it as a public source variable."
"TVA","completions/2021","AGE","integer","all missing","","AGE","Age of respondent","direct_plida_dataset_variable","avetmiss_data_element_context_generated_distribution_local","https://www.abs.gov.au/statistics/data-integration/integrated-data/person-level-integrated-data-asset-plida/plida-data-and-legislation | https://www.ncver.edu.au/research-and-statistics/collections/students-and-courses-collection/total-vet-students-and-courses | https://www.ncver.edu.au/rto-hub/what-is-avetmiss | https://www.ncver.edu.au/__data/assets/pdf_file/0022/62383/AVETMISS-Data-element-definitions-2_3-Nov-2022.pdf | https://www.dewr.gov.au/australian-apprenticeships","NCVER states Total VET is compiled under AVETMISS and the AVETMISS definitions document provides element definitions, formats and code lists. The generated value frequencies remain synthetic.","Observed quantiles/ranges are synthetic generated-output evidence, not an official distribution.","Keep generated frequencies/distributions labelled synthetic unless calibrated against official aggregate or source-data evidence."
"TVA","completions/2021","ANZSCO_ID","character","all missing","","ANZSCO_ID","Identifies the type of occupation that may be expected for those undertaking a program of study.","direct_plida_dataset_variable","official_avetmiss_element_generated_subset_distribution_local","https://www.abs.gov.au/statistics/data-integration/integrated-data/person-level-integrated-data-asset-plida/plida-data-and-legislation | https://www.ncver.edu.au/research-and-statistics/collections/students-and-courses-collection/total-vet-students-and-courses | https://www.ncver.edu.au/rto-hub/what-is-avetmiss | https://www.ncver.edu.au/__data/assets/pdf_file/0022/62383/AVETMISS-Data-element-definitions-2_3-Nov-2022.pdf | https://www.dewr.gov.au/australian-apprenticeships","The AVETMISS data element definitions include the matching concept/code-list family for this field. The current generated values should be treated as a generated subset until each value is regression-tested against the official table.","Observed values are the current fplida generated domain; source equivalence depends on the evidence status.","Keep generated frequencies/distributions labelled synthetic unless calibrated against official aggregate or source-data evidence."
"TVA","completions/2021","AT_SCHOOL_FG","character","all missing","","AT_SCHOOL_FG","Flags whether client is currently enrolled in secondary school.","direct_plida_dataset_variable","official_avetmiss_element_generated_subset_distribution_local","https://www.abs.gov.au/statistics/data-integration/integrated-data/person-level-integrated-data-asset-plida/plida-data-and-legislation | https://www.ncver.edu.au/research-and-statistics/collections/students-and-courses-collection/total-vet-students-and-courses | https://www.ncver.edu.au/rto-hub/what-is-avetmiss | https://www.ncver.edu.au/__data/assets/pdf_file/0022/62383/AVETMISS-Data-element-definitions-2_3-Nov-2022.pdf | https://www.dewr.gov.au/australian-apprenticeships","The AVETMISS data element definitions include the matching concept/code-list family for this field. The current generated values should be treated as a generated subset until each value is regression-tested against the official table.","Observed values are the current fplida generated domain; source equivalence depends on the evidence status.","Keep generated frequencies/distributions labelled synthetic unless calibrated against official aggregate or source-data evidence."
"TVA","completions/2021","CLIENT_POSTCODE_DERIVED","character","all missing","","CLIENT_POSTCODE_DERIVED","Client postcode of residence","direct_plida_dataset_variable","avetmiss_data_element_context_generated_distribution_local","https://www.abs.gov.au/statistics/data-integration/integrated-data/person-level-integrated-data-asset-plida/plida-data-and-legislation | https://www.ncver.edu.au/research-and-statistics/collections/students-and-courses-collection/total-vet-students-and-courses | https://www.ncver.edu.au/rto-hub/what-is-avetmiss | https://www.ncver.edu.au/__data/assets/pdf_file/0022/62383/AVETMISS-Data-element-definitions-2_3-Nov-2022.pdf | https://www.dewr.gov.au/australian-apprenticeships","NCVER states Total VET is compiled under AVETMISS and the AVETMISS definitions document provides element definitions, formats and code lists. The generated value frequencies remain synthetic.","Observed values are the current fplida generated domain; source equivalence depends on the evidence status.","Keep generated frequencies/distributions labelled synthetic unless calibrated against official aggregate or source-data evidence."
"TVA","completions/2021","CLIENT_REMOTENESS_ID_DERIVED","integer","all missing","","CLIENT_REMOTENESS_ID_DERIVED","Client remoteness area (aria+) id","direct_plida_dataset_variable","avetmiss_data_element_context_generated_distribution_local","https://www.abs.gov.au/statistics/data-integration/integrated-data/person-level-integrated-data-asset-plida/plida-data-and-legislation | https://www.ncver.edu.au/research-and-statistics/collections/students-and-courses-collection/total-vet-students-and-courses | https://www.ncver.edu.au/rto-hub/what-is-avetmiss | https://www.ncver.edu.au/__data/assets/pdf_file/0022/62383/AVETMISS-Data-element-definitions-2_3-Nov-2022.pdf | https://www.dewr.gov.au/australian-apprenticeships","NCVER states Total VET is compiled under AVETMISS and the AVETMISS definitions document provides element definitions, formats and code lists. The generated value frequencies remain synthetic.","Observed quantiles/ranges are synthetic generated-output evidence, not an official distribution.","Keep generated frequencies/distributions labelled synthetic unless calibrated against official aggregate or source-data evidence."
"TVA","completions/2021","CLIENT_SEIFA_IRSD_QUINT_DRVD","integer","all missing","","CLIENT_SEIFA_IRSD_QUINT_DRVD","Client index of relative socio-economic disadvantage (irsd) id","direct_plida_dataset_variable","avetmiss_data_element_context_generated_distribution_local","https://www.abs.gov.au/statistics/data-integration/integrated-data/person-level-integrated-data-asset-plida/plida-data-and-legislation | https://www.ncver.edu.au/research-and-statistics/collections/students-and-courses-collection/total-vet-students-and-courses | https://www.ncver.edu.au/rto-hub/what-is-avetmiss | https://www.ncver.edu.au/__data/assets/pdf_file/0022/62383/AVETMISS-Data-element-definitions-2_3-Nov-2022.pdf | https://www.dewr.gov.au/australian-apprenticeships","NCVER states Total VET is compiled under AVETMISS and the AVETMISS definitions document provides element definitions, formats and code lists. The generated value frequencies remain synthetic.","Observed quantiles/ranges are synthetic generated-output evidence, not an official distribution.","Keep generated frequencies/distributions labelled synthetic unless calibrated against official aggregate or source-data evidence."
"TVA","completions/2021","CLIENT_STATE_RESIDENCE_DERIVED","integer","all missing","","CLIENT_STATE_RESIDENCE_DERIVED","Client state of residence id","direct_plida_dataset_variable","official_avetmiss_state_code_needs_format_tightening","https://www.abs.gov.au/statistics/data-integration/integrated-data/person-level-integrated-data-asset-plida/plida-data-and-legislation | https://www.ncver.edu.au/research-and-statistics/collections/students-and-courses-collection/total-vet-students-and-courses | https://www.ncver.edu.au/rto-hub/what-is-avetmiss | https://www.ncver.edu.au/__data/assets/pdf_file/0022/62383/AVETMISS-Data-element-definitions-2_3-Nov-2022.pdf | https://www.dewr.gov.au/australian-apprenticeships","AVETMISS state identifier values are two-character codes such as 01-08, plus 09 and 99. Current generated state values are numeric-style 1-8, so the concept is sourced but formatting needs tightening.","Observed quantiles/ranges are synthetic generated-output evidence, not an official distribution.","Find a public variable/code-table source or keep this row labelled local/synthetic in future builds."
"TVA","completions/2021","COLLECTION_YR","integer","all missing","","COLLECTION_YR","Calendar year in which training activity occurred.","direct_plida_dataset_variable","avetmiss_data_element_context_generated_distribution_local","https://www.abs.gov.au/statistics/data-integration/integrated-data/person-level-integrated-data-asset-plida/plida-data-and-legislation | https://www.ncver.edu.au/research-and-statistics/collections/students-and-courses-collection/total-vet-students-and-courses | https://www.ncver.edu.au/rto-hub/what-is-avetmiss | https://www.ncver.edu.au/__data/assets/pdf_file/0022/62383/AVETMISS-Data-element-definitions-2_3-Nov-2022.pdf | https://www.dewr.gov.au/australian-apprenticeships","NCVER states Total VET is compiled under AVETMISS and the AVETMISS definitions document provides element definitions, formats and code lists. The generated value frequencies remain synthetic.","Observed quantiles/ranges are synthetic generated-output evidence, not an official distribution.","Keep generated frequencies/distributions labelled synthetic unless calibrated against official aggregate or source-data evidence."
"TVA","completions/2021","DATE_PROGRAM_COMPLETED","Date","all missing","","DATE_PROGRAM_COMPLETED","Date that qualification course or skill set was completed including any on-the-job component. | Date that qualification  course  or skill set was completed  including any on-the-job component.","direct_plida_dataset_variable","avetmiss_data_element_context_generated_distribution_local","https://www.abs.gov.au/statistics/data-integration/integrated-data/person-level-integrated-data-asset-plida/plida-data-and-legislation | https://www.ncver.edu.au/research-and-statistics/collections/students-and-courses-collection/total-vet-students-and-courses | https://www.ncver.edu.au/rto-hub/what-is-avetmiss | https://www.ncver.edu.au/__data/assets/pdf_file/0022/62383/AVETMISS-Data-element-definitions-2_3-Nov-2022.pdf | https://www.dewr.gov.au/australian-apprenticeships","NCVER states Total VET is compiled under AVETMISS and the AVETMISS definitions document provides element definitions, formats and code lists. The generated value frequencies remain synthetic.","Observed date range is synthetic generated-output evidence unless an official source is attached separately.","Keep generated frequencies/distributions labelled synthetic unless calibrated against official aggregate or source-data evidence."
"TVA","completions/2021","GENDER_ID","integer","all missing","","GENDER_ID","Whether client self-identifies as male female or other (code). | Whether client self-identifies as male  female  or other (code).","direct_plida_dataset_variable","official_avetmiss_element_generated_subset_distribution_local","https://www.abs.gov.au/statistics/data-integration/integrated-data/person-level-integrated-data-asset-plida/plida-data-and-legislation | https://www.ncver.edu.au/research-and-statistics/collections/students-and-courses-collection/total-vet-students-and-courses | https://www.ncver.edu.au/rto-hub/what-is-avetmiss | https://www.ncver.edu.au/__data/assets/pdf_file/0022/62383/AVETMISS-Data-element-definitions-2_3-Nov-2022.pdf | https://www.dewr.gov.au/australian-apprenticeships","The AVETMISS data element definitions include the matching concept/code-list family for this field. The current generated values should be treated as a generated subset until each value is regression-tested against the official table.","Observed quantiles/ranges are synthetic generated-output evidence, not an official distribution.","Keep generated frequencies/distributions labelled synthetic unless calibrated against official aggregate or source-data evidence."
"TVA","completions/2021","HEAD_OFFICE_POSTCODE","character","all missing","","HEAD_OFFICE_POSTCODE","Head office postcode","direct_plida_dataset_variable","avetmiss_data_element_context_generated_distribution_local","https://www.abs.gov.au/statistics/data-integration/integrated-data/person-level-integrated-data-asset-plida/plida-data-and-legislation | https://www.ncver.edu.au/research-and-statistics/collections/students-and-courses-collection/total-vet-students-and-courses | https://www.ncver.edu.au/rto-hub/what-is-avetmiss | https://www.ncver.edu.au/__data/assets/pdf_file/0022/62383/AVETMISS-Data-element-definitions-2_3-Nov-2022.pdf | https://www.dewr.gov.au/australian-apprenticeships","NCVER states Total VET is compiled under AVETMISS and the AVETMISS definitions document provides element definitions, formats and code lists. The generated value frequencies remain synthetic.","Observed values are the current fplida generated domain; source equivalence depends on the evidence status.","Keep generated frequencies/distributions labelled synthetic unless calibrated against official aggregate or source-data evidence."
"TVA","completions/2021","HEAD_OFFICE_STATE","integer","all missing","","HEAD_OFFICE_STATE","Head office state","direct_plida_dataset_variable","official_avetmiss_state_code_needs_format_tightening","https://www.abs.gov.au/statistics/data-integration/integrated-data/person-level-integrated-data-asset-plida/plida-data-and-legislation | https://www.ncver.edu.au/research-and-statistics/collections/students-and-courses-collection/total-vet-students-and-courses | https://www.ncver.edu.au/rto-hub/what-is-avetmiss | https://www.ncver.edu.au/__data/assets/pdf_file/0022/62383/AVETMISS-Data-element-definitions-2_3-Nov-2022.pdf | https://www.dewr.gov.au/australian-apprenticeships","AVETMISS state identifier values are two-character codes such as 01-08, plus 09 and 99. Current generated state values are numeric-style 1-8, so the concept is sourced but formatting needs tightening.","Observed quantiles/ranges are synthetic generated-output evidence, not an official distribution.","Find a public variable/code-table source or keep this row labelled local/synthetic in future builds."
"TVA","completions/2021","HIGHEST_ED_LVL_ST","integer","all missing","","HIGHEST_ED_LVL_ST","The highest level of education including post-compulsory education a student had successfully completed before commencing training (code). | The highest level of education  including post-compulsory education  a student had successfully completed before commencing training (code).","direct_plida_dataset_variable","avetmiss_data_element_context_generated_distribution_local","https://www.abs.gov.au/statistics/data-integration/integrated-data/person-level-integrated-data-asset-plida/plida-data-and-legislation | https://www.ncver.edu.au/research-and-statistics/collections/students-and-courses-collection/total-vet-students-and-courses | https://www.ncver.edu.au/rto-hub/what-is-avetmiss | https://www.ncver.edu.au/__data/assets/pdf_file/0022/62383/AVETMISS-Data-element-definitions-2_3-Nov-2022.pdf | https://www.dewr.gov.au/australian-apprenticeships","NCVER states Total VET is compiled under AVETMISS and the AVETMISS definitions document provides element definitions, formats and code lists. The generated value frequencies remain synthetic.","Observed quantiles/ranges are synthetic generated-output evidence, not an official distribution.","Keep generated frequencies/distributions labelled synthetic unless calibrated against official aggregate or source-data evidence."
"TVA","completions/2021","HIGHEST_SCHL_LVL_ST","integer","all missing","","HIGHEST_SCHL_LVL_ST","Identifies the highest level of school the client has successfully completed (code).","direct_plida_dataset_variable","avetmiss_data_element_context_generated_distribution_local","https://www.abs.gov.au/statistics/data-integration/integrated-data/person-level-integrated-data-asset-plida/plida-data-and-legislation | https://www.ncver.edu.au/research-and-statistics/collections/students-and-courses-collection/total-vet-students-and-courses | https://www.ncver.edu.au/rto-hub/what-is-avetmiss | https://www.ncver.edu.au/__data/assets/pdf_file/0022/62383/AVETMISS-Data-element-definitions-2_3-Nov-2022.pdf | https://www.dewr.gov.au/australian-apprenticeships","NCVER states Total VET is compiled under AVETMISS and the AVETMISS definitions document provides element definitions, formats and code lists. The generated value frequencies remain synthetic.","Observed quantiles/ranges are synthetic generated-output evidence, not an official distribution.","Keep generated frequencies/distributions labelled synthetic unless calibrated against official aggregate or source-data evidence."
"TVA","completions/2021","LABOUR_FORCE_STATUS_ID","integer","all missing","","LABOUR_FORCE_STATUS_ID","Describes client's employment status (code).","direct_plida_dataset_variable","avetmiss_data_element_context_generated_distribution_local","https://www.abs.gov.au/statistics/data-integration/integrated-data/person-level-integrated-data-asset-plida/plida-data-and-legislation | https://www.ncver.edu.au/research-and-statistics/collections/students-and-courses-collection/total-vet-students-and-courses | https://www.ncver.edu.au/rto-hub/what-is-avetmiss | https://www.ncver.edu.au/__data/assets/pdf_file/0022/62383/AVETMISS-Data-element-definitions-2_3-Nov-2022.pdf | https://www.dewr.gov.au/australian-apprenticeships","NCVER states Total VET is compiled under AVETMISS and the AVETMISS definitions document provides element definitions, formats and code lists. The generated value frequencies remain synthetic.","Observed quantiles/ranges are synthetic generated-output evidence, not an official distribution.","Keep generated frequencies/distributions labelled synthetic unless calibrated against official aggregate or source-data evidence."
"TVA","completions/2021","MONTH_OF_BIRTH","integer","all missing","","MONTH_OF_BIRTH","Month of birth","direct_plida_dataset_variable","avetmiss_data_element_context_generated_distribution_local","https://www.abs.gov.au/statistics/data-integration/integrated-data/person-level-integrated-data-asset-plida/plida-data-and-legislation | https://www.ncver.edu.au/research-and-statistics/collections/students-and-courses-collection/total-vet-students-and-courses | https://www.ncver.edu.au/rto-hub/what-is-avetmiss | https://www.ncver.edu.au/__data/assets/pdf_file/0022/62383/AVETMISS-Data-element-definitions-2_3-Nov-2022.pdf | https://www.dewr.gov.au/australian-apprenticeships","NCVER states Total VET is compiled under AVETMISS and the AVETMISS definitions document provides element definitions, formats and code lists. The generated value frequencies remain synthetic.","Observed quantiles/ranges are synthetic generated-output evidence, not an official distribution.","Keep generated frequencies/distributions labelled synthetic unless calibrated against official aggregate or source-data evidence."
"TVA","completions/2021","PRIOR_ED_ACHIEVE_FG","character","all missing","","PRIOR_ED_ACHIEVE_FG","Flags whether the client has successfully completed some post-secondary education (code).","direct_plida_dataset_variable","official_avetmiss_element_generated_subset_distribution_local","https://www.abs.gov.au/statistics/data-integration/integrated-data/person-level-integrated-data-asset-plida/plida-data-and-legislation | https://www.ncver.edu.au/research-and-statistics/collections/students-and-courses-collection/total-vet-students-and-courses | https://www.ncver.edu.au/rto-hub/what-is-avetmiss | https://www.ncver.edu.au/__data/assets/pdf_file/0022/62383/AVETMISS-Data-element-definitions-2_3-Nov-2022.pdf | https://www.dewr.gov.au/australian-apprenticeships","The AVETMISS data element definitions include the matching concept/code-list family for this field. The current generated values should be treated as a generated subset until each value is regression-tested against the official table.","Observed values are the current fplida generated domain; source equivalence depends on the evidence status.","Keep generated frequencies/distributions labelled synthetic unless calibrated against official aggregate or source-data evidence."
"TVA","completions/2021","PROGRAM_FOE_ID","character","all missing","","PROGRAM_FOE_ID","Program narrow field of education id","direct_plida_dataset_variable","official_avetmiss_element_generated_subset_distribution_local","https://www.abs.gov.au/statistics/data-integration/integrated-data/person-level-integrated-data-asset-plida/plida-data-and-legislation | https://www.ncver.edu.au/research-and-statistics/collections/students-and-courses-collection/total-vet-students-and-courses | https://www.ncver.edu.au/rto-hub/what-is-avetmiss | https://www.ncver.edu.au/__data/assets/pdf_file/0022/62383/AVETMISS-Data-element-definitions-2_3-Nov-2022.pdf | https://www.dewr.gov.au/australian-apprenticeships","The AVETMISS data element definitions include the matching concept/code-list family for this field. The current generated values should be treated as a generated subset until each value is regression-tested against the official table.","Observed values are the current fplida generated domain; source equivalence depends on the evidence status.","Keep generated frequencies/distributions labelled synthetic unless calibrated against official aggregate or source-data evidence."
"TVA","completions/2021","PROGRAM_ID","character","all missing","","PROGRAM_ID","Id code of the qualification course or skill set. | Program id","direct_plida_dataset_variable","official_avetmiss_element_generated_subset_distribution_local","https://www.abs.gov.au/statistics/data-integration/integrated-data/person-level-integrated-data-asset-plida/plida-data-and-legislation | https://www.ncver.edu.au/research-and-statistics/collections/students-and-courses-collection/total-vet-students-and-courses | https://www.ncver.edu.au/rto-hub/what-is-avetmiss | https://www.ncver.edu.au/__data/assets/pdf_file/0022/62383/AVETMISS-Data-element-definitions-2_3-Nov-2022.pdf | https://www.dewr.gov.au/australian-apprenticeships","The AVETMISS data element definitions include the matching concept/code-list family for this field. The current generated values should be treated as a generated subset until each value is regression-tested against the official table.","Observed values are the current fplida generated domain; source equivalence depends on the evidence status.","Keep generated frequencies/distributions labelled synthetic unless calibrated against official aggregate or source-data evidence."
"TVA","completions/2021","PROGRAM_LOE_ID","integer","all missing","","PROGRAM_LOE_ID","Degree of complexity of the program of study based on asced classification (code). | Degree of complexity of the program of study  based on asced classification (code).","direct_plida_dataset_variable","official_avetmiss_element_generated_subset_distribution_local","https://www.abs.gov.au/statistics/data-integration/integrated-data/person-level-integrated-data-asset-plida/plida-data-and-legislation | https://www.ncver.edu.au/research-and-statistics/collections/students-and-courses-collection/total-vet-students-and-courses | https://www.ncver.edu.au/rto-hub/what-is-avetmiss | https://www.ncver.edu.au/__data/assets/pdf_file/0022/62383/AVETMISS-Data-element-definitions-2_3-Nov-2022.pdf | https://www.dewr.gov.au/australian-apprenticeships","The AVETMISS data element definitions include the matching concept/code-list family for this field. The current generated values should be treated as a generated subset until each value is regression-tested against the official table.","Observed quantiles/ranges are synthetic generated-output evidence, not an official distribution.","Keep generated frequencies/distributions labelled synthetic unless calibrated against official aggregate or source-data evidence."
"TVA","completions/2021","PROGRAM_RECOGNITION_ID","integer","all missing","","PROGRAM_RECOGNITION_ID","Distinguishes the qualification course or skill set by its level of recognition in the vet sector (code). | Distinguishes the qualification  course  or skill set by its level of recognition in the vet sector (code).","direct_plida_dataset_variable","official_avetmiss_element_generated_subset_distribution_local","https://www.abs.gov.au/statistics/data-integration/integrated-data/person-level-integrated-data-asset-plida/plida-data-and-legislation | https://www.ncver.edu.au/research-and-statistics/collections/students-and-courses-collection/total-vet-students-and-courses | https://www.ncver.edu.au/rto-hub/what-is-avetmiss | https://www.ncver.edu.au/__data/assets/pdf_file/0022/62383/AVETMISS-Data-element-definitions-2_3-Nov-2022.pdf | https://www.dewr.gov.au/australian-apprenticeships","The AVETMISS data element definitions include the matching concept/code-list family for this field. The current generated values should be treated as a generated subset until each value is regression-tested against the official table.","Observed quantiles/ranges are synthetic generated-output evidence, not an official distribution.","Keep generated frequencies/distributions labelled synthetic unless calibrated against official aggregate or source-data evidence."
"TVA","completions/2021","PROGRAM_TRAINING_PACKAGE_ID","character","all missing","","PROGRAM_TRAINING_PACKAGE_ID","Program training package identifier","direct_plida_dataset_variable","avetmiss_data_element_context_generated_distribution_local","https://www.abs.gov.au/statistics/data-integration/integrated-data/person-level-integrated-data-asset-plida/plida-data-and-legislation | https://www.ncver.edu.au/research-and-statistics/collections/students-and-courses-collection/total-vet-students-and-courses | https://www.ncver.edu.au/rto-hub/what-is-avetmiss | https://www.ncver.edu.au/__data/assets/pdf_file/0022/62383/AVETMISS-Data-element-definitions-2_3-Nov-2022.pdf | https://www.dewr.gov.au/australian-apprenticeships","NCVER states Total VET is compiled under AVETMISS and the AVETMISS definitions document provides element definitions, formats and code lists. The generated value frequencies remain synthetic.","Observed values are the current fplida generated domain; source equivalence depends on the evidence status.","Keep generated frequencies/distributions labelled synthetic unless calibrated against official aggregate or source-data evidence."
"TVA","completions/2021","PROGRAM_TYPE_OF_TRAINING_ID","integer","all missing","","PROGRAM_TYPE_OF_TRAINING_ID","Program type of training identifier","direct_plida_dataset_variable","avetmiss_data_element_context_generated_distribution_local","https://www.abs.gov.au/statistics/data-integration/integrated-data/person-level-integrated-data-asset-plida/plida-data-and-legislation | https://www.ncver.edu.au/research-and-statistics/collections/students-and-courses-collection/total-vet-students-and-courses | https://www.ncver.edu.au/rto-hub/what-is-avetmiss | https://www.ncver.edu.au/__data/assets/pdf_file/0022/62383/AVETMISS-Data-element-definitions-2_3-Nov-2022.pdf | https://www.dewr.gov.au/australian-apprenticeships","NCVER states Total VET is compiled under AVETMISS and the AVETMISS definitions document provides element definitions, formats and code lists. The generated value frequencies remain synthetic.","Observed quantiles/ranges are synthetic generated-output evidence, not an official distribution.","Keep generated frequencies/distributions labelled synthetic unless calibrated against official aggregate or source-data evidence."
"TVA","completions/2021","RTO_ID","character","all missing","","RTO_ID","Id code for the registered training organisation.","direct_plida_dataset_variable","avetmiss_data_element_context_generated_distribution_local","https://www.abs.gov.au/statistics/data-integration/integrated-data/person-level-integrated-data-asset-plida/plida-data-and-legislation | https://www.ncver.edu.au/research-and-statistics/collections/students-and-courses-collection/total-vet-students-and-courses | https://www.ncver.edu.au/rto-hub/what-is-avetmiss | https://www.ncver.edu.au/__data/assets/pdf_file/0022/62383/AVETMISS-Data-element-definitions-2_3-Nov-2022.pdf | https://www.dewr.gov.au/australian-apprenticeships","NCVER states Total VET is compiled under AVETMISS and the AVETMISS definitions document provides element definitions, formats and code lists. The generated value frequencies remain synthetic.","Observed values are the current fplida generated domain; source equivalence depends on the evidence status.","Keep generated frequencies/distributions labelled synthetic unless calibrated against official aggregate or source-data evidence."
"TVA","completions/2021","STATE_OF_FUNDING_GF","integer","all missing","","STATE_OF_FUNDING_GF","State or territory that administered the funding of the training activity id","direct_plida_dataset_variable","official_avetmiss_state_code_needs_format_tightening","https://www.abs.gov.au/statistics/data-integration/integrated-data/person-level-integrated-data-asset-plida/plida-data-and-legislation | https://www.ncver.edu.au/research-and-statistics/collections/students-and-courses-collection/total-vet-students-and-courses | https://www.ncver.edu.au/rto-hub/what-is-avetmiss | https://www.ncver.edu.au/__data/assets/pdf_file/0022/62383/AVETMISS-Data-element-definitions-2_3-Nov-2022.pdf | https://www.dewr.gov.au/australian-apprenticeships","AVETMISS state identifier values are two-character codes such as 01-08, plus 09 and 99. Current generated state values are numeric-style 1-8, so the concept is sourced but formatting needs tightening.","Observed quantiles/ranges are synthetic generated-output evidence, not an official distribution.","Find a public variable/code-table source or keep this row labelled local/synthetic in future builds."
"TVA","completions/2021","SYNTHETIC_AEUID","character","all missing","","SYNTHETIC_AEUID","Synthetic id of individual person on dataset","direct_plida_dataset_variable","local_identifier_not_public_source_variable","https://www.abs.gov.au/statistics/data-integration/integrated-data/person-level-integrated-data-asset-plida/plida-data-and-legislation | https://www.ncver.edu.au/research-and-statistics/collections/students-and-courses-collection/total-vet-students-and-courses | https://www.ncver.edu.au/rto-hub/what-is-avetmiss | https://www.ncver.edu.au/__data/assets/pdf_file/0022/62383/AVETMISS-Data-element-definitions-2_3-Nov-2022.pdf | https://www.dewr.gov.au/australian-apprenticeships","This is a generated package linkage identifier, not an official public VET code distribution.","Generated identifier shape is observed local output; it is not an official public code distribution.","Keep this as a generated linkage identifier check; do not cite it as a public source variable."
"TVA","completions/2021","TRAIN_ORG_TYPE_ID","integer","all missing","","TRAIN_ORG_TYPE_ID","Training organisation type identifier","direct_plida_dataset_variable","official_avetmiss_element_generated_subset_distribution_local","https://www.abs.gov.au/statistics/data-integration/integrated-data/person-level-integrated-data-asset-plida/plida-data-and-legislation | https://www.ncver.edu.au/research-and-statistics/collections/students-and-courses-collection/total-vet-students-and-courses | https://www.ncver.edu.au/rto-hub/what-is-avetmiss | https://www.ncver.edu.au/__data/assets/pdf_file/0022/62383/AVETMISS-Data-element-definitions-2_3-Nov-2022.pdf | https://www.dewr.gov.au/australian-apprenticeships","The AVETMISS data element definitions include the matching concept/code-list family for this field. The current generated values should be treated as a generated subset until each value is regression-tested against the official table.","Observed quantiles/ranges are synthetic generated-output evidence, not an official distribution.","Keep generated frequencies/distributions labelled synthetic unless calibrated against official aggregate or source-data evidence."
"TVA","completions/2021","TVA_ROW_ID","character","all missing","","TVA_ROW_ID","Row number of the TVA data - can be used to identify the same TVA record across different extracts.","direct_plida_dataset_variable","local_identifier_not_public_source_variable","https://www.abs.gov.au/statistics/data-integration/integrated-data/person-level-integrated-data-asset-plida/plida-data-and-legislation | https://www.ncver.edu.au/research-and-statistics/collections/students-and-courses-collection/total-vet-students-and-courses | https://www.ncver.edu.au/rto-hub/what-is-avetmiss | https://www.ncver.edu.au/__data/assets/pdf_file/0022/62383/AVETMISS-Data-element-definitions-2_3-Nov-2022.pdf | https://www.dewr.gov.au/australian-apprenticeships","This is a generated package linkage identifier, not an official public VET code distribution.","Generated identifier shape is observed local output; it is not an official public code distribution.","Keep this as a generated linkage identifier check; do not cite it as a public source variable."
"TVA","completions/2021","YEAR_OF_BIRTH","integer","all missing","","YEAR_OF_BIRTH","Year of birth","direct_plida_dataset_variable","avetmiss_data_element_context_generated_distribution_local","https://www.abs.gov.au/statistics/data-integration/integrated-data/person-level-integrated-data-asset-plida/plida-data-and-legislation | https://www.ncver.edu.au/research-and-statistics/collections/students-and-courses-collection/total-vet-students-and-courses | https://www.ncver.edu.au/rto-hub/what-is-avetmiss | https://www.ncver.edu.au/__data/assets/pdf_file/0022/62383/AVETMISS-Data-element-definitions-2_3-Nov-2022.pdf | https://www.dewr.gov.au/australian-apprenticeships","NCVER states Total VET is compiled under AVETMISS and the AVETMISS definitions document provides element definitions, formats and code lists. The generated value frequencies remain synthetic.","Observed quantiles/ranges are synthetic generated-output evidence, not an official distribution.","Keep generated frequencies/distributions labelled synthetic unless calibrated against official aggregate or source-data evidence."
"TVA","completions/2021","YR_PROGRAM_COMPLETED","integer","all missing","","YR_PROGRAM_COMPLETED","Year in which program or skill set was completed (including any on-the-job component).","direct_plida_dataset_variable","avetmiss_data_element_context_generated_distribution_local","https://www.abs.gov.au/statistics/data-integration/integrated-data/person-level-integrated-data-asset-plida/plida-data-and-legislation | https://www.ncver.edu.au/research-and-statistics/collections/students-and-courses-collection/total-vet-students-and-courses | https://www.ncver.edu.au/rto-hub/what-is-avetmiss | https://www.ncver.edu.au/__data/assets/pdf_file/0022/62383/AVETMISS-Data-element-definitions-2_3-Nov-2022.pdf | https://www.dewr.gov.au/australian-apprenticeships","NCVER states Total VET is compiled under AVETMISS and the AVETMISS definitions document provides element definitions, formats and code lists. The generated value frequencies remain synthetic.","Observed quantiles/ranges are synthetic generated-output evidence, not an official distribution.","Keep generated frequencies/distributions labelled synthetic unless calibrated against official aggregate or source-data evidence."
"TVA","training_activity/2021","ACTIVITY_END_DATE","Date","2021-01-15 to 2021-11-10","","ACTIVITY_END_DATE","The actual date that training activity and assessment ends for a client in a unit of competency accredited unit or module environment.","direct_plida_dataset_variable","avetmiss_data_element_context_generated_distribution_local","https://www.abs.gov.au/statistics/data-integration/integrated-data/person-level-integrated-data-asset-plida/plida-data-and-legislation | https://www.ncver.edu.au/research-and-statistics/collections/students-and-courses-collection/total-vet-students-and-courses | https://www.ncver.edu.au/rto-hub/what-is-avetmiss | https://www.ncver.edu.au/__data/assets/pdf_file/0022/62383/AVETMISS-Data-element-definitions-2_3-Nov-2022.pdf | https://www.dewr.gov.au/australian-apprenticeships","NCVER states Total VET is compiled under AVETMISS and the AVETMISS definitions document provides element definitions, formats and code lists. The generated value frequencies remain synthetic.","Observed date range is synthetic generated-output evidence unless an official source is attached separately.","Keep generated frequencies/distributions labelled synthetic unless calibrated against official aggregate or source-data evidence."
"TVA","training_activity/2021","ACTIVITY_START_DATE","Date","2021-01-01 to 2021-06-28","","ACTIVITY_START_DATE","The actual date that training activity and assessment begins for a client in a unit of competency accredited unit or module environment.","direct_plida_dataset_variable","avetmiss_data_element_context_generated_distribution_local","https://www.abs.gov.au/statistics/data-integration/integrated-data/person-level-integrated-data-asset-plida/plida-data-and-legislation | https://www.ncver.edu.au/research-and-statistics/collections/students-and-courses-collection/total-vet-students-and-courses | https://www.ncver.edu.au/rto-hub/what-is-avetmiss | https://www.ncver.edu.au/__data/assets/pdf_file/0022/62383/AVETMISS-Data-element-definitions-2_3-Nov-2022.pdf | https://www.dewr.gov.au/australian-apprenticeships","NCVER states Total VET is compiled under AVETMISS and the AVETMISS definitions document provides element definitions, formats and code lists. The generated value frequencies remain synthetic.","Observed date range is synthetic generated-output evidence unless an official source is attached separately.","Keep generated frequencies/distributions labelled synthetic unless calibrated against official aggregate or source-data evidence."
"TVA","training_activity/2021","AGE","integer","15 / 25 / 37 / 52 / 99","","AGE","Age of respondent","direct_plida_dataset_variable","avetmiss_data_element_context_generated_distribution_local","https://www.abs.gov.au/statistics/data-integration/integrated-data/person-level-integrated-data-asset-plida/plida-data-and-legislation | https://www.ncver.edu.au/research-and-statistics/collections/students-and-courses-collection/total-vet-students-and-courses | https://www.ncver.edu.au/rto-hub/what-is-avetmiss | https://www.ncver.edu.au/__data/assets/pdf_file/0022/62383/AVETMISS-Data-element-definitions-2_3-Nov-2022.pdf | https://www.dewr.gov.au/australian-apprenticeships","NCVER states Total VET is compiled under AVETMISS and the AVETMISS definitions document provides element definitions, formats and code lists. The generated value frequencies remain synthetic.","Observed quantiles/ranges are synthetic generated-output evidence, not an official distribution.","Keep generated frequencies/distributions labelled synthetic unless calibrated against official aggregate or source-data evidence."
"TVA","training_activity/2021","ANZSCO_ID","character","561113=52; 599311=48; 621411=40; 552314=36; 133611=32; 611312=32; 621712=32; 312212=28; 399212=28; 552211=28; 599599=28; 639511=28","561113; 599311; 621411; 552314; 133611; 611312; 621712; 312212; 399212; 552211; 599599; 639511; 312411; 392211; 399517; 511112; 521111; 639111; 639112; 134211; 332211; 333211; 342412; 351112; 363112; 393112; 393212; 451111; 451513; 561412","ANZSCO_ID","Identifies the type of occupation that may be expected for those undertaking a program of study.","direct_plida_dataset_variable","official_avetmiss_element_generated_subset_distribution_local","https://www.abs.gov.au/statistics/data-integration/integrated-data/person-level-integrated-data-asset-plida/plida-data-and-legislation | https://www.ncver.edu.au/research-and-statistics/collections/students-and-courses-collection/total-vet-students-and-courses | https://www.ncver.edu.au/rto-hub/what-is-avetmiss | https://www.ncver.edu.au/__data/assets/pdf_file/0022/62383/AVETMISS-Data-element-definitions-2_3-Nov-2022.pdf | https://www.dewr.gov.au/australian-apprenticeships","The AVETMISS data element definitions include the matching concept/code-list family for this field. The current generated values should be treated as a generated subset until each value is regression-tested against the official table.","Observed values are the current fplida generated domain; source equivalence depends on the evidence status.","Keep generated frequencies/distributions labelled synthetic unless calibrated against official aggregate or source-data evidence."
"TVA","training_activity/2021","APPRENTICESHIP_FG","character","N=4268; Y=728","N; Y","APPRENTICESHIP_FG","Subject undertaken as part of an apprenticeship/traineeship","direct_plida_dataset_variable","official_avetmiss_element_generated_subset_distribution_local","https://www.abs.gov.au/statistics/data-integration/integrated-data/person-level-integrated-data-asset-plida/plida-data-and-legislation | https://www.ncver.edu.au/research-and-statistics/collections/students-and-courses-collection/total-vet-students-and-courses | https://www.ncver.edu.au/rto-hub/what-is-avetmiss | https://www.ncver.edu.au/__data/assets/pdf_file/0022/62383/AVETMISS-Data-element-definitions-2_3-Nov-2022.pdf | https://www.dewr.gov.au/australian-apprenticeships","The AVETMISS data element definitions include the matching concept/code-list family for this field. The current generated values should be treated as a generated subset until each value is regression-tested against the official table.","Observed values are the current fplida generated domain; source equivalence depends on the evidence status.","Keep generated frequencies/distributions labelled synthetic unless calibrated against official aggregate or source-data evidence."
"TVA","training_activity/2021","AT_SCHOOL_FG","character","N=4956; Y=40","N; Y","AT_SCHOOL_FG","Flags whether client is currently enrolled in secondary school.","direct_plida_dataset_variable","official_avetmiss_element_generated_subset_distribution_local","https://www.abs.gov.au/statistics/data-integration/integrated-data/person-level-integrated-data-asset-plida/plida-data-and-legislation | https://www.ncver.edu.au/research-and-statistics/collections/students-and-courses-collection/total-vet-students-and-courses | https://www.ncver.edu.au/rto-hub/what-is-avetmiss | https://www.ncver.edu.au/__data/assets/pdf_file/0022/62383/AVETMISS-Data-element-definitions-2_3-Nov-2022.pdf | https://www.dewr.gov.au/australian-apprenticeships","The AVETMISS data element definitions include the matching concept/code-list family for this field. The current generated values should be treated as a generated subset until each value is regression-tested against the official table.","Observed values are the current fplida generated domain; source equivalence depends on the evidence status.","Keep generated frequencies/distributions labelled synthetic unless calibrated against official aggregate or source-data evidence."
"TVA","training_activity/2021","CLIENT_POSTCODE_DERIVED","character","4466=24; 2294=20; 2601=20; 2963=20; 3888=20; 2028=16; 2469=16; 2610=16; 2616=16; 2763=16; 3047=16; 3436=16","4466; 2294; 2601; 2963; 3888; 2028; 2469; 2610; 2616; 2763; 3047; 3436; 3734; 6168; 6696; 2052; 2121; 2221; 2224; 2225; 2355; 2535; 2613; 2618; 2637; 2672; 2740; 2832; 2858; 2887","CLIENT_POSTCODE_DERIVED","Client postcode of residence","direct_plida_dataset_variable","avetmiss_data_element_context_generated_distribution_local","https://www.abs.gov.au/statistics/data-integration/integrated-data/person-level-integrated-data-asset-plida/plida-data-and-legislation | https://www.ncver.edu.au/research-and-statistics/collections/students-and-courses-collection/total-vet-students-and-courses | https://www.ncver.edu.au/rto-hub/what-is-avetmiss | https://www.ncver.edu.au/__data/assets/pdf_file/0022/62383/AVETMISS-Data-element-definitions-2_3-Nov-2022.pdf | https://www.dewr.gov.au/australian-apprenticeships","NCVER states Total VET is compiled under AVETMISS and the AVETMISS definitions document provides element definitions, formats and code lists. The generated value frequencies remain synthetic.","Observed values are the current fplida generated domain; source equivalence depends on the evidence status.","Keep generated frequencies/distributions labelled synthetic unless calibrated against official aggregate or source-data evidence."
"TVA","training_activity/2021","CLIENT_REMOTENESS_ID_DERIVED","integer","0 / 0 / 1 / 2 / 4","0; 1; 2; 3; 4","CLIENT_REMOTENESS_ID_DERIVED","Client remoteness area (aria+) id","direct_plida_dataset_variable","avetmiss_data_element_context_generated_distribution_local","https://www.abs.gov.au/statistics/data-integration/integrated-data/person-level-integrated-data-asset-plida/plida-data-and-legislation | https://www.ncver.edu.au/research-and-statistics/collections/students-and-courses-collection/total-vet-students-and-courses | https://www.ncver.edu.au/rto-hub/what-is-avetmiss | https://www.ncver.edu.au/__data/assets/pdf_file/0022/62383/AVETMISS-Data-element-definitions-2_3-Nov-2022.pdf | https://www.dewr.gov.au/australian-apprenticeships","NCVER states Total VET is compiled under AVETMISS and the AVETMISS definitions document provides element definitions, formats and code lists. The generated value frequencies remain synthetic.","Observed values are the current fplida generated domain; source equivalence depends on the evidence status.","Keep generated frequencies/distributions labelled synthetic unless calibrated against official aggregate or source-data evidence."
"TVA","training_activity/2021","CLIENT_SEIFA_IRSD_QUINT_DRVD","integer","1 / 2 / 3 / 4 / 5","1; 2; 3; 4; 5","CLIENT_SEIFA_IRSD_QUINT_DRVD","Client index of relative socio-economic disadvantage (irsd) id","direct_plida_dataset_variable","avetmiss_data_element_context_generated_distribution_local","https://www.abs.gov.au/statistics/data-integration/integrated-data/person-level-integrated-data-asset-plida/plida-data-and-legislation | https://www.ncver.edu.au/research-and-statistics/collections/students-and-courses-collection/total-vet-students-and-courses | https://www.ncver.edu.au/rto-hub/what-is-avetmiss | https://www.ncver.edu.au/__data/assets/pdf_file/0022/62383/AVETMISS-Data-element-definitions-2_3-Nov-2022.pdf | https://www.dewr.gov.au/australian-apprenticeships","NCVER states Total VET is compiled under AVETMISS and the AVETMISS definitions document provides element definitions, formats and code lists. The generated value frequencies remain synthetic.","Observed values are the current fplida generated domain; source equivalence depends on the evidence status.","Keep generated frequencies/distributions labelled synthetic unless calibrated against official aggregate or source-data evidence."
"TVA","training_activity/2021","CLIENT_STATE_RESIDENCE_DERIVED","integer","1 / 1 / 2 / 3 / 8","1; 2; 3; 4; 5; 6; 7; 8","CLIENT_STATE_RESIDENCE_DERIVED","Client state of residence id","direct_plida_dataset_variable","official_avetmiss_state_code_needs_format_tightening","https://www.abs.gov.au/statistics/data-integration/integrated-data/person-level-integrated-data-asset-plida/plida-data-and-legislation | https://www.ncver.edu.au/research-and-statistics/collections/students-and-courses-collection/total-vet-students-and-courses | https://www.ncver.edu.au/rto-hub/what-is-avetmiss | https://www.ncver.edu.au/__data/assets/pdf_file/0022/62383/AVETMISS-Data-element-definitions-2_3-Nov-2022.pdf | https://www.dewr.gov.au/australian-apprenticeships","AVETMISS state identifier values are two-character codes such as 01-08, plus 09 and 99. Current generated state values are numeric-style 1-8, so the concept is sourced but formatting needs tightening.","Observed values are the current fplida generated domain; source equivalence depends on the evidence status.","Find a public variable/code-table source or keep this row labelled local/synthetic in future builds."
"TVA","training_activity/2021","COLLECTION_YR","integer","2021 / 2021 / 2021 / 2021 / 2021","2021","COLLECTION_YR","Calendar year in which training activity occurred.","direct_plida_dataset_variable","avetmiss_data_element_context_generated_distribution_local","https://www.abs.gov.au/statistics/data-integration/integrated-data/person-level-integrated-data-asset-plida/plida-data-and-legislation | https://www.ncver.edu.au/research-and-statistics/collections/students-and-courses-collection/total-vet-students-and-courses | https://www.ncver.edu.au/rto-hub/what-is-avetmiss | https://www.ncver.edu.au/__data/assets/pdf_file/0022/62383/AVETMISS-Data-element-definitions-2_3-Nov-2022.pdf | https://www.dewr.gov.au/australian-apprenticeships","NCVER states Total VET is compiled under AVETMISS and the AVETMISS definitions document provides element definitions, formats and code lists. The generated value frequencies remain synthetic.","Observed values are the current fplida generated domain; source equivalence depends on the evidence status.","Keep generated frequencies/distributions labelled synthetic unless calibrated against official aggregate or source-data evidence."
"TVA","training_activity/2021","DELIVERY_MODE_ID","integer","10 / 10 / 20 / 30 / 90","10; 20; 30; 40; 90","DELIVERY_MODE_ID","Pre-2018 refers to the predominant mode of delivery; 2018 onwards it identifies whether a subject comprises internal external or workplace-based delivery or some combination of those (code).","direct_plida_dataset_variable","official_avetmiss_element_generated_subset_distribution_local","https://www.abs.gov.au/statistics/data-integration/integrated-data/person-level-integrated-data-asset-plida/plida-data-and-legislation | https://www.ncver.edu.au/research-and-statistics/collections/students-and-courses-collection/total-vet-students-and-courses | https://www.ncver.edu.au/rto-hub/what-is-avetmiss | https://www.ncver.edu.au/__data/assets/pdf_file/0022/62383/AVETMISS-Data-element-definitions-2_3-Nov-2022.pdf | https://www.dewr.gov.au/australian-apprenticeships","The AVETMISS data element definitions include the matching concept/code-list family for this field. The current generated values should be treated as a generated subset until each value is regression-tested against the official table.","Observed values are the current fplida generated domain; source equivalence depends on the evidence status.","Keep generated frequencies/distributions labelled synthetic unless calibrated against official aggregate or source-data evidence."
"TVA","training_activity/2021","GENDER_ID","integer","1 / 1 / 2 / 2 / 2","1; 2","GENDER_ID","Whether client self-identifies as male female or other (code). | Whether client self-identifies as male  female  or other (code).","direct_plida_dataset_variable","official_avetmiss_element_generated_subset_distribution_local","https://www.abs.gov.au/statistics/data-integration/integrated-data/person-level-integrated-data-asset-plida/plida-data-and-legislation | https://www.ncver.edu.au/research-and-statistics/collections/students-and-courses-collection/total-vet-students-and-courses | https://www.ncver.edu.au/rto-hub/what-is-avetmiss | https://www.ncver.edu.au/__data/assets/pdf_file/0022/62383/AVETMISS-Data-element-definitions-2_3-Nov-2022.pdf | https://www.dewr.gov.au/australian-apprenticeships","The AVETMISS data element definitions include the matching concept/code-list family for this field. The current generated values should be treated as a generated subset until each value is regression-tested against the official table.","Observed values are the current fplida generated domain; source equivalence depends on the evidence status.","Keep generated frequencies/distributions labelled synthetic unless calibrated against official aggregate or source-data evidence."
"TVA","training_activity/2021","HEAD_OFFICE_POSTCODE","character","2742=32; 2603=24; 2600=20; 2668=20; 3083=20; 4512=20; 6749=20; 2011=16; 2104=16; 2167=16; 2313=16; 2426=16","2742; 2603; 2600; 2668; 3083; 4512; 6749; 2011; 2104; 2167; 2313; 2426; 2515; 2613; 2707; 2785; 2975; 2990; 3095; 3440; 3681; 3720; 3725; 3824; 5225; 6766; 2003; 2095; 2099; 2140","HEAD_OFFICE_POSTCODE","Head office postcode","direct_plida_dataset_variable","avetmiss_data_element_context_generated_distribution_local","https://www.abs.gov.au/statistics/data-integration/integrated-data/person-level-integrated-data-asset-plida/plida-data-and-legislation | https://www.ncver.edu.au/research-and-statistics/collections/students-and-courses-collection/total-vet-students-and-courses | https://www.ncver.edu.au/rto-hub/what-is-avetmiss | https://www.ncver.edu.au/__data/assets/pdf_file/0022/62383/AVETMISS-Data-element-definitions-2_3-Nov-2022.pdf | https://www.dewr.gov.au/australian-apprenticeships","NCVER states Total VET is compiled under AVETMISS and the AVETMISS definitions document provides element definitions, formats and code lists. The generated value frequencies remain synthetic.","Observed values are the current fplida generated domain; source equivalence depends on the evidence status.","Keep generated frequencies/distributions labelled synthetic unless calibrated against official aggregate or source-data evidence."
"TVA","training_activity/2021","HEAD_OFFICE_STATE","integer","1 / 1 / 2 / 3 / 8","1; 2; 3; 4; 5; 6; 7; 8","HEAD_OFFICE_STATE","Head office state","direct_plida_dataset_variable","official_avetmiss_state_code_needs_format_tightening","https://www.abs.gov.au/statistics/data-integration/integrated-data/person-level-integrated-data-asset-plida/plida-data-and-legislation | https://www.ncver.edu.au/research-and-statistics/collections/students-and-courses-collection/total-vet-students-and-courses | https://www.ncver.edu.au/rto-hub/what-is-avetmiss | https://www.ncver.edu.au/__data/assets/pdf_file/0022/62383/AVETMISS-Data-element-definitions-2_3-Nov-2022.pdf | https://www.dewr.gov.au/australian-apprenticeships","AVETMISS state identifier values are two-character codes such as 01-08, plus 09 and 99. Current generated state values are numeric-style 1-8, so the concept is sourced but formatting needs tightening.","Observed values are the current fplida generated domain; source equivalence depends on the evidence status.","Find a public variable/code-table source or keep this row labelled local/synthetic in future builds."
"TVA","training_activity/2021","HIGHEST_ED_LVL_ST","integer","1 / 2 / 4 / 4 / 6","1; 2; 4; 5; 6","HIGHEST_ED_LVL_ST","The highest level of education including post-compulsory education a student had successfully completed before commencing training (code). | The highest level of education  including post-compulsory education  a student had successfully completed before commencing training (code).","direct_plida_dataset_variable","avetmiss_data_element_context_generated_distribution_local","https://www.abs.gov.au/statistics/data-integration/integrated-data/person-level-integrated-data-asset-plida/plida-data-and-legislation | https://www.ncver.edu.au/research-and-statistics/collections/students-and-courses-collection/total-vet-students-and-courses | https://www.ncver.edu.au/rto-hub/what-is-avetmiss | https://www.ncver.edu.au/__data/assets/pdf_file/0022/62383/AVETMISS-Data-element-definitions-2_3-Nov-2022.pdf | https://www.dewr.gov.au/australian-apprenticeships","NCVER states Total VET is compiled under AVETMISS and the AVETMISS definitions document provides element definitions, formats and code lists. The generated value frequencies remain synthetic.","Observed values are the current fplida generated domain; source equivalence depends on the evidence status.","Keep generated frequencies/distributions labelled synthetic unless calibrated against official aggregate or source-data evidence."
"TVA","training_activity/2021","HIGHEST_SCHL_LVL_ST","integer","8 / 11 / 12 / 12 / 12","10; 11; 12; 8; 9","HIGHEST_SCHL_LVL_ST","Identifies the highest level of school the client has successfully completed (code).","direct_plida_dataset_variable","avetmiss_data_element_context_generated_distribution_local","https://www.abs.gov.au/statistics/data-integration/integrated-data/person-level-integrated-data-asset-plida/plida-data-and-legislation | https://www.ncver.edu.au/research-and-statistics/collections/students-and-courses-collection/total-vet-students-and-courses | https://www.ncver.edu.au/rto-hub/what-is-avetmiss | https://www.ncver.edu.au/__data/assets/pdf_file/0022/62383/AVETMISS-Data-element-definitions-2_3-Nov-2022.pdf | https://www.dewr.gov.au/australian-apprenticeships","NCVER states Total VET is compiled under AVETMISS and the AVETMISS definitions document provides element definitions, formats and code lists. The generated value frequencies remain synthetic.","Observed values are the current fplida generated domain; source equivalence depends on the evidence status.","Keep generated frequencies/distributions labelled synthetic unless calibrated against official aggregate or source-data evidence."
"TVA","training_activity/2021","LABOUR_FORCE_STATUS_ID","integer","1 / 1 / 2 / 3 / 4","1; 2; 3; 4","LABOUR_FORCE_STATUS_ID","Describes client's employment status (code).","direct_plida_dataset_variable","avetmiss_data_element_context_generated_distribution_local","https://www.abs.gov.au/statistics/data-integration/integrated-data/person-level-integrated-data-asset-plida/plida-data-and-legislation | https://www.ncver.edu.au/research-and-statistics/collections/students-and-courses-collection/total-vet-students-and-courses | https://www.ncver.edu.au/rto-hub/what-is-avetmiss | https://www.ncver.edu.au/__data/assets/pdf_file/0022/62383/AVETMISS-Data-element-definitions-2_3-Nov-2022.pdf | https://www.dewr.gov.au/australian-apprenticeships","NCVER states Total VET is compiled under AVETMISS and the AVETMISS definitions document provides element definitions, formats and code lists. The generated value frequencies remain synthetic.","Observed values are the current fplida generated domain; source equivalence depends on the evidence status.","Keep generated frequencies/distributions labelled synthetic unless calibrated against official aggregate or source-data evidence."
"TVA","training_activity/2021","MONTH_OF_BIRTH","integer","1 / 3 / 6 / 9 / 12","1; 10; 11; 12; 2; 3; 4; 5; 6; 7; 8; 9","MONTH_OF_BIRTH","Month of birth","direct_plida_dataset_variable","avetmiss_data_element_context_generated_distribution_local","https://www.abs.gov.au/statistics/data-integration/integrated-data/person-level-integrated-data-asset-plida/plida-data-and-legislation | https://www.ncver.edu.au/research-and-statistics/collections/students-and-courses-collection/total-vet-students-and-courses | https://www.ncver.edu.au/rto-hub/what-is-avetmiss | https://www.ncver.edu.au/__data/assets/pdf_file/0022/62383/AVETMISS-Data-element-definitions-2_3-Nov-2022.pdf | https://www.dewr.gov.au/australian-apprenticeships","NCVER states Total VET is compiled under AVETMISS and the AVETMISS definitions document provides element definitions, formats and code lists. The generated value frequencies remain synthetic.","Observed values are the current fplida generated domain; source equivalence depends on the evidence status.","Keep generated frequencies/distributions labelled synthetic unless calibrated against official aggregate or source-data evidence."
"TVA","training_activity/2021","NATIONAL_FUNDING_SOURCE_ID","integer","11 / 20 / 20 / 30 / 99","11; 20; 30; 31; 80; 99","NATIONAL_FUNDING_SOURCE_ID","Identifies the predominant source of the funding for the training activity delivered (code).","direct_plida_dataset_variable","official_avetmiss_element_generated_subset_distribution_local","https://www.abs.gov.au/statistics/data-integration/integrated-data/person-level-integrated-data-asset-plida/plida-data-and-legislation | https://www.ncver.edu.au/research-and-statistics/collections/students-and-courses-collection/total-vet-students-and-courses | https://www.ncver.edu.au/rto-hub/what-is-avetmiss | https://www.ncver.edu.au/__data/assets/pdf_file/0022/62383/AVETMISS-Data-element-definitions-2_3-Nov-2022.pdf | https://www.dewr.gov.au/australian-apprenticeships","The AVETMISS data element definitions include the matching concept/code-list family for this field. The current generated values should be treated as a generated subset until each value is regression-tested against the official table.","Observed values are the current fplida generated domain; source equivalence depends on the evidence status.","Keep generated frequencies/distributions labelled synthetic unless calibrated against official aggregate or source-data evidence."
"TVA","training_activity/2021","NATIONAL_OUTCOME_ID","integer","20 / 20 / 20 / 51 / 90","20; 30; 40; 51; 60; 70; 81; 90","NATIONAL_OUTCOME_ID","Identifies the result or outcome of the client's participation in this unit of competency or module (code).","direct_plida_dataset_variable","official_avetmiss_element_generated_subset_distribution_local","https://www.abs.gov.au/statistics/data-integration/integrated-data/person-level-integrated-data-asset-plida/plida-data-and-legislation | https://www.ncver.edu.au/research-and-statistics/collections/students-and-courses-collection/total-vet-students-and-courses | https://www.ncver.edu.au/rto-hub/what-is-avetmiss | https://www.ncver.edu.au/__data/assets/pdf_file/0022/62383/AVETMISS-Data-element-definitions-2_3-Nov-2022.pdf | https://www.dewr.gov.au/australian-apprenticeships","The AVETMISS data element definitions include the matching concept/code-list family for this field. The current generated values should be treated as a generated subset until each value is regression-tested against the official table.","Observed values are the current fplida generated domain; source equivalence depends on the evidence status.","Keep generated frequencies/distributions labelled synthetic unless calibrated against official aggregate or source-data evidence."
"TVA","training_activity/2021","PRIOR_ED_ACHIEVE_FG","character","Y=3352; N=1644","Y; N","PRIOR_ED_ACHIEVE_FG","Flags whether the client has successfully completed some post-secondary education (code).","direct_plida_dataset_variable","official_avetmiss_element_generated_subset_distribution_local","https://www.abs.gov.au/statistics/data-integration/integrated-data/person-level-integrated-data-asset-plida/plida-data-and-legislation | https://www.ncver.edu.au/research-and-statistics/collections/students-and-courses-collection/total-vet-students-and-courses | https://www.ncver.edu.au/rto-hub/what-is-avetmiss | https://www.ncver.edu.au/__data/assets/pdf_file/0022/62383/AVETMISS-Data-element-definitions-2_3-Nov-2022.pdf | https://www.dewr.gov.au/australian-apprenticeships","The AVETMISS data element definitions include the matching concept/code-list family for this field. The current generated values should be treated as a generated subset until each value is regression-tested against the official table.","Observed values are the current fplida generated domain; source equivalence depends on the evidence status.","Keep generated frequencies/distributions labelled synthetic unless calibrated against official aggregate or source-data evidence."
"TVA","training_activity/2021","PROGRAM_FOE_ID","character","08=872; 12=780; 11=640; 03=584; 06=548; 09=460; 04=444; 07=268; 10=256; 05=144","08; 12; 11; 03; 06; 09; 04; 07; 10; 05","PROGRAM_FOE_ID","Program narrow field of education id","direct_plida_dataset_variable","official_avetmiss_element_generated_subset_distribution_local","https://www.abs.gov.au/statistics/data-integration/integrated-data/person-level-integrated-data-asset-plida/plida-data-and-legislation | https://www.ncver.edu.au/research-and-statistics/collections/students-and-courses-collection/total-vet-students-and-courses | https://www.ncver.edu.au/rto-hub/what-is-avetmiss | https://www.ncver.edu.au/__data/assets/pdf_file/0022/62383/AVETMISS-Data-element-definitions-2_3-Nov-2022.pdf | https://www.dewr.gov.au/australian-apprenticeships","The AVETMISS data element definitions include the matching concept/code-list family for this field. The current generated values should be treated as a generated subset until each value is regression-tested against the official table.","Observed values are the current fplida generated domain; source equivalence depends on the evidence status.","Keep generated frequencies/distributions labelled synthetic unless calibrated against official aggregate or source-data evidence."
"TVA","training_activity/2021","PROGRAM_ID","character","P030010032=8; P030010081=8; P030010208=8; P030010593=8; P030010729=8; P030010842=8; P030020026=8; P030020165=8; P030020202=8; P030020471=8; P030020493=8; P030020850=8","P030010032; P030010081; P030010208; P030010593; P030010729; P030010842; P030020026; P030020165; P030020202; P030020471; P030020493; P030020850; P030030011; P030030049; P030030050; P030030107; P030030124; P030030190; P030030230; P030030375; P030030484; P030030569; P030030616; P030030631; P030030643; P030030690; P030030777; P030030795; P030030810; P030040128","PROGRAM_ID","Id code of the qualification course or skill set. | Program id","direct_plida_dataset_variable","official_avetmiss_element_generated_subset_distribution_local","https://www.abs.gov.au/statistics/data-integration/integrated-data/person-level-integrated-data-asset-plida/plida-data-and-legislation | https://www.ncver.edu.au/research-and-statistics/collections/students-and-courses-collection/total-vet-students-and-courses | https://www.ncver.edu.au/rto-hub/what-is-avetmiss | https://www.ncver.edu.au/__data/assets/pdf_file/0022/62383/AVETMISS-Data-element-definitions-2_3-Nov-2022.pdf | https://www.dewr.gov.au/australian-apprenticeships","The AVETMISS data element definitions include the matching concept/code-list family for this field. The current generated values should be treated as a generated subset until each value is regression-tested against the official table.","Observed values are the current fplida generated domain; source equivalence depends on the evidence status.","Keep generated frequencies/distributions labelled synthetic unless calibrated against official aggregate or source-data evidence."
"TVA","training_activity/2021","PROGRAM_LOE_ID","integer","511 / 521 / 521 / 524 / 613","511; 514; 521; 524; 611; 613","PROGRAM_LOE_ID","Degree of complexity of the program of study based on asced classification (code). | Degree of complexity of the program of study  based on asced classification (code).","direct_plida_dataset_variable","official_avetmiss_element_generated_subset_distribution_local","https://www.abs.gov.au/statistics/data-integration/integrated-data/person-level-integrated-data-asset-plida/plida-data-and-legislation | https://www.ncver.edu.au/research-and-statistics/collections/students-and-courses-collection/total-vet-students-and-courses | https://www.ncver.edu.au/rto-hub/what-is-avetmiss | https://www.ncver.edu.au/__data/assets/pdf_file/0022/62383/AVETMISS-Data-element-definitions-2_3-Nov-2022.pdf | https://www.dewr.gov.au/australian-apprenticeships","The AVETMISS data element definitions include the matching concept/code-list family for this field. The current generated values should be treated as a generated subset until each value is regression-tested against the official table.","Observed values are the current fplida generated domain; source equivalence depends on the evidence status.","Keep generated frequencies/distributions labelled synthetic unless calibrated against official aggregate or source-data evidence."
"TVA","training_activity/2021","PROGRAM_NOMINAL_HOURS","integer","160 / 320 / 320 / 640 / 960","160; 320; 480; 640; 960","PROGRAM_NOMINAL_HOURS","Program nominal hours","direct_plida_dataset_variable","avetmiss_data_element_context_generated_distribution_local","https://www.abs.gov.au/statistics/data-integration/integrated-data/person-level-integrated-data-asset-plida/plida-data-and-legislation | https://www.ncver.edu.au/research-and-statistics/collections/students-and-courses-collection/total-vet-students-and-courses | https://www.ncver.edu.au/rto-hub/what-is-avetmiss | https://www.ncver.edu.au/__data/assets/pdf_file/0022/62383/AVETMISS-Data-element-definitions-2_3-Nov-2022.pdf | https://www.dewr.gov.au/australian-apprenticeships","NCVER states Total VET is compiled under AVETMISS and the AVETMISS definitions document provides element definitions, formats and code lists. The generated value frequencies remain synthetic.","Observed values are the current fplida generated domain; source equivalence depends on the evidence status.","Keep generated frequencies/distributions labelled synthetic unless calibrated against official aggregate or source-data evidence."
"TVA","training_activity/2021","PROGRAM_RECOGNITION_ID","integer","11 / 11 / 11 / 11 / 11","11","PROGRAM_RECOGNITION_ID","Distinguishes the qualification course or skill set by its level of recognition in the vet sector (code). | Distinguishes the qualification  course  or skill set by its level of recognition in the vet sector (code).","direct_plida_dataset_variable","official_avetmiss_element_generated_subset_distribution_local","https://www.abs.gov.au/statistics/data-integration/integrated-data/person-level-integrated-data-asset-plida/plida-data-and-legislation | https://www.ncver.edu.au/research-and-statistics/collections/students-and-courses-collection/total-vet-students-and-courses | https://www.ncver.edu.au/rto-hub/what-is-avetmiss | https://www.ncver.edu.au/__data/assets/pdf_file/0022/62383/AVETMISS-Data-element-definitions-2_3-Nov-2022.pdf | https://www.dewr.gov.au/australian-apprenticeships","The AVETMISS data element definitions include the matching concept/code-list family for this field. The current generated values should be treated as a generated subset until each value is regression-tested against the official table.","Observed values are the current fplida generated domain; source equivalence depends on the evidence status.","Keep generated frequencies/distributions labelled synthetic unless calibrated against official aggregate or source-data evidence."
"TVA","training_activity/2021","PROGRAM_TRAINING_PACKAGE_ID","character","PKG113=300; PKG083=296; PKG123=292; PKG033=224; PKG063=200; PKG085=188; PKG124=156; PKG084=148; PKG043=144; PKG044=120; PKG093=120; PKG125=120","PKG113; PKG083; PKG123; PKG033; PKG063; PKG085; PKG124; PKG084; PKG043; PKG044; PKG093; PKG125; PKG034; PKG114; PKG082; PKG064; PKG073; PKG095; PKG065; PKG094; PKG115; PKG032; PKG035; PKG086; PKG126; PKG042; PKG102; PKG104; PKG122; PKG062","PROGRAM_TRAINING_PACKAGE_ID","Program training package identifier","direct_plida_dataset_variable","avetmiss_data_element_context_generated_distribution_local","https://www.abs.gov.au/statistics/data-integration/integrated-data/person-level-integrated-data-asset-plida/plida-data-and-legislation | https://www.ncver.edu.au/research-and-statistics/collections/students-and-courses-collection/total-vet-students-and-courses | https://www.ncver.edu.au/rto-hub/what-is-avetmiss | https://www.ncver.edu.au/__data/assets/pdf_file/0022/62383/AVETMISS-Data-element-definitions-2_3-Nov-2022.pdf | https://www.dewr.gov.au/australian-apprenticeships","NCVER states Total VET is compiled under AVETMISS and the AVETMISS definitions document provides element definitions, formats and code lists. The generated value frequencies remain synthetic.","Observed values are the current fplida generated domain; source equivalence depends on the evidence status.","Keep generated frequencies/distributions labelled synthetic unless calibrated against official aggregate or source-data evidence."
"TVA","training_activity/2021","PROGRAM_TYPE_OF_TRAINING_ID","integer","11 / 21 / 21 / 21 / 21","11; 21","PROGRAM_TYPE_OF_TRAINING_ID","Program type of training identifier","direct_plida_dataset_variable","avetmiss_data_element_context_generated_distribution_local","https://www.abs.gov.au/statistics/data-integration/integrated-data/person-level-integrated-data-asset-plida/plida-data-and-legislation | https://www.ncver.edu.au/research-and-statistics/collections/students-and-courses-collection/total-vet-students-and-courses | https://www.ncver.edu.au/rto-hub/what-is-avetmiss | https://www.ncver.edu.au/__data/assets/pdf_file/0022/62383/AVETMISS-Data-element-definitions-2_3-Nov-2022.pdf | https://www.dewr.gov.au/australian-apprenticeships","NCVER states Total VET is compiled under AVETMISS and the AVETMISS definitions document provides element definitions, formats and code lists. The generated value frequencies remain synthetic.","Observed values are the current fplida generated domain; source equivalence depends on the evidence status.","Keep generated frequencies/distributions labelled synthetic unless calibrated against official aggregate or source-data evidence."
"TVA","training_activity/2021","PROGRAM_VET_FG","character","Y=4996","Y","PROGRAM_VET_FG","Flags whether the intention of the program is vocational education (code).","direct_plida_dataset_variable","official_avetmiss_element_generated_subset_distribution_local","https://www.abs.gov.au/statistics/data-integration/integrated-data/person-level-integrated-data-asset-plida/plida-data-and-legislation | https://www.ncver.edu.au/research-and-statistics/collections/students-and-courses-collection/total-vet-students-and-courses | https://www.ncver.edu.au/rto-hub/what-is-avetmiss | https://www.ncver.edu.au/__data/assets/pdf_file/0022/62383/AVETMISS-Data-element-definitions-2_3-Nov-2022.pdf | https://www.dewr.gov.au/australian-apprenticeships","The AVETMISS data element definitions include the matching concept/code-list family for this field. The current generated values should be treated as a generated subset until each value is regression-tested against the official table.","Observed values are the current fplida generated domain; source equivalence depends on the evidence status.","Keep generated frequencies/distributions labelled synthetic unless calibrated against official aggregate or source-data evidence."
"TVA","training_activity/2021","RTO_ID","character","RTO45024=52; RTO24108=48; RTO43122=48; RTO46020=48; RTO54532=48; RTO37406=44; RTO81423=44; RTO94558=44; RTO19712=40; RTO22313=40; RTO41094=40; RTO00006=36","RTO45024; RTO24108; RTO43122; RTO46020; RTO54532; RTO37406; RTO81423; RTO94558; RTO19712; RTO22313; RTO41094; RTO00006; RTO26433; RTO28556; RTO37682; RTO56470; RTO74925; RTO75345; RTO79522; RTO80295; RTO80499; RTO84026; RTO85758; RTO99299; RTO04688; RTO05383; RTO13763; RTO17018; RTO17691; RTO21567","RTO_ID","Id code for the registered training organisation.","direct_plida_dataset_variable","avetmiss_data_element_context_generated_distribution_local","https://www.abs.gov.au/statistics/data-integration/integrated-data/person-level-integrated-data-asset-plida/plida-data-and-legislation | https://www.ncver.edu.au/research-and-statistics/collections/students-and-courses-collection/total-vet-students-and-courses | https://www.ncver.edu.au/rto-hub/what-is-avetmiss | https://www.ncver.edu.au/__data/assets/pdf_file/0022/62383/AVETMISS-Data-element-definitions-2_3-Nov-2022.pdf | https://www.dewr.gov.au/australian-apprenticeships","NCVER states Total VET is compiled under AVETMISS and the AVETMISS definitions document provides element definitions, formats and code lists. The generated value frequencies remain synthetic.","Observed values are the current fplida generated domain; source equivalence depends on the evidence status.","Keep generated frequencies/distributions labelled synthetic unless calibrated against official aggregate or source-data evidence."
"TVA","training_activity/2021","STATE_OF_FUNDING_GF","integer","1 / 1 / 2 / 3 / 8","1; 2; 3; 4; 5; 6; 7; 8","STATE_OF_FUNDING_GF","State or territory that administered the funding of the training activity id","direct_plida_dataset_variable","official_avetmiss_state_code_needs_format_tightening","https://www.abs.gov.au/statistics/data-integration/integrated-data/person-level-integrated-data-asset-plida/plida-data-and-legislation | https://www.ncver.edu.au/research-and-statistics/collections/students-and-courses-collection/total-vet-students-and-courses | https://www.ncver.edu.au/rto-hub/what-is-avetmiss | https://www.ncver.edu.au/__data/assets/pdf_file/0022/62383/AVETMISS-Data-element-definitions-2_3-Nov-2022.pdf | https://www.dewr.gov.au/australian-apprenticeships","AVETMISS state identifier values are two-character codes such as 01-08, plus 09 and 99. Current generated state values are numeric-style 1-8, so the concept is sourced but formatting needs tightening.","Observed values are the current fplida generated domain; source equivalence depends on the evidence status.","Find a public variable/code-table source or keep this row labelled local/synthetic in future builds."
"TVA","training_activity/2021","STUDENT_COMMENCING_FG","character","Y=4996","Y","STUDENT_COMMENCING_FG","Student commencing flag","direct_plida_dataset_variable","official_avetmiss_element_generated_subset_distribution_local","https://www.abs.gov.au/statistics/data-integration/integrated-data/person-level-integrated-data-asset-plida/plida-data-and-legislation | https://www.ncver.edu.au/research-and-statistics/collections/students-and-courses-collection/total-vet-students-and-courses | https://www.ncver.edu.au/rto-hub/what-is-avetmiss | https://www.ncver.edu.au/__data/assets/pdf_file/0022/62383/AVETMISS-Data-element-definitions-2_3-Nov-2022.pdf | https://www.dewr.gov.au/australian-apprenticeships","The AVETMISS data element definitions include the matching concept/code-list family for this field. The current generated values should be treated as a generated subset until each value is regression-tested against the official table.","Observed values are the current fplida generated domain; source equivalence depends on the evidence status.","Keep generated frequencies/distributions labelled synthetic unless calibrated against official aggregate or source-data evidence."
"TVA","training_activity/2021","STUDY_REASON_ID","integer","1 / 1 / 2 / 7 / 12","1; 11; 12; 2; 4; 7; 8","STUDY_REASON_ID","Client's main reason for studying the subject (code).","direct_plida_dataset_variable","avetmiss_data_element_context_generated_distribution_local","https://www.abs.gov.au/statistics/data-integration/integrated-data/person-level-integrated-data-asset-plida/plida-data-and-legislation | https://www.ncver.edu.au/research-and-statistics/collections/students-and-courses-collection/total-vet-students-and-courses | https://www.ncver.edu.au/rto-hub/what-is-avetmiss | https://www.ncver.edu.au/__data/assets/pdf_file/0022/62383/AVETMISS-Data-element-definitions-2_3-Nov-2022.pdf | https://www.dewr.gov.au/australian-apprenticeships","NCVER states Total VET is compiled under AVETMISS and the AVETMISS definitions document provides element definitions, formats and code lists. The generated value frequencies remain synthetic.","Observed values are the current fplida generated domain; source equivalence depends on the evidence status.","Keep generated frequencies/distributions labelled synthetic unless calibrated against official aggregate or source-data evidence."
"TVA","training_activity/2021","SUBJECT_FG","character","Y=4996","Y","SUBJECT_FG","Indicates type of subject. a= accredited unit c= unit of competency.","direct_plida_dataset_variable","official_avetmiss_element_generated_subset_distribution_local","https://www.abs.gov.au/statistics/data-integration/integrated-data/person-level-integrated-data-asset-plida/plida-data-and-legislation | https://www.ncver.edu.au/research-and-statistics/collections/students-and-courses-collection/total-vet-students-and-courses | https://www.ncver.edu.au/rto-hub/what-is-avetmiss | https://www.ncver.edu.au/__data/assets/pdf_file/0022/62383/AVETMISS-Data-element-definitions-2_3-Nov-2022.pdf | https://www.dewr.gov.au/australian-apprenticeships","The AVETMISS data element definitions include the matching concept/code-list family for this field. The current generated values should be treated as a generated subset until each value is regression-tested against the official table.","Observed values are the current fplida generated domain; source equivalence depends on the evidence status.","Keep generated frequencies/distributions labelled synthetic unless calibrated against official aggregate or source-data evidence."
"TVA","training_activity/2021","SUBJECT_FOE_ID","character","08=872; 12=780; 11=640; 03=584; 06=548; 09=460; 04=444; 07=268; 10=256; 05=144","08; 12; 11; 03; 06; 09; 04; 07; 10; 05","SUBJECT_FOE_ID","Code identifying the subject matter that is the aim of the skills and knowledge gained in the subject.","direct_plida_dataset_variable","official_avetmiss_element_generated_subset_distribution_local","https://www.abs.gov.au/statistics/data-integration/integrated-data/person-level-integrated-data-asset-plida/plida-data-and-legislation | https://www.ncver.edu.au/research-and-statistics/collections/students-and-courses-collection/total-vet-students-and-courses | https://www.ncver.edu.au/rto-hub/what-is-avetmiss | https://www.ncver.edu.au/__data/assets/pdf_file/0022/62383/AVETMISS-Data-element-definitions-2_3-Nov-2022.pdf | https://www.dewr.gov.au/australian-apprenticeships","The AVETMISS data element definitions include the matching concept/code-list family for this field. The current generated values should be treated as a generated subset until each value is regression-tested against the official table.","Observed values are the current fplida generated domain; source equivalence depends on the evidence status.","Keep generated frequencies/distributions labelled synthetic unless calibrated against official aggregate or source-data evidence."
"TVA","training_activity/2021","SUBJECT_ID","character","S0300901=1; S0300902=1; S0300903=1; S0300904=1; S0301101=1; S0301102=1; S0301103=1; S0301104=1; S0301105=1; S0301106=1; S0301107=1; S0301108=1","S0300901; S0300902; S0300903; S0300904; S0301101; S0301102; S0301103; S0301104; S0301105; S0301106; S0301107; S0301108; S0302601; S0302602; S0302603; S0302604; S0302605; S0302606; S0302607; S0302608; S0303201; S0303202; S0303203; S0303204; S0303205; S0303206; S0303207; S0303208; S0303301; S0303302","SUBJECT_ID","Identifies specific unit of competence.","direct_plida_dataset_variable","avetmiss_data_element_context_generated_distribution_local","https://www.abs.gov.au/statistics/data-integration/integrated-data/person-level-integrated-data-asset-plida/plida-data-and-legislation | https://www.ncver.edu.au/research-and-statistics/collections/students-and-courses-collection/total-vet-students-and-courses | https://www.ncver.edu.au/rto-hub/what-is-avetmiss | https://www.ncver.edu.au/__data/assets/pdf_file/0022/62383/AVETMISS-Data-element-definitions-2_3-Nov-2022.pdf | https://www.dewr.gov.au/australian-apprenticeships","NCVER states Total VET is compiled under AVETMISS and the AVETMISS definitions document provides element definitions, formats and code lists. The generated value frequencies remain synthetic.","Observed values are the current fplida generated domain; source equivalence depends on the evidence status.","Keep generated frequencies/distributions labelled synthetic unless calibrated against official aggregate or source-data evidence."
"TVA","training_activity/2021","SUBJECT_NOMINAL_HOURS","integer","10 / 27 / 40 / 53 / 111","","SUBJECT_NOMINAL_HOURS","Anticipated hours of supervised training deemed necessary to conduct the training and assessment activities associated with the subject.","direct_plida_dataset_variable","avetmiss_data_element_context_generated_distribution_local","https://www.abs.gov.au/statistics/data-integration/integrated-data/person-level-integrated-data-asset-plida/plida-data-and-legislation | https://www.ncver.edu.au/research-and-statistics/collections/students-and-courses-collection/total-vet-students-and-courses | https://www.ncver.edu.au/rto-hub/what-is-avetmiss | https://www.ncver.edu.au/__data/assets/pdf_file/0022/62383/AVETMISS-Data-element-definitions-2_3-Nov-2022.pdf | https://www.dewr.gov.au/australian-apprenticeships","NCVER states Total VET is compiled under AVETMISS and the AVETMISS definitions document provides element definitions, formats and code lists. The generated value frequencies remain synthetic.","Observed quantiles/ranges are synthetic generated-output evidence, not an official distribution.","Keep generated frequencies/distributions labelled synthetic unless calibrated against official aggregate or source-data evidence."
"TVA","training_activity/2021","SUBJECT_VET_FG","character","Y=4996","Y","SUBJECT_VET_FG","Indicates whether intention of subject is vocational education (code).","direct_plida_dataset_variable","official_avetmiss_element_generated_subset_distribution_local","https://www.abs.gov.au/statistics/data-integration/integrated-data/person-level-integrated-data-asset-plida/plida-data-and-legislation | https://www.ncver.edu.au/research-and-statistics/collections/students-and-courses-collection/total-vet-students-and-courses | https://www.ncver.edu.au/rto-hub/what-is-avetmiss | https://www.ncver.edu.au/__data/assets/pdf_file/0022/62383/AVETMISS-Data-element-definitions-2_3-Nov-2022.pdf | https://www.dewr.gov.au/australian-apprenticeships","The AVETMISS data element definitions include the matching concept/code-list family for this field. The current generated values should be treated as a generated subset until each value is regression-tested against the official table.","Observed values are the current fplida generated domain; source equivalence depends on the evidence status.","Keep generated frequencies/distributions labelled synthetic unless calibrated against official aggregate or source-data evidence."
"TVA","training_activity/2021","SYNTHETIC_AEUID","character","177DB0000014=8; 177DB000003D=8; 177DB000005F=8; 177DB000006E=8; 177DB0000075=8; 177DB000007D=8; 177DB0000082=8; 177DB00000AC=8; 177DB00000B3=8; 177DB00000B6=8; 177DB00000C4=8; 177DB00000C9=8","177DB0000014; 177DB000003D; 177DB000005F; 177DB000006E; 177DB0000075; 177DB000007D; 177DB0000082; 177DB00000AC; 177DB00000B3; 177DB00000B6; 177DB00000C4; 177DB00000C9; 177DB00000CC; 177DB00000CE; 177DB00000DE; 177DB00000E3; 177DB00000E6; 177DB00000EA; 177DB0000111; 177DB000011E; 177DB0000125; 177DB0000127; 177DB0000128; 177DB000012D; 177DB0000138; 177DB000013F; 177DB000014F; 177DB000015A; 177DB0000162; 177DB000017A","SYNTHETIC_AEUID","Synthetic id of individual person on dataset","direct_plida_dataset_variable","local_identifier_not_public_source_variable","https://www.abs.gov.au/statistics/data-integration/integrated-data/person-level-integrated-data-asset-plida/plida-data-and-legislation | https://www.ncver.edu.au/research-and-statistics/collections/students-and-courses-collection/total-vet-students-and-courses | https://www.ncver.edu.au/rto-hub/what-is-avetmiss | https://www.ncver.edu.au/__data/assets/pdf_file/0022/62383/AVETMISS-Data-element-definitions-2_3-Nov-2022.pdf | https://www.dewr.gov.au/australian-apprenticeships","This is a generated package linkage identifier, not an official public VET code distribution.","Generated identifier shape is observed local output; it is not an official public code distribution.","Keep this as a generated linkage identifier check; do not cite it as a public source variable."
"TVA","training_activity/2021","TRAIN_ORG_TYPE_ID","integer","21 / 21 / 95 / 95 / 97","21; 31; 61; 91; 95; 97","TRAIN_ORG_TYPE_ID","Training organisation type identifier","direct_plida_dataset_variable","official_avetmiss_element_generated_subset_distribution_local","https://www.abs.gov.au/statistics/data-integration/integrated-data/person-level-integrated-data-asset-plida/plida-data-and-legislation | https://www.ncver.edu.au/research-and-statistics/collections/students-and-courses-collection/total-vet-students-and-courses | https://www.ncver.edu.au/rto-hub/what-is-avetmiss | https://www.ncver.edu.au/__data/assets/pdf_file/0022/62383/AVETMISS-Data-element-definitions-2_3-Nov-2022.pdf | https://www.dewr.gov.au/australian-apprenticeships","The AVETMISS data element definitions include the matching concept/code-list family for this field. The current generated values should be treated as a generated subset until each value is regression-tested against the official table.","Observed values are the current fplida generated domain; source equivalence depends on the evidence status.","Keep generated frequencies/distributions labelled synthetic unless calibrated against official aggregate or source-data evidence."
"TVA","training_activity/2021","TVA_ROW_ID","character","TVA0000000001=1; TVA0000000002=1; TVA0000000003=1; TVA0000000004=1; TVA0000000005=1; TVA0000000006=1; TVA0000000007=1; TVA0000000008=1; TVA0000000009=1; TVA0000000010=1; TVA0000000011=1; TVA0000000012=1","TVA0000000001; TVA0000000002; TVA0000000003; TVA0000000004; TVA0000000005; TVA0000000006; TVA0000000007; TVA0000000008; TVA0000000009; TVA0000000010; TVA0000000011; TVA0000000012; TVA0000000013; TVA0000000014; TVA0000000015; TVA0000000016; TVA0000000017; TVA0000000018; TVA0000000019; TVA0000000020; TVA0000000021; TVA0000000022; TVA0000000023; TVA0000000024; TVA0000000025; TVA0000000026; TVA0000000027; TVA0000000028; TVA0000000029; TVA0000000030","TVA_ROW_ID","Row number of the TVA data - can be used to identify the same TVA record across different extracts.","direct_plida_dataset_variable","local_identifier_not_public_source_variable","https://www.abs.gov.au/statistics/data-integration/integrated-data/person-level-integrated-data-asset-plida/plida-data-and-legislation | https://www.ncver.edu.au/research-and-statistics/collections/students-and-courses-collection/total-vet-students-and-courses | https://www.ncver.edu.au/rto-hub/what-is-avetmiss | https://www.ncver.edu.au/__data/assets/pdf_file/0022/62383/AVETMISS-Data-element-definitions-2_3-Nov-2022.pdf | https://www.dewr.gov.au/australian-apprenticeships","This is a generated package linkage identifier, not an official public VET code distribution.","Generated identifier shape is observed local output; it is not an official public code distribution.","Keep this as a generated linkage identifier check; do not cite it as a public source variable."
"TVA","training_activity/2021","VET_IN_SCHOOLS_FG","character","N=4956; Y=40","N; Y","VET_IN_SCHOOLS_FG","Flags whether unit of competency/module training activity is part of a vet in schools program (code).","direct_plida_dataset_variable","official_avetmiss_element_generated_subset_distribution_local","https://www.abs.gov.au/statistics/data-integration/integrated-data/person-level-integrated-data-asset-plida/plida-data-and-legislation | https://www.ncver.edu.au/research-and-statistics/collections/students-and-courses-collection/total-vet-students-and-courses | https://www.ncver.edu.au/rto-hub/what-is-avetmiss | https://www.ncver.edu.au/__data/assets/pdf_file/0022/62383/AVETMISS-Data-element-definitions-2_3-Nov-2022.pdf | https://www.dewr.gov.au/australian-apprenticeships","The AVETMISS data element definitions include the matching concept/code-list family for this field. The current generated values should be treated as a generated subset until each value is regression-tested against the official table.","Observed values are the current fplida generated domain; source equivalence depends on the evidence status.","Keep generated frequencies/distributions labelled synthetic unless calibrated against official aggregate or source-data evidence."
"TVA","training_activity/2021","YEAR_OF_BIRTH","integer","1922 / 1969 / 1984 / 1996 / 2006","","YEAR_OF_BIRTH","Year of birth","direct_plida_dataset_variable","avetmiss_data_element_context_generated_distribution_local","https://www.abs.gov.au/statistics/data-integration/integrated-data/person-level-integrated-data-asset-plida/plida-data-and-legislation | https://www.ncver.edu.au/research-and-statistics/collections/students-and-courses-collection/total-vet-students-and-courses | https://www.ncver.edu.au/rto-hub/what-is-avetmiss | https://www.ncver.edu.au/__data/assets/pdf_file/0022/62383/AVETMISS-Data-element-definitions-2_3-Nov-2022.pdf | https://www.dewr.gov.au/australian-apprenticeships","NCVER states Total VET is compiled under AVETMISS and the AVETMISS definitions document provides element definitions, formats and code lists. The generated value frequencies remain synthetic.","Observed quantiles/ranges are synthetic generated-output evidence, not an official distribution.","Keep generated frequencies/distributions labelled synthetic unless calibrated against official aggregate or source-data evidence."
