"guide","dataset","table","variable","type","n_rows","missing","missing_pct","distinct","domain_or_distribution","values_if_small_domain","metadata_match","plida_variable_descriptions","plida_products","blade_item","blade_valid_response","blade_available_periods"
"dhda-health","AIR","dhda-air","spine_id","character",500,50,10,450,"SP0000000001=1; SP0000000002=1; SP0000000003=1; SP0000000005=1; SP0000000006=1; SP0000000009=1; SP0000000010=1; SP0000000011=1","","no PLIDA metadata match by dataset+variable","","","","",""
"dhda-health","AIR","dhda-air","SYNTHETIC_AEUID","character",500,0,0,500,"B84680000001=1; B84680000002=1; B84680000003=1; B84680000004=1; B84680000005=1; B84680000006=1; B84680000007=1; B84680000008=1","","matched PLIDA variable metadata","Synthetic MADIP Person ID","madip-vacstrat-air","","",""
"dhda-health","AIR","madip-vacstrat-air","ABORIND","character",3535,0,0,2,"N=3401; Y=134","N; Y","matched PLIDA variable metadata","Individual Aboriginality indicator","madip-vacstrat-air","","",""
"dhda-health","AIR","madip-vacstrat-air","ANTGNCDE","character",3535,0,0,16,"FLU=1523; COVID=970; DTPA=93; HEP_B=93; HIB=93; IPV=93; MMR=93; PCV13=93","COVID; DTPA; DTPA_BOOST; FLU; FLU_CHILD; HEP_B; HIB; HPV; IPV; MENACWY; MMR; PCV13; PNEU; ROTA; VAR; ZOSTER","matched PLIDA variable metadata","The antigen code","madip-vacstrat-air","","",""
"dhda-health","AIR","madip-vacstrat-air","ANTIGEN_CODE","character",3535,0,0,16,"FLU=1523; COVID=970; DTPA=93; HEP_B=93; HIB=93; IPV=93; MMR=93; PCV13=93","COVID; DTPA; DTPA_BOOST; FLU; FLU_CHILD; HEP_B; HIB; HPV; IPV; MENACWY; MMR; PCV13; PNEU; ROTA; VAR; ZOSTER","no PLIDA metadata match by dataset+variable","","","","",""
"dhda-health","AIR","madip-vacstrat-air","BATCHNUM","character",3535,0,0,907,"AIRBAB5E27E22545=64; AIRB7266AA8D5287=61; AIRB9B66AF9E6C75=61; AIRB7C668CDB9A0F=59; AIRBD45E2D2C8928=56; AIRB825E240EF1B9=55; AIRB595E1ECD6532=54; AIRBA5669209178C=53","","matched PLIDA variable metadata","Batch number (hashed)","madip-vacstrat-air","","",""
"dhda-health","AIR","madip-vacstrat-air","CIMMPROV","character",3535,0,0,278,"AIRP10039=47; AIRP20018=47; AIRP20043=45; AIRP10024=43; AIRP20001=41; AIRP30005=40; AIRP10058=39; AIRP10010=38","","matched PLIDA variable metadata","Checked immunising provider number","madip-vacstrat-air","","",""
"dhda-health","AIR","madip-vacstrat-air","CLAIMID","character",3535,0,0,3535,"AIRCLM000BCF538F4DC30D=1; AIRCLM0023C4DFCDB4C405=1; AIRCLM002FE477C1806980=1; AIRCLM0030A87621CB3866=1; AIRCLM004C76C518548342=1; AIRCLM004F2066C51A217B=1; AIRCLM005042CE19720E6C=1; AIRCLM005461DCCB9C5313=1","","matched PLIDA variable metadata","Encounter claim identification","madip-vacstrat-air","","",""
"dhda-health","AIR","madip-vacstrat-air","CLAIMSEQ","character",3535,0,0,1,"1=3535","1","matched PLIDA variable metadata","Encounter claim sequence number","madip-vacstrat-air","","",""
"dhda-health","AIR","madip-vacstrat-air","CPROVNUM","character",3535,0,0,278,"AIRP10039=47; AIRP20018=47; AIRP20043=45; AIRP10024=43; AIRP20001=41; AIRP30005=40; AIRP10058=39; AIRP10010=38","","matched PLIDA variable metadata","Checked information provider number | Checked provider number","madip-vacstrat-air","","",""
"dhda-health","AIR","madip-vacstrat-air","DOB_MONTH","integer",3535,0,0,12,"1 / 3 / 7 / 9 / 12","1; 10; 11; 12; 2; 3; 4; 5; 6; 7; 8; 9","matched PLIDA variable metadata","Month of birth","madip-vacstrat-air","","",""
"dhda-health","AIR","madip-vacstrat-air","DOB_YEAR","integer",3535,0,0,88,"1922 / 1970 / 1989 / 2009 / 2021","","matched PLIDA variable metadata","Year of birth","madip-vacstrat-air","","",""
"dhda-health","AIR","madip-vacstrat-air","ENCDATE","Date",3535,0,0,1979,"2007-08-15 to 2025-11-28","","matched PLIDA variable metadata","Immunisation encounter date","madip-vacstrat-air","","",""
"dhda-health","AIR","madip-vacstrat-air","ENCOUNTER_DATE","Date",3535,0,0,1979,"2007-08-15 to 2025-11-28","","no PLIDA metadata match by dataset+variable","","","","",""
"dhda-health","AIR","madip-vacstrat-air","ENCSEQ","character",3535,0,0,24,"1=455; 2=452; 3=378; 4=313; 5=251; 6=247; 7=245; 8=244","1; 10; 11; 12; 13; 14; 15; 16; 17; 18; 19; 2; 20; 21; 22; 23; 24; 3; 4; 5; 6; 7; 8; 9","matched PLIDA variable metadata","Immunisation encounter sequence number","madip-vacstrat-air","","",""
"dhda-health","AIR","madip-vacstrat-air","EPISODE_STATUS","character",3535,0,0,1,"Valid=3535","Valid","no PLIDA metadata match by dataset+variable","","","","",""
"dhda-health","AIR","madip-vacstrat-air","EPSPROC","Date",3535,0,0,2041,"2007-08-16 to 2025-11-28","","matched PLIDA variable metadata","Last processing date for episode","madip-vacstrat-air","","",""
"dhda-health","AIR","madip-vacstrat-air","EPSSTAT","character",3535,0,0,1,"Valid=3535","Valid","matched PLIDA variable metadata","Episode status code","madip-vacstrat-air","","",""
"dhda-health","AIR","madip-vacstrat-air","IMMPLOCN","character",3535,0,0,278,"AIRL10039=47; AIRL20018=47; AIRL20043=45; AIRL10024=43; AIRL20001=41; AIRL30005=40; AIRL10058=39; AIRL10010=38","","matched PLIDA variable metadata","Immunising provider location","madip-vacstrat-air","","",""
"dhda-health","AIR","madip-vacstrat-air","IMMPROVN","character",3535,0,0,278,"AIRP10039=47; AIRP20018=47; AIRP20043=45; AIRP10024=43; AIRP20001=41; AIRP30005=40; AIRP10058=39; AIRP10010=38","","matched PLIDA variable metadata","Immunising provider number","madip-vacstrat-air","","",""
"dhda-health","AIR","madip-vacstrat-air","PRACLOCN","character",3535,0,0,278,"AIRL10039=47; AIRL20018=47; AIRL20043=45; AIRL10024=43; AIRL20001=41; AIRL30005=40; AIRL10058=39; AIRL10010=38","","matched PLIDA variable metadata","Information provider practice location | Provider practice location","madip-vacstrat-air","","",""
"dhda-health","AIR","madip-vacstrat-air","PROVNUM","character",3535,0,0,278,"AIRP10039=47; AIRP20018=47; AIRP20043=45; AIRP10024=43; AIRP20001=41; AIRP30005=40; AIRP10058=39; AIRP10010=38","","matched PLIDA variable metadata","Information provider number | Provider number","madip-vacstrat-air","","",""
"dhda-health","AIR","madip-vacstrat-air","RCPTDATE","Date",3535,0,0,2036,"2007-08-15 to 2025-11-28","","matched PLIDA variable metadata","Date the encounter was received","madip-vacstrat-air","","",""
"dhda-health","AIR","madip-vacstrat-air","REGSTECD","character",3535,0,0,8,"1=1054; 2=984; 3=673; 5=362; 4=338; 6=61; 8=56; 7=7","1; 2; 3; 4; 5; 6; 7; 8","matched PLIDA variable metadata","Provider practice registered State code","madip-vacstrat-air","","",""
"dhda-health","AIR","madip-vacstrat-air","RPLCD_ID","character",3535,0,0,278,"AIRP10039=47; AIRP20018=47; AIRP20043=45; AIRP10024=43; AIRP20001=41; AIRP30005=40; AIRP10058=39; AIRP10010=38","","matched PLIDA variable metadata","Checked provider ID (this is the same ID as CPRNOVNUM on the provider file)","madip-vacstrat-air","","",""
"dhda-health","AIR","madip-vacstrat-air","SCHEDCDE","character",3535,0,0,1,"NIP=3535","NIP","matched PLIDA variable metadata","Schedule the Individual is being assessed against","madip-vacstrat-air","","",""
"dhda-health","AIR","madip-vacstrat-air","SCHEDULE_CLASSIFICATION","character",3535,0,0,1,"NIP=3535","NIP","no PLIDA metadata match by dataset+variable","","","","",""
"dhda-health","AIR","madip-vacstrat-air","SEXCDE","character",3535,0,0,2,"F=1770; M=1765","F; M","matched PLIDA variable metadata","Individual gender","madip-vacstrat-air","","",""
"dhda-health","AIR","madip-vacstrat-air","SPINE_V4_ID","character",3535,0,0,455,"SP0000000461=24; SP0000000177=16; SP0000000436=16; SP0000000092=15; SP0000000227=15; SP0000000248=15; SP0000000480=15; SP0000000002=14","","matched PLIDA variable metadata","ID of person on the MADIP Spine Version 4 (equivalent to ‘SPINE_ID’ on earlier AIR extracts)","madip-vacstrat-air","","",""
"dhda-health","AIR","madip-vacstrat-air","SPINE_V5_ID","character",3535,0,0,455,"SP0000000461=24; SP0000000177=16; SP0000000436=16; SP0000000092=15; SP0000000227=15; SP0000000248=15; SP0000000480=15; SP0000000002=14","","matched PLIDA variable metadata","ID of person on the MADIP Spine Version 5","madip-vacstrat-air","","",""
"dhda-health","AIR","madip-vacstrat-air","SPINE_V6_ID","character",3535,0,0,455,"SP0000000461=24; SP0000000177=16; SP0000000436=16; SP0000000092=15; SP0000000227=15; SP0000000248=15; SP0000000480=15; SP0000000002=14","","matched PLIDA variable metadata","ID of person on the MADIP Spine Version 6","madip-vacstrat-air","","",""
"dhda-health","AIR","madip-vacstrat-air","SPINE_V7_ID","character",3535,0,0,455,"SP0000000461=24; SP0000000177=16; SP0000000436=16; SP0000000092=15; SP0000000227=15; SP0000000248=15; SP0000000480=15; SP0000000002=14","","matched PLIDA variable metadata","ID of person on the MADIP Spine Version 7","madip-vacstrat-air","","",""
"dhda-health","AIR","madip-vacstrat-air","SPINE_V8_ID","character",3535,0,0,455,"SP0000000461=24; SP0000000177=16; SP0000000436=16; SP0000000092=15; SP0000000227=15; SP0000000248=15; SP0000000480=15; SP0000000002=14","","matched PLIDA variable metadata","ID of person on the MADIP Spine Version 8","madip-vacstrat-air","","",""
"dhda-health","AIR","madip-vacstrat-air","SPINE_V9_ID","character",3535,0,0,455,"SP0000000461=24; SP0000000177=16; SP0000000436=16; SP0000000092=15; SP0000000227=15; SP0000000248=15; SP0000000480=15; SP0000000002=14","","matched PLIDA variable metadata","ID of person on the MADIP Spine Version 9","madip-vacstrat-air","","",""
"dhda-health","AIR","madip-vacstrat-air","STATE_ASGS_2021","integer",3535,0,0,8,"1 / 1 / 2 / 3 / 8","1; 2; 3; 4; 5; 6; 7; 8","matched PLIDA variable metadata","State (number)","madip-vacstrat-air","","",""
"dhda-health","AIR","madip-vacstrat-air","SYNTHETIC_AEUID","character",3535,0,0,455,"B846800001CD=24; B846800000B1=16; B846800001B4=16; B8468000005C=15; B846800000E3=15; B846800000F8=15; B846800001E0=15; B84680000002=14","","matched PLIDA variable metadata","Synthetic MADIP Person ID","madip-vacstrat-air","","",""
"dhda-health","AIR","madip-vacstrat-air","VACCINE_SEQUENCE","integer",3535,0,0,24,"1 / 2 / 5 / 9 / 24","1; 10; 11; 12; 13; 14; 15; 16; 17; 18; 19; 2; 20; 21; 22; 23; 24; 3; 4; 5; 6; 7; 8; 9","no PLIDA metadata match by dataset+variable","","","","",""
"dhda-health","AIR","madip-vacstrat-air","VACCSEQ","character",3535,0,0,24,"1=455; 2=452; 3=378; 4=313; 5=251; 6=247; 7=245; 8=244","1; 10; 11; 12; 13; 14; 15; 16; 17; 18; 19; 2; 20; 21; 22; 23; 24; 3; 4; 5; 6; 7; 8; 9","matched PLIDA variable metadata","Vaccine sequence number (dose)","madip-vacstrat-air","","",""
"dhda-health","MBS","dhda-mbs","spine_id","character",500,50,10,450,"SP0000000001=1; SP0000000002=1; SP0000000003=1; SP0000000005=1; SP0000000006=1; SP0000000009=1; SP0000000010=1; SP0000000011=1","","no PLIDA metadata match by dataset+variable","","","","",""
"dhda-health","MBS","dhda-mbs","SYNTHETIC_AEUID","character",500,0,0,500,"B84680000001=1; B84680000002=1; B84680000003=1; B84680000004=1; B84680000005=1; B84680000006=1; B84680000007=1; B84680000008=1","","matched PLIDA variable metadata","The patient a Medicare claim line belongs to, carried as a meaningless code so that one person's services can be followed across the date-o…","madipge-mbs-d-claims-2006 | madipge-mbs-d-claims-2007 | madipge-mbs-d-claims-2008 | ... (20 products)","","",""
"dhda-health","MBS","madipge-mbs-d-claims-2015","AGGRITEM","character",6032,0,0,2375,"75820=13; 349=11; 75039=11; 90265=11; 44=10; 75009=10; 75010=10; 75034=10","","matched PLIDA variable metadata","The MBS item number as it stood in the aggregate item number field on the claim, before mapping to the latest item. AIHW METEOR's guide for…","madipge-mbs-d-claims-2006 | madipge-mbs-d-claims-2007 | madipge-mbs-d-claims-2008 | ... (20 products)","","",""
"dhda-health","MBS","madipge-mbs-d-claims-2015","BENPAID","numeric",6032,0,0,1467,"1.01 / 36.49 / 83.12 / 190.27 / 5687.99","","matched PLIDA variable metadata","The Medicare benefit paid on this claim line, in Australian dollars. AIHW METEOR defines it as ""The total amount of Medicare Benefit paid f…","madipge-mbs-d-claims-2006 | madipge-mbs-d-claims-2007 | madipge-mbs-d-claims-2008 | ... (20 products)","","",""
"dhda-health","MBS","madipge-mbs-d-claims-2015","BILLTYPECD","character",6032,0,0,2,"D=4937; P=1095","D; P","matched PLIDA variable metadata","Whether the service was bulk billed or billed to the patient. AIHW METEOR defines the element as ""The type of Medicare billing issued for t…","madipge-mbs-d-claims-2006 | madipge-mbs-d-claims-2007 | madipge-mbs-d-claims-2008 | ... (20 products)","","",""
"dhda-health","MBS","madipge-mbs-d-claims-2015","BTOS","character",6032,0,0,7,"1100=2668; 0502=1853; 0600=466; 0700=458; 1000=300; 0101=163; 1200=124","0101; 0502; 0600; 0700; 1000; 1100; 1200","matched PLIDA variable metadata","The broad service category the item falls into, used for Medicare reporting. AIHW METEOR describes the domain as ""A code set representing c…","madipge-mbs-d-claims-2006 | madipge-mbs-d-claims-2007 | madipge-mbs-d-claims-2008 | ... (20 products)","","",""
"dhda-health","MBS","madipge-mbs-d-claims-2015","DOP","character",6032,0,0,378,"09Dec15=29; 18Jan15=27; 21May15=27; 04Mar15=26; 11Sep15=26; 13Jun15=26; 03Apr15=25; 11Aug15=25","","matched PLIDA variable metadata","The day Medicare finished processing the claim for the service on this row, which is not the day the service happened. AIHW METEOR defines …","madipge-mbs-d-claims-2006 | madipge-mbs-d-claims-2007 | madipge-mbs-d-claims-2008 | ... (20 products)","","",""
"dhda-health","MBS","madipge-mbs-d-claims-2015","DOS","character",6032,0,0,365,"02Mar15=28; 12Oct15=28; 17May15=28; 26Jan15=28; 09Dec15=27; 10Sep15=27; 27Jul15=26; 26Aug15=25","","matched PLIDA variable metadata","The day the practitioner actually performed the Medicare service billed on this row, and the date to use for almost any analysis of care. A…","madipge-mbs-d-claims-2006 | madipge-mbs-d-claims-2007 | madipge-mbs-d-claims-2008 | ... (20 products)","","",""
"dhda-health","MBS","madipge-mbs-d-claims-2015","ENRPC","character",6032,0,0,3291,"2603=11; 2608=10; 2611=10; 2606=9; 2616=9; 2371=8; 2601=8; 2610=8","","matched PLIDA variable metadata","The postcode Medicare held for the patient on the enrolment file at the moment this claim was processed. AIHW METEOR defines the underlying…","madipge-mbs-d-claims-2006 | madipge-mbs-d-claims-2007 | madipge-mbs-d-claims-2008 | ... (20 products)","","",""
"dhda-health","MBS","madipge-mbs-d-claims-2015","FEECHARGED","numeric",6032,0,0,2157,"1.35 / 43.33 / 98.98 / 249.61 / 5774.48","","matched PLIDA variable metadata","The amount the practitioner actually billed for the service on this row, in Australian dollars. AIHW METEOR defines it as ""The total amount…","madipge-mbs-d-claims-2006 | madipge-mbs-d-claims-2007 | madipge-mbs-d-claims-2008 | ... (20 products)","","",""
"dhda-health","MBS","madipge-mbs-d-claims-2015","INHOSPITAL","character",6032,0,0,2,"N=5598; Y=434","N; Y","matched PLIDA variable metadata","Whether the service on this row was delivered to an admitted patient in a hospital. AIHW METEOR defines the element as ""An indicator of whe…","madipge-mbs-d-claims-2006 | madipge-mbs-d-claims-2007 | madipge-mbs-d-claims-2008 | ... (20 products)","","",""
"dhda-health","MBS","madipge-mbs-d-claims-2015","ITEM","character",6032,0,0,2375,"75820=13; 349=11; 75039=11; 90265=11; 44=10; 75009=10; 75010=10; 75034=10","","matched PLIDA variable metadata","The Medicare Benefits Schedule item number this service is reported under, which is the current item mapped from the aggregate item claimed…","madipge-mbs-d-claims-2006 | madipge-mbs-d-claims-2007 | madipge-mbs-d-claims-2008 | ... (20 products)","","",""
"dhda-health","MBS","madipge-mbs-d-claims-2015","MBSCAT","integer",6032,0,0,8,"1 / 1 / 4 / 6 / 8","1; 2; 3; 4; 5; 6; 7; 8","matched PLIDA variable metadata","Which of the ten broad categories of the Medicare Benefits Schedule the item on this row sits in. AIHW METEOR defines the value domain as ""…","madipge-mbs-d-claims-2006 | madipge-mbs-d-claims-2007 | madipge-mbs-d-claims-2008 | ... (20 products)","","",""
"dhda-health","MBS","madipge-mbs-d-claims-2015","MBSGROUP","character",6032,0,0,87,"A40=790; P2=435; P7=435; T8=358; C1=300; P4=249; A7=231; P3=208","","matched PLIDA variable metadata","The group within the MBS category that this item belongs to, such as A1 for unreferred general practitioner attendances. AIHW METEOR define…","madipge-mbs-d-claims-2006 | madipge-mbs-d-claims-2007 | madipge-mbs-d-claims-2008 | ... (20 products)","","",""
"dhda-health","MBS","madipge-mbs-d-claims-2015","MBSSUBGROUP","character",6032,0,0,18,"=5687; 1=129; 2=55; 4=46; 5=27; 3=22; 11=9; 7=9","; 1; 10; 11; 12; 13; 14; 16; 17; 19; 2; 3; 4; 5; 6; 7; 8; 9","matched PLIDA variable metadata","The subgroup the item sits in within its MBS group, the finest level of the schedule's own hierarchy. AIHW METEOR defines it as ""The subgro…","madipge-mbs-d-claims-2006 | madipge-mbs-d-claims-2007 | madipge-mbs-d-claims-2008 | ... (20 products)","","",""
"dhda-health","MBS","madipge-mbs-d-claims-2015","NUMSERV","integer",6032,0,0,4,"1 / 1 / 1 / 1 / 4","1; 2; 3; 4","matched PLIDA variable metadata","The number of services provided on this row, with bulk-billing incentive and modifier items excluded by being counted as zero. AIHW METEOR …","madipge-mbs-d-claims-2006 | madipge-mbs-d-claims-2007 | madipge-mbs-d-claims-2008 | ... (20 products)","","",""
"dhda-health","MBS","madipge-mbs-d-claims-2015","RPDATE","character",6032,4158,68.9324,418,"12Jul15=12; 07Sep15=11; 31Jan15=11; 01Aug15=10; 05Oct15=10; 12May15=10; 17Sep15=10; 22Oct15=10","","matched PLIDA variable metadata","The date written on the referral that made this service claimable at the referred rate. MBS explanatory note GN.6.16 requires an account fo…","madipge-mbs-d-claims-2006 | madipge-mbs-d-claims-2007 | madipge-mbs-d-claims-2008 | ... (20 products)","","",""
"dhda-health","MBS","madipge-mbs-d-claims-2015","RPRPC","character",6032,4158,68.9324,1492,"2603=7; 2617=6; 2163=5; 2609=5; 2618=5; 2101=4; 2911=4; 3048=4","","matched PLIDA variable metadata","The postcode of the practice of the practitioner who wrote the referral behind this service. AIHW METEOR defines the underlying element as …","madipge-mbs-d-claims-2006 | madipge-mbs-d-claims-2007 | madipge-mbs-d-claims-2008 | ... (20 products)","","",""
"dhda-health","MBS","madipge-mbs-d-claims-2015","RPRPRAC","character",6032,4158,68.9324,100,"P431463=30; P441525=30; P952642=30; P221107=29; P562890=28; P552271=27; P169349=26; P326069=26","","matched PLIDA variable metadata","The one-character practice location suffix from the referring practitioner's Medicare provider number. AIHW METEOR defines it as ""A unique …","madipge-mbs-d-claims-2006 | madipge-mbs-d-claims-2007 | madipge-mbs-d-claims-2008 | ... (20 products)","","",""
"dhda-health","MBS","madipge-mbs-d-claims-2015","SCHEDFEE","numeric",6032,0,0,1208,"1.35 / 42.74 / 91.94 / 224.90 / 5774.48","","matched PLIDA variable metadata","The fee the Medicare Benefits Schedule lists for this item, which is the administered price the benefit is calculated from. AIHW METEOR def…","madipge-mbs-d-claims-2006 | madipge-mbs-d-claims-2007 | madipge-mbs-d-claims-2008 | ... (20 products)","","",""
"dhda-health","MBS","madipge-mbs-d-claims-2015","SCRAM_RPR","character",6032,4158,68.9324,200,"RPR468E6DD8=16; RPR639AC874=16; RPR63A7F985=16; RPR65FCB2A5=16; RPR701E8C75=16; RPR1712F150=15; RPR1AEA0EB9=15; RPR30CECD8F=15","","matched PLIDA variable metadata","A scrambled stand-in for the referring practitioner's Medicare provider number, used to group services by who referred them. The field it i…","madipge-mbs-d-claims-2006 | madipge-mbs-d-claims-2007 | madipge-mbs-d-claims-2008 | ... (20 products)","","",""
"dhda-health","MBS","madipge-mbs-d-claims-2015","SCRAM_SPR","character",6032,0,0,200,"SPR50A5F87B=45; SPR2ADE0E26=44; SPR2EBF46A5=43; SPR52739BB2=42; SPR3C8C9E1F=41; SPR5D2DD06F=41; SPR264D63AF=40; SPR0BF7F8AE=39","","matched PLIDA variable metadata","A scrambled stand-in for the provider number of the practitioner who performed and billed the service, and the key for grouping a provider'…","madipge-mbs-d-claims-2006 | madipge-mbs-d-claims-2007 | madipge-mbs-d-claims-2008 | ... (20 products)","","",""
"dhda-health","MBS","madipge-mbs-d-claims-2015","SPR_RSP","character",6032,0,0,25,"GP=2142; PAT=1853; RAD=416; ORT=163; OPH=153; CAR=137; PSY=119; URO=116","AUD; CAR; DER; DIE; ENT; GAS; GEN; GP; GYN; NEU; NUC; OCC; ONC; OPH; ORT; PAT; PHY; PLS; POD; PSK; PSY; RAD; RHE; SOC; URO","matched PLIDA variable metadata","The registered specialty recorded for the practitioner who provided the service, as used in assessing the claim. AIHW METEOR defines the va…","madipge-mbs-d-claims-2006 | madipge-mbs-d-claims-2007 | madipge-mbs-d-claims-2008 | ... (20 products)","","",""
"dhda-health","MBS","madipge-mbs-d-claims-2015","SPRPC","character",6032,0,0,3298,"2600=11; 2605=11; 2612=11; 2613=11; 2608=9; 2611=8; 2368=7; 2415=7","","matched PLIDA variable metadata","The postcode of the practice location of the practitioner who performed the service. AIHW METEOR defines the underlying element as ""The Aus…","madipge-mbs-d-claims-2006 | madipge-mbs-d-claims-2007 | madipge-mbs-d-claims-2008 | ... (20 products)","","",""
"dhda-health","MBS","madipge-mbs-d-claims-2015","SPRPRAC","character",6032,0,0,100,"P528665=81; P582662=78; P084991=75; P374599=75; P431463=75; P146485=74; P879442=73; P850015=72","","matched PLIDA variable metadata","The one-character location suffix of the servicing practitioner's provider number, marking which of their approved sites billed the service…","madipge-mbs-d-claims-2006 | madipge-mbs-d-claims-2007 | madipge-mbs-d-claims-2008 | ... (20 products)","","",""
"dhda-health","MBS","madipge-mbs-d-claims-2015","SYNTHETIC_AEUID","character",6032,0,0,437,"B84680000110=54; B84680000063=41; B84680000072=41; B84680000093=40; B84680000194=38; B84680000082=37; B84680000013=36; B84680000158=35","","matched PLIDA variable metadata","The patient a Medicare claim line belongs to, carried as a meaningless code so that one person's services can be followed across the date-o…","madipge-mbs-d-claims-2006 | madipge-mbs-d-claims-2007 | madipge-mbs-d-claims-2008 | ... (20 products)","","",""
"dhda-health","MBS","madipge-mbs-d-claims-2016","AGGRITEM","character",6170,0,0,2367,"75007=13; 75048=12; 699=11; 75002=11; 75011=11; 75049=11; 90256=11; 91827=11","","matched PLIDA variable metadata","The MBS item number as it stood in the aggregate item number field on the claim, before mapping to the latest item. AIHW METEOR's guide for…","madipge-mbs-d-claims-2006 | madipge-mbs-d-claims-2007 | madipge-mbs-d-claims-2008 | ... (20 products)","","",""
"dhda-health","MBS","madipge-mbs-d-claims-2016","BENPAID","numeric",6170,0,0,1431,"1.010 / 36.620 / 80.080 / 187.858 / 6671.040","","matched PLIDA variable metadata","The Medicare benefit paid on this claim line, in Australian dollars. AIHW METEOR defines it as ""The total amount of Medicare Benefit paid f…","madipge-mbs-d-claims-2006 | madipge-mbs-d-claims-2007 | madipge-mbs-d-claims-2008 | ... (20 products)","","",""
"dhda-health","MBS","madipge-mbs-d-claims-2016","BILLTYPECD","character",6170,0,0,2,"D=5026; P=1144","D; P","matched PLIDA variable metadata","Whether the service was bulk billed or billed to the patient. AIHW METEOR defines the element as ""The type of Medicare billing issued for t…","madipge-mbs-d-claims-2006 | madipge-mbs-d-claims-2007 | madipge-mbs-d-claims-2008 | ... (20 products)","","",""
"dhda-health","MBS","madipge-mbs-d-claims-2016","BTOS","character",6170,0,0,7,"1100=2734; 0502=1877; 0600=490; 0700=471; 1000=307; 0101=173; 1200=118","0101; 0502; 0600; 0700; 1000; 1100; 1200","matched PLIDA variable metadata","The broad service category the item falls into, used for Medicare reporting. AIHW METEOR describes the domain as ""A code set representing c…","madipge-mbs-d-claims-2006 | madipge-mbs-d-claims-2007 | madipge-mbs-d-claims-2008 | ... (20 products)","","",""
"dhda-health","MBS","madipge-mbs-d-claims-2016","DOP","character",6170,0,0,379,"10Aug16=30; 05Feb16=28; 03Jun16=27; 26Mar16=27; 27Mar16=27; 04Apr16=26; 05Aug16=26; 07Feb16=26","","matched PLIDA variable metadata","The day Medicare finished processing the claim for the service on this row, which is not the day the service happened. AIHW METEOR defines …","madipge-mbs-d-claims-2006 | madipge-mbs-d-claims-2007 | madipge-mbs-d-claims-2008 | ... (20 products)","","",""
"dhda-health","MBS","madipge-mbs-d-claims-2016","DOS","character",6170,0,0,366,"05Aug16=29; 08Mar16=28; 27May16=28; 05Mar16=27; 07Jan16=27; 07Feb16=26; 19Nov16=26; 22Apr16=26","","matched PLIDA variable metadata","The day the practitioner actually performed the Medicare service billed on this row, and the date to use for almost any analysis of care. A…","madipge-mbs-d-claims-2006 | madipge-mbs-d-claims-2007 | madipge-mbs-d-claims-2008 | ... (20 products)","","",""
"dhda-health","MBS","madipge-mbs-d-claims-2016","ENRPC","character",6170,0,0,3295,"2607=15; 2608=13; 2609=11; 2600=9; 2602=9; 2615=9; 2603=8; 2249=7","","matched PLIDA variable metadata","The postcode Medicare held for the patient on the enrolment file at the moment this claim was processed. AIHW METEOR defines the underlying…","madipge-mbs-d-claims-2006 | madipge-mbs-d-claims-2007 | madipge-mbs-d-claims-2008 | ... (20 products)","","",""
"dhda-health","MBS","madipge-mbs-d-claims-2016","FEECHARGED","numeric",6170,0,0,2169,"1.350 / 43.330 / 99.380 / 240.732 / 7732.070","","matched PLIDA variable metadata","The amount the practitioner actually billed for the service on this row, in Australian dollars. AIHW METEOR defines it as ""The total amount…","madipge-mbs-d-claims-2006 | madipge-mbs-d-claims-2007 | madipge-mbs-d-claims-2008 | ... (20 products)","","",""
"dhda-health","MBS","madipge-mbs-d-claims-2016","INHOSPITAL","character",6170,0,0,2,"N=5680; Y=490","N; Y","matched PLIDA variable metadata","Whether the service on this row was delivered to an admitted patient in a hospital. AIHW METEOR defines the element as ""An indicator of whe…","madipge-mbs-d-claims-2006 | madipge-mbs-d-claims-2007 | madipge-mbs-d-claims-2008 | ... (20 products)","","",""
"dhda-health","MBS","madipge-mbs-d-claims-2016","ITEM","character",6170,0,0,2367,"75007=13; 75048=12; 699=11; 75002=11; 75011=11; 75049=11; 90256=11; 91827=11","","matched PLIDA variable metadata","The Medicare Benefits Schedule item number this service is reported under, which is the current item mapped from the aggregate item claimed…","madipge-mbs-d-claims-2006 | madipge-mbs-d-claims-2007 | madipge-mbs-d-claims-2008 | ... (20 products)","","",""
"dhda-health","MBS","madipge-mbs-d-claims-2016","MBSCAT","integer",6170,0,0,8,"1 / 1 / 4 / 6 / 8","1; 2; 3; 4; 5; 6; 7; 8","matched PLIDA variable metadata","Which of the ten broad categories of the Medicare Benefits Schedule the item on this row sits in. AIHW METEOR defines the value domain as ""…","madipge-mbs-d-claims-2006 | madipge-mbs-d-claims-2007 | madipge-mbs-d-claims-2008 | ... (20 products)","","",""
"dhda-health","MBS","madipge-mbs-d-claims-2016","MBSGROUP","character",6170,0,0,88,"A40=789; P7=471; P2=439; T8=360; C1=307; A7=233; P4=213; P3=197","","matched PLIDA variable metadata","The group within the MBS category that this item belongs to, such as A1 for unreferred general practitioner attendances. AIHW METEOR define…","madipge-mbs-d-claims-2006 | madipge-mbs-d-claims-2007 | madipge-mbs-d-claims-2008 | ... (20 products)","","",""
"dhda-health","MBS","madipge-mbs-d-claims-2016","MBSSUBGROUP","character",6170,0,0,21,"=5820; 1=138; 4=38; 2=34; 3=26; 5=25; 14=19; 6=10","; 1; 10; 11; 12; 13; 14; 15; 16; 17; 18; 19; 2; 20; 3; 4; 5; 6; 7; 8; 9","matched PLIDA variable metadata","The subgroup the item sits in within its MBS group, the finest level of the schedule's own hierarchy. AIHW METEOR defines it as ""The subgro…","madipge-mbs-d-claims-2006 | madipge-mbs-d-claims-2007 | madipge-mbs-d-claims-2008 | ... (20 products)","","",""
"dhda-health","MBS","madipge-mbs-d-claims-2016","NUMSERV","integer",6170,0,0,4,"1 / 1 / 1 / 1 / 4","1; 2; 3; 4","matched PLIDA variable metadata","The number of services provided on this row, with bulk-billing incentive and modifier items excluded by being counted as zero. AIHW METEOR …","madipge-mbs-d-claims-2006 | madipge-mbs-d-claims-2007 | madipge-mbs-d-claims-2008 | ... (20 products)","","",""
"dhda-health","MBS","madipge-mbs-d-claims-2016","RPDATE","character",6170,4225,68.4765,427,"15Jun16=12; 25Jul16=12; 14May16=11; 16Jan16=11; 17Feb16=11; 06Jun16=10; 08Oct16=10; 14Feb16=10","","matched PLIDA variable metadata","The date written on the referral that made this service claimable at the referred rate. MBS explanatory note GN.6.16 requires an account fo…","madipge-mbs-d-claims-2006 | madipge-mbs-d-claims-2007 | madipge-mbs-d-claims-2008 | ... (20 products)","","",""
"dhda-health","MBS","madipge-mbs-d-claims-2016","RPRPC","character",6170,4225,68.4765,1569,"2608=6; 2606=5; 2886=5; 2497=4; 2513=4; 2596=4; 2600=4; 2773=4","","matched PLIDA variable metadata","The postcode of the practice of the practitioner who wrote the referral behind this service. AIHW METEOR defines the underlying element as …","madipge-mbs-d-claims-2006 | madipge-mbs-d-claims-2007 | madipge-mbs-d-claims-2008 | ... (20 products)","","",""
"dhda-health","MBS","madipge-mbs-d-claims-2016","RPRPRAC","character",6170,4225,68.4765,100,"P530137=34; P284846=32; P391305=30; P431463=29; P326069=28; P119604=27; P318044=27; P662239=27","","matched PLIDA variable metadata","The one-character practice location suffix from the referring practitioner's Medicare provider number. AIHW METEOR defines it as ""A unique …","madipge-mbs-d-claims-2006 | madipge-mbs-d-claims-2007 | madipge-mbs-d-claims-2008 | ... (20 products)","","",""
"dhda-health","MBS","madipge-mbs-d-claims-2016","SCHEDFEE","numeric",6170,0,0,1170,"1.35 / 43.04 / 92.58 / 223.76 / 6757.53","","matched PLIDA variable metadata","The fee the Medicare Benefits Schedule lists for this item, which is the administered price the benefit is calculated from. AIHW METEOR def…","madipge-mbs-d-claims-2006 | madipge-mbs-d-claims-2007 | madipge-mbs-d-claims-2008 | ... (20 products)","","",""
"dhda-health","MBS","madipge-mbs-d-claims-2016","SCRAM_RPR","character",6170,4225,68.4765,200,"RPR20C25EBC=20; RPR5D3DFB25=18; RPR03FC6292=16; RPR3BB1DE7C=16; RPR56DE6BF4=16; RPR57DB1492=16; RPR596123CB=16; RPR1743E9ED=15","","matched PLIDA variable metadata","A scrambled stand-in for the referring practitioner's Medicare provider number, used to group services by who referred them. The field it i…","madipge-mbs-d-claims-2006 | madipge-mbs-d-claims-2007 | madipge-mbs-d-claims-2008 | ... (20 products)","","",""
"dhda-health","MBS","madipge-mbs-d-claims-2016","SCRAM_SPR","character",6170,0,0,200,"SPR260AEB51=43; SPR7620E047=43; SPR7AFE59C3=42; SPR1715E9CC=41; SPR6027C533=41; SPR0D99B9CF=40; SPR166F8AD9=40; SPR18ECF99F=40","","matched PLIDA variable metadata","A scrambled stand-in for the provider number of the practitioner who performed and billed the service, and the key for grouping a provider'…","madipge-mbs-d-claims-2006 | madipge-mbs-d-claims-2007 | madipge-mbs-d-claims-2008 | ... (20 products)","","",""
"dhda-health","MBS","madipge-mbs-d-claims-2016","SPR_RSP","character",6170,0,0,25,"GP=2226; PAT=1877; RAD=439; ORT=161; OPH=157; CAR=130; URO=124; PSY=112","AUD; CAR; DER; DIE; ENT; GAS; GEN; GP; GYN; NEU; NUC; OCC; ONC; OPH; ORT; PAT; PHY; PLS; POD; PSK; PSY; RAD; RHE; SOC; URO","matched PLIDA variable metadata","The registered specialty recorded for the practitioner who provided the service, as used in assessing the claim. AIHW METEOR defines the va…","madipge-mbs-d-claims-2006 | madipge-mbs-d-claims-2007 | madipge-mbs-d-claims-2008 | ... (20 products)","","",""
"dhda-health","MBS","madipge-mbs-d-claims-2016","SPRPC","character",6170,0,0,3299,"2603=16; 2605=12; 2616=11; 2618=11; 2610=10; 2600=9; 2611=9; 2615=9","","matched PLIDA variable metadata","The postcode of the practice location of the practitioner who performed the service. AIHW METEOR defines the underlying element as ""The Aus…","madipge-mbs-d-claims-2006 | madipge-mbs-d-claims-2007 | madipge-mbs-d-claims-2008 | ... (20 products)","","",""
"dhda-health","MBS","madipge-mbs-d-claims-2016","SPRPRAC","character",6170,0,0,100,"P194328=75; P217450=75; P413286=75; P487396=75; P966533=75; P630279=73; P166305=72; P548609=72","","matched PLIDA variable metadata","The one-character location suffix of the servicing practitioner's provider number, marking which of their approved sites billed the service…","madipge-mbs-d-claims-2006 | madipge-mbs-d-claims-2007 | madipge-mbs-d-claims-2008 | ... (20 products)","","",""
"dhda-health","MBS","madipge-mbs-d-claims-2016","SYNTHETIC_AEUID","character",6170,0,0,439,"B84680000100=48; B8468000008B=47; B84680000063=44; B846800000F3=42; B84680000158=40; B84680000013=38; B84680000093=37; B84680000108=36","","matched PLIDA variable metadata","The patient a Medicare claim line belongs to, carried as a meaningless code so that one person's services can be followed across the date-o…","madipge-mbs-d-claims-2006 | madipge-mbs-d-claims-2007 | madipge-mbs-d-claims-2008 | ... (20 products)","","",""
"dhda-health","MBS","madipge-mbs-d-claims-2017","AGGRITEM","character",6374,0,0,2466,"75851=14; 75854=14; 75011=12; 75402=12; 92766=12; 3023=11; 75034=11; 75400=11","","matched PLIDA variable metadata","The MBS item number as it stood in the aggregate item number field on the claim, before mapping to the latest item. AIHW METEOR's guide for…","madipge-mbs-d-claims-2006 | madipge-mbs-d-claims-2007 | madipge-mbs-d-claims-2008 | ... (20 products)","","",""
"dhda-health","MBS","madipge-mbs-d-claims-2017","BENPAID","numeric",6374,0,0,1496,"1.01 / 36.62 / 83.58 / 197.15 / 6276.40","","matched PLIDA variable metadata","The Medicare benefit paid on this claim line, in Australian dollars. AIHW METEOR defines it as ""The total amount of Medicare Benefit paid f…","madipge-mbs-d-claims-2006 | madipge-mbs-d-claims-2007 | madipge-mbs-d-claims-2008 | ... (20 products)","","",""
"dhda-health","MBS","madipge-mbs-d-claims-2017","BILLTYPECD","character",6374,0,0,2,"D=5197; P=1177","D; P","matched PLIDA variable metadata","Whether the service was bulk billed or billed to the patient. AIHW METEOR defines the element as ""The type of Medicare billing issued for t…","madipge-mbs-d-claims-2006 | madipge-mbs-d-claims-2007 | madipge-mbs-d-claims-2008 | ... (20 products)","","",""
"dhda-health","MBS","madipge-mbs-d-claims-2017","BTOS","character",6374,0,0,7,"1100=2828; 0502=1845; 0700=527; 0600=505; 1000=330; 0101=197; 1200=142","0101; 0502; 0600; 0700; 1000; 1100; 1200","matched PLIDA variable metadata","The broad service category the item falls into, used for Medicare reporting. AIHW METEOR describes the domain as ""A code set representing c…","madipge-mbs-d-claims-2006 | madipge-mbs-d-claims-2007 | madipge-mbs-d-claims-2008 | ... (20 products)","","",""
"dhda-health","MBS","madipge-mbs-d-claims-2017","DOP","character",6374,0,0,375,"29Oct17=28; 10Dec17=27; 18Mar17=27; 19Jun17=27; 02Apr17=26; 06Jul17=26; 09Jul17=26; 10Nov17=26","","matched PLIDA variable metadata","The day Medicare finished processing the claim for the service on this row, which is not the day the service happened. AIHW METEOR defines …","madipge-mbs-d-claims-2006 | madipge-mbs-d-claims-2007 | madipge-mbs-d-claims-2008 | ... (20 products)","","",""
"dhda-health","MBS","madipge-mbs-d-claims-2017","DOS","character",6374,0,0,365,"02Jan17=31; 09Sep17=30; 13Mar17=29; 31Jul17=29; 04Jul17=28; 05Jan17=28; 08Apr17=28; 17Jan17=28","","matched PLIDA variable metadata","The day the practitioner actually performed the Medicare service billed on this row, and the date to use for almost any analysis of care. A…","madipge-mbs-d-claims-2006 | madipge-mbs-d-claims-2007 | madipge-mbs-d-claims-2008 | ... (20 products)","","",""
"dhda-health","MBS","madipge-mbs-d-claims-2017","ENRPC","character",6374,0,0,3397,"2602=15; 2601=12; 2603=9; 2605=9; 2613=9; 2604=8; 2607=8; 2615=8","","matched PLIDA variable metadata","The postcode Medicare held for the patient on the enrolment file at the moment this claim was processed. AIHW METEOR defines the underlying…","madipge-mbs-d-claims-2006 | madipge-mbs-d-claims-2007 | madipge-mbs-d-claims-2008 | ... (20 products)","","",""
"dhda-health","MBS","madipge-mbs-d-claims-2017","FEECHARGED","numeric",6374,0,0,2274,"1.350 / 44.865 / 104.660 / 263.920 / 6362.890","","matched PLIDA variable metadata","The amount the practitioner actually billed for the service on this row, in Australian dollars. AIHW METEOR defines it as ""The total amount…","madipge-mbs-d-claims-2006 | madipge-mbs-d-claims-2007 | madipge-mbs-d-claims-2008 | ... (20 products)","","",""
"dhda-health","MBS","madipge-mbs-d-claims-2017","INHOSPITAL","character",6374,0,0,2,"N=5868; Y=506","N; Y","matched PLIDA variable metadata","Whether the service on this row was delivered to an admitted patient in a hospital. AIHW METEOR defines the element as ""An indicator of whe…","madipge-mbs-d-claims-2006 | madipge-mbs-d-claims-2007 | madipge-mbs-d-claims-2008 | ... (20 products)","","",""
"dhda-health","MBS","madipge-mbs-d-claims-2017","ITEM","character",6374,0,0,2466,"75851=14; 75854=14; 75011=12; 75402=12; 92766=12; 3023=11; 75034=11; 75400=11","","matched PLIDA variable metadata","The Medicare Benefits Schedule item number this service is reported under, which is the current item mapped from the aggregate item claimed…","madipge-mbs-d-claims-2006 | madipge-mbs-d-claims-2007 | madipge-mbs-d-claims-2008 | ... (20 products)","","",""
"dhda-health","MBS","madipge-mbs-d-claims-2017","MBSCAT","integer",6374,0,0,8,"1 / 1 / 4 / 6 / 8","1; 2; 3; 4; 5; 6; 7; 8","matched PLIDA variable metadata","Which of the ten broad categories of the Medicare Benefits Schedule the item on this row sits in. AIHW METEOR defines the value domain as ""…","madipge-mbs-d-claims-2006 | madipge-mbs-d-claims-2007 | madipge-mbs-d-claims-2008 | ... (20 products)","","",""
"dhda-health","MBS","madipge-mbs-d-claims-2017","MBSGROUP","character",6374,0,0,86,"A40=878; P7=484; P2=414; T8=398; C1=330; P4=252; A7=242; P3=197","","matched PLIDA variable metadata","The group within the MBS category that this item belongs to, such as A1 for unreferred general practitioner attendances. AIHW METEOR define…","madipge-mbs-d-claims-2006 | madipge-mbs-d-claims-2007 | madipge-mbs-d-claims-2008 | ... (20 products)","","",""
"dhda-health","MBS","madipge-mbs-d-claims-2017","MBSSUBGROUP","character",6374,0,0,21,"=6007; 1=140; 4=46; 2=45; 3=26; 5=18; 7=16; 14=13","; 1; 10; 11; 12; 13; 14; 15; 16; 17; 18; 19; 2; 20; 3; 4; 5; 6; 7; 8; 9","matched PLIDA variable metadata","The subgroup the item sits in within its MBS group, the finest level of the schedule's own hierarchy. AIHW METEOR defines it as ""The subgro…","madipge-mbs-d-claims-2006 | madipge-mbs-d-claims-2007 | madipge-mbs-d-claims-2008 | ... (20 products)","","",""
"dhda-health","MBS","madipge-mbs-d-claims-2017","NUMSERV","integer",6374,0,0,4,"1 / 1 / 1 / 1 / 4","1; 2; 3; 4","matched PLIDA variable metadata","The number of services provided on this row, with bulk-billing incentive and modifier items excluded by being counted as zero. AIHW METEOR …","madipge-mbs-d-claims-2006 | madipge-mbs-d-claims-2007 | madipge-mbs-d-claims-2008 | ... (20 products)","","",""
"dhda-health","MBS","madipge-mbs-d-claims-2017","RPDATE","character",6374,4298,67.4302,418,"31Jan17=16; 10May17=13; 13Jun17=12; 26Mar17=12; 22Jun17=11; 01Sep17=10; 12Mar17=10; 13Mar17=10","","matched PLIDA variable metadata","The date written on the referral that made this service claimable at the referred rate. MBS explanatory note GN.6.16 requires an account fo…","madipge-mbs-d-claims-2006 | madipge-mbs-d-claims-2007 | madipge-mbs-d-claims-2008 | ... (20 products)","","",""
"dhda-health","MBS","madipge-mbs-d-claims-2017","RPRPC","character",6374,4298,67.4302,1623,"2614=6; 2600=5; 2146=4; 2602=4; 2604=4; 2607=4; 2610=4; 2613=4","","matched PLIDA variable metadata","The postcode of the practice of the practitioner who wrote the referral behind this service. AIHW METEOR defines the underlying element as …","madipge-mbs-d-claims-2006 | madipge-mbs-d-claims-2007 | madipge-mbs-d-claims-2008 | ... (20 products)","","",""
"dhda-health","MBS","madipge-mbs-d-claims-2017","RPRPRAC","character",6374,4298,67.4302,100,"P413286=31; P284846=29; P397157=29; P400111=28; P487396=28; P548353=27; P947682=27; P108937=26","","matched PLIDA variable metadata","The one-character practice location suffix from the referring practitioner's Medicare provider number. AIHW METEOR defines it as ""A unique …","madipge-mbs-d-claims-2006 | madipge-mbs-d-claims-2007 | madipge-mbs-d-claims-2008 | ... (20 products)","","",""
"dhda-health","MBS","madipge-mbs-d-claims-2017","SCHEDFEE","numeric",6374,0,0,1240,"1.35 / 43.04 / 97.65 / 240.65 / 6362.89","","matched PLIDA variable metadata","The fee the Medicare Benefits Schedule lists for this item, which is the administered price the benefit is calculated from. AIHW METEOR def…","madipge-mbs-d-claims-2006 | madipge-mbs-d-claims-2007 | madipge-mbs-d-claims-2008 | ... (20 products)","","",""
"dhda-health","MBS","madipge-mbs-d-claims-2017","SCRAM_RPR","character",6374,4298,67.4302,200,"RPR378191BB=22; RPR06B8CB9A=20; RPR08A10D77=19; RPR20B59A4B=18; RPR04BF0575=17; RPR2E13A5F1=17; RPR4EF9810B=17; RPR35C0B803=16","","matched PLIDA variable metadata","A scrambled stand-in for the referring practitioner's Medicare provider number, used to group services by who referred them. The field it i…","madipge-mbs-d-claims-2006 | madipge-mbs-d-claims-2007 | madipge-mbs-d-claims-2008 | ... (20 products)","","",""
"dhda-health","MBS","madipge-mbs-d-claims-2017","SCRAM_SPR","character",6374,0,0,200,"SPR5955E034=48; SPR19FA94A8=45; SPR359AED41=45; SPR219BE97C=44; SPR242AFCE2=44; SPR67DF3ED1=44; SPR6823E7B8=44; SPR03E5DDAE=43","","matched PLIDA variable metadata","A scrambled stand-in for the provider number of the practitioner who performed and billed the service, and the key for grouping a provider'…","madipge-mbs-d-claims-2006 | madipge-mbs-d-claims-2007 | madipge-mbs-d-claims-2008 | ... (20 products)","","",""
"dhda-health","MBS","madipge-mbs-d-claims-2017","SPR_RSP","character",6374,0,0,25,"GP=2357; PAT=1845; RAD=457; ORT=173; OPH=160; CAR=154; PSY=118; PSK=110","AUD; CAR; DER; DIE; ENT; GAS; GEN; GP; GYN; NEU; NUC; OCC; ONC; OPH; ORT; PAT; PHY; PLS; POD; PSK; PSY; RAD; RHE; SOC; URO","matched PLIDA variable metadata","The registered specialty recorded for the practitioner who provided the service, as used in assessing the claim. AIHW METEOR defines the va…","madipge-mbs-d-claims-2006 | madipge-mbs-d-claims-2007 | madipge-mbs-d-claims-2008 | ... (20 products)","","",""
"dhda-health","MBS","madipge-mbs-d-claims-2017","SPRPC","character",6374,0,0,3373,"2603=16; 2614=14; 2612=12; 2608=11; 2613=11; 2615=11; 2611=10; 2617=9","","matched PLIDA variable metadata","The postcode of the practice location of the practitioner who performed the service. AIHW METEOR defines the underlying element as ""The Aus…","madipge-mbs-d-claims-2006 | madipge-mbs-d-claims-2007 | madipge-mbs-d-claims-2008 | ... (20 products)","","",""
"dhda-health","MBS","madipge-mbs-d-claims-2017","SPRPRAC","character",6374,0,0,100,"P850015=81; P447853=80; P366847=77; P437198=77; P691103=77; P137526=76; P917220=76; P107914=75","","matched PLIDA variable metadata","The one-character location suffix of the servicing practitioner's provider number, marking which of their approved sites billed the service…","madipge-mbs-d-claims-2006 | madipge-mbs-d-claims-2007 | madipge-mbs-d-claims-2008 | ... (20 products)","","",""
"dhda-health","MBS","madipge-mbs-d-claims-2017","SYNTHETIC_AEUID","character",6374,0,0,445,"B84680000052=44; B8468000004F=43; B84680000194=42; B84680000063=40; B84680000095=40; B846800001B5=40; B84680000082=39; B84680000102=39","","matched PLIDA variable metadata","The patient a Medicare claim line belongs to, carried as a meaningless code so that one person's services can be followed across the date-o…","madipge-mbs-d-claims-2006 | madipge-mbs-d-claims-2007 | madipge-mbs-d-claims-2008 | ... (20 products)","","",""
"dhda-health","MBS","madipge-mbs-d-claims-2018","AGGRITEM","character",6467,0,0,2468,"75618=15; 75833=13; 75802=12; 105=11; 75002=11; 75836=11; 75851=11; 91879=11","","matched PLIDA variable metadata","The MBS item number as it stood in the aggregate item number field on the claim, before mapping to the latest item. AIHW METEOR's guide for…","madipge-mbs-d-claims-2006 | madipge-mbs-d-claims-2007 | madipge-mbs-d-claims-2008 | ... (20 products)","","",""
"dhda-health","MBS","madipge-mbs-d-claims-2018","BENPAID","numeric",6467,0,0,1506,"1.02 / 36.89 / 85.15 / 195.44 / 5106.16","","matched PLIDA variable metadata","The Medicare benefit paid on this claim line, in Australian dollars. AIHW METEOR defines it as ""The total amount of Medicare Benefit paid f…","madipge-mbs-d-claims-2006 | madipge-mbs-d-claims-2007 | madipge-mbs-d-claims-2008 | ... (20 products)","","",""
"dhda-health","MBS","madipge-mbs-d-claims-2018","BILLTYPECD","character",6467,0,0,2,"D=5334; P=1133","D; P","matched PLIDA variable metadata","Whether the service was bulk billed or billed to the patient. AIHW METEOR defines the element as ""The type of Medicare billing issued for t…","madipge-mbs-d-claims-2006 | madipge-mbs-d-claims-2007 | madipge-mbs-d-claims-2008 | ... (20 products)","","",""
"dhda-health","MBS","madipge-mbs-d-claims-2018","BTOS","character",6467,0,0,7,"1100=2938; 0502=1838; 0700=528; 0600=486; 1000=339; 0101=207; 1200=131","0101; 0502; 0600; 0700; 1000; 1100; 1200","matched PLIDA variable metadata","The broad service category the item falls into, used for Medicare reporting. AIHW METEOR describes the domain as ""A code set representing c…","madipge-mbs-d-claims-2006 | madipge-mbs-d-claims-2007 | madipge-mbs-d-claims-2008 | ... (20 products)","","",""
"dhda-health","MBS","madipge-mbs-d-claims-2018","DOP","character",6467,0,0,378,"05Jul18=31; 08Nov18=28; 11Nov18=28; 02May18=27; 25Sep18=27; 29Nov18=27; 01Sep18=26; 02Mar18=26","","matched PLIDA variable metadata","The day Medicare finished processing the claim for the service on this row, which is not the day the service happened. AIHW METEOR defines …","madipge-mbs-d-claims-2006 | madipge-mbs-d-claims-2007 | madipge-mbs-d-claims-2008 | ... (20 products)","","",""
"dhda-health","MBS","madipge-mbs-d-claims-2018","DOS","character",6467,0,0,365,"02Jan18=31; 06Apr18=31; 02Mar18=29; 05Mar18=29; 18Jan18=29; 28Nov18=29; 12Mar18=28; 25May18=28","","matched PLIDA variable metadata","The day the practitioner actually performed the Medicare service billed on this row, and the date to use for almost any analysis of care. A…","madipge-mbs-d-claims-2006 | madipge-mbs-d-claims-2007 | madipge-mbs-d-claims-2008 | ... (20 products)","","",""
"dhda-health","MBS","madipge-mbs-d-claims-2018","ENRPC","character",6467,0,0,3402,"2603=17; 2605=12; 2618=12; 2604=11; 2600=10; 2608=9; 2617=8; 3091=8","","matched PLIDA variable metadata","The postcode Medicare held for the patient on the enrolment file at the moment this claim was processed. AIHW METEOR defines the underlying…","madipge-mbs-d-claims-2006 | madipge-mbs-d-claims-2007 | madipge-mbs-d-claims-2008 | ... (20 products)","","",""
"dhda-health","MBS","madipge-mbs-d-claims-2018","FEECHARGED","numeric",6467,0,0,2243,"1.36 / 46.04 / 105.44 / 257.79 / 8577.54","","matched PLIDA variable metadata","The amount the practitioner actually billed for the service on this row, in Australian dollars. AIHW METEOR defines it as ""The total amount…","madipge-mbs-d-claims-2006 | madipge-mbs-d-claims-2007 | madipge-mbs-d-claims-2008 | ... (20 products)","","",""
"dhda-health","MBS","madipge-mbs-d-claims-2018","INHOSPITAL","character",6467,0,0,2,"N=5962; Y=505","N; Y","matched PLIDA variable metadata","Whether the service on this row was delivered to an admitted patient in a hospital. AIHW METEOR defines the element as ""An indicator of whe…","madipge-mbs-d-claims-2006 | madipge-mbs-d-claims-2007 | madipge-mbs-d-claims-2008 | ... (20 products)","","",""
"dhda-health","MBS","madipge-mbs-d-claims-2018","ITEM","character",6467,0,0,2468,"75618=15; 75833=13; 75802=12; 105=11; 75002=11; 75836=11; 75851=11; 91879=11","","matched PLIDA variable metadata","The Medicare Benefits Schedule item number this service is reported under, which is the current item mapped from the aggregate item claimed…","madipge-mbs-d-claims-2006 | madipge-mbs-d-claims-2007 | madipge-mbs-d-claims-2008 | ... (20 products)","","",""
"dhda-health","MBS","madipge-mbs-d-claims-2018","MBSCAT","integer",6467,0,0,8,"1 / 1 / 3 / 6 / 8","1; 2; 3; 4; 5; 6; 7; 8","matched PLIDA variable metadata","Which of the ten broad categories of the Medicare Benefits Schedule the item on this row sits in. AIHW METEOR defines the value domain as ""…","madipge-mbs-d-claims-2006 | madipge-mbs-d-claims-2007 | madipge-mbs-d-claims-2008 | ... (20 products)","","",""
"dhda-health","MBS","madipge-mbs-d-claims-2018","MBSGROUP","character",6467,0,0,87,"A40=858; P7=466; P2=433; T8=419; C1=339; A7=250; P4=233; A15=202","","matched PLIDA variable metadata","The group within the MBS category that this item belongs to, such as A1 for unreferred general practitioner attendances. AIHW METEOR define…","madipge-mbs-d-claims-2006 | madipge-mbs-d-claims-2007 | madipge-mbs-d-claims-2008 | ... (20 products)","","",""
"dhda-health","MBS","madipge-mbs-d-claims-2018","MBSSUBGROUP","character",6467,0,0,21,"=6082; 1=162; 2=54; 3=33; 4=24; 5=18; 14=12; 7=11","; 1; 10; 11; 12; 13; 14; 15; 16; 17; 18; 19; 2; 20; 3; 4; 5; 6; 7; 8; 9","matched PLIDA variable metadata","The subgroup the item sits in within its MBS group, the finest level of the schedule's own hierarchy. AIHW METEOR defines it as ""The subgro…","madipge-mbs-d-claims-2006 | madipge-mbs-d-claims-2007 | madipge-mbs-d-claims-2008 | ... (20 products)","","",""
"dhda-health","MBS","madipge-mbs-d-claims-2018","NUMSERV","integer",6467,0,0,4,"1 / 1 / 1 / 1 / 4","1; 2; 3; 4","matched PLIDA variable metadata","The number of services provided on this row, with bulk-billing incentive and modifier items excluded by being counted as zero. AIHW METEOR …","madipge-mbs-d-claims-2006 | madipge-mbs-d-claims-2007 | madipge-mbs-d-claims-2008 | ... (20 products)","","",""
"dhda-health","MBS","madipge-mbs-d-claims-2018","RPDATE","character",6467,4369,67.5584,426,"13Apr18=14; 26May18=14; 01Jan18=13; 18Jul18=12; 03Dec17=11; 08Mar18=11; 12Feb18=11; 12Jun18=11","","matched PLIDA variable metadata","The date written on the referral that made this service claimable at the referred rate. MBS explanatory note GN.6.16 requires an account fo…","madipge-mbs-d-claims-2006 | madipge-mbs-d-claims-2007 | madipge-mbs-d-claims-2008 | ... (20 products)","","",""
"dhda-health","MBS","madipge-mbs-d-claims-2018","RPRPC","character",6467,4369,67.5584,1654,"2788=6; 2606=5; 2617=5; 2486=4; 2597=4; 2600=4; 2608=4; 2611=4","","matched PLIDA variable metadata","The postcode of the practice of the practitioner who wrote the referral behind this service. AIHW METEOR defines the underlying element as …","madipge-mbs-d-claims-2006 | madipge-mbs-d-claims-2007 | madipge-mbs-d-claims-2008 | ... (20 products)","","",""
"dhda-health","MBS","madipge-mbs-d-claims-2018","RPRPRAC","character",6467,4369,67.5584,100,"P062798=35; P137526=32; P710704=32; P691103=31; P284846=30; P400111=30; P530137=30; P622948=30","","matched PLIDA variable metadata","The one-character practice location suffix from the referring practitioner's Medicare provider number. AIHW METEOR defines it as ""A unique …","madipge-mbs-d-claims-2006 | madipge-mbs-d-claims-2007 | madipge-mbs-d-claims-2008 | ... (20 products)","","",""
"dhda-health","MBS","madipge-mbs-d-claims-2018","SCHEDFEE","numeric",6467,0,0,1258,"1.36 / 43.36 / 99.06 / 229.90 / 6808.22","","matched PLIDA variable metadata","The fee the Medicare Benefits Schedule lists for this item, which is the administered price the benefit is calculated from. AIHW METEOR def…","madipge-mbs-d-claims-2006 | madipge-mbs-d-claims-2007 | madipge-mbs-d-claims-2008 | ... (20 products)","","",""
"dhda-health","MBS","madipge-mbs-d-claims-2018","SCRAM_RPR","character",6467,4369,67.5584,200,"RPR2E69A376=24; RPR65F85824=20; RPR6A151831=20; RPR025E0252=19; RPR4FB26B42=19; RPR639AC874=19; RPR404EFEF0=18; RPR03FC6292=16","","matched PLIDA variable metadata","A scrambled stand-in for the referring practitioner's Medicare provider number, used to group services by who referred them. The field it i…","madipge-mbs-d-claims-2006 | madipge-mbs-d-claims-2007 | madipge-mbs-d-claims-2008 | ... (20 products)","","",""
"dhda-health","MBS","madipge-mbs-d-claims-2018","SCRAM_SPR","character",6467,0,0,200,"SPR394FD8D8=47; SPR42C99206=47; SPR1A8FC69C=46; SPR5B4D7670=46; SPR6F4C96B6=45; SPR3C92A13A=44; SPR21C4EF3A=43; SPR2837F1C6=43","","matched PLIDA variable metadata","A scrambled stand-in for the provider number of the practitioner who performed and billed the service, and the key for grouping a provider'…","madipge-mbs-d-claims-2006 | madipge-mbs-d-claims-2007 | madipge-mbs-d-claims-2008 | ... (20 products)","","",""
"dhda-health","MBS","madipge-mbs-d-claims-2018","SPR_RSP","character",6467,0,0,25,"GP=2446; PAT=1838; RAD=435; OPH=174; ORT=173; URO=146; NEU=137; CAR=124","AUD; CAR; DER; DIE; ENT; GAS; GEN; GP; GYN; NEU; NUC; OCC; ONC; OPH; ORT; PAT; PHY; PLS; POD; PSK; PSY; RAD; RHE; SOC; URO","matched PLIDA variable metadata","The registered specialty recorded for the practitioner who provided the service, as used in assessing the claim. AIHW METEOR defines the va…","madipge-mbs-d-claims-2006 | madipge-mbs-d-claims-2007 | madipge-mbs-d-claims-2008 | ... (20 products)","","",""
"dhda-health","MBS","madipge-mbs-d-claims-2018","SPRPC","character",6467,0,0,3365,"2612=12; 2609=11; 2617=11; 2606=9; 2608=9; 2611=9; 2613=9; 2085=8","","matched PLIDA variable metadata","The postcode of the practice location of the practitioner who performed the service. AIHW METEOR defines the underlying element as ""The Aus…","madipge-mbs-d-claims-2006 | madipge-mbs-d-claims-2007 | madipge-mbs-d-claims-2008 | ... (20 products)","","",""
"dhda-health","MBS","madipge-mbs-d-claims-2018","SPRPRAC","character",6467,0,0,100,"P107914=95; P955572=84; P418000=81; P660727=81; P397157=80; P952642=80; P011869=78; P665378=78","","matched PLIDA variable metadata","The one-character location suffix of the servicing practitioner's provider number, marking which of their approved sites billed the service…","madipge-mbs-d-claims-2006 | madipge-mbs-d-claims-2007 | madipge-mbs-d-claims-2008 | ... (20 products)","","",""
"dhda-health","MBS","madipge-mbs-d-claims-2018","SYNTHETIC_AEUID","character",6467,0,0,450,"B84680000093=42; B84680000194=41; B84680000102=40; B84680000158=40; B8468000011C=39; B84680000169=39; B846800001B8=38; B84680000072=37","","matched PLIDA variable metadata","The patient a Medicare claim line belongs to, carried as a meaningless code so that one person's services can be followed across the date-o…","madipge-mbs-d-claims-2006 | madipge-mbs-d-claims-2007 | madipge-mbs-d-claims-2008 | ... (20 products)","","",""
"dhda-health","MBS","madipge-mbs-d-claims-2019","AGGRITEM","character",6737,0,0,2476,"75854=18; 75039=13; 75206=13; 304=12; 75010=12; 75049=12; 75200=12; 75800=11","","matched PLIDA variable metadata","The MBS item number as it stood in the aggregate item number field on the claim, before mapping to the latest item. AIHW METEOR's guide for…","madipge-mbs-d-claims-2006 | madipge-mbs-d-claims-2007 | madipge-mbs-d-claims-2008 | ... (20 products)","","",""
"dhda-health","MBS","madipge-mbs-d-claims-2019","BENPAID","numeric",6737,0,0,1499,"1.04 / 37.46 / 85.51 / 198.47 / 6421.51","","matched PLIDA variable metadata","The Medicare benefit paid on this claim line, in Australian dollars. AIHW METEOR defines it as ""The total amount of Medicare Benefit paid f…","madipge-mbs-d-claims-2006 | madipge-mbs-d-claims-2007 | madipge-mbs-d-claims-2008 | ... (20 products)","","",""
"dhda-health","MBS","madipge-mbs-d-claims-2019","BILLTYPECD","character",6737,0,0,2,"D=5530; P=1207","D; P","matched PLIDA variable metadata","Whether the service was bulk billed or billed to the patient. AIHW METEOR defines the element as ""The type of Medicare billing issued for t…","madipge-mbs-d-claims-2006 | madipge-mbs-d-claims-2007 | madipge-mbs-d-claims-2008 | ... (20 products)","","",""
"dhda-health","MBS","madipge-mbs-d-claims-2019","BTOS","character",6737,0,0,7,"1100=2959; 0502=2020; 0700=539; 0600=518; 1000=351; 0101=213; 1200=137","0101; 0502; 0600; 0700; 1000; 1100; 1200","matched PLIDA variable metadata","The broad service category the item falls into, used for Medicare reporting. AIHW METEOR describes the domain as ""A code set representing c…","madipge-mbs-d-claims-2006 | madipge-mbs-d-claims-2007 | madipge-mbs-d-claims-2008 | ... (20 products)","","",""
"dhda-health","MBS","madipge-mbs-d-claims-2019","DOP","character",6737,0,0,378,"27Dec19=32; 26Jul19=31; 03May19=30; 14Jan19=30; 18May19=30; 20May19=30; 24Aug19=30; 22Sep19=29","","matched PLIDA variable metadata","The day Medicare finished processing the claim for the service on this row, which is not the day the service happened. AIHW METEOR defines …","madipge-mbs-d-claims-2006 | madipge-mbs-d-claims-2007 | madipge-mbs-d-claims-2008 | ... (20 products)","","",""
"dhda-health","MBS","madipge-mbs-d-claims-2019","DOS","character",6737,0,0,365,"14Jan19=30; 19Oct19=30; 01May19=29; 03Jan19=29; 15Jan19=29; 15Jun19=28; 17May19=28; 26Aug19=28","","matched PLIDA variable metadata","The day the practitioner actually performed the Medicare service billed on this row, and the date to use for almost any analysis of care. A…","madipge-mbs-d-claims-2006 | madipge-mbs-d-claims-2007 | madipge-mbs-d-claims-2008 | ... (20 products)","","",""
"dhda-health","MBS","madipge-mbs-d-claims-2019","ENRPC","character",6737,0,0,3510,"2608=12; 2614=12; 2616=12; 2611=11; 2612=11; 2615=11; 2603=9; 2607=9","","matched PLIDA variable metadata","The postcode Medicare held for the patient on the enrolment file at the moment this claim was processed. AIHW METEOR defines the underlying…","madipge-mbs-d-claims-2006 | madipge-mbs-d-claims-2007 | madipge-mbs-d-claims-2008 | ... (20 products)","","",""
"dhda-health","MBS","madipge-mbs-d-claims-2019","FEECHARGED","numeric",6737,0,0,2297,"1.38 / 44.33 / 105.18 / 263.80 / 6510.00","","matched PLIDA variable metadata","The amount the practitioner actually billed for the service on this row, in Australian dollars. AIHW METEOR defines it as ""The total amount…","madipge-mbs-d-claims-2006 | madipge-mbs-d-claims-2007 | madipge-mbs-d-claims-2008 | ... (20 products)","","",""
"dhda-health","MBS","madipge-mbs-d-claims-2019","INHOSPITAL","character",6737,0,0,2,"N=6168; Y=569","N; Y","matched PLIDA variable metadata","Whether the service on this row was delivered to an admitted patient in a hospital. AIHW METEOR defines the element as ""An indicator of whe…","madipge-mbs-d-claims-2006 | madipge-mbs-d-claims-2007 | madipge-mbs-d-claims-2008 | ... (20 products)","","",""
"dhda-health","MBS","madipge-mbs-d-claims-2019","ITEM","character",6737,0,0,2476,"75854=18; 75039=13; 75206=13; 304=12; 75010=12; 75049=12; 75200=12; 75800=11","","matched PLIDA variable metadata","The Medicare Benefits Schedule item number this service is reported under, which is the current item mapped from the aggregate item claimed…","madipge-mbs-d-claims-2006 | madipge-mbs-d-claims-2007 | madipge-mbs-d-claims-2008 | ... (20 products)","","",""
"dhda-health","MBS","madipge-mbs-d-claims-2019","MBSCAT","integer",6737,0,0,8,"1 / 1 / 4 / 6 / 8","1; 2; 3; 4; 5; 6; 7; 8","matched PLIDA variable metadata","Which of the ten broad categories of the Medicare Benefits Schedule the item on this row sits in. AIHW METEOR defines the value domain as ""…","madipge-mbs-d-claims-2006 | madipge-mbs-d-claims-2007 | madipge-mbs-d-claims-2008 | ... (20 products)","","",""
"dhda-health","MBS","madipge-mbs-d-claims-2019","MBSGROUP","character",6737,0,0,86,"A40=889; P7=518; P2=479; T8=407; C1=351; A7=253; P4=243; P3=241","","matched PLIDA variable metadata","The group within the MBS category that this item belongs to, such as A1 for unreferred general practitioner attendances. AIHW METEOR define…","madipge-mbs-d-claims-2006 | madipge-mbs-d-claims-2007 | madipge-mbs-d-claims-2008 | ... (20 products)","","",""
"dhda-health","MBS","madipge-mbs-d-claims-2019","MBSSUBGROUP","character",6737,0,0,21,"=6343; 1=155; 2=51; 4=36; 3=31; 5=26; 12=11; 6=10","; 1; 10; 11; 12; 13; 14; 15; 16; 17; 18; 19; 2; 20; 3; 4; 5; 6; 7; 8; 9","matched PLIDA variable metadata","The subgroup the item sits in within its MBS group, the finest level of the schedule's own hierarchy. AIHW METEOR defines it as ""The subgro…","madipge-mbs-d-claims-2006 | madipge-mbs-d-claims-2007 | madipge-mbs-d-claims-2008 | ... (20 products)","","",""
"dhda-health","MBS","madipge-mbs-d-claims-2019","NUMSERV","integer",6737,0,0,4,"1 / 1 / 1 / 1 / 4","1; 2; 3; 4","matched PLIDA variable metadata","The number of services provided on this row, with bulk-billing incentive and modifier items excluded by being counted as zero. AIHW METEOR …","madipge-mbs-d-claims-2006 | madipge-mbs-d-claims-2007 | madipge-mbs-d-claims-2008 | ... (20 products)","","",""
"dhda-health","MBS","madipge-mbs-d-claims-2019","RPDATE","character",6737,4590,68.1312,419,"24Mar19=14; 29May19=14; 03Jun19=13; 24Jul19=13; 26Jan19=13; 08Sep19=12; 17Mar19=12; 18Sep19=12","","matched PLIDA variable metadata","The date written on the referral that made this service claimable at the referred rate. MBS explanatory note GN.6.16 requires an account fo…","madipge-mbs-d-claims-2006 | madipge-mbs-d-claims-2007 | madipge-mbs-d-claims-2008 | ... (20 products)","","",""
"dhda-health","MBS","madipge-mbs-d-claims-2019","RPRPC","character",6737,4590,68.1312,1689,"2608=7; 2606=6; 2605=5; 2613=5; 2284=4; 2285=4; 2376=4; 2604=4","","matched PLIDA variable metadata","The postcode of the practice of the practitioner who wrote the referral behind this service. AIHW METEOR defines the underlying element as …","madipge-mbs-d-claims-2006 | madipge-mbs-d-claims-2007 | madipge-mbs-d-claims-2008 | ... (20 products)","","",""
"dhda-health","MBS","madipge-mbs-d-claims-2019","RPRPRAC","character",6737,4590,68.1312,100,"P923265=36; P194328=34; P548353=31; P976689=31; P217450=30; P013364=28; P441525=28; P487396=28","","matched PLIDA variable metadata","The one-character practice location suffix from the referring practitioner's Medicare provider number. AIHW METEOR defines it as ""A unique …","madipge-mbs-d-claims-2006 | madipge-mbs-d-claims-2007 | madipge-mbs-d-claims-2008 | ... (20 products)","","",""
"dhda-health","MBS","madipge-mbs-d-claims-2019","SCHEDFEE","numeric",6737,0,0,1219,"1.38 / 44.03 / 99.34 / 233.94 / 6510.00","","matched PLIDA variable metadata","The fee the Medicare Benefits Schedule lists for this item, which is the administered price the benefit is calculated from. AIHW METEOR def…","madipge-mbs-d-claims-2006 | madipge-mbs-d-claims-2007 | madipge-mbs-d-claims-2008 | ... (20 products)","","",""
"dhda-health","MBS","madipge-mbs-d-claims-2019","SCRAM_RPR","character",6737,4590,68.1312,200,"RPR715F2165=19; RPR253961A5=18; RPR025E0252=17; RPR1743E9ED=17; RPR02469D08=16; RPR118BA405=16; RPR138CBC59=16; RPR159665BC=16","","matched PLIDA variable metadata","A scrambled stand-in for the referring practitioner's Medicare provider number, used to group services by who referred them. The field it i…","madipge-mbs-d-claims-2006 | madipge-mbs-d-claims-2007 | madipge-mbs-d-claims-2008 | ... (20 products)","","",""
"dhda-health","MBS","madipge-mbs-d-claims-2019","SCRAM_SPR","character",6737,0,0,200,"SPR731B7C6E=51; SPR224E9CD6=49; SPR4B7C1A6E=49; SPR020E4582=47; SPR359AED41=47; SPR1C2BD3F1=46; SPR5AB7F305=46; SPR1A6B28A6=45","","matched PLIDA variable metadata","A scrambled stand-in for the provider number of the practitioner who performed and billed the service, and the key for grouping a provider'…","madipge-mbs-d-claims-2006 | madipge-mbs-d-claims-2007 | madipge-mbs-d-claims-2008 | ... (20 products)","","",""
"dhda-health","MBS","madipge-mbs-d-claims-2019","SPR_RSP","character",6737,0,0,25,"GP=2379; PAT=2020; RAD=465; OPH=187; URO=162; ORT=150; CAR=145; PSY=137","AUD; CAR; DER; DIE; ENT; GAS; GEN; GP; GYN; NEU; NUC; OCC; ONC; OPH; ORT; PAT; PHY; PLS; POD; PSK; PSY; RAD; RHE; SOC; URO","matched PLIDA variable metadata","The registered specialty recorded for the practitioner who provided the service, as used in assessing the claim. AIHW METEOR defines the va…","madipge-mbs-d-claims-2006 | madipge-mbs-d-claims-2007 | madipge-mbs-d-claims-2008 | ... (20 products)","","",""
"dhda-health","MBS","madipge-mbs-d-claims-2019","SPRPC","character",6737,0,0,3501,"2615=16; 2610=15; 2605=12; 2612=12; 2616=12; 2603=10; 2618=10; 2607=9","","matched PLIDA variable metadata","The postcode of the practice location of the practitioner who performed the service. AIHW METEOR defines the underlying element as ""The Aus…","madipge-mbs-d-claims-2006 | madipge-mbs-d-claims-2007 | madipge-mbs-d-claims-2008 | ... (20 products)","","",""
"dhda-health","MBS","madipge-mbs-d-claims-2019","SPRPRAC","character",6737,0,0,100,"P011869=86; P511725=86; P555726=85; P397157=84; P217450=83; P959334=81; P437198=80; P015593=79","","matched PLIDA variable metadata","The one-character location suffix of the servicing practitioner's provider number, marking which of their approved sites billed the service…","madipge-mbs-d-claims-2006 | madipge-mbs-d-claims-2007 | madipge-mbs-d-claims-2008 | ... (20 products)","","",""
"dhda-health","MBS","madipge-mbs-d-claims-2019","SYNTHETIC_AEUID","character",6737,0,0,459,"B84680000110=46; B84680000010=44; B8468000017E=42; B8468000008B=41; B84680000100=41; B84680000093=39; B84680000175=39; B84680000013=38","","matched PLIDA variable metadata","The patient a Medicare claim line belongs to, carried as a meaningless code so that one person's services can be followed across the date-o…","madipge-mbs-d-claims-2006 | madipge-mbs-d-claims-2007 | madipge-mbs-d-claims-2008 | ... (20 products)","","",""
"dhda-health","MBS","madipge-mbs-d-claims-2020","AGGRITEM","character",6971,0,0,2511,"75048=16; 701=12; 75002=11; 75049=11; 75818=11; 90261=11; 3078=10; 314=10","","matched PLIDA variable metadata","The MBS item number as it stood in the aggregate item number field on the claim, before mapping to the latest item. AIHW METEOR's guide for…","madipge-mbs-d-claims-2006 | madipge-mbs-d-claims-2007 | madipge-mbs-d-claims-2008 | ... (20 products)","","",""
"dhda-health","MBS","madipge-mbs-d-claims-2020","BENPAID","numeric",6971,0,0,1519,"1.23 / 38.04 / 86.84 / 201.54 / 6931.04","","matched PLIDA variable metadata","The Medicare benefit paid on this claim line, in Australian dollars. AIHW METEOR defines it as ""The total amount of Medicare Benefit paid f…","madipge-mbs-d-claims-2006 | madipge-mbs-d-claims-2007 | madipge-mbs-d-claims-2008 | ... (20 products)","","",""
"dhda-health","MBS","madipge-mbs-d-claims-2020","BILLTYPECD","character",6971,0,0,2,"D=5714; P=1257","D; P","matched PLIDA variable metadata","Whether the service was bulk billed or billed to the patient. AIHW METEOR defines the element as ""The type of Medicare billing issued for t…","madipge-mbs-d-claims-2006 | madipge-mbs-d-claims-2007 | madipge-mbs-d-claims-2008 | ... (20 products)","","",""
"dhda-health","MBS","madipge-mbs-d-claims-2020","BTOS","character",6971,0,0,7,"1100=3066; 0502=2140; 0600=553; 0700=546; 1000=320; 0101=211; 1200=135","0101; 0502; 0600; 0700; 1000; 1100; 1200","matched PLIDA variable metadata","The broad service category the item falls into, used for Medicare reporting. AIHW METEOR describes the domain as ""A code set representing c…","madipge-mbs-d-claims-2006 | madipge-mbs-d-claims-2007 | madipge-mbs-d-claims-2008 | ... (20 products)","","",""
"dhda-health","MBS","madipge-mbs-d-claims-2020","DOP","character",6971,0,0,381,"30Oct20=31; 14Oct20=30; 03Nov20=29; 22Jul20=29; 28Jan20=29; 25Nov20=28; 02Dec20=27; 04Oct20=27","","matched PLIDA variable metadata","The day Medicare finished processing the claim for the service on this row, which is not the day the service happened. AIHW METEOR defines …","madipge-mbs-d-claims-2006 | madipge-mbs-d-claims-2007 | madipge-mbs-d-claims-2008 | ... (20 products)","","",""
"dhda-health","MBS","madipge-mbs-d-claims-2020","DOS","character",6971,0,0,366,"07Aug20=34; 06Jun20=31; 10Dec20=30; 28Jan20=30; 08Dec20=29; 13Apr20=29; 14Jan20=29; 03Sep20=28","","matched PLIDA variable metadata","The day the practitioner actually performed the Medicare service billed on this row, and the date to use for almost any analysis of care. A…","madipge-mbs-d-claims-2006 | madipge-mbs-d-claims-2007 | madipge-mbs-d-claims-2008 | ... (20 products)","","",""
"dhda-health","MBS","madipge-mbs-d-claims-2020","ENRPC","character",6971,0,0,3535,"2611=14; 2614=13; 2603=9; 2605=9; 2610=9; 2059=8; 2372=8; 2600=8","","matched PLIDA variable metadata","The postcode Medicare held for the patient on the enrolment file at the moment this claim was processed. AIHW METEOR defines the underlying…","madipge-mbs-d-claims-2006 | madipge-mbs-d-claims-2007 | madipge-mbs-d-claims-2008 | ... (20 products)","","",""
"dhda-health","MBS","madipge-mbs-d-claims-2020","FEECHARGED","numeric",6971,0,0,2351,"1.400 / 46.695 / 108.080 / 270.570 / 7020.900","","matched PLIDA variable metadata","The amount the practitioner actually billed for the service on this row, in Australian dollars. AIHW METEOR defines it as ""The total amount…","madipge-mbs-d-claims-2006 | madipge-mbs-d-claims-2007 | madipge-mbs-d-claims-2008 | ... (20 products)","","",""
"dhda-health","MBS","madipge-mbs-d-claims-2020","INHOSPITAL","character",6971,0,0,2,"N=6378; Y=593","N; Y","matched PLIDA variable metadata","Whether the service on this row was delivered to an admitted patient in a hospital. AIHW METEOR defines the element as ""An indicator of whe…","madipge-mbs-d-claims-2006 | madipge-mbs-d-claims-2007 | madipge-mbs-d-claims-2008 | ... (20 products)","","",""
"dhda-health","MBS","madipge-mbs-d-claims-2020","ITEM","character",6971,0,0,2511,"75048=16; 701=12; 75002=11; 75049=11; 75818=11; 90261=11; 3078=10; 314=10","","matched PLIDA variable metadata","The Medicare Benefits Schedule item number this service is reported under, which is the current item mapped from the aggregate item claimed…","madipge-mbs-d-claims-2006 | madipge-mbs-d-claims-2007 | madipge-mbs-d-claims-2008 | ... (20 products)","","",""
"dhda-health","MBS","madipge-mbs-d-claims-2020","MBSCAT","integer",6971,0,0,8,"1 / 1 / 4 / 6 / 8","1; 2; 3; 4; 5; 6; 7; 8","matched PLIDA variable metadata","Which of the ten broad categories of the Medicare Benefits Schedule the item on this row sits in. AIHW METEOR defines the value domain as ""…","madipge-mbs-d-claims-2006 | madipge-mbs-d-claims-2007 | madipge-mbs-d-claims-2008 | ... (20 products)","","",""
"dhda-health","MBS","madipge-mbs-d-claims-2020","MBSGROUP","character",6971,0,0,88,"A40=909; P7=567; P2=489; T8=425; C1=320; A7=259; P3=251; P4=250","","matched PLIDA variable metadata","The group within the MBS category that this item belongs to, such as A1 for unreferred general practitioner attendances. AIHW METEOR define…","madipge-mbs-d-claims-2006 | madipge-mbs-d-claims-2007 | madipge-mbs-d-claims-2008 | ... (20 products)","","",""
"dhda-health","MBS","madipge-mbs-d-claims-2020","MBSSUBGROUP","character",6971,0,0,20,"=6574; 1=144; 2=56; 3=36; 4=35; 5=32; 12=14; 7=13","; 1; 10; 11; 12; 13; 14; 15; 16; 17; 18; 2; 20; 3; 4; 5; 6; 7; 8; 9","matched PLIDA variable metadata","The subgroup the item sits in within its MBS group, the finest level of the schedule's own hierarchy. AIHW METEOR defines it as ""The subgro…","madipge-mbs-d-claims-2006 | madipge-mbs-d-claims-2007 | madipge-mbs-d-claims-2008 | ... (20 products)","","",""
"dhda-health","MBS","madipge-mbs-d-claims-2020","NUMSERV","integer",6971,0,0,4,"1 / 1 / 1 / 1 / 4","1; 2; 3; 4","matched PLIDA variable metadata","The number of services provided on this row, with bulk-billing incentive and modifier items excluded by being counted as zero. AIHW METEOR …","madipge-mbs-d-claims-2006 | madipge-mbs-d-claims-2007 | madipge-mbs-d-claims-2008 | ... (20 products)","","",""
"dhda-health","MBS","madipge-mbs-d-claims-2020","RPDATE","character",6971,4790,68.7132,426,"30Apr20=13; 02Jan20=12; 04Sep20=12; 11Apr20=12; 13May20=12; 14May20=12; 27May20=12; 06Aug20=11","","matched PLIDA variable metadata","The date written on the referral that made this service claimable at the referred rate. MBS explanatory note GN.6.16 requires an account fo…","madipge-mbs-d-claims-2006 | madipge-mbs-d-claims-2007 | madipge-mbs-d-claims-2008 | ... (20 products)","","",""
"dhda-health","MBS","madipge-mbs-d-claims-2020","RPRPC","character",6971,4790,68.7132,1688,"2602=6; 2128=5; 2601=5; 2611=5; 2212=4; 2228=4; 2603=4; 2612=4","","matched PLIDA variable metadata","The postcode of the practice of the practitioner who wrote the referral behind this service. AIHW METEOR defines the underlying element as …","madipge-mbs-d-claims-2006 | madipge-mbs-d-claims-2007 | madipge-mbs-d-claims-2008 | ... (20 products)","","",""
"dhda-health","MBS","madipge-mbs-d-claims-2020","RPRPRAC","character",6971,4790,68.7132,100,"P223888=35; P174045=31; P393619=31; P665982=31; P746334=31; P384771=30; P691103=30; P976689=30","","matched PLIDA variable metadata","The one-character practice location suffix from the referring practitioner's Medicare provider number. AIHW METEOR defines it as ""A unique …","madipge-mbs-d-claims-2006 | madipge-mbs-d-claims-2007 | madipge-mbs-d-claims-2008 | ... (20 products)","","",""
"dhda-health","MBS","madipge-mbs-d-claims-2020","SCHEDFEE","numeric",6971,0,0,1248,"1.40 / 44.71 / 100.88 / 237.09 / 7020.90","","matched PLIDA variable metadata","The fee the Medicare Benefits Schedule lists for this item, which is the administered price the benefit is calculated from. AIHW METEOR def…","madipge-mbs-d-claims-2006 | madipge-mbs-d-claims-2007 | madipge-mbs-d-claims-2008 | ... (20 products)","","",""
"dhda-health","MBS","madipge-mbs-d-claims-2020","SCRAM_RPR","character",6971,4790,68.7132,200,"RPR48CFA89A=20; RPR4389E94F=19; RPR5A853F7C=19; RPR08A10D77=18; RPR39FDE769=18; RPR453012B6=18; RPR7B49742A=18; RPR159665BC=17","","matched PLIDA variable metadata","A scrambled stand-in for the referring practitioner's Medicare provider number, used to group services by who referred them. The field it i…","madipge-mbs-d-claims-2006 | madipge-mbs-d-claims-2007 | madipge-mbs-d-claims-2008 | ... (20 products)","","",""
"dhda-health","MBS","madipge-mbs-d-claims-2020","SCRAM_SPR","character",6971,0,0,200,"SPR3A6D04C6=57; SPR21022BF5=51; SPR0A99C7DB=50; SPR3B2D57A7=48; SPR025566B7=47; SPR086E685C=47; SPR28A1EE23=47; SPR4B47F390=46","","matched PLIDA variable metadata","A scrambled stand-in for the provider number of the practitioner who performed and billed the service, and the key for grouping a provider'…","madipge-mbs-d-claims-2006 | madipge-mbs-d-claims-2007 | madipge-mbs-d-claims-2008 | ... (20 products)","","",""
"dhda-health","MBS","madipge-mbs-d-claims-2020","SPR_RSP","character",6971,0,0,25,"GP=2497; PAT=2140; RAD=491; ORT=184; OPH=180; CAR=143; URO=139; PSY=135","AUD; CAR; DER; DIE; ENT; GAS; GEN; GP; GYN; NEU; NUC; OCC; ONC; OPH; ORT; PAT; PHY; PLS; POD; PSK; PSY; RAD; RHE; SOC; URO","matched PLIDA variable metadata","The registered specialty recorded for the practitioner who provided the service, as used in assessing the claim. AIHW METEOR defines the va…","madipge-mbs-d-claims-2006 | madipge-mbs-d-claims-2007 | madipge-mbs-d-claims-2008 | ... (20 products)","","",""
"dhda-health","MBS","madipge-mbs-d-claims-2020","SPRPC","character",6971,0,0,3536,"2604=15; 2614=14; 2602=11; 2617=11; 2612=10; 2618=10; 2608=9; 2613=9","","matched PLIDA variable metadata","The postcode of the practice location of the practitioner who performed the service. AIHW METEOR defines the underlying element as ""The Aus…","madipge-mbs-d-claims-2006 | madipge-mbs-d-claims-2007 | madipge-mbs-d-claims-2008 | ... (20 products)","","",""
"dhda-health","MBS","madipge-mbs-d-claims-2020","SPRPRAC","character",6971,0,0,100,"P582662=99; P431463=93; P746334=89; P555726=85; P384771=84; P366847=83; P844721=83; P313174=82","","matched PLIDA variable metadata","The one-character location suffix of the servicing practitioner's provider number, marking which of their approved sites billed the service…","madipge-mbs-d-claims-2006 | madipge-mbs-d-claims-2007 | madipge-mbs-d-claims-2008 | ... (20 products)","","",""
"dhda-health","MBS","madipge-mbs-d-claims-2020","SYNTHETIC_AEUID","character",6971,0,0,463,"B84680000010=51; B84680000110=50; B84680000102=48; B84680000093=45; B8468000008B=43; B846800001E2=43; B84680000104=42; B84680000063=41","","matched PLIDA variable metadata","The patient a Medicare claim line belongs to, carried as a meaningless code so that one person's services can be followed across the date-o…","madipge-mbs-d-claims-2006 | madipge-mbs-d-claims-2007 | madipge-mbs-d-claims-2008 | ... (20 products)","","",""
"dhda-health","MBS","madipge-mbs-d-claims-2021","AGGRITEM","character",7116,0,0,2534,"75050=15; 75618=15; 75039=12; 75842=12; 141=11; 75027=11; 75045=11; 75836=11","","matched PLIDA variable metadata","The MBS item number as it stood in the aggregate item number field on the claim, before mapping to the latest item. AIHW METEOR's guide for…","madipge-mbs-d-claims-2006 | madipge-mbs-d-claims-2007 | madipge-mbs-d-claims-2008 | ... (20 products)","","",""
"dhda-health","MBS","madipge-mbs-d-claims-2021","BENPAID","numeric",7116,0,0,1540,"1.07 / 38.77 / 87.48 / 203.55 / 7014.05","","matched PLIDA variable metadata","The Medicare benefit paid on this claim line, in Australian dollars. AIHW METEOR defines it as ""The total amount of Medicare Benefit paid f…","madipge-mbs-d-claims-2006 | madipge-mbs-d-claims-2007 | madipge-mbs-d-claims-2008 | ... (20 products)","","",""
"dhda-health","MBS","madipge-mbs-d-claims-2021","BILLTYPECD","character",7116,0,0,2,"D=5871; P=1245","D; P","matched PLIDA variable metadata","Whether the service was bulk billed or billed to the patient. AIHW METEOR defines the element as ""The type of Medicare billing issued for t…","madipge-mbs-d-claims-2006 | madipge-mbs-d-claims-2007 | madipge-mbs-d-claims-2008 | ... (20 products)","","",""
"dhda-health","MBS","madipge-mbs-d-claims-2021","BTOS","character",7116,0,0,7,"1100=3127; 0502=2136; 0700=554; 0600=546; 1000=370; 0101=230; 1200=153","0101; 0502; 0600; 0700; 1000; 1100; 1200","matched PLIDA variable metadata","The broad service category the item falls into, used for Medicare reporting. AIHW METEOR describes the domain as ""A code set representing c…","madipge-mbs-d-claims-2006 | madipge-mbs-d-claims-2007 | madipge-mbs-d-claims-2008 | ... (20 products)","","",""
"dhda-health","MBS","madipge-mbs-d-claims-2021","DOP","character",7116,0,0,376,"14Feb21=32; 21May21=32; 22Mar21=32; 01Jun21=30; 04Apr21=30; 08Feb21=30; 08Nov21=30; 05Sep21=29","","matched PLIDA variable metadata","The day Medicare finished processing the claim for the service on this row, which is not the day the service happened. AIHW METEOR defines …","madipge-mbs-d-claims-2006 | madipge-mbs-d-claims-2007 | madipge-mbs-d-claims-2008 | ... (20 products)","","",""
"dhda-health","MBS","madipge-mbs-d-claims-2021","DOS","character",7116,0,0,365,"03Dec21=33; 21May21=32; 06Feb21=31; 04Apr21=30; 07Apr21=30; 06Jul21=29; 11Jun21=29; 14Mar21=29","","matched PLIDA variable metadata","The day the practitioner actually performed the Medicare service billed on this row, and the date to use for almost any analysis of care. A…","madipge-mbs-d-claims-2006 | madipge-mbs-d-claims-2007 | madipge-mbs-d-claims-2008 | ... (20 products)","","",""
"dhda-health","MBS","madipge-mbs-d-claims-2021","ENRPC","character",7116,0,0,3574,"2610=14; 2606=12; 2616=12; 2600=11; 2609=11; 2614=11; 2615=11; 2617=10","","matched PLIDA variable metadata","The postcode Medicare held for the patient on the enrolment file at the moment this claim was processed. AIHW METEOR defines the underlying…","madipge-mbs-d-claims-2006 | madipge-mbs-d-claims-2007 | madipge-mbs-d-claims-2008 | ... (20 products)","","",""
"dhda-health","MBS","madipge-mbs-d-claims-2021","FEECHARGED","numeric",7116,0,0,2375,"1.4200 / 48.0275 / 105.0200 / 262.5725 / 8351.3200","","matched PLIDA variable metadata","The amount the practitioner actually billed for the service on this row, in Australian dollars. AIHW METEOR defines it as ""The total amount…","madipge-mbs-d-claims-2006 | madipge-mbs-d-claims-2007 | madipge-mbs-d-claims-2008 | ... (20 products)","","",""
"dhda-health","MBS","madipge-mbs-d-claims-2021","INHOSPITAL","character",7116,0,0,2,"N=6557; Y=559","N; Y","matched PLIDA variable metadata","Whether the service on this row was delivered to an admitted patient in a hospital. AIHW METEOR defines the element as ""An indicator of whe…","madipge-mbs-d-claims-2006 | madipge-mbs-d-claims-2007 | madipge-mbs-d-claims-2008 | ... (20 products)","","",""
"dhda-health","MBS","madipge-mbs-d-claims-2021","ITEM","character",7116,0,0,2534,"75050=15; 75618=15; 75039=12; 75842=12; 141=11; 75027=11; 75045=11; 75836=11","","matched PLIDA variable metadata","The Medicare Benefits Schedule item number this service is reported under, which is the current item mapped from the aggregate item claimed…","madipge-mbs-d-claims-2006 | madipge-mbs-d-claims-2007 | madipge-mbs-d-claims-2008 | ... (20 products)","","",""
"dhda-health","MBS","madipge-mbs-d-claims-2021","MBSCAT","integer",7116,0,0,8,"1 / 1 / 4 / 6 / 8","1; 2; 3; 4; 5; 6; 7; 8","matched PLIDA variable metadata","Which of the ten broad categories of the Medicare Benefits Schedule the item on this row sits in. AIHW METEOR defines the value domain as ""…","madipge-mbs-d-claims-2006 | madipge-mbs-d-claims-2007 | madipge-mbs-d-claims-2008 | ... (20 products)","","",""
"dhda-health","MBS","madipge-mbs-d-claims-2021","MBSGROUP","character",7116,0,0,88,"A40=920; P7=565; P2=525; T8=437; C1=370; A7=282; P4=276; P3=236","","matched PLIDA variable metadata","The group within the MBS category that this item belongs to, such as A1 for unreferred general practitioner attendances. AIHW METEOR define…","madipge-mbs-d-claims-2006 | madipge-mbs-d-claims-2007 | madipge-mbs-d-claims-2008 | ... (20 products)","","",""
"dhda-health","MBS","madipge-mbs-d-claims-2021","MBSSUBGROUP","character",7116,0,0,20,"=6724; 1=143; 2=63; 4=34; 5=31; 3=24; 7=16; 14=15","; 1; 10; 11; 12; 13; 14; 15; 16; 17; 18; 19; 2; 20; 3; 4; 5; 6; 7; 8","matched PLIDA variable metadata","The subgroup the item sits in within its MBS group, the finest level of the schedule's own hierarchy. AIHW METEOR defines it as ""The subgro…","madipge-mbs-d-claims-2006 | madipge-mbs-d-claims-2007 | madipge-mbs-d-claims-2008 | ... (20 products)","","",""
"dhda-health","MBS","madipge-mbs-d-claims-2021","NUMSERV","integer",7116,0,0,4,"1 / 1 / 1 / 1 / 4","1; 2; 3; 4","matched PLIDA variable metadata","The number of services provided on this row, with bulk-billing incentive and modifier items excluded by being counted as zero. AIHW METEOR …","madipge-mbs-d-claims-2006 | madipge-mbs-d-claims-2007 | madipge-mbs-d-claims-2008 | ... (20 products)","","",""
"dhda-health","MBS","madipge-mbs-d-claims-2021","RPDATE","character",7116,4843,68.0579,431,"26Mar21=15; 12Sep21=13; 05Jan21=12; 11Mar21=12; 13Aug21=12; 13Mar21=12; 14Jan21=12; 18Jul21=12","","matched PLIDA variable metadata","The date written on the referral that made this service claimable at the referred rate. MBS explanatory note GN.6.16 requires an account fo…","madipge-mbs-d-claims-2006 | madipge-mbs-d-claims-2007 | madipge-mbs-d-claims-2008 | ... (20 products)","","",""
"dhda-health","MBS","madipge-mbs-d-claims-2021","RPRPC","character",7116,4843,68.0579,1759,"2609=7; 2601=6; 2618=6; 2154=5; 3207=5; 2073=4; 2399=4; 2604=4","","matched PLIDA variable metadata","The postcode of the practice of the practitioner who wrote the referral behind this service. AIHW METEOR defines the underlying element as …","madipge-mbs-d-claims-2006 | madipge-mbs-d-claims-2007 | madipge-mbs-d-claims-2008 | ... (20 products)","","",""
"dhda-health","MBS","madipge-mbs-d-claims-2021","RPRPRAC","character",7116,4843,68.0579,100,"P382906=36; P528665=35; P217450=33; P374599=32; P150239=31; P013364=30; P174045=30; P353248=30","","matched PLIDA variable metadata","The one-character practice location suffix from the referring practitioner's Medicare provider number. AIHW METEOR defines it as ""A unique …","madipge-mbs-d-claims-2006 | madipge-mbs-d-claims-2007 | madipge-mbs-d-claims-2008 | ... (20 products)","","",""
"dhda-health","MBS","madipge-mbs-d-claims-2021","SCHEDFEE","numeric",7116,0,0,1263,"1.42 / 45.25 / 98.45 / 239.88 / 7105.00","","matched PLIDA variable metadata","The fee the Medicare Benefits Schedule lists for this item, which is the administered price the benefit is calculated from. AIHW METEOR def…","madipge-mbs-d-claims-2006 | madipge-mbs-d-claims-2007 | madipge-mbs-d-claims-2008 | ... (20 products)","","",""
"dhda-health","MBS","madipge-mbs-d-claims-2021","SCRAM_RPR","character",7116,4843,68.0579,200,"RPR1A29E965=23; RPR65FCB2A5=23; RPR03FC6292=21; RPR10806169=21; RPR0D71313B=19; RPR1B22755D=18; RPR2BBC41B4=18; RPR52B99AAD=18","","matched PLIDA variable metadata","A scrambled stand-in for the referring practitioner's Medicare provider number, used to group services by who referred them. The field it i…","madipge-mbs-d-claims-2006 | madipge-mbs-d-claims-2007 | madipge-mbs-d-claims-2008 | ... (20 products)","","",""
"dhda-health","MBS","madipge-mbs-d-claims-2021","SCRAM_SPR","character",7116,0,0,200,"SPR1ABE7554=53; SPR46CE8326=51; SPR00923C11=48; SPR657DD4D9=48; SPR70EA19EF=48; SPR0AB73F56=47; SPR4FB29C99=47; SPR50C25A70=47","","matched PLIDA variable metadata","A scrambled stand-in for the provider number of the practitioner who performed and billed the service, and the key for grouping a provider'…","madipge-mbs-d-claims-2006 | madipge-mbs-d-claims-2007 | madipge-mbs-d-claims-2008 | ... (20 products)","","",""
"dhda-health","MBS","madipge-mbs-d-claims-2021","SPR_RSP","character",7116,0,0,25,"GP=2551; PAT=2136; RAD=489; ORT=212; OPH=151; URO=146; GAS=143; CAR=141","AUD; CAR; DER; DIE; ENT; GAS; GEN; GP; GYN; NEU; NUC; OCC; ONC; OPH; ORT; PAT; PHY; PLS; POD; PSK; PSY; RAD; RHE; SOC; URO","matched PLIDA variable metadata","The registered specialty recorded for the practitioner who provided the service, as used in assessing the claim. AIHW METEOR defines the va…","madipge-mbs-d-claims-2006 | madipge-mbs-d-claims-2007 | madipge-mbs-d-claims-2008 | ... (20 products)","","",""
"dhda-health","MBS","madipge-mbs-d-claims-2021","SPRPC","character",7116,0,0,3569,"2609=14; 2614=14; 2601=13; 2617=13; 2600=12; 2603=11; 2610=10; 2608=9","","matched PLIDA variable metadata","The postcode of the practice location of the practitioner who performed the service. AIHW METEOR defines the underlying element as ""The Aus…","madipge-mbs-d-claims-2006 | madipge-mbs-d-claims-2007 | madipge-mbs-d-claims-2008 | ... (20 products)","","",""
"dhda-health","MBS","madipge-mbs-d-claims-2021","SPRPRAC","character",7116,0,0,100,"P879442=90; P217450=86; P223888=85; P384771=85; P326069=84; P194328=83; P552271=83; P622948=82","","matched PLIDA variable metadata","The one-character location suffix of the servicing practitioner's provider number, marking which of their approved sites billed the service…","madipge-mbs-d-claims-2006 | madipge-mbs-d-claims-2007 | madipge-mbs-d-claims-2008 | ... (20 products)","","",""
"dhda-health","MBS","madipge-mbs-d-claims-2021","SYNTHETIC_AEUID","character",7116,0,0,468,"B84680000010=51; B84680000031=47; B84680000110=44; B84680000063=43; B84680000093=43; B84680000102=43; B84680000072=42; B84680000169=41","","matched PLIDA variable metadata","The patient a Medicare claim line belongs to, carried as a meaningless code so that one person's services can be followed across the date-o…","madipge-mbs-d-claims-2006 | madipge-mbs-d-claims-2007 | madipge-mbs-d-claims-2008 | ... (20 products)","","",""
"dhda-health","MBS","madipge-mbs-d-claims-2022","AGGRITEM","character",7119,0,0,2551,"75200=12; 75836=12; 90054=12; 69471=11; 75002=11; 75800=11; 10929=10; 599=10","","matched PLIDA variable metadata","The MBS item number as it stood in the aggregate item number field on the claim, before mapping to the latest item. AIHW METEOR's guide for…","madipge-mbs-d-claims-2006 | madipge-mbs-d-claims-2007 | madipge-mbs-d-claims-2008 | ... (20 products)","","",""
"dhda-health","MBS","madipge-mbs-d-claims-2022","BENPAID","numeric",7119,0,0,1557,"1.08 / 38.98 / 88.49 / 206.51 / 6396.30","","matched PLIDA variable metadata","The Medicare benefit paid on this claim line, in Australian dollars. AIHW METEOR defines it as ""The total amount of Medicare Benefit paid f…","madipge-mbs-d-claims-2006 | madipge-mbs-d-claims-2007 | madipge-mbs-d-claims-2008 | ... (20 products)","","",""
"dhda-health","MBS","madipge-mbs-d-claims-2022","BILLTYPECD","character",7119,0,0,2,"D=5853; P=1266","D; P","matched PLIDA variable metadata","Whether the service was bulk billed or billed to the patient. AIHW METEOR defines the element as ""The type of Medicare billing issued for t…","madipge-mbs-d-claims-2006 | madipge-mbs-d-claims-2007 | madipge-mbs-d-claims-2008 | ... (20 products)","","",""
"dhda-health","MBS","madipge-mbs-d-claims-2022","BTOS","character",7119,0,0,7,"1100=3070; 0502=2151; 0700=581; 0600=576; 1000=363; 0101=234; 1200=144","0101; 0502; 0600; 0700; 1000; 1100; 1200","matched PLIDA variable metadata","The broad service category the item falls into, used for Medicare reporting. AIHW METEOR describes the domain as ""A code set representing c…","madipge-mbs-d-claims-2006 | madipge-mbs-d-claims-2007 | madipge-mbs-d-claims-2008 | ... (20 products)","","",""
"dhda-health","MBS","madipge-mbs-d-claims-2022","DOP","character",7119,0,0,379,"15Jul22=34; 23Jul22=34; 21Jan22=33; 12Jul22=30; 20Mar22=30; 27Jan22=30; 10Mar22=29; 16May22=29","","matched PLIDA variable metadata","The day Medicare finished processing the claim for the service on this row, which is not the day the service happened. AIHW METEOR defines …","madipge-mbs-d-claims-2006 | madipge-mbs-d-claims-2007 | madipge-mbs-d-claims-2008 | ... (20 products)","","",""
"dhda-health","MBS","madipge-mbs-d-claims-2022","DOS","character",7119,0,0,365,"03Mar22=30; 12Jun22=29; 28Apr22=29; 28Jan22=29; 15Mar22=28; 17Jan22=28; 29Jan22=28; 29Nov22=28","","matched PLIDA variable metadata","The day the practitioner actually performed the Medicare service billed on this row, and the date to use for almost any analysis of care. A…","madipge-mbs-d-claims-2006 | madipge-mbs-d-claims-2007 | madipge-mbs-d-claims-2008 | ... (20 products)","","",""
"dhda-health","MBS","madipge-mbs-d-claims-2022","ENRPC","character",7119,0,0,3616,"2601=13; 2608=13; 2617=13; 2606=12; 2602=11; 2618=11; 2603=10; 2616=10","","matched PLIDA variable metadata","The postcode Medicare held for the patient on the enrolment file at the moment this claim was processed. AIHW METEOR defines the underlying…","madipge-mbs-d-claims-2006 | madipge-mbs-d-claims-2007 | madipge-mbs-d-claims-2008 | ... (20 products)","","",""
"dhda-health","MBS","madipge-mbs-d-claims-2022","FEECHARGED","numeric",7119,0,0,2392,"1.44 / 47.93 / 107.88 / 280.79 / 9636.34","","matched PLIDA variable metadata","The amount the practitioner actually billed for the service on this row, in Australian dollars. AIHW METEOR defines it as ""The total amount…","madipge-mbs-d-claims-2006 | madipge-mbs-d-claims-2007 | madipge-mbs-d-claims-2008 | ... (20 products)","","",""
"dhda-health","MBS","madipge-mbs-d-claims-2022","INHOSPITAL","character",7119,0,0,2,"N=6550; Y=569","N; Y","matched PLIDA variable metadata","Whether the service on this row was delivered to an admitted patient in a hospital. AIHW METEOR defines the element as ""An indicator of whe…","madipge-mbs-d-claims-2006 | madipge-mbs-d-claims-2007 | madipge-mbs-d-claims-2008 | ... (20 products)","","",""
"dhda-health","MBS","madipge-mbs-d-claims-2022","ITEM","character",7119,0,0,2551,"75200=12; 75836=12; 90054=12; 69471=11; 75002=11; 75800=11; 10929=10; 599=10","","matched PLIDA variable metadata","The Medicare Benefits Schedule item number this service is reported under, which is the current item mapped from the aggregate item claimed…","madipge-mbs-d-claims-2006 | madipge-mbs-d-claims-2007 | madipge-mbs-d-claims-2008 | ... (20 products)","","",""
"dhda-health","MBS","madipge-mbs-d-claims-2022","MBSCAT","integer",7119,0,0,8,"1 / 1 / 4 / 6 / 8","1; 2; 3; 4; 5; 6; 7; 8","matched PLIDA variable metadata","Which of the ten broad categories of the Medicare Benefits Schedule the item on this row sits in. AIHW METEOR defines the value domain as ""…","madipge-mbs-d-claims-2006 | madipge-mbs-d-claims-2007 | madipge-mbs-d-claims-2008 | ... (20 products)","","",""
"dhda-health","MBS","madipge-mbs-d-claims-2022","MBSGROUP","character",7119,0,0,86,"A40=893; P7=564; P2=510; T8=453; C1=363; P4=284; A7=254; D1=230","","matched PLIDA variable metadata","The group within the MBS category that this item belongs to, such as A1 for unreferred general practitioner attendances. AIHW METEOR define…","madipge-mbs-d-claims-2006 | madipge-mbs-d-claims-2007 | madipge-mbs-d-claims-2008 | ... (20 products)","","",""
"dhda-health","MBS","madipge-mbs-d-claims-2022","MBSSUBGROUP","character",7119,0,0,20,"=6692; 1=162; 2=59; 4=40; 3=33; 5=29; 14=17; 7=13","; 1; 10; 11; 12; 13; 14; 15; 16; 17; 18; 19; 2; 3; 4; 5; 6; 7; 8; 9","matched PLIDA variable metadata","The subgroup the item sits in within its MBS group, the finest level of the schedule's own hierarchy. AIHW METEOR defines it as ""The subgro…","madipge-mbs-d-claims-2006 | madipge-mbs-d-claims-2007 | madipge-mbs-d-claims-2008 | ... (20 products)","","",""
"dhda-health","MBS","madipge-mbs-d-claims-2022","NUMSERV","integer",7119,0,0,4,"1 / 1 / 1 / 1 / 4","1; 2; 3; 4","matched PLIDA variable metadata","The number of services provided on this row, with bulk-billing incentive and modifier items excluded by being counted as zero. AIHW METEOR …","madipge-mbs-d-claims-2006 | madipge-mbs-d-claims-2007 | madipge-mbs-d-claims-2008 | ... (20 products)","","",""
"dhda-health","MBS","madipge-mbs-d-claims-2022","RPDATE","character",7119,4845,68.0573,426,"12Aug22=16; 21Jul22=13; 02Feb22=11; 05Feb22=11; 13Sep22=11; 15Apr22=11; 16Jul22=11; 17Mar22=11","","matched PLIDA variable metadata","The date written on the referral that made this service claimable at the referred rate. MBS explanatory note GN.6.16 requires an account fo…","madipge-mbs-d-claims-2006 | madipge-mbs-d-claims-2007 | madipge-mbs-d-claims-2008 | ... (20 products)","","",""
"dhda-health","MBS","madipge-mbs-d-claims-2022","RPRPC","character",7119,4845,68.0573,1782,"2604=6; 2612=5; 2617=5; 2192=4; 2609=4; 3134=4; 3160=4; 3180=4","","matched PLIDA variable metadata","The postcode of the practice of the practitioner who wrote the referral behind this service. AIHW METEOR defines the underlying element as …","madipge-mbs-d-claims-2006 | madipge-mbs-d-claims-2007 | madipge-mbs-d-claims-2008 | ... (20 products)","","",""
"dhda-health","MBS","madipge-mbs-d-claims-2022","RPRPRAC","character",7119,4845,68.0573,100,"P850015=33; P284846=31; P366847=31; P382906=31; P437198=31; P174045=30; P665982=30; P975091=30","","matched PLIDA variable metadata","The one-character practice location suffix from the referring practitioner's Medicare provider number. AIHW METEOR defines it as ""A unique …","madipge-mbs-d-claims-2006 | madipge-mbs-d-claims-2007 | madipge-mbs-d-claims-2008 | ... (20 products)","","",""
"dhda-health","MBS","madipge-mbs-d-claims-2022","SCHEDFEE","numeric",7119,0,0,1271,"1.44 / 45.82 / 98.87 / 243.42 / 7193.92","","matched PLIDA variable metadata","The fee the Medicare Benefits Schedule lists for this item, which is the administered price the benefit is calculated from. AIHW METEOR def…","madipge-mbs-d-claims-2006 | madipge-mbs-d-claims-2007 | madipge-mbs-d-claims-2008 | ... (20 products)","","",""
"dhda-health","MBS","madipge-mbs-d-claims-2022","SCRAM_RPR","character",7119,4845,68.0573,200,"RPR159665BC=19; RPR20B59A4B=19; RPR318B6AD4=19; RPR4EF9810B=19; RPR73D8996A=19; RPR45EF947A=18; RPR5B8534CA=18; RPR79A0DBAD=18","","matched PLIDA variable metadata","A scrambled stand-in for the referring practitioner's Medicare provider number, used to group services by who referred them. The field it i…","madipge-mbs-d-claims-2006 | madipge-mbs-d-claims-2007 | madipge-mbs-d-claims-2008 | ... (20 products)","","",""
"dhda-health","MBS","madipge-mbs-d-claims-2022","SCRAM_SPR","character",7119,0,0,200,"SPR5AB7F305=59; SPR03E5DDAE=50; SPR44399E71=50; SPR020E4582=49; SPR4B0F4B7A=49; SPR0CE9C22B=48; SPR2CA4FFD6=48; SPR52739BB2=48","","matched PLIDA variable metadata","A scrambled stand-in for the provider number of the practitioner who performed and billed the service, and the key for grouping a provider'…","madipge-mbs-d-claims-2006 | madipge-mbs-d-claims-2007 | madipge-mbs-d-claims-2008 | ... (20 products)","","",""
"dhda-health","MBS","madipge-mbs-d-claims-2022","SPR_RSP","character",7119,0,0,25,"GP=2532; PAT=2151; RAD=515; ORT=185; OPH=176; PSY=155; CAR=151; URO=135","AUD; CAR; DER; DIE; ENT; GAS; GEN; GP; GYN; NEU; NUC; OCC; ONC; OPH; ORT; PAT; PHY; PLS; POD; PSK; PSY; RAD; RHE; SOC; URO","matched PLIDA variable metadata","The registered specialty recorded for the practitioner who provided the service, as used in assessing the claim. AIHW METEOR defines the va…","madipge-mbs-d-claims-2006 | madipge-mbs-d-claims-2007 | madipge-mbs-d-claims-2008 | ... (20 products)","","",""
"dhda-health","MBS","madipge-mbs-d-claims-2022","SPRPC","character",7119,0,0,3593,"2606=15; 2616=15; 2601=14; 2608=13; 2611=13; 2605=12; 2610=12; 2614=12","","matched PLIDA variable metadata","The postcode of the practice location of the practitioner who performed the service. AIHW METEOR defines the underlying element as ""The Aus…","madipge-mbs-d-claims-2006 | madipge-mbs-d-claims-2007 | madipge-mbs-d-claims-2008 | ... (20 products)","","",""
"dhda-health","MBS","madipge-mbs-d-claims-2022","SPRPRAC","character",7119,0,0,100,"P630279=93; P221107=91; P107914=87; P646191=86; P326069=85; P511725=85; P710704=85; P353248=84","","matched PLIDA variable metadata","The one-character location suffix of the servicing practitioner's provider number, marking which of their approved sites billed the service…","madipge-mbs-d-claims-2006 | madipge-mbs-d-claims-2007 | madipge-mbs-d-claims-2008 | ... (20 products)","","",""
"dhda-health","MBS","madipge-mbs-d-claims-2022","SYNTHETIC_AEUID","character",7119,0,0,464,"B84680000010=54; B84680000093=52; B84680000042=43; B84680000105=43; B8468000018F=41; B84680000100=39; B846800001A0=38; B846800000B1=37","","matched PLIDA variable metadata","The patient a Medicare claim line belongs to, carried as a meaningless code so that one person's services can be followed across the date-o…","madipge-mbs-d-claims-2006 | madipge-mbs-d-claims-2007 | madipge-mbs-d-claims-2008 | ... (20 products)","","",""
"dhda-health","MBS","madipge-mbs-d-claims-2023","AGGRITEM","character",7200,0,0,2576,"5013=16; 75618=13; 75621=13; 75818=13; 115=12; 75030=12; 75042=12; 75610=12","","matched PLIDA variable metadata","The MBS item number as it stood in the aggregate item number field on the claim, before mapping to the latest item. AIHW METEOR's guide for…","madipge-mbs-d-claims-2006 | madipge-mbs-d-claims-2007 | madipge-mbs-d-claims-2008 | ... (20 products)","","",""
"dhda-health","MBS","madipge-mbs-d-claims-2023","BENPAID","numeric",7200,0,0,1563,"1.110 / 40.100 / 92.540 / 212.995 / 6228.480","","matched PLIDA variable metadata","The Medicare benefit paid on this claim line, in Australian dollars. AIHW METEOR defines it as ""The total amount of Medicare Benefit paid f…","madipge-mbs-d-claims-2006 | madipge-mbs-d-claims-2007 | madipge-mbs-d-claims-2008 | ... (20 products)","","",""
"dhda-health","MBS","madipge-mbs-d-claims-2023","BILLTYPECD","character",7200,0,0,2,"D=5916; P=1284","D; P","matched PLIDA variable metadata","Whether the service was bulk billed or billed to the patient. AIHW METEOR defines the element as ""The type of Medicare billing issued for t…","madipge-mbs-d-claims-2006 | madipge-mbs-d-claims-2007 | madipge-mbs-d-claims-2008 | ... (20 products)","","",""
"dhda-health","MBS","madipge-mbs-d-claims-2023","BTOS","character",7200,0,0,7,"1100=3171; 0502=2150; 0700=596; 0600=558; 1000=362; 0101=220; 1200=143","0101; 0502; 0600; 0700; 1000; 1100; 1200","matched PLIDA variable metadata","The broad service category the item falls into, used for Medicare reporting. AIHW METEOR describes the domain as ""A code set representing c…","madipge-mbs-d-claims-2006 | madipge-mbs-d-claims-2007 | madipge-mbs-d-claims-2008 | ... (20 products)","","",""
"dhda-health","MBS","madipge-mbs-d-claims-2023","DOP","character",7200,0,0,377,"25Dec23=32; 05Aug23=31; 22Feb23=31; 24Oct23=31; 17Feb23=30; 10Jul23=28; 12Mar23=28; 26Jun23=28","","matched PLIDA variable metadata","The day Medicare finished processing the claim for the service on this row, which is not the day the service happened. AIHW METEOR defines …","madipge-mbs-d-claims-2006 | madipge-mbs-d-claims-2007 | madipge-mbs-d-claims-2008 | ... (20 products)","","",""
"dhda-health","MBS","madipge-mbs-d-claims-2023","DOS","character",7200,0,0,365,"04Nov23=35; 20Jan23=33; 17Sep23=32; 01Apr23=31; 04Aug23=31; 12Mar23=31; 03Apr23=29; 13Mar23=29","","matched PLIDA variable metadata","The day the practitioner actually performed the Medicare service billed on this row, and the date to use for almost any analysis of care. A…","madipge-mbs-d-claims-2006 | madipge-mbs-d-claims-2007 | madipge-mbs-d-claims-2008 | ... (20 products)","","",""
"dhda-health","MBS","madipge-mbs-d-claims-2023","ENRPC","character",7200,0,0,3562,"2609=16; 2618=14; 2615=13; 2602=12; 2608=12; 2601=11; 2605=11; 2606=11","","matched PLIDA variable metadata","The postcode Medicare held for the patient on the enrolment file at the moment this claim was processed. AIHW METEOR defines the underlying…","madipge-mbs-d-claims-2006 | madipge-mbs-d-claims-2007 | madipge-mbs-d-claims-2008 | ... (20 products)","","",""
"dhda-health","MBS","madipge-mbs-d-claims-2023","FEECHARGED","numeric",7200,0,0,2429,"1.48 / 49.21 / 113.91 / 285.83 / 8041.02","","matched PLIDA variable metadata","The amount the practitioner actually billed for the service on this row, in Australian dollars. AIHW METEOR defines it as ""The total amount…","madipge-mbs-d-claims-2006 | madipge-mbs-d-claims-2007 | madipge-mbs-d-claims-2008 | ... (20 products)","","",""
"dhda-health","MBS","madipge-mbs-d-claims-2023","INHOSPITAL","character",7200,0,0,2,"N=6624; Y=576","N; Y","matched PLIDA variable metadata","Whether the service on this row was delivered to an admitted patient in a hospital. AIHW METEOR defines the element as ""An indicator of whe…","madipge-mbs-d-claims-2006 | madipge-mbs-d-claims-2007 | madipge-mbs-d-claims-2008 | ... (20 products)","","",""
"dhda-health","MBS","madipge-mbs-d-claims-2023","ITEM","character",7200,0,0,2576,"5013=16; 75618=13; 75621=13; 75818=13; 115=12; 75030=12; 75042=12; 75610=12","","matched PLIDA variable metadata","The Medicare Benefits Schedule item number this service is reported under, which is the current item mapped from the aggregate item claimed…","madipge-mbs-d-claims-2006 | madipge-mbs-d-claims-2007 | madipge-mbs-d-claims-2008 | ... (20 products)","","",""
"dhda-health","MBS","madipge-mbs-d-claims-2023","MBSCAT","integer",7200,0,0,8,"1 / 1 / 4 / 6 / 8","1; 2; 3; 4; 5; 6; 7; 8","matched PLIDA variable metadata","Which of the ten broad categories of the Medicare Benefits Schedule the item on this row sits in. AIHW METEOR defines the value domain as ""…","madipge-mbs-d-claims-2006 | madipge-mbs-d-claims-2007 | madipge-mbs-d-claims-2008 | ... (20 products)","","",""
"dhda-health","MBS","madipge-mbs-d-claims-2023","MBSGROUP","character",7200,0,0,86,"A40=952; P7=563; P2=466; T8=457; C1=362; P3=269; P4=267; A7=258","","matched PLIDA variable metadata","The group within the MBS category that this item belongs to, such as A1 for unreferred general practitioner attendances. AIHW METEOR define…","madipge-mbs-d-claims-2006 | madipge-mbs-d-claims-2007 | madipge-mbs-d-claims-2008 | ... (20 products)","","",""
"dhda-health","MBS","madipge-mbs-d-claims-2023","MBSSUBGROUP","character",7200,0,0,21,"=6779; 1=156; 2=64; 4=46; 3=28; 5=22; 17=13; 14=12","; 1; 10; 11; 12; 13; 14; 15; 16; 17; 18; 19; 2; 20; 3; 4; 5; 6; 7; 8; 9","matched PLIDA variable metadata","The subgroup the item sits in within its MBS group, the finest level of the schedule's own hierarchy. AIHW METEOR defines it as ""The subgro…","madipge-mbs-d-claims-2006 | madipge-mbs-d-claims-2007 | madipge-mbs-d-claims-2008 | ... (20 products)","","",""
"dhda-health","MBS","madipge-mbs-d-claims-2023","NUMSERV","integer",7200,0,0,4,"1 / 1 / 1 / 1 / 4","1; 2; 3; 4","matched PLIDA variable metadata","The number of services provided on this row, with bulk-billing incentive and modifier items excluded by being counted as zero. AIHW METEOR …","madipge-mbs-d-claims-2006 | madipge-mbs-d-claims-2007 | madipge-mbs-d-claims-2008 | ... (20 products)","","",""
"dhda-health","MBS","madipge-mbs-d-claims-2023","RPDATE","character",7200,4862,67.5278,425,"11Jan23=18; 07Jan23=13; 12May23=13; 21Jan23=13; 23Aug23=13; 03Jun23=12; 11Sep23=12; 15Feb23=12","","matched PLIDA variable metadata","The date written on the referral that made this service claimable at the referred rate. MBS explanatory note GN.6.16 requires an account fo…","madipge-mbs-d-claims-2006 | madipge-mbs-d-claims-2007 | madipge-mbs-d-claims-2008 | ... (20 products)","","",""
"dhda-health","MBS","madipge-mbs-d-claims-2023","RPRPC","character",7200,4862,67.5278,1779,"2609=6; 2080=5; 2508=5; 2613=5; 2615=5; 2114=4; 2601=4; 2604=4","","matched PLIDA variable metadata","The postcode of the practice of the practitioner who wrote the referral behind this service. AIHW METEOR defines the underlying element as …","madipge-mbs-d-claims-2006 | madipge-mbs-d-claims-2007 | madipge-mbs-d-claims-2008 | ... (20 products)","","",""
"dhda-health","MBS","madipge-mbs-d-claims-2023","RPRPRAC","character",7200,4862,67.5278,100,"P630279=38; P694088=37; P660727=35; P582662=34; P511725=33; P966533=33; P125637=32; P665378=32","","matched PLIDA variable metadata","The one-character practice location suffix from the referring practitioner's Medicare provider number. AIHW METEOR defines it as ""A unique …","madipge-mbs-d-claims-2006 | madipge-mbs-d-claims-2007 | madipge-mbs-d-claims-2008 | ... (20 products)","","",""
"dhda-health","MBS","madipge-mbs-d-claims-2023","SCHEDFEE","numeric",7200,0,0,1285,"1.48 / 47.13 / 106.83 / 251.54 / 6323.20","","matched PLIDA variable metadata","The fee the Medicare Benefits Schedule lists for this item, which is the administered price the benefit is calculated from. AIHW METEOR def…","madipge-mbs-d-claims-2006 | madipge-mbs-d-claims-2007 | madipge-mbs-d-claims-2008 | ... (20 products)","","",""
"dhda-health","MBS","madipge-mbs-d-claims-2023","SCRAM_RPR","character",7200,4862,67.5278,200,"RPR39FDE769=25; RPR3E9E133E=23; RPR715F2165=23; RPR467945FF=21; RPR0D71313B=20; RPR5A4BB5D9=20; RPR73D8996A=20; RPR03834EE0=19","","matched PLIDA variable metadata","A scrambled stand-in for the referring practitioner's Medicare provider number, used to group services by who referred them. The field it i…","madipge-mbs-d-claims-2006 | madipge-mbs-d-claims-2007 | madipge-mbs-d-claims-2008 | ... (20 products)","","",""
"dhda-health","MBS","madipge-mbs-d-claims-2023","SCRAM_SPR","character",7200,0,0,200,"SPR4D732AE2=58; SPR4EEDEADF=55; SPR6377965C=54; SPR2EBF46A5=53; SPR2837F1C6=51; SPR2ADE0E26=50; SPR605E818C=48; SPR78EBEAD5=48","","matched PLIDA variable metadata","A scrambled stand-in for the provider number of the practitioner who performed and billed the service, and the key for grouping a provider'…","madipge-mbs-d-claims-2006 | madipge-mbs-d-claims-2007 | madipge-mbs-d-claims-2008 | ... (20 products)","","",""
"dhda-health","MBS","madipge-mbs-d-claims-2023","SPR_RSP","character",7200,0,0,25,"GP=2622; PAT=2150; RAD=490; ORT=213; URO=159; OPH=157; GAS=148; PSY=146","AUD; CAR; DER; DIE; ENT; GAS; GEN; GP; GYN; NEU; NUC; OCC; ONC; OPH; ORT; PAT; PHY; PLS; POD; PSK; PSY; RAD; RHE; SOC; URO","matched PLIDA variable metadata","The registered specialty recorded for the practitioner who provided the service, as used in assessing the claim. AIHW METEOR defines the va…","madipge-mbs-d-claims-2006 | madipge-mbs-d-claims-2007 | madipge-mbs-d-claims-2008 | ... (20 products)","","",""
"dhda-health","MBS","madipge-mbs-d-claims-2023","SPRPC","character",7200,0,0,3578,"2605=16; 2609=16; 2600=14; 2614=13; 2607=12; 2611=12; 2615=12; 2606=11","","matched PLIDA variable metadata","The postcode of the practice location of the practitioner who performed the service. AIHW METEOR defines the underlying element as ""The Aus…","madipge-mbs-d-claims-2006 | madipge-mbs-d-claims-2007 | madipge-mbs-d-claims-2008 | ... (20 products)","","",""
"dhda-health","MBS","madipge-mbs-d-claims-2023","SPRPRAC","character",7200,0,0,100,"P391305=96; P691103=94; P108937=92; P742801=92; P284846=90; P966533=88; P487396=87; P223888=85","","matched PLIDA variable metadata","The one-character location suffix of the servicing practitioner's provider number, marking which of their approved sites billed the service…","madipge-mbs-d-claims-2006 | madipge-mbs-d-claims-2007 | madipge-mbs-d-claims-2008 | ... (20 products)","","",""
"dhda-health","MBS","madipge-mbs-d-claims-2023","SYNTHETIC_AEUID","character",7200,0,0,460,"B84680000010=48; B84680000072=48; B84680000104=46; B84680000175=46; B84680000031=44; B8468000008B=43; B84680000102=43; B84680000105=42","","matched PLIDA variable metadata","The patient a Medicare claim line belongs to, carried as a meaningless code so that one person's services can be followed across the date-o…","madipge-mbs-d-claims-2006 | madipge-mbs-d-claims-2007 | madipge-mbs-d-claims-2008 | ... (20 products)","","",""
"dhda-health","MBS","madipge-mbs-d-claims-2024","AGGRITEM","character",7113,0,0,2551,"75402=14; 92720=14; 75030=12; 75600=12; 75618=12; 92614=12; 249=11; 5041=11","","matched PLIDA variable metadata","The MBS item number as it stood in the aggregate item number field on the claim, before mapping to the latest item. AIHW METEOR's guide for…","madipge-mbs-d-claims-2006 | madipge-mbs-d-claims-2007 | madipge-mbs-d-claims-2008 | ... (20 products)","","",""
"dhda-health","MBS","madipge-mbs-d-claims-2024","BENPAID","numeric",7113,0,0,1565,"1.15 / 41.62 / 96.05 / 224.08 / 4674.68","","matched PLIDA variable metadata","The Medicare benefit paid on this claim line, in Australian dollars. AIHW METEOR defines it as ""The total amount of Medicare Benefit paid f…","madipge-mbs-d-claims-2006 | madipge-mbs-d-claims-2007 | madipge-mbs-d-claims-2008 | ... (20 products)","","",""
"dhda-health","MBS","madipge-mbs-d-claims-2024","BILLTYPECD","character",7113,0,0,2,"D=5860; P=1253","D; P","matched PLIDA variable metadata","Whether the service was bulk billed or billed to the patient. AIHW METEOR defines the element as ""The type of Medicare billing issued for t…","madipge-mbs-d-claims-2006 | madipge-mbs-d-claims-2007 | madipge-mbs-d-claims-2008 | ... (20 products)","","",""
"dhda-health","MBS","madipge-mbs-d-claims-2024","BTOS","character",7113,0,0,7,"1100=3111; 0502=2147; 0700=582; 0600=567; 1000=336; 0101=222; 1200=148","0101; 0502; 0600; 0700; 1000; 1100; 1200","matched PLIDA variable metadata","The broad service category the item falls into, used for Medicare reporting. AIHW METEOR describes the domain as ""A code set representing c…","madipge-mbs-d-claims-2006 | madipge-mbs-d-claims-2007 | madipge-mbs-d-claims-2008 | ... (20 products)","","",""
"dhda-health","MBS","madipge-mbs-d-claims-2024","DOP","character",7113,0,0,377,"02Jun24=37; 10Nov24=34; 16Feb24=34; 06Feb24=31; 07Nov24=31; 08Sep24=31; 30Dec24=31; 11Mar24=30","","matched PLIDA variable metadata","The day Medicare finished processing the claim for the service on this row, which is not the day the service happened. AIHW METEOR defines …","madipge-mbs-d-claims-2006 | madipge-mbs-d-claims-2007 | madipge-mbs-d-claims-2008 | ... (20 products)","","",""
"dhda-health","MBS","madipge-mbs-d-claims-2024","DOS","character",7113,0,0,366,"07Apr24=33; 10Feb24=31; 08Sep24=29; 11Aug24=29; 18Jul24=29; 25Nov24=29; 30Apr24=29; 07Feb24=28","","matched PLIDA variable metadata","The day the practitioner actually performed the Medicare service billed on this row, and the date to use for almost any analysis of care. A…","madipge-mbs-d-claims-2006 | madipge-mbs-d-claims-2007 | madipge-mbs-d-claims-2008 | ... (20 products)","","",""
"dhda-health","MBS","madipge-mbs-d-claims-2024","ENRPC","character",7113,0,0,3572,"2602=19; 2600=16; 2606=14; 2617=12; 2609=11; 2613=11; 2618=11; 2608=10","","matched PLIDA variable metadata","The postcode Medicare held for the patient on the enrolment file at the moment this claim was processed. AIHW METEOR defines the underlying…","madipge-mbs-d-claims-2006 | madipge-mbs-d-claims-2007 | madipge-mbs-d-claims-2008 | ... (20 products)","","",""
"dhda-health","MBS","madipge-mbs-d-claims-2024","FEECHARGED","numeric",7113,0,0,2400,"1.54 / 49.25 / 118.95 / 295.98 / 5764.57","","matched PLIDA variable metadata","The amount the practitioner actually billed for the service on this row, in Australian dollars. AIHW METEOR defines it as ""The total amount…","madipge-mbs-d-claims-2006 | madipge-mbs-d-claims-2007 | madipge-mbs-d-claims-2008 | ... (20 products)","","",""
"dhda-health","MBS","madipge-mbs-d-claims-2024","INHOSPITAL","character",7113,0,0,2,"N=6576; Y=537","N; Y","matched PLIDA variable metadata","Whether the service on this row was delivered to an admitted patient in a hospital. AIHW METEOR defines the element as ""An indicator of whe…","madipge-mbs-d-claims-2006 | madipge-mbs-d-claims-2007 | madipge-mbs-d-claims-2008 | ... (20 products)","","",""
"dhda-health","MBS","madipge-mbs-d-claims-2024","ITEM","character",7113,0,0,2551,"75402=14; 92720=14; 75030=12; 75600=12; 75618=12; 92614=12; 249=11; 5041=11","","matched PLIDA variable metadata","The Medicare Benefits Schedule item number this service is reported under, which is the current item mapped from the aggregate item claimed…","madipge-mbs-d-claims-2006 | madipge-mbs-d-claims-2007 | madipge-mbs-d-claims-2008 | ... (20 products)","","",""
"dhda-health","MBS","madipge-mbs-d-claims-2024","MBSCAT","integer",7113,0,0,8,"1 / 1 / 4 / 6 / 8","1; 2; 3; 4; 5; 6; 7; 8","matched PLIDA variable metadata","Which of the ten broad categories of the Medicare Benefits Schedule the item on this row sits in. AIHW METEOR defines the value domain as ""…","madipge-mbs-d-claims-2006 | madipge-mbs-d-claims-2007 | madipge-mbs-d-claims-2008 | ... (20 products)","","",""
"dhda-health","MBS","madipge-mbs-d-claims-2024","MBSGROUP","character",7113,0,0,88,"A40=931; P7=605; P2=507; T8=456; C1=336; A7=300; P4=255; P3=222","","matched PLIDA variable metadata","The group within the MBS category that this item belongs to, such as A1 for unreferred general practitioner attendances. AIHW METEOR define…","madipge-mbs-d-claims-2006 | madipge-mbs-d-claims-2007 | madipge-mbs-d-claims-2008 | ... (20 products)","","",""
"dhda-health","MBS","madipge-mbs-d-claims-2024","MBSSUBGROUP","character",7113,0,0,21,"=6714; 1=147; 2=59; 4=36; 5=35; 3=25; 14=15; 7=15","; 1; 10; 11; 12; 13; 14; 15; 16; 17; 18; 19; 2; 20; 3; 4; 5; 6; 7; 8; 9","matched PLIDA variable metadata","The subgroup the item sits in within its MBS group, the finest level of the schedule's own hierarchy. AIHW METEOR defines it as ""The subgro…","madipge-mbs-d-claims-2006 | madipge-mbs-d-claims-2007 | madipge-mbs-d-claims-2008 | ... (20 products)","","",""
"dhda-health","MBS","madipge-mbs-d-claims-2024","NUMSERV","integer",7113,0,0,4,"1 / 1 / 1 / 1 / 4","1; 2; 3; 4","matched PLIDA variable metadata","The number of services provided on this row, with bulk-billing incentive and modifier items excluded by being counted as zero. AIHW METEOR …","madipge-mbs-d-claims-2006 | madipge-mbs-d-claims-2007 | madipge-mbs-d-claims-2008 | ... (20 products)","","",""
"dhda-health","MBS","madipge-mbs-d-claims-2024","RPDATE","character",7113,4835,67.9741,427,"07Sep24=15; 06Jan24=14; 02Jan24=13; 14Mar24=12; 16Aug24=12; 21Jun24=12; 24Dec23=12; 04Aug24=11","","matched PLIDA variable metadata","The date written on the referral that made this service claimable at the referred rate. MBS explanatory note GN.6.16 requires an account fo…","madipge-mbs-d-claims-2006 | madipge-mbs-d-claims-2007 | madipge-mbs-d-claims-2008 | ... (20 products)","","",""
"dhda-health","MBS","madipge-mbs-d-claims-2024","RPRPC","character",7113,4835,67.9741,1769,"2602=7; 2617=6; 2565=5; 2600=5; 2606=5; 2615=5; 2601=4; 2607=4","","matched PLIDA variable metadata","The postcode of the practice of the practitioner who wrote the referral behind this service. AIHW METEOR defines the underlying element as …","madipge-mbs-d-claims-2006 | madipge-mbs-d-claims-2007 | madipge-mbs-d-claims-2008 | ... (20 products)","","",""
"dhda-health","MBS","madipge-mbs-d-claims-2024","RPRPRAC","character",7113,4835,67.9741,100,"P382906=37; P557356=37; P062798=34; P418000=33; P646191=33; P562890=32; P582662=31; P108937=30","","matched PLIDA variable metadata","The one-character practice location suffix from the referring practitioner's Medicare provider number. AIHW METEOR defines it as ""A unique …","madipge-mbs-d-claims-2006 | madipge-mbs-d-claims-2007 | madipge-mbs-d-claims-2008 | ... (20 products)","","",""
"dhda-health","MBS","madipge-mbs-d-claims-2024","SCHEDFEE","numeric",7113,0,0,1305,"1.54 / 48.91 / 111.75 / 273.52 / 5546.98","","matched PLIDA variable metadata","The fee the Medicare Benefits Schedule lists for this item, which is the administered price the benefit is calculated from. AIHW METEOR def…","madipge-mbs-d-claims-2006 | madipge-mbs-d-claims-2007 | madipge-mbs-d-claims-2008 | ... (20 products)","","",""
"dhda-health","MBS","madipge-mbs-d-claims-2024","SCRAM_RPR","character",7113,4835,67.9741,200,"RPR10806169=21; RPR20C25EBC=21; RPR446BBD11=19; RPR0D71313B=18; RPR3080E3F9=18; RPR35A8E26A=18; RPR5D42E536=18; RPR14B19B69=17","","matched PLIDA variable metadata","A scrambled stand-in for the referring practitioner's Medicare provider number, used to group services by who referred them. The field it i…","madipge-mbs-d-claims-2006 | madipge-mbs-d-claims-2007 | madipge-mbs-d-claims-2008 | ... (20 products)","","",""
"dhda-health","MBS","madipge-mbs-d-claims-2024","SCRAM_SPR","character",7113,0,0,200,"SPR0AB73F56=50; SPR5B4D7670=50; SPR78EBEAD5=50; SPR236F3530=49; SPR345A421D=48; SPR74B3D166=48; SPR52C9D884=47; SPR0CE9C22B=46","","matched PLIDA variable metadata","A scrambled stand-in for the provider number of the practitioner who performed and billed the service, and the key for grouping a provider'…","madipge-mbs-d-claims-2006 | madipge-mbs-d-claims-2007 | madipge-mbs-d-claims-2008 | ... (20 products)","","",""
"dhda-health","MBS","madipge-mbs-d-claims-2024","SPR_RSP","character",7113,0,0,25,"GP=2502; PAT=2147; RAD=507; ORT=211; OPH=194; URO=160; CAR=154; PSY=135","AUD; CAR; DER; DIE; ENT; GAS; GEN; GP; GYN; NEU; NUC; OCC; ONC; OPH; ORT; PAT; PHY; PLS; POD; PSK; PSY; RAD; RHE; SOC; URO","matched PLIDA variable metadata","The registered specialty recorded for the practitioner who provided the service, as used in assessing the claim. AIHW METEOR defines the va…","madipge-mbs-d-claims-2006 | madipge-mbs-d-claims-2007 | madipge-mbs-d-claims-2008 | ... (20 products)","","",""
"dhda-health","MBS","madipge-mbs-d-claims-2024","SPRPC","character",7113,0,0,3580,"2616=16; 2601=14; 2604=13; 2618=13; 2605=12; 2611=12; 2615=12; 2600=11","","matched PLIDA variable metadata","The postcode of the practice location of the practitioner who performed the service. AIHW METEOR defines the underlying element as ""The Aus…","madipge-mbs-d-claims-2006 | madipge-mbs-d-claims-2007 | madipge-mbs-d-claims-2008 | ... (20 products)","","",""
"dhda-health","MBS","madipge-mbs-d-claims-2024","SPRPRAC","character",7113,0,0,100,"P413286=92; P966533=92; P174045=91; P487396=90; P397157=84; P582662=84; P339734=83; P630279=83","","matched PLIDA variable metadata","The one-character location suffix of the servicing practitioner's provider number, marking which of their approved sites billed the service…","madipge-mbs-d-claims-2006 | madipge-mbs-d-claims-2007 | madipge-mbs-d-claims-2008 | ... (20 products)","","",""
"dhda-health","MBS","madipge-mbs-d-claims-2024","SYNTHETIC_AEUID","character",7113,0,0,456,"B84680000010=49; B84680000108=43; B84680000175=43; B84680000031=42; B84680000063=42; B84680000072=41; B84680000184=41; B8468000013B=40","","matched PLIDA variable metadata","The patient a Medicare claim line belongs to, carried as a meaningless code so that one person's services can be followed across the date-o…","madipge-mbs-d-claims-2006 | madipge-mbs-d-claims-2007 | madipge-mbs-d-claims-2008 | ... (20 products)","","",""
"dhda-health","MBS","madipge-mbs-d-claims-2025","AGGRITEM","character",7234,0,0,2571,"75042=13; 75833=13; 75402=12; 75845=12; 10913=11; 111=11; 75009=11; 279=10","","matched PLIDA variable metadata","The MBS item number as it stood in the aggregate item number field on the claim, before mapping to the latest item. AIHW METEOR's guide for…","madipge-mbs-d-claims-2006 | madipge-mbs-d-claims-2007 | madipge-mbs-d-claims-2008 | ... (20 products)","","",""
"dhda-health","MBS","madipge-mbs-d-claims-2025","BENPAID","numeric",7234,0,0,1578,"1.19 / 42.84 / 99.37 / 231.60 / 6654.89","","matched PLIDA variable metadata","The Medicare benefit paid on this claim line, in Australian dollars. AIHW METEOR defines it as ""The total amount of Medicare Benefit paid f…","madipge-mbs-d-claims-2006 | madipge-mbs-d-claims-2007 | madipge-mbs-d-claims-2008 | ... (20 products)","","",""
"dhda-health","MBS","madipge-mbs-d-claims-2025","BILLTYPECD","character",7234,0,0,2,"D=5958; P=1276","D; P","matched PLIDA variable metadata","Whether the service was bulk billed or billed to the patient. AIHW METEOR defines the element as ""The type of Medicare billing issued for t…","madipge-mbs-d-claims-2006 | madipge-mbs-d-claims-2007 | madipge-mbs-d-claims-2008 | ... (20 products)","","",""
"dhda-health","MBS","madipge-mbs-d-claims-2025","BTOS","character",7234,0,0,7,"1100=3127; 0502=2197; 0600=600; 0700=571; 1000=355; 0101=230; 1200=154","0101; 0502; 0600; 0700; 1000; 1100; 1200","matched PLIDA variable metadata","The broad service category the item falls into, used for Medicare reporting. AIHW METEOR describes the domain as ""A code set representing c…","madipge-mbs-d-claims-2006 | madipge-mbs-d-claims-2007 | madipge-mbs-d-claims-2008 | ... (20 products)","","",""
"dhda-health","MBS","madipge-mbs-d-claims-2025","DOP","character",7234,0,0,378,"22Jan25=34; 05Aug25=33; 02Feb25=32; 26Dec25=32; 05Jun25=30; 10Aug25=30; 30Jan25=30; 02Mar25=29","","matched PLIDA variable metadata","The day Medicare finished processing the claim for the service on this row, which is not the day the service happened. AIHW METEOR defines …","madipge-mbs-d-claims-2006 | madipge-mbs-d-claims-2007 | madipge-mbs-d-claims-2008 | ... (20 products)","","",""
"dhda-health","MBS","madipge-mbs-d-claims-2025","DOS","character",7234,0,0,365,"30Jan25=34; 01Aug25=30; 06Mar25=30; 25Jan25=30; 09Oct25=29; 31Jul25=29; 02Mar25=28; 09Mar25=28","","matched PLIDA variable metadata","The day the practitioner actually performed the Medicare service billed on this row, and the date to use for almost any analysis of care. A…","madipge-mbs-d-claims-2006 | madipge-mbs-d-claims-2007 | madipge-mbs-d-claims-2008 | ... (20 products)","","",""
"dhda-health","MBS","madipge-mbs-d-claims-2025","ENRPC","character",7234,0,0,3609,"2600=16; 2609=15; 2603=13; 2604=13; 2613=13; 2608=12; 2614=12; 2605=11","","matched PLIDA variable metadata","The postcode Medicare held for the patient on the enrolment file at the moment this claim was processed. AIHW METEOR defines the underlying…","madipge-mbs-d-claims-2006 | madipge-mbs-d-claims-2007 | madipge-mbs-d-claims-2008 | ... (20 products)","","",""
"dhda-health","MBS","madipge-mbs-d-claims-2025","FEECHARGED","numeric",7234,0,0,2408,"1.58 / 53.52 / 122.45 / 308.79 / 6756.09","","matched PLIDA variable metadata","The amount the practitioner actually billed for the service on this row, in Australian dollars. AIHW METEOR defines it as ""The total amount…","madipge-mbs-d-claims-2006 | madipge-mbs-d-claims-2007 | madipge-mbs-d-claims-2008 | ... (20 products)","","",""
"dhda-health","MBS","madipge-mbs-d-claims-2025","INHOSPITAL","character",7234,0,0,2,"N=6655; Y=579","N; Y","matched PLIDA variable metadata","Whether the service on this row was delivered to an admitted patient in a hospital. AIHW METEOR defines the element as ""An indicator of whe…","madipge-mbs-d-claims-2006 | madipge-mbs-d-claims-2007 | madipge-mbs-d-claims-2008 | ... (20 products)","","",""
"dhda-health","MBS","madipge-mbs-d-claims-2025","ITEM","character",7234,0,0,2571,"75042=13; 75833=13; 75402=12; 75845=12; 10913=11; 111=11; 75009=11; 279=10","","matched PLIDA variable metadata","The Medicare Benefits Schedule item number this service is reported under, which is the current item mapped from the aggregate item claimed…","madipge-mbs-d-claims-2006 | madipge-mbs-d-claims-2007 | madipge-mbs-d-claims-2008 | ... (20 products)","","",""
"dhda-health","MBS","madipge-mbs-d-claims-2025","MBSCAT","integer",7234,0,0,8,"1 / 1 / 4 / 6 / 8","1; 2; 3; 4; 5; 6; 7; 8","matched PLIDA variable metadata","Which of the ten broad categories of the Medicare Benefits Schedule the item on this row sits in. AIHW METEOR defines the value domain as ""…","madipge-mbs-d-claims-2006 | madipge-mbs-d-claims-2007 | madipge-mbs-d-claims-2008 | ... (20 products)","","",""
"dhda-health","MBS","madipge-mbs-d-claims-2025","MBSGROUP","character",7234,0,0,87,"A40=908; P7=569; P2=517; T8=457; C1=355; A7=272; P4=271; P3=227","","matched PLIDA variable metadata","The group within the MBS category that this item belongs to, such as A1 for unreferred general practitioner attendances. AIHW METEOR define…","madipge-mbs-d-claims-2006 | madipge-mbs-d-claims-2007 | madipge-mbs-d-claims-2008 | ... (20 products)","","",""
"dhda-health","MBS","madipge-mbs-d-claims-2025","MBSSUBGROUP","character",7234,0,0,21,"=6817; 1=150; 2=47; 4=46; 3=33; 5=27; 14=20; 7=16","; 1; 10; 11; 12; 13; 14; 15; 16; 17; 18; 19; 2; 20; 3; 4; 5; 6; 7; 8; 9","matched PLIDA variable metadata","The subgroup the item sits in within its MBS group, the finest level of the schedule's own hierarchy. AIHW METEOR defines it as ""The subgro…","madipge-mbs-d-claims-2006 | madipge-mbs-d-claims-2007 | madipge-mbs-d-claims-2008 | ... (20 products)","","",""
"dhda-health","MBS","madipge-mbs-d-claims-2025","NUMSERV","integer",7234,0,0,4,"1 / 1 / 1 / 1 / 4","1; 2; 3; 4","matched PLIDA variable metadata","The number of services provided on this row, with bulk-billing incentive and modifier items excluded by being counted as zero. AIHW METEOR …","madipge-mbs-d-claims-2006 | madipge-mbs-d-claims-2007 | madipge-mbs-d-claims-2008 | ... (20 products)","","",""
"dhda-health","MBS","madipge-mbs-d-claims-2025","RPDATE","character",7234,4918,67.9845,426,"06Dec24=12; 09Mar25=12; 10Apr25=12; 13Feb25=12; 24Mar25=12; 30Mar25=12; 30Sep25=12; 02Oct25=11","","matched PLIDA variable metadata","The date written on the referral that made this service claimable at the referred rate. MBS explanatory note GN.6.16 requires an account fo…","madipge-mbs-d-claims-2006 | madipge-mbs-d-claims-2007 | madipge-mbs-d-claims-2008 | ... (20 products)","","",""
"dhda-health","MBS","madipge-mbs-d-claims-2025","RPRPC","character",7234,4918,67.9845,1806,"2602=6; 2605=5; 2609=5; 2600=4; 2603=4; 2608=4; 2616=4; 2764=4","","matched PLIDA variable metadata","The postcode of the practice of the practitioner who wrote the referral behind this service. AIHW METEOR defines the underlying element as …","madipge-mbs-d-claims-2006 | madipge-mbs-d-claims-2007 | madipge-mbs-d-claims-2008 | ... (20 products)","","",""
"dhda-health","MBS","madipge-mbs-d-claims-2025","RPRPRAC","character",7234,4918,67.9845,100,"P353248=37; P374599=33; P622948=33; P418000=32; P732291=32; P975091=32; P125637=31; P487396=31","","matched PLIDA variable metadata","The one-character practice location suffix from the referring practitioner's Medicare provider number. AIHW METEOR defines it as ""A unique …","madipge-mbs-d-claims-2006 | madipge-mbs-d-claims-2007 | madipge-mbs-d-claims-2008 | ... (20 products)","","",""
"dhda-health","MBS","madipge-mbs-d-claims-2025","SCHEDFEE","numeric",7234,0,0,1280,"1.580 / 50.350 / 115.040 / 283.575 / 6756.090","","matched PLIDA variable metadata","The fee the Medicare Benefits Schedule lists for this item, which is the administered price the benefit is calculated from. AIHW METEOR def…","madipge-mbs-d-claims-2006 | madipge-mbs-d-claims-2007 | madipge-mbs-d-claims-2008 | ... (20 products)","","",""
"dhda-health","MBS","madipge-mbs-d-claims-2025","SCRAM_RPR","character",7234,4918,67.9845,200,"RPR45EF947A=22; RPR63A7F985=19; RPR2BBC41B4=18; RPR73D8996A=18; RPR264A966F=17; RPR27A6C83D=17; RPR57DB1492=17; RPR6C1D4DD1=17","","matched PLIDA variable metadata","A scrambled stand-in for the referring practitioner's Medicare provider number, used to group services by who referred them. The field it i…","madipge-mbs-d-claims-2006 | madipge-mbs-d-claims-2007 | madipge-mbs-d-claims-2008 | ... (20 products)","","",""
"dhda-health","MBS","madipge-mbs-d-claims-2025","SCRAM_SPR","character",7234,0,0,200,"SPR3AC508DA=52; SPR21022BF5=51; SPR19FA94A8=49; SPR4B47F390=49; SPR5AB7F305=49; SPR7F1A5C8D=49; SPR3422F9E1=48; SPR394FD8D8=48","","matched PLIDA variable metadata","A scrambled stand-in for the provider number of the practitioner who performed and billed the service, and the key for grouping a provider'…","madipge-mbs-d-claims-2006 | madipge-mbs-d-claims-2007 | madipge-mbs-d-claims-2008 | ... (20 products)","","",""
"dhda-health","MBS","madipge-mbs-d-claims-2025","SPR_RSP","character",7234,0,0,25,"GP=2576; PAT=2197; RAD=534; ORT=183; CAR=166; OPH=160; URO=159; NEU=143","AUD; CAR; DER; DIE; ENT; GAS; GEN; GP; GYN; NEU; NUC; OCC; ONC; OPH; ORT; PAT; PHY; PLS; POD; PSK; PSY; RAD; RHE; SOC; URO","matched PLIDA variable metadata","The registered specialty recorded for the practitioner who provided the service, as used in assessing the claim. AIHW METEOR defines the va…","madipge-mbs-d-claims-2006 | madipge-mbs-d-claims-2007 | madipge-mbs-d-claims-2008 | ... (20 products)","","",""
"dhda-health","MBS","madipge-mbs-d-claims-2025","SPRPC","character",7234,0,0,3587,"2614=19; 2607=16; 2613=15; 2616=14; 2603=13; 2608=13; 2610=12; 2617=12","","matched PLIDA variable metadata","The postcode of the practice location of the practitioner who performed the service. AIHW METEOR defines the underlying element as ""The Aus…","madipge-mbs-d-claims-2006 | madipge-mbs-d-claims-2007 | madipge-mbs-d-claims-2008 | ... (20 products)","","",""
"dhda-health","MBS","madipge-mbs-d-claims-2025","SPRPRAC","character",7234,0,0,100,"P013364=95; P353248=94; P015593=92; P710704=89; P121407=88; P397157=87; P707236=84; P326069=83","","matched PLIDA variable metadata","The one-character location suffix of the servicing practitioner's provider number, marking which of their approved sites billed the service…","madipge-mbs-d-claims-2006 | madipge-mbs-d-claims-2007 | madipge-mbs-d-claims-2008 | ... (20 products)","","",""
"dhda-health","MBS","madipge-mbs-d-claims-2025","SYNTHETIC_AEUID","character",7234,0,0,456,"B84680000010=48; B8468000008B=47; B846800000E3=45; B84680000105=43; B8468000013B=43; B84680000156=43; B846800001D7=40; B84680000072=39","","matched PLIDA variable metadata","The patient a Medicare claim line belongs to, carried as a meaningless code so that one person's services can be followed across the date-o…","madipge-mbs-d-claims-2006 | madipge-mbs-d-claims-2007 | madipge-mbs-d-claims-2008 | ... (20 products)","","",""
"dhda-health","MCD","madipge-mcd-d-enrolments-06-current","ADR_TYP","character",485,0,0,1,"R=485","R","matched PLIDA variable metadata","Whether the address on this row is where the person lives or where Medicare sends their mail. Medicare enrolment addresses are among the mo…","madipge-mcd-d-enrolments-06-current","","",""
"dhda-health","MCD","madipge-mcd-d-enrolments-06-current","CNPGM_ETM_CDE","character",485,0,0,3,"M=462; DVA=19; HCCA=4","DVA; HCCA; M","matched PLIDA variable metadata","Entitlement type | Entitlement code","madipge-mcd-d-enrolments-06-current","","",""
"dhda-health","MCD","madipge-mcd-d-enrolments-06-current","CNSMR_STS","Date",485,0,0,22,"2000-01-01 to 2021-01-01","2000-01-01; 2001-01-01; 2002-01-01; 2003-01-01; 2004-01-01; 2005-01-01; 2006-01-01; 2007-01-01; 2008-01-01; 2009-01-01; 2010-01-01; 2011-01-01; 2012-01-01; 2013-01-01; 2014-01-01; 2015-01-01; 2016-01-01; 2017-01-01; 2018-01-01; 2019-01-01; 2020-01-01; 2021-01-01","matched PLIDA variable metadata","Consumer start date","madipge-mcd-d-enrolments-06-current","","",""
"dhda-health","MCD","madipge-mcd-d-enrolments-06-current","MONTH_OF_BIRTH","integer",485,0,0,12,"1 / 3 / 6 / 9 / 12","1; 10; 11; 12; 2; 3; 4; 5; 6; 7; 8; 9","matched PLIDA variable metadata","Month of birth","madipge-mcd-d-enrolments-06-current","","",""
"dhda-health","MCD","madipge-mcd-d-enrolments-06-current","MONTH_OF_DEATH","integer",485,453,93.4021,12,"1.0 / 4.0 / 7.5 / 11.0 / 12.0","1; 10; 11; 12; 2; 3; 4; 5; 6; 7; 8; 9","matched PLIDA variable metadata","Month of Death","madipge-mcd-d-enrolments-06-current","","",""
"dhda-health","MCD","madipge-mcd-d-enrolments-06-current","SEX","character",485,0,0,2,"M=247; F=238","F; M","matched PLIDA variable metadata","Sex","madipge-mcd-d-enrolments-06-current","","",""
"dhda-health","MCD","madipge-mcd-d-enrolments-06-current","STATE_ASGS_2021","integer",485,0,0,8,"1 / 1 / 2 / 3 / 8","1; 2; 3; 4; 5; 6; 7; 8","matched PLIDA variable metadata","State (number)","madipge-mcd-d-enrolments-06-current","","",""
"dhda-health","MCD","madipge-mcd-d-enrolments-06-current","SYNTHETIC_AEUID","character",485,0,0,485,"E8EFB0000001=1; E8EFB0000002=1; E8EFB0000003=1; E8EFB0000004=1; E8EFB0000005=1; E8EFB0000006=1; E8EFB0000007=1; E8EFB0000008=1","","matched PLIDA variable metadata","Synthetic MADIP Person ID | Scrambled pin","madipge-mcd-d-enrolments-06-current","","",""
"dhda-health","MCD","madipge-mcd-d-enrolments-06-current","YEAR_OF_BIRTH","integer",485,0,0,93,"1922 / 1963 / 1985 / 2000 / 2021","","matched PLIDA variable metadata","Year of birth","madipge-mcd-d-enrolments-06-current","","",""
"dhda-health","MCD","madipge-mcd-d-enrolments-06-current","YEAR_OF_DEATH","integer",485,453,93.4021,16,"2007.0 / 2011.0 / 2019.5 / 2022.0 / 2025.0","2007; 2008; 2009; 2010; 2011; 2012; 2014; 2015; 2017; 2018; 2019; 2020; 2021; 2022; 2023; 2025","matched PLIDA variable metadata","Year of Death","madipge-mcd-d-enrolments-06-current","","",""
"dhda-health","MCD","madipge-mcd-d-mcd-0622-address-asgs-2016","ADR_TYP","character",485,0,0,1,"R=485","R","matched PLIDA variable metadata","Whether the address on this row is where the person lives or where Medicare sends their mail. Medicare enrolment addresses are among the mo…","madipge-mcd-d-enrolments-06-current","","",""
"dhda-health","MCD","madipge-mcd-d-mcd-0622-address-asgs-2016","END_DATE","Date",485,350,72.1649,38,"2008-08-28 to 2025-11-28","","matched PLIDA variable metadata","End date","madipge-mcd-d-enrolments-06-current","","",""
"dhda-health","MCD","madipge-mcd-d-mcd-0622-address-asgs-2016","SA1_ASGS_2016","character",485,54,11.134,243,"30401108413=5; 50403106512=5; 50705118607=5; 10502109813=4; 10804116225=4; 12103141229=4; 12104141401=4; 12201141808=4","","matched PLIDA variable metadata","Sa1 coded to 2016 asgs","madipge-mcd-d-enrolments-06-current","","",""
"dhda-health","MCD","madipge-mcd-d-mcd-0622-address-asgs-2016","SA2_ASGS_2016","character",485,0,0,234,"212031555=6; 213041577=6; 215011386=6; 105021098=5; 108041162=5; 114011274=5; 304011084=5; 306021147=5","","matched PLIDA variable metadata","Sa2 coded to 2016 asgs","madipge-mcd-d-enrolments-06-current","","",""
"dhda-health","MCD","madipge-mcd-d-mcd-0622-address-asgs-2016","SA4_ASGS_2016","integer",485,0,0,79,"101 / 122 / 212 / 318 / 801","","matched PLIDA variable metadata","Sa4 coded to 2016 asgs","madipge-mcd-d-enrolments-06-current","","",""
"dhda-health","MCD","madipge-mcd-d-mcd-0622-address-asgs-2016","START_DATE","Date",485,0,0,133,"2006-04-01 to 2024-12-01","","matched PLIDA variable metadata","Start date","madipge-mcd-d-enrolments-06-current","","",""
"dhda-health","MCD","madipge-mcd-d-mcd-0622-address-asgs-2016","STATE_ASGS_2016","integer",485,0,0,8,"1 / 1 / 2 / 3 / 8","1; 2; 3; 4; 5; 6; 7; 8","matched PLIDA variable metadata","State or territory","madipge-mcd-d-enrolments-06-current","","",""
"dhda-health","MCD","madipge-mcd-d-mcd-0622-address-asgs-2016","SYNTHETIC_AEUID","character",485,0,0,485,"E8EFB0000001=1; E8EFB0000002=1; E8EFB0000003=1; E8EFB0000004=1; E8EFB0000005=1; E8EFB0000006=1; E8EFB0000007=1; E8EFB0000008=1","","matched PLIDA variable metadata","Synthetic MADIP Person ID | Scrambled pin","madipge-mcd-d-enrolments-06-current","","",""
"dhda-health","MCD","madipge-mcd-d-mcd-0622-address-asgs-2021","ADR_TYP","character",485,0,0,1,"R=485","R","matched PLIDA variable metadata","Whether the address on this row is where the person lives or where Medicare sends their mail. Medicare enrolment addresses are among the mo…","madipge-mcd-d-enrolments-06-current","","",""
"dhda-health","MCD","madipge-mcd-d-mcd-0622-address-asgs-2021","END_DATE","Date",485,350,72.1649,38,"2008-08-28 to 2025-11-28","","matched PLIDA variable metadata","End date","madipge-mcd-d-enrolments-06-current","","",""
"dhda-health","MCD","madipge-mcd-d-mcd-0622-address-asgs-2021","SA1_ASGS_2021","character",485,54,11.134,243,"30401108413=5; 50403106512=5; 50705118607=5; 10502109813=4; 10804116225=4; 12103141229=4; 12104141401=4; 12201141808=4","","matched PLIDA variable metadata","Sa1 location","madipge-mcd-d-enrolments-06-current","","",""
"dhda-health","MCD","madipge-mcd-d-mcd-0622-address-asgs-2021","SA2_ASGS_2021","character",485,0,0,234,"212031555=6; 213041577=6; 215011386=6; 105021098=5; 108041162=5; 114011274=5; 304011084=5; 306021147=5","","matched PLIDA variable metadata","Sa2 location","madipge-mcd-d-enrolments-06-current","","",""
"dhda-health","MCD","madipge-mcd-d-mcd-0622-address-asgs-2021","SA4_ASGS_2021","integer",485,0,0,79,"101 / 122 / 212 / 318 / 801","","matched PLIDA variable metadata","Sa4 location","madipge-mcd-d-enrolments-06-current","","",""
"dhda-health","MCD","madipge-mcd-d-mcd-0622-address-asgs-2021","START_DATE","Date",485,0,0,133,"2006-04-01 to 2024-12-01","","matched PLIDA variable metadata","Start date","madipge-mcd-d-enrolments-06-current","","",""
"dhda-health","MCD","madipge-mcd-d-mcd-0622-address-asgs-2021","STATE_ASGS_2021","integer",485,0,0,8,"1 / 1 / 2 / 3 / 8","1; 2; 3; 4; 5; 6; 7; 8","matched PLIDA variable metadata","State (number)","madipge-mcd-d-enrolments-06-current","","",""
"dhda-health","MCD","madipge-mcd-d-mcd-0622-address-asgs-2021","SYNTHETIC_AEUID","character",485,0,0,485,"E8EFB0000001=1; E8EFB0000002=1; E8EFB0000003=1; E8EFB0000004=1; E8EFB0000005=1; E8EFB0000006=1; E8EFB0000007=1; E8EFB0000008=1","","matched PLIDA variable metadata","Synthetic MADIP Person ID | Scrambled pin","madipge-mcd-d-enrolments-06-current","","",""
"dhda-health","MCD","madipge-mcd-d-mcd-0622-demogs","CNSMR_CHRTC_ETS","Date",485,362,74.6392,44,"2007-12-28 to 2025-12-28","","matched PLIDA variable metadata","Consumer characteristic end timestamp | Consumer characteristic end date","madipge-mcd-d-enrolments-06-current","","",""
"dhda-health","MCD","madipge-mcd-d-mcd-0622-demogs","CNSMR_CHRTC_STS","Date",485,0,0,132,"2006-02-01 to 2024-12-01","","matched PLIDA variable metadata","Consumer characteristic start timestamp | Consumer characteristic start date","madipge-mcd-d-enrolments-06-current","","",""
"dhda-health","MCD","madipge-mcd-d-mcd-0622-demogs","CNSMR_ETS","Date",485,373,76.9072,45,"2008-03-28 to 2025-12-28","","matched PLIDA variable metadata","Consumer end timestamp | Consumer end date","madipge-mcd-d-enrolments-06-current","","",""
"dhda-health","MCD","madipge-mcd-d-mcd-0622-demogs","CNSMR_STS","Date",485,0,0,132,"2006-01-01 to 2024-12-01","","matched PLIDA variable metadata","Consumer start date","madipge-mcd-d-enrolments-06-current","","",""
"dhda-health","MCD","madipge-mcd-d-mcd-0622-demogs","MONTH_OF_BIRTH","integer",485,0,0,12,"1 / 3 / 6 / 9 / 12","1; 10; 11; 12; 2; 3; 4; 5; 6; 7; 8; 9","matched PLIDA variable metadata","Month of birth","madipge-mcd-d-enrolments-06-current","","",""
"dhda-health","MCD","madipge-mcd-d-mcd-0622-demogs","MONTH_OF_DEATH","integer",485,453,93.4021,12,"1.0 / 4.0 / 7.5 / 11.0 / 12.0","1; 10; 11; 12; 2; 3; 4; 5; 6; 7; 8; 9","matched PLIDA variable metadata","Month of Death","madipge-mcd-d-enrolments-06-current","","",""
"dhda-health","MCD","madipge-mcd-d-mcd-0622-demogs","SEX","character",485,0,0,2,"M=247; F=238","F; M","matched PLIDA variable metadata","Sex","madipge-mcd-d-enrolments-06-current","","",""
"dhda-health","MCD","madipge-mcd-d-mcd-0622-demogs","SYNTHETIC_AEUID","character",485,0,0,485,"E8EFB0000001=1; E8EFB0000002=1; E8EFB0000003=1; E8EFB0000004=1; E8EFB0000005=1; E8EFB0000006=1; E8EFB0000007=1; E8EFB0000008=1","","matched PLIDA variable metadata","Synthetic MADIP Person ID | Scrambled pin","madipge-mcd-d-enrolments-06-current","","",""
"dhda-health","MCD","madipge-mcd-d-mcd-0622-demogs","YEAR_OF_BIRTH","integer",485,0,0,93,"1922 / 1963 / 1985 / 2000 / 2021","","matched PLIDA variable metadata","Year of birth","madipge-mcd-d-enrolments-06-current","","",""
"dhda-health","MCD","madipge-mcd-d-mcd-0622-demogs","YEAR_OF_DEATH","integer",485,453,93.4021,16,"2007.0 / 2011.0 / 2019.5 / 2022.0 / 2025.0","2007; 2008; 2009; 2010; 2011; 2012; 2014; 2015; 2017; 2018; 2019; 2020; 2021; 2022; 2023; 2025","matched PLIDA variable metadata","Year of Death","madipge-mcd-d-enrolments-06-current","","",""
"dhda-health","MCD","madipge-mcd-d-mcd-0622-entitlements","CNPGM_ETM_CDE","character",485,0,0,3,"M=462; DVA=19; HCCA=4","DVA; HCCA; M","matched PLIDA variable metadata","Entitlement type | Entitlement code","madipge-mcd-d-enrolments-06-current","","",""
"dhda-health","MCD","madipge-mcd-d-mcd-0622-entitlements","CNPGM_ETM_ETS","Date",485,275,56.701,60,"2007-07-28 to 2025-12-28","","matched PLIDA variable metadata","Entitlement end date timestamp | Entitlement end date","madipge-mcd-d-enrolments-06-current","","",""
"dhda-health","MCD","madipge-mcd-d-mcd-0622-entitlements","CNPGM_ETM_STS","Date",485,0,0,136,"2006-01-01 to 2024-11-01","","matched PLIDA variable metadata","Entitlement start date timestamp | Entitlement start date","madipge-mcd-d-enrolments-06-current","","",""
"dhda-health","MCD","madipge-mcd-d-mcd-0622-entitlements","CON_CNPGM_ETM_ETS","Date",485,256,52.7835,69,"2009-01-28 to 2025-12-28","","matched PLIDA variable metadata","Effective entitlement end date timestamp | Effective entitlement end date","madipge-mcd-d-enrolments-06-current","","",""
"dhda-health","MCD","madipge-mcd-d-mcd-0622-entitlements","CON_CNPGM_ETM_STS","Date",485,0,0,132,"2006-03-01 to 2024-11-01","","matched PLIDA variable metadata","Effective entitlement start date timestamp | Effective entitlement start date","madipge-mcd-d-enrolments-06-current","","",""
"dhda-health","MCD","madipge-mcd-d-mcd-0622-entitlements","REL_CNTRY_CDE","character",485,0,0,2,"1101=482; 8104=3","1101; 8104","matched PLIDA variable metadata","Entitlement home code","madipge-mcd-d-enrolments-06-current","","",""
"dhda-health","MCD","madipge-mcd-d-mcd-0622-entitlements","SYNTHETIC_AEUID","character",485,0,0,485,"E8EFB0000001=1; E8EFB0000002=1; E8EFB0000003=1; E8EFB0000004=1; E8EFB0000005=1; E8EFB0000006=1; E8EFB0000007=1; E8EFB0000008=1","","matched PLIDA variable metadata","Synthetic MADIP Person ID | Scrambled pin","madipge-mcd-d-enrolments-06-current","","",""
"dhda-health","MCD","madipge-mcd-d-mcd-0623-address","ADR_TYP","character",485,0,0,1,"R=485","R","matched PLIDA variable metadata","Whether the address on this row is where the person lives or where Medicare sends their mail. Medicare enrolment addresses are among the mo…","madipge-mcd-d-enrolments-06-current","","",""
"dhda-health","MCD","madipge-mcd-d-mcd-0623-address","END_DATE","Date",485,350,72.1649,38,"2008-08-28 to 2025-11-28","","matched PLIDA variable metadata","End date","madipge-mcd-d-enrolments-06-current","","",""
"dhda-health","MCD","madipge-mcd-d-mcd-0623-address","SA1_ASGS_2021","character",485,54,11.134,243,"30401108413=5; 50403106512=5; 50705118607=5; 10502109813=4; 10804116225=4; 12103141229=4; 12104141401=4; 12201141808=4","","matched PLIDA variable metadata","Sa1 location","madipge-mcd-d-enrolments-06-current","","",""
"dhda-health","MCD","madipge-mcd-d-mcd-0623-address","SA2_ASGS_2021","character",485,0,0,234,"212031555=6; 213041577=6; 215011386=6; 105021098=5; 108041162=5; 114011274=5; 304011084=5; 306021147=5","","matched PLIDA variable metadata","Sa2 location","madipge-mcd-d-enrolments-06-current","","",""
"dhda-health","MCD","madipge-mcd-d-mcd-0623-address","SA4_ASGS_2021","integer",485,0,0,79,"101 / 122 / 212 / 318 / 801","","matched PLIDA variable metadata","Sa4 location","madipge-mcd-d-enrolments-06-current","","",""
"dhda-health","MCD","madipge-mcd-d-mcd-0623-address","START_DATE","Date",485,0,0,133,"2006-04-01 to 2024-12-01","","matched PLIDA variable metadata","Start date","madipge-mcd-d-enrolments-06-current","","",""
"dhda-health","MCD","madipge-mcd-d-mcd-0623-address","STATE_ASGS_2021","integer",485,0,0,8,"1 / 1 / 2 / 3 / 8","1; 2; 3; 4; 5; 6; 7; 8","matched PLIDA variable metadata","State (number)","madipge-mcd-d-enrolments-06-current","","",""
"dhda-health","MCD","madipge-mcd-d-mcd-0623-address","SYNTHETIC_AEUID","character",485,0,0,485,"E8EFB0000001=1; E8EFB0000002=1; E8EFB0000003=1; E8EFB0000004=1; E8EFB0000005=1; E8EFB0000006=1; E8EFB0000007=1; E8EFB0000008=1","","matched PLIDA variable metadata","Synthetic MADIP Person ID | Scrambled pin","madipge-mcd-d-enrolments-06-current","","",""
"dhda-health","MCD","madipge-mcd-d-mcd-0623-demogs","CNSMR_CHRTC_ETS","Date",485,362,74.6392,44,"2007-12-28 to 2025-12-28","","matched PLIDA variable metadata","Consumer characteristic end timestamp | Consumer characteristic end date","madipge-mcd-d-enrolments-06-current","","",""
"dhda-health","MCD","madipge-mcd-d-mcd-0623-demogs","CNSMR_CHRTC_STS","Date",485,0,0,132,"2006-02-01 to 2024-12-01","","matched PLIDA variable metadata","Consumer characteristic start timestamp | Consumer characteristic start date","madipge-mcd-d-enrolments-06-current","","",""
"dhda-health","MCD","madipge-mcd-d-mcd-0623-demogs","CNSMR_ETS","Date",485,373,76.9072,45,"2008-03-28 to 2025-12-28","","matched PLIDA variable metadata","Consumer end timestamp | Consumer end date","madipge-mcd-d-enrolments-06-current","","",""
"dhda-health","MCD","madipge-mcd-d-mcd-0623-demogs","CNSMR_STS","Date",485,0,0,132,"2006-01-01 to 2024-12-01","","matched PLIDA variable metadata","Consumer start date","madipge-mcd-d-enrolments-06-current","","",""
"dhda-health","MCD","madipge-mcd-d-mcd-0623-demogs","MONTH_OF_BIRTH","integer",485,0,0,12,"1 / 3 / 6 / 9 / 12","1; 10; 11; 12; 2; 3; 4; 5; 6; 7; 8; 9","matched PLIDA variable metadata","Month of birth","madipge-mcd-d-enrolments-06-current","","",""
"dhda-health","MCD","madipge-mcd-d-mcd-0623-demogs","MONTH_OF_DEATH","integer",485,453,93.4021,12,"1.0 / 4.0 / 7.5 / 11.0 / 12.0","1; 10; 11; 12; 2; 3; 4; 5; 6; 7; 8; 9","matched PLIDA variable metadata","Month of Death","madipge-mcd-d-enrolments-06-current","","",""
"dhda-health","MCD","madipge-mcd-d-mcd-0623-demogs","SEX","character",485,0,0,2,"M=247; F=238","F; M","matched PLIDA variable metadata","Sex","madipge-mcd-d-enrolments-06-current","","",""
"dhda-health","MCD","madipge-mcd-d-mcd-0623-demogs","SYNTHETIC_AEUID","character",485,0,0,485,"E8EFB0000001=1; E8EFB0000002=1; E8EFB0000003=1; E8EFB0000004=1; E8EFB0000005=1; E8EFB0000006=1; E8EFB0000007=1; E8EFB0000008=1","","matched PLIDA variable metadata","Synthetic MADIP Person ID | Scrambled pin","madipge-mcd-d-enrolments-06-current","","",""
"dhda-health","MCD","madipge-mcd-d-mcd-0623-demogs","YEAR_OF_BIRTH","integer",485,0,0,93,"1922 / 1963 / 1985 / 2000 / 2021","","matched PLIDA variable metadata","Year of birth","madipge-mcd-d-enrolments-06-current","","",""
"dhda-health","MCD","madipge-mcd-d-mcd-0623-demogs","YEAR_OF_DEATH","integer",485,453,93.4021,16,"2007.0 / 2011.0 / 2019.5 / 2022.0 / 2025.0","2007; 2008; 2009; 2010; 2011; 2012; 2014; 2015; 2017; 2018; 2019; 2020; 2021; 2022; 2023; 2025","matched PLIDA variable metadata","Year of Death","madipge-mcd-d-enrolments-06-current","","",""
"dhda-health","MCD","madipge-mcd-d-mcd-0623-entitlements","CNPGM_ETM_CDE","character",485,0,0,3,"M=462; DVA=19; HCCA=4","DVA; HCCA; M","matched PLIDA variable metadata","Entitlement type | Entitlement code","madipge-mcd-d-enrolments-06-current","","",""
"dhda-health","MCD","madipge-mcd-d-mcd-0623-entitlements","CNPGM_ETM_ETS","Date",485,275,56.701,60,"2007-07-28 to 2025-12-28","","matched PLIDA variable metadata","Entitlement end date timestamp | Entitlement end date","madipge-mcd-d-enrolments-06-current","","",""
"dhda-health","MCD","madipge-mcd-d-mcd-0623-entitlements","CNPGM_ETM_STS","Date",485,0,0,136,"2006-01-01 to 2024-11-01","","matched PLIDA variable metadata","Entitlement start date timestamp | Entitlement start date","madipge-mcd-d-enrolments-06-current","","",""
"dhda-health","MCD","madipge-mcd-d-mcd-0623-entitlements","CON_CNPGM_ETM_ETS","Date",485,256,52.7835,69,"2009-01-28 to 2025-12-28","","matched PLIDA variable metadata","Effective entitlement end date timestamp | Effective entitlement end date","madipge-mcd-d-enrolments-06-current","","",""
"dhda-health","MCD","madipge-mcd-d-mcd-0623-entitlements","CON_CNPGM_ETM_STS","Date",485,0,0,132,"2006-03-01 to 2024-11-01","","matched PLIDA variable metadata","Effective entitlement start date timestamp | Effective entitlement start date","madipge-mcd-d-enrolments-06-current","","",""
"dhda-health","MCD","madipge-mcd-d-mcd-0623-entitlements","REL_CNTRY_CDE","character",485,0,0,2,"1101=482; 8104=3","1101; 8104","matched PLIDA variable metadata","Entitlement home code","madipge-mcd-d-enrolments-06-current","","",""
"dhda-health","MCD","madipge-mcd-d-mcd-0623-entitlements","SYNTHETIC_AEUID","character",485,0,0,485,"E8EFB0000001=1; E8EFB0000002=1; E8EFB0000003=1; E8EFB0000004=1; E8EFB0000005=1; E8EFB0000006=1; E8EFB0000007=1; E8EFB0000008=1","","matched PLIDA variable metadata","Synthetic MADIP Person ID | Scrambled pin","madipge-mcd-d-enrolments-06-current","","",""
"dhda-health","MCD","madipge-mcd-d-mcd-0624-address","ADR_TYP","character",485,0,0,1,"R=485","R","matched PLIDA variable metadata","Whether the address on this row is where the person lives or where Medicare sends their mail. Medicare enrolment addresses are among the mo…","madipge-mcd-d-enrolments-06-current","","",""
"dhda-health","MCD","madipge-mcd-d-mcd-0624-address","END_DATE","Date",485,350,72.1649,38,"2008-08-28 to 2025-11-28","","matched PLIDA variable metadata","End date","madipge-mcd-d-enrolments-06-current","","",""
"dhda-health","MCD","madipge-mcd-d-mcd-0624-address","SA1_ASGS_2021","character",485,54,11.134,243,"30401108413=5; 50403106512=5; 50705118607=5; 10502109813=4; 10804116225=4; 12103141229=4; 12104141401=4; 12201141808=4","","matched PLIDA variable metadata","Sa1 location","madipge-mcd-d-enrolments-06-current","","",""
"dhda-health","MCD","madipge-mcd-d-mcd-0624-address","SA2_ASGS_2021","character",485,0,0,234,"212031555=6; 213041577=6; 215011386=6; 105021098=5; 108041162=5; 114011274=5; 304011084=5; 306021147=5","","matched PLIDA variable metadata","Sa2 location","madipge-mcd-d-enrolments-06-current","","",""
"dhda-health","MCD","madipge-mcd-d-mcd-0624-address","SA4_ASGS_2021","integer",485,0,0,79,"101 / 122 / 212 / 318 / 801","","matched PLIDA variable metadata","Sa4 location","madipge-mcd-d-enrolments-06-current","","",""
"dhda-health","MCD","madipge-mcd-d-mcd-0624-address","START_DATE","Date",485,0,0,133,"2006-04-01 to 2024-12-01","","matched PLIDA variable metadata","Start date","madipge-mcd-d-enrolments-06-current","","",""
"dhda-health","MCD","madipge-mcd-d-mcd-0624-address","STATE_ASGS_2021","integer",485,0,0,8,"1 / 1 / 2 / 3 / 8","1; 2; 3; 4; 5; 6; 7; 8","matched PLIDA variable metadata","State (number)","madipge-mcd-d-enrolments-06-current","","",""
"dhda-health","MCD","madipge-mcd-d-mcd-0624-address","SYNTHETIC_AEUID","character",485,0,0,485,"E8EFB0000001=1; E8EFB0000002=1; E8EFB0000003=1; E8EFB0000004=1; E8EFB0000005=1; E8EFB0000006=1; E8EFB0000007=1; E8EFB0000008=1","","matched PLIDA variable metadata","Synthetic MADIP Person ID | Scrambled pin","madipge-mcd-d-enrolments-06-current","","",""
"dhda-health","MCD","madipge-mcd-d-mcd-0624-demogs","CNSMR_CHRTC_ETS","Date",485,362,74.6392,44,"2007-12-28 to 2025-12-28","","matched PLIDA variable metadata","Consumer characteristic end timestamp | Consumer characteristic end date","madipge-mcd-d-enrolments-06-current","","",""
"dhda-health","MCD","madipge-mcd-d-mcd-0624-demogs","CNSMR_CHRTC_STS","Date",485,0,0,132,"2006-02-01 to 2024-12-01","","matched PLIDA variable metadata","Consumer characteristic start timestamp | Consumer characteristic start date","madipge-mcd-d-enrolments-06-current","","",""
"dhda-health","MCD","madipge-mcd-d-mcd-0624-demogs","CNSMR_ETS","Date",485,373,76.9072,45,"2008-03-28 to 2025-12-28","","matched PLIDA variable metadata","Consumer end timestamp | Consumer end date","madipge-mcd-d-enrolments-06-current","","",""
"dhda-health","MCD","madipge-mcd-d-mcd-0624-demogs","CNSMR_STS","Date",485,0,0,132,"2006-01-01 to 2024-12-01","","matched PLIDA variable metadata","Consumer start date","madipge-mcd-d-enrolments-06-current","","",""
"dhda-health","MCD","madipge-mcd-d-mcd-0624-demogs","MONTH_OF_BIRTH","integer",485,0,0,12,"1 / 3 / 6 / 9 / 12","1; 10; 11; 12; 2; 3; 4; 5; 6; 7; 8; 9","matched PLIDA variable metadata","Month of birth","madipge-mcd-d-enrolments-06-current","","",""
"dhda-health","MCD","madipge-mcd-d-mcd-0624-demogs","MONTH_OF_DEATH","integer",485,453,93.4021,12,"1.0 / 4.0 / 7.5 / 11.0 / 12.0","1; 10; 11; 12; 2; 3; 4; 5; 6; 7; 8; 9","matched PLIDA variable metadata","Month of Death","madipge-mcd-d-enrolments-06-current","","",""
"dhda-health","MCD","madipge-mcd-d-mcd-0624-demogs","SEX","character",485,0,0,2,"M=247; F=238","F; M","matched PLIDA variable metadata","Sex","madipge-mcd-d-enrolments-06-current","","",""
"dhda-health","MCD","madipge-mcd-d-mcd-0624-demogs","SYNTHETIC_AEUID","character",485,0,0,485,"E8EFB0000001=1; E8EFB0000002=1; E8EFB0000003=1; E8EFB0000004=1; E8EFB0000005=1; E8EFB0000006=1; E8EFB0000007=1; E8EFB0000008=1","","matched PLIDA variable metadata","Synthetic MADIP Person ID | Scrambled pin","madipge-mcd-d-enrolments-06-current","","",""
"dhda-health","MCD","madipge-mcd-d-mcd-0624-demogs","YEAR_OF_BIRTH","integer",485,0,0,93,"1922 / 1963 / 1985 / 2000 / 2021","","matched PLIDA variable metadata","Year of birth","madipge-mcd-d-enrolments-06-current","","",""
"dhda-health","MCD","madipge-mcd-d-mcd-0624-demogs","YEAR_OF_DEATH","integer",485,453,93.4021,16,"2007.0 / 2011.0 / 2019.5 / 2022.0 / 2025.0","2007; 2008; 2009; 2010; 2011; 2012; 2014; 2015; 2017; 2018; 2019; 2020; 2021; 2022; 2023; 2025","matched PLIDA variable metadata","Year of Death","madipge-mcd-d-enrolments-06-current","","",""
"dhda-health","MCD","madipge-mcd-d-mcd-0624-entitlements","CNPGM_ETM_CDE","character",485,0,0,3,"M=462; DVA=19; HCCA=4","DVA; HCCA; M","matched PLIDA variable metadata","Entitlement type | Entitlement code","madipge-mcd-d-enrolments-06-current","","",""
"dhda-health","MCD","madipge-mcd-d-mcd-0624-entitlements","CNPGM_ETM_ETS","Date",485,275,56.701,60,"2007-07-28 to 2025-12-28","","matched PLIDA variable metadata","Entitlement end date timestamp | Entitlement end date","madipge-mcd-d-enrolments-06-current","","",""
"dhda-health","MCD","madipge-mcd-d-mcd-0624-entitlements","CNPGM_ETM_STS","Date",485,0,0,136,"2006-01-01 to 2024-11-01","","matched PLIDA variable metadata","Entitlement start date timestamp | Entitlement start date","madipge-mcd-d-enrolments-06-current","","",""
"dhda-health","MCD","madipge-mcd-d-mcd-0624-entitlements","CON_CNPGM_ETM_ETS","Date",485,256,52.7835,69,"2009-01-28 to 2025-12-28","","matched PLIDA variable metadata","Effective entitlement end date timestamp | Effective entitlement end date","madipge-mcd-d-enrolments-06-current","","",""
"dhda-health","MCD","madipge-mcd-d-mcd-0624-entitlements","CON_CNPGM_ETM_STS","Date",485,0,0,132,"2006-03-01 to 2024-11-01","","matched PLIDA variable metadata","Effective entitlement start date timestamp | Effective entitlement start date","madipge-mcd-d-enrolments-06-current","","",""
"dhda-health","MCD","madipge-mcd-d-mcd-0624-entitlements","REL_CNTRY_CDE","character",485,0,0,2,"1101=482; 8104=3","1101; 8104","matched PLIDA variable metadata","Entitlement home code","madipge-mcd-d-enrolments-06-current","","",""
"dhda-health","MCD","madipge-mcd-d-mcd-0624-entitlements","SYNTHETIC_AEUID","character",485,0,0,485,"E8EFB0000001=1; E8EFB0000002=1; E8EFB0000003=1; E8EFB0000004=1; E8EFB0000005=1; E8EFB0000006=1; E8EFB0000007=1; E8EFB0000008=1","","matched PLIDA variable metadata","Synthetic MADIP Person ID | Scrambled pin","madipge-mcd-d-enrolments-06-current","","",""
"dhda-health","MCD","madipge-mcd-d-mcd-0625-address","ADR_TYP","character",485,0,0,1,"R=485","R","matched PLIDA variable metadata","Whether the address on this row is where the person lives or where Medicare sends their mail. Medicare enrolment addresses are among the mo…","madipge-mcd-d-enrolments-06-current","","",""
"dhda-health","MCD","madipge-mcd-d-mcd-0625-address","END_DATE","Date",485,350,72.1649,38,"2008-08-28 to 2025-11-28","","matched PLIDA variable metadata","End date","madipge-mcd-d-enrolments-06-current","","",""
"dhda-health","MCD","madipge-mcd-d-mcd-0625-address","SA1_ASGS_2021","character",485,54,11.134,243,"30401108413=5; 50403106512=5; 50705118607=5; 10502109813=4; 10804116225=4; 12103141229=4; 12104141401=4; 12201141808=4","","matched PLIDA variable metadata","Sa1 location","madipge-mcd-d-enrolments-06-current","","",""
"dhda-health","MCD","madipge-mcd-d-mcd-0625-address","SA2_ASGS_2021","character",485,0,0,234,"212031555=6; 213041577=6; 215011386=6; 105021098=5; 108041162=5; 114011274=5; 304011084=5; 306021147=5","","matched PLIDA variable metadata","Sa2 location","madipge-mcd-d-enrolments-06-current","","",""
"dhda-health","MCD","madipge-mcd-d-mcd-0625-address","SA4_ASGS_2021","integer",485,0,0,79,"101 / 122 / 212 / 318 / 801","","matched PLIDA variable metadata","Sa4 location","madipge-mcd-d-enrolments-06-current","","",""
"dhda-health","MCD","madipge-mcd-d-mcd-0625-address","START_DATE","Date",485,0,0,133,"2006-04-01 to 2024-12-01","","matched PLIDA variable metadata","Start date","madipge-mcd-d-enrolments-06-current","","",""
"dhda-health","MCD","madipge-mcd-d-mcd-0625-address","STATE_ASGS_2021","integer",485,0,0,8,"1 / 1 / 2 / 3 / 8","1; 2; 3; 4; 5; 6; 7; 8","matched PLIDA variable metadata","State (number)","madipge-mcd-d-enrolments-06-current","","",""
"dhda-health","MCD","madipge-mcd-d-mcd-0625-address","SYNTHETIC_AEUID","character",485,0,0,485,"E8EFB0000001=1; E8EFB0000002=1; E8EFB0000003=1; E8EFB0000004=1; E8EFB0000005=1; E8EFB0000006=1; E8EFB0000007=1; E8EFB0000008=1","","matched PLIDA variable metadata","Synthetic MADIP Person ID | Scrambled pin","madipge-mcd-d-enrolments-06-current","","",""
"dhda-health","MCD","madipge-mcd-d-mcd-0625-demogs","CNSMR_CHRTC_ETS","Date",485,362,74.6392,44,"2007-12-28 to 2025-12-28","","matched PLIDA variable metadata","Consumer characteristic end timestamp | Consumer characteristic end date","madipge-mcd-d-enrolments-06-current","","",""
"dhda-health","MCD","madipge-mcd-d-mcd-0625-demogs","CNSMR_CHRTC_STS","Date",485,0,0,132,"2006-02-01 to 2024-12-01","","matched PLIDA variable metadata","Consumer characteristic start timestamp | Consumer characteristic start date","madipge-mcd-d-enrolments-06-current","","",""
"dhda-health","MCD","madipge-mcd-d-mcd-0625-demogs","CNSMR_ETS","Date",485,373,76.9072,45,"2008-03-28 to 2025-12-28","","matched PLIDA variable metadata","Consumer end timestamp | Consumer end date","madipge-mcd-d-enrolments-06-current","","",""
"dhda-health","MCD","madipge-mcd-d-mcd-0625-demogs","CNSMR_STS","Date",485,0,0,132,"2006-01-01 to 2024-12-01","","matched PLIDA variable metadata","Consumer start date","madipge-mcd-d-enrolments-06-current","","",""
"dhda-health","MCD","madipge-mcd-d-mcd-0625-demogs","MONTH_OF_BIRTH","integer",485,0,0,12,"1 / 3 / 6 / 9 / 12","1; 10; 11; 12; 2; 3; 4; 5; 6; 7; 8; 9","matched PLIDA variable metadata","Month of birth","madipge-mcd-d-enrolments-06-current","","",""
"dhda-health","MCD","madipge-mcd-d-mcd-0625-demogs","MONTH_OF_DEATH","integer",485,453,93.4021,12,"1.0 / 4.0 / 7.5 / 11.0 / 12.0","1; 10; 11; 12; 2; 3; 4; 5; 6; 7; 8; 9","matched PLIDA variable metadata","Month of Death","madipge-mcd-d-enrolments-06-current","","",""
"dhda-health","MCD","madipge-mcd-d-mcd-0625-demogs","SEX","character",485,0,0,2,"M=247; F=238","F; M","matched PLIDA variable metadata","Sex","madipge-mcd-d-enrolments-06-current","","",""
"dhda-health","MCD","madipge-mcd-d-mcd-0625-demogs","SYNTHETIC_AEUID","character",485,0,0,485,"E8EFB0000001=1; E8EFB0000002=1; E8EFB0000003=1; E8EFB0000004=1; E8EFB0000005=1; E8EFB0000006=1; E8EFB0000007=1; E8EFB0000008=1","","matched PLIDA variable metadata","Synthetic MADIP Person ID | Scrambled pin","madipge-mcd-d-enrolments-06-current","","",""
"dhda-health","MCD","madipge-mcd-d-mcd-0625-demogs","YEAR_OF_BIRTH","integer",485,0,0,93,"1922 / 1963 / 1985 / 2000 / 2021","","matched PLIDA variable metadata","Year of birth","madipge-mcd-d-enrolments-06-current","","",""
"dhda-health","MCD","madipge-mcd-d-mcd-0625-demogs","YEAR_OF_DEATH","integer",485,453,93.4021,16,"2007.0 / 2011.0 / 2019.5 / 2022.0 / 2025.0","2007; 2008; 2009; 2010; 2011; 2012; 2014; 2015; 2017; 2018; 2019; 2020; 2021; 2022; 2023; 2025","matched PLIDA variable metadata","Year of Death","madipge-mcd-d-enrolments-06-current","","",""
"dhda-health","MCD","madipge-mcd-d-mcd-0625-entitlements","CNPGM_ETM_CDE","character",485,0,0,3,"M=462; DVA=19; HCCA=4","DVA; HCCA; M","matched PLIDA variable metadata","Entitlement type | Entitlement code","madipge-mcd-d-enrolments-06-current","","",""
"dhda-health","MCD","madipge-mcd-d-mcd-0625-entitlements","CNPGM_ETM_ETS","Date",485,275,56.701,60,"2007-07-28 to 2025-12-28","","matched PLIDA variable metadata","Entitlement end date timestamp | Entitlement end date","madipge-mcd-d-enrolments-06-current","","",""
"dhda-health","MCD","madipge-mcd-d-mcd-0625-entitlements","CNPGM_ETM_STS","Date",485,0,0,136,"2006-01-01 to 2024-11-01","","matched PLIDA variable metadata","Entitlement start date timestamp | Entitlement start date","madipge-mcd-d-enrolments-06-current","","",""
"dhda-health","MCD","madipge-mcd-d-mcd-0625-entitlements","CON_CNPGM_ETM_ETS","Date",485,256,52.7835,69,"2009-01-28 to 2025-12-28","","matched PLIDA variable metadata","Effective entitlement end date timestamp | Effective entitlement end date","madipge-mcd-d-enrolments-06-current","","",""
"dhda-health","MCD","madipge-mcd-d-mcd-0625-entitlements","CON_CNPGM_ETM_STS","Date",485,0,0,132,"2006-03-01 to 2024-11-01","","matched PLIDA variable metadata","Effective entitlement start date timestamp | Effective entitlement start date","madipge-mcd-d-enrolments-06-current","","",""
"dhda-health","MCD","madipge-mcd-d-mcd-0625-entitlements","REL_CNTRY_CDE","character",485,0,0,2,"1101=482; 8104=3","1101; 8104","matched PLIDA variable metadata","Entitlement home code","madipge-mcd-d-enrolments-06-current","","",""
"dhda-health","MCD","madipge-mcd-d-mcd-0625-entitlements","SYNTHETIC_AEUID","character",485,0,0,485,"E8EFB0000001=1; E8EFB0000002=1; E8EFB0000003=1; E8EFB0000004=1; E8EFB0000005=1; E8EFB0000006=1; E8EFB0000007=1; E8EFB0000008=1","","matched PLIDA variable metadata","Synthetic MADIP Person ID | Scrambled pin","madipge-mcd-d-enrolments-06-current","","",""
"dhda-health","MCD","madipge-mcd-d-mcd-1225-address","ADR_TYP","character",485,0,0,1,"R=485","R","matched PLIDA variable metadata","Whether the address on this row is where the person lives or where Medicare sends their mail. Medicare enrolment addresses are among the mo…","madipge-mcd-d-enrolments-06-current","","",""
"dhda-health","MCD","madipge-mcd-d-mcd-1225-address","END_DATE","Date",485,350,72.1649,38,"2008-08-28 to 2025-11-28","","matched PLIDA variable metadata","End date","madipge-mcd-d-enrolments-06-current","","",""
"dhda-health","MCD","madipge-mcd-d-mcd-1225-address","SA1_ASGS_2021","character",485,54,11.134,243,"30401108413=5; 50403106512=5; 50705118607=5; 10502109813=4; 10804116225=4; 12103141229=4; 12104141401=4; 12201141808=4","","matched PLIDA variable metadata","Sa1 location","madipge-mcd-d-enrolments-06-current","","",""
"dhda-health","MCD","madipge-mcd-d-mcd-1225-address","SA2_ASGS_2021","character",485,0,0,234,"212031555=6; 213041577=6; 215011386=6; 105021098=5; 108041162=5; 114011274=5; 304011084=5; 306021147=5","","matched PLIDA variable metadata","Sa2 location","madipge-mcd-d-enrolments-06-current","","",""
"dhda-health","MCD","madipge-mcd-d-mcd-1225-address","SA4_ASGS_2021","integer",485,0,0,79,"101 / 122 / 212 / 318 / 801","","matched PLIDA variable metadata","Sa4 location","madipge-mcd-d-enrolments-06-current","","",""
"dhda-health","MCD","madipge-mcd-d-mcd-1225-address","START_DATE","Date",485,0,0,133,"2006-04-01 to 2024-12-01","","matched PLIDA variable metadata","Start date","madipge-mcd-d-enrolments-06-current","","",""
"dhda-health","MCD","madipge-mcd-d-mcd-1225-address","STATE_ASGS_2021","integer",485,0,0,8,"1 / 1 / 2 / 3 / 8","1; 2; 3; 4; 5; 6; 7; 8","matched PLIDA variable metadata","State (number)","madipge-mcd-d-enrolments-06-current","","",""
"dhda-health","MCD","madipge-mcd-d-mcd-1225-address","SYNTHETIC_AEUID","character",485,0,0,485,"E8EFB0000001=1; E8EFB0000002=1; E8EFB0000003=1; E8EFB0000004=1; E8EFB0000005=1; E8EFB0000006=1; E8EFB0000007=1; E8EFB0000008=1","","matched PLIDA variable metadata","Synthetic MADIP Person ID | Scrambled pin","madipge-mcd-d-enrolments-06-current","","",""
"dhda-health","MCD","madipge-mcd-d-mcd-1225-demogs","CNSMR_CHRTC_ETS","Date",485,362,74.6392,44,"2007-12-28 to 2025-12-28","","matched PLIDA variable metadata","Consumer characteristic end timestamp | Consumer characteristic end date","madipge-mcd-d-enrolments-06-current","","",""
"dhda-health","MCD","madipge-mcd-d-mcd-1225-demogs","CNSMR_CHRTC_STS","Date",485,0,0,132,"2006-02-01 to 2024-12-01","","matched PLIDA variable metadata","Consumer characteristic start timestamp | Consumer characteristic start date","madipge-mcd-d-enrolments-06-current","","",""
"dhda-health","MCD","madipge-mcd-d-mcd-1225-demogs","CNSMR_ETS","Date",485,373,76.9072,45,"2008-03-28 to 2025-12-28","","matched PLIDA variable metadata","Consumer end timestamp | Consumer end date","madipge-mcd-d-enrolments-06-current","","",""
"dhda-health","MCD","madipge-mcd-d-mcd-1225-demogs","CNSMR_STS","Date",485,0,0,132,"2006-01-01 to 2024-12-01","","matched PLIDA variable metadata","Consumer start date","madipge-mcd-d-enrolments-06-current","","",""
"dhda-health","MCD","madipge-mcd-d-mcd-1225-demogs","MONTH_OF_BIRTH","integer",485,0,0,12,"1 / 3 / 6 / 9 / 12","1; 10; 11; 12; 2; 3; 4; 5; 6; 7; 8; 9","matched PLIDA variable metadata","Month of birth","madipge-mcd-d-enrolments-06-current","","",""
"dhda-health","MCD","madipge-mcd-d-mcd-1225-demogs","MONTH_OF_DEATH","integer",485,453,93.4021,12,"1.0 / 4.0 / 7.5 / 11.0 / 12.0","1; 10; 11; 12; 2; 3; 4; 5; 6; 7; 8; 9","matched PLIDA variable metadata","Month of Death","madipge-mcd-d-enrolments-06-current","","",""
"dhda-health","MCD","madipge-mcd-d-mcd-1225-demogs","SEX","character",485,0,0,2,"M=247; F=238","F; M","matched PLIDA variable metadata","Sex","madipge-mcd-d-enrolments-06-current","","",""
"dhda-health","MCD","madipge-mcd-d-mcd-1225-demogs","SYNTHETIC_AEUID","character",485,0,0,485,"E8EFB0000001=1; E8EFB0000002=1; E8EFB0000003=1; E8EFB0000004=1; E8EFB0000005=1; E8EFB0000006=1; E8EFB0000007=1; E8EFB0000008=1","","matched PLIDA variable metadata","Synthetic MADIP Person ID | Scrambled pin","madipge-mcd-d-enrolments-06-current","","",""
"dhda-health","MCD","madipge-mcd-d-mcd-1225-demogs","YEAR_OF_BIRTH","integer",485,0,0,93,"1922 / 1963 / 1985 / 2000 / 2021","","matched PLIDA variable metadata","Year of birth","madipge-mcd-d-enrolments-06-current","","",""
"dhda-health","MCD","madipge-mcd-d-mcd-1225-demogs","YEAR_OF_DEATH","integer",485,453,93.4021,16,"2007.0 / 2011.0 / 2019.5 / 2022.0 / 2025.0","2007; 2008; 2009; 2010; 2011; 2012; 2014; 2015; 2017; 2018; 2019; 2020; 2021; 2022; 2023; 2025","matched PLIDA variable metadata","Year of Death","madipge-mcd-d-enrolments-06-current","","",""
"dhda-health","MCD","madipge-mcd-d-mcd-1225-entitlements","CNPGM_ETM_CDE","character",485,0,0,3,"M=462; DVA=19; HCCA=4","DVA; HCCA; M","matched PLIDA variable metadata","Entitlement type | Entitlement code","madipge-mcd-d-enrolments-06-current","","",""
"dhda-health","MCD","madipge-mcd-d-mcd-1225-entitlements","CNPGM_ETM_ETS","Date",485,275,56.701,60,"2007-07-28 to 2025-12-28","","matched PLIDA variable metadata","Entitlement end date timestamp | Entitlement end date","madipge-mcd-d-enrolments-06-current","","",""
"dhda-health","MCD","madipge-mcd-d-mcd-1225-entitlements","CNPGM_ETM_STS","Date",485,0,0,136,"2006-01-01 to 2024-11-01","","matched PLIDA variable metadata","Entitlement start date timestamp | Entitlement start date","madipge-mcd-d-enrolments-06-current","","",""
"dhda-health","MCD","madipge-mcd-d-mcd-1225-entitlements","CON_CNPGM_ETM_ETS","Date",485,256,52.7835,69,"2009-01-28 to 2025-12-28","","matched PLIDA variable metadata","Effective entitlement end date timestamp | Effective entitlement end date","madipge-mcd-d-enrolments-06-current","","",""
"dhda-health","MCD","madipge-mcd-d-mcd-1225-entitlements","CON_CNPGM_ETM_STS","Date",485,0,0,132,"2006-03-01 to 2024-11-01","","matched PLIDA variable metadata","Effective entitlement start date timestamp | Effective entitlement start date","madipge-mcd-d-enrolments-06-current","","",""
"dhda-health","MCD","madipge-mcd-d-mcd-1225-entitlements","REL_CNTRY_CDE","character",485,0,0,2,"1101=482; 8104=3","1101; 8104","matched PLIDA variable metadata","Entitlement home code","madipge-mcd-d-enrolments-06-current","","",""
"dhda-health","MCD","madipge-mcd-d-mcd-1225-entitlements","SYNTHETIC_AEUID","character",485,0,0,485,"E8EFB0000001=1; E8EFB0000002=1; E8EFB0000003=1; E8EFB0000004=1; E8EFB0000005=1; E8EFB0000006=1; E8EFB0000007=1; E8EFB0000008=1","","matched PLIDA variable metadata","Synthetic MADIP Person ID | Scrambled pin","madipge-mcd-d-enrolments-06-current","","",""
"dhda-health","MCD","sa-mcd","spine_id","character",500,50,10,450,"SP0000000001=1; SP0000000002=1; SP0000000003=1; SP0000000004=1; SP0000000005=1; SP0000000006=1; SP0000000007=1; SP0000000009=1","","no PLIDA metadata match by dataset+variable","","","","",""
"dhda-health","MCD","sa-mcd","SYNTHETIC_AEUID","character",500,0,0,500,"E8EFB0000001=1; E8EFB0000002=1; E8EFB0000003=1; E8EFB0000004=1; E8EFB0000005=1; E8EFB0000006=1; E8EFB0000007=1; E8EFB0000008=1","","matched PLIDA variable metadata","Synthetic MADIP Person ID | Scrambled pin","madipge-mcd-d-enrolments-06-current","","",""
"dhda-health","NACDC","aihw-nacdc","spine_id","character",500,50,10,450,"SP0000000001=1; SP0000000002=1; SP0000000003=1; SP0000000004=1; SP0000000005=1; SP0000000007=1; SP0000000008=1; SP0000000009=1","","no PLIDA metadata match by dataset+variable","","","","",""
"dhda-health","NACDC","aihw-nacdc","SYNTHETIC_AEUID","character",500,0,0,500,"1B5910000001=1; 1B5910000002=1; 1B5910000003=1; 1B5910000004=1; 1B5910000005=1; 1B5910000006=1; 1B5910000007=1; 1B5910000008=1","","matched PLIDA variable metadata","The older person, as the de-identified person key that ties every aged care table together and out to the rest of PLIDA. It is what lets a …","madipge-aged-care-d-agedrecipient-15-current | madipge-aged-care-d-chsp-16-current | madipge-aged-care-d-hcp-15-current | ... (5 products)","","",""
"dhda-health","NACDC","madipge-aged-care-d-agedrecipient-15-current","BIRTH_MONTH","integer",12,0,0,7,"1.00 / 1.75 / 4.00 / 11.00 / 12.00","1; 11; 12; 2; 3; 5; 9","matched PLIDA variable metadata","The month of the year in which the care recipient was born, kept without the day. The aged care source systems hold a full date of birth, w…","madipge-aged-care-d-agedrecipient-15-current | madipge-aged-care-d-chsp-16-current","","",""
"dhda-health","NACDC","madipge-aged-care-d-agedrecipient-15-current","BIRTH_YEAR","integer",12,0,0,11,"1922.00 / 1935.25 / 1939.50 / 1951.25 / 1958.00","1922; 1927; 1930; 1937; 1939; 1940; 1942; 1950; 1955; 1957; 1958","matched PLIDA variable metadata","The year the care recipient was born, the coarser half of the reduced date of birth held on this table. The AIHW records that age in this d…","madipge-aged-care-d-agedrecipient-15-current | madipge-aged-care-d-chsp-16-current","","",""
"dhda-health","NACDC","madipge-aged-care-d-agedrecipient-15-current","CARE_TYPE","character",12,0,0,4,"Home Care Packages Program=5; Commonwealth Home Support Program=3; Residential care=3; Transition Care Program=1","Commonwealth Home Support Program; Home Care Packages Program; Residential care; Transition Care Program","no PLIDA metadata match by dataset+variable","","","","",""
"dhda-health","NACDC","madipge-aged-care-d-agedrecipient-15-current","COUNTRY_OF_BIRTH","integer",12,0,0,5,"1101.00 / 1101.00 / 1101.00 / 5678.75 / 7106.00","1101; 2102; 5204; 7103; 7106","no PLIDA metadata match by dataset+variable","","","","",""
"dhda-health","NACDC","madipge-aged-care-d-agedrecipient-15-current","COUNTRY_OF_BIRTH_CODE","character",12,0,0,5,"1101=7; 7103=2; 2102=1; 5204=1; 7106=1","1101; 2102; 5204; 7103; 7106","matched PLIDA variable metadata","Where the care recipient was born, held as an ABS country code. AIHW METEOR defines the national element as ""The country in which the perso…","madipge-aged-care-d-agedrecipient-15-current | madipge-aged-care-d-chsp-16-current","","",""
"dhda-health","NACDC","madipge-aged-care-d-agedrecipient-15-current","COUNTRY_OF_BIRTH_DESC","character",12,0,0,5,"Australia=7; India=2; England=1; Pakistan=1; Philippines=1","Australia; England; India; Pakistan; Philippines","matched PLIDA variable metadata","The country name that goes with COUNTRY_OF_BIRTH_CODE on the same row, saved so a table can be read without a lookup. It labels the element…","madipge-aged-care-d-agedrecipient-15-current | madipge-aged-care-d-chsp-16-current","","",""
"dhda-health","NACDC","madipge-aged-care-d-agedrecipient-15-current","ENTRY_DATE","Date",12,0,0,12,"2015-02-09 to 2025-05-10","2015-02-09; 2017-02-17; 2017-08-11; 2017-11-21; 2019-05-03; 2021-02-25; 2021-11-07; 2021-12-23; 2023-11-01; 2024-04-07; 2025-01-04; 2025-05-10","matched PLIDA variable metadata","The day a person started an episode of care with a service, on the home care, residential care and transition care episode tables alike. Th…","madipge-aged-care-d-hcp-15-current | madipge-aged-care-d-rac-15-current | madipge-aged-care-d-tcp-15-current","","",""
"dhda-health","NACDC","madipge-aged-care-d-agedrecipient-15-current","EXIT_DATE","Date",12,6,50,6,"2018-03-08 to 2025-12-31","2018-03-08; 2021-01-30; 2021-05-08; 2023-02-26; 2025-11-18; 2025-12-31","matched PLIDA variable metadata","The day a person stopped receiving care from a service, closing the episode that ENTRY_DATE opened. The AIHW defines it as ""the person's da…","madipge-aged-care-d-hcp-15-current | madipge-aged-care-d-rac-15-current | madipge-aged-care-d-tcp-15-current","","",""
"dhda-health","NACDC","madipge-aged-care-d-agedrecipient-15-current","FUNCTIONAL_CAPACITY_SCORE","numeric",12,0,0,11,"18.00 / 54.25 / 60.00 / 65.50 / 76.00","18; 37; 49; 56; 59; 60; 61; 63; 73; 74; 76","no PLIDA metadata match by dataset+variable","","","","",""
"dhda-health","NACDC","madipge-aged-care-d-agedrecipient-15-current","HCP_LEVEL","character",12,7,58.3333,3,"LEVEL 2=2; LEVEL 3=2; LEVEL 4=1","LEVEL 2; LEVEL 3; LEVEL 4","no PLIDA metadata match by dataset+variable","","","","",""
"dhda-health","NACDC","madipge-aged-care-d-agedrecipient-15-current","INDIGENOUS_STATUS","character",12,0,0,1,"4=12","4","no PLIDA metadata match by dataset+variable","","","","",""
"dhda-health","NACDC","madipge-aged-care-d-agedrecipient-15-current","MARITAL_STATUS","character",12,0,0,3,"Widowed=7; Married (registered or de facto)=3; Divorced=2","Divorced; Married (registered or de facto); Widowed","no PLIDA metadata match by dataset+variable","","","","",""
"dhda-health","NACDC","madipge-aged-care-d-agedrecipient-15-current","MARITAL_STATUS_CODE","character",12,0,0,3,"W=7; M=3; D=2","D; M; W","matched PLIDA variable metadata","The care recipient's relationship status as recorded at the aged care assessment, held as a code. AIHW METEOR defines the national element …","madipge-aged-care-d-agedrecipient-15-current","","",""
"dhda-health","NACDC","madipge-aged-care-d-agedrecipient-15-current","MARITAL_STATUS_DESC","character",12,0,0,3,"Widowed=7; Married (registered or de facto)=3; Divorced=2","Divorced; Married (registered or de facto); Widowed","matched PLIDA variable metadata","The written label for MARITAL_STATUS_CODE on the same row, so the table reads without a lookup. It labels the national element AIHW METEOR …","madipge-aged-care-d-agedrecipient-15-current","","",""
"dhda-health","NACDC","madipge-aged-care-d-agedrecipient-15-current","PREFERRED_LANGUAGE_CODE","character",12,0,0,4,"02=9; 48=1; 67=1; 72=1","02; 48; 67; 72","matched PLIDA variable metadata","The language the care recipient would rather be spoken to in, held as an ABS language code. AIHW METEOR defines the national element as ""Th…","madipge-aged-care-d-agedrecipient-15-current | madipge-aged-care-d-chsp-16-current","","",""
"dhda-health","NACDC","madipge-aged-care-d-agedrecipient-15-current","PREFERRED_LANGUAGE_DESC","character",12,0,0,4,"English=9; Cantonese=1; Mandarin=1; Punjabi=1","Cantonese; English; Mandarin; Punjabi","matched PLIDA variable metadata","The language name that goes with PREFERRED_LANGUAGE_CODE on the same row. It labels the element AIHW METEOR defines as ""The language (inclu…","madipge-aged-care-d-agedrecipient-15-current | madipge-aged-care-d-chsp-16-current","","",""
"dhda-health","NACDC","madipge-aged-care-d-agedrecipient-15-current","RECIPIENT_STATE","character",12,0,0,6,"NSW=4; VIC=3; QLD=2; ACT=1; NT=1; WA=1","ACT; NSW; NT; QLD; VIC; WA","matched PLIDA variable metadata","The state or territory recorded against the older person, taken from the address on file at assessment or registration. It is the coarsest …","madipge-aged-care-d-agedrecipient-15-current | madipge-aged-care-d-chsp-16-current","","",""
"dhda-health","NACDC","madipge-aged-care-d-agedrecipient-15-current","SEX","character",12,0,0,2,"F=8; M=4","F; M","no PLIDA metadata match by dataset+variable","","","","",""
"dhda-health","NACDC","madipge-aged-care-d-agedrecipient-15-current","SEX_CODE","character",12,0,0,2,"F=8; M=4","F; M","matched PLIDA variable metadata","The recipient's sex as a single digit, following the AIHW standard element that defines it as ""The biological distinction between male and …","madipge-aged-care-d-agedrecipient-15-current | madipge-aged-care-d-chsp-16-current","","",""
"dhda-health","NACDC","madipge-aged-care-d-agedrecipient-15-current","SEX_DESC","character",12,0,0,2,"Female=8; Male=4","Female; Male","matched PLIDA variable metadata","The written-out form of the recipient's sex, holding the same fact as SEX_CODE beside it. It exists so a table can be read without a code l…","madipge-aged-care-d-agedrecipient-15-current | madipge-aged-care-d-chsp-16-current","","",""
"dhda-health","NACDC","madipge-aged-care-d-agedrecipient-15-current","STATE","character",12,0,0,6,"NSW=4; VIC=3; QLD=2; ACT=1; NT=1; WA=1","ACT; NSW; NT; QLD; VIC; WA","no PLIDA metadata match by dataset+variable","","","","",""
"dhda-health","NACDC","madipge-aged-care-d-agedrecipient-15-current","SYNTHETIC_AEUID","character",12,0,0,12,"1B5910000001=1; 1B5910000002=1; 1B5910000025=1; 1B591000002C=1; 1B5910000045=1; 1B5910000063=1; 1B5910000095=1; 1B59100000F3=1","1B5910000001; 1B5910000002; 1B5910000025; 1B591000002C; 1B5910000045; 1B5910000063; 1B5910000095; 1B59100000F3; 1B5910000110; 1B591000014B; 1B591000017E; 1B591000019C","matched PLIDA variable metadata","The older person, as the de-identified person key that ties every aged care table together and out to the rest of PLIDA. It is what lets a …","madipge-aged-care-d-agedrecipient-15-current | madipge-aged-care-d-chsp-16-current | madipge-aged-care-d-hcp-15-current | ... (5 products)","","",""
"dhda-health","NACDC","madipge-aged-care-d-agedservice-15-current","PROVIDER_ID_ENCRYPTED","character",12,0,0,12,"PROV178C3ED128706772=1; PROV29A3E84849D6233E=1; PROV31C15984D4951E20=1; PROV56D8C92FCE576541=1; PROV6960BFCA3225AB64=1; PROV82D7B927DC475BB1=1; PROVD3A00B3B63598A72=1; PROVD3A00F3B6359913E=1","PROV178C3ED128706772; PROV29A3E84849D6233E; PROV31C15984D4951E20; PROV56D8C92FCE576541; PROV6960BFCA3225AB64; PROV82D7B927DC475BB1; PROVD3A00B3B63598A72; PROVD3A00F3B6359913E; PROVD3AB62631C606E70; PROVEC464758C8D797E9; PROVF0241DE5F20D6D7A; PROVF1223F51924C6E26","matched PLIDA variable metadata","The organisation that ran the aged care service, held as a key rather than as a name. The AIHW defines a provider in this collection as ""An…","madipge-aged-care-d-agedservice-15-current | madipge-aged-care-d-chsp-16-current","","",""
"dhda-health","NACDC","madipge-aged-care-d-agedservice-15-current","PROVIDER_INCORPORATED_BODY","character",12,0,0,3,"Y=7; N=3; U=2","N; U; Y","matched PLIDA variable metadata","The legal form the aged care provider takes as a business. The AIHW documents the underlying provider type element as one that ""Categorises…","madipge-aged-care-d-agedservice-15-current","","",""
"dhda-health","NACDC","madipge-aged-care-d-agedservice-15-current","PROVIDER_ORGANISATION_TYPE","character",12,0,0,5,"Community Based=5; Religious=3; Local Government=2; Charitable=1; Private Incorporated Body=1","Charitable; Community Based; Local Government; Private Incorporated Body; Religious","matched PLIDA variable metadata","Which sector the organisation running the service belongs to. The AIHW defines the concept as the ""Type of organisation providing aged care…","madipge-aged-care-d-agedservice-15-current | madipge-aged-care-d-chsp-16-current","","",""
"dhda-health","NACDC","madipge-aged-care-d-agedservice-15-current","PROVIDER_PURPOSE","character",12,0,0,3,"Not for profit=9; Government=2; For profit=1","For profit; Government; Not for profit","matched PLIDA variable metadata","What kind of organisation runs the aged care service: for-profit, not-for-profit or government. Ownership purpose is one of the few provide…","madipge-aged-care-d-agedservice-15-current | madipge-aged-care-d-chsp-16-current","","",""
"dhda-health","NACDC","madipge-aged-care-d-agedservice-15-current","PROVIDER_STATE","character",12,0,0,6,"NSW=4; VIC=3; QLD=2; ACT=1; NT=1; WA=1","ACT; NSW; NT; QLD; VIC; WA","matched PLIDA variable metadata","The state or territory of the funded organisation's own physical address, held as a name rather than a code. It answers where the provider …","madipge-aged-care-d-agedservice-15-current | madipge-aged-care-d-chsp-16-current","","",""
"dhda-health","NACDC","madipge-aged-care-d-agedservice-15-current","SERVICE_APPROVAL_CARE_TYPE","character",12,0,0,4,"Home Care=5; Commonwealth Home Support Program (CHSP)=3; Residential=3; Flexible=1","Commonwealth Home Support Program (CHSP); Flexible; Home Care; Residential","matched PLIDA variable metadata","The kind of care this outlet or facility holds an approval to provide, which is what separates a residential aged care home from a home car…","madipge-aged-care-d-agedservice-15-current","","",""
"dhda-health","NACDC","madipge-aged-care-d-agedservice-15-current","SERVICE_ID_ENCRYPTED","character",12,0,0,12,"SERV2D972824C4EF03CE=1; SERV303A014E62DDD981=1; SERV32057444456E929F=1; SERV3A4A676310CB5BD4=1; SERV54411A4E77A9AAFC=1; SERV5899C89085DE7819=1; SERV597394C9E91E28BC=1; SERV645B05FE851A48FA=1","SERV2D972824C4EF03CE; SERV303A014E62DDD981; SERV32057444456E929F; SERV3A4A676310CB5BD4; SERV54411A4E77A9AAFC; SERV5899C89085DE7819; SERV597394C9E91E28BC; SERV645B05FE851A48FA; SERV8E9B1DB8FB131215; SERV9D059C3BF37E3E81; SERVB78A764E553E30E2; SERVE28E80F082858D9F","matched PLIDA variable metadata","The individual aged care outlet or facility, as an encrypted key that is ""unique to each aged care service"" (National Aged Care Data Cleari…","madipge-aged-care-d-agedservice-15-current | madipge-aged-care-d-hcp-15-current | madipge-aged-care-d-rac-15-current | ... (4 products)","","",""
"dhda-health","NACDC","madipge-aged-care-d-agedservice-15-current","SERVICE_SA2_CODE","character",12,0,0,12,"101041020=1; 113031271=1; 126011721=1; 126021723=1; 203031051=1; 209041224=1; 213031347=1; 308031205=1","101041020; 113031271; 126011721; 126021723; 203031051; 209041224; 213031347; 308031205; 317011455; 501021009; 702051067; 801011015","matched PLIDA variable metadata","The small statistical area containing the aged care facility or outlet, which is the unit AIHW aged care reporting uses to compare service …","madipge-aged-care-d-agedservice-15-current","","",""
"dhda-health","NACDC","madipge-aged-care-d-agedservice-15-current","SERVICE_SA2_NAME","character",12,0,0,12,"Bega-Eden Hinterland=1; Berserker=1; Braybrook=1; Collie=1; Eastwood=1; Epping (NSW) - West=1; Holt=1; Katherine=1","Bega-Eden Hinterland; Berserker; Braybrook; Collie; Eastwood; Epping (NSW) - West; Holt; Katherine; Portarlington; Rangeville; Wagga Wagga Surrounds; Wallan","matched PLIDA variable metadata","The readable label for the statistical area holding the aged care facility or outlet, and the same fact as SERVICE_SA2_CODE beside it. Its …","madipge-aged-care-d-agedservice-15-current","","",""
"dhda-health","NACDC","madipge-aged-care-d-agedservice-15-current","SERVICE_STATE","character",12,0,0,6,"NSW=4; VIC=3; QLD=2; ACT=1; NT=1; WA=1","ACT; NSW; NT; QLD; VIC; WA","matched PLIDA variable metadata","The state or territory in which the aged care facility or outlet physically sits, as a name rather than a code. It is the level at which mo…","madipge-aged-care-d-agedservice-15-current","","",""
"dhda-health","NACDC","madipge-aged-care-d-agedservice-15-current","SERVICE_STATUS","character",12,0,0,1,"Operational=12","Operational","matched PLIDA variable metadata","Whether the outlet or facility was actually operating as at REFERENCE_DATE, as against approved but not yet open, or closed. The AIHW defin…","madipge-aged-care-d-agedservice-15-current","","",""
"dhda-health","NACDC","madipge-aged-care-d-agedservice-15-current","SERVICE_TYPE","character",12,0,0,4,"Home Care=5; Commonwealth Home Support Program=3; Residential=3; Transition Care=1","Commonwealth Home Support Program; Home Care; Residential; Transition Care","matched PLIDA variable metadata","The aged care programme the service operates under. The AIHW defines the matching concept as the ""Type of aged care program"", derived from …","madipge-aged-care-d-agedservice-15-current","","",""
"dhda-health","NACDC","madipge-aged-care-d-chsp-16-current","ACCOMMODATION_TYPE","character",3,0,0,1,"Private residence - client or family owned/purchasing=3","Private residence - client or family owned/purchasing","matched PLIDA variable metadata","The kind of dwelling the care recipient usually lives in, recorded at assessment. It is the column that separates someone living in a priva…","madipge-aged-care-d-chsp-16-current | madipge-aged-care-d-hcp-15-current","","",""
"dhda-health","NACDC","madipge-aged-care-d-chsp-16-current","ASSISTANCE_MINUTES_NBR","character",3,0,0,2,"30=2; 90=1","30; 90","matched PLIDA variable metadata","How long the assistance on this row took, in minutes. Minutes are the comparable unit across service types where quantity is not: an hour o…","madipge-aged-care-d-chsp-16-current","","",""
"dhda-health","NACDC","madipge-aged-care-d-chsp-16-current","BIRTH_MONTH","integer",3,0,0,3,"3 / 6 / 9 / 10 / 11","11; 3; 9","matched PLIDA variable metadata","The month of the year in which the care recipient was born, kept without the day. The aged care source systems hold a full date of birth, w…","madipge-aged-care-d-agedrecipient-15-current | madipge-aged-care-d-chsp-16-current","","",""
"dhda-health","NACDC","madipge-aged-care-d-chsp-16-current","BIRTH_YEAR","integer",3,0,0,3,"1922.0 / 1924.5 / 1927.0 / 1934.5 / 1942.0","1922; 1927; 1942","matched PLIDA variable metadata","The year the care recipient was born, the coarser half of the reduced date of birth held on this table. The AIHW records that age in this d…","madipge-aged-care-d-agedrecipient-15-current | madipge-aged-care-d-chsp-16-current","","",""
"dhda-health","NACDC","madipge-aged-care-d-chsp-16-current","CARER_EXISTENCE","character",3,0,0,2,"Y=2; N=1","N; Y","matched PLIDA variable metadata","Whether the care recipient has someone providing them unpaid care. It is the single strongest predictor in the file of how long someone can…","madipge-aged-care-d-chsp-16-current","","",""
"dhda-health","NACDC","madipge-aged-care-d-chsp-16-current","COUNTRY_OF_BIRTH_CODE","character",3,0,0,2,"1101=2; 7103=1","1101; 7103","matched PLIDA variable metadata","Where the care recipient was born, held as an ABS country code. AIHW METEOR defines the national element as ""The country in which the perso…","madipge-aged-care-d-agedrecipient-15-current | madipge-aged-care-d-chsp-16-current","","",""
"dhda-health","NACDC","madipge-aged-care-d-chsp-16-current","COUNTRY_OF_BIRTH_DESC","character",3,0,0,2,"Australia=2; India=1","Australia; India","matched PLIDA variable metadata","The country name that goes with COUNTRY_OF_BIRTH_CODE on the same row, saved so a table can be read without a lookup. It labels the element…","madipge-aged-care-d-agedrecipient-15-current | madipge-aged-care-d-chsp-16-current","","",""
"dhda-health","NACDC","madipge-aged-care-d-chsp-16-current","LIVING_ARRANGEMENTS","character",3,0,0,2,"Single (person living alone)=2; Group (related adults)=1","Group (related adults); Single (person living alone)","matched PLIDA variable metadata","Whether the person usually lives alone, with family or with other people, recorded at the aged care assessment or on the home support clien…","madipge-aged-care-d-chsp-16-current | madipge-aged-care-d-hcp-15-current","","",""
"dhda-health","NACDC","madipge-aged-care-d-chsp-16-current","PREFERRED_LANGUAGE_CODE","character",3,0,0,3,"1201=1; 5207=1; 7101=1","1201; 5207; 7101","matched PLIDA variable metadata","The language the care recipient would rather be spoken to in, held as an ABS language code. AIHW METEOR defines the national element as ""Th…","madipge-aged-care-d-agedrecipient-15-current | madipge-aged-care-d-chsp-16-current","","",""
"dhda-health","NACDC","madipge-aged-care-d-chsp-16-current","PREFERRED_LANGUAGE_DESC","character",3,0,0,3,"Cantonese=1; English=1; Punjabi=1","Cantonese; English; Punjabi","matched PLIDA variable metadata","The language name that goes with PREFERRED_LANGUAGE_CODE on the same row. It labels the element AIHW METEOR defines as ""The language (inclu…","madipge-aged-care-d-agedrecipient-15-current | madipge-aged-care-d-chsp-16-current","","",""
"dhda-health","NACDC","madipge-aged-care-d-chsp-16-current","PROVIDER_ID_ENCRYPTED","character",3,0,0,3,"PROV31C15984D4951E20=1; PROV82D7B927DC475BB1=1; PROVF1223F51924C6E26=1","PROV31C15984D4951E20; PROV82D7B927DC475BB1; PROVF1223F51924C6E26","matched PLIDA variable metadata","The organisation that ran the aged care service, held as a key rather than as a name. The AIHW defines a provider in this collection as ""An…","madipge-aged-care-d-agedservice-15-current | madipge-aged-care-d-chsp-16-current","","",""
"dhda-health","NACDC","madipge-aged-care-d-chsp-16-current","PROVIDER_ORGANISATION_TYPE","character",3,0,0,2,"Community Based=2; Local Government=1","Community Based; Local Government","matched PLIDA variable metadata","Which sector the organisation running the service belongs to. The AIHW defines the concept as the ""Type of organisation providing aged care…","madipge-aged-care-d-agedservice-15-current | madipge-aged-care-d-chsp-16-current","","",""
"dhda-health","NACDC","madipge-aged-care-d-chsp-16-current","PROVIDER_PURPOSE","character",3,0,0,2,"Not for profit=2; Government=1","Government; Not for profit","matched PLIDA variable metadata","What kind of organisation runs the aged care service: for-profit, not-for-profit or government. Ownership purpose is one of the few provide…","madipge-aged-care-d-agedservice-15-current | madipge-aged-care-d-chsp-16-current","","",""
"dhda-health","NACDC","madipge-aged-care-d-chsp-16-current","RECIPIENT_SA2_CODE_2016","character",3,0,0,3,"113031271=1; 308031205=1; 501021009=1","113031271; 308031205; 501021009","matched PLIDA variable metadata","The small area the Commonwealth Home Support Programme recipient lives in, coded to the ABS 2016 statistical geography. The ABS defines the…","madipge-aged-care-d-chsp-16-current","","",""
"dhda-health","NACDC","madipge-aged-care-d-chsp-16-current","RECIPIENT_STATE","character",3,0,0,3,"NSW=1; QLD=1; WA=1","NSW; QLD; WA","matched PLIDA variable metadata","The state or territory recorded against the older person, taken from the address on file at assessment or registration. It is the coarsest …","madipge-aged-care-d-agedrecipient-15-current | madipge-aged-care-d-chsp-16-current","","",""
"dhda-health","NACDC","madipge-aged-care-d-chsp-16-current","SERVICE_SUBTYPE_DESC","character",3,0,0,3,"Accompanied Activities e.g Shopping=1; Continence Advisory Services=1; Physiotherapy=1","Accompanied Activities e.g Shopping; Continence Advisory Services; Physiotherapy","matched PLIDA variable metadata","The finest description of what was actually delivered at a home support session: podiatry rather than allied health, garden maintenance rat…","madipge-aged-care-d-chsp-16-current","","",""
"dhda-health","NACDC","madipge-aged-care-d-chsp-16-current","SERVICE_TYPE_DESC","character",3,0,0,3,"Allied Health and Therapy Services=1; Nursing=1; Social Support Individual=1","Allied Health and Therapy Services; Nursing; Social Support Individual","matched PLIDA variable metadata","The category of home support delivered at the session — domestic assistance, allied health and therapy services, transport, home maintenanc…","madipge-aged-care-d-chsp-16-current","","",""
"dhda-health","NACDC","madipge-aged-care-d-chsp-16-current","SEX_CODE","character",3,0,0,2,"F=2; M=1","F; M","matched PLIDA variable metadata","The recipient's sex as a single digit, following the AIHW standard element that defines it as ""The biological distinction between male and …","madipge-aged-care-d-agedrecipient-15-current | madipge-aged-care-d-chsp-16-current","","",""
"dhda-health","NACDC","madipge-aged-care-d-chsp-16-current","SEX_DESC","character",3,0,0,2,"Female=2; Male=1","Female; Male","matched PLIDA variable metadata","The written-out form of the recipient's sex, holding the same fact as SEX_CODE beside it. It exists so a table can be read without a code l…","madipge-aged-care-d-agedrecipient-15-current | madipge-aged-care-d-chsp-16-current","","",""
"dhda-health","NACDC","madipge-aged-care-d-chsp-16-current","SYNTHETIC_AEUID","character",3,0,0,3,"1B5910000110=1; 1B591000017E=1; 1B591000019C=1","1B5910000110; 1B591000017E; 1B591000019C","matched PLIDA variable metadata","The older person, as the de-identified person key that ties every aged care table together and out to the rest of PLIDA. It is what lets a …","madipge-aged-care-d-agedrecipient-15-current | madipge-aged-care-d-chsp-16-current | madipge-aged-care-d-hcp-15-current | ... (5 products)","","",""
"dhda-health","NACDC","madipge-aged-care-d-hcp-15-current","ACCOMMODATION_TYPE","character",5,0,0,2,"Private residence - client owns or is purchasing=4; Residential aged care service=1","Private residence - client owns or is purchasing; Residential aged care service","matched PLIDA variable metadata","The kind of dwelling the care recipient usually lives in, recorded at assessment. It is the column that separates someone living in a priva…","madipge-aged-care-d-chsp-16-current | madipge-aged-care-d-hcp-15-current","","",""
"dhda-health","NACDC","madipge-aged-care-d-hcp-15-current","CARE_APPROVAL_LEVEL","character",5,0,0,3,"LEVEL 2=2; LEVEL 3=2; LEVEL 4=1","LEVEL 2; LEVEL 3; LEVEL 4","matched PLIDA variable metadata","The band of care an assessment approved the person for, which for home care is one of the four package levels. The AIHW data dictionary def…","madipge-aged-care-d-hcp-15-current","","",""
"dhda-health","NACDC","madipge-aged-care-d-hcp-15-current","CARE_APPROVAL_TYPE","character",5,0,0,1,"Home Care=5","Home Care","matched PLIDA variable metadata","The aged care programme an assessment cleared the person to use. AIHW METEOR defines the matching national element as ""The type of aged car…","madipge-aged-care-d-hcp-15-current","","",""
"dhda-health","NACDC","madipge-aged-care-d-hcp-15-current","CARE_TYPE","character",5,0,0,1,"Home Care Packages Program=5","Home Care Packages Program","no PLIDA metadata match by dataset+variable","","","","",""
"dhda-health","NACDC","madipge-aged-care-d-hcp-15-current","ENTRY_CARE_LEVEL","character",5,0,0,3,"LEVEL 2=2; LEVEL 3=2; LEVEL 4=1","LEVEL 2; LEVEL 3; LEVEL 4","matched PLIDA variable metadata","The package level the person actually started on when the home care episode opened. The AIHW defines care level as ""The level of care a per…","madipge-aged-care-d-hcp-15-current","","",""
"dhda-health","NACDC","madipge-aged-care-d-hcp-15-current","ENTRY_DATE","Date",5,0,0,5,"2015-02-09 to 2025-05-10","2015-02-09; 2017-11-21; 2019-05-03; 2021-11-07; 2025-05-10","matched PLIDA variable metadata","The day a person started an episode of care with a service, on the home care, residential care and transition care episode tables alike. Th…","madipge-aged-care-d-hcp-15-current | madipge-aged-care-d-rac-15-current | madipge-aged-care-d-tcp-15-current","","",""
"dhda-health","NACDC","madipge-aged-care-d-hcp-15-current","ENTRY_TYPE","character",5,0,0,1,"HOME CARE=5","HOME CARE","matched PLIDA variable metadata","The kind of care the person began receiving when the episode opened, sitting beside ENTRY_DATE and ENTRY_CARE_LEVEL on the home care episod…","madipge-aged-care-d-hcp-15-current","","",""
"dhda-health","NACDC","madipge-aged-care-d-hcp-15-current","EXIT_DATE","Date",5,3,60,2,"2018-03-08 to 2025-12-31","2018-03-08; 2025-12-31","matched PLIDA variable metadata","The day a person stopped receiving care from a service, closing the episode that ENTRY_DATE opened. The AIHW defines it as ""the person's da…","madipge-aged-care-d-hcp-15-current | madipge-aged-care-d-rac-15-current | madipge-aged-care-d-tcp-15-current","","",""
"dhda-health","NACDC","madipge-aged-care-d-hcp-15-current","EXIT_REASON","character",5,3,60,2,"To hospital=1; To residential aged care=1","To hospital; To residential aged care","matched PLIDA variable metadata","Where the person went when the episode closed. The AIHW defines the concept as ""The reason recorded for discharge from aged care service on…","madipge-aged-care-d-hcp-15-current | madipge-aged-care-d-rac-15-current | madipge-aged-care-d-tcp-15-current","","",""
"dhda-health","NACDC","madipge-aged-care-d-hcp-15-current","FIRST_CONTACT_SETTING","character",5,0,0,3,"Other=3; Hospital (acute care)=1; Not stated/inadequately described=1","Hospital (acute care); Not stated/inadequately described; Other","matched PLIDA variable metadata","Where the assessment team first met the person face to face, which is usually where the person was living or being treated at the time. The…","madipge-aged-care-d-hcp-15-current","","",""
"dhda-health","NACDC","madipge-aged-care-d-hcp-15-current","HCP_LEVEL","character",5,0,0,3,"LEVEL 2=2; LEVEL 3=2; LEVEL 4=1","LEVEL 2; LEVEL 3; LEVEL 4","no PLIDA metadata match by dataset+variable","","","","",""
"dhda-health","NACDC","madipge-aged-care-d-hcp-15-current","LEAVE_REASON","character",5,0,0,2,"Social=3; Hospital=2","Hospital; Social","matched PLIDA variable metadata","Why the person was away from their aged care service without giving up their place. The department defines the underlying event plainly: ""T…","madipge-aged-care-d-hcp-15-current | madipge-aged-care-d-rac-15-current","","",""
"dhda-health","NACDC","madipge-aged-care-d-hcp-15-current","LIVING_ARRANGEMENTS","character",5,0,0,4,"Lives alone=2; Lives with family=1; Lives with partner=1; Unknown=1","Lives alone; Lives with family; Lives with partner; Unknown","matched PLIDA variable metadata","Whether the person usually lives alone, with family or with other people, recorded at the aged care assessment or on the home support clien…","madipge-aged-care-d-chsp-16-current | madipge-aged-care-d-hcp-15-current","","",""
"dhda-health","NACDC","madipge-aged-care-d-hcp-15-current","SERVICE_ID_ENCRYPTED","character",5,0,0,5,"SERV303A014E62DDD981=1; SERV54411A4E77A9AAFC=1; SERV5899C89085DE7819=1; SERV597394C9E91E28BC=1; SERVB78A764E553E30E2=1","SERV303A014E62DDD981; SERV54411A4E77A9AAFC; SERV5899C89085DE7819; SERV597394C9E91E28BC; SERVB78A764E553E30E2","matched PLIDA variable metadata","The individual aged care outlet or facility, as an encrypted key that is ""unique to each aged care service"" (National Aged Care Data Cleari…","madipge-aged-care-d-agedservice-15-current | madipge-aged-care-d-hcp-15-current | madipge-aged-care-d-rac-15-current | ... (4 products)","","",""
"dhda-health","NACDC","madipge-aged-care-d-hcp-15-current","SYNTHETIC_AEUID","character",5,0,0,5,"1B5910000025=1; 1B5910000045=1; 1B5910000095=1; 1B59100000F3=1; 1B591000014B=1","1B5910000025; 1B5910000045; 1B5910000095; 1B59100000F3; 1B591000014B","matched PLIDA variable metadata","The older person, as the de-identified person key that ties every aged care table together and out to the rest of PLIDA. It is what lets a …","madipge-aged-care-d-agedrecipient-15-current | madipge-aged-care-d-chsp-16-current | madipge-aged-care-d-hcp-15-current | ... (5 products)","","",""
"dhda-health","NACDC","madipge-aged-care-d-rac-15-current","ENTRY_DATE","Date",3,0,0,3,"2017-02-17 to 2024-04-07","2017-02-17; 2017-08-11; 2024-04-07","matched PLIDA variable metadata","The day a person started an episode of care with a service, on the home care, residential care and transition care episode tables alike. Th…","madipge-aged-care-d-hcp-15-current | madipge-aged-care-d-rac-15-current | madipge-aged-care-d-tcp-15-current","","",""
"dhda-health","NACDC","madipge-aged-care-d-rac-15-current","EXIT_DATE","Date",3,1,33.3333,2,"2021-01-30 to 2025-11-18","2021-01-30; 2025-11-18","matched PLIDA variable metadata","The day a person stopped receiving care from a service, closing the episode that ENTRY_DATE opened. The AIHW defines it as ""the person's da…","madipge-aged-care-d-hcp-15-current | madipge-aged-care-d-rac-15-current | madipge-aged-care-d-tcp-15-current","","",""
"dhda-health","NACDC","madipge-aged-care-d-rac-15-current","EXIT_REASON","character",3,1,33.3333,1,"Death=2","Death","matched PLIDA variable metadata","Where the person went when the episode closed. The AIHW defines the concept as ""The reason recorded for discharge from aged care service on…","madipge-aged-care-d-hcp-15-current | madipge-aged-care-d-rac-15-current | madipge-aged-care-d-tcp-15-current","","",""
"dhda-health","NACDC","madipge-aged-care-d-rac-15-current","LEAVE_REASON","character",3,0,0,1,"Hospital=3","Hospital","matched PLIDA variable metadata","Why the person was away from their aged care service without giving up their place. The department defines the underlying event plainly: ""T…","madipge-aged-care-d-hcp-15-current | madipge-aged-care-d-rac-15-current","","",""
"dhda-health","NACDC","madipge-aged-care-d-rac-15-current","SERVICE_ID_ENCRYPTED","character",3,0,0,3,"SERV2D972824C4EF03CE=1; SERV8E9B1DB8FB131215=1; SERV9D059C3BF37E3E81=1","SERV2D972824C4EF03CE; SERV8E9B1DB8FB131215; SERV9D059C3BF37E3E81","matched PLIDA variable metadata","The individual aged care outlet or facility, as an encrypted key that is ""unique to each aged care service"" (National Aged Care Data Cleari…","madipge-aged-care-d-agedservice-15-current | madipge-aged-care-d-hcp-15-current | madipge-aged-care-d-rac-15-current | ... (4 products)","","",""
"dhda-health","NACDC","madipge-aged-care-d-rac-15-current","SYNTHETIC_AEUID","character",3,0,0,3,"1B5910000001=1; 1B5910000002=1; 1B5910000063=1","1B5910000001; 1B5910000002; 1B5910000063","matched PLIDA variable metadata","The older person, as the de-identified person key that ties every aged care table together and out to the rest of PLIDA. It is what lets a …","madipge-aged-care-d-agedrecipient-15-current | madipge-aged-care-d-chsp-16-current | madipge-aged-care-d-hcp-15-current | ... (5 products)","","",""
"dhda-health","NACDC","madipge-aged-care-d-tcp-15-current","ENTRY_DATE","Date",1,0,0,1,"2021-02-25 to 2021-02-25","2021-02-25","matched PLIDA variable metadata","The day a person started an episode of care with a service, on the home care, residential care and transition care episode tables alike. Th…","madipge-aged-care-d-hcp-15-current | madipge-aged-care-d-rac-15-current | madipge-aged-care-d-tcp-15-current","","",""
"dhda-health","NACDC","madipge-aged-care-d-tcp-15-current","EXIT_DATE","Date",1,0,0,1,"2021-05-08 to 2021-05-08","2021-05-08","matched PLIDA variable metadata","The day a person stopped receiving care from a service, closing the episode that ENTRY_DATE opened. The AIHW defines it as ""the person's da…","madipge-aged-care-d-hcp-15-current | madipge-aged-care-d-rac-15-current | madipge-aged-care-d-tcp-15-current","","",""
"dhda-health","NACDC","madipge-aged-care-d-tcp-15-current","EXIT_REASON","character",1,0,0,1,"Return to community=1","Return to community","matched PLIDA variable metadata","Where the person went when the episode closed. The AIHW defines the concept as ""The reason recorded for discharge from aged care service on…","madipge-aged-care-d-hcp-15-current | madipge-aged-care-d-rac-15-current | madipge-aged-care-d-tcp-15-current","","",""
"dhda-health","NACDC","madipge-aged-care-d-tcp-15-current","FUNCTIONAL_CAPACITY_ENTRY","character",1,0,0,1,"73=1","73","matched PLIDA variable metadata","How independent the person was in daily activities when transition care began, scored out of 100. The Transition Care Program guidelines ma…","madipge-aged-care-d-tcp-15-current","","",""
"dhda-health","NACDC","madipge-aged-care-d-tcp-15-current","FUNCTIONAL_CAPACITY_EXIT","character",1,0,0,1,"91=1","91","matched PLIDA variable metadata","How independent the person was in daily activities when transition care ended, scored out of 100 on the same instrument as the entry score.…","madipge-aged-care-d-tcp-15-current","","",""
"dhda-health","NACDC","madipge-aged-care-d-tcp-15-current","SERVICE_ID_ENCRYPTED","character",1,0,0,1,"SERV645B05FE851A48FA=1","SERV645B05FE851A48FA","matched PLIDA variable metadata","The individual aged care outlet or facility, as an encrypted key that is ""unique to each aged care service"" (National Aged Care Data Cleari…","madipge-aged-care-d-agedservice-15-current | madipge-aged-care-d-hcp-15-current | madipge-aged-care-d-rac-15-current | ... (4 products)","","",""
"dhda-health","NACDC","madipge-aged-care-d-tcp-15-current","SYNTHETIC_AEUID","character",1,0,0,1,"1B591000002C=1","1B591000002C","matched PLIDA variable metadata","The older person, as the de-identified person key that ties every aged care table together and out to the rest of PLIDA. It is what lets a …","madipge-aged-care-d-agedrecipient-15-current | madipge-aged-care-d-chsp-16-current | madipge-aged-care-d-hcp-15-current | ... (5 products)","","",""
"dhda-health","PBS","dhda-pbs","spine_id","character",500,50,10,450,"SP0000000001=1; SP0000000002=1; SP0000000003=1; SP0000000005=1; SP0000000006=1; SP0000000009=1; SP0000000010=1; SP0000000011=1","","no PLIDA metadata match by dataset+variable","","","","",""
"dhda-health","PBS","dhda-pbs","SYNTHETIC_AEUID","character",500,0,0,500,"B84680000001=1; B84680000002=1; B84680000003=1; B84680000004=1; B84680000005=1; B84680000006=1; B84680000007=1; B84680000008=1","","matched PLIDA variable metadata","The patient the medicine was supplied to, as the key that carries them across the whole asset. Every PBS row belongs to one person, and thi…","madipge-pbs-d-prescriptions-2006 | madipge-pbs-d-prescriptions-2007 | madipge-pbs-d-prescriptions-2008 | ... (20 products)","","",""
"dhda-health","PBS","madipge-pbs-d-prescriptions-2015","BNFT_AMT","numeric",3675,0,0,987,"0.00 / 0.00 / 1.17 / 25.82 / 84381.99","","matched PLIDA variable metadata","The Commonwealth's share of what this supply cost, in dollars and cents. METeOR defines it as ""the total amount of the Commonwealth governm…","madipge-pbs-d-prescriptions-2006 | madipge-pbs-d-prescriptions-2007 | madipge-pbs-d-prescriptions-2008 | ... (20 products)","","",""
"dhda-health","PBS","madipge-pbs-d-prescriptions-2015","CTG_BNFT_AMT","numeric",3675,0,0,54,"0.0 / 0.0 / 0.0 / 0.0 / 37.7","","matched PLIDA variable metadata","The cost of the co-payment reduction that a Closing the Gap registration attracted on this supply, in dollars and cents. Under the program …","madipge-pbs-d-prescriptions-2006 | madipge-pbs-d-prescriptions-2007 | madipge-pbs-d-prescriptions-2008 | ... (20 products)","","",""
"dhda-health","PBS","madipge-pbs-d-prescriptions-2015","CTG_CD","character",3675,0,0,2,"N=3560; Y=115","N; Y","matched PLIDA variable metadata","Whether the prescription was dispensed with Closing the Gap co-payment relief, and the annotation the prescriber wrote to claim it. AIHW ME…","madipge-pbs-d-prescriptions-2006 | madipge-pbs-d-prescriptions-2007 | madipge-pbs-d-prescriptions-2008 | ... (20 products)","","",""
"dhda-health","PBS","madipge-pbs-d-prescriptions-2015","DRG_TYP_CD","character",3675,0,0,4,"R=1464; S=1132; U=671; A=408","A; R; S; U","matched PLIDA variable metadata","The broad category of the medicine supplied, which mostly records the supply arrangement rather than the drug itself. AIHW METEOR defines i…","madipge-pbs-d-prescriptions-2006 | madipge-pbs-d-prescriptions-2007 | madipge-pbs-d-prescriptions-2008 | ... (20 products)","","",""
"dhda-health","PBS","madipge-pbs-d-prescriptions-2015","EXTRCT_DT","character",3675,0,0,370,"13Jul15=20; 30Sep15=20; 18Feb15=18; 29Dec15=18; 30Jul15=18; 01Oct15=17; 06Sep15=17; 14Aug15=17","","matched PLIDA variable metadata","The day Services Australia cut the claim file this row came out of, which is a fact about the data rather than about the patient. METeOR de…","madipge-pbs-d-prescriptions-2006 | madipge-pbs-d-prescriptions-2007 | madipge-pbs-d-prescriptions-2008 | ... (20 products)","","",""
"dhda-health","PBS","madipge-pbs-d-prescriptions-2015","ITM_CD","character",3675,0,0,2126,"1512N=7; 14393M=6; 14565N=6; 14793N=6; 15017J=6; 2162T=6; 8134D=6; 8350L=6","","matched PLIDA variable metadata","The PBS item code for the medicine supplied, which fixes the drug, its form and strength, the maximum quantity and the repeats allowed. AIH…","madipge-pbs-d-prescriptions-2006 | madipge-pbs-d-prescriptions-2007 | madipge-pbs-d-prescriptions-2008 | ... (20 products)","","",""
"dhda-health","PBS","madipge-pbs-d-prescriptions-2015","MJR_SPCLTY_GRP_CD","character",3675,0,0,3,"GP=2799; SP=681; OT=195","GP; OT; SP","matched PLIDA variable metadata","The broad specialty group of the health professional who wrote the prescription. AIHW METEOR defines it as ""The broad field of specialty of…","madipge-pbs-d-prescriptions-2006 | madipge-pbs-d-prescriptions-2007 | madipge-pbs-d-prescriptions-2008 | ... (20 products)","","",""
"dhda-health","PBS","madipge-pbs-d-prescriptions-2015","PBS_RGLTN24_ADJST_QTY","integer",3675,0,0,38,"1 / 2 / 28 / 30 / 473","","matched PLIDA variable metadata","How much of the item the pharmacist handed over on this supply, counted in packs or in units of use. METeOR defines the field as ""the total…","madipge-pbs-d-prescriptions-2006 | madipge-pbs-d-prescriptions-2007 | madipge-pbs-d-prescriptions-2008 | ... (20 products)","","",""
"dhda-health","PBS","madipge-pbs-d-prescriptions-2015","PHRMCY_APPRVL_TYP_CD","character",3675,0,0,2,"A=3486; F=189","A; F","matched PLIDA variable metadata","The kind of approval the dispensing pharmacy holds, separating community pharmacies from hospitals and dispensing doctors. AIHW METEOR defi…","madipge-pbs-d-prescriptions-2006 | madipge-pbs-d-prescriptions-2007 | madipge-pbs-d-prescriptions-2008 | ... (20 products)","","",""
"dhda-health","PBS","madipge-pbs-d-prescriptions-2015","PHRMCY_ID_SCRAM","character",3675,0,0,100,"PHAR7E3F146C=52; PHAR37928163=48; PHAR629D7C52=47; PHAR4E74D435=46; PHAR0E6A23C6=45; PHAR10933D0F=45; PHAR60F62938=45; PHAR031A2D29=44","","matched PLIDA variable metadata","A scrambled key for the pharmacy or approved supplier that dispensed the prescription, used to group supply to one site. The field it repla…","madipge-pbs-d-prescriptions-2006 | madipge-pbs-d-prescriptions-2007 | madipge-pbs-d-prescriptions-2008 | ... (20 products)","","",""
"dhda-health","PBS","madipge-pbs-d-prescriptions-2015","PHRMCY_PSTCD","character",3675,0,0,2482,"2602=9; 2612=9; 2605=8; 2607=8; 2610=7; 2611=7; 2600=6; 2606=6","","matched PLIDA variable metadata","The postal area of the approved pharmacy that dispensed this supply and claimed for it. The PBS specification says of the matching pharmacy…","madipge-pbs-d-prescriptions-2006 | madipge-pbs-d-prescriptions-2007 | madipge-pbs-d-prescriptions-2008 | ... (20 products)","","",""
"dhda-health","PBS","madipge-pbs-d-prescriptions-2015","PRSCRB_DT","character",3675,0,0,375,"10Jul15=19; 07Dec15=18; 07Jul15=18; 21Jan15=18; 31Mar15=18; 07Mar15=17; 20Jan15=17; 22Aug15=17","","matched PLIDA variable metadata","The day the prescriber signed the script that this supply was made against. METeOR defines it as ""the date on which the Pharmaceutical Bene…","madipge-pbs-d-prescriptions-2006 | madipge-pbs-d-prescriptions-2007 | madipge-pbs-d-prescriptions-2008 | ... (20 products)","","",""
"dhda-health","PBS","madipge-pbs-d-prescriptions-2015","PRSCRBR_ID_SCRAM","character",3675,0,0,200,"PRES0C933399=32; PRES12F40654=29; PRES15399051=29; PRES3E0C4977=29; PRES61D7916E=29; PRES19A90EEF=28; PRES491E8778=28; PRES76AC6661=28","","matched PLIDA variable metadata","A scrambled key for the prescriber who wrote the prescription, used to group prescribing to one practitioner. AIHW METEOR defines the field…","madipge-pbs-d-prescriptions-2006 | madipge-pbs-d-prescriptions-2007 | madipge-pbs-d-prescriptions-2008 | ... (20 products)","","",""
"dhda-health","PBS","madipge-pbs-d-prescriptions-2015","PRSCRBR_MJR_PSTCD","character",3675,0,0,2468,"2612=9; 2600=8; 2608=8; 2609=8; 2613=8; 2602=7; 2606=7; 2615=7","","matched PLIDA variable metadata","Where the prescriber did most of their Medicare work, not where this prescription was written. The PBS specification is explicit that the p…","madipge-pbs-d-prescriptions-2006 | madipge-pbs-d-prescriptions-2007 | madipge-pbs-d-prescriptions-2008 | ... (20 products)","","",""
"dhda-health","PBS","madipge-pbs-d-prescriptions-2015","PRSCRBR_TYP_CD","character",3675,0,0,2,"M=3562; N=113","M; N","matched PLIDA variable metadata","The profession of the person who wrote the prescription: medical practitioner, dentist, optometrist, nurse practitioner or midwife. AIHW ME…","madipge-pbs-d-prescriptions-2006 | madipge-pbs-d-prescriptions-2007 | madipge-pbs-d-prescriptions-2008 | ... (20 products)","","",""
"dhda-health","PBS","madipge-pbs-d-prescriptions-2015","PRSCRPTN_CNT","integer",3675,0,0,10,"1 / 3 / 6 / 6 / 11","1; 11; 2; 3; 4; 5; 6; 7; 8; 9","matched PLIDA variable metadata","How many separate supplies this one prescription authorised, which is 1 on almost every row. METeOR defines it as ""the total number of time…","madipge-pbs-d-prescriptions-2006 | madipge-pbs-d-prescriptions-2007 | madipge-pbs-d-prescriptions-2008 | ... (20 products)","","",""
"dhda-health","PBS","madipge-pbs-d-prescriptions-2015","PRVS_SPPLY_NMBR","integer",3675,0,0,6,"0 / 0 / 0 / 1 / 5","0; 1; 2; 3; 4; 5","matched PLIDA variable metadata","How many times this medicine had already been supplied against this prescription, counting the original supply. AIHW METEOR defines it as ""…","madipge-pbs-d-prescriptions-2006 | madipge-pbs-d-prescriptions-2007 | madipge-pbs-d-prescriptions-2008 | ... (20 products)","","",""
"dhda-health","PBS","madipge-pbs-d-prescriptions-2015","PTNT_BRTH_MTH","integer",3675,0,0,12,"1 / 3 / 6 / 9 / 12","1; 10; 11; 12; 2; 3; 4; 5; 6; 7; 8; 9","matched PLIDA variable metadata","The calendar month of the patient's birth, held without a day so no row can be dated to a birthday. The PBS specification says the underlyi…","madipge-pbs-d-prescriptions-2006 | madipge-pbs-d-prescriptions-2007 | madipge-pbs-d-prescriptions-2008 | ... (15 products)","","",""
"dhda-health","PBS","madipge-pbs-d-prescriptions-2015","PTNT_BRTH_YR","integer",3675,0,0,81,"1922 / 1950 / 1963 / 1983 / 2015","","matched PLIDA variable metadata","The calendar year of the patient's birth, the coarser half of the birth date PLIDA keeps for PBS. The PBS specification says of the underly…","madipge-pbs-d-prescriptions-2006 | madipge-pbs-d-prescriptions-2007 | madipge-pbs-d-prescriptions-2008 | ... (15 products)","","",""
"dhda-health","PBS","madipge-pbs-d-prescriptions-2015","PTNT_CNTRBTN_AMT","numeric",3675,0,0,558,"0.00 / 6.00 / 6.10 / 12.96 / 37.70","","matched PLIDA variable metadata","What the patient paid the pharmacy for this supply, on the PBS's narrow definition of a co-payment. METeOR defines it as ""the total amount …","madipge-pbs-d-prescriptions-2006 | madipge-pbs-d-prescriptions-2007 | madipge-pbs-d-prescriptions-2008 | ... (20 products)","","",""
"dhda-health","PBS","madipge-pbs-d-prescriptions-2015","PTNT_CTGRY_DRVD_CD","character",3675,0,0,2,"C=1840; G=1835","C; G","matched PLIDA variable metadata","The patient's PBS entitlement at the moment of supply: general or concessional, and whether the Safety Net had been reached. AIHW METEOR de…","madipge-pbs-d-prescriptions-2006 | madipge-pbs-d-prescriptions-2007 | madipge-pbs-d-prescriptions-2008 | ... (20 products)","","",""
"dhda-health","PBS","madipge-pbs-d-prescriptions-2015","PTNT_PSTCD","character",3675,0,0,2460,"2609=12; 2613=9; 2074=7; 2601=7; 2612=7; 2614=7; 2168=6; 2224=6","","matched PLIDA variable metadata","The postal area of the patient's home as Medicare last recorded it, which is not necessarily where they lived when the medicine was supplie…","madipge-pbs-d-prescriptions-2006 | madipge-pbs-d-prescriptions-2007 | madipge-pbs-d-prescriptions-2008 | ... (20 products)","","",""
"dhda-health","PBS","madipge-pbs-d-prescriptions-2015","PTNT_SEX_CD","character",3675,0,0,2,"F=1934; M=1741","F; M","matched PLIDA variable metadata","The patient's sex as the Medicare entitlement record held it at the moment the claim was archived. METeOR's PBS note is explicit that ""this…","madipge-pbs-d-prescriptions-2006 | madipge-pbs-d-prescriptions-2007 | madipge-pbs-d-prescriptions-2008 | ... (20 products)","","",""
"dhda-health","PBS","madipge-pbs-d-prescriptions-2015","RGLTN24_IND","character",3675,0,0,2,"N=3650; Y=25","N; Y","matched PLIDA variable metadata","Whether the pharmacist was allowed to hand over the original script and all its repeats at once. METeOR defines it as ""an indicator of whet…","madipge-pbs-d-prescriptions-2006 | madipge-pbs-d-prescriptions-2007 | madipge-pbs-d-prescriptions-2008 | ... (20 products)","","",""
"dhda-health","PBS","madipge-pbs-d-prescriptions-2015","RPT_ORDR_NMBR","integer",3675,0,0,10,"0 / 2 / 5 / 5 / 10","0; 1; 10; 2; 3; 4; 5; 6; 7; 8","matched PLIDA variable metadata","The number of repeat supplies the prescriber authorised on this prescription. AIHW METEOR warns that ""the number of repeats specified in a …","madipge-pbs-d-prescriptions-2006 | madipge-pbs-d-prescriptions-2007 | madipge-pbs-d-prescriptions-2008 | ... (20 products)","","",""
"dhda-health","PBS","madipge-pbs-d-prescriptions-2015","SPPLY_DT","character",3675,0,0,365,"11Jul15=22; 14Dec15=22; 24Sep15=19; 03Jun15=18; 15Jan15=18; 12Dec15=17; 22May15=17; 24Dec15=17","","matched PLIDA variable metadata","The day the patient took delivery of the medicine from the pharmacy, and the date a medicine-use history should be built on. METeOR defines…","madipge-pbs-d-prescriptions-2006 | madipge-pbs-d-prescriptions-2007 | madipge-pbs-d-prescriptions-2008 | ... (20 products)","","",""
"dhda-health","PBS","madipge-pbs-d-prescriptions-2015","SRT_RPT_IND","character",3675,0,0,2,"N=2260; Y=1415","N; Y","matched PLIDA variable metadata","Whether this row is the first supply against a prescription or a later one. METeOR defines the element as ""an indicator of whether a prescr…","madipge-pbs-d-prescriptions-2006 | madipge-pbs-d-prescriptions-2007 | madipge-pbs-d-prescriptions-2008 | ... (20 products)","","",""
"dhda-health","PBS","madipge-pbs-d-prescriptions-2015","STRMLND_ATHRTY_CD","character",3675,2543,69.1973,1064,"S0341=3; S4805=3; S5276=3; S5606=3; S0471=2; S0525=2; S0721=2; S0859=2","","matched PLIDA variable metadata","The streamlined authority code the prescriber wrote on the form to claim a restricted PBS item without seeking approval first. The PBS Expl…","madipge-pbs-d-prescriptions-2006 | madipge-pbs-d-prescriptions-2007 | madipge-pbs-d-prescriptions-2008 | ... (20 products)","","",""
"dhda-health","PBS","madipge-pbs-d-prescriptions-2015","SYNTHETIC_AEUID","character",3675,0,0,348,"B84680000158=48; B84680000110=43; B846800000F3=41; B84680000063=39; B8468000019D=39; B84680000013=37; B8468000004F=36; B8468000009C=34","","matched PLIDA variable metadata","The patient the medicine was supplied to, as the key that carries them across the whole asset. Every PBS row belongs to one person, and thi…","madipge-pbs-d-prescriptions-2006 | madipge-pbs-d-prescriptions-2007 | madipge-pbs-d-prescriptions-2008 | ... (20 products)","","",""
"dhda-health","PBS","madipge-pbs-d-prescriptions-2015","UNDR_CPRSCRPTN_TYP_CD","character",3675,1909,51.9456,2,"1=1336; 2=430","1; 2","matched PLIDA variable metadata","Which kind of under co-payment prescription this row is, meaning one whose dispensed price fell below the co-payment the patient would othe…","madipge-pbs-d-prescriptions-2006 | madipge-pbs-d-prescriptions-2007 | madipge-pbs-d-prescriptions-2008 | ... (15 products)","","",""
"dhda-health","PBS","madipge-pbs-d-prescriptions-2016","BNFT_AMT","numeric",3649,0,0,970,"0.00 / 0.00 / 0.86 / 27.41 / 82768.46","","matched PLIDA variable metadata","The Commonwealth's share of what this supply cost, in dollars and cents. METeOR defines it as ""the total amount of the Commonwealth governm…","madipge-pbs-d-prescriptions-2006 | madipge-pbs-d-prescriptions-2007 | madipge-pbs-d-prescriptions-2008 | ... (20 products)","","",""
"dhda-health","PBS","madipge-pbs-d-prescriptions-2016","CTG_BNFT_AMT","numeric",3649,0,0,53,"0.0 / 0.0 / 0.0 / 0.0 / 38.3","","matched PLIDA variable metadata","The cost of the co-payment reduction that a Closing the Gap registration attracted on this supply, in dollars and cents. Under the program …","madipge-pbs-d-prescriptions-2006 | madipge-pbs-d-prescriptions-2007 | madipge-pbs-d-prescriptions-2008 | ... (20 products)","","",""
"dhda-health","PBS","madipge-pbs-d-prescriptions-2016","CTG_CD","character",3649,0,0,2,"N=3550; Y=99","N; Y","matched PLIDA variable metadata","Whether the prescription was dispensed with Closing the Gap co-payment relief, and the annotation the prescriber wrote to claim it. AIHW ME…","madipge-pbs-d-prescriptions-2006 | madipge-pbs-d-prescriptions-2007 | madipge-pbs-d-prescriptions-2008 | ... (20 products)","","",""
"dhda-health","PBS","madipge-pbs-d-prescriptions-2016","DRG_TYP_CD","character",3649,0,0,4,"R=1420; S=1121; U=695; A=413","A; R; S; U","matched PLIDA variable metadata","The broad category of the medicine supplied, which mostly records the supply arrangement rather than the drug itself. AIHW METEOR defines i…","madipge-pbs-d-prescriptions-2006 | madipge-pbs-d-prescriptions-2007 | madipge-pbs-d-prescriptions-2008 | ... (20 products)","","",""
"dhda-health","PBS","madipge-pbs-d-prescriptions-2016","EXTRCT_DT","character",3649,0,0,369,"03Feb16=20; 21Nov16=20; 27Dec16=19; 11Aug16=18; 16Aug16=18; 19Dec16=18; 20Mar16=18; 26Oct16=18","","matched PLIDA variable metadata","The day Services Australia cut the claim file this row came out of, which is a fact about the data rather than about the patient. METeOR de…","madipge-pbs-d-prescriptions-2006 | madipge-pbs-d-prescriptions-2007 | madipge-pbs-d-prescriptions-2008 | ... (20 products)","","",""
"dhda-health","PBS","madipge-pbs-d-prescriptions-2016","ITM_CD","character",3649,0,0,2107,"12109H=7; 11874Y=6; 13463N=6; 1479W=6; 14968T=6; 2022K=6; 2173J=6; 2243C=6","","matched PLIDA variable metadata","The PBS item code for the medicine supplied, which fixes the drug, its form and strength, the maximum quantity and the repeats allowed. AIH…","madipge-pbs-d-prescriptions-2006 | madipge-pbs-d-prescriptions-2007 | madipge-pbs-d-prescriptions-2008 | ... (20 products)","","",""
"dhda-health","PBS","madipge-pbs-d-prescriptions-2016","MJR_SPCLTY_GRP_CD","character",3649,0,0,3,"GP=2728; SP=746; OT=175","GP; OT; SP","matched PLIDA variable metadata","The broad specialty group of the health professional who wrote the prescription. AIHW METEOR defines it as ""The broad field of specialty of…","madipge-pbs-d-prescriptions-2006 | madipge-pbs-d-prescriptions-2007 | madipge-pbs-d-prescriptions-2008 | ... (20 products)","","",""
"dhda-health","PBS","madipge-pbs-d-prescriptions-2016","PBS_RGLTN24_ADJST_QTY","integer",3649,0,0,38,"1 / 1 / 28 / 30 / 473","","matched PLIDA variable metadata","How much of the item the pharmacist handed over on this supply, counted in packs or in units of use. METeOR defines the field as ""the total…","madipge-pbs-d-prescriptions-2006 | madipge-pbs-d-prescriptions-2007 | madipge-pbs-d-prescriptions-2008 | ... (20 products)","","",""
"dhda-health","PBS","madipge-pbs-d-prescriptions-2016","PHRMCY_APPRVL_TYP_CD","character",3649,0,0,2,"A=3471; F=178","A; F","matched PLIDA variable metadata","The kind of approval the dispensing pharmacy holds, separating community pharmacies from hospitals and dispensing doctors. AIHW METEOR defi…","madipge-pbs-d-prescriptions-2006 | madipge-pbs-d-prescriptions-2007 | madipge-pbs-d-prescriptions-2008 | ... (20 products)","","",""
"dhda-health","PBS","madipge-pbs-d-prescriptions-2016","PHRMCY_ID_SCRAM","character",3649,0,0,100,"PHAR02775D15=52; PHAR513092A5=49; PHAR7DB15257=49; PHAR3000BD23=47; PHAR58D0761A=47; PHAR36977013=46; PHAR674AF994=46; PHAR0343B771=45","","matched PLIDA variable metadata","A scrambled key for the pharmacy or approved supplier that dispensed the prescription, used to group supply to one site. The field it repla…","madipge-pbs-d-prescriptions-2006 | madipge-pbs-d-prescriptions-2007 | madipge-pbs-d-prescriptions-2008 | ... (20 products)","","",""
"dhda-health","PBS","madipge-pbs-d-prescriptions-2016","PHRMCY_PSTCD","character",3649,0,0,2452,"2603=9; 2604=8; 2602=7; 2607=7; 2612=7; 2608=6; 2838=6; 2168=5","","matched PLIDA variable metadata","The postal area of the approved pharmacy that dispensed this supply and claimed for it. The PBS specification says of the matching pharmacy…","madipge-pbs-d-prescriptions-2006 | madipge-pbs-d-prescriptions-2007 | madipge-pbs-d-prescriptions-2008 | ... (20 products)","","",""
"dhda-health","PBS","madipge-pbs-d-prescriptions-2016","PRSCRB_DT","character",3649,0,0,376,"09Jul16=20; 21Dec16=20; 02Jul16=19; 12Feb16=19; 01Aug16=18; 01Nov16=18; 05Sep16=18; 06Oct16=18","","matched PLIDA variable metadata","The day the prescriber signed the script that this supply was made against. METeOR defines it as ""the date on which the Pharmaceutical Bene…","madipge-pbs-d-prescriptions-2006 | madipge-pbs-d-prescriptions-2007 | madipge-pbs-d-prescriptions-2008 | ... (20 products)","","",""
"dhda-health","PBS","madipge-pbs-d-prescriptions-2016","PRSCRBR_ID_SCRAM","character",3649,0,0,200,"PRES01D24271=31; PRES1E168E89=30; PRES6538A8E9=30; PRES79635385=30; PRES4682D6C8=29; PRES3078C9D0=28; PRES3AADD5F0=28; PRES79F4CD42=28","","matched PLIDA variable metadata","A scrambled key for the prescriber who wrote the prescription, used to group prescribing to one practitioner. AIHW METEOR defines the field…","madipge-pbs-d-prescriptions-2006 | madipge-pbs-d-prescriptions-2007 | madipge-pbs-d-prescriptions-2008 | ... (20 products)","","",""
"dhda-health","PBS","madipge-pbs-d-prescriptions-2016","PRSCRBR_MJR_PSTCD","character",3649,0,0,2471,"2614=10; 2610=7; 2611=7; 2612=7; 2605=6; 2609=6; 2616=6; 2618=6","","matched PLIDA variable metadata","Where the prescriber did most of their Medicare work, not where this prescription was written. The PBS specification is explicit that the p…","madipge-pbs-d-prescriptions-2006 | madipge-pbs-d-prescriptions-2007 | madipge-pbs-d-prescriptions-2008 | ... (20 products)","","",""
"dhda-health","PBS","madipge-pbs-d-prescriptions-2016","PRSCRBR_TYP_CD","character",3649,0,0,2,"M=3534; N=115","M; N","matched PLIDA variable metadata","The profession of the person who wrote the prescription: medical practitioner, dentist, optometrist, nurse practitioner or midwife. AIHW ME…","madipge-pbs-d-prescriptions-2006 | madipge-pbs-d-prescriptions-2007 | madipge-pbs-d-prescriptions-2008 | ... (20 products)","","",""
"dhda-health","PBS","madipge-pbs-d-prescriptions-2016","PRSCRPTN_CNT","integer",3649,0,0,9,"1 / 3 / 6 / 6 / 11","1; 11; 2; 3; 4; 5; 6; 7; 9","matched PLIDA variable metadata","How many separate supplies this one prescription authorised, which is 1 on almost every row. METeOR defines it as ""the total number of time…","madipge-pbs-d-prescriptions-2006 | madipge-pbs-d-prescriptions-2007 | madipge-pbs-d-prescriptions-2008 | ... (20 products)","","",""
"dhda-health","PBS","madipge-pbs-d-prescriptions-2016","PRVS_SPPLY_NMBR","integer",3649,0,0,6,"0 / 0 / 0 / 1 / 5","0; 1; 2; 3; 4; 5","matched PLIDA variable metadata","How many times this medicine had already been supplied against this prescription, counting the original supply. AIHW METEOR defines it as ""…","madipge-pbs-d-prescriptions-2006 | madipge-pbs-d-prescriptions-2007 | madipge-pbs-d-prescriptions-2008 | ... (20 products)","","",""
"dhda-health","PBS","madipge-pbs-d-prescriptions-2016","PTNT_BRTH_MTH","integer",3649,0,0,12,"1 / 3 / 6 / 9 / 12","1; 10; 11; 12; 2; 3; 4; 5; 6; 7; 8; 9","matched PLIDA variable metadata","The calendar month of the patient's birth, held without a day so no row can be dated to a birthday. The PBS specification says the underlyi…","madipge-pbs-d-prescriptions-2006 | madipge-pbs-d-prescriptions-2007 | madipge-pbs-d-prescriptions-2008 | ... (15 products)","","",""
"dhda-health","PBS","madipge-pbs-d-prescriptions-2016","PTNT_BRTH_YR","integer",3649,0,0,82,"1922 / 1950 / 1965 / 1984 / 2016","","matched PLIDA variable metadata","The calendar year of the patient's birth, the coarser half of the birth date PLIDA keeps for PBS. The PBS specification says of the underly…","madipge-pbs-d-prescriptions-2006 | madipge-pbs-d-prescriptions-2007 | madipge-pbs-d-prescriptions-2008 | ... (15 products)","","",""
"dhda-health","PBS","madipge-pbs-d-prescriptions-2016","PTNT_CNTRBTN_AMT","numeric",3649,0,0,560,"0.00 / 5.85 / 6.20 / 13.66 / 38.30","","matched PLIDA variable metadata","What the patient paid the pharmacy for this supply, on the PBS's narrow definition of a co-payment. METeOR defines it as ""the total amount …","madipge-pbs-d-prescriptions-2006 | madipge-pbs-d-prescriptions-2007 | madipge-pbs-d-prescriptions-2008 | ... (20 products)","","",""
"dhda-health","PBS","madipge-pbs-d-prescriptions-2016","PTNT_CTGRY_DRVD_CD","character",3649,0,0,2,"G=1851; C=1798","C; G","matched PLIDA variable metadata","The patient's PBS entitlement at the moment of supply: general or concessional, and whether the Safety Net had been reached. AIHW METEOR de…","madipge-pbs-d-prescriptions-2006 | madipge-pbs-d-prescriptions-2007 | madipge-pbs-d-prescriptions-2008 | ... (20 products)","","",""
"dhda-health","PBS","madipge-pbs-d-prescriptions-2016","PTNT_PSTCD","character",3649,0,0,2415,"2604=13; 2618=10; 2617=9; 2606=8; 2614=8; 2605=7; 2601=6; 2607=6","","matched PLIDA variable metadata","The postal area of the patient's home as Medicare last recorded it, which is not necessarily where they lived when the medicine was supplie…","madipge-pbs-d-prescriptions-2006 | madipge-pbs-d-prescriptions-2007 | madipge-pbs-d-prescriptions-2008 | ... (20 products)","","",""
"dhda-health","PBS","madipge-pbs-d-prescriptions-2016","PTNT_SEX_CD","character",3649,0,0,2,"F=1875; M=1774","F; M","matched PLIDA variable metadata","The patient's sex as the Medicare entitlement record held it at the moment the claim was archived. METeOR's PBS note is explicit that ""this…","madipge-pbs-d-prescriptions-2006 | madipge-pbs-d-prescriptions-2007 | madipge-pbs-d-prescriptions-2008 | ... (20 products)","","",""
"dhda-health","PBS","madipge-pbs-d-prescriptions-2016","RGLTN24_IND","character",3649,0,0,2,"N=3608; Y=41","N; Y","matched PLIDA variable metadata","Whether the pharmacist was allowed to hand over the original script and all its repeats at once. METeOR defines it as ""an indicator of whet…","madipge-pbs-d-prescriptions-2006 | madipge-pbs-d-prescriptions-2007 | madipge-pbs-d-prescriptions-2008 | ... (20 products)","","",""
"dhda-health","PBS","madipge-pbs-d-prescriptions-2016","RPT_ORDR_NMBR","integer",3649,0,0,9,"0 / 2 / 5 / 5 / 10","0; 1; 10; 2; 3; 4; 5; 6; 8","matched PLIDA variable metadata","The number of repeat supplies the prescriber authorised on this prescription. AIHW METEOR warns that ""the number of repeats specified in a …","madipge-pbs-d-prescriptions-2006 | madipge-pbs-d-prescriptions-2007 | madipge-pbs-d-prescriptions-2008 | ... (20 products)","","",""
"dhda-health","PBS","madipge-pbs-d-prescriptions-2016","SPPLY_DT","character",3649,0,0,366,"02Aug16=21; 07Sep16=19; 13Aug16=18; 17Feb16=18; 06Oct16=17; 09Oct16=17; 17Nov16=17; 23May16=17","","matched PLIDA variable metadata","The day the patient took delivery of the medicine from the pharmacy, and the date a medicine-use history should be built on. METeOR defines…","madipge-pbs-d-prescriptions-2006 | madipge-pbs-d-prescriptions-2007 | madipge-pbs-d-prescriptions-2008 | ... (20 products)","","",""
"dhda-health","PBS","madipge-pbs-d-prescriptions-2016","SRT_RPT_IND","character",3649,0,0,2,"N=2241; Y=1408","N; Y","matched PLIDA variable metadata","Whether this row is the first supply against a prescription or a later one. METeOR defines the element as ""an indicator of whether a prescr…","madipge-pbs-d-prescriptions-2006 | madipge-pbs-d-prescriptions-2007 | madipge-pbs-d-prescriptions-2008 | ... (20 products)","","",""
"dhda-health","PBS","madipge-pbs-d-prescriptions-2016","STRMLND_ATHRTY_CD","character",3649,2528,69.2793,1070,"S0517=2; S0792=2; S0891=2; S1208=2; S1289=2; S1322=2; S1485=2; S1518=2","","matched PLIDA variable metadata","The streamlined authority code the prescriber wrote on the form to claim a restricted PBS item without seeking approval first. The PBS Expl…","madipge-pbs-d-prescriptions-2006 | madipge-pbs-d-prescriptions-2007 | madipge-pbs-d-prescriptions-2008 | ... (20 products)","","",""
"dhda-health","PBS","madipge-pbs-d-prescriptions-2016","SYNTHETIC_AEUID","character",3649,0,0,348,"B8468000004F=38; B84680000013=36; B84680000194=36; B84680000063=34; B8468000008B=34; B84680000158=34; B84680000110=32; B8468000011C=30","","matched PLIDA variable metadata","The patient the medicine was supplied to, as the key that carries them across the whole asset. Every PBS row belongs to one person, and thi…","madipge-pbs-d-prescriptions-2006 | madipge-pbs-d-prescriptions-2007 | madipge-pbs-d-prescriptions-2008 | ... (20 products)","","",""
"dhda-health","PBS","madipge-pbs-d-prescriptions-2016","UNDR_CPRSCRPTN_TYP_CD","character",3649,1873,51.3291,2,"1=1331; 2=445","1; 2","matched PLIDA variable metadata","Which kind of under co-payment prescription this row is, meaning one whose dispensed price fell below the co-payment the patient would othe…","madipge-pbs-d-prescriptions-2006 | madipge-pbs-d-prescriptions-2007 | madipge-pbs-d-prescriptions-2008 | ... (15 products)","","",""
"dhda-health","PBS","madipge-pbs-d-prescriptions-2017","BNFT_AMT","numeric",3731,0,0,961,"0.00 / 0.00 / 0.69 / 25.06 / 84381.79","","matched PLIDA variable metadata","The Commonwealth's share of what this supply cost, in dollars and cents. METeOR defines it as ""the total amount of the Commonwealth governm…","madipge-pbs-d-prescriptions-2006 | madipge-pbs-d-prescriptions-2007 | madipge-pbs-d-prescriptions-2008 | ... (20 products)","","",""
"dhda-health","PBS","madipge-pbs-d-prescriptions-2017","CTG_BNFT_AMT","numeric",3731,0,0,49,"0.0 / 0.0 / 0.0 / 0.0 / 38.8","","matched PLIDA variable metadata","The cost of the co-payment reduction that a Closing the Gap registration attracted on this supply, in dollars and cents. Under the program …","madipge-pbs-d-prescriptions-2006 | madipge-pbs-d-prescriptions-2007 | madipge-pbs-d-prescriptions-2008 | ... (20 products)","","",""
"dhda-health","PBS","madipge-pbs-d-prescriptions-2017","CTG_CD","character",3731,0,0,2,"N=3618; Y=113","N; Y","matched PLIDA variable metadata","Whether the prescription was dispensed with Closing the Gap co-payment relief, and the annotation the prescriber wrote to claim it. AIHW ME…","madipge-pbs-d-prescriptions-2006 | madipge-pbs-d-prescriptions-2007 | madipge-pbs-d-prescriptions-2008 | ... (20 products)","","",""
"dhda-health","PBS","madipge-pbs-d-prescriptions-2017","DRG_TYP_CD","character",3731,0,0,4,"R=1578; S=1090; U=650; A=413","A; R; S; U","matched PLIDA variable metadata","The broad category of the medicine supplied, which mostly records the supply arrangement rather than the drug itself. AIHW METEOR defines i…","madipge-pbs-d-prescriptions-2006 | madipge-pbs-d-prescriptions-2007 | madipge-pbs-d-prescriptions-2008 | ... (20 products)","","",""
"dhda-health","PBS","madipge-pbs-d-prescriptions-2017","EXTRCT_DT","character",3731,0,0,370,"04May17=23; 09Oct17=22; 29Jan17=22; 17Jan17=20; 10Feb17=18; 15Apr17=18; 29Sep17=18; 07Dec17=17","","matched PLIDA variable metadata","The day Services Australia cut the claim file this row came out of, which is a fact about the data rather than about the patient. METeOR de…","madipge-pbs-d-prescriptions-2006 | madipge-pbs-d-prescriptions-2007 | madipge-pbs-d-prescriptions-2008 | ... (20 products)","","",""
"dhda-health","PBS","madipge-pbs-d-prescriptions-2017","ITM_CD","character",3731,0,0,2115,"9347Y=8; 10808W=7; 2339D=7; 8359Y=7; 8854B=7; 12041R=6; 12192Q=6; 13481M=6","","matched PLIDA variable metadata","The PBS item code for the medicine supplied, which fixes the drug, its form and strength, the maximum quantity and the repeats allowed. AIH…","madipge-pbs-d-prescriptions-2006 | madipge-pbs-d-prescriptions-2007 | madipge-pbs-d-prescriptions-2008 | ... (20 products)","","",""
"dhda-health","PBS","madipge-pbs-d-prescriptions-2017","MJR_SPCLTY_GRP_CD","character",3731,0,0,3,"GP=2808; SP=744; OT=179","GP; OT; SP","matched PLIDA variable metadata","The broad specialty group of the health professional who wrote the prescription. AIHW METEOR defines it as ""The broad field of specialty of…","madipge-pbs-d-prescriptions-2006 | madipge-pbs-d-prescriptions-2007 | madipge-pbs-d-prescriptions-2008 | ... (20 products)","","",""
"dhda-health","PBS","madipge-pbs-d-prescriptions-2017","PBS_RGLTN24_ADJST_QTY","integer",3731,0,0,40,"1 / 2 / 28 / 30 / 473","","matched PLIDA variable metadata","How much of the item the pharmacist handed over on this supply, counted in packs or in units of use. METeOR defines the field as ""the total…","madipge-pbs-d-prescriptions-2006 | madipge-pbs-d-prescriptions-2007 | madipge-pbs-d-prescriptions-2008 | ... (20 products)","","",""
"dhda-health","PBS","madipge-pbs-d-prescriptions-2017","PHRMCY_APPRVL_TYP_CD","character",3731,0,0,2,"A=3531; F=200","A; F","matched PLIDA variable metadata","The kind of approval the dispensing pharmacy holds, separating community pharmacies from hospitals and dispensing doctors. AIHW METEOR defi…","madipge-pbs-d-prescriptions-2006 | madipge-pbs-d-prescriptions-2007 | madipge-pbs-d-prescriptions-2008 | ... (20 products)","","",""
"dhda-health","PBS","madipge-pbs-d-prescriptions-2017","PHRMCY_ID_SCRAM","character",3731,0,0,100,"PHAR3D322B9D=55; PHAR4D0C4180=54; PHAR5A963961=54; PHAR6E84111A=54; PHAR182B4DF9=47; PHAR276B5162=47; PHAR7DB15257=47; PHAR02B0D561=46","","matched PLIDA variable metadata","A scrambled key for the pharmacy or approved supplier that dispensed the prescription, used to group supply to one site. The field it repla…","madipge-pbs-d-prescriptions-2006 | madipge-pbs-d-prescriptions-2007 | madipge-pbs-d-prescriptions-2008 | ... (20 products)","","",""
"dhda-health","PBS","madipge-pbs-d-prescriptions-2017","PHRMCY_PSTCD","character",3731,0,0,2506,"2608=8; 2614=7; 2617=7; 2246=6; 2605=6; 2609=6; 2615=6; 3356=6","","matched PLIDA variable metadata","The postal area of the approved pharmacy that dispensed this supply and claimed for it. The PBS specification says of the matching pharmacy…","madipge-pbs-d-prescriptions-2006 | madipge-pbs-d-prescriptions-2007 | madipge-pbs-d-prescriptions-2008 | ... (20 products)","","",""
"dhda-health","PBS","madipge-pbs-d-prescriptions-2017","PRSCRB_DT","character",3731,0,0,374,"08Jul17=18; 03May17=17; 05Mar17=17; 06Mar17=17; 07Dec17=17; 07Sep17=17; 13May17=17; 17May17=17","","matched PLIDA variable metadata","The day the prescriber signed the script that this supply was made against. METeOR defines it as ""the date on which the Pharmaceutical Bene…","madipge-pbs-d-prescriptions-2006 | madipge-pbs-d-prescriptions-2007 | madipge-pbs-d-prescriptions-2008 | ... (20 products)","","",""
"dhda-health","PBS","madipge-pbs-d-prescriptions-2017","PRSCRBR_ID_SCRAM","character",3731,0,0,200,"PRES611E41B5=36; PRES35323B5A=34; PRES61E985DA=30; PRES7C0AB36F=29; PRES533EDB8B=28; PRES1A550A59=27; PRES68E78075=27; PRES74AE39CE=27","","matched PLIDA variable metadata","A scrambled key for the prescriber who wrote the prescription, used to group prescribing to one practitioner. AIHW METEOR defines the field…","madipge-pbs-d-prescriptions-2006 | madipge-pbs-d-prescriptions-2007 | madipge-pbs-d-prescriptions-2008 | ... (20 products)","","",""
"dhda-health","PBS","madipge-pbs-d-prescriptions-2017","PRSCRBR_MJR_PSTCD","character",3731,0,0,2524,"2618=13; 2617=9; 2609=8; 2072=7; 2613=7; 2616=7; 2466=6; 2600=6","","matched PLIDA variable metadata","Where the prescriber did most of their Medicare work, not where this prescription was written. The PBS specification is explicit that the p…","madipge-pbs-d-prescriptions-2006 | madipge-pbs-d-prescriptions-2007 | madipge-pbs-d-prescriptions-2008 | ... (20 products)","","",""
"dhda-health","PBS","madipge-pbs-d-prescriptions-2017","PRSCRBR_TYP_CD","character",3731,0,0,2,"M=3637; N=94","M; N","matched PLIDA variable metadata","The profession of the person who wrote the prescription: medical practitioner, dentist, optometrist, nurse practitioner or midwife. AIHW ME…","madipge-pbs-d-prescriptions-2006 | madipge-pbs-d-prescriptions-2007 | madipge-pbs-d-prescriptions-2008 | ... (20 products)","","",""
"dhda-health","PBS","madipge-pbs-d-prescriptions-2017","PRSCRPTN_CNT","integer",3731,0,0,9,"1 / 3 / 6 / 6 / 11","1; 11; 2; 3; 4; 5; 6; 7; 9","matched PLIDA variable metadata","How many separate supplies this one prescription authorised, which is 1 on almost every row. METeOR defines it as ""the total number of time…","madipge-pbs-d-prescriptions-2006 | madipge-pbs-d-prescriptions-2007 | madipge-pbs-d-prescriptions-2008 | ... (20 products)","","",""
"dhda-health","PBS","madipge-pbs-d-prescriptions-2017","PRVS_SPPLY_NMBR","integer",3731,0,0,7,"0 / 0 / 0 / 1 / 6","0; 1; 2; 3; 4; 5; 6","matched PLIDA variable metadata","How many times this medicine had already been supplied against this prescription, counting the original supply. AIHW METEOR defines it as ""…","madipge-pbs-d-prescriptions-2006 | madipge-pbs-d-prescriptions-2007 | madipge-pbs-d-prescriptions-2008 | ... (20 products)","","",""
"dhda-health","PBS","madipge-pbs-d-prescriptions-2017","PTNT_BRTH_MTH","integer",3731,0,0,12,"1 / 3 / 6 / 9 / 12","1; 10; 11; 12; 2; 3; 4; 5; 6; 7; 8; 9","matched PLIDA variable metadata","The calendar month of the patient's birth, held without a day so no row can be dated to a birthday. The PBS specification says the underlyi…","madipge-pbs-d-prescriptions-2006 | madipge-pbs-d-prescriptions-2007 | madipge-pbs-d-prescriptions-2008 | ... (15 products)","","",""
"dhda-health","PBS","madipge-pbs-d-prescriptions-2017","PTNT_BRTH_YR","integer",3731,0,0,83,"1922 / 1950 / 1963 / 1982 / 2017","","matched PLIDA variable metadata","The calendar year of the patient's birth, the coarser half of the birth date PLIDA keeps for PBS. The PBS specification says of the underly…","madipge-pbs-d-prescriptions-2006 | madipge-pbs-d-prescriptions-2007 | madipge-pbs-d-prescriptions-2008 | ... (15 products)","","",""
"dhda-health","PBS","madipge-pbs-d-prescriptions-2017","PTNT_CNTRBTN_AMT","numeric",3731,0,0,551,"0.00 / 5.80 / 6.30 / 12.75 / 38.80","","matched PLIDA variable metadata","What the patient paid the pharmacy for this supply, on the PBS's narrow definition of a co-payment. METeOR defines it as ""the total amount …","madipge-pbs-d-prescriptions-2006 | madipge-pbs-d-prescriptions-2007 | madipge-pbs-d-prescriptions-2008 | ... (20 products)","","",""
"dhda-health","PBS","madipge-pbs-d-prescriptions-2017","PTNT_CTGRY_DRVD_CD","character",3731,0,0,2,"C=1888; G=1843","C; G","matched PLIDA variable metadata","The patient's PBS entitlement at the moment of supply: general or concessional, and whether the Safety Net had been reached. AIHW METEOR de…","madipge-pbs-d-prescriptions-2006 | madipge-pbs-d-prescriptions-2007 | madipge-pbs-d-prescriptions-2008 | ... (20 products)","","",""
"dhda-health","PBS","madipge-pbs-d-prescriptions-2017","PTNT_PSTCD","character",3731,0,0,2458,"2601=7; 2616=7; 2618=7; 2610=6; 2614=6; 2617=6; 3098=6; 3314=6","","matched PLIDA variable metadata","The postal area of the patient's home as Medicare last recorded it, which is not necessarily where they lived when the medicine was supplie…","madipge-pbs-d-prescriptions-2006 | madipge-pbs-d-prescriptions-2007 | madipge-pbs-d-prescriptions-2008 | ... (20 products)","","",""
"dhda-health","PBS","madipge-pbs-d-prescriptions-2017","PTNT_SEX_CD","character",3731,0,0,2,"F=1958; M=1773","F; M","matched PLIDA variable metadata","The patient's sex as the Medicare entitlement record held it at the moment the claim was archived. METeOR's PBS note is explicit that ""this…","madipge-pbs-d-prescriptions-2006 | madipge-pbs-d-prescriptions-2007 | madipge-pbs-d-prescriptions-2008 | ... (20 products)","","",""
"dhda-health","PBS","madipge-pbs-d-prescriptions-2017","RGLTN24_IND","character",3731,0,0,2,"N=3688; Y=43","N; Y","matched PLIDA variable metadata","Whether the pharmacist was allowed to hand over the original script and all its repeats at once. METeOR defines it as ""an indicator of whet…","madipge-pbs-d-prescriptions-2006 | madipge-pbs-d-prescriptions-2007 | madipge-pbs-d-prescriptions-2008 | ... (20 products)","","",""
"dhda-health","PBS","madipge-pbs-d-prescriptions-2017","RPT_ORDR_NMBR","integer",3731,0,0,9,"0 / 2 / 5 / 5 / 10","0; 1; 10; 2; 3; 4; 5; 6; 8","matched PLIDA variable metadata","The number of repeat supplies the prescriber authorised on this prescription. AIHW METEOR warns that ""the number of repeats specified in a …","madipge-pbs-d-prescriptions-2006 | madipge-pbs-d-prescriptions-2007 | madipge-pbs-d-prescriptions-2008 | ... (20 products)","","",""
"dhda-health","PBS","madipge-pbs-d-prescriptions-2017","SPPLY_DT","character",3731,0,0,365,"17Jun17=19; 30Apr17=19; 05May17=18; 06Mar17=18; 12Apr17=18; 11Jan17=17; 11Sep17=17; 15Jan17=17","","matched PLIDA variable metadata","The day the patient took delivery of the medicine from the pharmacy, and the date a medicine-use history should be built on. METeOR defines…","madipge-pbs-d-prescriptions-2006 | madipge-pbs-d-prescriptions-2007 | madipge-pbs-d-prescriptions-2008 | ... (20 products)","","",""
"dhda-health","PBS","madipge-pbs-d-prescriptions-2017","SRT_RPT_IND","character",3731,0,0,2,"N=2268; Y=1463","N; Y","matched PLIDA variable metadata","Whether this row is the first supply against a prescription or a later one. METeOR defines the element as ""an indicator of whether a prescr…","madipge-pbs-d-prescriptions-2006 | madipge-pbs-d-prescriptions-2007 | madipge-pbs-d-prescriptions-2008 | ... (20 products)","","",""
"dhda-health","PBS","madipge-pbs-d-prescriptions-2017","STRMLND_ATHRTY_CD","character",3731,2641,70.7853,1031,"S0085=3; S2171=3; S5340=3; S0205=2; S0211=2; S0304=2; S0364=2; S0737=2","","matched PLIDA variable metadata","The streamlined authority code the prescriber wrote on the form to claim a restricted PBS item without seeking approval first. The PBS Expl…","madipge-pbs-d-prescriptions-2006 | madipge-pbs-d-prescriptions-2007 | madipge-pbs-d-prescriptions-2008 | ... (20 products)","","",""
"dhda-health","PBS","madipge-pbs-d-prescriptions-2017","SYNTHETIC_AEUID","character",3731,0,0,355,"B8468000008B=43; B84680000194=39; B84680000025=38; B84680000013=36; B84680000100=35; B8468000004F=33; B84680000063=33; B84680000158=33","","matched PLIDA variable metadata","The patient the medicine was supplied to, as the key that carries them across the whole asset. Every PBS row belongs to one person, and thi…","madipge-pbs-d-prescriptions-2006 | madipge-pbs-d-prescriptions-2007 | madipge-pbs-d-prescriptions-2008 | ... (20 products)","","",""
"dhda-health","PBS","madipge-pbs-d-prescriptions-2017","UNDR_CPRSCRPTN_TYP_CD","character",3731,1893,50.7371,2,"1=1346; 2=492","1; 2","matched PLIDA variable metadata","Which kind of under co-payment prescription this row is, meaning one whose dispensed price fell below the co-payment the patient would othe…","madipge-pbs-d-prescriptions-2006 | madipge-pbs-d-prescriptions-2007 | madipge-pbs-d-prescriptions-2008 | ... (15 products)","","",""
"dhda-health","PBS","madipge-pbs-d-prescriptions-2018","BNFT_AMT","numeric",3870,0,0,1001,"0.0000 / 0.0000 / 1.2400 / 27.4675 / 83349.7200","","matched PLIDA variable metadata","The Commonwealth's share of what this supply cost, in dollars and cents. METeOR defines it as ""the total amount of the Commonwealth governm…","madipge-pbs-d-prescriptions-2006 | madipge-pbs-d-prescriptions-2007 | madipge-pbs-d-prescriptions-2008 | ... (20 products)","","",""
"dhda-health","PBS","madipge-pbs-d-prescriptions-2018","CTG_BNFT_AMT","numeric",3870,0,0,55,"0.0 / 0.0 / 0.0 / 0.0 / 39.5","","matched PLIDA variable metadata","The cost of the co-payment reduction that a Closing the Gap registration attracted on this supply, in dollars and cents. Under the program …","madipge-pbs-d-prescriptions-2006 | madipge-pbs-d-prescriptions-2007 | madipge-pbs-d-prescriptions-2008 | ... (20 products)","","",""
"dhda-health","PBS","madipge-pbs-d-prescriptions-2018","CTG_CD","character",3870,0,0,2,"N=3746; Y=124","N; Y","matched PLIDA variable metadata","Whether the prescription was dispensed with Closing the Gap co-payment relief, and the annotation the prescriber wrote to claim it. AIHW ME…","madipge-pbs-d-prescriptions-2006 | madipge-pbs-d-prescriptions-2007 | madipge-pbs-d-prescriptions-2008 | ... (20 products)","","",""
"dhda-health","PBS","madipge-pbs-d-prescriptions-2018","DRG_TYP_CD","character",3870,0,0,4,"R=1500; S=1204; U=741; A=425","A; R; S; U","matched PLIDA variable metadata","The broad category of the medicine supplied, which mostly records the supply arrangement rather than the drug itself. AIHW METEOR defines i…","madipge-pbs-d-prescriptions-2006 | madipge-pbs-d-prescriptions-2007 | madipge-pbs-d-prescriptions-2008 | ... (20 products)","","",""
"dhda-health","PBS","madipge-pbs-d-prescriptions-2018","EXTRCT_DT","character",3870,0,0,370,"23Aug18=21; 02Aug18=19; 11Jul18=19; 13May18=18; 19Mar18=18; 24Jul18=18; 01Jun18=17; 03Nov18=17","","matched PLIDA variable metadata","The day Services Australia cut the claim file this row came out of, which is a fact about the data rather than about the patient. METeOR de…","madipge-pbs-d-prescriptions-2006 | madipge-pbs-d-prescriptions-2007 | madipge-pbs-d-prescriptions-2008 | ... (20 products)","","",""
"dhda-health","PBS","madipge-pbs-d-prescriptions-2018","ITM_CD","character",3870,0,0,2196,"14389H=7; 1898X=7; 2757D=7; 2868Y=7; 5434B=7; 11484K=6; 12468F=6; 13274P=6","","matched PLIDA variable metadata","The PBS item code for the medicine supplied, which fixes the drug, its form and strength, the maximum quantity and the repeats allowed. AIH…","madipge-pbs-d-prescriptions-2006 | madipge-pbs-d-prescriptions-2007 | madipge-pbs-d-prescriptions-2008 | ... (20 products)","","",""
"dhda-health","PBS","madipge-pbs-d-prescriptions-2018","MJR_SPCLTY_GRP_CD","character",3870,0,0,3,"GP=2881; SP=793; OT=196","GP; OT; SP","matched PLIDA variable metadata","The broad specialty group of the health professional who wrote the prescription. AIHW METEOR defines it as ""The broad field of specialty of…","madipge-pbs-d-prescriptions-2006 | madipge-pbs-d-prescriptions-2007 | madipge-pbs-d-prescriptions-2008 | ... (20 products)","","",""
"dhda-health","PBS","madipge-pbs-d-prescriptions-2018","PBS_RGLTN24_ADJST_QTY","integer",3870,0,0,41,"1 / 1 / 28 / 30 / 473","","matched PLIDA variable metadata","How much of the item the pharmacist handed over on this supply, counted in packs or in units of use. METeOR defines the field as ""the total…","madipge-pbs-d-prescriptions-2006 | madipge-pbs-d-prescriptions-2007 | madipge-pbs-d-prescriptions-2008 | ... (20 products)","","",""
"dhda-health","PBS","madipge-pbs-d-prescriptions-2018","PHRMCY_APPRVL_TYP_CD","character",3870,0,0,2,"A=3689; F=181","A; F","matched PLIDA variable metadata","The kind of approval the dispensing pharmacy holds, separating community pharmacies from hospitals and dispensing doctors. AIHW METEOR defi…","madipge-pbs-d-prescriptions-2006 | madipge-pbs-d-prescriptions-2007 | madipge-pbs-d-prescriptions-2008 | ... (20 products)","","",""
"dhda-health","PBS","madipge-pbs-d-prescriptions-2018","PHRMCY_ID_SCRAM","character",3870,0,0,100,"PHAR56708A90=57; PHAR36C04CF4=56; PHAR1A5CE491=54; PHAR031A2D29=53; PHAR513092A5=52; PHAR7EBEFC8F=51; PHAR276B5162=50; PHAR70AF5A3A=49","","matched PLIDA variable metadata","A scrambled key for the pharmacy or approved supplier that dispensed the prescription, used to group supply to one site. The field it repla…","madipge-pbs-d-prescriptions-2006 | madipge-pbs-d-prescriptions-2007 | madipge-pbs-d-prescriptions-2008 | ... (20 products)","","",""
"dhda-health","PBS","madipge-pbs-d-prescriptions-2018","PHRMCY_PSTCD","character",3870,0,0,2550,"2603=9; 2600=7; 2601=7; 2610=7; 2618=7; 2033=6; 2602=6; 2607=6","","matched PLIDA variable metadata","The postal area of the approved pharmacy that dispensed this supply and claimed for it. The PBS specification says of the matching pharmacy…","madipge-pbs-d-prescriptions-2006 | madipge-pbs-d-prescriptions-2007 | madipge-pbs-d-prescriptions-2008 | ... (20 products)","","",""
"dhda-health","PBS","madipge-pbs-d-prescriptions-2018","PRSCRB_DT","character",3870,0,0,375,"12Nov18=22; 11Oct18=20; 20Feb18=20; 13May18=19; 19Oct18=19; 07Aug18=18; 09Oct18=18; 19Sep18=18","","matched PLIDA variable metadata","The day the prescriber signed the script that this supply was made against. METeOR defines it as ""the date on which the Pharmaceutical Bene…","madipge-pbs-d-prescriptions-2006 | madipge-pbs-d-prescriptions-2007 | madipge-pbs-d-prescriptions-2008 | ... (20 products)","","",""
"dhda-health","PBS","madipge-pbs-d-prescriptions-2018","PRSCRBR_ID_SCRAM","character",3870,0,0,200,"PRES292F1CB5=32; PRES325A91B4=31; PRES35323B5A=31; PRES409F1962=30; PRES592E6C9E=30; PRES5FA1B682=30; PRES7138B29C=29; PRES3D3975A9=28","","matched PLIDA variable metadata","A scrambled key for the prescriber who wrote the prescription, used to group prescribing to one practitioner. AIHW METEOR defines the field…","madipge-pbs-d-prescriptions-2006 | madipge-pbs-d-prescriptions-2007 | madipge-pbs-d-prescriptions-2008 | ... (20 products)","","",""
"dhda-health","PBS","madipge-pbs-d-prescriptions-2018","PRSCRBR_MJR_PSTCD","character",3870,0,0,2549,"2601=9; 2605=8; 2603=7; 2615=7; 3131=7; 2032=6; 2600=6; 2610=6","","matched PLIDA variable metadata","Where the prescriber did most of their Medicare work, not where this prescription was written. The PBS specification is explicit that the p…","madipge-pbs-d-prescriptions-2006 | madipge-pbs-d-prescriptions-2007 | madipge-pbs-d-prescriptions-2008 | ... (20 products)","","",""
"dhda-health","PBS","madipge-pbs-d-prescriptions-2018","PRSCRBR_TYP_CD","character",3870,0,0,2,"M=3752; N=118","M; N","matched PLIDA variable metadata","The profession of the person who wrote the prescription: medical practitioner, dentist, optometrist, nurse practitioner or midwife. AIHW ME…","madipge-pbs-d-prescriptions-2006 | madipge-pbs-d-prescriptions-2007 | madipge-pbs-d-prescriptions-2008 | ... (20 products)","","",""
"dhda-health","PBS","madipge-pbs-d-prescriptions-2018","PRSCRPTN_CNT","integer",3870,0,0,8,"1 / 3 / 6 / 6 / 11","1; 11; 2; 3; 4; 5; 6; 7","matched PLIDA variable metadata","How many separate supplies this one prescription authorised, which is 1 on almost every row. METeOR defines it as ""the total number of time…","madipge-pbs-d-prescriptions-2006 | madipge-pbs-d-prescriptions-2007 | madipge-pbs-d-prescriptions-2008 | ... (20 products)","","",""
"dhda-health","PBS","madipge-pbs-d-prescriptions-2018","PRVS_SPPLY_NMBR","integer",3870,0,0,7,"0 / 0 / 0 / 1 / 6","0; 1; 2; 3; 4; 5; 6","matched PLIDA variable metadata","How many times this medicine had already been supplied against this prescription, counting the original supply. AIHW METEOR defines it as ""…","madipge-pbs-d-prescriptions-2006 | madipge-pbs-d-prescriptions-2007 | madipge-pbs-d-prescriptions-2008 | ... (20 products)","","",""
"dhda-health","PBS","madipge-pbs-d-prescriptions-2018","PTNT_BRTH_MTH","integer",3870,0,0,12,"1 / 3 / 6 / 9 / 12","1; 10; 11; 12; 2; 3; 4; 5; 6; 7; 8; 9","matched PLIDA variable metadata","The calendar month of the patient's birth, held without a day so no row can be dated to a birthday. The PBS specification says the underlyi…","madipge-pbs-d-prescriptions-2006 | madipge-pbs-d-prescriptions-2007 | madipge-pbs-d-prescriptions-2008 | ... (15 products)","","",""
"dhda-health","PBS","madipge-pbs-d-prescriptions-2018","PTNT_BRTH_YR","integer",3870,0,0,84,"1922 / 1950 / 1964 / 1982 / 2018","","matched PLIDA variable metadata","The calendar year of the patient's birth, the coarser half of the birth date PLIDA keeps for PBS. The PBS specification says of the underly…","madipge-pbs-d-prescriptions-2006 | madipge-pbs-d-prescriptions-2007 | madipge-pbs-d-prescriptions-2008 | ... (15 products)","","",""
"dhda-health","PBS","madipge-pbs-d-prescriptions-2018","PTNT_CNTRBTN_AMT","numeric",3870,0,0,573,"0.00 / 5.94 / 6.40 / 12.72 / 39.50","","matched PLIDA variable metadata","What the patient paid the pharmacy for this supply, on the PBS's narrow definition of a co-payment. METeOR defines it as ""the total amount …","madipge-pbs-d-prescriptions-2006 | madipge-pbs-d-prescriptions-2007 | madipge-pbs-d-prescriptions-2008 | ... (20 products)","","",""
"dhda-health","PBS","madipge-pbs-d-prescriptions-2018","PTNT_CTGRY_DRVD_CD","character",3870,0,0,2,"C=1993; G=1877","C; G","matched PLIDA variable metadata","The patient's PBS entitlement at the moment of supply: general or concessional, and whether the Safety Net had been reached. AIHW METEOR de…","madipge-pbs-d-prescriptions-2006 | madipge-pbs-d-prescriptions-2007 | madipge-pbs-d-prescriptions-2008 | ... (20 products)","","",""
"dhda-health","PBS","madipge-pbs-d-prescriptions-2018","PTNT_PSTCD","character",3870,0,0,2508,"2611=11; 2616=9; 2602=8; 2605=7; 2600=6; 2604=6; 2607=6; 2608=6","","matched PLIDA variable metadata","The postal area of the patient's home as Medicare last recorded it, which is not necessarily where they lived when the medicine was supplie…","madipge-pbs-d-prescriptions-2006 | madipge-pbs-d-prescriptions-2007 | madipge-pbs-d-prescriptions-2008 | ... (20 products)","","",""
"dhda-health","PBS","madipge-pbs-d-prescriptions-2018","PTNT_SEX_CD","character",3870,0,0,2,"F=2040; M=1830","F; M","matched PLIDA variable metadata","The patient's sex as the Medicare entitlement record held it at the moment the claim was archived. METeOR's PBS note is explicit that ""this…","madipge-pbs-d-prescriptions-2006 | madipge-pbs-d-prescriptions-2007 | madipge-pbs-d-prescriptions-2008 | ... (20 products)","","",""
"dhda-health","PBS","madipge-pbs-d-prescriptions-2018","RGLTN24_IND","character",3870,0,0,2,"N=3829; Y=41","N; Y","matched PLIDA variable metadata","Whether the pharmacist was allowed to hand over the original script and all its repeats at once. METeOR defines it as ""an indicator of whet…","madipge-pbs-d-prescriptions-2006 | madipge-pbs-d-prescriptions-2007 | madipge-pbs-d-prescriptions-2008 | ... (20 products)","","",""
"dhda-health","PBS","madipge-pbs-d-prescriptions-2018","RPT_ORDR_NMBR","integer",3870,0,0,8,"0 / 2 / 5 / 5 / 10","0; 1; 10; 2; 3; 4; 5; 6","matched PLIDA variable metadata","The number of repeat supplies the prescriber authorised on this prescription. AIHW METEOR warns that ""the number of repeats specified in a …","madipge-pbs-d-prescriptions-2006 | madipge-pbs-d-prescriptions-2007 | madipge-pbs-d-prescriptions-2008 | ... (20 products)","","",""
"dhda-health","PBS","madipge-pbs-d-prescriptions-2018","SPPLY_DT","character",3870,0,0,365,"12May18=22; 25Apr18=21; 29May18=21; 20Jul18=19; 20Nov18=18; 11Oct18=17; 12Apr18=17; 13Oct18=17","","matched PLIDA variable metadata","The day the patient took delivery of the medicine from the pharmacy, and the date a medicine-use history should be built on. METeOR defines…","madipge-pbs-d-prescriptions-2006 | madipge-pbs-d-prescriptions-2007 | madipge-pbs-d-prescriptions-2008 | ... (20 products)","","",""
"dhda-health","PBS","madipge-pbs-d-prescriptions-2018","SRT_RPT_IND","character",3870,0,0,2,"N=2372; Y=1498","N; Y","matched PLIDA variable metadata","Whether this row is the first supply against a prescription or a later one. METeOR defines the element as ""an indicator of whether a prescr…","madipge-pbs-d-prescriptions-2006 | madipge-pbs-d-prescriptions-2007 | madipge-pbs-d-prescriptions-2008 | ... (20 products)","","",""
"dhda-health","PBS","madipge-pbs-d-prescriptions-2018","STRMLND_ATHRTY_CD","character",3870,2666,68.8889,1151,"S2733=3; S7996=3; S0099=2; S0345=2; S0562=2; S0794=2; S0833=2; S1528=2","","matched PLIDA variable metadata","The streamlined authority code the prescriber wrote on the form to claim a restricted PBS item without seeking approval first. The PBS Expl…","madipge-pbs-d-prescriptions-2006 | madipge-pbs-d-prescriptions-2007 | madipge-pbs-d-prescriptions-2008 | ... (20 products)","","",""
"dhda-health","PBS","madipge-pbs-d-prescriptions-2018","SYNTHETIC_AEUID","character",3870,0,0,353,"B8468000004F=42; B84680000194=42; B84680000108=39; B8468000017E=37; B8468000011C=36; B8468000008B=35; B846800000D7=35; B84680000029=34","","matched PLIDA variable metadata","The patient the medicine was supplied to, as the key that carries them across the whole asset. Every PBS row belongs to one person, and thi…","madipge-pbs-d-prescriptions-2006 | madipge-pbs-d-prescriptions-2007 | madipge-pbs-d-prescriptions-2008 | ... (20 products)","","",""
"dhda-health","PBS","madipge-pbs-d-prescriptions-2018","UNDR_CPRSCRPTN_TYP_CD","character",3870,2010,51.938,2,"1=1386; 2=474","1; 2","matched PLIDA variable metadata","Which kind of under co-payment prescription this row is, meaning one whose dispensed price fell below the co-payment the patient would othe…","madipge-pbs-d-prescriptions-2006 | madipge-pbs-d-prescriptions-2007 | madipge-pbs-d-prescriptions-2008 | ... (15 products)","","",""
"dhda-health","PBS","madipge-pbs-d-prescriptions-2019","BNFT_AMT","numeric",4005,0,0,1033,"0.00 / 0.00 / 1.52 / 29.47 / 86339.15","","matched PLIDA variable metadata","The Commonwealth's share of what this supply cost, in dollars and cents. METeOR defines it as ""the total amount of the Commonwealth governm…","madipge-pbs-d-prescriptions-2006 | madipge-pbs-d-prescriptions-2007 | madipge-pbs-d-prescriptions-2008 | ... (20 products)","","",""
"dhda-health","PBS","madipge-pbs-d-prescriptions-2019","CTG_BNFT_AMT","numeric",4005,0,0,48,"0.0 / 0.0 / 0.0 / 0.0 / 40.3","","matched PLIDA variable metadata","The cost of the co-payment reduction that a Closing the Gap registration attracted on this supply, in dollars and cents. Under the program …","madipge-pbs-d-prescriptions-2006 | madipge-pbs-d-prescriptions-2007 | madipge-pbs-d-prescriptions-2008 | ... (20 products)","","",""
"dhda-health","PBS","madipge-pbs-d-prescriptions-2019","CTG_CD","character",4005,0,0,2,"N=3898; Y=107","N; Y","matched PLIDA variable metadata","Whether the prescription was dispensed with Closing the Gap co-payment relief, and the annotation the prescriber wrote to claim it. AIHW ME…","madipge-pbs-d-prescriptions-2006 | madipge-pbs-d-prescriptions-2007 | madipge-pbs-d-prescriptions-2008 | ... (20 products)","","",""
"dhda-health","PBS","madipge-pbs-d-prescriptions-2019","DRG_TYP_CD","character",4005,0,0,4,"R=1582; S=1224; U=757; A=442","A; R; S; U","matched PLIDA variable metadata","The broad category of the medicine supplied, which mostly records the supply arrangement rather than the drug itself. AIHW METEOR defines i…","madipge-pbs-d-prescriptions-2006 | madipge-pbs-d-prescriptions-2007 | madipge-pbs-d-prescriptions-2008 | ... (20 products)","","",""
"dhda-health","PBS","madipge-pbs-d-prescriptions-2019","EXTRCT_DT","character",4005,0,0,370,"27Nov19=24; 23Dec19=21; 24Nov19=21; 28Mar19=21; 05Oct19=20; 02Nov19=19; 15Feb19=19; 27Mar19=19","","matched PLIDA variable metadata","The day Services Australia cut the claim file this row came out of, which is a fact about the data rather than about the patient. METeOR de…","madipge-pbs-d-prescriptions-2006 | madipge-pbs-d-prescriptions-2007 | madipge-pbs-d-prescriptions-2008 | ... (20 products)","","",""
"dhda-health","PBS","madipge-pbs-d-prescriptions-2019","ITM_CD","character",4005,0,0,2244,"13464P=9; 1615B=9; 9439T=7; 10061M=6; 1070H=6; 13489Y=6; 13498K=6; 13555K=6","","matched PLIDA variable metadata","The PBS item code for the medicine supplied, which fixes the drug, its form and strength, the maximum quantity and the repeats allowed. AIH…","madipge-pbs-d-prescriptions-2006 | madipge-pbs-d-prescriptions-2007 | madipge-pbs-d-prescriptions-2008 | ... (20 products)","","",""
"dhda-health","PBS","madipge-pbs-d-prescriptions-2019","MJR_SPCLTY_GRP_CD","character",4005,0,0,3,"GP=2954; SP=817; OT=234","GP; OT; SP","matched PLIDA variable metadata","The broad specialty group of the health professional who wrote the prescription. AIHW METEOR defines it as ""The broad field of specialty of…","madipge-pbs-d-prescriptions-2006 | madipge-pbs-d-prescriptions-2007 | madipge-pbs-d-prescriptions-2008 | ... (20 products)","","",""
"dhda-health","PBS","madipge-pbs-d-prescriptions-2019","PBS_RGLTN24_ADJST_QTY","integer",4005,0,0,37,"1 / 1 / 28 / 30 / 473","","matched PLIDA variable metadata","How much of the item the pharmacist handed over on this supply, counted in packs or in units of use. METeOR defines the field as ""the total…","madipge-pbs-d-prescriptions-2006 | madipge-pbs-d-prescriptions-2007 | madipge-pbs-d-prescriptions-2008 | ... (20 products)","","",""
"dhda-health","PBS","madipge-pbs-d-prescriptions-2019","PHRMCY_APPRVL_TYP_CD","character",4005,0,0,2,"A=3827; F=178","A; F","matched PLIDA variable metadata","The kind of approval the dispensing pharmacy holds, separating community pharmacies from hospitals and dispensing doctors. AIHW METEOR defi…","madipge-pbs-d-prescriptions-2006 | madipge-pbs-d-prescriptions-2007 | madipge-pbs-d-prescriptions-2008 | ... (20 products)","","",""
"dhda-health","PBS","madipge-pbs-d-prescriptions-2019","PHRMCY_ID_SCRAM","character",4005,0,0,100,"PHAR09DB4C37=56; PHAR77C1CD81=56; PHAR0944A7B3=55; PHAR0F620558=53; PHAR6E84111A=53; PHAR7E8107F3=53; PHAR66BAF553=51; PHAR674AF994=51","","matched PLIDA variable metadata","A scrambled key for the pharmacy or approved supplier that dispensed the prescription, used to group supply to one site. The field it repla…","madipge-pbs-d-prescriptions-2006 | madipge-pbs-d-prescriptions-2007 | madipge-pbs-d-prescriptions-2008 | ... (20 products)","","",""
"dhda-health","PBS","madipge-pbs-d-prescriptions-2019","PHRMCY_PSTCD","character",4005,0,0,2620,"2601=8; 2604=8; 2606=8; 2607=8; 2605=7; 2609=7; 2612=7; 2611=6","","matched PLIDA variable metadata","The postal area of the approved pharmacy that dispensed this supply and claimed for it. The PBS specification says of the matching pharmacy…","madipge-pbs-d-prescriptions-2006 | madipge-pbs-d-prescriptions-2007 | madipge-pbs-d-prescriptions-2008 | ... (20 products)","","",""
"dhda-health","PBS","madipge-pbs-d-prescriptions-2019","PRSCRB_DT","character",4005,0,0,373,"21Jan19=21; 30Apr19=20; 15Nov19=19; 30Nov19=19; 01May19=18; 01Nov19=18; 23Nov19=18; 04Dec19=17","","matched PLIDA variable metadata","The day the prescriber signed the script that this supply was made against. METeOR defines it as ""the date on which the Pharmaceutical Bene…","madipge-pbs-d-prescriptions-2006 | madipge-pbs-d-prescriptions-2007 | madipge-pbs-d-prescriptions-2008 | ... (20 products)","","",""
"dhda-health","PBS","madipge-pbs-d-prescriptions-2019","PRSCRBR_ID_SCRAM","character",4005,0,0,200,"PRES6F0745C7=36; PRES1E168E89=32; PRES2E5C2A31=30; PRES5AFFDF16=30; PRES33708F5E=29; PRES072BD154=28; PRES3813ED9A=28; PRES3A376FE6=28","","matched PLIDA variable metadata","A scrambled key for the prescriber who wrote the prescription, used to group prescribing to one practitioner. AIHW METEOR defines the field…","madipge-pbs-d-prescriptions-2006 | madipge-pbs-d-prescriptions-2007 | madipge-pbs-d-prescriptions-2008 | ... (20 products)","","",""
"dhda-health","PBS","madipge-pbs-d-prescriptions-2019","PRSCRBR_MJR_PSTCD","character",4005,0,0,2614,"2602=11; 2610=10; 2616=8; 2061=7; 2600=7; 2604=7; 2607=7; 2611=7","","matched PLIDA variable metadata","Where the prescriber did most of their Medicare work, not where this prescription was written. The PBS specification is explicit that the p…","madipge-pbs-d-prescriptions-2006 | madipge-pbs-d-prescriptions-2007 | madipge-pbs-d-prescriptions-2008 | ... (20 products)","","",""
"dhda-health","PBS","madipge-pbs-d-prescriptions-2019","PRSCRBR_TYP_CD","character",4005,0,0,2,"M=3884; N=121","M; N","matched PLIDA variable metadata","The profession of the person who wrote the prescription: medical practitioner, dentist, optometrist, nurse practitioner or midwife. AIHW ME…","madipge-pbs-d-prescriptions-2006 | madipge-pbs-d-prescriptions-2007 | madipge-pbs-d-prescriptions-2008 | ... (20 products)","","",""
"dhda-health","PBS","madipge-pbs-d-prescriptions-2019","PRSCRPTN_CNT","integer",4005,0,0,10,"1 / 3 / 6 / 6 / 11","1; 11; 2; 3; 4; 5; 6; 7; 8; 9","matched PLIDA variable metadata","How many separate supplies this one prescription authorised, which is 1 on almost every row. METeOR defines it as ""the total number of time…","madipge-pbs-d-prescriptions-2006 | madipge-pbs-d-prescriptions-2007 | madipge-pbs-d-prescriptions-2008 | ... (20 products)","","",""
"dhda-health","PBS","madipge-pbs-d-prescriptions-2019","PRVS_SPPLY_NMBR","integer",4005,0,0,6,"0 / 0 / 0 / 1 / 5","0; 1; 2; 3; 4; 5","matched PLIDA variable metadata","How many times this medicine had already been supplied against this prescription, counting the original supply. AIHW METEOR defines it as ""…","madipge-pbs-d-prescriptions-2006 | madipge-pbs-d-prescriptions-2007 | madipge-pbs-d-prescriptions-2008 | ... (20 products)","","",""
"dhda-health","PBS","madipge-pbs-d-prescriptions-2019","PTNT_BRTH_MTH","integer",4005,0,0,12,"1 / 3 / 6 / 9 / 12","1; 10; 11; 12; 2; 3; 4; 5; 6; 7; 8; 9","matched PLIDA variable metadata","The calendar month of the patient's birth, held without a day so no row can be dated to a birthday. The PBS specification says the underlyi…","madipge-pbs-d-prescriptions-2006 | madipge-pbs-d-prescriptions-2007 | madipge-pbs-d-prescriptions-2008 | ... (15 products)","","",""
"dhda-health","PBS","madipge-pbs-d-prescriptions-2019","PTNT_BRTH_YR","integer",4005,0,0,85,"1922 / 1951 / 1965 / 1984 / 2019","","matched PLIDA variable metadata","The calendar year of the patient's birth, the coarser half of the birth date PLIDA keeps for PBS. The PBS specification says of the underly…","madipge-pbs-d-prescriptions-2006 | madipge-pbs-d-prescriptions-2007 | madipge-pbs-d-prescriptions-2008 | ... (15 products)","","",""
"dhda-health","PBS","madipge-pbs-d-prescriptions-2019","PTNT_CNTRBTN_AMT","numeric",4005,0,0,573,"0.00 / 6.34 / 6.50 / 13.53 / 40.30","","matched PLIDA variable metadata","What the patient paid the pharmacy for this supply, on the PBS's narrow definition of a co-payment. METeOR defines it as ""the total amount …","madipge-pbs-d-prescriptions-2006 | madipge-pbs-d-prescriptions-2007 | madipge-pbs-d-prescriptions-2008 | ... (20 products)","","",""
"dhda-health","PBS","madipge-pbs-d-prescriptions-2019","PTNT_CTGRY_DRVD_CD","character",4005,0,0,2,"C=2046; G=1959","C; G","matched PLIDA variable metadata","The patient's PBS entitlement at the moment of supply: general or concessional, and whether the Safety Net had been reached. AIHW METEOR de…","madipge-pbs-d-prescriptions-2006 | madipge-pbs-d-prescriptions-2007 | madipge-pbs-d-prescriptions-2008 | ... (20 products)","","",""
"dhda-health","PBS","madipge-pbs-d-prescriptions-2019","PTNT_PSTCD","character",4005,0,0,2612,"2604=8; 2609=8; 2610=8; 2616=8; 2611=7; 2615=7; 2156=6; 2275=6","","matched PLIDA variable metadata","The postal area of the patient's home as Medicare last recorded it, which is not necessarily where they lived when the medicine was supplie…","madipge-pbs-d-prescriptions-2006 | madipge-pbs-d-prescriptions-2007 | madipge-pbs-d-prescriptions-2008 | ... (20 products)","","",""
"dhda-health","PBS","madipge-pbs-d-prescriptions-2019","PTNT_SEX_CD","character",4005,0,0,2,"F=2109; M=1896","F; M","matched PLIDA variable metadata","The patient's sex as the Medicare entitlement record held it at the moment the claim was archived. METeOR's PBS note is explicit that ""this…","madipge-pbs-d-prescriptions-2006 | madipge-pbs-d-prescriptions-2007 | madipge-pbs-d-prescriptions-2008 | ... (20 products)","","",""
"dhda-health","PBS","madipge-pbs-d-prescriptions-2019","RGLTN24_IND","character",4005,0,0,2,"N=3974; Y=31","N; Y","matched PLIDA variable metadata","Whether the pharmacist was allowed to hand over the original script and all its repeats at once. METeOR defines it as ""an indicator of whet…","madipge-pbs-d-prescriptions-2006 | madipge-pbs-d-prescriptions-2007 | madipge-pbs-d-prescriptions-2008 | ... (20 products)","","",""
"dhda-health","PBS","madipge-pbs-d-prescriptions-2019","RPT_ORDR_NMBR","integer",4005,0,0,10,"0 / 2 / 5 / 5 / 10","0; 1; 10; 2; 3; 4; 5; 6; 7; 8","matched PLIDA variable metadata","The number of repeat supplies the prescriber authorised on this prescription. AIHW METEOR warns that ""the number of repeats specified in a …","madipge-pbs-d-prescriptions-2006 | madipge-pbs-d-prescriptions-2007 | madipge-pbs-d-prescriptions-2008 | ... (20 products)","","",""
"dhda-health","PBS","madipge-pbs-d-prescriptions-2019","SPPLY_DT","character",4005,0,0,365,"18Oct19=20; 19Dec19=20; 20Jun19=20; 03Jan19=19; 15Apr19=19; 18Nov19=19; 19Nov19=19; 18Mar19=18","","matched PLIDA variable metadata","The day the patient took delivery of the medicine from the pharmacy, and the date a medicine-use history should be built on. METeOR defines…","madipge-pbs-d-prescriptions-2006 | madipge-pbs-d-prescriptions-2007 | madipge-pbs-d-prescriptions-2008 | ... (20 products)","","",""
"dhda-health","PBS","madipge-pbs-d-prescriptions-2019","SRT_RPT_IND","character",4005,0,0,2,"N=2439; Y=1566","N; Y","matched PLIDA variable metadata","Whether this row is the first supply against a prescription or a later one. METeOR defines the element as ""an indicator of whether a prescr…","madipge-pbs-d-prescriptions-2006 | madipge-pbs-d-prescriptions-2007 | madipge-pbs-d-prescriptions-2008 | ... (20 products)","","",""
"dhda-health","PBS","madipge-pbs-d-prescriptions-2019","STRMLND_ATHRTY_CD","character",4005,2781,69.4382,1153,"S0071=3; S6793=3; S8015=3; S8149=3; S0014=2; S0936=2; S1002=2; S1105=2","","matched PLIDA variable metadata","The streamlined authority code the prescriber wrote on the form to claim a restricted PBS item without seeking approval first. The PBS Expl…","madipge-pbs-d-prescriptions-2006 | madipge-pbs-d-prescriptions-2007 | madipge-pbs-d-prescriptions-2008 | ... (20 products)","","",""
"dhda-health","PBS","madipge-pbs-d-prescriptions-2019","SYNTHETIC_AEUID","character",4005,0,0,356,"B8468000018F=44; B8468000004F=40; B84680000063=37; B84680000100=37; B8468000008B=35; B8468000011C=35; B84680000194=35; B846800001E2=35","","matched PLIDA variable metadata","The patient the medicine was supplied to, as the key that carries them across the whole asset. Every PBS row belongs to one person, and thi…","madipge-pbs-d-prescriptions-2006 | madipge-pbs-d-prescriptions-2007 | madipge-pbs-d-prescriptions-2008 | ... (20 products)","","",""
"dhda-health","PBS","madipge-pbs-d-prescriptions-2019","UNDR_CPRSCRPTN_TYP_CD","character",4005,2125,53.0587,2,"1=1401; 2=479","1; 2","matched PLIDA variable metadata","Which kind of under co-payment prescription this row is, meaning one whose dispensed price fell below the co-payment the patient would othe…","madipge-pbs-d-prescriptions-2006 | madipge-pbs-d-prescriptions-2007 | madipge-pbs-d-prescriptions-2008 | ... (15 products)","","",""
"dhda-health","PBS","madipge-pbs-d-prescriptions-2020","BNFT_AMT","numeric",4151,0,0,1058,"0.00 / 0.00 / 1.15 / 28.21 / 87670.46","","matched PLIDA variable metadata","The Commonwealth's share of what this supply cost, in dollars and cents. METeOR defines it as ""the total amount of the Commonwealth governm…","madipge-pbs-d-prescriptions-2006 | madipge-pbs-d-prescriptions-2007 | madipge-pbs-d-prescriptions-2008 | ... (20 products)","","",""
"dhda-health","PBS","madipge-pbs-d-prescriptions-2020","CTG_BNFT_AMT","numeric",4151,0,0,55,"0 / 0 / 0 / 0 / 41","","matched PLIDA variable metadata","The cost of the co-payment reduction that a Closing the Gap registration attracted on this supply, in dollars and cents. Under the program …","madipge-pbs-d-prescriptions-2006 | madipge-pbs-d-prescriptions-2007 | madipge-pbs-d-prescriptions-2008 | ... (20 products)","","",""
"dhda-health","PBS","madipge-pbs-d-prescriptions-2020","CTG_CD","character",4151,0,0,2,"N=4027; Y=124","N; Y","matched PLIDA variable metadata","Whether the prescription was dispensed with Closing the Gap co-payment relief, and the annotation the prescriber wrote to claim it. AIHW ME…","madipge-pbs-d-prescriptions-2006 | madipge-pbs-d-prescriptions-2007 | madipge-pbs-d-prescriptions-2008 | ... (20 products)","","",""
"dhda-health","PBS","madipge-pbs-d-prescriptions-2020","DRG_TYP_CD","character",4151,0,0,4,"R=1666; S=1270; U=762; A=453","A; R; S; U","matched PLIDA variable metadata","The broad category of the medicine supplied, which mostly records the supply arrangement rather than the drug itself. AIHW METEOR defines i…","madipge-pbs-d-prescriptions-2006 | madipge-pbs-d-prescriptions-2007 | madipge-pbs-d-prescriptions-2008 | ... (20 products)","","",""
"dhda-health","PBS","madipge-pbs-d-prescriptions-2020","EXTRCT_DT","character",4151,0,0,371,"03Aug20=21; 07Jul20=21; 03Feb20=20; 06May20=20; 24Dec20=20; 06Dec20=19; 21May20=19; 31Mar20=19","","matched PLIDA variable metadata","The day Services Australia cut the claim file this row came out of, which is a fact about the data rather than about the patient. METeOR de…","madipge-pbs-d-prescriptions-2006 | madipge-pbs-d-prescriptions-2007 | madipge-pbs-d-prescriptions-2008 | ... (20 products)","","",""
"dhda-health","PBS","madipge-pbs-d-prescriptions-2020","ITM_CD","character",4151,0,0,2267,"12082X=10; 1615B=8; 5457F=8; 14539F=7; 11971C=6; 13258T=6; 13369P=6; 13435D=6","","matched PLIDA variable metadata","The PBS item code for the medicine supplied, which fixes the drug, its form and strength, the maximum quantity and the repeats allowed. AIH…","madipge-pbs-d-prescriptions-2006 | madipge-pbs-d-prescriptions-2007 | madipge-pbs-d-prescriptions-2008 | ... (20 products)","","",""
"dhda-health","PBS","madipge-pbs-d-prescriptions-2020","MJR_SPCLTY_GRP_CD","character",4151,0,0,3,"GP=3062; SP=882; OT=207","GP; OT; SP","matched PLIDA variable metadata","The broad specialty group of the health professional who wrote the prescription. AIHW METEOR defines it as ""The broad field of specialty of…","madipge-pbs-d-prescriptions-2006 | madipge-pbs-d-prescriptions-2007 | madipge-pbs-d-prescriptions-2008 | ... (20 products)","","",""
"dhda-health","PBS","madipge-pbs-d-prescriptions-2020","PBS_RGLTN24_ADJST_QTY","integer",4151,0,0,40,"1 / 1 / 28 / 30 / 473","","matched PLIDA variable metadata","How much of the item the pharmacist handed over on this supply, counted in packs or in units of use. METeOR defines the field as ""the total…","madipge-pbs-d-prescriptions-2006 | madipge-pbs-d-prescriptions-2007 | madipge-pbs-d-prescriptions-2008 | ... (20 products)","","",""
"dhda-health","PBS","madipge-pbs-d-prescriptions-2020","PHRMCY_APPRVL_TYP_CD","character",4151,0,0,2,"A=3967; F=184","A; F","matched PLIDA variable metadata","The kind of approval the dispensing pharmacy holds, separating community pharmacies from hospitals and dispensing doctors. AIHW METEOR defi…","madipge-pbs-d-prescriptions-2006 | madipge-pbs-d-prescriptions-2007 | madipge-pbs-d-prescriptions-2008 | ... (20 products)","","",""
"dhda-health","PBS","madipge-pbs-d-prescriptions-2020","PHRMCY_ID_SCRAM","character",4151,0,0,100,"PHAR09DB4C37=60; PHAR2E817CC5=58; PHAR60F62938=58; PHAR089554FE=56; PHAR2842F98D=54; PHAR552413EB=53; PHAR75480206=53; PHAR263DD21D=52","","matched PLIDA variable metadata","A scrambled key for the pharmacy or approved supplier that dispensed the prescription, used to group supply to one site. The field it repla…","madipge-pbs-d-prescriptions-2006 | madipge-pbs-d-prescriptions-2007 | madipge-pbs-d-prescriptions-2008 | ... (20 products)","","",""
"dhda-health","PBS","madipge-pbs-d-prescriptions-2020","PHRMCY_PSTCD","character",4151,0,0,2697,"2606=11; 2602=9; 2617=9; 2604=8; 2603=7; 2610=7; 2611=7; 2613=7","","matched PLIDA variable metadata","The postal area of the approved pharmacy that dispensed this supply and claimed for it. The PBS specification says of the matching pharmacy…","madipge-pbs-d-prescriptions-2006 | madipge-pbs-d-prescriptions-2007 | madipge-pbs-d-prescriptions-2008 | ... (20 products)","","",""
"dhda-health","PBS","madipge-pbs-d-prescriptions-2020","PRSCRB_DT","character",4151,0,0,376,"01May20=24; 06Nov20=23; 24Feb20=23; 20May20=20; 11Oct20=19; 30Oct20=19; 01Nov20=18; 09Oct20=18","","matched PLIDA variable metadata","The day the prescriber signed the script that this supply was made against. METeOR defines it as ""the date on which the Pharmaceutical Bene…","madipge-pbs-d-prescriptions-2006 | madipge-pbs-d-prescriptions-2007 | madipge-pbs-d-prescriptions-2008 | ... (20 products)","","",""
"dhda-health","PBS","madipge-pbs-d-prescriptions-2020","PRSCRBR_ID_SCRAM","character",4151,0,0,200,"PRES1D0FC2C9=34; PRES0D0AD279=33; PRES75C8EDCD=32; PRES112A734F=31; PRES4D298AE9=31; PRES147152D8=30; PRES2E5C2A31=30; PRES41AF87C8=30","","matched PLIDA variable metadata","A scrambled key for the prescriber who wrote the prescription, used to group prescribing to one practitioner. AIHW METEOR defines the field…","madipge-pbs-d-prescriptions-2006 | madipge-pbs-d-prescriptions-2007 | madipge-pbs-d-prescriptions-2008 | ... (20 products)","","",""
"dhda-health","PBS","madipge-pbs-d-prescriptions-2020","PRSCRBR_MJR_PSTCD","character",4151,0,0,2674,"2602=10; 2605=9; 2610=9; 2615=8; 2601=7; 2613=7; 2614=7; 2272=6","","matched PLIDA variable metadata","Where the prescriber did most of their Medicare work, not where this prescription was written. The PBS specification is explicit that the p…","madipge-pbs-d-prescriptions-2006 | madipge-pbs-d-prescriptions-2007 | madipge-pbs-d-prescriptions-2008 | ... (20 products)","","",""
"dhda-health","PBS","madipge-pbs-d-prescriptions-2020","PRSCRBR_TYP_CD","character",4151,0,0,2,"M=4004; N=147","M; N","matched PLIDA variable metadata","The profession of the person who wrote the prescription: medical practitioner, dentist, optometrist, nurse practitioner or midwife. AIHW ME…","madipge-pbs-d-prescriptions-2006 | madipge-pbs-d-prescriptions-2007 | madipge-pbs-d-prescriptions-2008 | ... (20 products)","","",""
"dhda-health","PBS","madipge-pbs-d-prescriptions-2020","PRSCRPTN_CNT","integer",4151,0,0,10,"1 / 3 / 6 / 6 / 11","1; 10; 11; 2; 3; 4; 5; 6; 7; 9","matched PLIDA variable metadata","How many separate supplies this one prescription authorised, which is 1 on almost every row. METeOR defines it as ""the total number of time…","madipge-pbs-d-prescriptions-2006 | madipge-pbs-d-prescriptions-2007 | madipge-pbs-d-prescriptions-2008 | ... (20 products)","","",""
"dhda-health","PBS","madipge-pbs-d-prescriptions-2020","PRVS_SPPLY_NMBR","integer",4151,0,0,6,"0 / 0 / 0 / 1 / 5","0; 1; 2; 3; 4; 5","matched PLIDA variable metadata","How many times this medicine had already been supplied against this prescription, counting the original supply. AIHW METEOR defines it as ""…","madipge-pbs-d-prescriptions-2006 | madipge-pbs-d-prescriptions-2007 | madipge-pbs-d-prescriptions-2008 | ... (20 products)","","",""
"dhda-health","PBS","madipge-pbs-d-prescriptions-2020","PTNT_BRTH_MTH","integer",4151,0,0,12,"1 / 3 / 6 / 9 / 12","1; 10; 11; 12; 2; 3; 4; 5; 6; 7; 8; 9","matched PLIDA variable metadata","The calendar month of the patient's birth, held without a day so no row can be dated to a birthday. The PBS specification says the underlyi…","madipge-pbs-d-prescriptions-2006 | madipge-pbs-d-prescriptions-2007 | madipge-pbs-d-prescriptions-2008 | ... (15 products)","","",""
"dhda-health","PBS","madipge-pbs-d-prescriptions-2020","PTNT_BRTH_YR","integer",4151,0,0,86,"1922 / 1951 / 1965 / 1983 / 2020","","matched PLIDA variable metadata","The calendar year of the patient's birth, the coarser half of the birth date PLIDA keeps for PBS. The PBS specification says of the underly…","madipge-pbs-d-prescriptions-2006 | madipge-pbs-d-prescriptions-2007 | madipge-pbs-d-prescriptions-2008 | ... (15 products)","","",""
"dhda-health","PBS","madipge-pbs-d-prescriptions-2020","PTNT_CNTRBTN_AMT","numeric",4151,0,0,587,"0.00 / 6.13 / 6.60 / 11.68 / 41.00","","matched PLIDA variable metadata","What the patient paid the pharmacy for this supply, on the PBS's narrow definition of a co-payment. METeOR defines it as ""the total amount …","madipge-pbs-d-prescriptions-2006 | madipge-pbs-d-prescriptions-2007 | madipge-pbs-d-prescriptions-2008 | ... (20 products)","","",""
"dhda-health","PBS","madipge-pbs-d-prescriptions-2020","PTNT_CTGRY_DRVD_CD","character",4151,0,0,2,"C=2194; G=1957","C; G","matched PLIDA variable metadata","The patient's PBS entitlement at the moment of supply: general or concessional, and whether the Safety Net had been reached. AIHW METEOR de…","madipge-pbs-d-prescriptions-2006 | madipge-pbs-d-prescriptions-2007 | madipge-pbs-d-prescriptions-2008 | ... (20 products)","","",""
"dhda-health","PBS","madipge-pbs-d-prescriptions-2020","PTNT_PSTCD","character",4151,0,0,2652,"2601=11; 2605=11; 2617=10; 2615=9; 2616=7; 2257=6; 2391=6; 2607=6","","matched PLIDA variable metadata","The postal area of the patient's home as Medicare last recorded it, which is not necessarily where they lived when the medicine was supplie…","madipge-pbs-d-prescriptions-2006 | madipge-pbs-d-prescriptions-2007 | madipge-pbs-d-prescriptions-2008 | ... (20 products)","","",""
"dhda-health","PBS","madipge-pbs-d-prescriptions-2020","PTNT_SEX_CD","character",4151,0,0,2,"F=2206; M=1945","F; M","matched PLIDA variable metadata","The patient's sex as the Medicare entitlement record held it at the moment the claim was archived. METeOR's PBS note is explicit that ""this…","madipge-pbs-d-prescriptions-2006 | madipge-pbs-d-prescriptions-2007 | madipge-pbs-d-prescriptions-2008 | ... (20 products)","","",""
"dhda-health","PBS","madipge-pbs-d-prescriptions-2020","RGLTN24_IND","character",4151,0,0,2,"N=4112; Y=39","N; Y","matched PLIDA variable metadata","Whether the pharmacist was allowed to hand over the original script and all its repeats at once. METeOR defines it as ""an indicator of whet…","madipge-pbs-d-prescriptions-2006 | madipge-pbs-d-prescriptions-2007 | madipge-pbs-d-prescriptions-2008 | ... (20 products)","","",""
"dhda-health","PBS","madipge-pbs-d-prescriptions-2020","RPT_ORDR_NMBR","integer",4151,0,0,10,"0 / 2 / 5 / 5 / 10","0; 1; 10; 2; 3; 4; 5; 6; 8; 9","matched PLIDA variable metadata","The number of repeat supplies the prescriber authorised on this prescription. AIHW METEOR warns that ""the number of repeats specified in a …","madipge-pbs-d-prescriptions-2006 | madipge-pbs-d-prescriptions-2007 | madipge-pbs-d-prescriptions-2008 | ... (20 products)","","",""
"dhda-health","PBS","madipge-pbs-d-prescriptions-2020","SPPLY_DT","character",4151,0,0,366,"13May20=23; 06Jan20=22; 13Aug20=22; 22Jul20=22; 25May20=22; 18Mar20=21; 24Feb20=21; 06Nov20=20","","matched PLIDA variable metadata","The day the patient took delivery of the medicine from the pharmacy, and the date a medicine-use history should be built on. METeOR defines…","madipge-pbs-d-prescriptions-2006 | madipge-pbs-d-prescriptions-2007 | madipge-pbs-d-prescriptions-2008 | ... (20 products)","","",""
"dhda-health","PBS","madipge-pbs-d-prescriptions-2020","SRT_RPT_IND","character",4151,0,0,2,"N=2628; Y=1523","N; Y","matched PLIDA variable metadata","Whether this row is the first supply against a prescription or a later one. METeOR defines the element as ""an indicator of whether a prescr…","madipge-pbs-d-prescriptions-2006 | madipge-pbs-d-prescriptions-2007 | madipge-pbs-d-prescriptions-2008 | ... (20 products)","","",""
"dhda-health","PBS","madipge-pbs-d-prescriptions-2020","STRMLND_ATHRTY_CD","character",4151,2881,69.405,1193,"S7939=3; S0063=2; S0265=2; S0310=2; S0560=2; S0566=2; S0727=2; S0749=2","","matched PLIDA variable metadata","The streamlined authority code the prescriber wrote on the form to claim a restricted PBS item without seeking approval first. The PBS Expl…","madipge-pbs-d-prescriptions-2006 | madipge-pbs-d-prescriptions-2007 | madipge-pbs-d-prescriptions-2008 | ... (20 products)","","",""
"dhda-health","PBS","madipge-pbs-d-prescriptions-2020","SYNTHETIC_AEUID","character",4151,0,0,359,"B84680000110=48; B846800000F3=47; B8468000004F=45; B84680000100=41; B84680000175=40; B8468000017E=39; B84680000010=37; B84680000013=36","","matched PLIDA variable metadata","The patient the medicine was supplied to, as the key that carries them across the whole asset. Every PBS row belongs to one person, and thi…","madipge-pbs-d-prescriptions-2006 | madipge-pbs-d-prescriptions-2007 | madipge-pbs-d-prescriptions-2008 | ... (20 products)","","",""
"dhda-health","PBS","madipge-pbs-d-prescriptions-2020","UNDR_CPRSCRPTN_TYP_CD","character",4151,2155,51.9152,2,"1=1474; 2=522","1; 2","matched PLIDA variable metadata","Which kind of under co-payment prescription this row is, meaning one whose dispensed price fell below the co-payment the patient would othe…","madipge-pbs-d-prescriptions-2006 | madipge-pbs-d-prescriptions-2007 | madipge-pbs-d-prescriptions-2008 | ... (15 products)","","",""
"dhda-health","PBS","madipge-pbs-d-prescriptions-2021","BNFT_AMT","numeric",4267,0,0,1074,"0.000 / 0.000 / 0.930 / 26.345 / 88720.630","","matched PLIDA variable metadata","The Commonwealth's share of what this supply cost, in dollars and cents. METeOR defines it as ""the total amount of the Commonwealth governm…","madipge-pbs-d-prescriptions-2006 | madipge-pbs-d-prescriptions-2007 | madipge-pbs-d-prescriptions-2008 | ... (20 products)","","",""
"dhda-health","PBS","madipge-pbs-d-prescriptions-2021","CTG_BNFT_AMT","numeric",4267,0,0,56,"0.0 / 0.0 / 0.0 / 0.0 / 41.3","","matched PLIDA variable metadata","The cost of the co-payment reduction that a Closing the Gap registration attracted on this supply, in dollars and cents. Under the program …","madipge-pbs-d-prescriptions-2006 | madipge-pbs-d-prescriptions-2007 | madipge-pbs-d-prescriptions-2008 | ... (20 products)","","",""
"dhda-health","PBS","madipge-pbs-d-prescriptions-2021","CTG_CD","character",4267,0,0,2,"N=4145; Y=122","N; Y","matched PLIDA variable metadata","Whether the prescription was dispensed with Closing the Gap co-payment relief, and the annotation the prescriber wrote to claim it. AIHW ME…","madipge-pbs-d-prescriptions-2006 | madipge-pbs-d-prescriptions-2007 | madipge-pbs-d-prescriptions-2008 | ... (20 products)","","",""
"dhda-health","PBS","madipge-pbs-d-prescriptions-2021","DRG_TYP_CD","character",4267,0,0,4,"R=1716; S=1273; U=829; A=449","A; R; S; U","matched PLIDA variable metadata","The broad category of the medicine supplied, which mostly records the supply arrangement rather than the drug itself. AIHW METEOR defines i…","madipge-pbs-d-prescriptions-2006 | madipge-pbs-d-prescriptions-2007 | madipge-pbs-d-prescriptions-2008 | ... (20 products)","","",""
"dhda-health","PBS","madipge-pbs-d-prescriptions-2021","EXTRCT_DT","character",4267,0,0,371,"22Jun21=23; 25May21=23; 07Mar21=22; 19Nov21=22; 28May21=22; 13May21=21; 30Nov21=21; 18Jan21=20","","matched PLIDA variable metadata","The day Services Australia cut the claim file this row came out of, which is a fact about the data rather than about the patient. METeOR de…","madipge-pbs-d-prescriptions-2006 | madipge-pbs-d-prescriptions-2007 | madipge-pbs-d-prescriptions-2008 | ... (20 products)","","",""
"dhda-health","PBS","madipge-pbs-d-prescriptions-2021","ITM_CD","character",4267,0,0,2289,"10033C=7; 13729N=7; 10380H=6; 12458Q=6; 13387N=6; 13474E=6; 13841L=6; 14003B=6","","matched PLIDA variable metadata","The PBS item code for the medicine supplied, which fixes the drug, its form and strength, the maximum quantity and the repeats allowed. AIH…","madipge-pbs-d-prescriptions-2006 | madipge-pbs-d-prescriptions-2007 | madipge-pbs-d-prescriptions-2008 | ... (20 products)","","",""
"dhda-health","PBS","madipge-pbs-d-prescriptions-2021","MJR_SPCLTY_GRP_CD","character",4267,0,0,3,"GP=3220; SP=850; OT=197","GP; OT; SP","matched PLIDA variable metadata","The broad specialty group of the health professional who wrote the prescription. AIHW METEOR defines it as ""The broad field of specialty of…","madipge-pbs-d-prescriptions-2006 | madipge-pbs-d-prescriptions-2007 | madipge-pbs-d-prescriptions-2008 | ... (20 products)","","",""
"dhda-health","PBS","madipge-pbs-d-prescriptions-2021","PBS_RGLTN24_ADJST_QTY","integer",4267,0,0,41,"1 / 2 / 28 / 30 / 473","","matched PLIDA variable metadata","How much of the item the pharmacist handed over on this supply, counted in packs or in units of use. METeOR defines the field as ""the total…","madipge-pbs-d-prescriptions-2006 | madipge-pbs-d-prescriptions-2007 | madipge-pbs-d-prescriptions-2008 | ... (20 products)","","",""
"dhda-health","PBS","madipge-pbs-d-prescriptions-2021","PHRMCY_APPRVL_TYP_CD","character",4267,0,0,2,"A=4034; F=233","A; F","matched PLIDA variable metadata","The kind of approval the dispensing pharmacy holds, separating community pharmacies from hospitals and dispensing doctors. AIHW METEOR defi…","madipge-pbs-d-prescriptions-2006 | madipge-pbs-d-prescriptions-2007 | madipge-pbs-d-prescriptions-2008 | ... (20 products)","","",""
"dhda-health","PBS","madipge-pbs-d-prescriptions-2021","PHRMCY_ID_SCRAM","character",4267,0,0,100,"PHAR6B5BBB42=58; PHAR0F620558=55; PHAR4897AE0C=54; PHAR33CE64F3=53; PHAR7E83616B=53; PHAR0FD1B95A=52; PHAR3AE3EEDF=52; PHAR53881E32=52","","matched PLIDA variable metadata","A scrambled key for the pharmacy or approved supplier that dispensed the prescription, used to group supply to one site. The field it repla…","madipge-pbs-d-prescriptions-2006 | madipge-pbs-d-prescriptions-2007 | madipge-pbs-d-prescriptions-2008 | ... (20 products)","","",""
"dhda-health","PBS","madipge-pbs-d-prescriptions-2021","PHRMCY_PSTCD","character",4267,0,0,2681,"2615=10; 2616=10; 2607=9; 2600=8; 2602=8; 2601=7; 2611=7; 2618=7","","matched PLIDA variable metadata","The postal area of the approved pharmacy that dispensed this supply and claimed for it. The PBS specification says of the matching pharmacy…","madipge-pbs-d-prescriptions-2006 | madipge-pbs-d-prescriptions-2007 | madipge-pbs-d-prescriptions-2008 | ... (20 products)","","",""
"dhda-health","PBS","madipge-pbs-d-prescriptions-2021","PRSCRB_DT","character",4267,0,0,377,"25Mar21=23; 06Sep21=22; 16Jun21=22; 29May21=21; 07Dec21=20; 08Nov21=20; 09Jan21=20; 18Mar21=20","","matched PLIDA variable metadata","The day the prescriber signed the script that this supply was made against. METeOR defines it as ""the date on which the Pharmaceutical Bene…","madipge-pbs-d-prescriptions-2006 | madipge-pbs-d-prescriptions-2007 | madipge-pbs-d-prescriptions-2008 | ... (20 products)","","",""
"dhda-health","PBS","madipge-pbs-d-prescriptions-2021","PRSCRBR_ID_SCRAM","character",4267,0,0,200,"PRES78AA801D=33; PRES22FE0852=32; PRES12EAB5B5=31; PRES54E5A243=31; PRES041E264F=30; PRES098AC4F7=30; PRES4FD5ED97=30; PRES69903F4D=30","","matched PLIDA variable metadata","A scrambled key for the prescriber who wrote the prescription, used to group prescribing to one practitioner. AIHW METEOR defines the field…","madipge-pbs-d-prescriptions-2006 | madipge-pbs-d-prescriptions-2007 | madipge-pbs-d-prescriptions-2008 | ... (20 products)","","",""
"dhda-health","PBS","madipge-pbs-d-prescriptions-2021","PRSCRBR_MJR_PSTCD","character",4267,0,0,2720,"2614=14; 2608=13; 2605=12; 2606=10; 2609=10; 2611=10; 2601=7; 2603=7","","matched PLIDA variable metadata","Where the prescriber did most of their Medicare work, not where this prescription was written. The PBS specification is explicit that the p…","madipge-pbs-d-prescriptions-2006 | madipge-pbs-d-prescriptions-2007 | madipge-pbs-d-prescriptions-2008 | ... (20 products)","","",""
"dhda-health","PBS","madipge-pbs-d-prescriptions-2021","PRSCRBR_TYP_CD","character",4267,0,0,2,"M=4136; N=131","M; N","matched PLIDA variable metadata","The profession of the person who wrote the prescription: medical practitioner, dentist, optometrist, nurse practitioner or midwife. AIHW ME…","madipge-pbs-d-prescriptions-2006 | madipge-pbs-d-prescriptions-2007 | madipge-pbs-d-prescriptions-2008 | ... (20 products)","","",""
"dhda-health","PBS","madipge-pbs-d-prescriptions-2021","PRSCRPTN_CNT","integer",4267,0,0,10,"1 / 3 / 6 / 6 / 11","1; 11; 2; 3; 4; 5; 6; 7; 8; 9","matched PLIDA variable metadata","How many separate supplies this one prescription authorised, which is 1 on almost every row. METeOR defines it as ""the total number of time…","madipge-pbs-d-prescriptions-2006 | madipge-pbs-d-prescriptions-2007 | madipge-pbs-d-prescriptions-2008 | ... (20 products)","","",""
"dhda-health","PBS","madipge-pbs-d-prescriptions-2021","PRVS_SPPLY_NMBR","integer",4267,0,0,7,"0 / 0 / 0 / 1 / 6","0; 1; 2; 3; 4; 5; 6","matched PLIDA variable metadata","How many times this medicine had already been supplied against this prescription, counting the original supply. AIHW METEOR defines it as ""…","madipge-pbs-d-prescriptions-2006 | madipge-pbs-d-prescriptions-2007 | madipge-pbs-d-prescriptions-2008 | ... (20 products)","","",""
"dhda-health","PBS","madipge-pbs-d-prescriptions-2021","PTNT_BRTH_MTH","integer",4267,0,0,12,"1 / 3 / 6 / 9 / 12","1; 10; 11; 12; 2; 3; 4; 5; 6; 7; 8; 9","matched PLIDA variable metadata","The calendar month of the patient's birth, held without a day so no row can be dated to a birthday. The PBS specification says the underlyi…","madipge-pbs-d-prescriptions-2006 | madipge-pbs-d-prescriptions-2007 | madipge-pbs-d-prescriptions-2008 | ... (15 products)","","",""
"dhda-health","PBS","madipge-pbs-d-prescriptions-2021","PTNT_BRTH_YR","integer",4267,0,0,87,"1922 / 1951 / 1965 / 1984 / 2021","","matched PLIDA variable metadata","The calendar year of the patient's birth, the coarser half of the birth date PLIDA keeps for PBS. The PBS specification says of the underly…","madipge-pbs-d-prescriptions-2006 | madipge-pbs-d-prescriptions-2007 | madipge-pbs-d-prescriptions-2008 | ... (15 products)","","",""
"dhda-health","PBS","madipge-pbs-d-prescriptions-2021","PTNT_CNTRBTN_AMT","numeric",4267,0,0,609,"0.00 / 6.17 / 6.60 / 13.35 / 41.30","","matched PLIDA variable metadata","What the patient paid the pharmacy for this supply, on the PBS's narrow definition of a co-payment. METeOR defines it as ""the total amount …","madipge-pbs-d-prescriptions-2006 | madipge-pbs-d-prescriptions-2007 | madipge-pbs-d-prescriptions-2008 | ... (20 products)","","",""
"dhda-health","PBS","madipge-pbs-d-prescriptions-2021","PTNT_CTGRY_DRVD_CD","character",4267,0,0,2,"C=2168; G=2099","C; G","matched PLIDA variable metadata","The patient's PBS entitlement at the moment of supply: general or concessional, and whether the Safety Net had been reached. AIHW METEOR de…","madipge-pbs-d-prescriptions-2006 | madipge-pbs-d-prescriptions-2007 | madipge-pbs-d-prescriptions-2008 | ... (20 products)","","",""
"dhda-health","PBS","madipge-pbs-d-prescriptions-2021","PTNT_PSTCD","character",4267,0,0,2727,"2615=11; 2607=10; 2610=10; 2083=8; 2603=8; 2605=8; 2612=8; 2616=7","","matched PLIDA variable metadata","The postal area of the patient's home as Medicare last recorded it, which is not necessarily where they lived when the medicine was supplie…","madipge-pbs-d-prescriptions-2006 | madipge-pbs-d-prescriptions-2007 | madipge-pbs-d-prescriptions-2008 | ... (20 products)","","",""
"dhda-health","PBS","madipge-pbs-d-prescriptions-2021","PTNT_SEX_CD","character",4267,0,0,2,"F=2331; M=1936","F; M","matched PLIDA variable metadata","The patient's sex as the Medicare entitlement record held it at the moment the claim was archived. METeOR's PBS note is explicit that ""this…","madipge-pbs-d-prescriptions-2006 | madipge-pbs-d-prescriptions-2007 | madipge-pbs-d-prescriptions-2008 | ... (20 products)","","",""
"dhda-health","PBS","madipge-pbs-d-prescriptions-2021","RGLTN24_IND","character",4267,0,0,2,"N=4223; Y=44","N; Y","matched PLIDA variable metadata","Whether the pharmacist was allowed to hand over the original script and all its repeats at once. METeOR defines it as ""an indicator of whet…","madipge-pbs-d-prescriptions-2006 | madipge-pbs-d-prescriptions-2007 | madipge-pbs-d-prescriptions-2008 | ... (20 products)","","",""
"dhda-health","PBS","madipge-pbs-d-prescriptions-2021","RPT_ORDR_NMBR","integer",4267,0,0,10,"0 / 2 / 5 / 5 / 10","0; 1; 10; 2; 3; 4; 5; 6; 7; 8","matched PLIDA variable metadata","The number of repeat supplies the prescriber authorised on this prescription. AIHW METEOR warns that ""the number of repeats specified in a …","madipge-pbs-d-prescriptions-2006 | madipge-pbs-d-prescriptions-2007 | madipge-pbs-d-prescriptions-2008 | ... (20 products)","","",""
"dhda-health","PBS","madipge-pbs-d-prescriptions-2021","SPPLY_DT","character",4267,0,0,365,"07Feb21=23; 17Jan21=23; 24Jan21=22; 02Jul21=21; 12Jan21=21; 16Mar21=21; 20Jun21=21; 23Aug21=20","","matched PLIDA variable metadata","The day the patient took delivery of the medicine from the pharmacy, and the date a medicine-use history should be built on. METeOR defines…","madipge-pbs-d-prescriptions-2006 | madipge-pbs-d-prescriptions-2007 | madipge-pbs-d-prescriptions-2008 | ... (20 products)","","",""
"dhda-health","PBS","madipge-pbs-d-prescriptions-2021","SRT_RPT_IND","character",4267,0,0,2,"N=2683; Y=1584","N; Y","matched PLIDA variable metadata","Whether this row is the first supply against a prescription or a later one. METeOR defines the element as ""an indicator of whether a prescr…","madipge-pbs-d-prescriptions-2006 | madipge-pbs-d-prescriptions-2007 | madipge-pbs-d-prescriptions-2008 | ... (20 products)","","",""
"dhda-health","PBS","madipge-pbs-d-prescriptions-2021","STRMLND_ATHRTY_CD","character",4267,2994,70.1664,1192,"S1597=3; S4352=3; S0123=2; S0366=2; S0523=2; S0704=2; S0813=2; S1028=2","","matched PLIDA variable metadata","The streamlined authority code the prescriber wrote on the form to claim a restricted PBS item without seeking approval first. The PBS Expl…","madipge-pbs-d-prescriptions-2006 | madipge-pbs-d-prescriptions-2007 | madipge-pbs-d-prescriptions-2008 | ... (20 products)","","",""
"dhda-health","PBS","madipge-pbs-d-prescriptions-2021","SYNTHETIC_AEUID","character",4267,0,0,365,"B8468000013B=43; B84680000096=41; B84680000010=38; B8468000004F=38; B8468000017E=38; B84680000093=36; B84680000194=36; B84680000110=35","","matched PLIDA variable metadata","The patient the medicine was supplied to, as the key that carries them across the whole asset. Every PBS row belongs to one person, and thi…","madipge-pbs-d-prescriptions-2006 | madipge-pbs-d-prescriptions-2007 | madipge-pbs-d-prescriptions-2008 | ... (20 products)","","",""
"dhda-health","PBS","madipge-pbs-d-prescriptions-2021","UNDR_CPRSCRPTN_TYP_CD","character",4267,2174,50.9491,2,"1=1545; 2=548","1; 2","matched PLIDA variable metadata","Which kind of under co-payment prescription this row is, meaning one whose dispensed price fell below the co-payment the patient would othe…","madipge-pbs-d-prescriptions-2006 | madipge-pbs-d-prescriptions-2007 | madipge-pbs-d-prescriptions-2008 | ... (15 products)","","",""
"dhda-health","PBS","madipge-pbs-d-prescriptions-2022","BNFT_AMT","numeric",4196,0,0,1086,"0.0000 / 0.0000 / 1.7000 / 31.8175 / 89830.9100","","matched PLIDA variable metadata","The Commonwealth's share of what this supply cost, in dollars and cents. METeOR defines it as ""the total amount of the Commonwealth governm…","madipge-pbs-d-prescriptions-2006 | madipge-pbs-d-prescriptions-2007 | madipge-pbs-d-prescriptions-2008 | ... (20 products)","","",""
"dhda-health","PBS","madipge-pbs-d-prescriptions-2022","CTG_BNFT_AMT","numeric",4196,0,0,56,"0.0 / 0.0 / 0.0 / 0.0 / 42.5","","matched PLIDA variable metadata","The cost of the co-payment reduction that a Closing the Gap registration attracted on this supply, in dollars and cents. Under the program …","madipge-pbs-d-prescriptions-2006 | madipge-pbs-d-prescriptions-2007 | madipge-pbs-d-prescriptions-2008 | ... (20 products)","","",""
"dhda-health","PBS","madipge-pbs-d-prescriptions-2022","CTG_CD","character",4196,0,0,2,"N=4066; Y=130","N; Y","matched PLIDA variable metadata","Whether the prescription was dispensed with Closing the Gap co-payment relief, and the annotation the prescriber wrote to claim it. AIHW ME…","madipge-pbs-d-prescriptions-2006 | madipge-pbs-d-prescriptions-2007 | madipge-pbs-d-prescriptions-2008 | ... (20 products)","","",""
"dhda-health","PBS","madipge-pbs-d-prescriptions-2022","DRG_TYP_CD","character",4196,0,0,4,"R=1716; S=1259; U=739; A=482","A; R; S; U","matched PLIDA variable metadata","The broad category of the medicine supplied, which mostly records the supply arrangement rather than the drug itself. AIHW METEOR defines i…","madipge-pbs-d-prescriptions-2006 | madipge-pbs-d-prescriptions-2007 | madipge-pbs-d-prescriptions-2008 | ... (20 products)","","",""
"dhda-health","PBS","madipge-pbs-d-prescriptions-2022","EXTRCT_DT","character",4196,0,0,370,"14Aug22=22; 02Jul22=21; 03Jun22=20; 06Aug22=20; 26Feb22=20; 09Aug22=19; 23Jun22=19; 12Feb22=18","","matched PLIDA variable metadata","The day Services Australia cut the claim file this row came out of, which is a fact about the data rather than about the patient. METeOR de…","madipge-pbs-d-prescriptions-2006 | madipge-pbs-d-prescriptions-2007 | madipge-pbs-d-prescriptions-2008 | ... (20 products)","","",""
"dhda-health","PBS","madipge-pbs-d-prescriptions-2022","ITM_CD","character",4196,0,0,2286,"9487H=8; 13447R=7; 13935K=7; 14328D=7; 10087X=6; 11702X=6; 12672Y=6; 13411W=6","","matched PLIDA variable metadata","The PBS item code for the medicine supplied, which fixes the drug, its form and strength, the maximum quantity and the repeats allowed. AIH…","madipge-pbs-d-prescriptions-2006 | madipge-pbs-d-prescriptions-2007 | madipge-pbs-d-prescriptions-2008 | ... (20 products)","","",""
"dhda-health","PBS","madipge-pbs-d-prescriptions-2022","MJR_SPCLTY_GRP_CD","character",4196,0,0,3,"GP=3235; SP=773; OT=188","GP; OT; SP","matched PLIDA variable metadata","The broad specialty group of the health professional who wrote the prescription. AIHW METEOR defines it as ""The broad field of specialty of…","madipge-pbs-d-prescriptions-2006 | madipge-pbs-d-prescriptions-2007 | madipge-pbs-d-prescriptions-2008 | ... (20 products)","","",""
"dhda-health","PBS","madipge-pbs-d-prescriptions-2022","PBS_RGLTN24_ADJST_QTY","integer",4196,0,0,41,"1 / 1 / 28 / 30 / 473","","matched PLIDA variable metadata","How much of the item the pharmacist handed over on this supply, counted in packs or in units of use. METeOR defines the field as ""the total…","madipge-pbs-d-prescriptions-2006 | madipge-pbs-d-prescriptions-2007 | madipge-pbs-d-prescriptions-2008 | ... (20 products)","","",""
"dhda-health","PBS","madipge-pbs-d-prescriptions-2022","PHRMCY_APPRVL_TYP_CD","character",4196,0,0,2,"A=4015; F=181","A; F","matched PLIDA variable metadata","The kind of approval the dispensing pharmacy holds, separating community pharmacies from hospitals and dispensing doctors. AIHW METEOR defi…","madipge-pbs-d-prescriptions-2006 | madipge-pbs-d-prescriptions-2007 | madipge-pbs-d-prescriptions-2008 | ... (20 products)","","",""
"dhda-health","PBS","madipge-pbs-d-prescriptions-2022","PHRMCY_ID_SCRAM","character",4196,0,0,100,"PHAR2369BE49=65; PHAR629D7C52=57; PHAR15199D84=56; PHAR77C1CD81=56; PHAR37928163=55; PHAR513092A5=55; PHAR16181828=54; PHAR36C04CF4=54","","matched PLIDA variable metadata","A scrambled key for the pharmacy or approved supplier that dispensed the prescription, used to group supply to one site. The field it repla…","madipge-pbs-d-prescriptions-2006 | madipge-pbs-d-prescriptions-2007 | madipge-pbs-d-prescriptions-2008 | ... (20 products)","","",""
"dhda-health","PBS","madipge-pbs-d-prescriptions-2022","PHRMCY_PSTCD","character",4196,0,0,2675,"2615=9; 2604=8; 2614=8; 2606=7; 2609=7; 2610=7; 2611=7; 3331=7","","matched PLIDA variable metadata","The postal area of the approved pharmacy that dispensed this supply and claimed for it. The PBS specification says of the matching pharmacy…","madipge-pbs-d-prescriptions-2006 | madipge-pbs-d-prescriptions-2007 | madipge-pbs-d-prescriptions-2008 | ... (20 products)","","",""
"dhda-health","PBS","madipge-pbs-d-prescriptions-2022","PRSCRB_DT","character",4196,0,0,373,"24Mar22=22; 15Oct22=20; 16Nov22=20; 03Jul22=19; 08Oct22=19; 10Nov22=19; 13Dec22=19; 17Oct22=19","","matched PLIDA variable metadata","The day the prescriber signed the script that this supply was made against. METeOR defines it as ""the date on which the Pharmaceutical Bene…","madipge-pbs-d-prescriptions-2006 | madipge-pbs-d-prescriptions-2007 | madipge-pbs-d-prescriptions-2008 | ... (20 products)","","",""
"dhda-health","PBS","madipge-pbs-d-prescriptions-2022","PRSCRBR_ID_SCRAM","character",4196,0,0,200,"PRES2F7D851F=41; PRES747779B1=36; PRES49A55ED9=34; PRES22FE0852=33; PRES4F7B5C06=33; PRES2A51D834=32; PRES491E8778=32; PRES49775E9A=31","","matched PLIDA variable metadata","A scrambled key for the prescriber who wrote the prescription, used to group prescribing to one practitioner. AIHW METEOR defines the field…","madipge-pbs-d-prescriptions-2006 | madipge-pbs-d-prescriptions-2007 | madipge-pbs-d-prescriptions-2008 | ... (20 products)","","",""
"dhda-health","PBS","madipge-pbs-d-prescriptions-2022","PRSCRBR_MJR_PSTCD","character",4196,0,0,2668,"2601=13; 2611=10; 2602=7; 2607=7; 2617=7; 2600=6; 2605=6; 2610=6","","matched PLIDA variable metadata","Where the prescriber did most of their Medicare work, not where this prescription was written. The PBS specification is explicit that the p…","madipge-pbs-d-prescriptions-2006 | madipge-pbs-d-prescriptions-2007 | madipge-pbs-d-prescriptions-2008 | ... (20 products)","","",""
"dhda-health","PBS","madipge-pbs-d-prescriptions-2022","PRSCRBR_TYP_CD","character",4196,0,0,2,"M=4068; N=128","M; N","matched PLIDA variable metadata","The profession of the person who wrote the prescription: medical practitioner, dentist, optometrist, nurse practitioner or midwife. AIHW ME…","madipge-pbs-d-prescriptions-2006 | madipge-pbs-d-prescriptions-2007 | madipge-pbs-d-prescriptions-2008 | ... (20 products)","","",""
"dhda-health","PBS","madipge-pbs-d-prescriptions-2022","PRSCRPTN_CNT","integer",4196,0,0,9,"1 / 3 / 6 / 6 / 11","1; 11; 2; 3; 4; 5; 6; 7; 9","matched PLIDA variable metadata","How many separate supplies this one prescription authorised, which is 1 on almost every row. METeOR defines it as ""the total number of time…","madipge-pbs-d-prescriptions-2006 | madipge-pbs-d-prescriptions-2007 | madipge-pbs-d-prescriptions-2008 | ... (20 products)","","",""
"dhda-health","PBS","madipge-pbs-d-prescriptions-2022","PRVS_SPPLY_NMBR","integer",4196,0,0,7,"0 / 0 / 0 / 1 / 6","0; 1; 2; 3; 4; 5; 6","matched PLIDA variable metadata","How many times this medicine had already been supplied against this prescription, counting the original supply. AIHW METEOR defines it as ""…","madipge-pbs-d-prescriptions-2006 | madipge-pbs-d-prescriptions-2007 | madipge-pbs-d-prescriptions-2008 | ... (20 products)","","",""
"dhda-health","PBS","madipge-pbs-d-prescriptions-2022","PTNT_BRTH_MTH","integer",4196,0,0,12,"1 / 3 / 6 / 9 / 12","1; 10; 11; 12; 2; 3; 4; 5; 6; 7; 8; 9","matched PLIDA variable metadata","The calendar month of the patient's birth, held without a day so no row can be dated to a birthday. The PBS specification says the underlyi…","madipge-pbs-d-prescriptions-2006 | madipge-pbs-d-prescriptions-2007 | madipge-pbs-d-prescriptions-2008 | ... (15 products)","","",""
"dhda-health","PBS","madipge-pbs-d-prescriptions-2022","PTNT_BRTH_YR","integer",4196,0,0,87,"1922 / 1952 / 1965 / 1982 / 2021","","matched PLIDA variable metadata","The calendar year of the patient's birth, the coarser half of the birth date PLIDA keeps for PBS. The PBS specification says of the underly…","madipge-pbs-d-prescriptions-2006 | madipge-pbs-d-prescriptions-2007 | madipge-pbs-d-prescriptions-2008 | ... (15 products)","","",""
"dhda-health","PBS","madipge-pbs-d-prescriptions-2022","PTNT_CNTRBTN_AMT","numeric",4196,0,0,594,"0.00 / 6.17 / 6.80 / 11.96 / 42.50","","matched PLIDA variable metadata","What the patient paid the pharmacy for this supply, on the PBS's narrow definition of a co-payment. METeOR defines it as ""the total amount …","madipge-pbs-d-prescriptions-2006 | madipge-pbs-d-prescriptions-2007 | madipge-pbs-d-prescriptions-2008 | ... (20 products)","","",""
"dhda-health","PBS","madipge-pbs-d-prescriptions-2022","PTNT_CTGRY_DRVD_CD","character",4196,0,0,2,"C=2233; G=1963","C; G","matched PLIDA variable metadata","The patient's PBS entitlement at the moment of supply: general or concessional, and whether the Safety Net had been reached. AIHW METEOR de…","madipge-pbs-d-prescriptions-2006 | madipge-pbs-d-prescriptions-2007 | madipge-pbs-d-prescriptions-2008 | ... (20 products)","","",""
"dhda-health","PBS","madipge-pbs-d-prescriptions-2022","PTNT_PSTCD","character",4196,0,0,2692,"2606=8; 2607=8; 2609=7; 2612=7; 2614=7; 2618=7; 2604=6; 2608=6","","matched PLIDA variable metadata","The postal area of the patient's home as Medicare last recorded it, which is not necessarily where they lived when the medicine was supplie…","madipge-pbs-d-prescriptions-2006 | madipge-pbs-d-prescriptions-2007 | madipge-pbs-d-prescriptions-2008 | ... (20 products)","","",""
"dhda-health","PBS","madipge-pbs-d-prescriptions-2022","PTNT_SEX_CD","character",4196,0,0,2,"F=2123; M=2073","F; M","matched PLIDA variable metadata","The patient's sex as the Medicare entitlement record held it at the moment the claim was archived. METeOR's PBS note is explicit that ""this…","madipge-pbs-d-prescriptions-2006 | madipge-pbs-d-prescriptions-2007 | madipge-pbs-d-prescriptions-2008 | ... (20 products)","","",""
"dhda-health","PBS","madipge-pbs-d-prescriptions-2022","RGLTN24_IND","character",4196,0,0,2,"N=4149; Y=47","N; Y","matched PLIDA variable metadata","Whether the pharmacist was allowed to hand over the original script and all its repeats at once. METeOR defines it as ""an indicator of whet…","madipge-pbs-d-prescriptions-2006 | madipge-pbs-d-prescriptions-2007 | madipge-pbs-d-prescriptions-2008 | ... (20 products)","","",""
"dhda-health","PBS","madipge-pbs-d-prescriptions-2022","RPT_ORDR_NMBR","integer",4196,0,0,9,"0 / 2 / 5 / 5 / 10","0; 1; 10; 2; 3; 4; 5; 6; 8","matched PLIDA variable metadata","The number of repeat supplies the prescriber authorised on this prescription. AIHW METEOR warns that ""the number of repeats specified in a …","madipge-pbs-d-prescriptions-2006 | madipge-pbs-d-prescriptions-2007 | madipge-pbs-d-prescriptions-2008 | ... (20 products)","","",""
"dhda-health","PBS","madipge-pbs-d-prescriptions-2022","SPPLY_DT","character",4196,0,0,365,"22Oct22=22; 24Dec22=22; 03May22=20; 29May22=20; 10Feb22=19; 14Sep22=19; 15Jul22=19; 16Oct22=19","","matched PLIDA variable metadata","The day the patient took delivery of the medicine from the pharmacy, and the date a medicine-use history should be built on. METeOR defines…","madipge-pbs-d-prescriptions-2006 | madipge-pbs-d-prescriptions-2007 | madipge-pbs-d-prescriptions-2008 | ... (20 products)","","",""
"dhda-health","PBS","madipge-pbs-d-prescriptions-2022","SRT_RPT_IND","character",4196,0,0,2,"N=2631; Y=1565","N; Y","matched PLIDA variable metadata","Whether this row is the first supply against a prescription or a later one. METeOR defines the element as ""an indicator of whether a prescr…","madipge-pbs-d-prescriptions-2006 | madipge-pbs-d-prescriptions-2007 | madipge-pbs-d-prescriptions-2008 | ... (20 products)","","",""
"dhda-health","PBS","madipge-pbs-d-prescriptions-2022","STRMLND_ATHRTY_CD","character",4196,2937,69.9952,1185,"S8656=3; S9016=3; S0045=2; S0091=2; S0266=2; S0288=2; S0435=2; S0466=2","","matched PLIDA variable metadata","The streamlined authority code the prescriber wrote on the form to claim a restricted PBS item without seeking approval first. The PBS Expl…","madipge-pbs-d-prescriptions-2006 | madipge-pbs-d-prescriptions-2007 | madipge-pbs-d-prescriptions-2008 | ... (20 products)","","",""
"dhda-health","PBS","madipge-pbs-d-prescriptions-2022","SYNTHETIC_AEUID","character",4196,0,0,360,"B84680000110=40; B84680000105=39; B846800001E2=39; B8468000017E=38; B8468000018F=38; B84680000010=37; B84680000093=37; B84680000025=35","","matched PLIDA variable metadata","The patient the medicine was supplied to, as the key that carries them across the whole asset. Every PBS row belongs to one person, and thi…","madipge-pbs-d-prescriptions-2006 | madipge-pbs-d-prescriptions-2007 | madipge-pbs-d-prescriptions-2008 | ... (20 products)","","",""
"dhda-health","PBS","madipge-pbs-d-prescriptions-2022","UNDR_CPRSCRPTN_TYP_CD","character",4196,2211,52.693,2,"1=1424; 2=561","1; 2","matched PLIDA variable metadata","Which kind of under co-payment prescription this row is, meaning one whose dispensed price fell below the co-payment the patient would othe…","madipge-pbs-d-prescriptions-2006 | madipge-pbs-d-prescriptions-2007 | madipge-pbs-d-prescriptions-2008 | ... (15 products)","","",""
"dhda-health","PBS","madipge-pbs-d-prescriptions-2023","BNFT_AMT","numeric",4319,0,0,1164,"0.00 / 0.00 / 3.01 / 34.74 / 90626.15","","matched PLIDA variable metadata","The Commonwealth's share of what this supply cost, in dollars and cents. METeOR defines it as ""the total amount of the Commonwealth governm…","madipge-pbs-d-prescriptions-2006 | madipge-pbs-d-prescriptions-2007 | madipge-pbs-d-prescriptions-2008 | ... (20 products)","","",""
"dhda-health","PBS","madipge-pbs-d-prescriptions-2023","CTG_BNFT_AMT","numeric",4319,0,0,55,"0 / 0 / 0 / 0 / 30","","matched PLIDA variable metadata","The cost of the co-payment reduction that a Closing the Gap registration attracted on this supply, in dollars and cents. Under the program …","madipge-pbs-d-prescriptions-2006 | madipge-pbs-d-prescriptions-2007 | madipge-pbs-d-prescriptions-2008 | ... (20 products)","","",""
"dhda-health","PBS","madipge-pbs-d-prescriptions-2023","CTG_CD","character",4319,0,0,2,"N=4175; Y=144","N; Y","matched PLIDA variable metadata","Whether the prescription was dispensed with Closing the Gap co-payment relief, and the annotation the prescriber wrote to claim it. AIHW ME…","madipge-pbs-d-prescriptions-2006 | madipge-pbs-d-prescriptions-2007 | madipge-pbs-d-prescriptions-2008 | ... (20 products)","","",""
"dhda-health","PBS","madipge-pbs-d-prescriptions-2023","DRG_TYP_CD","character",4319,0,0,4,"R=1709; S=1324; U=791; A=495","A; R; S; U","matched PLIDA variable metadata","The broad category of the medicine supplied, which mostly records the supply arrangement rather than the drug itself. AIHW METEOR defines i…","madipge-pbs-d-prescriptions-2006 | madipge-pbs-d-prescriptions-2007 | madipge-pbs-d-prescriptions-2008 | ... (20 products)","","",""
"dhda-health","PBS","madipge-pbs-d-prescriptions-2023","EXTRCT_DT","character",4319,0,0,369,"28Jan23=22; 08Oct23=21; 22Sep23=21; 06Apr23=20; 09Feb23=20; 25Jun23=20; 27Apr23=20; 27Dec23=20","","matched PLIDA variable metadata","The day Services Australia cut the claim file this row came out of, which is a fact about the data rather than about the patient. METeOR de…","madipge-pbs-d-prescriptions-2006 | madipge-pbs-d-prescriptions-2007 | madipge-pbs-d-prescriptions-2008 | ... (20 products)","","",""
"dhda-health","PBS","madipge-pbs-d-prescriptions-2023","ITM_CD","character",4319,0,0,2312,"2600W=8; 13519M=7; 14981L=7; 10059K=6; 12640G=6; 12790E=6; 12830G=6; 13526X=6","","matched PLIDA variable metadata","The PBS item code for the medicine supplied, which fixes the drug, its form and strength, the maximum quantity and the repeats allowed. AIH…","madipge-pbs-d-prescriptions-2006 | madipge-pbs-d-prescriptions-2007 | madipge-pbs-d-prescriptions-2008 | ... (20 products)","","",""
"dhda-health","PBS","madipge-pbs-d-prescriptions-2023","MJR_SPCLTY_GRP_CD","character",4319,0,0,3,"GP=3254; SP=855; OT=210","GP; OT; SP","matched PLIDA variable metadata","The broad specialty group of the health professional who wrote the prescription. AIHW METEOR defines it as ""The broad field of specialty of…","madipge-pbs-d-prescriptions-2006 | madipge-pbs-d-prescriptions-2007 | madipge-pbs-d-prescriptions-2008 | ... (20 products)","","",""
"dhda-health","PBS","madipge-pbs-d-prescriptions-2023","PBS_RGLTN24_ADJST_QTY","integer",4319,0,0,41,"1 / 1 / 28 / 30 / 473","","matched PLIDA variable metadata","How much of the item the pharmacist handed over on this supply, counted in packs or in units of use. METeOR defines the field as ""the total…","madipge-pbs-d-prescriptions-2006 | madipge-pbs-d-prescriptions-2007 | madipge-pbs-d-prescriptions-2008 | ... (20 products)","","",""
"dhda-health","PBS","madipge-pbs-d-prescriptions-2023","PHRMCY_APPRVL_TYP_CD","character",4319,0,0,2,"A=4094; F=225","A; F","matched PLIDA variable metadata","The kind of approval the dispensing pharmacy holds, separating community pharmacies from hospitals and dispensing doctors. AIHW METEOR defi…","madipge-pbs-d-prescriptions-2006 | madipge-pbs-d-prescriptions-2007 | madipge-pbs-d-prescriptions-2008 | ... (20 products)","","",""
"dhda-health","PBS","madipge-pbs-d-prescriptions-2023","PHRMCY_ID_SCRAM","character",4319,0,0,100,"PHAR2E817CC5=65; PHAR2F83BF6D=57; PHAR1D3874F2=55; PHAR27A87781=55; PHAR56708A90=55; PHAR406116DD=54; PHAR09DB4C37=53; PHAR33CE64F3=53","","matched PLIDA variable metadata","A scrambled key for the pharmacy or approved supplier that dispensed the prescription, used to group supply to one site. The field it repla…","madipge-pbs-d-prescriptions-2006 | madipge-pbs-d-prescriptions-2007 | madipge-pbs-d-prescriptions-2008 | ... (20 products)","","",""
"dhda-health","PBS","madipge-pbs-d-prescriptions-2023","PHRMCY_PSTCD","character",4319,0,0,2710,"2614=11; 2606=9; 2612=9; 2615=9; 2600=7; 2603=7; 2605=7; 2607=7","","matched PLIDA variable metadata","The postal area of the approved pharmacy that dispensed this supply and claimed for it. The PBS specification says of the matching pharmacy…","madipge-pbs-d-prescriptions-2006 | madipge-pbs-d-prescriptions-2007 | madipge-pbs-d-prescriptions-2008 | ... (20 products)","","",""
"dhda-health","PBS","madipge-pbs-d-prescriptions-2023","PRSCRB_DT","character",4319,0,0,372,"17Aug23=25; 30Apr23=23; 09Nov23=22; 24Jun23=21; 02Mar23=20; 28Nov23=20; 02Apr23=19; 14May23=19","","matched PLIDA variable metadata","The day the prescriber signed the script that this supply was made against. METeOR defines it as ""the date on which the Pharmaceutical Bene…","madipge-pbs-d-prescriptions-2006 | madipge-pbs-d-prescriptions-2007 | madipge-pbs-d-prescriptions-2008 | ... (20 products)","","",""
"dhda-health","PBS","madipge-pbs-d-prescriptions-2023","PRSCRBR_ID_SCRAM","character",4319,0,0,200,"PRES3F33DFE4=41; PRES76AC6661=37; PRES3D063D30=32; PRES6EE832CD=32; PRES04BDCFEC=31; PRES18CA1303=31; PRES6D3F644F=31; PRES03F23051=30","","matched PLIDA variable metadata","A scrambled key for the prescriber who wrote the prescription, used to group prescribing to one practitioner. AIHW METEOR defines the field…","madipge-pbs-d-prescriptions-2006 | madipge-pbs-d-prescriptions-2007 | madipge-pbs-d-prescriptions-2008 | ... (20 products)","","",""
"dhda-health","PBS","madipge-pbs-d-prescriptions-2023","PRSCRBR_MJR_PSTCD","character",4319,0,0,2738,"2613=12; 2609=10; 2617=10; 2605=8; 2612=8; 2603=7; 2616=7; 2607=6","","matched PLIDA variable metadata","Where the prescriber did most of their Medicare work, not where this prescription was written. The PBS specification is explicit that the p…","madipge-pbs-d-prescriptions-2006 | madipge-pbs-d-prescriptions-2007 | madipge-pbs-d-prescriptions-2008 | ... (20 products)","","",""
"dhda-health","PBS","madipge-pbs-d-prescriptions-2023","PRSCRBR_TYP_CD","character",4319,0,0,2,"M=4202; N=117","M; N","matched PLIDA variable metadata","The profession of the person who wrote the prescription: medical practitioner, dentist, optometrist, nurse practitioner or midwife. AIHW ME…","madipge-pbs-d-prescriptions-2006 | madipge-pbs-d-prescriptions-2007 | madipge-pbs-d-prescriptions-2008 | ... (20 products)","","",""
"dhda-health","PBS","madipge-pbs-d-prescriptions-2023","PRSCRPTN_CNT","integer",4319,0,0,9,"1 / 3 / 6 / 6 / 11","1; 11; 2; 3; 4; 5; 6; 7; 9","matched PLIDA variable metadata","How many separate supplies this one prescription authorised, which is 1 on almost every row. METeOR defines it as ""the total number of time…","madipge-pbs-d-prescriptions-2006 | madipge-pbs-d-prescriptions-2007 | madipge-pbs-d-prescriptions-2008 | ... (20 products)","","",""
"dhda-health","PBS","madipge-pbs-d-prescriptions-2023","PRVS_SPPLY_NMBR","integer",4319,0,0,6,"0 / 0 / 0 / 1 / 5","0; 1; 2; 3; 4; 5","matched PLIDA variable metadata","How many times this medicine had already been supplied against this prescription, counting the original supply. AIHW METEOR defines it as ""…","madipge-pbs-d-prescriptions-2006 | madipge-pbs-d-prescriptions-2007 | madipge-pbs-d-prescriptions-2008 | ... (20 products)","","",""
"dhda-health","PBS","madipge-pbs-d-prescriptions-2023","PTNT_BRTH_MTH","integer",4319,0,0,12,"1 / 3 / 6 / 9 / 12","1; 10; 11; 12; 2; 3; 4; 5; 6; 7; 8; 9","matched PLIDA variable metadata","The calendar month of the patient's birth, held without a day so no row can be dated to a birthday. The PBS specification says the underlyi…","madipge-pbs-d-prescriptions-2006 | madipge-pbs-d-prescriptions-2007 | madipge-pbs-d-prescriptions-2008 | ... (15 products)","","",""
"dhda-health","PBS","madipge-pbs-d-prescriptions-2023","PTNT_BRTH_YR","integer",4319,0,0,87,"1922 / 1954 / 1966 / 1984 / 2021","","matched PLIDA variable metadata","The calendar year of the patient's birth, the coarser half of the birth date PLIDA keeps for PBS. The PBS specification says of the underly…","madipge-pbs-d-prescriptions-2006 | madipge-pbs-d-prescriptions-2007 | madipge-pbs-d-prescriptions-2008 | ... (15 products)","","",""
"dhda-health","PBS","madipge-pbs-d-prescriptions-2023","PTNT_CNTRBTN_AMT","numeric",4319,0,0,535,"0.00 / 6.35 / 7.30 / 12.03 / 30.00","","matched PLIDA variable metadata","What the patient paid the pharmacy for this supply, on the PBS's narrow definition of a co-payment. METeOR defines it as ""the total amount …","madipge-pbs-d-prescriptions-2006 | madipge-pbs-d-prescriptions-2007 | madipge-pbs-d-prescriptions-2008 | ... (20 products)","","",""
"dhda-health","PBS","madipge-pbs-d-prescriptions-2023","PTNT_CTGRY_DRVD_CD","character",4319,0,0,2,"C=2379; G=1940","C; G","matched PLIDA variable metadata","The patient's PBS entitlement at the moment of supply: general or concessional, and whether the Safety Net had been reached. AIHW METEOR de…","madipge-pbs-d-prescriptions-2006 | madipge-pbs-d-prescriptions-2007 | madipge-pbs-d-prescriptions-2008 | ... (20 products)","","",""
"dhda-health","PBS","madipge-pbs-d-prescriptions-2023","PTNT_PSTCD","character",4319,0,0,2749,"2616=12; 2617=11; 2605=8; 2607=8; 2614=8; 2600=7; 2602=7; 2604=7","","matched PLIDA variable metadata","The postal area of the patient's home as Medicare last recorded it, which is not necessarily where they lived when the medicine was supplie…","madipge-pbs-d-prescriptions-2006 | madipge-pbs-d-prescriptions-2007 | madipge-pbs-d-prescriptions-2008 | ... (20 products)","","",""
"dhda-health","PBS","madipge-pbs-d-prescriptions-2023","PTNT_SEX_CD","character",4319,0,0,2,"F=2261; M=2058","F; M","matched PLIDA variable metadata","The patient's sex as the Medicare entitlement record held it at the moment the claim was archived. METeOR's PBS note is explicit that ""this…","madipge-pbs-d-prescriptions-2006 | madipge-pbs-d-prescriptions-2007 | madipge-pbs-d-prescriptions-2008 | ... (20 products)","","",""
"dhda-health","PBS","madipge-pbs-d-prescriptions-2023","RGLTN24_IND","character",4319,0,0,2,"N=4277; Y=42","N; Y","matched PLIDA variable metadata","Whether the pharmacist was allowed to hand over the original script and all its repeats at once. METeOR defines it as ""an indicator of whet…","madipge-pbs-d-prescriptions-2006 | madipge-pbs-d-prescriptions-2007 | madipge-pbs-d-prescriptions-2008 | ... (20 products)","","",""
"dhda-health","PBS","madipge-pbs-d-prescriptions-2023","RPT_ORDR_NMBR","integer",4319,0,0,9,"0 / 2 / 5 / 5 / 10","0; 1; 10; 2; 3; 4; 5; 6; 8","matched PLIDA variable metadata","The number of repeat supplies the prescriber authorised on this prescription. AIHW METEOR warns that ""the number of repeats specified in a …","madipge-pbs-d-prescriptions-2006 | madipge-pbs-d-prescriptions-2007 | madipge-pbs-d-prescriptions-2008 | ... (20 products)","","",""
"dhda-health","PBS","madipge-pbs-d-prescriptions-2023","SPPLY_DT","character",4319,0,0,365,"23May23=24; 27Dec23=23; 22Aug23=22; 07Apr23=21; 23Mar23=21; 03Sep23=20; 06Feb23=19; 07Dec23=19","","matched PLIDA variable metadata","The day the patient took delivery of the medicine from the pharmacy, and the date a medicine-use history should be built on. METeOR defines…","madipge-pbs-d-prescriptions-2006 | madipge-pbs-d-prescriptions-2007 | madipge-pbs-d-prescriptions-2008 | ... (20 products)","","",""
"dhda-health","PBS","madipge-pbs-d-prescriptions-2023","SRT_RPT_IND","character",4319,0,0,2,"N=2670; Y=1649","N; Y","matched PLIDA variable metadata","Whether this row is the first supply against a prescription or a later one. METeOR defines the element as ""an indicator of whether a prescr…","madipge-pbs-d-prescriptions-2006 | madipge-pbs-d-prescriptions-2007 | madipge-pbs-d-prescriptions-2008 | ... (20 products)","","",""
"dhda-health","PBS","madipge-pbs-d-prescriptions-2023","STRMLND_ATHRTY_CD","character",4319,2995,69.3448,1239,"S2956=3; S3825=3; S4997=3; S8332=3; S0007=2; S0095=2; S0290=2; S0373=2","","matched PLIDA variable metadata","The streamlined authority code the prescriber wrote on the form to claim a restricted PBS item without seeking approval first. The PBS Expl…","madipge-pbs-d-prescriptions-2006 | madipge-pbs-d-prescriptions-2007 | madipge-pbs-d-prescriptions-2008 | ... (20 products)","","",""
"dhda-health","PBS","madipge-pbs-d-prescriptions-2023","SYNTHETIC_AEUID","character",4319,0,0,357,"B84680000108=42; B84680000158=42; B84680000175=39; B8468000018F=39; B846800001C7=38; B846800000F3=37; B8468000004F=36; B846800000C0=36","","matched PLIDA variable metadata","The patient the medicine was supplied to, as the key that carries them across the whole asset. Every PBS row belongs to one person, and thi…","madipge-pbs-d-prescriptions-2006 | madipge-pbs-d-prescriptions-2007 | madipge-pbs-d-prescriptions-2008 | ... (20 products)","","",""
"dhda-health","PBS","madipge-pbs-d-prescriptions-2023","UNDR_CPRSCRPTN_TYP_CD","character",4319,2431,56.2862,2,"1=1261; 2=627","1; 2","matched PLIDA variable metadata","Which kind of under co-payment prescription this row is, meaning one whose dispensed price fell below the co-payment the patient would othe…","madipge-pbs-d-prescriptions-2006 | madipge-pbs-d-prescriptions-2007 | madipge-pbs-d-prescriptions-2008 | ... (15 products)","","",""
"dhda-health","PBS","madipge-pbs-d-prescriptions-2024","BNFT_AMT","numeric",4319,0,0,1112,"0.00 / 0.00 / 2.67 / 35.93 / 95905.19","","matched PLIDA variable metadata","The Commonwealth's share of what this supply cost, in dollars and cents. METeOR defines it as ""the total amount of the Commonwealth governm…","madipge-pbs-d-prescriptions-2006 | madipge-pbs-d-prescriptions-2007 | madipge-pbs-d-prescriptions-2008 | ... (20 products)","","",""
"dhda-health","PBS","madipge-pbs-d-prescriptions-2024","CTG_BNFT_AMT","numeric",4319,0,0,58,"0.0 / 0.0 / 0.0 / 0.0 / 31.6","","matched PLIDA variable metadata","The cost of the co-payment reduction that a Closing the Gap registration attracted on this supply, in dollars and cents. Under the program …","madipge-pbs-d-prescriptions-2006 | madipge-pbs-d-prescriptions-2007 | madipge-pbs-d-prescriptions-2008 | ... (20 products)","","",""
"dhda-health","PBS","madipge-pbs-d-prescriptions-2024","CTG_CD","character",4319,0,0,2,"N=4192; Y=127","N; Y","matched PLIDA variable metadata","Whether the prescription was dispensed with Closing the Gap co-payment relief, and the annotation the prescriber wrote to claim it. AIHW ME…","madipge-pbs-d-prescriptions-2006 | madipge-pbs-d-prescriptions-2007 | madipge-pbs-d-prescriptions-2008 | ... (20 products)","","",""
"dhda-health","PBS","madipge-pbs-d-prescriptions-2024","DRG_TYP_CD","character",4319,0,0,4,"R=1750; S=1270; U=794; A=505","A; R; S; U","matched PLIDA variable metadata","The broad category of the medicine supplied, which mostly records the supply arrangement rather than the drug itself. AIHW METEOR defines i…","madipge-pbs-d-prescriptions-2006 | madipge-pbs-d-prescriptions-2007 | madipge-pbs-d-prescriptions-2008 | ... (20 products)","","",""
"dhda-health","PBS","madipge-pbs-d-prescriptions-2024","EXTRCT_DT","character",4319,0,0,372,"18Nov24=26; 20Apr24=23; 21Apr24=23; 19Nov24=21; 20May24=20; 23Oct24=20; 28Jun24=20; 30May24=20","","matched PLIDA variable metadata","The day Services Australia cut the claim file this row came out of, which is a fact about the data rather than about the patient. METeOR de…","madipge-pbs-d-prescriptions-2006 | madipge-pbs-d-prescriptions-2007 | madipge-pbs-d-prescriptions-2008 | ... (20 products)","","",""
"dhda-health","PBS","madipge-pbs-d-prescriptions-2024","ITM_CD","character",4319,0,0,2336,"13942T=8; 3410L=8; 10015D=7; 13494F=7; 14411L=7; 3141H=7; 8679T=7; 11892X=6","","matched PLIDA variable metadata","The PBS item code for the medicine supplied, which fixes the drug, its form and strength, the maximum quantity and the repeats allowed. AIH…","madipge-pbs-d-prescriptions-2006 | madipge-pbs-d-prescriptions-2007 | madipge-pbs-d-prescriptions-2008 | ... (20 products)","","",""
"dhda-health","PBS","madipge-pbs-d-prescriptions-2024","MJR_SPCLTY_GRP_CD","character",4319,0,0,3,"GP=3171; SP=931; OT=217","GP; OT; SP","matched PLIDA variable metadata","The broad specialty group of the health professional who wrote the prescription. AIHW METEOR defines it as ""The broad field of specialty of…","madipge-pbs-d-prescriptions-2006 | madipge-pbs-d-prescriptions-2007 | madipge-pbs-d-prescriptions-2008 | ... (20 products)","","",""
"dhda-health","PBS","madipge-pbs-d-prescriptions-2024","PBS_RGLTN24_ADJST_QTY","integer",4319,0,0,39,"1 / 1 / 28 / 30 / 473","","matched PLIDA variable metadata","How much of the item the pharmacist handed over on this supply, counted in packs or in units of use. METeOR defines the field as ""the total…","madipge-pbs-d-prescriptions-2006 | madipge-pbs-d-prescriptions-2007 | madipge-pbs-d-prescriptions-2008 | ... (20 products)","","",""
"dhda-health","PBS","madipge-pbs-d-prescriptions-2024","PHRMCY_APPRVL_TYP_CD","character",4319,0,0,2,"A=4101; F=218","A; F","matched PLIDA variable metadata","The kind of approval the dispensing pharmacy holds, separating community pharmacies from hospitals and dispensing doctors. AIHW METEOR defi…","madipge-pbs-d-prescriptions-2006 | madipge-pbs-d-prescriptions-2007 | madipge-pbs-d-prescriptions-2008 | ... (20 products)","","",""
"dhda-health","PBS","madipge-pbs-d-prescriptions-2024","PHRMCY_ID_SCRAM","character",4319,0,0,100,"PHAR3000BD23=64; PHAR0343B771=63; PHAR36977013=58; PHAR16181828=56; PHAR70AF5A3A=56; PHAR46241E79=55; PHAR7E8107F3=55; PHAR276B5162=54","","matched PLIDA variable metadata","A scrambled key for the pharmacy or approved supplier that dispensed the prescription, used to group supply to one site. The field it repla…","madipge-pbs-d-prescriptions-2006 | madipge-pbs-d-prescriptions-2007 | madipge-pbs-d-prescriptions-2008 | ... (20 products)","","",""
"dhda-health","PBS","madipge-pbs-d-prescriptions-2024","PHRMCY_PSTCD","character",4319,0,0,2709,"2606=17; 2605=15; 2602=11; 2601=10; 2618=10; 2617=9; 2603=7; 2614=7","","matched PLIDA variable metadata","The postal area of the approved pharmacy that dispensed this supply and claimed for it. The PBS specification says of the matching pharmacy…","madipge-pbs-d-prescriptions-2006 | madipge-pbs-d-prescriptions-2007 | madipge-pbs-d-prescriptions-2008 | ... (20 products)","","",""
"dhda-health","PBS","madipge-pbs-d-prescriptions-2024","PRSCRB_DT","character",4319,0,0,374,"24Jun24=24; 14Dec24=22; 01Oct24=21; 11Nov24=20; 16Nov24=20; 29Mar24=20; 02Nov24=19; 07Sep24=19","","matched PLIDA variable metadata","The day the prescriber signed the script that this supply was made against. METeOR defines it as ""the date on which the Pharmaceutical Bene…","madipge-pbs-d-prescriptions-2006 | madipge-pbs-d-prescriptions-2007 | madipge-pbs-d-prescriptions-2008 | ... (20 products)","","",""
"dhda-health","PBS","madipge-pbs-d-prescriptions-2024","PRSCRBR_ID_SCRAM","character",4319,0,0,200,"PRES2CD79F96=34; PRES0C933399=32; PRES16AE66D4=32; PRES5F599541=32; PRES65400EA9=32; PRES68E78075=32; PRES26ECAE82=31; PRES3DB2DD62=31","","matched PLIDA variable metadata","A scrambled key for the prescriber who wrote the prescription, used to group prescribing to one practitioner. AIHW METEOR defines the field…","madipge-pbs-d-prescriptions-2006 | madipge-pbs-d-prescriptions-2007 | madipge-pbs-d-prescriptions-2008 | ... (20 products)","","",""
"dhda-health","PBS","madipge-pbs-d-prescriptions-2024","PRSCRBR_MJR_PSTCD","character",4319,0,0,2748,"2618=12; 2607=11; 2606=10; 2614=9; 2616=9; 2601=8; 2604=8; 2611=8","","matched PLIDA variable metadata","Where the prescriber did most of their Medicare work, not where this prescription was written. The PBS specification is explicit that the p…","madipge-pbs-d-prescriptions-2006 | madipge-pbs-d-prescriptions-2007 | madipge-pbs-d-prescriptions-2008 | ... (20 products)","","",""
"dhda-health","PBS","madipge-pbs-d-prescriptions-2024","PRSCRBR_TYP_CD","character",4319,0,0,2,"M=4191; N=128","M; N","matched PLIDA variable metadata","The profession of the person who wrote the prescription: medical practitioner, dentist, optometrist, nurse practitioner or midwife. AIHW ME…","madipge-pbs-d-prescriptions-2006 | madipge-pbs-d-prescriptions-2007 | madipge-pbs-d-prescriptions-2008 | ... (20 products)","","",""
"dhda-health","PBS","madipge-pbs-d-prescriptions-2024","PRSCRPTN_CNT","integer",4319,0,0,10,"1 / 3 / 6 / 6 / 16","1; 11; 16; 2; 3; 4; 5; 6; 7; 9","matched PLIDA variable metadata","How many separate supplies this one prescription authorised, which is 1 on almost every row. METeOR defines it as ""the total number of time…","madipge-pbs-d-prescriptions-2006 | madipge-pbs-d-prescriptions-2007 | madipge-pbs-d-prescriptions-2008 | ... (20 products)","","",""
"dhda-health","PBS","madipge-pbs-d-prescriptions-2024","PRVS_SPPLY_NMBR","integer",4319,0,0,6,"0 / 0 / 0 / 1 / 5","0; 1; 2; 3; 4; 5","matched PLIDA variable metadata","How many times this medicine had already been supplied against this prescription, counting the original supply. AIHW METEOR defines it as ""…","madipge-pbs-d-prescriptions-2006 | madipge-pbs-d-prescriptions-2007 | madipge-pbs-d-prescriptions-2008 | ... (20 products)","","",""
"dhda-health","PBS","madipge-pbs-d-prescriptions-2024","PTNT_BRTH_MTH","integer",4319,0,0,12,"1 / 3 / 6 / 9 / 12","1; 10; 11; 12; 2; 3; 4; 5; 6; 7; 8; 9","matched PLIDA variable metadata","The calendar month of the patient's birth, held without a day so no row can be dated to a birthday. The PBS specification says the underlyi…","madipge-pbs-d-prescriptions-2006 | madipge-pbs-d-prescriptions-2007 | madipge-pbs-d-prescriptions-2008 | ... (15 products)","","",""
"dhda-health","PBS","madipge-pbs-d-prescriptions-2024","PTNT_BRTH_YR","integer",4319,0,0,87,"1922 / 1954 / 1966 / 1984 / 2021","","matched PLIDA variable metadata","The calendar year of the patient's birth, the coarser half of the birth date PLIDA keeps for PBS. The PBS specification says of the underly…","madipge-pbs-d-prescriptions-2006 | madipge-pbs-d-prescriptions-2007 | madipge-pbs-d-prescriptions-2008 | ... (15 products)","","",""
"dhda-health","PBS","madipge-pbs-d-prescriptions-2024","PTNT_CNTRBTN_AMT","numeric",4319,0,0,541,"0.00 / 6.59 / 7.70 / 11.48 / 31.60","","matched PLIDA variable metadata","What the patient paid the pharmacy for this supply, on the PBS's narrow definition of a co-payment. METeOR defines it as ""the total amount …","madipge-pbs-d-prescriptions-2006 | madipge-pbs-d-prescriptions-2007 | madipge-pbs-d-prescriptions-2008 | ... (20 products)","","",""
"dhda-health","PBS","madipge-pbs-d-prescriptions-2024","PTNT_CTGRY_DRVD_CD","character",4319,0,0,2,"C=2347; G=1972","C; G","matched PLIDA variable metadata","The patient's PBS entitlement at the moment of supply: general or concessional, and whether the Safety Net had been reached. AIHW METEOR de…","madipge-pbs-d-prescriptions-2006 | madipge-pbs-d-prescriptions-2007 | madipge-pbs-d-prescriptions-2008 | ... (20 products)","","",""
"dhda-health","PBS","madipge-pbs-d-prescriptions-2024","PTNT_PSTCD","character",4319,0,0,2701,"2616=13; 2600=11; 2614=9; 2603=8; 2610=8; 2611=8; 2612=8; 2617=8","","matched PLIDA variable metadata","The postal area of the patient's home as Medicare last recorded it, which is not necessarily where they lived when the medicine was supplie…","madipge-pbs-d-prescriptions-2006 | madipge-pbs-d-prescriptions-2007 | madipge-pbs-d-prescriptions-2008 | ... (20 products)","","",""
"dhda-health","PBS","madipge-pbs-d-prescriptions-2024","PTNT_SEX_CD","character",4319,0,0,2,"F=2222; M=2097","F; M","matched PLIDA variable metadata","The patient's sex as the Medicare entitlement record held it at the moment the claim was archived. METeOR's PBS note is explicit that ""this…","madipge-pbs-d-prescriptions-2006 | madipge-pbs-d-prescriptions-2007 | madipge-pbs-d-prescriptions-2008 | ... (20 products)","","",""
"dhda-health","PBS","madipge-pbs-d-prescriptions-2024","RGLTN24_IND","character",4319,0,0,2,"N=4272; Y=47","N; Y","matched PLIDA variable metadata","Whether the pharmacist was allowed to hand over the original script and all its repeats at once. METeOR defines it as ""an indicator of whet…","madipge-pbs-d-prescriptions-2006 | madipge-pbs-d-prescriptions-2007 | madipge-pbs-d-prescriptions-2008 | ... (20 products)","","",""
"dhda-health","PBS","madipge-pbs-d-prescriptions-2024","RPT_ORDR_NMBR","integer",4319,0,0,10,"0 / 2 / 5 / 5 / 15","0; 1; 10; 15; 2; 3; 4; 5; 6; 8","matched PLIDA variable metadata","The number of repeat supplies the prescriber authorised on this prescription. AIHW METEOR warns that ""the number of repeats specified in a …","madipge-pbs-d-prescriptions-2006 | madipge-pbs-d-prescriptions-2007 | madipge-pbs-d-prescriptions-2008 | ... (20 products)","","",""
"dhda-health","PBS","madipge-pbs-d-prescriptions-2024","SPPLY_DT","character",4319,0,0,366,"14Dec24=26; 01Feb24=21; 04Dec24=21; 30Aug24=21; 02Oct24=20; 15Nov24=20; 19Jul24=20; 02Nov24=19","","matched PLIDA variable metadata","The day the patient took delivery of the medicine from the pharmacy, and the date a medicine-use history should be built on. METeOR defines…","madipge-pbs-d-prescriptions-2006 | madipge-pbs-d-prescriptions-2007 | madipge-pbs-d-prescriptions-2008 | ... (20 products)","","",""
"dhda-health","PBS","madipge-pbs-d-prescriptions-2024","SRT_RPT_IND","character",4319,0,0,2,"N=2699; Y=1620","N; Y","matched PLIDA variable metadata","Whether this row is the first supply against a prescription or a later one. METeOR defines the element as ""an indicator of whether a prescr…","madipge-pbs-d-prescriptions-2006 | madipge-pbs-d-prescriptions-2007 | madipge-pbs-d-prescriptions-2008 | ... (20 products)","","",""
"dhda-health","PBS","madipge-pbs-d-prescriptions-2024","STRMLND_ATHRTY_CD","character",4319,3049,70.595,1197,"S1682=4; S5520=3; S0099=2; S0129=2; S0457=2; S0473=2; S0486=2; S0552=2","","matched PLIDA variable metadata","The streamlined authority code the prescriber wrote on the form to claim a restricted PBS item without seeking approval first. The PBS Expl…","madipge-pbs-d-prescriptions-2006 | madipge-pbs-d-prescriptions-2007 | madipge-pbs-d-prescriptions-2008 | ... (20 products)","","",""
"dhda-health","PBS","madipge-pbs-d-prescriptions-2024","SYNTHETIC_AEUID","character",4319,0,0,358,"B84680000063=40; B8468000011C=38; B84680000110=37; B84680000010=36; B84680000029=36; B84680000093=36; B846800000F3=35; B8468000013B=34","","matched PLIDA variable metadata","The patient the medicine was supplied to, as the key that carries them across the whole asset. Every PBS row belongs to one person, and thi…","madipge-pbs-d-prescriptions-2006 | madipge-pbs-d-prescriptions-2007 | madipge-pbs-d-prescriptions-2008 | ... (20 products)","","",""
"dhda-health","PBS","madipge-pbs-d-prescriptions-2024","UNDR_CPRSCRPTN_TYP_CD","character",4319,2368,54.8275,2,"1=1300; 2=651","1; 2","matched PLIDA variable metadata","Which kind of under co-payment prescription this row is, meaning one whose dispensed price fell below the co-payment the patient would othe…","madipge-pbs-d-prescriptions-2006 | madipge-pbs-d-prescriptions-2007 | madipge-pbs-d-prescriptions-2008 | ... (15 products)","","",""
"dhda-health","PBS","madipge-pbs-d-prescriptions-2025","BNFT_AMT","numeric",4424,0,0,1149,"0.0000 / 0.0000 / 3.0600 / 35.6525 / 98733.2500","","matched PLIDA variable metadata","The Commonwealth's share of what this supply cost, in dollars and cents. METeOR defines it as ""the total amount of the Commonwealth governm…","madipge-pbs-d-prescriptions-2006 | madipge-pbs-d-prescriptions-2007 | madipge-pbs-d-prescriptions-2008 | ... (20 products)","","",""
"dhda-health","PBS","madipge-pbs-d-prescriptions-2025","CTG_BNFT_AMT","numeric",4424,0,0,51,"0.0 / 0.0 / 0.0 / 0.0 / 31.6","","matched PLIDA variable metadata","The cost of the co-payment reduction that a Closing the Gap registration attracted on this supply, in dollars and cents. Under the program …","madipge-pbs-d-prescriptions-2006 | madipge-pbs-d-prescriptions-2007 | madipge-pbs-d-prescriptions-2008 | ... (20 products)","","",""
"dhda-health","PBS","madipge-pbs-d-prescriptions-2025","CTG_CD","character",4424,0,0,2,"N=4298; Y=126","N; Y","matched PLIDA variable metadata","Whether the prescription was dispensed with Closing the Gap co-payment relief, and the annotation the prescriber wrote to claim it. AIHW ME…","madipge-pbs-d-prescriptions-2006 | madipge-pbs-d-prescriptions-2007 | madipge-pbs-d-prescriptions-2008 | ... (20 products)","","",""
"dhda-health","PBS","madipge-pbs-d-prescriptions-2025","DRG_TYP_CD","character",4424,0,0,4,"R=1834; S=1332; U=794; A=464","A; R; S; U","matched PLIDA variable metadata","The broad category of the medicine supplied, which mostly records the supply arrangement rather than the drug itself. AIHW METEOR defines i…","madipge-pbs-d-prescriptions-2006 | madipge-pbs-d-prescriptions-2007 | madipge-pbs-d-prescriptions-2008 | ... (20 products)","","",""
"dhda-health","PBS","madipge-pbs-d-prescriptions-2025","EXTRCT_DT","character",4424,0,0,370,"28May25=23; 29Jan25=22; 02Apr25=21; 13Sep25=20; 19Aug25=20; 29Jul25=20; 10Oct25=19; 27Aug25=19","","matched PLIDA variable metadata","The day Services Australia cut the claim file this row came out of, which is a fact about the data rather than about the patient. METeOR de…","madipge-pbs-d-prescriptions-2006 | madipge-pbs-d-prescriptions-2007 | madipge-pbs-d-prescriptions-2008 | ... (20 products)","","",""
"dhda-health","PBS","madipge-pbs-d-prescriptions-2025","ITM_CD","character",4424,0,0,2320,"13178N=8; 13603Y=8; 9498X=8; 14507M=7; 2721F=7; 8222R=7; 8408M=7; 8439E=7","","matched PLIDA variable metadata","The PBS item code for the medicine supplied, which fixes the drug, its form and strength, the maximum quantity and the repeats allowed. AIH…","madipge-pbs-d-prescriptions-2006 | madipge-pbs-d-prescriptions-2007 | madipge-pbs-d-prescriptions-2008 | ... (20 products)","","",""
"dhda-health","PBS","madipge-pbs-d-prescriptions-2025","MJR_SPCLTY_GRP_CD","character",4424,0,0,3,"GP=3395; SP=800; OT=229","GP; OT; SP","matched PLIDA variable metadata","The broad specialty group of the health professional who wrote the prescription. AIHW METEOR defines it as ""The broad field of specialty of…","madipge-pbs-d-prescriptions-2006 | madipge-pbs-d-prescriptions-2007 | madipge-pbs-d-prescriptions-2008 | ... (20 products)","","",""
"dhda-health","PBS","madipge-pbs-d-prescriptions-2025","PBS_RGLTN24_ADJST_QTY","integer",4424,0,0,40,"1 / 1 / 28 / 30 / 473","","matched PLIDA variable metadata","How much of the item the pharmacist handed over on this supply, counted in packs or in units of use. METeOR defines the field as ""the total…","madipge-pbs-d-prescriptions-2006 | madipge-pbs-d-prescriptions-2007 | madipge-pbs-d-prescriptions-2008 | ... (20 products)","","",""
"dhda-health","PBS","madipge-pbs-d-prescriptions-2025","PHRMCY_APPRVL_TYP_CD","character",4424,0,0,2,"A=4222; F=202","A; F","matched PLIDA variable metadata","The kind of approval the dispensing pharmacy holds, separating community pharmacies from hospitals and dispensing doctors. AIHW METEOR defi…","madipge-pbs-d-prescriptions-2006 | madipge-pbs-d-prescriptions-2007 | madipge-pbs-d-prescriptions-2008 | ... (20 products)","","",""
"dhda-health","PBS","madipge-pbs-d-prescriptions-2025","PHRMCY_ID_SCRAM","character",4424,0,0,100,"PHAR36977013=64; PHAR674AF994=60; PHAR2F83BF6D=58; PHAR0E6A23C6=57; PHAR6664AAE3=56; PHAR7DB15257=56; PHAR15199D84=54; PHAR552413EB=54","","matched PLIDA variable metadata","A scrambled key for the pharmacy or approved supplier that dispensed the prescription, used to group supply to one site. The field it repla…","madipge-pbs-d-prescriptions-2006 | madipge-pbs-d-prescriptions-2007 | madipge-pbs-d-prescriptions-2008 | ... (20 products)","","",""
"dhda-health","PBS","madipge-pbs-d-prescriptions-2025","PHRMCY_PSTCD","character",4424,0,0,2760,"2614=12; 2605=10; 2600=9; 2602=9; 2610=8; 2606=7; 2608=7; 2927=7","","matched PLIDA variable metadata","The postal area of the approved pharmacy that dispensed this supply and claimed for it. The PBS specification says of the matching pharmacy…","madipge-pbs-d-prescriptions-2006 | madipge-pbs-d-prescriptions-2007 | madipge-pbs-d-prescriptions-2008 | ... (20 products)","","",""
"dhda-health","PBS","madipge-pbs-d-prescriptions-2025","PRSCRB_DT","character",4424,0,0,374,"06Nov25=21; 25May25=21; 01Jan25=20; 11Dec25=20; 19Apr25=20; 21May25=20; 23May25=20; 31Jan25=20","","matched PLIDA variable metadata","The day the prescriber signed the script that this supply was made against. METeOR defines it as ""the date on which the Pharmaceutical Bene…","madipge-pbs-d-prescriptions-2006 | madipge-pbs-d-prescriptions-2007 | madipge-pbs-d-prescriptions-2008 | ... (20 products)","","",""
"dhda-health","PBS","madipge-pbs-d-prescriptions-2025","PRSCRBR_ID_SCRAM","character",4424,0,0,200,"PRES0E536F2C=35; PRES77F3D4F5=35; PRES5AFFDF16=34; PRES292F1CB5=33; PRES12EAB5B5=32; PRES22BF7358=32; PRES2F7D851F=32; PRES054A0BCF=31","","matched PLIDA variable metadata","A scrambled key for the prescriber who wrote the prescription, used to group prescribing to one practitioner. AIHW METEOR defines the field…","madipge-pbs-d-prescriptions-2006 | madipge-pbs-d-prescriptions-2007 | madipge-pbs-d-prescriptions-2008 | ... (20 products)","","",""
"dhda-health","PBS","madipge-pbs-d-prescriptions-2025","PRSCRBR_MJR_PSTCD","character",4424,0,0,2764,"2611=10; 2600=9; 2613=9; 2603=8; 2604=8; 2608=8; 2138=7; 2601=7","","matched PLIDA variable metadata","Where the prescriber did most of their Medicare work, not where this prescription was written. The PBS specification is explicit that the p…","madipge-pbs-d-prescriptions-2006 | madipge-pbs-d-prescriptions-2007 | madipge-pbs-d-prescriptions-2008 | ... (20 products)","","",""
"dhda-health","PBS","madipge-pbs-d-prescriptions-2025","PRSCRBR_TYP_CD","character",4424,0,0,2,"M=4294; N=130","M; N","matched PLIDA variable metadata","The profession of the person who wrote the prescription: medical practitioner, dentist, optometrist, nurse practitioner or midwife. AIHW ME…","madipge-pbs-d-prescriptions-2006 | madipge-pbs-d-prescriptions-2007 | madipge-pbs-d-prescriptions-2008 | ... (20 products)","","",""
"dhda-health","PBS","madipge-pbs-d-prescriptions-2025","PRSCRPTN_CNT","integer",4424,0,0,10,"1 / 3 / 6 / 6 / 11","1; 10; 11; 2; 3; 4; 5; 6; 7; 9","matched PLIDA variable metadata","How many separate supplies this one prescription authorised, which is 1 on almost every row. METeOR defines it as ""the total number of time…","madipge-pbs-d-prescriptions-2006 | madipge-pbs-d-prescriptions-2007 | madipge-pbs-d-prescriptions-2008 | ... (20 products)","","",""
"dhda-health","PBS","madipge-pbs-d-prescriptions-2025","PRVS_SPPLY_NMBR","integer",4424,0,0,7,"0 / 0 / 0 / 1 / 6","0; 1; 2; 3; 4; 5; 6","matched PLIDA variable metadata","How many times this medicine had already been supplied against this prescription, counting the original supply. AIHW METEOR defines it as ""…","madipge-pbs-d-prescriptions-2006 | madipge-pbs-d-prescriptions-2007 | madipge-pbs-d-prescriptions-2008 | ... (20 products)","","",""
"dhda-health","PBS","madipge-pbs-d-prescriptions-2025","PTNT_BRTH_MTH","integer",4424,0,0,12,"1 / 3 / 6 / 9 / 12","1; 10; 11; 12; 2; 3; 4; 5; 6; 7; 8; 9","matched PLIDA variable metadata","The calendar month of the patient's birth, held without a day so no row can be dated to a birthday. The PBS specification says the underlyi…","madipge-pbs-d-prescriptions-2006 | madipge-pbs-d-prescriptions-2007 | madipge-pbs-d-prescriptions-2008 | ... (15 products)","","",""
"dhda-health","PBS","madipge-pbs-d-prescriptions-2025","PTNT_BRTH_YR","integer",4424,0,0,87,"1922 / 1954 / 1966 / 1985 / 2021","","matched PLIDA variable metadata","The calendar year of the patient's birth, the coarser half of the birth date PLIDA keeps for PBS. The PBS specification says of the underly…","madipge-pbs-d-prescriptions-2006 | madipge-pbs-d-prescriptions-2007 | madipge-pbs-d-prescriptions-2008 | ... (15 products)","","",""
"dhda-health","PBS","madipge-pbs-d-prescriptions-2025","PTNT_CNTRBTN_AMT","numeric",4424,0,0,541,"0.0000 / 6.8700 / 7.7000 / 12.0275 / 31.6000","","matched PLIDA variable metadata","What the patient paid the pharmacy for this supply, on the PBS's narrow definition of a co-payment. METeOR defines it as ""the total amount …","madipge-pbs-d-prescriptions-2006 | madipge-pbs-d-prescriptions-2007 | madipge-pbs-d-prescriptions-2008 | ... (20 products)","","",""
"dhda-health","PBS","madipge-pbs-d-prescriptions-2025","PTNT_CTGRY_DRVD_CD","character",4424,0,0,2,"C=2417; G=2007","C; G","matched PLIDA variable metadata","The patient's PBS entitlement at the moment of supply: general or concessional, and whether the Safety Net had been reached. AIHW METEOR de…","madipge-pbs-d-prescriptions-2006 | madipge-pbs-d-prescriptions-2007 | madipge-pbs-d-prescriptions-2008 | ... (20 products)","","",""
"dhda-health","PBS","madipge-pbs-d-prescriptions-2025","PTNT_PSTCD","character",4424,0,0,2777,"2600=12; 2605=11; 2618=10; 2610=8; 2611=8; 2617=8; 2601=7; 2603=7","","matched PLIDA variable metadata","The postal area of the patient's home as Medicare last recorded it, which is not necessarily where they lived when the medicine was supplie…","madipge-pbs-d-prescriptions-2006 | madipge-pbs-d-prescriptions-2007 | madipge-pbs-d-prescriptions-2008 | ... (20 products)","","",""
"dhda-health","PBS","madipge-pbs-d-prescriptions-2025","PTNT_SEX_CD","character",4424,0,0,2,"F=2313; M=2111","F; M","matched PLIDA variable metadata","The patient's sex as the Medicare entitlement record held it at the moment the claim was archived. METeOR's PBS note is explicit that ""this…","madipge-pbs-d-prescriptions-2006 | madipge-pbs-d-prescriptions-2007 | madipge-pbs-d-prescriptions-2008 | ... (20 products)","","",""
"dhda-health","PBS","madipge-pbs-d-prescriptions-2025","RGLTN24_IND","character",4424,0,0,2,"N=4376; Y=48","N; Y","matched PLIDA variable metadata","Whether the pharmacist was allowed to hand over the original script and all its repeats at once. METeOR defines it as ""an indicator of whet…","madipge-pbs-d-prescriptions-2006 | madipge-pbs-d-prescriptions-2007 | madipge-pbs-d-prescriptions-2008 | ... (20 products)","","",""
"dhda-health","PBS","madipge-pbs-d-prescriptions-2025","RPT_ORDR_NMBR","integer",4424,0,0,10,"0 / 2 / 5 / 5 / 10","0; 1; 10; 2; 3; 4; 5; 6; 8; 9","matched PLIDA variable metadata","The number of repeat supplies the prescriber authorised on this prescription. AIHW METEOR warns that ""the number of repeats specified in a …","madipge-pbs-d-prescriptions-2006 | madipge-pbs-d-prescriptions-2007 | madipge-pbs-d-prescriptions-2008 | ... (20 products)","","",""
"dhda-health","PBS","madipge-pbs-d-prescriptions-2025","SPPLY_DT","character",4424,0,0,365,"27May25=22; 09Jun25=21; 10Jan25=21; 02Feb25=19; 04Jul25=19; 05Jun25=19; 07Feb25=19; 08Jan25=19","","matched PLIDA variable metadata","The day the patient took delivery of the medicine from the pharmacy, and the date a medicine-use history should be built on. METeOR defines…","madipge-pbs-d-prescriptions-2006 | madipge-pbs-d-prescriptions-2007 | madipge-pbs-d-prescriptions-2008 | ... (20 products)","","",""
"dhda-health","PBS","madipge-pbs-d-prescriptions-2025","SRT_RPT_IND","character",4424,0,0,2,"N=2703; Y=1721","N; Y","matched PLIDA variable metadata","Whether this row is the first supply against a prescription or a later one. METeOR defines the element as ""an indicator of whether a prescr…","madipge-pbs-d-prescriptions-2006 | madipge-pbs-d-prescriptions-2007 | madipge-pbs-d-prescriptions-2008 | ... (20 products)","","",""
"dhda-health","PBS","madipge-pbs-d-prescriptions-2025","STRMLND_ATHRTY_CD","character",4424,3092,69.8915,1245,"S6871=3; S8011=3; S0033=2; S0036=2; S0114=2; S0346=2; S0388=2; S0570=2","","matched PLIDA variable metadata","The streamlined authority code the prescriber wrote on the form to claim a restricted PBS item without seeking approval first. The PBS Expl…","madipge-pbs-d-prescriptions-2006 | madipge-pbs-d-prescriptions-2007 | madipge-pbs-d-prescriptions-2008 | ... (20 products)","","",""
"dhda-health","PBS","madipge-pbs-d-prescriptions-2025","SYNTHETIC_AEUID","character",4424,0,0,355,"B84680000194=43; B84680000010=40; B84680000105=37; B8468000013B=37; B846800001C7=37; B846800001B8=36; B846800001BE=36; B84680000108=35","","matched PLIDA variable metadata","The patient the medicine was supplied to, as the key that carries them across the whole asset. Every PBS row belongs to one person, and thi…","madipge-pbs-d-prescriptions-2006 | madipge-pbs-d-prescriptions-2007 | madipge-pbs-d-prescriptions-2008 | ... (20 products)","","",""
"dhda-health","PBS","madipge-pbs-d-prescriptions-2025","UNDR_CPRSCRPTN_TYP_CD","character",4424,2479,56.0353,2,"1=1325; 2=620","1; 2","matched PLIDA variable metadata","Which kind of under co-payment prescription this row is, meaning one whose dispensed price fell below the co-payment the patient would othe…","madipge-pbs-d-prescriptions-2006 | madipge-pbs-d-prescriptions-2007 | madipge-pbs-d-prescriptions-2008 | ... (15 products)","","",""
NA,NA,NA,NA,NA,NA,NA,NA,NA,NA,NA,NA,NA,NA,NA,NA,NA
NA,NA,NA,NA,NA,NA,NA,NA,NA,NA,NA,NA,NA,NA,NA,NA,NA
NA,NA,NA,NA,NA,NA,NA,NA,NA,NA,NA,NA,NA,NA,NA,NA,NA
NA,NA,NA,NA,NA,NA,NA,NA,NA,NA,NA,NA,NA,NA,NA,NA,NA
NA,NA,NA,NA,NA,NA,NA,NA,NA,NA,NA,NA,NA,NA,NA,NA,NA
NA,NA,NA,NA,NA,NA,NA,NA,NA,NA,NA,NA,NA,NA,NA,NA,NA
NA,NA,NA,NA,NA,NA,NA,NA,NA,NA,NA,NA,NA,NA,NA,NA,NA
NA,NA,NA,NA,NA,NA,NA,NA,NA,NA,NA,NA,NA,NA,NA,NA,NA
NA,NA,NA,NA,NA,NA,NA,NA,NA,NA,NA,NA,NA,NA,NA,NA,NA
NA,NA,NA,NA,NA,NA,NA,NA,NA,NA,NA,NA,NA,NA,NA,NA,NA
NA,NA,NA,NA,NA,NA,NA,NA,NA,NA,NA,NA,NA,NA,NA,NA,NA
NA,NA,NA,NA,NA,NA,NA,NA,NA,NA,NA,NA,NA,NA,NA,NA,NA
NA,NA,NA,NA,NA,NA,NA,NA,NA,NA,NA,NA,NA,NA,NA,NA,NA
NA,NA,NA,NA,NA,NA,NA,NA,NA,NA,NA,NA,NA,NA,NA,NA,NA
NA,NA,NA,NA,NA,NA,NA,NA,NA,NA,NA,NA,NA,NA,NA,NA,NA
NA,NA,NA,NA,NA,NA,NA,NA,NA,NA,NA,NA,NA,NA,NA,NA,NA
NA,NA,NA,NA,NA,NA,NA,NA,NA,NA,NA,NA,NA,NA,NA,NA,NA
NA,NA,NA,NA,NA,NA,NA,NA,NA,NA,NA,NA,NA,NA,NA,NA,NA
NA,NA,NA,NA,NA,NA,NA,NA,NA,NA,NA,NA,NA,NA,NA,NA,NA
NA,NA,NA,NA,NA,NA,NA,NA,NA,NA,NA,NA,NA,NA,NA,NA,NA
NA,NA,NA,NA,NA,NA,NA,NA,NA,NA,NA,NA,NA,NA,NA,NA,NA
NA,NA,NA,NA,NA,NA,NA,NA,NA,NA,NA,NA,NA,NA,NA,NA,NA
NA,NA,NA,NA,NA,NA,NA,NA,NA,NA,NA,NA,NA,NA,NA,NA,NA
NA,NA,NA,NA,NA,NA,NA,NA,NA,NA,NA,NA,NA,NA,NA,NA,NA
NA,NA,NA,NA,NA,NA,NA,NA,NA,NA,NA,NA,NA,NA,NA,NA,NA
NA,NA,NA,NA,NA,NA,NA,NA,NA,NA,NA,NA,NA,NA,NA,NA,NA
NA,NA,NA,NA,NA,NA,NA,NA,NA,NA,NA,NA,NA,NA,NA,NA,NA
NA,NA,NA,NA,NA,NA,NA,NA,NA,NA,NA,NA,NA,NA,NA,NA,NA
NA,NA,NA,NA,NA,NA,NA,NA,NA,NA,NA,NA,NA,NA,NA,NA,NA
NA,NA,NA,NA,NA,NA,NA,NA,NA,NA,NA,NA,NA,NA,NA,NA,NA
NA,NA,NA,NA,NA,NA,NA,NA,NA,NA,NA,NA,NA,NA,NA,NA,NA
NA,NA,NA,NA,NA,NA,NA,NA,NA,NA,NA,NA,NA,NA,NA,NA,NA
NA,NA,NA,NA,NA,NA,NA,NA,NA,NA,NA,NA,NA,NA,NA,NA,NA
NA,NA,NA,NA,NA,NA,NA,NA,NA,NA,NA,NA,NA,NA,NA,NA,NA
NA,NA,NA,NA,NA,NA,NA,NA,NA,NA,NA,NA,NA,NA,NA,NA,NA
NA,NA,NA,NA,NA,NA,NA,NA,NA,NA,NA,NA,NA,NA,NA,NA,NA
NA,NA,NA,NA,NA,NA,NA,NA,NA,NA,NA,NA,NA,NA,NA,NA,NA
NA,NA,NA,NA,NA,NA,NA,NA,NA,NA,NA,NA,NA,NA,NA,NA,NA
NA,NA,NA,NA,NA,NA,NA,NA,NA,NA,NA,NA,NA,NA,NA,NA,NA
NA,NA,NA,NA,NA,NA,NA,NA,NA,NA,NA,NA,NA,NA,NA,NA,NA
NA,NA,NA,NA,NA,NA,NA,NA,NA,NA,NA,NA,NA,NA,NA,NA,NA
NA,NA,NA,NA,NA,NA,NA,NA,NA,NA,NA,NA,NA,NA,NA,NA,NA
NA,NA,NA,NA,NA,NA,NA,NA,NA,NA,NA,NA,NA,NA,NA,NA,NA
NA,NA,NA,NA,NA,NA,NA,NA,NA,NA,NA,NA,NA,NA,NA,NA,NA
NA,NA,NA,NA,NA,NA,NA,NA,NA,NA,NA,NA,NA,NA,NA,NA,NA
NA,NA,NA,NA,NA,NA,NA,NA,NA,NA,NA,NA,NA,NA,NA,NA,NA
NA,NA,NA,NA,NA,NA,NA,NA,NA,NA,NA,NA,NA,NA,NA,NA,NA
NA,NA,NA,NA,NA,NA,NA,NA,NA,NA,NA,NA,NA,NA,NA,NA,NA
NA,NA,NA,NA,NA,NA,NA,NA,NA,NA,NA,NA,NA,NA,NA,NA,NA
NA,NA,NA,NA,NA,NA,NA,NA,NA,NA,NA,NA,NA,NA,NA,NA,NA
NA,NA,NA,NA,NA,NA,NA,NA,NA,NA,NA,NA,NA,NA,NA,NA,NA
NA,NA,NA,NA,NA,NA,NA,NA,NA,NA,NA,NA,NA,NA,NA,NA,NA
NA,NA,NA,NA,NA,NA,NA,NA,NA,NA,NA,NA,NA,NA,NA,NA,NA
NA,NA,NA,NA,NA,NA,NA,NA,NA,NA,NA,NA,NA,NA,NA,NA,NA
NA,NA,NA,NA,NA,NA,NA,NA,NA,NA,NA,NA,NA,NA,NA,NA,NA
NA,NA,NA,NA,NA,NA,NA,NA,NA,NA,NA,NA,NA,NA,NA,NA,NA
NA,NA,NA,NA,NA,NA,NA,NA,NA,NA,NA,NA,NA,NA,NA,NA,NA
NA,NA,NA,NA,NA,NA,NA,NA,NA,NA,NA,NA,NA,NA,NA,NA,NA
NA,NA,NA,NA,NA,NA,NA,NA,NA,NA,NA,NA,NA,NA,NA,NA,NA
NA,NA,NA,NA,NA,NA,NA,NA,NA,NA,NA,NA,NA,NA,NA,NA,NA
NA,NA,NA,NA,NA,NA,NA,NA,NA,NA,NA,NA,NA,NA,NA,NA,NA
NA,NA,NA,NA,NA,NA,NA,NA,NA,NA,NA,NA,NA,NA,NA,NA,NA
NA,NA,NA,NA,NA,NA,NA,NA,NA,NA,NA,NA,NA,NA,NA,NA,NA
NA,NA,NA,NA,NA,NA,NA,NA,NA,NA,NA,NA,NA,NA,NA,NA,NA
NA,NA,NA,NA,NA,NA,NA,NA,NA,NA,NA,NA,NA,NA,NA,NA,NA
NA,NA,NA,NA,NA,NA,NA,NA,NA,NA,NA,NA,NA,NA,NA,NA,NA
NA,NA,NA,NA,NA,NA,NA,NA,NA,NA,NA,NA,NA,NA,NA,NA,NA
NA,NA,NA,NA,NA,NA,NA,NA,NA,NA,NA,NA,NA,NA,NA,NA,NA
NA,NA,NA,NA,NA,NA,NA,NA,NA,NA,NA,NA,NA,NA,NA,NA,NA
NA,NA,NA,NA,NA,NA,NA,NA,NA,NA,NA,NA,NA,NA,NA,NA,NA
NA,NA,NA,NA,NA,NA,NA,NA,NA,NA,NA,NA,NA,NA,NA,NA,NA
NA,NA,NA,NA,NA,NA,NA,NA,NA,NA,NA,NA,NA,NA,NA,NA,NA
NA,NA,NA,NA,NA,NA,NA,NA,NA,NA,NA,NA,NA,NA,NA,NA,NA
NA,NA,NA,NA,NA,NA,NA,NA,NA,NA,NA,NA,NA,NA,NA,NA,NA
NA,NA,NA,NA,NA,NA,NA,NA,NA,NA,NA,NA,NA,NA,NA,NA,NA
NA,NA,NA,NA,NA,NA,NA,NA,NA,NA,NA,NA,NA,NA,NA,NA,NA
NA,NA,NA,NA,NA,NA,NA,NA,NA,NA,NA,NA,NA,NA,NA,NA,NA
NA,NA,NA,NA,NA,NA,NA,NA,NA,NA,NA,NA,NA,NA,NA,NA,NA
NA,NA,NA,NA,NA,NA,NA,NA,NA,NA,NA,NA,NA,NA,NA,NA,NA
NA,NA,NA,NA,NA,NA,NA,NA,NA,NA,NA,NA,NA,NA,NA,NA,NA
NA,NA,NA,NA,NA,NA,NA,NA,NA,NA,NA,NA,NA,NA,NA,NA,NA
NA,NA,NA,NA,NA,NA,NA,NA,NA,NA,NA,NA,NA,NA,NA,NA,NA
NA,NA,NA,NA,NA,NA,NA,NA,NA,NA,NA,NA,NA,NA,NA,NA,NA
NA,NA,NA,NA,NA,NA,NA,NA,NA,NA,NA,NA,NA,NA,NA,NA,NA
NA,NA,NA,NA,NA,NA,NA,NA,NA,NA,NA,NA,NA,NA,NA,NA,NA
NA,NA,NA,NA,NA,NA,NA,NA,NA,NA,NA,NA,NA,NA,NA,NA,NA
NA,NA,NA,NA,NA,NA,NA,NA,NA,NA,NA,NA,NA,NA,NA,NA,NA
NA,NA,NA,NA,NA,NA,NA,NA,NA,NA,NA,NA,NA,NA,NA,NA,NA
NA,NA,NA,NA,NA,NA,NA,NA,NA,NA,NA,NA,NA,NA,NA,NA,NA
NA,NA,NA,NA,NA,NA,NA,NA,NA,NA,NA,NA,NA,NA,NA,NA,NA
NA,NA,NA,NA,NA,NA,NA,NA,NA,NA,NA,NA,NA,NA,NA,NA,NA
NA,NA,NA,NA,NA,NA,NA,NA,NA,NA,NA,NA,NA,NA,NA,NA,NA
NA,NA,NA,NA,NA,NA,NA,NA,NA,NA,NA,NA,NA,NA,NA,NA,NA
NA,NA,NA,NA,NA,NA,NA,NA,NA,NA,NA,NA,NA,NA,NA,NA,NA
NA,NA,NA,NA,NA,NA,NA,NA,NA,NA,NA,NA,NA,NA,NA,NA,NA
NA,NA,NA,NA,NA,NA,NA,NA,NA,NA,NA,NA,NA,NA,NA,NA,NA
NA,NA,NA,NA,NA,NA,NA,NA,NA,NA,NA,NA,NA,NA,NA,NA,NA
NA,NA,NA,NA,NA,NA,NA,NA,NA,NA,NA,NA,NA,NA,NA,NA,NA
NA,NA,NA,NA,NA,NA,NA,NA,NA,NA,NA,NA,NA,NA,NA,NA,NA
NA,NA,NA,NA,NA,NA,NA,NA,NA,NA,NA,NA,NA,NA,NA,NA,NA
NA,NA,NA,NA,NA,NA,NA,NA,NA,NA,NA,NA,NA,NA,NA,NA,NA
NA,NA,NA,NA,NA,NA,NA,NA,NA,NA,NA,NA,NA,NA,NA,NA,NA
NA,NA,NA,NA,NA,NA,NA,NA,NA,NA,NA,NA,NA,NA,NA,NA,NA
NA,NA,NA,NA,NA,NA,NA,NA,NA,NA,NA,NA,NA,NA,NA,NA,NA
NA,NA,NA,NA,NA,NA,NA,NA,NA,NA,NA,NA,NA,NA,NA,NA,NA
NA,NA,NA,NA,NA,NA,NA,NA,NA,NA,NA,NA,NA,NA,NA,NA,NA
NA,NA,NA,NA,NA,NA,NA,NA,NA,NA,NA,NA,NA,NA,NA,NA,NA
NA,NA,NA,NA,NA,NA,NA,NA,NA,NA,NA,NA,NA,NA,NA,NA,NA
NA,NA,NA,NA,NA,NA,NA,NA,NA,NA,NA,NA,NA,NA,NA,NA,NA
NA,NA,NA,NA,NA,NA,NA,NA,NA,NA,NA,NA,NA,NA,NA,NA,NA
NA,NA,NA,NA,NA,NA,NA,NA,NA,NA,NA,NA,NA,NA,NA,NA,NA
NA,NA,NA,NA,NA,NA,NA,NA,NA,NA,NA,NA,NA,NA,NA,NA,NA
NA,NA,NA,NA,NA,NA,NA,NA,NA,NA,NA,NA,NA,NA,NA,NA,NA
NA,NA,NA,NA,NA,NA,NA,NA,NA,NA,NA,NA,NA,NA,NA,NA,NA
NA,NA,NA,NA,NA,NA,NA,NA,NA,NA,NA,NA,NA,NA,NA,NA,NA
NA,NA,NA,NA,NA,NA,NA,NA,NA,NA,NA,NA,NA,NA,NA,NA,NA
NA,NA,NA,NA,NA,NA,NA,NA,NA,NA,NA,NA,NA,NA,NA,NA,NA
NA,NA,NA,NA,NA,NA,NA,NA,NA,NA,NA,NA,NA,NA,NA,NA,NA
NA,NA,NA,NA,NA,NA,NA,NA,NA,NA,NA,NA,NA,NA,NA,NA,NA
NA,NA,NA,NA,NA,NA,NA,NA,NA,NA,NA,NA,NA,NA,NA,NA,NA
NA,NA,NA,NA,NA,NA,NA,NA,NA,NA,NA,NA,NA,NA,NA,NA,NA
NA,NA,NA,NA,NA,NA,NA,NA,NA,NA,NA,NA,NA,NA,NA,NA,NA
NA,NA,NA,NA,NA,NA,NA,NA,NA,NA,NA,NA,NA,NA,NA,NA,NA
NA,NA,NA,NA,NA,NA,NA,NA,NA,NA,NA,NA,NA,NA,NA,NA,NA
NA,NA,NA,NA,NA,NA,NA,NA,NA,NA,NA,NA,NA,NA,NA,NA,NA
NA,NA,NA,NA,NA,NA,NA,NA,NA,NA,NA,NA,NA,NA,NA,NA,NA
NA,NA,NA,NA,NA,NA,NA,NA,NA,NA,NA,NA,NA,NA,NA,NA,NA
NA,NA,NA,NA,NA,NA,NA,NA,NA,NA,NA,NA,NA,NA,NA,NA,NA
NA,NA,NA,NA,NA,NA,NA,NA,NA,NA,NA,NA,NA,NA,NA,NA,NA
NA,NA,NA,NA,NA,NA,NA,NA,NA,NA,NA,NA,NA,NA,NA,NA,NA
NA,NA,NA,NA,NA,NA,NA,NA,NA,NA,NA,NA,NA,NA,NA,NA,NA
NA,NA,NA,NA,NA,NA,NA,NA,NA,NA,NA,NA,NA,NA,NA,NA,NA
NA,NA,NA,NA,NA,NA,NA,NA,NA,NA,NA,NA,NA,NA,NA,NA,NA
NA,NA,NA,NA,NA,NA,NA,NA,NA,NA,NA,NA,NA,NA,NA,NA,NA
NA,NA,NA,NA,NA,NA,NA,NA,NA,NA,NA,NA,NA,NA,NA,NA,NA
NA,NA,NA,NA,NA,NA,NA,NA,NA,NA,NA,NA,NA,NA,NA,NA,NA
NA,NA,NA,NA,NA,NA,NA,NA,NA,NA,NA,NA,NA,NA,NA,NA,NA
NA,NA,NA,NA,NA,NA,NA,NA,NA,NA,NA,NA,NA,NA,NA,NA,NA
NA,NA,NA,NA,NA,NA,NA,NA,NA,NA,NA,NA,NA,NA,NA,NA,NA
NA,NA,NA,NA,NA,NA,NA,NA,NA,NA,NA,NA,NA,NA,NA,NA,NA
NA,NA,NA,NA,NA,NA,NA,NA,NA,NA,NA,NA,NA,NA,NA,NA,NA
NA,NA,NA,NA,NA,NA,NA,NA,NA,NA,NA,NA,NA,NA,NA,NA,NA
NA,NA,NA,NA,NA,NA,NA,NA,NA,NA,NA,NA,NA,NA,NA,NA,NA
NA,NA,NA,NA,NA,NA,NA,NA,NA,NA,NA,NA,NA,NA,NA,NA,NA
NA,NA,NA,NA,NA,NA,NA,NA,NA,NA,NA,NA,NA,NA,NA,NA,NA
NA,NA,NA,NA,NA,NA,NA,NA,NA,NA,NA,NA,NA,NA,NA,NA,NA
NA,NA,NA,NA,NA,NA,NA,NA,NA,NA,NA,NA,NA,NA,NA,NA,NA
NA,NA,NA,NA,NA,NA,NA,NA,NA,NA,NA,NA,NA,NA,NA,NA,NA
NA,NA,NA,NA,NA,NA,NA,NA,NA,NA,NA,NA,NA,NA,NA,NA,NA
NA,NA,NA,NA,NA,NA,NA,NA,NA,NA,NA,NA,NA,NA,NA,NA,NA
NA,NA,NA,NA,NA,NA,NA,NA,NA,NA,NA,NA,NA,NA,NA,NA,NA
NA,NA,NA,NA,NA,NA,NA,NA,NA,NA,NA,NA,NA,NA,NA,NA,NA
NA,NA,NA,NA,NA,NA,NA,NA,NA,NA,NA,NA,NA,NA,NA,NA,NA
NA,NA,NA,NA,NA,NA,NA,NA,NA,NA,NA,NA,NA,NA,NA,NA,NA
NA,NA,NA,NA,NA,NA,NA,NA,NA,NA,NA,NA,NA,NA,NA,NA,NA
NA,NA,NA,NA,NA,NA,NA,NA,NA,NA,NA,NA,NA,NA,NA,NA,NA
NA,NA,NA,NA,NA,NA,NA,NA,NA,NA,NA,NA,NA,NA,NA,NA,NA
NA,NA,NA,NA,NA,NA,NA,NA,NA,NA,NA,NA,NA,NA,NA,NA,NA
NA,NA,NA,NA,NA,NA,NA,NA,NA,NA,NA,NA,NA,NA,NA,NA,NA
NA,NA,NA,NA,NA,NA,NA,NA,NA,NA,NA,NA,NA,NA,NA,NA,NA
NA,NA,NA,NA,NA,NA,NA,NA,NA,NA,NA,NA,NA,NA,NA,NA,NA
NA,NA,NA,NA,NA,NA,NA,NA,NA,NA,NA,NA,NA,NA,NA,NA,NA
NA,NA,NA,NA,NA,NA,NA,NA,NA,NA,NA,NA,NA,NA,NA,NA,NA
NA,NA,NA,NA,NA,NA,NA,NA,NA,NA,NA,NA,NA,NA,NA,NA,NA
NA,NA,NA,NA,NA,NA,NA,NA,NA,NA,NA,NA,NA,NA,NA,NA,NA
NA,NA,NA,NA,NA,NA,NA,NA,NA,NA,NA,NA,NA,NA,NA,NA,NA
NA,NA,NA,NA,NA,NA,NA,NA,NA,NA,NA,NA,NA,NA,NA,NA,NA
NA,NA,NA,NA,NA,NA,NA,NA,NA,NA,NA,NA,NA,NA,NA,NA,NA
NA,NA,NA,NA,NA,NA,NA,NA,NA,NA,NA,NA,NA,NA,NA,NA,NA
NA,NA,NA,NA,NA,NA,NA,NA,NA,NA,NA,NA,NA,NA,NA,NA,NA
NA,NA,NA,NA,NA,NA,NA,NA,NA,NA,NA,NA,NA,NA,NA,NA,NA
NA,NA,NA,NA,NA,NA,NA,NA,NA,NA,NA,NA,NA,NA,NA,NA,NA
NA,NA,NA,NA,NA,NA,NA,NA,NA,NA,NA,NA,NA,NA,NA,NA,NA
NA,NA,NA,NA,NA,NA,NA,NA,NA,NA,NA,NA,NA,NA,NA,NA,NA
NA,NA,NA,NA,NA,NA,NA,NA,NA,NA,NA,NA,NA,NA,NA,NA,NA
NA,NA,NA,NA,NA,NA,NA,NA,NA,NA,NA,NA,NA,NA,NA,NA,NA
NA,NA,NA,NA,NA,NA,NA,NA,NA,NA,NA,NA,NA,NA,NA,NA,NA
NA,NA,NA,NA,NA,NA,NA,NA,NA,NA,NA,NA,NA,NA,NA,NA,NA
NA,NA,NA,NA,NA,NA,NA,NA,NA,NA,NA,NA,NA,NA,NA,NA,NA
NA,NA,NA,NA,NA,NA,NA,NA,NA,NA,NA,NA,NA,NA,NA,NA,NA
NA,NA,NA,NA,NA,NA,NA,NA,NA,NA,NA,NA,NA,NA,NA,NA,NA
NA,NA,NA,NA,NA,NA,NA,NA,NA,NA,NA,NA,NA,NA,NA,NA,NA
NA,NA,NA,NA,NA,NA,NA,NA,NA,NA,NA,NA,NA,NA,NA,NA,NA
NA,NA,NA,NA,NA,NA,NA,NA,NA,NA,NA,NA,NA,NA,NA,NA,NA
NA,NA,NA,NA,NA,NA,NA,NA,NA,NA,NA,NA,NA,NA,NA,NA,NA
NA,NA,NA,NA,NA,NA,NA,NA,NA,NA,NA,NA,NA,NA,NA,NA,NA
NA,NA,NA,NA,NA,NA,NA,NA,NA,NA,NA,NA,NA,NA,NA,NA,NA
NA,NA,NA,NA,NA,NA,NA,NA,NA,NA,NA,NA,NA,NA,NA,NA,NA
NA,NA,NA,NA,NA,NA,NA,NA,NA,NA,NA,NA,NA,NA,NA,NA,NA
NA,NA,NA,NA,NA,NA,NA,NA,NA,NA,NA,NA,NA,NA,NA,NA,NA
NA,NA,NA,NA,NA,NA,NA,NA,NA,NA,NA,NA,NA,NA,NA,NA,NA
NA,NA,NA,NA,NA,NA,NA,NA,NA,NA,NA,NA,NA,NA,NA,NA,NA
NA,NA,NA,NA,NA,NA,NA,NA,NA,NA,NA,NA,NA,NA,NA,NA,NA
NA,NA,NA,NA,NA,NA,NA,NA,NA,NA,NA,NA,NA,NA,NA,NA,NA
NA,NA,NA,NA,NA,NA,NA,NA,NA,NA,NA,NA,NA,NA,NA,NA,NA
NA,NA,NA,NA,NA,NA,NA,NA,NA,NA,NA,NA,NA,NA,NA,NA,NA
NA,NA,NA,NA,NA,NA,NA,NA,NA,NA,NA,NA,NA,NA,NA,NA,NA
NA,NA,NA,NA,NA,NA,NA,NA,NA,NA,NA,NA,NA,NA,NA,NA,NA
NA,NA,NA,NA,NA,NA,NA,NA,NA,NA,NA,NA,NA,NA,NA,NA,NA
NA,NA,NA,NA,NA,NA,NA,NA,NA,NA,NA,NA,NA,NA,NA,NA,NA
NA,NA,NA,NA,NA,NA,NA,NA,NA,NA,NA,NA,NA,NA,NA,NA,NA
NA,NA,NA,NA,NA,NA,NA,NA,NA,NA,NA,NA,NA,NA,NA,NA,NA
NA,NA,NA,NA,NA,NA,NA,NA,NA,NA,NA,NA,NA,NA,NA,NA,NA
NA,NA,NA,NA,NA,NA,NA,NA,NA,NA,NA,NA,NA,NA,NA,NA,NA
NA,NA,NA,NA,NA,NA,NA,NA,NA,NA,NA,NA,NA,NA,NA,NA,NA
NA,NA,NA,NA,NA,NA,NA,NA,NA,NA,NA,NA,NA,NA,NA,NA,NA
NA,NA,NA,NA,NA,NA,NA,NA,NA,NA,NA,NA,NA,NA,NA,NA,NA
NA,NA,NA,NA,NA,NA,NA,NA,NA,NA,NA,NA,NA,NA,NA,NA,NA
NA,NA,NA,NA,NA,NA,NA,NA,NA,NA,NA,NA,NA,NA,NA,NA,NA
NA,NA,NA,NA,NA,NA,NA,NA,NA,NA,NA,NA,NA,NA,NA,NA,NA
NA,NA,NA,NA,NA,NA,NA,NA,NA,NA,NA,NA,NA,NA,NA,NA,NA
NA,NA,NA,NA,NA,NA,NA,NA,NA,NA,NA,NA,NA,NA,NA,NA,NA
NA,NA,NA,NA,NA,NA,NA,NA,NA,NA,NA,NA,NA,NA,NA,NA,NA
NA,NA,NA,NA,NA,NA,NA,NA,NA,NA,NA,NA,NA,NA,NA,NA,NA
NA,NA,NA,NA,NA,NA,NA,NA,NA,NA,NA,NA,NA,NA,NA,NA,NA
NA,NA,NA,NA,NA,NA,NA,NA,NA,NA,NA,NA,NA,NA,NA,NA,NA
NA,NA,NA,NA,NA,NA,NA,NA,NA,NA,NA,NA,NA,NA,NA,NA,NA
NA,NA,NA,NA,NA,NA,NA,NA,NA,NA,NA,NA,NA,NA,NA,NA,NA
NA,NA,NA,NA,NA,NA,NA,NA,NA,NA,NA,NA,NA,NA,NA,NA,NA
NA,NA,NA,NA,NA,NA,NA,NA,NA,NA,NA,NA,NA,NA,NA,NA,NA
NA,NA,NA,NA,NA,NA,NA,NA,NA,NA,NA,NA,NA,NA,NA,NA,NA
NA,NA,NA,NA,NA,NA,NA,NA,NA,NA,NA,NA,NA,NA,NA,NA,NA
NA,NA,NA,NA,NA,NA,NA,NA,NA,NA,NA,NA,NA,NA,NA,NA,NA
NA,NA,NA,NA,NA,NA,NA,NA,NA,NA,NA,NA,NA,NA,NA,NA,NA
NA,NA,NA,NA,NA,NA,NA,NA,NA,NA,NA,NA,NA,NA,NA,NA,NA
NA,NA,NA,NA,NA,NA,NA,NA,NA,NA,NA,NA,NA,NA,NA,NA,NA
NA,NA,NA,NA,NA,NA,NA,NA,NA,NA,NA,NA,NA,NA,NA,NA,NA
NA,NA,NA,NA,NA,NA,NA,NA,NA,NA,NA,NA,NA,NA,NA,NA,NA
NA,NA,NA,NA,NA,NA,NA,NA,NA,NA,NA,NA,NA,NA,NA,NA,NA
NA,NA,NA,NA,NA,NA,NA,NA,NA,NA,NA,NA,NA,NA,NA,NA,NA
NA,NA,NA,NA,NA,NA,NA,NA,NA,NA,NA,NA,NA,NA,NA,NA,NA
NA,NA,NA,NA,NA,NA,NA,NA,NA,NA,NA,NA,NA,NA,NA,NA,NA
NA,NA,NA,NA,NA,NA,NA,NA,NA,NA,NA,NA,NA,NA,NA,NA,NA
NA,NA,NA,NA,NA,NA,NA,NA,NA,NA,NA,NA,NA,NA,NA,NA,NA
NA,NA,NA,NA,NA,NA,NA,NA,NA,NA,NA,NA,NA,NA,NA,NA,NA
NA,NA,NA,NA,NA,NA,NA,NA,NA,NA,NA,NA,NA,NA,NA,NA,NA
NA,NA,NA,NA,NA,NA,NA,NA,NA,NA,NA,NA,NA,NA,NA,NA,NA
NA,NA,NA,NA,NA,NA,NA,NA,NA,NA,NA,NA,NA,NA,NA,NA,NA
NA,NA,NA,NA,NA,NA,NA,NA,NA,NA,NA,NA,NA,NA,NA,NA,NA
NA,NA,NA,NA,NA,NA,NA,NA,NA,NA,NA,NA,NA,NA,NA,NA,NA
NA,NA,NA,NA,NA,NA,NA,NA,NA,NA,NA,NA,NA,NA,NA,NA,NA
NA,NA,NA,NA,NA,NA,NA,NA,NA,NA,NA,NA,NA,NA,NA,NA,NA
NA,NA,NA,NA,NA,NA,NA,NA,NA,NA,NA,NA,NA,NA,NA,NA,NA
NA,NA,NA,NA,NA,NA,NA,NA,NA,NA,NA,NA,NA,NA,NA,NA,NA
NA,NA,NA,NA,NA,NA,NA,NA,NA,NA,NA,NA,NA,NA,NA,NA,NA
NA,NA,NA,NA,NA,NA,NA,NA,NA,NA,NA,NA,NA,NA,NA,NA,NA
NA,NA,NA,NA,NA,NA,NA,NA,NA,NA,NA,NA,NA,NA,NA,NA,NA
NA,NA,NA,NA,NA,NA,NA,NA,NA,NA,NA,NA,NA,NA,NA,NA,NA
NA,NA,NA,NA,NA,NA,NA,NA,NA,NA,NA,NA,NA,NA,NA,NA,NA
NA,NA,NA,NA,NA,NA,NA,NA,NA,NA,NA,NA,NA,NA,NA,NA,NA
NA,NA,NA,NA,NA,NA,NA,NA,NA,NA,NA,NA,NA,NA,NA,NA,NA
NA,NA,NA,NA,NA,NA,NA,NA,NA,NA,NA,NA,NA,NA,NA,NA,NA
NA,NA,NA,NA,NA,NA,NA,NA,NA,NA,NA,NA,NA,NA,NA,NA,NA
NA,NA,NA,NA,NA,NA,NA,NA,NA,NA,NA,NA,NA,NA,NA,NA,NA
NA,NA,NA,NA,NA,NA,NA,NA,NA,NA,NA,NA,NA,NA,NA,NA,NA
NA,NA,NA,NA,NA,NA,NA,NA,NA,NA,NA,NA,NA,NA,NA,NA,NA
NA,NA,NA,NA,NA,NA,NA,NA,NA,NA,NA,NA,NA,NA,NA,NA,NA
NA,NA,NA,NA,NA,NA,NA,NA,NA,NA,NA,NA,NA,NA,NA,NA,NA
NA,NA,NA,NA,NA,NA,NA,NA,NA,NA,NA,NA,NA,NA,NA,NA,NA
NA,NA,NA,NA,NA,NA,NA,NA,NA,NA,NA,NA,NA,NA,NA,NA,NA
NA,NA,NA,NA,NA,NA,NA,NA,NA,NA,NA,NA,NA,NA,NA,NA,NA
NA,NA,NA,NA,NA,NA,NA,NA,NA,NA,NA,NA,NA,NA,NA,NA,NA
NA,NA,NA,NA,NA,NA,NA,NA,NA,NA,NA,NA,NA,NA,NA,NA,NA
NA,NA,NA,NA,NA,NA,NA,NA,NA,NA,NA,NA,NA,NA,NA,NA,NA
NA,NA,NA,NA,NA,NA,NA,NA,NA,NA,NA,NA,NA,NA,NA,NA,NA
NA,NA,NA,NA,NA,NA,NA,NA,NA,NA,NA,NA,NA,NA,NA,NA,NA
NA,NA,NA,NA,NA,NA,NA,NA,NA,NA,NA,NA,NA,NA,NA,NA,NA
NA,NA,NA,NA,NA,NA,NA,NA,NA,NA,NA,NA,NA,NA,NA,NA,NA
NA,NA,NA,NA,NA,NA,NA,NA,NA,NA,NA,NA,NA,NA,NA,NA,NA
NA,NA,NA,NA,NA,NA,NA,NA,NA,NA,NA,NA,NA,NA,NA,NA,NA
NA,NA,NA,NA,NA,NA,NA,NA,NA,NA,NA,NA,NA,NA,NA,NA,NA
NA,NA,NA,NA,NA,NA,NA,NA,NA,NA,NA,NA,NA,NA,NA,NA,NA
NA,NA,NA,NA,NA,NA,NA,NA,NA,NA,NA,NA,NA,NA,NA,NA,NA
NA,NA,NA,NA,NA,NA,NA,NA,NA,NA,NA,NA,NA,NA,NA,NA,NA
NA,NA,NA,NA,NA,NA,NA,NA,NA,NA,NA,NA,NA,NA,NA,NA,NA
NA,NA,NA,NA,NA,NA,NA,NA,NA,NA,NA,NA,NA,NA,NA,NA,NA
NA,NA,NA,NA,NA,NA,NA,NA,NA,NA,NA,NA,NA,NA,NA,NA,NA
NA,NA,NA,NA,NA,NA,NA,NA,NA,NA,NA,NA,NA,NA,NA,NA,NA
NA,NA,NA,NA,NA,NA,NA,NA,NA,NA,NA,NA,NA,NA,NA,NA,NA
NA,NA,NA,NA,NA,NA,NA,NA,NA,NA,NA,NA,NA,NA,NA,NA,NA
NA,NA,NA,NA,NA,NA,NA,NA,NA,NA,NA,NA,NA,NA,NA,NA,NA
NA,NA,NA,NA,NA,NA,NA,NA,NA,NA,NA,NA,NA,NA,NA,NA,NA
NA,NA,NA,NA,NA,NA,NA,NA,NA,NA,NA,NA,NA,NA,NA,NA,NA
NA,NA,NA,NA,NA,NA,NA,NA,NA,NA,NA,NA,NA,NA,NA,NA,NA
NA,NA,NA,NA,NA,NA,NA,NA,NA,NA,NA,NA,NA,NA,NA,NA,NA
NA,NA,NA,NA,NA,NA,NA,NA,NA,NA,NA,NA,NA,NA,NA,NA,NA
NA,NA,NA,NA,NA,NA,NA,NA,NA,NA,NA,NA,NA,NA,NA,NA,NA
NA,NA,NA,NA,NA,NA,NA,NA,NA,NA,NA,NA,NA,NA,NA,NA,NA
NA,NA,NA,NA,NA,NA,NA,NA,NA,NA,NA,NA,NA,NA,NA,NA,NA
NA,NA,NA,NA,NA,NA,NA,NA,NA,NA,NA,NA,NA,NA,NA,NA,NA
NA,NA,NA,NA,NA,NA,NA,NA,NA,NA,NA,NA,NA,NA,NA,NA,NA
NA,NA,NA,NA,NA,NA,NA,NA,NA,NA,NA,NA,NA,NA,NA,NA,NA
NA,NA,NA,NA,NA,NA,NA,NA,NA,NA,NA,NA,NA,NA,NA,NA,NA
NA,NA,NA,NA,NA,NA,NA,NA,NA,NA,NA,NA,NA,NA,NA,NA,NA
NA,NA,NA,NA,NA,NA,NA,NA,NA,NA,NA,NA,NA,NA,NA,NA,NA
NA,NA,NA,NA,NA,NA,NA,NA,NA,NA,NA,NA,NA,NA,NA,NA,NA
NA,NA,NA,NA,NA,NA,NA,NA,NA,NA,NA,NA,NA,NA,NA,NA,NA
NA,NA,NA,NA,NA,NA,NA,NA,NA,NA,NA,NA,NA,NA,NA,NA,NA
NA,NA,NA,NA,NA,NA,NA,NA,NA,NA,NA,NA,NA,NA,NA,NA,NA
NA,NA,NA,NA,NA,NA,NA,NA,NA,NA,NA,NA,NA,NA,NA,NA,NA
NA,NA,NA,NA,NA,NA,NA,NA,NA,NA,NA,NA,NA,NA,NA,NA,NA
NA,NA,NA,NA,NA,NA,NA,NA,NA,NA,NA,NA,NA,NA,NA,NA,NA
NA,NA,NA,NA,NA,NA,NA,NA,NA,NA,NA,NA,NA,NA,NA,NA,NA
NA,NA,NA,NA,NA,NA,NA,NA,NA,NA,NA,NA,NA,NA,NA,NA,NA
NA,NA,NA,NA,NA,NA,NA,NA,NA,NA,NA,NA,NA,NA,NA,NA,NA
NA,NA,NA,NA,NA,NA,NA,NA,NA,NA,NA,NA,NA,NA,NA,NA,NA
NA,NA,NA,NA,NA,NA,NA,NA,NA,NA,NA,NA,NA,NA,NA,NA,NA
NA,NA,NA,NA,NA,NA,NA,NA,NA,NA,NA,NA,NA,NA,NA,NA,NA
NA,NA,NA,NA,NA,NA,NA,NA,NA,NA,NA,NA,NA,NA,NA,NA,NA
NA,NA,NA,NA,NA,NA,NA,NA,NA,NA,NA,NA,NA,NA,NA,NA,NA
NA,NA,NA,NA,NA,NA,NA,NA,NA,NA,NA,NA,NA,NA,NA,NA,NA
NA,NA,NA,NA,NA,NA,NA,NA,NA,NA,NA,NA,NA,NA,NA,NA,NA
NA,NA,NA,NA,NA,NA,NA,NA,NA,NA,NA,NA,NA,NA,NA,NA,NA
NA,NA,NA,NA,NA,NA,NA,NA,NA,NA,NA,NA,NA,NA,NA,NA,NA
NA,NA,NA,NA,NA,NA,NA,NA,NA,NA,NA,NA,NA,NA,NA,NA,NA
NA,NA,NA,NA,NA,NA,NA,NA,NA,NA,NA,NA,NA,NA,NA,NA,NA
NA,NA,NA,NA,NA,NA,NA,NA,NA,NA,NA,NA,NA,NA,NA,NA,NA
NA,NA,NA,NA,NA,NA,NA,NA,NA,NA,NA,NA,NA,NA,NA,NA,NA
NA,NA,NA,NA,NA,NA,NA,NA,NA,NA,NA,NA,NA,NA,NA,NA,NA
NA,NA,NA,NA,NA,NA,NA,NA,NA,NA,NA,NA,NA,NA,NA,NA,NA
NA,NA,NA,NA,NA,NA,NA,NA,NA,NA,NA,NA,NA,NA,NA,NA,NA
NA,NA,NA,NA,NA,NA,NA,NA,NA,NA,NA,NA,NA,NA,NA,NA,NA
NA,NA,NA,NA,NA,NA,NA,NA,NA,NA,NA,NA,NA,NA,NA,NA,NA
NA,NA,NA,NA,NA,NA,NA,NA,NA,NA,NA,NA,NA,NA,NA,NA,NA
NA,NA,NA,NA,NA,NA,NA,NA,NA,NA,NA,NA,NA,NA,NA,NA,NA
NA,NA,NA,NA,NA,NA,NA,NA,NA,NA,NA,NA,NA,NA,NA,NA,NA
NA,NA,NA,NA,NA,NA,NA,NA,NA,NA,NA,NA,NA,NA,NA,NA,NA
NA,NA,NA,NA,NA,NA,NA,NA,NA,NA,NA,NA,NA,NA,NA,NA,NA
NA,NA,NA,NA,NA,NA,NA,NA,NA,NA,NA,NA,NA,NA,NA,NA,NA
NA,NA,NA,NA,NA,NA,NA,NA,NA,NA,NA,NA,NA,NA,NA,NA,NA
NA,NA,NA,NA,NA,NA,NA,NA,NA,NA,NA,NA,NA,NA,NA,NA,NA
NA,NA,NA,NA,NA,NA,NA,NA,NA,NA,NA,NA,NA,NA,NA,NA,NA
NA,NA,NA,NA,NA,NA,NA,NA,NA,NA,NA,NA,NA,NA,NA,NA,NA
NA,NA,NA,NA,NA,NA,NA,NA,NA,NA,NA,NA,NA,NA,NA,NA,NA
NA,NA,NA,NA,NA,NA,NA,NA,NA,NA,NA,NA,NA,NA,NA,NA,NA
NA,NA,NA,NA,NA,NA,NA,NA,NA,NA,NA,NA,NA,NA,NA,NA,NA
NA,NA,NA,NA,NA,NA,NA,NA,NA,NA,NA,NA,NA,NA,NA,NA,NA
NA,NA,NA,NA,NA,NA,NA,NA,NA,NA,NA,NA,NA,NA,NA,NA,NA
NA,NA,NA,NA,NA,NA,NA,NA,NA,NA,NA,NA,NA,NA,NA,NA,NA
NA,NA,NA,NA,NA,NA,NA,NA,NA,NA,NA,NA,NA,NA,NA,NA,NA
NA,NA,NA,NA,NA,NA,NA,NA,NA,NA,NA,NA,NA,NA,NA,NA,NA
NA,NA,NA,NA,NA,NA,NA,NA,NA,NA,NA,NA,NA,NA,NA,NA,NA
NA,NA,NA,NA,NA,NA,NA,NA,NA,NA,NA,NA,NA,NA,NA,NA,NA
NA,NA,NA,NA,NA,NA,NA,NA,NA,NA,NA,NA,NA,NA,NA,NA,NA
NA,NA,NA,NA,NA,NA,NA,NA,NA,NA,NA,NA,NA,NA,NA,NA,NA
NA,NA,NA,NA,NA,NA,NA,NA,NA,NA,NA,NA,NA,NA,NA,NA,NA
NA,NA,NA,NA,NA,NA,NA,NA,NA,NA,NA,NA,NA,NA,NA,NA,NA
NA,NA,NA,NA,NA,NA,NA,NA,NA,NA,NA,NA,NA,NA,NA,NA,NA
NA,NA,NA,NA,NA,NA,NA,NA,NA,NA,NA,NA,NA,NA,NA,NA,NA
NA,NA,NA,NA,NA,NA,NA,NA,NA,NA,NA,NA,NA,NA,NA,NA,NA
NA,NA,NA,NA,NA,NA,NA,NA,NA,NA,NA,NA,NA,NA,NA,NA,NA
NA,NA,NA,NA,NA,NA,NA,NA,NA,NA,NA,NA,NA,NA,NA,NA,NA
NA,NA,NA,NA,NA,NA,NA,NA,NA,NA,NA,NA,NA,NA,NA,NA,NA
NA,NA,NA,NA,NA,NA,NA,NA,NA,NA,NA,NA,NA,NA,NA,NA,NA
NA,NA,NA,NA,NA,NA,NA,NA,NA,NA,NA,NA,NA,NA,NA,NA,NA
NA,NA,NA,NA,NA,NA,NA,NA,NA,NA,NA,NA,NA,NA,NA,NA,NA
NA,NA,NA,NA,NA,NA,NA,NA,NA,NA,NA,NA,NA,NA,NA,NA,NA
NA,NA,NA,NA,NA,NA,NA,NA,NA,NA,NA,NA,NA,NA,NA,NA,NA
NA,NA,NA,NA,NA,NA,NA,NA,NA,NA,NA,NA,NA,NA,NA,NA,NA
NA,NA,NA,NA,NA,NA,NA,NA,NA,NA,NA,NA,NA,NA,NA,NA,NA
NA,NA,NA,NA,NA,NA,NA,NA,NA,NA,NA,NA,NA,NA,NA,NA,NA
NA,NA,NA,NA,NA,NA,NA,NA,NA,NA,NA,NA,NA,NA,NA,NA,NA
NA,NA,NA,NA,NA,NA,NA,NA,NA,NA,NA,NA,NA,NA,NA,NA,NA
NA,NA,NA,NA,NA,NA,NA,NA,NA,NA,NA,NA,NA,NA,NA,NA,NA
NA,NA,NA,NA,NA,NA,NA,NA,NA,NA,NA,NA,NA,NA,NA,NA,NA
NA,NA,NA,NA,NA,NA,NA,NA,NA,NA,NA,NA,NA,NA,NA,NA,NA
NA,NA,NA,NA,NA,NA,NA,NA,NA,NA,NA,NA,NA,NA,NA,NA,NA
NA,NA,NA,NA,NA,NA,NA,NA,NA,NA,NA,NA,NA,NA,NA,NA,NA
NA,NA,NA,NA,NA,NA,NA,NA,NA,NA,NA,NA,NA,NA,NA,NA,NA
NA,NA,NA,NA,NA,NA,NA,NA,NA,NA,NA,NA,NA,NA,NA,NA,NA
NA,NA,NA,NA,NA,NA,NA,NA,NA,NA,NA,NA,NA,NA,NA,NA,NA
NA,NA,NA,NA,NA,NA,NA,NA,NA,NA,NA,NA,NA,NA,NA,NA,NA
NA,NA,NA,NA,NA,NA,NA,NA,NA,NA,NA,NA,NA,NA,NA,NA,NA
NA,NA,NA,NA,NA,NA,NA,NA,NA,NA,NA,NA,NA,NA,NA,NA,NA
NA,NA,NA,NA,NA,NA,NA,NA,NA,NA,NA,NA,NA,NA,NA,NA,NA
NA,NA,NA,NA,NA,NA,NA,NA,NA,NA,NA,NA,NA,NA,NA,NA,NA
NA,NA,NA,NA,NA,NA,NA,NA,NA,NA,NA,NA,NA,NA,NA,NA,NA
NA,NA,NA,NA,NA,NA,NA,NA,NA,NA,NA,NA,NA,NA,NA,NA,NA
NA,NA,NA,NA,NA,NA,NA,NA,NA,NA,NA,NA,NA,NA,NA,NA,NA
NA,NA,NA,NA,NA,NA,NA,NA,NA,NA,NA,NA,NA,NA,NA,NA,NA
NA,NA,NA,NA,NA,NA,NA,NA,NA,NA,NA,NA,NA,NA,NA,NA,NA
NA,NA,NA,NA,NA,NA,NA,NA,NA,NA,NA,NA,NA,NA,NA,NA,NA
NA,NA,NA,NA,NA,NA,NA,NA,NA,NA,NA,NA,NA,NA,NA,NA,NA
NA,NA,NA,NA,NA,NA,NA,NA,NA,NA,NA,NA,NA,NA,NA,NA,NA
NA,NA,NA,NA,NA,NA,NA,NA,NA,NA,NA,NA,NA,NA,NA,NA,NA
NA,NA,NA,NA,NA,NA,NA,NA,NA,NA,NA,NA,NA,NA,NA,NA,NA
NA,NA,NA,NA,NA,NA,NA,NA,NA,NA,NA,NA,NA,NA,NA,NA,NA
NA,NA,NA,NA,NA,NA,NA,NA,NA,NA,NA,NA,NA,NA,NA,NA,NA
NA,NA,NA,NA,NA,NA,NA,NA,NA,NA,NA,NA,NA,NA,NA,NA,NA
NA,NA,NA,NA,NA,NA,NA,NA,NA,NA,NA,NA,NA,NA,NA,NA,NA
NA,NA,NA,NA,NA,NA,NA,NA,NA,NA,NA,NA,NA,NA,NA,NA,NA
NA,NA,NA,NA,NA,NA,NA,NA,NA,NA,NA,NA,NA,NA,NA,NA,NA
NA,NA,NA,NA,NA,NA,NA,NA,NA,NA,NA,NA,NA,NA,NA,NA,NA
NA,NA,NA,NA,NA,NA,NA,NA,NA,NA,NA,NA,NA,NA,NA,NA,NA
NA,NA,NA,NA,NA,NA,NA,NA,NA,NA,NA,NA,NA,NA,NA,NA,NA
NA,NA,NA,NA,NA,NA,NA,NA,NA,NA,NA,NA,NA,NA,NA,NA,NA
NA,NA,NA,NA,NA,NA,NA,NA,NA,NA,NA,NA,NA,NA,NA,NA,NA
NA,NA,NA,NA,NA,NA,NA,NA,NA,NA,NA,NA,NA,NA,NA,NA,NA
NA,NA,NA,NA,NA,NA,NA,NA,NA,NA,NA,NA,NA,NA,NA,NA,NA
NA,NA,NA,NA,NA,NA,NA,NA,NA,NA,NA,NA,NA,NA,NA,NA,NA
NA,NA,NA,NA,NA,NA,NA,NA,NA,NA,NA,NA,NA,NA,NA,NA,NA
