"guide","dataset","table","variable","type","n_rows","missing","missing_pct","distinct","domain_or_distribution","values_if_small_domain","metadata_match","plida_variable_descriptions","plida_products","blade_item","blade_valid_response","blade_available_periods"
"dss","APSED","apsc-apsed","spine_id","character",500,50,10,450,"SP0000000001=1; SP0000000002=1; SP0000000003=1; SP0000000004=1; SP0000000005=1; SP0000000006=1; SP0000000007=1; SP0000000008=1","","no PLIDA metadata match by dataset+variable","","","","",""
"dss","APSED","apsc-apsed","SYNTHETIC_AEUID","character",500,0,0,500,"FA52E0000001=1; FA52E0000002=1; FA52E0000003=1; FA52E0000004=1; FA52E0000005=1; FA52E0000006=1; FA52E0000007=1; FA52E0000008=1","","matched PLIDA variable metadata","APSED person identifier","pmp-apsed","","",""
"dss","APSED","pmp-apsed","ACTING_CLASSIFICATION","character",4,4,100,0,"","","matched PLIDA variable metadata","The acting classification of an APS employee, as represented by a code","pmp-apsed","","",""
"dss","APSED","pmp-apsed","AGENCY_FUNCTION","character",4,0,0,3,"Specialist=2; Larger operational=1; Smaller operational=1","Larger operational; Smaller operational; Specialist","matched PLIDA variable metadata","APS agencies grouped into categories based on functional clusters (Policy, Smaller operational, Larger operational, Regulatory, Specialist …","pmp-apsed","","",""
"dss","APSED","pmp-apsed","AGENCY_SIZE","character",4,4,100,0,"","","matched PLIDA variable metadata","The size of an agency within number ranges.","pmp-apsed","","",""
"dss","APSED","pmp-apsed","AGENCYID","character",4,0,0,4,"186185227805=1; 186186227808=1; 187102827805=1; 187103827808=1","186185227805; 186186227808; 187102827805; 187103827808","matched PLIDA variable metadata","Agency person was working at when they were on acting duties","pmp-apsed","","",""
"dss","APSED","pmp-apsed","ARRIVAL_YEAR","numeric",4,2,50,2,"2000 / 2004 / 2008 / 2012 / 2016","2000; 2016","matched PLIDA variable metadata","The year the APS employee first arrived as a resident in Australia from another country with the intention of staying for one or more years.","pmp-apsed","","",""
"dss","APSED","pmp-apsed","COUNTRY_OF_BIRTH","integer",4,0,0,3,"1101.0 / 1101.0 / 3103.0 / 5605.5 / 7107.0","1101; 5105; 7107","matched PLIDA variable metadata","The country of birth of the APS employee defined by the ABS Standard Australian Classification of Countries (SACC) 2016.","pmp-apsed","","",""
"dss","APSED","pmp-apsed","DATECHANGED","Date",4,0,0,4,"2023-09-16 to 2024-03-19","2023-09-16; 2023-10-25; 2024-02-09; 2024-03-19","matched PLIDA variable metadata","Date the disability status has changed","pmp-apsed","","",""
"dss","APSED","pmp-apsed","DISABILITY","logical",4,0,0,1,"FALSE=4","FALSE","matched PLIDA variable metadata","Whether the Australian Public Service employee has told their agency they have a disability. It is a self-disclosure to an employer rather …","pmp-apsed","","",""
"dss","APSED","pmp-apsed","EMPLOYMENT_STATUS","character",4,0,0,3,"Non-ongoing - specified term=2; Non-ongoing - casual=1; Ongoing=1","Non-ongoing - casual; Non-ongoing - specified term; Ongoing","matched PLIDA variable metadata","Employment status of an employee. (Ongoing, non-ongoing - specified term, non-ongoing - specified task, non-ongoing - casual)","pmp-apsed","","",""
"dss","APSED","pmp-apsed","FATHERS_LANGUAGE","character",4,0,0,2,"1201=3; 3402=1","1201; 3402","matched PLIDA variable metadata","The first language spoken by the APS employee's father","pmp-apsed","","",""
"dss","APSED","pmp-apsed","FIELD_OF_STUDY_MAIN","character",4,4,100,0,"","","matched PLIDA variable metadata","The APS employee's first main field(s) of study for the highest educational qualification completed.","pmp-apsed","","",""
"dss","APSED","pmp-apsed","FIELD_OF_STUDY_OTHER","character",4,4,100,0,"","","matched PLIDA variable metadata","The APS employee's second main field(s) of study for the highest educational qualification completed.","pmp-apsed","","",""
"dss","APSED","pmp-apsed","FIRST_LANGUAGE","character",4,0,0,2,"1201=3; 2101=1","1201; 2101","matched PLIDA variable metadata","The primary language spoken by the APS employee as a child when learning to speak.","pmp-apsed","","",""
"dss","APSED","pmp-apsed","GENDER","character",4,4,100,0,"","","matched PLIDA variable metadata","The gender of the APS employee.","pmp-apsed","","",""
"dss","APSED","pmp-apsed","HIGHEST_EDUCATION_COUNTRY","integer",4,0,0,1,"1101 / 1101 / 1101 / 1101 / 1101","1101","matched PLIDA variable metadata","The country in which the person has attained their highest education qualification.","pmp-apsed","","",""
"dss","APSED","pmp-apsed","HIGHEST_EDUCATION_QUALIFICATION","character",4,4,100,0,"","","matched PLIDA variable metadata","Highest attained educational qualification an employee has received","pmp-apsed","","",""
"dss","APSED","pmp-apsed","HIGHEST_EDUCATION_YEAR_COMPLETED","numeric",4,0,0,4,"1975.00 / 1995.25 / 2011.50 / 2021.50 / 2023.00","1975; 2002; 2021; 2023","matched PLIDA variable metadata","The year in which a person completed their highest attained educational qualifications.","pmp-apsed","","",""
"dss","APSED","pmp-apsed","HOURS_WORKED_PER_WEEK","numeric",4,0,0,4,"15.200 / 26.600 / 33.950 / 38.125 / 40.000","15.2; 30.4; 37.5; 40","matched PLIDA variable metadata","The 'regular' number of hours that the APS employee is paid to work in a 'standard' week.","pmp-apsed","","",""
"dss","APSED","pmp-apsed","INDIGENOUS_STATUS","character",4,4,100,0,"","","matched PLIDA variable metadata","The Indigenous status (Australian Aboriginal or Torres Strait Islander) of employees.","pmp-apsed","","",""
"dss","APSED","pmp-apsed","JOBFAMILY","character",4,4,100,0,"","","matched PLIDA variable metadata","APS Job Family categories","pmp-apsed","","",""
"dss","APSED","pmp-apsed","JOBFAMILY_CODE","character",4,4,100,0,"","","matched PLIDA variable metadata","The occupational groupings that exist in the APS workforce, based on the APS job family model.","pmp-apsed","","",""
"dss","APSED","pmp-apsed","JOBFAMILY_FUNCTION","character",4,4,100,0,"","","matched PLIDA variable metadata","APS Job Family function categories","pmp-apsed","","",""
"dss","APSED","pmp-apsed","JOBFAMILY_ROLE","character",4,4,100,0,"","","matched PLIDA variable metadata","APS Job Family role categories","pmp-apsed","","",""
"dss","APSED","pmp-apsed","LEAVE_CODE","character",4,4,100,0,"","","matched PLIDA variable metadata","The leave status of a person, as represented by a code. Leave types include maternity leave and inoperative.","pmp-apsed","","",""
"dss","APSED","pmp-apsed","MONTH_OF_BIRTH","integer",4,0,0,4,"1.00 / 3.25 / 4.50 / 6.75 / 12.00","1; 12; 4; 5","matched PLIDA variable metadata","The month of the APS employee's birth.","pmp-apsed","","",""
"dss","APSED","pmp-apsed","MOTHERS_LANGUAGE","character",4,0,0,1,"1201=4","1201","matched PLIDA variable metadata","The first language spoken by the APS employee's mother","pmp-apsed","","",""
"dss","APSED","pmp-apsed","MOVEMENT_CODE","character",4,4,100,0,"","","matched PLIDA variable metadata","Movement codes are used to indicate changes in various employment details such as classification level, postcode, agency, termination, etc.","pmp-apsed","","",""
"dss","APSED","pmp-apsed","MOVEMENT_END_DATE","Date",4,0,0,3,"2024-05-15 to 2024-06-30","2024-05-15; 2024-06-10; 2024-06-30","matched PLIDA variable metadata","Date closed of the movement","pmp-apsed","","",""
"dss","APSED","pmp-apsed","MOVEMENT_START_DATE","Date",4,0,0,4,"2023-11-19 to 2024-05-06","2023-11-19; 2023-12-24; 2024-04-01; 2024-05-06","matched PLIDA variable metadata","Date of effect of the movement","pmp-apsed","","",""
"dss","APSED","pmp-apsed","POSTCODE_OF_EMPLOYEES_WORKPLACE","character",4,0,0,4,"2033=1; 3431=1; 5261=1; 6741=1","2033; 3431; 5261; 6741","matched PLIDA variable metadata","Postcode at the employee's workplace. For home-based employees this is the postcode at the employee's base office and not the employee's ho…","pmp-apsed","","",""
"dss","APSED","pmp-apsed","PREVIOUS_EMPLOYMENT","character",4,0,0,3,"State government=2; Student=1; Unemployed=1","State government; Student; Unemployed","matched PLIDA variable metadata","Identifies the previous employment (Private sector, state government, student, unemployed etc.) of the employee before they commenced in th…","pmp-apsed","","",""
"dss","APSED","pmp-apsed","SNAPSHOT_DATE","Date",4,0,0,1,"2024-06-30 to 2024-06-30","2024-06-30","matched PLIDA variable metadata","The date in which the acting classification has been captured at the end of the financial year","pmp-apsed","","",""
"dss","APSED","pmp-apsed","STATE_OF_EMPLOYEES_WORKPLACE","integer",4,0,0,4,"1.00 / 1.75 / 3.00 / 4.25 / 5.00","1; 2; 4; 5","matched PLIDA variable metadata","The state of the APS employee's workplace.","pmp-apsed","","",""
"dss","APSED","pmp-apsed","SUBSTANTIVE_CLASSIFICATION","character",4,4,100,0,"","","matched PLIDA variable metadata","Substantive classification level of an employee.","pmp-apsed","","",""
"dss","APSED","pmp-apsed","SYNTHETIC_AEUID","character",4,0,0,4,"FA52E000005B=1; FA52E0000081=1; FA52E00001AF=1; FA52E00001C1=1","FA52E000005B; FA52E0000081; FA52E00001AF; FA52E00001C1","matched PLIDA variable metadata","APSED person identifier","pmp-apsed","","",""
"dss","APSED","pmp-apsed","YEAR_OF_BIRTH","integer",4,0,0,4,"1955.00 / 1969.25 / 1984.00 / 1996.75 / 2005.00","1955; 1974; 1994; 2005","matched PLIDA variable metadata","The year of the APS employee's birth.","pmp-apsed","","",""
"dss","DEX","dss-dex","spine_id","character",500,50,10,450,"SP0000000001=1; SP0000000002=1; SP0000000003=1; SP0000000004=1; SP0000000005=1; SP0000000006=1; SP0000000007=1; SP0000000009=1","","no PLIDA metadata match by dataset+variable","","","","",""
"dss","DEX","dss-dex","SYNTHETIC_AEUID","character",500,0,0,500,"F72250000001=1; F72250000002=1; F72250000003=1; F72250000004=1; F72250000005=1; F72250000006=1; F72250000007=1; F72250000008=1","","matched PLIDA variable metadata","The person key that runs through the Data Exchange tables: one client carries the same value across special_client, special_attendance, spe…","madipge-dex-d-extended-15-current","","",""
"dss","DEX","madipge-dex-d-extended-15-current-special_attendance","AGEATSESSION","integer",122,0,0,47,"12 / 27 / 35 / 52 / 66","","matched PLIDA variable metadata","The client's age in completed years on the day the session took place. It is derived rather than reported: the protocols say date of birth …","madipge-dex-d-extended-15-current","","",""
"dss","DEX","madipge-dex-d-extended-15-current-special_attendance","ATTENDANCECOUNT","integer",122,0,0,1,"1 / 1 / 1 / 1 / 1","1","matched PLIDA variable metadata","The number of people the attendance row stands for, which is one for a named client and the group size for an unidentified-client row. DSS …","madipge-dex-d-extended-15-current","","",""
"dss","DEX","madipge-dex-d-extended-15-current-special_attendance","ATTENDANCEID","character",122,0,0,75,"ATT00000000001=2; ATT00000000002=2; ATT00000000003=2; ATT00000000004=2; ATT00000000005=2; ATT00000000006=2; ATT00000000007=2; ATT00000000008=2","","matched PLIDA variable metadata","The identifier of one person's presence at one session, and the row the assessment tables join back to. DSS notes that the application ""onl…","madipge-dex-d-extended-15-current","","",""
"dss","DEX","madipge-dex-d-extended-15-current-special_attendance","CASECLIENTID","character",122,0,0,15,"CC0000000008=16; CC0000000007=13; CC0000000004=12; CC0000000010=11; CC0000000001=10; CC0000000009=10; CC0000000012=8; CC0000000002=7","CC0000000001; CC0000000002; CC0000000003; CC0000000004; CC0000000005; CC0000000006; CC0000000007; CC0000000008; CC0000000009; CC0000000010; CC0000000011; CC0000000012; CC0000000013; CC0000000014; CC0000000015","matched PLIDA variable metadata","The identifier for one client's membership of one case, so a client attached to three cases has three values and each of their attendances …","madipge-dex-d-extended-15-current","","",""
"dss","DEX","madipge-dex-d-extended-15-current-special_attendance","CONDUCTEDDATE","Date",122,0,0,119,"2015-01-08 to 2024-12-26","","matched PLIDA variable metadata","The day the session took place, which is the date every counting rule in the Data Exchange turns on. The protocols count a session against …","madipge-dex-d-extended-15-current","","",""
"dss","DEX","madipge-dex-d-extended-15-current-special_attendance","EXITREASONCODE","character",122,102,83.6066,6,"Client needs have been met=8; Client no longer requires assistance=4; Client has moved out of area=3; Client now requires higher level of care=3; Client no longer eligible=1; Service unable to provide assistance=1","Client has moved out of area; Client needs have been met; Client no longer eligible; Client no longer requires assistance; Client now requires higher level of care; Service unable to provide assistance","matched PLIDA variable metadata","Why the client's involvement with a case ended, recorded on the attendance row that closed it. The protocols publish nine reasons: needs me…","madipge-dex-d-extended-15-current","","",""
"dss","DEX","madipge-dex-d-extended-15-current-special_attendance","SERVICESETTINGCODE","character",122,0,0,5,"Organisation outlet/office=57; Clients residence=24; Community venue=22; Telephone=17; Online service=2","Clients residence; Community venue; Online service; Organisation outlet/office; Telephone","matched PLIDA variable metadata","Where or how a session was actually delivered, which DSS defines as ""the category of physical location or delivery method for a given sessi…","madipge-dex-d-extended-15-current","","",""
"dss","DEX","madipge-dex-d-extended-15-current-special_attendance","SERVICETYPEID","character",122,0,0,8,"Education and skills training=33; Employment assistance=30; Family and relationship support=16; Mental health=14; Housing assistance=10; Material wellbeing and basic necessities=7; Community engagement=6; Physical health=6","Community engagement; Education and skills training; Employment assistance; Family and relationship support; Housing assistance; Material wellbeing and basic necessities; Mental health; Physical health","matched PLIDA variable metadata","The kind of help delivered, defined by DSS as ""the main focus of service delivery at a given session, represented by a code"". The codes beg…","madipge-dex-d-extended-15-current","","",""
"dss","DEX","madipge-dex-d-extended-15-current-special_attendance","SESSIONID","character",122,0,0,75,"SES00000000001=2; SES00000000002=2; SES00000000003=2; SES00000000004=2; SES00000000005=2; SES00000000006=2; SES00000000007=2; SES00000000008=2","","matched PLIDA variable metadata","The key of a single instance of service, which DSS defines as ""a system-generated identifier for a unique session record in the Data Exchan…","madipge-dex-d-extended-15-current","","",""
"dss","DEX","madipge-dex-d-extended-15-current-special_attendance","SYNTHETIC_AEUID","character",122,0,0,26,"F72250000075=8; F72250000150=8; F72250000197=8; F722500001AB=8; F722500001D0=8; F72250000189=7; F722500001EE=7; F72250000054=6","","matched PLIDA variable metadata","The person key that runs through the Data Exchange tables: one client carries the same value across special_client, special_attendance, spe…","madipge-dex-d-extended-15-current","","",""
"dss","DEX","madipge-dex-d-extended-15-current-special_client","ACCOMMODATIONTYPECODE","character",26,0,0,4,"Private residence—client or family owned/purchasing=10; Private residence—private rental=7; Private residence—public rental=7; Boarding house=2","Boarding house; Private residence—client or family owned/purchasing; Private residence—private rental; Private residence—public rental","matched PLIDA variable metadata","The kind of dwelling a client was living in, as one of twelve settings ranging from a private residence to an institutional or crisis place…","madipge-dex-d-extended-15-current","","",""
"dss","DEX","madipge-dex-d-extended-15-current-special_client","ATSICODE","character",26,0,0,1,"No=26","No","matched PLIDA variable metadata","Whether the client identified as being of Aboriginal or Torres Strait Islander origin, on the five-response standard the protocols take fro…","madipge-dex-d-extended-15-current","","",""
"dss","DEX","madipge-dex-d-extended-15-current-special_client","BIRTHCOUNTRYCODE","integer",26,0,0,9,"1101.0 / 1101.0 / 1101.0 / 2853.5 / 9225.0","1101; 2102; 3104; 3207; 5105; 5204; 6101; 7103; 9225","matched PLIDA variable metadata","The country a client said they were born in, coded to the ABS country classification. It is one half of the cultural and linguistic diversi…","madipge-dex-d-extended-15-current","","",""
"dss","DEX","madipge-dex-d-extended-15-current-special_client","BIRTHMONTH","integer",26,0,0,11,"1.00 / 4.25 / 6.00 / 7.75 / 12.00","1; 10; 12; 2; 3; 4; 5; 6; 7; 8; 9","matched PLIDA variable metadata","The month component of the client's date of birth, kept without the day. The Data Exchange collects a full date of birth, which the protoco…","madipge-dex-d-extended-15-current","","",""
"dss","DEX","madipge-dex-d-extended-15-current-special_client","BIRTHYEAR","integer",26,0,0,22,"1955.0 / 1971.0 / 1983.5 / 1990.5 / 2004.0","1955; 1958; 1962; 1963; 1966; 1970; 1974; 1977; 1979; 1980; 1981; 1982; 1985; 1987; 1988; 1989; 1991; 1994; 1998; 2001; 2003; 2004","matched PLIDA variable metadata","The year component of the client's date of birth, the coarser half of the split date the curated extract keeps in place of a full one. It i…","madipge-dex-d-extended-15-current","","",""
"dss","DEX","madipge-dex-d-extended-15-current-special_client","CLIENTPOSTCODE","character",26,0,0,26,"2142=1; 2329=1; 2392=1; 2488=1; 2499=1; 2505=1; 2611=1; 2617=1","","matched PLIDA variable metadata","The postcode of the client's residential address, mandatory alongside suburb and state before a client record can be created. The protocols…","madipge-dex-d-extended-15-current","","",""
"dss","DEX","madipge-dex-d-extended-15-current-special_client","CLIENTSTATE","integer",26,0,0,6,"1.00 / 1.25 / 3.00 / 4.00 / 8.00","1; 2; 3; 4; 5; 8","matched PLIDA variable metadata","The state or territory of the client's residential address, defined by DSS as ""the state or territory of an address, as represented by a co…","madipge-dex-d-extended-15-current","","",""
"dss","DEX","madipge-dex-d-extended-15-current-special_client","CURRENTRECORD","character",26,0,0,1,"Y=26","Y","matched PLIDA variable metadata","Whether the row is the version in force or one the Data Exchange has since superseded, coded 1 for current and 0 for historical. Every vers…","madipge-dex-d-extended-15-current","","",""
"dss","DEX","madipge-dex-d-extended-15-current-special_client","EDUCATIONLEVELCODE","character",26,0,0,4,"Bachelor degree level=9; Secondary education=9; Advanced diploma and diploma level=4; Certificate level=4","Advanced diploma and diploma level; Bachelor degree level; Certificate level; Secondary education","matched PLIDA variable metadata","The highest level of education or qualification a client had completed, on a nine-level scale running from pre-primary through certificate …","madipge-dex-d-extended-15-current","","",""
"dss","DEX","madipge-dex-d-extended-15-current-special_client","EMPLOYMENTSTATUSCODE","character",26,0,0,7,"Unemployed (not working but looking for work)=12; Paid work full-time=5; Paid work part-time=3; Caring=2; Not working and not looking for work=2; Parenting=1; Studying full-time=1","Caring; Not working and not looking for work; Paid work full-time; Paid work part-time; Parenting; Studying full-time; Unemployed (not working but looking for work)","matched PLIDA variable metadata","What the client said they were doing for work when the record was created or last edited. DSS defines the element as ""the employment status…","madipge-dex-d-extended-15-current","","",""
"dss","DEX","madipge-dex-d-extended-15-current-special_client","GENDERCODE","character",26,0,0,2,"Man or male=16; Woman or female=10","Man or male; Woman or female","matched PLIDA variable metadata","The client's self-identified gender, and one of the four inputs to the linkage key that makes this dataset joinable at all. The protocols s…","madipge-dex-d-extended-15-current","","",""
"dss","DEX","madipge-dex-d-extended-15-current-special_client","HASCARER","character",26,0,0,2,"No=18; Yes=8","No; Yes","matched PLIDA variable metadata","Whether somebody is caring for this client, which is the mirror image of ISCARER on the same row. DSS defines it as ""whether a given client…","madipge-dex-d-extended-15-current","","",""
"dss","DEX","madipge-dex-d-extended-15-current-special_client","HOMELESSCODE","character",26,0,0,2,"No=24; At Risk=2","At Risk; No","matched PLIDA variable metadata","Whether the client said they were homeless, at risk of homelessness, or neither. DSS defines the element as ""the experience of unstable, in…","madipge-dex-d-extended-15-current","","",""
"dss","DEX","madipge-dex-d-extended-15-current-special_client","HOUSEHOLDCOMPOSITIONCODE","character",26,0,0,6,"Couple with dependant(s)=9; Couple=6; Single (person living alone)=5; Group (related adults)=3; Group (unrelated adults)=2; Sole parent with dependant(s)=1","Couple; Couple with dependant(s); Group (related adults); Group (unrelated adults); Single (person living alone); Sole parent with dependant(s)","matched PLIDA variable metadata","Who the client lives with, in one of eight categories: living alone, sole parent with dependants, couple, couple with dependants, group of …","madipge-dex-d-extended-15-current","","",""
"dss","DEX","madipge-dex-d-extended-15-current-special_client","INCOMEAMOUNT","numeric",26,0,0,9,"0.0 / 0.0 / 0.0 / 1623.5 / 3381.0","0; 1115; 1793; 2065; 2634; 2774; 2815; 2855; 3381","matched PLIDA variable metadata","How much the client said they earn, before tax, over whatever period INCOMEFREQUENCYCODE names. The protocols state that the field is ""a nu…","madipge-dex-d-extended-15-current","","",""
"dss","DEX","madipge-dex-d-extended-15-current-special_client","INCOMEFREQUENCYCODE","character",26,0,0,1,"Fortnightly=26","Fortnightly","matched PLIDA variable metadata","The period the dollar figure in INCOMEAMOUNT refers to: weekly, fortnightly, monthly or annually. It exists because the Data Exchange lets …","madipge-dex-d-extended-15-current","","",""
"dss","DEX","madipge-dex-d-extended-15-current-special_client","INCOMESOURCECODE","character",26,0,0,2,"Government payments/pensions/allowances=18; Employee salary/wages=8","Employee salary/wages; Government payments/pensions/allowances","matched PLIDA variable metadata","Where most of the client's money comes from, in one of six categories: nil income, employee salary or wages, self-employment from an uninco…","madipge-dex-d-extended-15-current","","",""
"dss","DEX","madipge-dex-d-extended-15-current-special_client","ISCARER","character",26,0,0,2,"No=24; Yes=2","No; Yes","matched PLIDA variable metadata","Whether the client says they care for somebody, which is the mirror image of HASCARER on the same row. DSS defines it as ""whether a given c…","madipge-dex-d-extended-15-current","","",""
"dss","DEX","madipge-dex-d-extended-15-current-special_client","MAINLANGUAGECODE","character",26,0,0,2,"English=18; Other=8","English; Other","matched PLIDA variable metadata","The language the client says is mainly spoken in their home, coded to the ABS classification rather than written out. DSS names the element…","madipge-dex-d-extended-15-current","","",""
"dss","DEX","madipge-dex-d-extended-15-current-special_client","NDISELIGIBILITYCODE","character",26,0,0,1,"NDIS ineligible=26","NDIS ineligible","matched PLIDA variable metadata","What the service recorded about the client's standing with the National Disability Insurance Scheme, in one of three states: eligible, inel…","madipge-dex-d-extended-15-current","","",""
"dss","DEX","madipge-dex-d-extended-15-current-special_client","SA12021BOUNDARYCODE","integer",26,0,0,26,"-2080785276 / -758504521 / -177225921 / 912355563 / 1748405137","","matched PLIDA variable metadata","The 2021-vintage SA1 the DSS geocoder assigned to the address on the record, on the client's residence in special_client and on the outlet'…","madipge-dex-d-extended-15-current","","",""
"dss","DEX","madipge-dex-d-extended-15-current-special_client","SA22021BOUNDARYCODE","integer",26,0,0,26,"103041079 / 146781422 / 301531027 / 402048582 / 801041046","","matched PLIDA variable metadata","The 2021-vintage SA2 the DSS geocoder assigned to the address, for the client on special_client and for the outlet on special_outlet. It is…","madipge-dex-d-extended-15-current","","",""
"dss","DEX","madipge-dex-d-extended-15-current-special_client","SA32021BOUNDARYCODE","integer",26,0,0,25,"10304.0 / 14678.0 / 30153.0 / 40204.8 / 80104.0","10304; 10804; 11703; 12101; 12202; 12401; 12703; 20603; 20802; 21001; 21302; 21602; 30103; 30203; 30601; 30602; 31102; 31802; 40204; 40205; 40302; 40403; 50603; 51104; 80104","matched PLIDA variable metadata","The 2021-vintage SA3 the DSS geocoder assigned to the address, on both the client and the outlet records. It is the middle rung of the boun…","madipge-dex-d-extended-15-current","","",""
"dss","DEX","madipge-dex-d-extended-15-current-special_client","SA42021BOUNDARYCODE","integer",26,0,0,23,"103.00 / 146.75 / 301.50 / 402.00 / 801.00","103; 108; 117; 121; 122; 124; 127; 206; 208; 210; 213; 216; 301; 302; 306; 311; 318; 402; 403; 404; 506; 511; 801","matched PLIDA variable metadata","The 2021-vintage SA4 the DSS geocoder assigned to the address, the coarsest boundary code below state. It is the level most Data Exchange o…","madipge-dex-d-extended-15-current","","",""
"dss","DEX","madipge-dex-d-extended-15-current-special_client","SYNTHETIC_AEUID","character",26,0,0,26,"F72250000017=1; F7225000003C=1; F7225000003D=1; F7225000003F=1; F72250000040=1; F7225000004E=1; F72250000054=1; F72250000075=1","","matched PLIDA variable metadata","The person key that runs through the Data Exchange tables: one client carries the same value across special_client, special_attendance, spe…","madipge-dex-d-extended-15-current","","",""
"dss","DEX","madipge-dex-d-extended-15-current-special_client_assessment","AGEATSESSION","integer",48,0,0,30,"13 / 27 / 36 / 54 / 65","","matched PLIDA variable metadata","The client's age in completed years on the day the session took place. It is derived rather than reported: the protocols say date of birth …","madipge-dex-d-extended-15-current","","",""
"dss","DEX","madipge-dex-d-extended-15-current-special_client_assessment","ASSESSMENTID","character",48,0,0,28,"ASM00000000001=2; ASM00000000002=2; ASM00000000003=2; ASM00000000004=2; ASM00000000005=2; ASM00000000006=2; ASM00000000007=2; ASM00000000008=2","","matched PLIDA variable metadata","The identifier of one SCORE assessment event for one client, grouping the domain ratings recorded together at a single point in service. It…","madipge-dex-d-extended-15-current","","",""
"dss","DEX","madipge-dex-d-extended-15-current-special_client_assessment","ASSESSMENTTYPE","character",48,0,0,3,"Review=29; Exit=11; Initial=8","Exit; Initial; Review","matched PLIDA variable metadata","Whether the SCORE rating was taken near the start of service or later on, recorded as Pre or Post. The protocols pair SCOREs this way: an i…","madipge-dex-d-extended-15-current","","",""
"dss","DEX","madipge-dex-d-extended-15-current-special_client_assessment","ATTENDANCEID","character",48,0,0,36,"ATT00000000008=2; ATT00000000015=2; ATT00000000018=2; ATT00000000026=2; ATT00000000027=2; ATT00000000028=2; ATT00000000031=2; ATT00000000035=2","","matched PLIDA variable metadata","The identifier of one person's presence at one session, and the row the assessment tables join back to. DSS notes that the application ""onl…","madipge-dex-d-extended-15-current","","",""
"dss","DEX","madipge-dex-d-extended-15-current-special_client_assessment","OUTCOMEDOMAIN","character",48,0,0,8,"Community participation and networks=9; Mental health, wellbeing and self-care=9; Employment=8; Family functioning=5; Housing=5; Physical health=5; Personal and family safety=4; Material wellbeing=3","Community participation and networks; Employment; Family functioning; Housing; Material wellbeing; Mental health, wellbeing and self-care; Personal and family safety; Physical health","matched PLIDA variable metadata","Which part of a client's life a SCORE rating is about. DSS defines it as ""the specific focus of a clients wellbeing measured by a given cli…","madipge-dex-d-extended-15-current","","",""
"dss","DEX","madipge-dex-d-extended-15-current-special_client_assessment","OUTCOMEDOMAINSCORE","integer",48,0,0,5,"1 / 1 / 3 / 4 / 5","1; 2; 3; 4; 5","matched PLIDA variable metadata","The rating itself, from 1 to 5, for the domain named on the same row. The protocols anchor both ends: 1 means the client's circumstances ar…","madipge-dex-d-extended-15-current","","",""
"dss","DEX","madipge-dex-d-extended-15-current-special_client_assessment","SESSIONCONDUCTEDDATE","Date",48,0,0,48,"2015-03-11 to 2024-12-26","","matched PLIDA variable metadata","The date of the session a SCORE assessment relates to, defined by DSS as ""the date a given session took place, represented by DDMMYYYY"". On…","madipge-dex-d-extended-15-current","","",""
"dss","DEX","madipge-dex-d-extended-15-current-special_client_assessment","SESSIONID","character",48,0,0,36,"SES00000000008=2; SES00000000015=2; SES00000000018=2; SES00000000026=2; SES00000000027=2; SES00000000028=2; SES00000000031=2; SES00000000035=2","","matched PLIDA variable metadata","The key of a single instance of service, which DSS defines as ""a system-generated identifier for a unique session record in the Data Exchan…","madipge-dex-d-extended-15-current","","",""
"dss","DEX","madipge-dex-d-extended-15-current-special_client_assessment","SYNTHETIC_AEUID","character",48,0,0,20,"F72250000075=4; F72250000150=4; F72250000189=4; F72250000197=4; F722500001AB=4; F7225000003C=3; F7225000003F=3; F72250000054=3","F7225000003C; F7225000003D; F7225000003F; F72250000054; F72250000075; F7225000009F; F722500000BD; F722500000FA; F7225000011E; F72250000139; F72250000150; F72250000174; F72250000186; F72250000189; F72250000197; F722500001AB; F722500001BF; F722500001D0; F722500001DB; F722500001EE","matched PLIDA variable metadata","The person key that runs through the Data Exchange tables: one client carries the same value across special_client, special_attendance, spe…","madipge-dex-d-extended-15-current","","",""
"dss","DOMINO","dss-domino","spine_id","character",500,50,10,450,"SP0000000001=1; SP0000000002=1; SP0000000003=1; SP0000000004=1; SP0000000005=1; SP0000000006=1; SP0000000007=1; SP0000000009=1","","no PLIDA metadata match by dataset+variable","","","","",""
"dss","DOMINO","dss-domino","SYNTHETIC_AEUID","character",500,0,0,500,"F72250000001=1; F72250000002=1; F72250000003=1; F72250000004=1; F72250000005=1; F72250000006=1; F72250000007=1; F72250000008=1","","matched PLIDA variable metadata","The person key every DOMINO table is joined on, described by DSS as ""A synthetic numeric sequence of characters used for the purposes of id…","madipge-dom-monthly-d-base | madipge-dom-monthly-d-disability-carers | madipge-dom-monthly-d-een-abstudy-hist | ... (35 products)","","",""
"dss","DOMINO","madipge-dom-monthly-d-base--det-ben","BEN_STATUS","character",208,0,0,2,"CUR=186; SUS=22","CUR; SUS","matched PLIDA variable metadata","Whether the benefit episode on this row was current or suspended. DSS defines the element as ""The status of a government payment event, as …","madipge-dom-monthly-d-base","","",""
"dss","DOMINO","madipge-dom-monthly-d-base--det-ben","BEN_TYPE_CODE","character",208,0,0,11,"NSA=60; AGE=56; JSP=30; YAL=22; PPP=12; PPS=12; FTB=7; DSP=5","ABY; AGE; AUS; CDA; DSP; FTB; JSP; NSA; PPP; PPS; YAL","matched PLIDA variable metadata","The income support payment that the benefit episode in the benefit detail table was paid under. DSS defines the element as ""The type of Aus…","madipge-dom-monthly-d-base | madipge-dom-monthly-d-inc-dfi | madipge-dom-monthly-d-rlt-prin-carer-beta","","",""
"dss","DOMINO","madipge-dom-monthly-d-base--det-ben","DURN_DAYS","integer",208,0,0,189,"9.00 / 199.50 / 507.00 / 1337.25 / 3985.00","","matched PLIDA variable metadata","How long the benefit determination on this row ran, which DSS defines as ""The duration of a reporting episode expressed as number of days"".…","madipge-dom-monthly-d-base","","",""
"dss","DOMINO","madipge-dom-monthly-d-base--det-ben","END_RSN","character",208,46,22.1154,2,"CAN=140; SUS=22","CAN; SUS","matched PLIDA variable metadata","The status a benefit episode ended in, rather than the reason it ended. On det_ben the DSS element is a ""Code indicating whether a payment …","madipge-dom-monthly-d-base | madipge-dom-monthly-d-rlt-grandpar-grandchild","","",""
"dss","DOMINO","madipge-dom-monthly-d-base--det-ben","END_RSN_CODE","character",208,46,22.1154,12,"EMP=46; OTH=32; INC=27; APR=18; NFR=16; 6WK=6; AGE=6; FSD=4","6WK; ADE; AGE; APR; ASS; CLR; EMP; FSD; INC; NFR; NRQ; OTH","matched PLIDA variable metadata","The specific reason a benefit was suspended or cancelled at the end of this det_ben episode. DSS defines the element as ""The reason a payme…","madipge-dom-monthly-d-base","","",""
"dss","DOMINO","madipge-dom-monthly-d-base--det-ben","PERIOD_END_DATE","Date",208,46,22.1154,160,"2015-04-23 to 2025-11-14","","matched PLIDA variable metadata","The day the record on this row stops applying, closing an episode that PERIOD_START_DATE opened. The DSS registry defines it as ""The date o…","madipge-dom-monthly-d-base | madipge-dom-monthly-d-disability-carers | madipge-dom-monthly-d-een-abstudy-hist | ... (34 products)","","",""
"dss","DOMINO","madipge-dom-monthly-d-base--det-ben","PERIOD_START_DATE","Date",208,0,0,201,"2015-01-05 to 2025-12-22","","matched PLIDA variable metadata","The day the record on this row starts applying. The DSS registry defines it as ""The date on which a reporting period relating to an event c…","madipge-dom-monthly-d-base | madipge-dom-monthly-d-disability-carers | madipge-dom-monthly-d-een-abstudy-hist | ... (34 products)","","",""
"dss","DOMINO","madipge-dom-monthly-d-base--det-ben","SYNTHETIC_AEUID","character",208,0,0,207,"F722500000CE=2; F72250000001=1; F72250000002=1; F72250000007=1; F7225000000A=1; F7225000000D=1; F7225000000E=1; F72250000010=1","","matched PLIDA variable metadata","The person key every DOMINO table is joined on, described by DSS as ""A synthetic numeric sequence of characters used for the purposes of id…","madipge-dom-monthly-d-base | madipge-dom-monthly-d-disability-carers | madipge-dom-monthly-d-een-abstudy-hist | ... (35 products)","","",""
"dss","DOMINO","madipge-dom-monthly-d-base--edu-lvl","LVL_ATTAINED","character",217,0,0,6,"C03=56; BAC=54; Y11=38; Y12=28; DIP=27; UNK=14","BAC; C03; DIP; UNK; Y11; Y12","matched PLIDA variable metadata","The highest completed level of education Centrelink holds for the person. DSS says the element ""Refers to completed education, not a curren…","madipge-dom-monthly-d-base","","",""
"dss","DOMINO","madipge-dom-monthly-d-base--edu-lvl","LVL_ATTAINED_DESC","character",217,0,0,6,"Certificate 3=56; Bachelor's Degree=54; Year 11=38; Year 12=28; Diploma=27; Unknown=14","Bachelor's Degree; Certificate 3; Diploma; Unknown; Year 11; Year 12","matched PLIDA variable metadata","The text form of the attainment level held as a code in LVL_ATTAINED on the same row. DSS defines the element as ""The level of educational …","madipge-dom-monthly-d-base","","",""
"dss","DOMINO","madipge-dom-monthly-d-base--edu-lvl","PERIOD_END_DATE","Date",217,0,0,10,"2016-12-31 to 2025-12-31","2016-12-31; 2017-12-31; 2018-12-31; 2019-12-31; 2020-12-31; 2021-12-31; 2022-12-31; 2023-12-31; 2024-12-31; 2025-12-31","matched PLIDA variable metadata","The day the record on this row stops applying, closing an episode that PERIOD_START_DATE opened. The DSS registry defines it as ""The date o…","madipge-dom-monthly-d-base | madipge-dom-monthly-d-disability-carers | madipge-dom-monthly-d-een-abstudy-hist | ... (34 products)","","",""
"dss","DOMINO","madipge-dom-monthly-d-base--edu-lvl","PERIOD_START_DATE","Date",217,0,0,11,"2015-01-01 to 2025-01-01","2015-01-01; 2016-01-01; 2017-01-01; 2018-01-01; 2019-01-01; 2020-01-01; 2021-01-01; 2022-01-01; 2023-01-01; 2024-01-01; 2025-01-01","matched PLIDA variable metadata","The day the record on this row starts applying. The DSS registry defines it as ""The date on which a reporting period relating to an event c…","madipge-dom-monthly-d-base | madipge-dom-monthly-d-disability-carers | madipge-dom-monthly-d-een-abstudy-hist | ... (34 products)","","",""
"dss","DOMINO","madipge-dom-monthly-d-base--edu-lvl","STDNT_STS_CODE","character",217,200,92.1659,2,"FTS=12; PTS=5","FTS; PTS","matched PLIDA variable metadata","The student participation status recorded alongside the person's completed education level in edu_lvl. It binds the same DSS element as STD…","madipge-dom-monthly-d-base","","",""
"dss","DOMINO","madipge-dom-monthly-d-base--edu-lvl","SYNTHETIC_AEUID","character",217,0,0,217,"F72250000001=1; F72250000002=1; F72250000007=1; F7225000000A=1; F7225000000D=1; F7225000000E=1; F72250000010=1; F72250000011=1","","matched PLIDA variable metadata","The person key every DOMINO table is joined on, described by DSS as ""A synthetic numeric sequence of characters used for the purposes of id…","madipge-dom-monthly-d-base | madipge-dom-monthly-d-disability-carers | madipge-dom-monthly-d-een-abstudy-hist | ... (35 products)","","",""
"dss","DOMINO","madipge-dom-monthly-d-base--hh-hse-dtls","HSE_ACCOM_CODE","character",217,0,0,5,"NAS=119; SHR=49; LWP=24; BAL=16; SHH=9","BAL; LWP; NAS; SHH; SHR","matched PLIDA variable metadata","Whether the person shares accommodation, and on what terms, for the Rent Assistance sharers rules. DSS defines the element as ""The type of …","madipge-dom-monthly-d-base","","",""
"dss","DOMINO","madipge-dom-monthly-d-base--hh-hse-dtls","HSE_HO_CODE","character",217,0,0,5,"NHO=130; POH=33; HOM=28; JNT=19; OTH=7","HOM; JNT; NHO; OTH; POH","matched PLIDA variable metadata","Whether the person counts as a homeowner for the assets test, and in what living arrangement. DSS defines the element as ""The homeowner sta…","madipge-dom-monthly-d-base","","",""
"dss","DOMINO","madipge-dom-monthly-d-base--hh-hse-dtls","HSE_RENT_TYPE","character",217,0,0,3,"PRI=101; NRP=87; GOV=29","GOV; NRP; PRI","matched PLIDA variable metadata","What kind of housing payment the person makes, which decides whether Rent Assistance can be paid on it. DSS defines the element as ""The typ…","madipge-dom-monthly-d-base","","",""
"dss","DOMINO","madipge-dom-monthly-d-base--hh-hse-dtls","HSE_WK_RENT","numeric",217,0,0,116,"0 / 0 / 160 / 293 / 772","","matched PLIDA variable metadata","The weekly rent the person reported paying, for the period the row covers, which DSS defines as ""The amount of rent paid per week by a reci…","madipge-dom-monthly-d-base","","",""
"dss","DOMINO","madipge-dom-monthly-d-base--hh-hse-dtls","PERIOD_END_DATE","Date",217,0,0,10,"2016-12-31 to 2025-12-31","2016-12-31; 2017-12-31; 2018-12-31; 2019-12-31; 2020-12-31; 2021-12-31; 2022-12-31; 2023-12-31; 2024-12-31; 2025-12-31","matched PLIDA variable metadata","The day the record on this row stops applying, closing an episode that PERIOD_START_DATE opened. The DSS registry defines it as ""The date o…","madipge-dom-monthly-d-base | madipge-dom-monthly-d-disability-carers | madipge-dom-monthly-d-een-abstudy-hist | ... (34 products)","","",""
"dss","DOMINO","madipge-dom-monthly-d-base--hh-hse-dtls","PERIOD_START_DATE","Date",217,0,0,11,"2015-01-01 to 2025-01-01","2015-01-01; 2016-01-01; 2017-01-01; 2018-01-01; 2019-01-01; 2020-01-01; 2021-01-01; 2022-01-01; 2023-01-01; 2024-01-01; 2025-01-01","matched PLIDA variable metadata","The day the record on this row starts applying. The DSS registry defines it as ""The date on which a reporting period relating to an event c…","madipge-dom-monthly-d-base | madipge-dom-monthly-d-disability-carers | madipge-dom-monthly-d-een-abstudy-hist | ... (34 products)","","",""
"dss","DOMINO","madipge-dom-monthly-d-base--hh-hse-dtls","SYNTHETIC_AEUID","character",217,0,0,217,"F72250000001=1; F72250000002=1; F72250000007=1; F7225000000A=1; F7225000000D=1; F7225000000E=1; F72250000010=1; F72250000011=1","","matched PLIDA variable metadata","The person key every DOMINO table is joined on, described by DSS as ""A synthetic numeric sequence of characters used for the purposes of id…","madipge-dom-monthly-d-base | madipge-dom-monthly-d-disability-carers | madipge-dom-monthly-d-een-abstudy-hist | ... (35 products)","","",""
"dss","DOMINO","madipge-dom-monthly-d-base--inc-emp-cont","AVG_IND","character",59,0,0,2,"N=52; Y=7","N; Y","matched PLIDA variable metadata","Whether the employment income on this row was averaged rather than reported for the days it was actually earned. DSS gives the column as a …","madipge-dom-monthly-d-base","","",""
"dss","DOMINO","madipge-dom-monthly-d-base--inc-emp-cont","EMP_DLY_INC_CONT","numeric",59,0,0,59,"39.680 / 81.735 / 111.520 / 154.625 / 505.350","","matched PLIDA variable metadata","The daily earnings Centrelink derived from a person's continuous employment for the period on the row, defined by DSS as the ""Daily earning…","madipge-dom-monthly-d-base","","",""
"dss","DOMINO","madipge-dom-monthly-d-base--inc-emp-cont","EMP_INC_CONT","numeric",59,0,0,59,"555.52 / 1144.29 / 1561.28 / 2164.75 / 7074.90","","matched PLIDA variable metadata","The earnings from continuous employment the person themselves reported to Centrelink, which DSS defines as the ""Earnings amount from contin…","madipge-dom-monthly-d-base","","",""
"dss","DOMINO","madipge-dom-monthly-d-base--inc-emp-cont","EMP_INC_CONT_HRS","integer",59,0,0,27,"6.0 / 13.5 / 18.0 / 26.0 / 40.0","","matched PLIDA variable metadata","The hours the person reported working in regular employment for the reporting fortnight, which DSS defines as the ""Hours worked in continuo…","madipge-dom-monthly-d-base","","",""
"dss","DOMINO","madipge-dom-monthly-d-base--inc-emp-cont","EMPLYR_ID","character",59,0,0,59,"E02152548=1; E03990362=1; E04505209=1; E07849158=1; E07853014=1; E11694704=1; E11896221=1; E12098666=1","","matched PLIDA variable metadata","A sequence number telling one of a person's employers from another within their own DOMINO record. DSS defines it as an ""Employer identifie…","madipge-dom-monthly-d-base | madipge-dom-monthly-d-inc-cdep | madipge-dom-monthly-d-inc-cdep-other","","",""
"dss","DOMINO","madipge-dom-monthly-d-base--inc-emp-cont","FREQ_CODE","character",59,0,0,1,"2WE=59","2WE","matched PLIDA variable metadata","How often the employment income on this row was paid. DSS defines the element as the ""Payment frequency of employment income"", and it is th…","madipge-dom-monthly-d-base","","",""
"dss","DOMINO","madipge-dom-monthly-d-base--inc-emp-cont","PERIOD_END_DATE","Date",59,0,0,9,"2017-12-31 to 2025-12-31","2017-12-31; 2018-12-31; 2019-12-31; 2020-12-31; 2021-12-31; 2022-12-31; 2023-12-31; 2024-12-31; 2025-12-31","matched PLIDA variable metadata","The day the record on this row stops applying, closing an episode that PERIOD_START_DATE opened. The DSS registry defines it as ""The date o…","madipge-dom-monthly-d-base | madipge-dom-monthly-d-disability-carers | madipge-dom-monthly-d-een-abstudy-hist | ... (34 products)","","",""
"dss","DOMINO","madipge-dom-monthly-d-base--inc-emp-cont","PERIOD_START_DATE","Date",59,0,0,8,"2015-01-01 to 2023-01-01","2015-01-01; 2016-01-01; 2017-01-01; 2018-01-01; 2020-01-01; 2021-01-01; 2022-01-01; 2023-01-01","matched PLIDA variable metadata","The day the record on this row starts applying. The DSS registry defines it as ""The date on which a reporting period relating to an event c…","madipge-dom-monthly-d-base | madipge-dom-monthly-d-disability-carers | madipge-dom-monthly-d-een-abstudy-hist | ... (34 products)","","",""
"dss","DOMINO","madipge-dom-monthly-d-base--inc-emp-cont","SYNTHETIC_AEUID","character",59,0,0,59,"F72250000007=1; F7225000000E=1; F72250000010=1; F72250000011=1; F7225000001A=1; F7225000001B=1; F72250000028=1; F72250000031=1","","matched PLIDA variable metadata","The person key every DOMINO table is joined on, described by DSS as ""A synthetic numeric sequence of characters used for the purposes of id…","madipge-dom-monthly-d-base | madipge-dom-monthly-d-disability-carers | madipge-dom-monthly-d-een-abstudy-hist | ... (35 products)","","",""
"dss","DOMINO","madipge-dom-monthly-d-base--loc-dtls","ADDR_PRTY","integer",217,0,0,1,"1 / 1 / 1 / 1 / 1","1","matched PLIDA variable metadata","Which of a recipient's concurrently held addresses should be treated as their location on a given day. DSS defines it as a ""Derived code hi…","madipge-dom-monthly-d-base | madipge-dom-monthly-d-loc-pos-temp-term-dtls","","",""
"dss","DOMINO","madipge-dom-monthly-d-base--loc-dtls","ADDR_TYPE_CODE","character",217,0,0,1,"HOM=217","HOM","matched PLIDA variable metadata","What kind of address the recipient supplied on this address detail record — home, postal, temporary, term, business or a nominee's. DSS def…","madipge-dom-monthly-d-base | madipge-dom-monthly-d-loc-pos-temp-term-dtls","","",""
"dss","DOMINO","madipge-dom-monthly-d-base--loc-dtls","CMTY_CODE","character",217,217,100,0,"","","matched PLIDA variable metadata","A four-character Centrelink code for the named community an address belongs to, where the address falls in one. DSS defines the element as …","madipge-dom-monthly-d-base | madipge-dom-monthly-d-loc-pos-temp-term-dtls","","",""
"dss","DOMINO","madipge-dom-monthly-d-base--loc-dtls","CTRY_CODE","character",217,0,0,1,"1101=217","1101","matched PLIDA variable metadata","The country of an address held for the recipient on the raw location detail table, defined by DSS as ""The country of usual residence of a p…","madipge-dom-monthly-d-base | madipge-dom-monthly-d-loc-pos-temp-term-dtls","","",""
"dss","DOMINO","madipge-dom-monthly-d-base--loc-dtls","MESHBLOCK","character",217,0,0,160,"NA=22; 20454080000=3; 20498660000=3; 10346180000=2; 10384350000=2; 10561520000=2; 10585042000=2; 10682890000=2","","matched PLIDA variable metadata","The mesh block the address Centrelink held for the person fell in, one row per address period on the location details table. The DSS regist…","madipge-dom-monthly-d-base | madipge-dom-monthly-d-loc-pos-temp-term-dtls","","",""
"dss","DOMINO","madipge-dom-monthly-d-base--loc-dtls","MESHMATCH","character",217,0,0,2,"ADDR=194; COORDS=23","ADDR; COORDS","matched PLIDA variable metadata","Says how the mesh block on the same row was derived: from the address text, or from the coordinates behind it. The DSS registry defines it …","madipge-dom-monthly-d-base | madipge-dom-monthly-d-loc-pos-temp-term-dtls","","",""
"dss","DOMINO","madipge-dom-monthly-d-base--loc-dtls","PERIOD_END_DATE","Date",217,0,0,10,"2016-12-31 to 2025-12-31","2016-12-31; 2017-12-31; 2018-12-31; 2019-12-31; 2020-12-31; 2021-12-31; 2022-12-31; 2023-12-31; 2024-12-31; 2025-12-31","matched PLIDA variable metadata","The day the record on this row stops applying, closing an episode that PERIOD_START_DATE opened. The DSS registry defines it as ""The date o…","madipge-dom-monthly-d-base | madipge-dom-monthly-d-disability-carers | madipge-dom-monthly-d-een-abstudy-hist | ... (34 products)","","",""
"dss","DOMINO","madipge-dom-monthly-d-base--loc-dtls","PERIOD_START_DATE","Date",217,0,0,11,"2015-01-01 to 2025-01-01","2015-01-01; 2016-01-01; 2017-01-01; 2018-01-01; 2019-01-01; 2020-01-01; 2021-01-01; 2022-01-01; 2023-01-01; 2024-01-01; 2025-01-01","matched PLIDA variable metadata","The day the record on this row starts applying. The DSS registry defines it as ""The date on which a reporting period relating to an event c…","madipge-dom-monthly-d-base | madipge-dom-monthly-d-disability-carers | madipge-dom-monthly-d-een-abstudy-hist | ... (34 products)","","",""
"dss","DOMINO","madipge-dom-monthly-d-base--loc-dtls","POSTCODE","character",217,0,0,214,"2084=2; 2631=2; 3822=2; 0868=1; 2014=1; 2051=1; 2107=1; 2113=1","","matched PLIDA variable metadata","The postcode of the address Centrelink held for the person during this period. The DSS registry defines it as ""The Australian numeric descr…","madipge-dom-monthly-d-base | madipge-dom-monthly-d-loc-pos-temp-term-dtls","","",""
"dss","DOMINO","madipge-dom-monthly-d-base--loc-dtls","RMT_IND","character",217,0,0,2,"N=181; Y=36","N; Y","matched PLIDA variable metadata","Says whether the address held for the person during this period was in a remote area. The DSS registry defines it as an indicator of ""wheth…","madipge-dom-monthly-d-base | madipge-dom-monthly-d-loc-pos-temp-term-dtls","","",""
"dss","DOMINO","madipge-dom-monthly-d-base--loc-dtls","SA1_MAINCODE","character",217,0,0,160,"NA=22; 21001153314=3; 21402159210=3; 10104102019=2; 10704114506=2; 10704115038=2; 10804116225=2; 12104141401=2","","matched PLIDA variable metadata","The SA1 of the address held for the person during this period, on the location details table. The ABS designs SA1s ""to maximise the geograp…","madipge-dom-monthly-d-base | madipge-dom-monthly-d-loc-pos-temp-term-dtls","","",""
"dss","DOMINO","madipge-dom-monthly-d-base--loc-dtls","SA2_MAINCODE","character",217,0,0,160,"101041020=3; 108041162=3; 112021245=3; 205051103=3; 210011533=3; 214021592=3; 306021149=3; 307011177=3","","matched PLIDA variable metadata","The SA2 of the address held for the person during this period, on the location details table. The registry defines SA2s as ""medium-sized ge…","madipge-dom-monthly-d-base | madipge-dom-monthly-d-loc-pos-temp-term-dtls","","",""
"dss","DOMINO","madipge-dom-monthly-d-base--loc-dtls","STATE","character",217,0,0,8,"NSW=69; VIC=54; QLD=45; WA=24; SA=16; ACT=4; TAS=4; NT=1","ACT; NSW; NT; QLD; SA; TAS; VIC; WA","matched PLIDA variable metadata","The state or territory of the address held for the person, defined by DSS as ""The state or territory of an address, as represented by a cod…","madipge-dom-monthly-d-base | madipge-dom-monthly-d-loc-pos-temp-term-dtls","","",""
"dss","DOMINO","madipge-dom-monthly-d-base--loc-dtls","SYNTHETIC_AEUID","character",217,0,0,217,"F72250000001=1; F72250000002=1; F72250000007=1; F7225000000A=1; F7225000000D=1; F7225000000E=1; F72250000010=1; F72250000011=1","","matched PLIDA variable metadata","The person key every DOMINO table is joined on, described by DSS as ""A synthetic numeric sequence of characters used for the purposes of id…","madipge-dom-monthly-d-base | madipge-dom-monthly-d-disability-carers | madipge-dom-monthly-d-een-abstudy-hist | ... (35 products)","","",""
"dss","DOMINO","madipge-dom-monthly-d-base--static-demogs","AGE","integer",217,0,0,75,"15 / 30 / 48 / 67 / 102","","matched PLIDA variable metadata","A recipient's age in completed years, fixed at a reference date rather than measured at the event on the row. Which reference date depends …","madipge-dom-monthly-d-base","","",""
"dss","DOMINO","madipge-dom-monthly-d-base--static-demogs","BIRTH_CTRY_CODE","integer",217,0,0,18,"1101 / 1101 / 1101 / 2102 / 9225","1101; 1201; 1402; 1511; 2102; 2105; 2304; 3104; 3207; 5105; 5203; 5204; 6101; 7103; 7106; 7107; 8414; 9225","matched PLIDA variable metadata","The recipient's country of birth as Centrelink holds it, defined by DSS as ""The country in which the person was born, as represented by a c…","madipge-dom-monthly-d-base","","",""
"dss","DOMINO","madipge-dom-monthly-d-base--static-demogs","DEATH_IND","character",217,0,0,2,"N=200; Y=17","N; Y","matched PLIDA variable metadata","Flags that Centrelink's records show the recipient as deceased, defined by DSS in plain terms as ""The indicator represents the death of a p…","madipge-dom-monthly-d-base","","",""
"dss","DOMINO","madipge-dom-monthly-d-base--static-demogs","GENDER","character",217,0,0,2,"F=117; M=100","F; M","matched PLIDA variable metadata","The person's sex or gender as Centrelink records it, coded differently in the two DOMINO tables that carry the column. On static_demogs the…","madipge-dom-monthly-d-base","","",""
"dss","DOMINO","madipge-dom-monthly-d-base--static-demogs","INTERPRETER_IND","character",217,0,0,2,"N=213; Y=4","N; Y","matched PLIDA variable metadata","Whether Centrelink recorded that the person needs an interpreter to deal with the agency, which DSS defines as ""The code that indicates whe…","madipge-dom-monthly-d-base","","",""
"dss","DOMINO","madipge-dom-monthly-d-base--static-demogs","LANG_CODE","character",217,0,0,5,"1201=177; 6513=12; 4202=10; 9200=10; 3503=8","1201; 3503; 4202; 6513; 9200","matched PLIDA variable metadata","The language the person prefers to speak, as recorded by Centrelink through the interpreter process. The DSS registry defines the field as …","madipge-dom-monthly-d-base","","",""
"dss","DOMINO","madipge-dom-monthly-d-base--static-demogs","MONTH_OF_BIRTH","integer",217,0,0,12,"1 / 4 / 6 / 9 / 12","1; 10; 11; 12; 2; 3; 4; 5; 6; 7; 8; 9","matched PLIDA variable metadata","The month the person was born, held separately from YEAR_OF_BIRTH because the PLIDA release of DOMINO carries no full date of birth. The de…","madipge-dom-monthly-d-base","","",""
"dss","DOMINO","madipge-dom-monthly-d-base--static-demogs","MONTH_OF_DEATH","integer",217,200,92.1659,9,"2 / 6 / 10 / 11 / 12","10; 11; 12; 2; 3; 5; 6; 8; 9","no PLIDA metadata match by dataset+variable","","","","",""
"dss","DOMINO","madipge-dom-monthly-d-base--static-demogs","OBJECT_TYPE_CODE","character",217,0,0,1,"PER=217","PER","matched PLIDA variable metadata","Says what kind of entity the demographic record describes: a person, a child, or an organisation. The DSS registry defines the column as co…","madipge-dom-monthly-d-base","","",""
"dss","DOMINO","madipge-dom-monthly-d-base--static-demogs","PEN_BLIND_START_DATE","Date",217,217,100,0,"","","matched PLIDA variable metadata","The date a person's blindness was diagnosed, which is the qualifying date for the blind rate of Age Pension or Disability Support Pension. …","madipge-dom-monthly-d-base","","",""
"dss","DOMINO","madipge-dom-monthly-d-base--static-demogs","SYNTHETIC_AEUID","character",217,0,0,217,"F72250000001=1; F72250000002=1; F72250000007=1; F7225000000A=1; F7225000000D=1; F7225000000E=1; F72250000010=1; F72250000011=1","","matched PLIDA variable metadata","The person key every DOMINO table is joined on, described by DSS as ""A synthetic numeric sequence of characters used for the purposes of id…","madipge-dom-monthly-d-base | madipge-dom-monthly-d-disability-carers | madipge-dom-monthly-d-een-abstudy-hist | ... (35 products)","","",""
"dss","DOMINO","madipge-dom-monthly-d-base--static-demogs","YEAR_OF_BIRTH","integer",217,0,0,75,"1922 / 1957 / 1976 / 1994 / 2009","","matched PLIDA variable metadata","The year a person was born, which DSS defines simply as ""The client's year of birth"" and derives as the year part of the recorded date of b…","madipge-dom-monthly-d-base","","",""
"dss","DOMINO","madipge-dom-monthly-d-base--static-demogs","YEAR_OF_DEATH","integer",217,200,92.1659,11,"2007 / 2009 / 2015 / 2021 / 2023","2007; 2008; 2009; 2010; 2011; 2015; 2018; 2020; 2021; 2022; 2023","no PLIDA metadata match by dataset+variable","","","","",""
"dss","DOMINO","madipge-dom-monthly-d-disability-carers--mcd-dtls","ACTV_PRTCPN_CODE","character",5,0,0,3,"N=2; Y=2; NR=1","N; NR; Y","matched PLIDA variable metadata","A flag on a medical or capacity assessment record for whether activity participation requirements applied to the recipient. DSS defines the…","madipge-dom-monthly-d-disability-carers | madipge-dom-monthly-d-working-age","","",""
"dss","DOMINO","madipge-dom-monthly-d-disability-carers--mcd-dtls","AMR","character",5,0,0,5,"R063263=1; R155818=1; R371870=1; R791857=1; R862807=1","R063263; R155818; R371870; R791857; R862807","matched PLIDA variable metadata","The Centrelink work item that created or changed this medical conditions record. DSS defines it as a ""Unique number/code allocated by Integ…","madipge-dom-monthly-d-disability-carers | madipge-dom-monthly-d-working-age","","",""
"dss","DOMINO","madipge-dom-monthly-d-disability-carers--mcd-dtls","ASSMT_ID","character",5,0,0,4,"A00000001=2; A00000002=1; A00000003=1; A00000004=1","A00000001; A00000002; A00000003; A00000004","matched PLIDA variable metadata","The medical assessment a recorded condition came from, described by DSS as ""An assessment ID that links a medical condition to medical asse…","madipge-dom-monthly-d-disability-carers | madipge-dom-monthly-d-working-age","","",""
"dss","DOMINO","madipge-dom-monthly-d-disability-carers--mcd-dtls","CHNL","character",5,0,0,5,"CNI=1; CNV=1; CSO=1; SAM=1; WEB=1","CNI; CNV; CSO; SAM; WEB","matched PLIDA variable metadata","Which channel supplied the medical or capacity assessment information on this row. DSS defines the element as being ""to code which channel …","madipge-dom-monthly-d-disability-carers | madipge-dom-monthly-d-working-age","","",""
"dss","DOMINO","madipge-dom-monthly-d-disability-carers--mcd-dtls","CURR_CAPCTY_NUM","integer",5,0,0,5,"0 / 1 / 2 / 6 / 28","0; 1; 2; 28; 6","matched PLIDA variable metadata","How many hours a week the recipient is currently assessed as able to work, which DSS defines as ""The number of current capacity in hours a …","madipge-dom-monthly-d-disability-carers | madipge-dom-monthly-d-working-age","","",""
"dss","DOMINO","madipge-dom-monthly-d-disability-carers--mcd-dtls","IMPRMT_CODE","integer",5,0,0,5,"5 / 15 / 25 / 30 / 45","15; 25; 30; 45; 5","matched PLIDA variable metadata","The impairment rating given to a medical condition at a Disability Support Pension assessment. DSS defines it as ""The code that represents …","madipge-dom-monthly-d-disability-carers | madipge-dom-monthly-d-working-age","","",""
"dss","DOMINO","madipge-dom-monthly-d-disability-carers--mcd-dtls","IMPRMT_RATE","integer",5,0,0,5,"5 / 15 / 25 / 30 / 45","15; 25; 30; 45; 5","matched PLIDA variable metadata","The total impairment rating assigned to a person's medical conditions at a work capacity assessment, which DSS defines as ""the impairment r…","madipge-dom-monthly-d-disability-carers | madipge-dom-monthly-d-working-age","","",""
"dss","DOMINO","madipge-dom-monthly-d-disability-carers--mcd-dtls","IMPRMT_VER_DATE","Date",5,0,0,5,"2016-12-22 to 2021-07-31","2016-12-22; 2017-02-17; 2018-11-25; 2021-03-30; 2021-07-31","matched PLIDA variable metadata","The day the version of the impairment assessment on this row became current, which DSS defines as ""The particular day on which the record o…","madipge-dom-monthly-d-disability-carers | madipge-dom-monthly-d-working-age","","",""
"dss","DOMINO","madipge-dom-monthly-d-disability-carers--mcd-dtls","INCAP_END","Date",5,1,20,4,"2018-09-22 to 2023-06-09","2018-09-22; 2020-05-01; 2022-05-21; 2023-06-09","matched PLIDA variable metadata","The day a certified period of temporary incapacity ended, which DSS defines as ""The date on which a period of incapacity relating to a reci…","madipge-dom-monthly-d-disability-carers | madipge-dom-monthly-d-working-age","","",""
"dss","DOMINO","madipge-dom-monthly-d-disability-carers--mcd-dtls","INCAP_EXEMPT","character",5,0,0,1,"N=5","N","matched PLIDA variable metadata","Whether the person was granted an exemption from mutual obligation requirements on the ground of incapacity, which DSS defines as an indica…","madipge-dom-monthly-d-disability-carers | madipge-dom-monthly-d-working-age","","",""
"dss","DOMINO","madipge-dom-monthly-d-disability-carers--mcd-dtls","INCAP_START","Date",5,0,0,5,"2017-01-07 to 2021-08-12","2017-01-07; 2017-02-14; 2018-12-02; 2021-04-12; 2021-08-12","matched PLIDA variable metadata","The day a certified period of temporary incapacity began, which DSS defines as ""The date on which a period of incapacity relating to a reci…","madipge-dom-monthly-d-disability-carers | madipge-dom-monthly-d-working-age","","",""
"dss","DOMINO","madipge-dom-monthly-d-disability-carers--mcd-dtls","INCAP_WK_WRK_HRS","integer",5,0,0,3,"0 / 0 / 0 / 1 / 28","0; 1; 28","matched PLIDA variable metadata","The weekly hours the certifying doctor considered the person still able to work during a period of incapacity, which DSS defines as ""The nu…","madipge-dom-monthly-d-disability-carers | madipge-dom-monthly-d-working-age","","",""
"dss","DOMINO","madipge-dom-monthly-d-disability-carers--mcd-dtls","MAN_CODE","character",5,4,80,1,"MWL=1","MWL","matched PLIDA variable metadata","The ground on which Disability Support Pension was granted without a full impairment assessment. DSS defines the element as ""A code describ…","madipge-dom-monthly-d-disability-carers | madipge-dom-monthly-d-working-age","","",""
"dss","DOMINO","madipge-dom-monthly-d-disability-carers--mcd-dtls","MED_PRMY_GRP","character",5,0,0,4,"PSY=2; ABI=1; INT=1; RES=1","ABI; INT; PSY; RES","matched PLIDA variable metadata","The broad group of the main medical condition recorded at a Disability Support Pension medical assessment. DSS defines the element as ""A re…","madipge-dom-monthly-d-disability-carers | madipge-dom-monthly-d-working-age","","",""
"dss","DOMINO","madipge-dom-monthly-d-disability-carers--mcd-dtls","MED_SCNDRY_GRP","character",5,2,40,3,"EIS=1; PSY=1; RES=1","EIS; PSY; RES","matched PLIDA variable metadata","The condition group for a second medical condition recorded at the same assessment as MED_PRMY_GRP. DSS defines it as ""A recipient's second…","madipge-dom-monthly-d-disability-carers | madipge-dom-monthly-d-working-age","","",""
"dss","DOMINO","madipge-dom-monthly-d-disability-carers--mcd-dtls","MED_SCNDRY_ID","character",5,2,40,3,"S4150=1; S4681=1; S6635=1","S4150; S4681; S6635","matched PLIDA variable metadata","Links a secondary medical condition record to the earlier record it replaced, so the condition history reads as a sequence of corrections r…","madipge-dom-monthly-d-disability-carers | madipge-dom-monthly-d-working-age","","",""
"dss","DOMINO","madipge-dom-monthly-d-disability-carers--mcd-dtls","MED_SCNDRY_PERM","character",5,2,40,2,"Y=2; N=1","N; Y","matched PLIDA variable metadata","Records how lasting the medical condition on this row was judged to be, which is the assessment that decides whether a condition can suppor…","madipge-dom-monthly-d-disability-carers | madipge-dom-monthly-d-working-age","","",""
"dss","DOMINO","madipge-dom-monthly-d-disability-carers--mcd-dtls","PERIOD_END_DATE","Date",5,0,0,5,"2017-08-27 to 2022-01-02","2017-08-27; 2017-12-25; 2019-09-06; 2021-06-21; 2022-01-02","matched PLIDA variable metadata","The day the record on this row stops applying, closing an episode that PERIOD_START_DATE opened. The DSS registry defines it as ""The date o…","madipge-dom-monthly-d-base | madipge-dom-monthly-d-disability-carers | madipge-dom-monthly-d-een-abstudy-hist | ... (34 products)","","",""
"dss","DOMINO","madipge-dom-monthly-d-disability-carers--mcd-dtls","PERIOD_START_DATE","Date",5,0,0,5,"2016-12-15 to 2021-07-29","2016-12-15; 2017-02-06; 2018-11-14; 2021-03-22; 2021-07-29","matched PLIDA variable metadata","The day the record on this row starts applying. The DSS registry defines it as ""The date on which a reporting period relating to an event c…","madipge-dom-monthly-d-base | madipge-dom-monthly-d-disability-carers | madipge-dom-monthly-d-een-abstudy-hist | ... (34 products)","","",""
"dss","DOMINO","madipge-dom-monthly-d-disability-carers--mcd-dtls","RFRL_RSN_CODE","character",5,0,0,5,"DSPNCP=1; DSPRP=1; EXCIR=1; NSAYAA=1; PSPDR=1","DSPNCP; DSPRP; EXCIR; NSAYAA; PSPDR","matched PLIDA variable metadata","Why the person was referred for the medical assessment this mcd_dtls row records. DSS defines the element as the ""Referral reason for a med…","madipge-dom-monthly-d-disability-carers | madipge-dom-monthly-d-working-age","","",""
"dss","DOMINO","madipge-dom-monthly-d-disability-carers--mcd-dtls","SYNTHETIC_AEUID","character",5,0,0,5,"F72250000010=1; F72250000031=1; F72250000081=1; F722500000A9=1; F72250000175=1","F72250000010; F72250000031; F72250000081; F722500000A9; F72250000175","matched PLIDA variable metadata","The person key every DOMINO table is joined on, described by DSS as ""A synthetic numeric sequence of characters used for the purposes of id…","madipge-dom-monthly-d-base | madipge-dom-monthly-d-disability-carers | madipge-dom-monthly-d-een-abstudy-hist | ... (35 products)","","",""
"dss","DOMINO","madipge-dom-monthly-d-disability-carers--mcd-dtls","TEMP_LMT_CAP_END_DATE","Date",5,4,80,1,"2017-10-30 to 2017-10-30","2017-10-30","matched PLIDA variable metadata","The day a period of temporarily limited work capacity closes on a medical assessment, defined by DSS as ""The date on which a period of temp…","madipge-dom-monthly-d-disability-carers | madipge-dom-monthly-d-working-age","","",""
"dss","DOMINO","madipge-dom-monthly-d-disability-carers--mcd-dtls","TEMP_LMT_CAP_START_DATE","Date",5,4,80,1,"2017-03-29 to 2017-03-29","2017-03-29","matched PLIDA variable metadata","The day a period of temporarily limited work capacity opens on a medical assessment, defined by DSS as ""The date on which a period of tempo…","madipge-dom-monthly-d-disability-carers | madipge-dom-monthly-d-working-age","","",""
"dss","DOMINO","madipge-dom-monthly-d-disability-carers--mcd-dtls","TEMP_REDN_CAP_END_DATE","Date",5,4,80,1,"2017-10-30 to 2017-10-30","2017-10-30","matched PLIDA variable metadata","The day a period of temporarily reduced working hours closes on a medical assessment, defined by DSS as ""The date on which a period of temp…","madipge-dom-monthly-d-disability-carers | madipge-dom-monthly-d-working-age","","",""
"dss","DOMINO","madipge-dom-monthly-d-disability-carers--mcd-dtls","TEMP_REDN_CAP_HRS_NUM","integer",5,4,80,1,"9 / 9 / 9 / 9 / 9","9","matched PLIDA variable metadata","How many weekly hours an assessment took off a person's work capacity for a temporary period, defined by DSS as ""The number of reduction in…","madipge-dom-monthly-d-disability-carers | madipge-dom-monthly-d-working-age","","",""
"dss","DOMINO","madipge-dom-monthly-d-disability-carers--mcd-dtls","WITH_INTRVN_NUM","integer",5,0,0,5,"1 / 6 / 7 / 10 / 31","1; 10; 31; 6; 7","matched PLIDA variable metadata","The weekly hours an assessor judged a person could work if support were provided, defined by DSS as ""The number of current capacity in hour…","madipge-dom-monthly-d-disability-carers | madipge-dom-monthly-d-working-age","","",""
"dss","DOMINO","madipge-dom-monthly-d-disability-carers--pyh-combined-dis","BEN_TYPE","character",6,0,0,2,"DSP=5; CDA=1","CDA; DSP","matched PLIDA variable metadata","Which income support payment the row belongs to, as a three-letter Centrelink benefit code. DSS defines the element as ""The type of Austral…","madipge-dom-monthly-d-base | madipge-dom-monthly-d-disability-carers | madipge-dom-monthly-d-een-abstudy-hist | ... (26 products)","","",""
"dss","DOMINO","madipge-dom-monthly-d-disability-carers--pyh-combined-dis","CMPNT_DLY_AMT","numeric",6,0,0,6,"7.6000 / 55.5850 / 56.8500 / 60.4775 / 62.6600","55.47; 55.93; 57.77; 61.38; 62.66; 7.6","matched PLIDA variable metadata","The daily dollar value of one component of a payment, which is the unit DOMINO records payments in: DSS defines it as ""The amount of a comp…","madipge-dom-monthly-d-disability-carers | madipge-dom-monthly-d-een-abstudy-hist | madipge-dom-monthly-d-een-aic-hist | ... (25 products)","","",""
"dss","DOMINO","madipge-dom-monthly-d-disability-carers--pyh-combined-dis","CMPNT_ID","character",6,0,0,6,"C00000007=1; C00000019=1; C00000051=1; C00000052=1; C00000068=1; C00000101=1","C00000007; C00000019; C00000051; C00000052; C00000068; C00000101","matched PLIDA variable metadata","Identifies the individual item being paid within a payment component, and it is what holds a payment record together: DSS defines it as ""Th…","madipge-dom-monthly-d-disability-carers | madipge-dom-monthly-d-families-children | madipge-dom-monthly-d-older-students | ... (21 products)","","",""
"dss","DOMINO","madipge-dom-monthly-d-disability-carers--pyh-combined-dis","CMPNT_TYPE","character",6,0,0,1,"BASIC=6","BASIC","matched PLIDA variable metadata","Which component of a payment the amount on this row represents — the basic rate, rent assistance, a supplement or an add-on. DSS defines th…","madipge-dom-monthly-d-disability-carers | madipge-dom-monthly-d-een-abstudy-hist | madipge-dom-monthly-d-een-aic-hist | ... (25 products)","","",""
"dss","DOMINO","madipge-dom-monthly-d-disability-carers--pyh-combined-dis","PERIOD_END_DATE","Date",6,2,33.3333,4,"2019-05-29 to 2025-09-25","2019-05-29; 2024-10-20; 2025-01-09; 2025-09-25","matched PLIDA variable metadata","The day the record on this row stops applying, closing an episode that PERIOD_START_DATE opened. The DSS registry defines it as ""The date o…","madipge-dom-monthly-d-base | madipge-dom-monthly-d-disability-carers | madipge-dom-monthly-d-een-abstudy-hist | ... (34 products)","","",""
"dss","DOMINO","madipge-dom-monthly-d-disability-carers--pyh-combined-dis","PERIOD_START_DATE","Date",6,0,0,6,"2015-07-10 to 2022-01-11","2015-07-10; 2017-03-11; 2017-04-20; 2018-11-17; 2021-07-10; 2022-01-11","matched PLIDA variable metadata","The day the record on this row starts applying. The DSS registry defines it as ""The date on which a reporting period relating to an event c…","madipge-dom-monthly-d-base | madipge-dom-monthly-d-disability-carers | madipge-dom-monthly-d-een-abstudy-hist | ... (34 products)","","",""
"dss","DOMINO","madipge-dom-monthly-d-disability-carers--pyh-combined-dis","PYH_SOURCE","character",6,0,0,1,"CLK=6","CLK","matched PLIDA variable metadata","Says how the payment component on this row arose: as a regular recurring payment, as a one-off, or as an amount paid through a third party.…","madipge-dom-monthly-d-disability-carers | madipge-dom-monthly-d-families-children | madipge-dom-monthly-d-older-students | ... (20 products)","","",""
"dss","DOMINO","madipge-dom-monthly-d-disability-carers--pyh-combined-dis","SYNTHETIC_AEUID","character",6,0,0,6,"F72250000010=1; F72250000031=1; F72250000081=1; F722500000A9=1; F72250000175=1; F722500001E7=1","F72250000010; F72250000031; F72250000081; F722500000A9; F72250000175; F722500001E7","matched PLIDA variable metadata","The person key every DOMINO table is joined on, described by DSS as ""A synthetic numeric sequence of characters used for the purposes of id…","madipge-dom-monthly-d-base | madipge-dom-monthly-d-disability-carers | madipge-dom-monthly-d-een-abstudy-hist | ... (35 products)","","",""
"dss","DOMINO","madipge-dom-monthly-d-families-children--pyh-combined-fam","BEN_TYPE","character",7,0,0,1,"FTB=7","FTB","matched PLIDA variable metadata","Which income support payment the row belongs to, as a three-letter Centrelink benefit code. DSS defines the element as ""The type of Austral…","madipge-dom-monthly-d-base | madipge-dom-monthly-d-disability-carers | madipge-dom-monthly-d-een-abstudy-hist | ... (26 products)","","",""
"dss","DOMINO","madipge-dom-monthly-d-families-children--pyh-combined-fam","CMPNT_DLY_AMT","numeric",7,0,0,6,"10.900 / 11.275 / 11.600 / 11.705 / 11.780","10.9; 11.24; 11.31; 11.6; 11.63; 11.78","matched PLIDA variable metadata","The daily dollar value of one component of a payment, which is the unit DOMINO records payments in: DSS defines it as ""The amount of a comp…","madipge-dom-monthly-d-disability-carers | madipge-dom-monthly-d-een-abstudy-hist | madipge-dom-monthly-d-een-aic-hist | ... (25 products)","","",""
"dss","DOMINO","madipge-dom-monthly-d-families-children--pyh-combined-fam","CMPNT_ID","character",7,0,0,7,"C00000009=1; C00000031=1; C00000044=1; C00000054=1; C00000063=1; C00000075=1; C00000094=1","C00000009; C00000031; C00000044; C00000054; C00000063; C00000075; C00000094","matched PLIDA variable metadata","Identifies the individual item being paid within a payment component, and it is what holds a payment record together: DSS defines it as ""Th…","madipge-dom-monthly-d-disability-carers | madipge-dom-monthly-d-families-children | madipge-dom-monthly-d-older-students | ... (21 products)","","",""
"dss","DOMINO","madipge-dom-monthly-d-families-children--pyh-combined-fam","CMPNT_TYPE","character",7,0,0,1,"BASIC=7","BASIC","matched PLIDA variable metadata","Which component of a payment the amount on this row represents — the basic rate, rent assistance, a supplement or an add-on. DSS defines th…","madipge-dom-monthly-d-disability-carers | madipge-dom-monthly-d-een-abstudy-hist | madipge-dom-monthly-d-een-aic-hist | ... (25 products)","","",""
"dss","DOMINO","madipge-dom-monthly-d-families-children--pyh-combined-fam","PERIOD_END_DATE","Date",7,4,57.1429,3,"2019-02-15 to 2022-10-01","2019-02-15; 2020-08-11; 2022-10-01","matched PLIDA variable metadata","The day the record on this row stops applying, closing an episode that PERIOD_START_DATE opened. The DSS registry defines it as ""The date o…","madipge-dom-monthly-d-base | madipge-dom-monthly-d-disability-carers | madipge-dom-monthly-d-een-abstudy-hist | ... (34 products)","","",""
"dss","DOMINO","madipge-dom-monthly-d-families-children--pyh-combined-fam","PERIOD_START_DATE","Date",7,0,0,7,"2015-07-05 to 2018-12-15","2015-07-05; 2015-09-11; 2015-10-02; 2017-02-17; 2017-02-18; 2018-02-08; 2018-12-15","matched PLIDA variable metadata","The day the record on this row starts applying. The DSS registry defines it as ""The date on which a reporting period relating to an event c…","madipge-dom-monthly-d-base | madipge-dom-monthly-d-disability-carers | madipge-dom-monthly-d-een-abstudy-hist | ... (34 products)","","",""
"dss","DOMINO","madipge-dom-monthly-d-families-children--pyh-combined-fam","PYH_SOURCE","character",7,0,0,1,"CLK=7","CLK","matched PLIDA variable metadata","Says how the payment component on this row arose: as a regular recurring payment, as a one-off, or as an amount paid through a third party.…","madipge-dom-monthly-d-disability-carers | madipge-dom-monthly-d-families-children | madipge-dom-monthly-d-older-students | ... (20 products)","","",""
"dss","DOMINO","madipge-dom-monthly-d-families-children--pyh-combined-fam","SYNTHETIC_AEUID","character",7,0,0,7,"F72250000066=1; F72250000086=1; F722500000BB=1; F722500000ED=1; F7225000010A=1; F7225000013E=1; F7225000018A=1","F72250000066; F72250000086; F722500000BB; F722500000ED; F7225000010A; F7225000013E; F7225000018A","matched PLIDA variable metadata","The person key every DOMINO table is joined on, described by DSS as ""A synthetic numeric sequence of characters used for the purposes of id…","madipge-dom-monthly-d-base | madipge-dom-monthly-d-disability-carers | madipge-dom-monthly-d-een-abstudy-hist | ... (35 products)","","",""
"dss","DOMINO","madipge-dom-monthly-d-indg-stat--indg-stat","INDIG_CODE","character",217,0,0,2,"N=210; Y=7","N; Y","matched PLIDA variable metadata","Whether the person identified as Aboriginal, Torres Strait Islander or South Sea Islander in their dealings with Centrelink, defined by DSS…","madipge-dom-monthly-d-indg-stat","","",""
"dss","DOMINO","madipge-dom-monthly-d-indg-stat--indg-stat","SYNTHETIC_AEUID","character",217,0,0,217,"F72250000001=1; F72250000002=1; F72250000007=1; F7225000000A=1; F7225000000D=1; F7225000000E=1; F72250000010=1; F72250000011=1","","matched PLIDA variable metadata","The person key every DOMINO table is joined on, described by DSS as ""A synthetic numeric sequence of characters used for the purposes of id…","madipge-dom-monthly-d-base | madipge-dom-monthly-d-disability-carers | madipge-dom-monthly-d-een-abstudy-hist | ... (35 products)","","",""
"dss","DOMINO","madipge-dom-monthly-d-older-students--pyh-combined-std","BEN_TYPE","character",25,0,0,3,"YAL=22; ABY=2; AUS=1","ABY; AUS; YAL","matched PLIDA variable metadata","Which income support payment the row belongs to, as a three-letter Centrelink benefit code. DSS defines the element as ""The type of Austral…","madipge-dom-monthly-d-base | madipge-dom-monthly-d-disability-carers | madipge-dom-monthly-d-een-abstudy-hist | ... (26 products)","","",""
"dss","DOMINO","madipge-dom-monthly-d-older-students--pyh-combined-std","CMPNT_DLY_AMT","numeric",25,0,0,24,"26.43 / 27.48 / 28.32 / 28.83 / 29.68","26.43; 26.44; 26.48; 26.6; 26.78; 27.46; 27.48; 27.75; 27.94; 28.09; 28.13; 28.17; 28.32; 28.4; 28.46; 28.63; 28.66; 28.83; 28.97; 29.28; 29.36; 29.48; 29.5; 29.68","matched PLIDA variable metadata","The daily dollar value of one component of a payment, which is the unit DOMINO records payments in: DSS defines it as ""The amount of a comp…","madipge-dom-monthly-d-disability-carers | madipge-dom-monthly-d-een-abstudy-hist | madipge-dom-monthly-d-een-aic-hist | ... (25 products)","","",""
"dss","DOMINO","madipge-dom-monthly-d-older-students--pyh-combined-std","CMPNT_ID","character",25,0,0,24,"C00000069=2; C00000006=1; C00000015=1; C00000017=1; C00000021=1; C00000030=1; C00000035=1; C00000041=1","C00000006; C00000015; C00000017; C00000021; C00000030; C00000035; C00000041; C00000045; C00000048; C00000049; C00000056; C00000060; C00000061; C00000064; C00000069; C00000073; C00000074; C00000076; C00000083; C00000085; C00000088; C00000089; C00000094; C00000096","matched PLIDA variable metadata","Identifies the individual item being paid within a payment component, and it is what holds a payment record together: DSS defines it as ""Th…","madipge-dom-monthly-d-disability-carers | madipge-dom-monthly-d-families-children | madipge-dom-monthly-d-older-students | ... (21 products)","","",""
"dss","DOMINO","madipge-dom-monthly-d-older-students--pyh-combined-std","CMPNT_TYPE","character",25,0,0,1,"BASIC=25","BASIC","matched PLIDA variable metadata","Which component of a payment the amount on this row represents — the basic rate, rent assistance, a supplement or an add-on. DSS defines th…","madipge-dom-monthly-d-disability-carers | madipge-dom-monthly-d-een-abstudy-hist | madipge-dom-monthly-d-een-aic-hist | ... (25 products)","","",""
"dss","DOMINO","madipge-dom-monthly-d-older-students--pyh-combined-std","PERIOD_END_DATE","Date",25,0,0,25,"2015-07-03 to 2021-12-13","2015-07-03; 2015-08-25; 2016-05-03; 2016-08-27; 2017-03-20; 2017-06-07; 2017-10-15; 2018-01-06; 2018-01-14; 2018-01-27; 2018-04-12; 2018-05-01; 2018-06-02; 2018-08-30; 2018-11-23; 2019-01-05; 2019-01-18; 2019-07-25; 2020-03-09; 2020-10-08; 2021-03-17; 2021-05-04; 2021-06-26; 2021-12-10; 2021-12-13","matched PLIDA variable metadata","The day the record on this row stops applying, closing an episode that PERIOD_START_DATE opened. The DSS registry defines it as ""The date o…","madipge-dom-monthly-d-base | madipge-dom-monthly-d-disability-carers | madipge-dom-monthly-d-een-abstudy-hist | ... (34 products)","","",""
"dss","DOMINO","madipge-dom-monthly-d-older-students--pyh-combined-std","PERIOD_START_DATE","Date",25,0,0,25,"2015-02-09 to 2018-10-22","2015-02-09; 2015-02-11; 2015-02-25; 2015-03-25; 2015-04-01; 2015-06-11; 2015-06-14; 2015-09-11; 2016-03-10; 2016-04-14; 2016-07-17; 2016-09-24; 2016-09-27; 2016-10-27; 2016-11-28; 2017-02-13; 2017-02-27; 2017-05-08; 2017-06-23; 2017-07-18; 2017-09-10; 2017-09-15; 2017-10-11; 2018-01-13; 2018-10-22","matched PLIDA variable metadata","The day the record on this row starts applying. The DSS registry defines it as ""The date on which a reporting period relating to an event c…","madipge-dom-monthly-d-base | madipge-dom-monthly-d-disability-carers | madipge-dom-monthly-d-een-abstudy-hist | ... (34 products)","","",""
"dss","DOMINO","madipge-dom-monthly-d-older-students--pyh-combined-std","PYH_SOURCE","character",25,0,0,1,"CLK=25","CLK","matched PLIDA variable metadata","Says how the payment component on this row arose: as a regular recurring payment, as a one-off, or as an amount paid through a third party.…","madipge-dom-monthly-d-disability-carers | madipge-dom-monthly-d-families-children | madipge-dom-monthly-d-older-students | ... (20 products)","","",""
"dss","DOMINO","madipge-dom-monthly-d-older-students--pyh-combined-std","SYNTHETIC_AEUID","character",25,0,0,25,"F7225000000E=1; F7225000001B=1; F72250000028=1; F7225000003A=1; F7225000004E=1; F7225000008E=1; F722500000AA=1; F722500000B4=1","F7225000000E; F7225000001B; F72250000028; F7225000003A; F7225000004E; F7225000008E; F722500000AA; F722500000B4; F722500000D4; F722500000E2; F722500000F0; F7225000014D; F72250000155; F72250000162; F7225000016C; F72250000170; F72250000186; F72250000188; F7225000018B; F72250000199; F722500001A7; F722500001AB; F722500001BA; F722500001C3; F722500001D6","matched PLIDA variable metadata","The person key every DOMINO table is joined on, described by DSS as ""A synthetic numeric sequence of characters used for the purposes of id…","madipge-dom-monthly-d-base | madipge-dom-monthly-d-disability-carers | madipge-dom-monthly-d-een-abstudy-hist | ... (35 products)","","",""
"dss","DOMINO","madipge-dom-monthly-d-retirement-widows--pyh-combined-age","BEN_TYPE","character",56,0,0,1,"AGE=56","AGE","matched PLIDA variable metadata","Which income support payment the row belongs to, as a three-letter Centrelink benefit code. DSS defines the element as ""The type of Austral…","madipge-dom-monthly-d-base | madipge-dom-monthly-d-disability-carers | madipge-dom-monthly-d-een-abstudy-hist | ... (26 products)","","",""
"dss","DOMINO","madipge-dom-monthly-d-retirement-widows--pyh-combined-age","CMPNT_DLY_AMT","numeric",56,0,0,55,"54.0500 / 56.5625 / 59.6250 / 65.8625 / 75.7800","","matched PLIDA variable metadata","The daily dollar value of one component of a payment, which is the unit DOMINO records payments in: DSS defines it as ""The amount of a comp…","madipge-dom-monthly-d-disability-carers | madipge-dom-monthly-d-een-abstudy-hist | madipge-dom-monthly-d-een-aic-hist | ... (25 products)","","",""
"dss","DOMINO","madipge-dom-monthly-d-retirement-widows--pyh-combined-age","CMPNT_ID","character",56,0,0,50,"C00000016=2; C00000066=2; C00000071=2; C00000072=2; C00000077=2; C00000082=2; C00000001=1; C00000002=1","","matched PLIDA variable metadata","Identifies the individual item being paid within a payment component, and it is what holds a payment record together: DSS defines it as ""Th…","madipge-dom-monthly-d-disability-carers | madipge-dom-monthly-d-families-children | madipge-dom-monthly-d-older-students | ... (21 products)","","",""
"dss","DOMINO","madipge-dom-monthly-d-retirement-widows--pyh-combined-age","CMPNT_TYPE","character",56,0,0,1,"BASIC=56","BASIC","matched PLIDA variable metadata","Which component of a payment the amount on this row represents — the basic rate, rent assistance, a supplement or an add-on. DSS defines th…","madipge-dom-monthly-d-disability-carers | madipge-dom-monthly-d-een-abstudy-hist | madipge-dom-monthly-d-een-aic-hist | ... (25 products)","","",""
"dss","DOMINO","madipge-dom-monthly-d-retirement-widows--pyh-combined-age","PERIOD_END_DATE","Date",56,32,57.1429,24,"2015-04-23 to 2025-08-05","2015-04-23; 2015-07-03; 2015-09-03; 2015-09-14; 2015-10-30; 2015-11-11; 2016-06-21; 2017-07-11; 2017-08-06; 2017-09-04; 2018-02-14; 2018-03-25; 2018-09-29; 2019-03-07; 2020-11-01; 2021-05-01; 2021-06-01; 2022-09-10; 2022-11-01; 2023-07-26; 2023-12-01; 2024-01-19; 2025-07-01; 2025-08-05","matched PLIDA variable metadata","The day the record on this row stops applying, closing an episode that PERIOD_START_DATE opened. The DSS registry defines it as ""The date o…","madipge-dom-monthly-d-base | madipge-dom-monthly-d-disability-carers | madipge-dom-monthly-d-een-abstudy-hist | ... (34 products)","","",""
"dss","DOMINO","madipge-dom-monthly-d-retirement-widows--pyh-combined-age","PERIOD_START_DATE","Date",56,0,0,56,"2015-01-05 to 2025-04-13","","matched PLIDA variable metadata","The day the record on this row starts applying. The DSS registry defines it as ""The date on which a reporting period relating to an event c…","madipge-dom-monthly-d-base | madipge-dom-monthly-d-disability-carers | madipge-dom-monthly-d-een-abstudy-hist | ... (34 products)","","",""
"dss","DOMINO","madipge-dom-monthly-d-retirement-widows--pyh-combined-age","PYH_SOURCE","character",56,0,0,1,"CLK=56","CLK","matched PLIDA variable metadata","Says how the payment component on this row arose: as a regular recurring payment, as a one-off, or as an amount paid through a third party.…","madipge-dom-monthly-d-disability-carers | madipge-dom-monthly-d-families-children | madipge-dom-monthly-d-older-students | ... (20 products)","","",""
"dss","DOMINO","madipge-dom-monthly-d-retirement-widows--pyh-combined-age","SYNTHETIC_AEUID","character",56,0,0,56,"F72250000001=1; F72250000002=1; F72250000013=1; F72250000025=1; F72250000042=1; F7225000004F=1; F72250000054=1; F7225000005F=1","","matched PLIDA variable metadata","The person key every DOMINO table is joined on, described by DSS as ""A synthetic numeric sequence of characters used for the purposes of id…","madipge-dom-monthly-d-base | madipge-dom-monthly-d-disability-carers | madipge-dom-monthly-d-een-abstudy-hist | ... (35 products)","","",""
"dss","DOMINO","madipge-dom-monthly-d-rlt-prin-carer-beta--rlt-prin-carer-beta","BEN_TYPE_CODE","character",24,0,0,2,"PPP=12; PPS=12","PPP; PPS","matched PLIDA variable metadata","The income support payment that the benefit episode in the benefit detail table was paid under. DSS defines the element as ""The type of Aus…","madipge-dom-monthly-d-base | madipge-dom-monthly-d-inc-dfi | madipge-dom-monthly-d-rlt-prin-carer-beta","","",""
"dss","DOMINO","madipge-dom-monthly-d-rlt-prin-carer-beta--rlt-prin-carer-beta","EXT_DOM_REL_ID","character",24,0,0,24,"R000041222074=1; R000062823582=1; R000064122272=1; R000081537640=1; R000098301406=1; R000143380929=1; R000203645031=1; R000350523948=1","R000041222074; R000062823582; R000064122272; R000081537640; R000098301406; R000143380929; R000203645031; R000350523948; R000389915514; R000432677765; R000440025469; R000476132559; R000508089370; R000551055685; R000564223901; R000569022206; R000714351504; R000767291346; R000824909632; R000871410783; R000898992701; R000916881528; R000938377344; R000993796985","matched PLIDA variable metadata","The other person in the relationship the row records, defined by DSS as ""The ID of a recipient the client has a relationship with, as repre…","madipge-dom-monthly-d-base | madipge-dom-monthly-d-rlt-grandpar-grandchild | madipge-dom-monthly-d-rlt-prin-carer-beta","","",""
"dss","DOMINO","madipge-dom-monthly-d-rlt-prin-carer-beta--rlt-prin-carer-beta","PERIOD_END_DATE","Date",24,1,4.1667,23,"2016-03-26 to 2025-07-12","2016-03-26; 2016-11-02; 2016-11-17; 2017-07-21; 2017-11-08; 2018-01-08; 2018-01-16; 2018-06-06; 2018-06-17; 2018-08-10; 2018-09-12; 2018-11-04; 2019-09-22; 2019-11-15; 2021-05-16; 2021-07-27; 2021-09-22; 2023-05-02; 2023-06-29; 2023-07-14; 2023-07-21; 2024-10-05; 2025-07-12","matched PLIDA variable metadata","The day the record on this row stops applying, closing an episode that PERIOD_START_DATE opened. The DSS registry defines it as ""The date o…","madipge-dom-monthly-d-base | madipge-dom-monthly-d-disability-carers | madipge-dom-monthly-d-een-abstudy-hist | ... (34 products)","","",""
"dss","DOMINO","madipge-dom-monthly-d-rlt-prin-carer-beta--rlt-prin-carer-beta","PERIOD_START_DATE","Date",24,0,0,23,"2015-01-18 to 2018-11-04","2015-01-18; 2015-02-06; 2015-04-02; 2015-06-26; 2015-10-28; 2015-11-16; 2015-12-13; 2015-12-23; 2016-03-05; 2016-03-13; 2016-08-04; 2016-08-17; 2016-12-11; 2017-02-19; 2017-05-27; 2017-10-03; 2017-11-28; 2017-12-09; 2017-12-23; 2018-05-07; 2018-07-23; 2018-09-17; 2018-11-04","matched PLIDA variable metadata","The day the record on this row starts applying. The DSS registry defines it as ""The date on which a reporting period relating to an event c…","madipge-dom-monthly-d-base | madipge-dom-monthly-d-disability-carers | madipge-dom-monthly-d-een-abstudy-hist | ... (34 products)","","",""
"dss","DOMINO","madipge-dom-monthly-d-rlt-prin-carer-beta--rlt-prin-carer-beta","SYNTHETIC_AEUID","character",24,0,0,24,"F72250000007=1; F72250000017=1; F7225000003C=1; F72250000048=1; F7225000004B=1; F72250000052=1; F72250000059=1; F7225000006C=1","F72250000007; F72250000017; F7225000003C; F72250000048; F7225000004B; F72250000052; F72250000059; F7225000006C; F722500000A5; F722500000C6; F722500000D5; F722500000DE; F72250000101; F72250000104; F72250000109; F72250000119; F72250000132; F7225000017F; F72250000185; F72250000192; F722500001B1; F722500001BC; F722500001D0; F722500001D8","matched PLIDA variable metadata","The person key every DOMINO table is joined on, described by DSS as ""A synthetic numeric sequence of characters used for the purposes of id…","madipge-dom-monthly-d-base | madipge-dom-monthly-d-disability-carers | madipge-dom-monthly-d-een-abstudy-hist | ... (35 products)","","",""
"dss","DOMINO","madipge-dom-monthly-d-working-age--pyh-combined-wrk","BEN_TYPE","character",114,0,0,4,"NSA=60; JSP=30; PPP=12; PPS=12","JSP; NSA; PPP; PPS","matched PLIDA variable metadata","Which income support payment the row belongs to, as a three-letter Centrelink benefit code. DSS defines the element as ""The type of Austral…","madipge-dom-monthly-d-base | madipge-dom-monthly-d-disability-carers | madipge-dom-monthly-d-een-abstudy-hist | ... (26 products)","","",""
"dss","DOMINO","madipge-dom-monthly-d-working-age--pyh-combined-wrk","CMPNT_DLY_AMT","numeric",114,0,0,110,"33.4200 / 39.2375 / 41.4150 / 47.5100 / 54.3100","","matched PLIDA variable metadata","The daily dollar value of one component of a payment, which is the unit DOMINO records payments in: DSS defines it as ""The amount of a comp…","madipge-dom-monthly-d-disability-carers | madipge-dom-monthly-d-een-abstudy-hist | madipge-dom-monthly-d-een-aic-hist | ... (25 products)","","",""
"dss","DOMINO","madipge-dom-monthly-d-working-age--pyh-combined-wrk","CMPNT_ID","character",114,0,0,84,"C00000003=2; C00000004=2; C00000005=2; C00000008=2; C00000011=2; C00000013=2; C00000014=2; C00000020=2","","matched PLIDA variable metadata","Identifies the individual item being paid within a payment component, and it is what holds a payment record together: DSS defines it as ""Th…","madipge-dom-monthly-d-disability-carers | madipge-dom-monthly-d-families-children | madipge-dom-monthly-d-older-students | ... (21 products)","","",""
"dss","DOMINO","madipge-dom-monthly-d-working-age--pyh-combined-wrk","CMPNT_TYPE","character",114,0,0,1,"BASIC=114","BASIC","matched PLIDA variable metadata","Which component of a payment the amount on this row represents — the basic rate, rent assistance, a supplement or an add-on. DSS defines th…","madipge-dom-monthly-d-disability-carers | madipge-dom-monthly-d-een-abstudy-hist | madipge-dom-monthly-d-een-aic-hist | ... (25 products)","","",""
"dss","DOMINO","madipge-dom-monthly-d-working-age--pyh-combined-wrk","PERIOD_END_DATE","Date",114,8,7.0175,106,"2015-07-25 to 2025-11-14","","matched PLIDA variable metadata","The day the record on this row stops applying, closing an episode that PERIOD_START_DATE opened. The DSS registry defines it as ""The date o…","madipge-dom-monthly-d-base | madipge-dom-monthly-d-disability-carers | madipge-dom-monthly-d-een-abstudy-hist | ... (34 products)","","",""
"dss","DOMINO","madipge-dom-monthly-d-working-age--pyh-combined-wrk","PERIOD_START_DATE","Date",114,0,0,110,"2015-01-17 to 2025-12-22","","matched PLIDA variable metadata","The day the record on this row starts applying. The DSS registry defines it as ""The date on which a reporting period relating to an event c…","madipge-dom-monthly-d-base | madipge-dom-monthly-d-disability-carers | madipge-dom-monthly-d-een-abstudy-hist | ... (34 products)","","",""
"dss","DOMINO","madipge-dom-monthly-d-working-age--pyh-combined-wrk","PYH_SOURCE","character",114,0,0,1,"CLK=114","CLK","matched PLIDA variable metadata","Says how the payment component on this row arose: as a regular recurring payment, as a one-off, or as an amount paid through a third party.…","madipge-dom-monthly-d-disability-carers | madipge-dom-monthly-d-families-children | madipge-dom-monthly-d-older-students | ... (20 products)","","",""
"dss","DOMINO","madipge-dom-monthly-d-working-age--pyh-combined-wrk","SYNTHETIC_AEUID","character",114,0,0,113,"F722500000CE=2; F72250000007=1; F7225000000A=1; F7225000000D=1; F72250000011=1; F72250000014=1; F72250000016=1; F72250000017=1","","matched PLIDA variable metadata","The person key every DOMINO table is joined on, described by DSS as ""A synthetic numeric sequence of characters used for the purposes of id…","madipge-dom-monthly-d-base | madipge-dom-monthly-d-disability-carers | madipge-dom-monthly-d-een-abstudy-hist | ... (35 products)","","",""
"dss","JK","ato-jk","spine_id","character",490,10,2.0408,480,"SP0000000001=1; SP0000000002=1; SP0000000003=1; SP0000000004=1; SP0000000005=1; SP0000000006=1; SP0000000007=1; SP0000000008=1","","matched PLIDA variable metadata","Person ID on MaDIP Spine. For non-spine datasets, this indicates the spine ID that a person has linked to. | Id of person on the MADIP Spine","madipmp-ato-jobkeeper","","",""
"dss","JK","ato-jk","SYNTHETIC_AEUID","character",490,0,0,490,"EA1FE0000001=1; EA1FE0000002=1; EA1FE0000003=1; EA1FE0000004=1; EA1FE0000005=1; EA1FE0000006=1; EA1FE0000007=1; EA1FE0000008=1","","matched PLIDA variable metadata","Synthetic Person ID | Synthetic id of individual person on dataset","madipmp-ato-jobkeeper","","",""
"dss","JK","madipmp-ato-jobkeeper","ABN_HASH_TRUNC","character",20,0,0,5,"H000186775585178=5; H000186776585181=5; H000187693185178=5; H000187694185181=4; H000186777585184=1","H000186775585178; H000186776585181; H000186777585184; H000187693185178; H000187694185181","matched PLIDA variable metadata","The employer that enrolled for JobKeeper and nominated this person. JobKeeper was paid to the employer and passed on to the employee, so th…","madipmp-ato-jobkeeper","","",""
"dss","JK","madipmp-ato-jobkeeper","CD_EMPLOYEE_TIER","integer",20,0,0,2,"1.0 / 1.0 / 1.5 / 2.0 / 2.0","1; 2","matched PLIDA variable metadata","Disbursement flag | Null, 1 or 2 indicating what tier the individual is on","madipmp-ato-jobkeeper","","",""
"dss","JK","madipmp-ato-jobkeeper","CD_FN_ELGBLTY_14","logical",20,0,0,2,"TRUE=18; FALSE=2","FALSE; TRUE","matched PLIDA variable metadata","Disbursement flag","madipmp-ato-jobkeeper","","",""
"dss","JK","madipmp-ato-jobkeeper","CD_FN_ELGBLTY_15","logical",20,0,0,2,"TRUE=19; FALSE=1","FALSE; TRUE","matched PLIDA variable metadata","Disbursement flag","madipmp-ato-jobkeeper","","",""
"dss","JK","madipmp-ato-jobkeeper","CD_FN_ELGBLTY_16","logical",20,0,0,2,"TRUE=18; FALSE=2","FALSE; TRUE","matched PLIDA variable metadata","Disbursement flag","madipmp-ato-jobkeeper","","",""
"dss","JK","madipmp-ato-jobkeeper","CD_FN_ELGBLTY_17","logical",20,0,0,2,"TRUE=18; FALSE=2","FALSE; TRUE","matched PLIDA variable metadata","Disbursement flag","madipmp-ato-jobkeeper","","",""
"dss","JK","madipmp-ato-jobkeeper","CD_FN_ELGBLTY_18","logical",20,0,0,2,"TRUE=18; FALSE=2","FALSE; TRUE","matched PLIDA variable metadata","Disbursement flag","madipmp-ato-jobkeeper","","",""
"dss","JK","madipmp-ato-jobkeeper","CD_FN_ELGBLTY_19","logical",20,0,0,2,"TRUE=18; FALSE=2","FALSE; TRUE","matched PLIDA variable metadata","Disbursement flag","madipmp-ato-jobkeeper","","",""
"dss","JK","madipmp-ato-jobkeeper","CD_FN_ELGBLTY_20","logical",20,0,0,2,"TRUE=18; FALSE=2","FALSE; TRUE","matched PLIDA variable metadata","Disbursement flag","madipmp-ato-jobkeeper","","",""
"dss","JK","madipmp-ato-jobkeeper","CD_FN_ELGBLTY_21","logical",20,0,0,2,"TRUE=18; FALSE=2","FALSE; TRUE","matched PLIDA variable metadata","Disbursement flag","madipmp-ato-jobkeeper","","",""
"dss","JK","madipmp-ato-jobkeeper","CD_FN_ELGBLTY_22","logical",20,0,0,2,"TRUE=17; FALSE=3","FALSE; TRUE","matched PLIDA variable metadata","Disbursement flag","madipmp-ato-jobkeeper","","",""
"dss","JK","madipmp-ato-jobkeeper","CD_FN_ELGBLTY_23","logical",20,0,0,2,"TRUE=18; FALSE=2","FALSE; TRUE","matched PLIDA variable metadata","Disbursement flag","madipmp-ato-jobkeeper","","",""
"dss","JK","madipmp-ato-jobkeeper","CD_FN_ELGBLTY_24","logical",20,0,0,2,"TRUE=19; FALSE=1","FALSE; TRUE","matched PLIDA variable metadata","Disbursement flag","madipmp-ato-jobkeeper","","",""
"dss","JK","madipmp-ato-jobkeeper","CD_FN_ELGBLTY_25","logical",20,0,0,2,"TRUE=18; FALSE=2","FALSE; TRUE","matched PLIDA variable metadata","Disbursement flag","madipmp-ato-jobkeeper","","",""
"dss","JK","madipmp-ato-jobkeeper","CD_FN_ELGBLTY_26","logical",20,0,0,2,"TRUE=18; FALSE=2","FALSE; TRUE","matched PLIDA variable metadata","Disbursement flag","madipmp-ato-jobkeeper","","",""
"dss","JK","madipmp-ato-jobkeeper","DT_ELIGIBLE_EFFECT","Date",20,0,0,1,"2020-03-30 to 2020-03-30","2020-03-30","matched PLIDA variable metadata","JobKeeper1 start date","madipmp-ato-jobkeeper","","",""
"dss","JK","madipmp-ato-jobkeeper","DT_ELIGIBLE_END","Date",20,0,0,1,"2021-03-28 to 2021-03-28","2021-03-28","matched PLIDA variable metadata","JobKeeper1 end date","madipmp-ato-jobkeeper","","",""
"dss","JK","madipmp-ato-jobkeeper","JK_BUS_PRTCPNT","character",20,0,0,2,"N=18; Y=2","N; Y","matched PLIDA variable metadata","A 'Y' to indicate if a Business Participant, otherwise 'N'","madipmp-ato-jobkeeper","","",""
"dss","JK","madipmp-ato-jobkeeper","JK_DRVD_AMT","numeric",20,0,0,2,"9150 / 9150 / 11775 / 14400 / 14400","14400; 9150","matched PLIDA variable metadata","Derived by calculating $ amount for tier and fortnight. Includes a fortnight where the underlying jk_fn_elig_FN code was YD (individual who…","madipmp-ato-jobkeeper","","",""
"dss","JK","madipmp-ato-jobkeeper","JK_FN_1","integer",20,0,0,3,"10 / 10 / 20 / 30 / 30","10; 20; 30","matched PLIDA variable metadata","JobKeeper fortnight 1 - 30 March 2020 – 12 April 2020","madipmp-ato-jobkeeper","","",""
"dss","JK","madipmp-ato-jobkeeper","JK_FN_10","integer",20,0,0,3,"10 / 10 / 20 / 30 / 30","10; 20; 30","matched PLIDA variable metadata","JobKeeper fortnight 10 - 3 August 2020 – 16 August 2020","madipmp-ato-jobkeeper","","",""
"dss","JK","madipmp-ato-jobkeeper","JK_FN_11","integer",20,0,0,3,"10.0 / 17.5 / 20.0 / 30.0 / 30.0","10; 20; 30","matched PLIDA variable metadata","JobKeeper fortnight 11 - 17 August 2020 – 30 August 2020","madipmp-ato-jobkeeper","","",""
"dss","JK","madipmp-ato-jobkeeper","JK_FN_12","integer",20,0,0,3,"10 / 10 / 20 / 30 / 30","10; 20; 30","matched PLIDA variable metadata","JobKeeper fortnight 12 - 31 August 2020 – 13 September 2020","madipmp-ato-jobkeeper","","",""
"dss","JK","madipmp-ato-jobkeeper","JK_FN_13","integer",20,0,0,3,"10 / 10 / 20 / 30 / 30","10; 20; 30","matched PLIDA variable metadata","JobKeeper fortnight 13 - 14 September 2020 – 27 September 2020","madipmp-ato-jobkeeper","","",""
"dss","JK","madipmp-ato-jobkeeper","JK_FN_2","integer",20,0,0,3,"10 / 10 / 20 / 30 / 30","10; 20; 30","matched PLIDA variable metadata","JobKeeper fortnight 2 - 13 April 2020 – 26 April 2020","madipmp-ato-jobkeeper","","",""
"dss","JK","madipmp-ato-jobkeeper","JK_FN_3","integer",20,0,0,3,"10 / 10 / 20 / 30 / 30","10; 20; 30","matched PLIDA variable metadata","JobKeeper fortnight 3 - 27 April 2020 – 10 May 2020","madipmp-ato-jobkeeper","","",""
"dss","JK","madipmp-ato-jobkeeper","JK_FN_4","integer",20,0,0,3,"10.0 / 10.0 / 20.0 / 22.5 / 30.0","10; 20; 30","matched PLIDA variable metadata","JobKeeper fortnight 4 - 11 May 2020 – 24 May 2020","madipmp-ato-jobkeeper","","",""
"dss","JK","madipmp-ato-jobkeeper","JK_FN_5","integer",20,0,0,3,"10 / 10 / 20 / 30 / 30","10; 20; 30","matched PLIDA variable metadata","JobKeeper fortnight 5 - 25 May 2020 – 7 June 2020","madipmp-ato-jobkeeper","","",""
"dss","JK","madipmp-ato-jobkeeper","JK_FN_6","integer",20,0,0,3,"10 / 10 / 20 / 30 / 30","10; 20; 30","matched PLIDA variable metadata","JobKeeper fortnight 6 - 8 June 2020 – 21 June 2020","madipmp-ato-jobkeeper","","",""
"dss","JK","madipmp-ato-jobkeeper","JK_FN_7","integer",20,0,0,3,"10 / 10 / 20 / 30 / 30","10; 20; 30","matched PLIDA variable metadata","JobKeeper fortnight 7 - 22 June 2020 – 5 July 2020","madipmp-ato-jobkeeper","","",""
"dss","JK","madipmp-ato-jobkeeper","JK_FN_8","integer",20,0,0,3,"10 / 10 / 20 / 30 / 30","10; 20; 30","matched PLIDA variable metadata","JobKeeper fortnight 8 - 6 July 2020 – 19 July 2020","madipmp-ato-jobkeeper","","",""
"dss","JK","madipmp-ato-jobkeeper","JK_FN_9","integer",20,0,0,3,"10 / 10 / 20 / 30 / 30","10; 20; 30","matched PLIDA variable metadata","JobKeeper fortnight 9 - 20 July 2020 – 2 August 2020","madipmp-ato-jobkeeper","","",""
"dss","JK","madipmp-ato-jobkeeper","JK_FN_ELIG_14","logical",20,0,0,2,"TRUE=18; FALSE=2","FALSE; TRUE","matched PLIDA variable metadata","JobKeeper fortnight 14 - 28 September 2020 – 11 October 2020","madipmp-ato-jobkeeper","","",""
"dss","JK","madipmp-ato-jobkeeper","JK_FN_ELIG_15","logical",20,0,0,2,"TRUE=18; FALSE=2","FALSE; TRUE","matched PLIDA variable metadata","JobKeeper fortnight 15 - 12 October 2020 – 25 October 20210","madipmp-ato-jobkeeper","","",""
"dss","JK","madipmp-ato-jobkeeper","JK_FN_ELIG_16","logical",20,0,0,2,"TRUE=19; FALSE=1","FALSE; TRUE","matched PLIDA variable metadata","JobKeeper fortnight 16 - 26 October 2020 – 8 November 2020","madipmp-ato-jobkeeper","","",""
"dss","JK","madipmp-ato-jobkeeper","JK_FN_ELIG_17","logical",20,0,0,2,"TRUE=18; FALSE=2","FALSE; TRUE","matched PLIDA variable metadata","JobKeeper fortnight 17 - 9 November 2020 – 22 November 2020","madipmp-ato-jobkeeper","","",""
"dss","JK","madipmp-ato-jobkeeper","JK_FN_ELIG_18","logical",20,0,0,2,"TRUE=18; FALSE=2","FALSE; TRUE","matched PLIDA variable metadata","JobKeeper fortnight 18 - 23 November 2020 – 6 December 2020","madipmp-ato-jobkeeper","","",""
"dss","JK","madipmp-ato-jobkeeper","JK_FN_ELIG_19","logical",20,0,0,2,"TRUE=18; FALSE=2","FALSE; TRUE","matched PLIDA variable metadata","JobKeeper fortnight 19 - 7 December 2020 – 20 December 2020","madipmp-ato-jobkeeper","","",""
"dss","JK","madipmp-ato-jobkeeper","JK_FN_ELIG_20","logical",20,0,0,2,"TRUE=18; FALSE=2","FALSE; TRUE","matched PLIDA variable metadata","JobKeeper fortnight 20 - 21 December 2020 – 3 January 2021","madipmp-ato-jobkeeper","","",""
"dss","JK","madipmp-ato-jobkeeper","JK_FN_ELIG_21","logical",20,0,0,2,"TRUE=18; FALSE=2","FALSE; TRUE","matched PLIDA variable metadata","JobKeeper fortnight 21 - 4 January 2021 – 17 January 2021","madipmp-ato-jobkeeper","","",""
"dss","JK","madipmp-ato-jobkeeper","JK_FN_ELIG_22","logical",20,0,0,2,"TRUE=18; FALSE=2","FALSE; TRUE","matched PLIDA variable metadata","JobKeeper fortnight 22 - 18 January 2021 – 31 January 2021","madipmp-ato-jobkeeper","","",""
"dss","JK","madipmp-ato-jobkeeper","JK_FN_ELIG_23","logical",20,0,0,2,"TRUE=18; FALSE=2","FALSE; TRUE","matched PLIDA variable metadata","JobKeeper fortnight 23 - 1 February 2021 – 14 February 2021","madipmp-ato-jobkeeper","","",""
"dss","JK","madipmp-ato-jobkeeper","JK_FN_ELIG_24","logical",20,0,0,2,"TRUE=18; FALSE=2","FALSE; TRUE","matched PLIDA variable metadata","JobKeeper fortnight 24 - 15 February 2021 – 28 February 2021","madipmp-ato-jobkeeper","","",""
"dss","JK","madipmp-ato-jobkeeper","JK_FN_ELIG_25","logical",20,0,0,2,"TRUE=18; FALSE=2","FALSE; TRUE","matched PLIDA variable metadata","JobKeeper fortnight 25 - 1 March 2021 – 14 March 2021","madipmp-ato-jobkeeper","","",""
"dss","JK","madipmp-ato-jobkeeper","JK_FN_ELIG_26","logical",20,0,0,2,"TRUE=17; FALSE=3","FALSE; TRUE","matched PLIDA variable metadata","JobKeeper fortnight 26 - 15 March 2021 – 28 March 2021","madipmp-ato-jobkeeper","","",""
"dss","JK","madipmp-ato-jobkeeper","JK1_IND","logical",20,0,0,2,"TRUE=16; FALSE=4","FALSE; TRUE","matched PLIDA variable metadata","At least one Jobkeeper fortnight from 1 to 13 had a code 10, 20 or 30.","madipmp-ato-jobkeeper","","",""
"dss","JK","madipmp-ato-jobkeeper","POST_CODE","character",20,0,0,20,"2004=1; 2109=1; 2214=1; 2241=1; 3031=1; 3319=1; 3403=1; 3612=1","2004; 2109; 2214; 2241; 3031; 3319; 3403; 3612; 3717; 3822; 3842; 3947; 4052; 4528; 4633; 5338; 5406; 6588; 6739; 7136","matched PLIDA variable metadata","Individual postcode as at 30 June 2020","madipmp-ato-jobkeeper","Post code of the applicant. These should be Australian post codes with post codes from other jurisdictions (ie overseas postcodes) set to i…","4 digit numeric 9999 = Invalid (overseas) '.' = Missing | Character (4-digit Numeric)","2001-02;2002-03;2003-04;2004-05;2005-06;2006-07;2007-08;200…"
"dss","JK","madipmp-ato-jobkeeper","SPINE_ID","character",20,0,0,20,"SP0000000008=1; SP0000000018=1; SP0000000032=1; SP0000000071=1; SP0000000110=1; SP0000000126=1; SP0000000132=1; SP0000000191=1","SP0000000008; SP0000000018; SP0000000032; SP0000000071; SP0000000110; SP0000000126; SP0000000132; SP0000000191; SP0000000203; SP0000000212; SP0000000225; SP0000000270; SP0000000307; SP0000000322; SP0000000349; SP0000000422; SP0000000441; SP0000000459; SP0000000468; SP0000000474","matched PLIDA variable metadata","Person ID on MaDIP Spine. For non-spine datasets, this indicates the spine ID that a person has linked to. | Id of person on the MADIP Spine","madipmp-ato-jobkeeper","","",""
"dss","JK","madipmp-ato-jobkeeper","SYNTHETIC_AEUID","character",20,0,0,20,"EA1FE0000008=1; EA1FE0000012=1; EA1FE0000020=1; EA1FE0000047=1; EA1FE000006E=1; EA1FE000007E=1; EA1FE0000084=1; EA1FE00000BF=1","EA1FE0000008; EA1FE0000012; EA1FE0000020; EA1FE0000047; EA1FE000006E; EA1FE000007E; EA1FE0000084; EA1FE00000BF; EA1FE00000CB; EA1FE00000D4; EA1FE00000E1; EA1FE000010E; EA1FE0000133; EA1FE0000142; EA1FE000015D; EA1FE00001A6; EA1FE00001B9; EA1FE00001CB; EA1FE00001D4; EA1FE00001DA","matched PLIDA variable metadata","Synthetic Person ID | Synthetic id of individual person on dataset","madipmp-ato-jobkeeper","","",""
"dss","JM","ato-jm","spine_id","character",490,10,2.0408,480,"SP0000000001=1; SP0000000002=1; SP0000000003=1; SP0000000004=1; SP0000000005=1; SP0000000006=1; SP0000000007=1; SP0000000008=1","","matched PLIDA variable metadata","Id of person on the MADIP Spine","madipmp-ato-jobmaker","","",""
"dss","JM","ato-jm","SYNTHETIC_AEUID","character",490,0,0,490,"EA1FE0000001=1; EA1FE0000002=1; EA1FE0000003=1; EA1FE0000004=1; EA1FE0000005=1; EA1FE0000006=1; EA1FE0000007=1; EA1FE0000008=1","","matched PLIDA variable metadata","Synthetic id of individual person on dataset","madipmp-ato-jobmaker","","",""
"dss","JM","madipmp-ato-jobmaker","AGE","integer",6,0,0,6,"31.0 / 32.5 / 34.5 / 41.0 / 46.0","31; 32; 34; 35; 43; 46","matched PLIDA variable metadata","Age of respondent","madipmp-ato-jobmaker","","",""
"dss","JM","madipmp-ato-jobmaker","ATO_POSTCODE","character",6,0,0,6,"2187=1; 2292=1; 2397=1; 2893=1; 3998=1; 4789=1","2187; 2292; 2397; 2893; 3998; 4789","matched PLIDA variable metadata","Employee Postcode","madipmp-ato-jobmaker","","",""
"dss","JM","madipmp-ato-jobmaker","ATO_STATE","integer",6,0,0,3,"1.00 / 1.00 / 1.00 / 1.75 / 3.00","1; 2; 3","matched PLIDA variable metadata","Employee State","madipmp-ato-jobmaker","","",""
"dss","JM","madipmp-ato-jobmaker","EMPLE_JMHC_CEASED_DT","Date",6,0,0,6,"2021-09-30 to 2022-05-15","2021-09-30; 2021-12-14; 2021-12-17; 2022-02-28; 2022-03-03; 2022-05-15","matched PLIDA variable metadata","JobMaker cessation date","madipmp-ato-jobmaker","","",""
"dss","JM","madipmp-ato-jobmaker","EMPLE_JMHC_COMMENCE_DT","Date",6,0,0,6,"2021-01-02 to 2021-08-12","2021-01-02; 2021-02-09; 2021-03-19; 2021-05-27; 2021-07-05; 2021-08-12","matched PLIDA variable metadata","JobMaker commencement date","madipmp-ato-jobmaker","","",""
"dss","JM","madipmp-ato-jobmaker","EMPLE_JMHC_ELGBLTY_P1","logical",6,0,0,2,"TRUE=5; FALSE=1","FALSE; TRUE","matched PLIDA variable metadata","Employee JMHC ATO Calculated Eligibiilty incl SA response for period 1","madipmp-ato-jobmaker","","",""
"dss","JM","madipmp-ato-jobmaker","EMPLE_JMHC_ELGBLTY_P2","logical",6,0,0,2,"TRUE=4; FALSE=2","FALSE; TRUE","matched PLIDA variable metadata","Employee JMHC ATO Calculated Eligibiilty incl SA response for period 2","madipmp-ato-jobmaker","","",""
"dss","JM","madipmp-ato-jobmaker","EMPLE_JMHC_ELGBLTY_P3","logical",6,0,0,1,"TRUE=6","TRUE","matched PLIDA variable metadata","Employee JMHC ATO Calculated Eligibiilty incl SA response for period 3","madipmp-ato-jobmaker","","",""
"dss","JM","madipmp-ato-jobmaker","EMPLE_JMHC_ELGBLTY_P4","logical",6,0,0,2,"TRUE=5; FALSE=1","FALSE; TRUE","matched PLIDA variable metadata","Employee JMHC ATO Calculated Eligibiilty incl SA response for period 4","madipmp-ato-jobmaker","","",""
"dss","JM","madipmp-ato-jobmaker","EMPLE_JMHC_ELGBLTY_P5","logical",6,0,0,2,"TRUE=4; FALSE=2","FALSE; TRUE","matched PLIDA variable metadata","Employee JMHC ATO Calculated Eligibiilty incl SA response for period 5","madipmp-ato-jobmaker","","",""
"dss","JM","madipmp-ato-jobmaker","EMPLE_JMHC_ELGBLTY_P6","logical",6,0,0,2,"TRUE=5; FALSE=1","FALSE; TRUE","matched PLIDA variable metadata","Employee JMHC ATO Calculated Eligibiilty incl SA response for period 6","madipmp-ato-jobmaker","","",""
"dss","JM","madipmp-ato-jobmaker","EMPLE_JMHC_ELGBLTY_P7","logical",6,0,0,2,"TRUE=4; FALSE=2","FALSE; TRUE","matched PLIDA variable metadata","Employee JMHC ATO Calculated Eligibiilty incl SA response for period 7","madipmp-ato-jobmaker","","",""
"dss","JM","madipmp-ato-jobmaker","EMPLE_JMHC_ELGBLTY_P8","logical",6,0,0,1,"TRUE=6","TRUE","matched PLIDA variable metadata","Employee JMHC ATO Calculated Eligibiilty incl SA response for period 8","madipmp-ato-jobmaker","","",""
"dss","JM","madipmp-ato-jobmaker","EMPLE_MINHRS_P1","logical",6,0,0,2,"TRUE=4; FALSE=2","FALSE; TRUE","matched PLIDA variable metadata","Employee 20 hour min declared for Period 1","madipmp-ato-jobmaker","","",""
"dss","JM","madipmp-ato-jobmaker","EMPLE_MINHRS_P2","logical",6,0,0,2,"TRUE=4; FALSE=2","FALSE; TRUE","matched PLIDA variable metadata","Employee 20 hour min declared for Period 2","madipmp-ato-jobmaker","","",""
"dss","JM","madipmp-ato-jobmaker","EMPLE_MINHRS_P3","logical",6,0,0,1,"TRUE=6","TRUE","matched PLIDA variable metadata","Employee 20 hour min declared for Period 3","madipmp-ato-jobmaker","","",""
"dss","JM","madipmp-ato-jobmaker","EMPLE_MINHRS_P4","logical",6,0,0,1,"TRUE=6","TRUE","matched PLIDA variable metadata","Employee 20 hour min declared for Period 4","madipmp-ato-jobmaker","","",""
"dss","JM","madipmp-ato-jobmaker","EMPLE_MINHRS_P5","logical",6,0,0,2,"TRUE=5; FALSE=1","FALSE; TRUE","matched PLIDA variable metadata","Employee 20 hour min declared for Period 5","madipmp-ato-jobmaker","","",""
"dss","JM","madipmp-ato-jobmaker","EMPLE_MINHRS_P6","logical",6,0,0,2,"TRUE=4; FALSE=2","FALSE; TRUE","matched PLIDA variable metadata","Employee 20 hour min declared for Period 6","madipmp-ato-jobmaker","","",""
"dss","JM","madipmp-ato-jobmaker","EMPLE_MINHRS_P7","logical",6,0,0,2,"TRUE=5; FALSE=1","FALSE; TRUE","matched PLIDA variable metadata","Employee 20 hour min declared for Period 7","madipmp-ato-jobmaker","","",""
"dss","JM","madipmp-ato-jobmaker","EMPLE_MINHRS_P8","logical",6,0,0,2,"TRUE=4; FALSE=2","FALSE; TRUE","matched PLIDA variable metadata","Employee 20 hour min declared for Period 8","madipmp-ato-jobmaker","","",""
"dss","JM","madipmp-ato-jobmaker","EMPLE_STP_EMPLR_CNT_FY21_YTD","integer",6,0,0,3,"1.00 / 1.25 / 2.00 / 2.75 / 3.00","1; 2; 3","matched PLIDA variable metadata","Number of STP employers the employee has in 2021 FYTD","madipmp-ato-jobmaker","","",""
"dss","JM","madipmp-ato-jobmaker","EMPLE_STP_EMPLR_CNT_FY22_YTD","integer",6,0,0,3,"1.00 / 1.25 / 2.00 / 2.00 / 3.00","1; 2; 3","matched PLIDA variable metadata","Number of STP employers the employee has in 2022 FYTD","madipmp-ato-jobmaker","","",""
"dss","JM","madipmp-ato-jobmaker","EMPLE_STP_GRS_PAY_FY21_YTD_ALL","numeric",6,0,0,6,"7453.37 / 13566.37 / 37216.24 / 59840.87 / 162859.72","162859.72; 27058.4; 47374.09; 63996.46; 7453.37; 9069.03","matched PLIDA variable metadata","Employee STP Gross pay FY21","madipmp-ato-jobmaker","","",""
"dss","JM","madipmp-ato-jobmaker","EMPLE_STP_GRS_PAY_FY22_YTD_ALL","numeric",6,0,0,6,"2185.71 / 17729.68 / 37976.18 / 46858.46 / 127972.39","12146.08; 127972.39; 2185.71; 34480.5; 41471.86; 48654","matched PLIDA variable metadata","Employee STP Gross pay FY22","madipmp-ato-jobmaker","","",""
"dss","JM","madipmp-ato-jobmaker","EMPLOYER_ID","character",6,0,0,2,"186448935427=3; 187366535427=3","186448935427; 187366535427","matched PLIDA variable metadata","Employer_De-Identifier","madipmp-ato-jobmaker","Deidentified emplr_id","30 digit alphanumeric",""
"dss","JM","madipmp-ato-jobmaker","GENDER","character",6,6,100,0,"","","matched PLIDA variable metadata","Client's gender","madipmp-ato-jobmaker","","",""
"dss","JM","madipmp-ato-jobmaker","RUN_DT","Date",6,0,0,1,"2022-10-06 to 2022-10-06","2022-10-06","matched PLIDA variable metadata","Extract date","madipmp-ato-jobmaker","","",""
"dss","JM","madipmp-ato-jobmaker","SPINE_ID","character",6,0,0,6,"SP0000000134=1; SP0000000151=1; SP0000000176=1; SP0000000295=1; SP0000000384=1; SP0000000409=1","SP0000000134; SP0000000151; SP0000000176; SP0000000295; SP0000000384; SP0000000409","matched PLIDA variable metadata","Id of person on the MADIP Spine","madipmp-ato-jobmaker","","",""
"dss","JM","madipmp-ato-jobmaker","SYNTHETIC_AEUID","character",6,0,0,6,"EA1FE0000086=1; EA1FE0000097=1; EA1FE00000B0=1; EA1FE0000127=1; EA1FE0000180=1; EA1FE0000199=1","EA1FE0000086; EA1FE0000097; EA1FE00000B0; EA1FE0000127; EA1FE0000180; EA1FE0000199","matched PLIDA variable metadata","Synthetic id of individual person on dataset","madipmp-ato-jobmaker","","",""
NA,NA,NA,NA,NA,NA,NA,NA,NA,NA,NA,NA,NA,NA,NA,NA,NA
NA,NA,NA,NA,NA,NA,NA,NA,NA,NA,NA,NA,NA,NA,NA,NA,NA
NA,NA,NA,NA,NA,NA,NA,NA,NA,NA,NA,NA,NA,NA,NA,NA,NA
NA,NA,NA,NA,NA,NA,NA,NA,NA,NA,NA,NA,NA,NA,NA,NA,NA
NA,NA,NA,NA,NA,NA,NA,NA,NA,NA,NA,NA,NA,NA,NA,NA,NA
NA,NA,NA,NA,NA,NA,NA,NA,NA,NA,NA,NA,NA,NA,NA,NA,NA
NA,NA,NA,NA,NA,NA,NA,NA,NA,NA,NA,NA,NA,NA,NA,NA,NA
NA,NA,NA,NA,NA,NA,NA,NA,NA,NA,NA,NA,NA,NA,NA,NA,NA
NA,NA,NA,NA,NA,NA,NA,NA,NA,NA,NA,NA,NA,NA,NA,NA,NA
NA,NA,NA,NA,NA,NA,NA,NA,NA,NA,NA,NA,NA,NA,NA,NA,NA
NA,NA,NA,NA,NA,NA,NA,NA,NA,NA,NA,NA,NA,NA,NA,NA,NA
NA,NA,NA,NA,NA,NA,NA,NA,NA,NA,NA,NA,NA,NA,NA,NA,NA
NA,NA,NA,NA,NA,NA,NA,NA,NA,NA,NA,NA,NA,NA,NA,NA,NA
NA,NA,NA,NA,NA,NA,NA,NA,NA,NA,NA,NA,NA,NA,NA,NA,NA
NA,NA,NA,NA,NA,NA,NA,NA,NA,NA,NA,NA,NA,NA,NA,NA,NA
NA,NA,NA,NA,NA,NA,NA,NA,NA,NA,NA,NA,NA,NA,NA,NA,NA
NA,NA,NA,NA,NA,NA,NA,NA,NA,NA,NA,NA,NA,NA,NA,NA,NA
NA,NA,NA,NA,NA,NA,NA,NA,NA,NA,NA,NA,NA,NA,NA,NA,NA
NA,NA,NA,NA,NA,NA,NA,NA,NA,NA,NA,NA,NA,NA,NA,NA,NA
NA,NA,NA,NA,NA,NA,NA,NA,NA,NA,NA,NA,NA,NA,NA,NA,NA
NA,NA,NA,NA,NA,NA,NA,NA,NA,NA,NA,NA,NA,NA,NA,NA,NA
NA,NA,NA,NA,NA,NA,NA,NA,NA,NA,NA,NA,NA,NA,NA,NA,NA
NA,NA,NA,NA,NA,NA,NA,NA,NA,NA,NA,NA,NA,NA,NA,NA,NA
NA,NA,NA,NA,NA,NA,NA,NA,NA,NA,NA,NA,NA,NA,NA,NA,NA
NA,NA,NA,NA,NA,NA,NA,NA,NA,NA,NA,NA,NA,NA,NA,NA,NA
NA,NA,NA,NA,NA,NA,NA,NA,NA,NA,NA,NA,NA,NA,NA,NA,NA
NA,NA,NA,NA,NA,NA,NA,NA,NA,NA,NA,NA,NA,NA,NA,NA,NA
NA,NA,NA,NA,NA,NA,NA,NA,NA,NA,NA,NA,NA,NA,NA,NA,NA
NA,NA,NA,NA,NA,NA,NA,NA,NA,NA,NA,NA,NA,NA,NA,NA,NA
NA,NA,NA,NA,NA,NA,NA,NA,NA,NA,NA,NA,NA,NA,NA,NA,NA
NA,NA,NA,NA,NA,NA,NA,NA,NA,NA,NA,NA,NA,NA,NA,NA,NA
NA,NA,NA,NA,NA,NA,NA,NA,NA,NA,NA,NA,NA,NA,NA,NA,NA
NA,NA,NA,NA,NA,NA,NA,NA,NA,NA,NA,NA,NA,NA,NA,NA,NA
NA,NA,NA,NA,NA,NA,NA,NA,NA,NA,NA,NA,NA,NA,NA,NA,NA
NA,NA,NA,NA,NA,NA,NA,NA,NA,NA,NA,NA,NA,NA,NA,NA,NA
NA,NA,NA,NA,NA,NA,NA,NA,NA,NA,NA,NA,NA,NA,NA,NA,NA
NA,NA,NA,NA,NA,NA,NA,NA,NA,NA,NA,NA,NA,NA,NA,NA,NA
NA,NA,NA,NA,NA,NA,NA,NA,NA,NA,NA,NA,NA,NA,NA,NA,NA
NA,NA,NA,NA,NA,NA,NA,NA,NA,NA,NA,NA,NA,NA,NA,NA,NA
NA,NA,NA,NA,NA,NA,NA,NA,NA,NA,NA,NA,NA,NA,NA,NA,NA
NA,NA,NA,NA,NA,NA,NA,NA,NA,NA,NA,NA,NA,NA,NA,NA,NA
NA,NA,NA,NA,NA,NA,NA,NA,NA,NA,NA,NA,NA,NA,NA,NA,NA
NA,NA,NA,NA,NA,NA,NA,NA,NA,NA,NA,NA,NA,NA,NA,NA,NA
NA,NA,NA,NA,NA,NA,NA,NA,NA,NA,NA,NA,NA,NA,NA,NA,NA
NA,NA,NA,NA,NA,NA,NA,NA,NA,NA,NA,NA,NA,NA,NA,NA,NA
NA,NA,NA,NA,NA,NA,NA,NA,NA,NA,NA,NA,NA,NA,NA,NA,NA
NA,NA,NA,NA,NA,NA,NA,NA,NA,NA,NA,NA,NA,NA,NA,NA,NA
NA,NA,NA,NA,NA,NA,NA,NA,NA,NA,NA,NA,NA,NA,NA,NA,NA
NA,NA,NA,NA,NA,NA,NA,NA,NA,NA,NA,NA,NA,NA,NA,NA,NA
NA,NA,NA,NA,NA,NA,NA,NA,NA,NA,NA,NA,NA,NA,NA,NA,NA
NA,NA,NA,NA,NA,NA,NA,NA,NA,NA,NA,NA,NA,NA,NA,NA,NA
NA,NA,NA,NA,NA,NA,NA,NA,NA,NA,NA,NA,NA,NA,NA,NA,NA
NA,NA,NA,NA,NA,NA,NA,NA,NA,NA,NA,NA,NA,NA,NA,NA,NA
NA,NA,NA,NA,NA,NA,NA,NA,NA,NA,NA,NA,NA,NA,NA,NA,NA
NA,NA,NA,NA,NA,NA,NA,NA,NA,NA,NA,NA,NA,NA,NA,NA,NA
NA,NA,NA,NA,NA,NA,NA,NA,NA,NA,NA,NA,NA,NA,NA,NA,NA
NA,NA,NA,NA,NA,NA,NA,NA,NA,NA,NA,NA,NA,NA,NA,NA,NA
NA,NA,NA,NA,NA,NA,NA,NA,NA,NA,NA,NA,NA,NA,NA,NA,NA
NA,NA,NA,NA,NA,NA,NA,NA,NA,NA,NA,NA,NA,NA,NA,NA,NA
NA,NA,NA,NA,NA,NA,NA,NA,NA,NA,NA,NA,NA,NA,NA,NA,NA
NA,NA,NA,NA,NA,NA,NA,NA,NA,NA,NA,NA,NA,NA,NA,NA,NA
NA,NA,NA,NA,NA,NA,NA,NA,NA,NA,NA,NA,NA,NA,NA,NA,NA
NA,NA,NA,NA,NA,NA,NA,NA,NA,NA,NA,NA,NA,NA,NA,NA,NA
NA,NA,NA,NA,NA,NA,NA,NA,NA,NA,NA,NA,NA,NA,NA,NA,NA
NA,NA,NA,NA,NA,NA,NA,NA,NA,NA,NA,NA,NA,NA,NA,NA,NA
NA,NA,NA,NA,NA,NA,NA,NA,NA,NA,NA,NA,NA,NA,NA,NA,NA
NA,NA,NA,NA,NA,NA,NA,NA,NA,NA,NA,NA,NA,NA,NA,NA,NA
NA,NA,NA,NA,NA,NA,NA,NA,NA,NA,NA,NA,NA,NA,NA,NA,NA
NA,NA,NA,NA,NA,NA,NA,NA,NA,NA,NA,NA,NA,NA,NA,NA,NA
NA,NA,NA,NA,NA,NA,NA,NA,NA,NA,NA,NA,NA,NA,NA,NA,NA
NA,NA,NA,NA,NA,NA,NA,NA,NA,NA,NA,NA,NA,NA,NA,NA,NA
NA,NA,NA,NA,NA,NA,NA,NA,NA,NA,NA,NA,NA,NA,NA,NA,NA
NA,NA,NA,NA,NA,NA,NA,NA,NA,NA,NA,NA,NA,NA,NA,NA,NA
NA,NA,NA,NA,NA,NA,NA,NA,NA,NA,NA,NA,NA,NA,NA,NA,NA
NA,NA,NA,NA,NA,NA,NA,NA,NA,NA,NA,NA,NA,NA,NA,NA,NA
NA,NA,NA,NA,NA,NA,NA,NA,NA,NA,NA,NA,NA,NA,NA,NA,NA
NA,NA,NA,NA,NA,NA,NA,NA,NA,NA,NA,NA,NA,NA,NA,NA,NA
NA,NA,NA,NA,NA,NA,NA,NA,NA,NA,NA,NA,NA,NA,NA,NA,NA
NA,NA,NA,NA,NA,NA,NA,NA,NA,NA,NA,NA,NA,NA,NA,NA,NA
NA,NA,NA,NA,NA,NA,NA,NA,NA,NA,NA,NA,NA,NA,NA,NA,NA
NA,NA,NA,NA,NA,NA,NA,NA,NA,NA,NA,NA,NA,NA,NA,NA,NA
NA,NA,NA,NA,NA,NA,NA,NA,NA,NA,NA,NA,NA,NA,NA,NA,NA
NA,NA,NA,NA,NA,NA,NA,NA,NA,NA,NA,NA,NA,NA,NA,NA,NA
NA,NA,NA,NA,NA,NA,NA,NA,NA,NA,NA,NA,NA,NA,NA,NA,NA
NA,NA,NA,NA,NA,NA,NA,NA,NA,NA,NA,NA,NA,NA,NA,NA,NA
NA,NA,NA,NA,NA,NA,NA,NA,NA,NA,NA,NA,NA,NA,NA,NA,NA
NA,NA,NA,NA,NA,NA,NA,NA,NA,NA,NA,NA,NA,NA,NA,NA,NA
NA,NA,NA,NA,NA,NA,NA,NA,NA,NA,NA,NA,NA,NA,NA,NA,NA
NA,NA,NA,NA,NA,NA,NA,NA,NA,NA,NA,NA,NA,NA,NA,NA,NA
NA,NA,NA,NA,NA,NA,NA,NA,NA,NA,NA,NA,NA,NA,NA,NA,NA
NA,NA,NA,NA,NA,NA,NA,NA,NA,NA,NA,NA,NA,NA,NA,NA,NA
NA,NA,NA,NA,NA,NA,NA,NA,NA,NA,NA,NA,NA,NA,NA,NA,NA
NA,NA,NA,NA,NA,NA,NA,NA,NA,NA,NA,NA,NA,NA,NA,NA,NA
NA,NA,NA,NA,NA,NA,NA,NA,NA,NA,NA,NA,NA,NA,NA,NA,NA
NA,NA,NA,NA,NA,NA,NA,NA,NA,NA,NA,NA,NA,NA,NA,NA,NA
NA,NA,NA,NA,NA,NA,NA,NA,NA,NA,NA,NA,NA,NA,NA,NA,NA
NA,NA,NA,NA,NA,NA,NA,NA,NA,NA,NA,NA,NA,NA,NA,NA,NA
NA,NA,NA,NA,NA,NA,NA,NA,NA,NA,NA,NA,NA,NA,NA,NA,NA
NA,NA,NA,NA,NA,NA,NA,NA,NA,NA,NA,NA,NA,NA,NA,NA,NA
NA,NA,NA,NA,NA,NA,NA,NA,NA,NA,NA,NA,NA,NA,NA,NA,NA
NA,NA,NA,NA,NA,NA,NA,NA,NA,NA,NA,NA,NA,NA,NA,NA,NA
NA,NA,NA,NA,NA,NA,NA,NA,NA,NA,NA,NA,NA,NA,NA,NA,NA
NA,NA,NA,NA,NA,NA,NA,NA,NA,NA,NA,NA,NA,NA,NA,NA,NA
NA,NA,NA,NA,NA,NA,NA,NA,NA,NA,NA,NA,NA,NA,NA,NA,NA
NA,NA,NA,NA,NA,NA,NA,NA,NA,NA,NA,NA,NA,NA,NA,NA,NA
NA,NA,NA,NA,NA,NA,NA,NA,NA,NA,NA,NA,NA,NA,NA,NA,NA
NA,NA,NA,NA,NA,NA,NA,NA,NA,NA,NA,NA,NA,NA,NA,NA,NA
NA,NA,NA,NA,NA,NA,NA,NA,NA,NA,NA,NA,NA,NA,NA,NA,NA
NA,NA,NA,NA,NA,NA,NA,NA,NA,NA,NA,NA,NA,NA,NA,NA,NA
NA,NA,NA,NA,NA,NA,NA,NA,NA,NA,NA,NA,NA,NA,NA,NA,NA
NA,NA,NA,NA,NA,NA,NA,NA,NA,NA,NA,NA,NA,NA,NA,NA,NA
NA,NA,NA,NA,NA,NA,NA,NA,NA,NA,NA,NA,NA,NA,NA,NA,NA
NA,NA,NA,NA,NA,NA,NA,NA,NA,NA,NA,NA,NA,NA,NA,NA,NA
NA,NA,NA,NA,NA,NA,NA,NA,NA,NA,NA,NA,NA,NA,NA,NA,NA
NA,NA,NA,NA,NA,NA,NA,NA,NA,NA,NA,NA,NA,NA,NA,NA,NA
NA,NA,NA,NA,NA,NA,NA,NA,NA,NA,NA,NA,NA,NA,NA,NA,NA
NA,NA,NA,NA,NA,NA,NA,NA,NA,NA,NA,NA,NA,NA,NA,NA,NA
NA,NA,NA,NA,NA,NA,NA,NA,NA,NA,NA,NA,NA,NA,NA,NA,NA
NA,NA,NA,NA,NA,NA,NA,NA,NA,NA,NA,NA,NA,NA,NA,NA,NA
NA,NA,NA,NA,NA,NA,NA,NA,NA,NA,NA,NA,NA,NA,NA,NA,NA
NA,NA,NA,NA,NA,NA,NA,NA,NA,NA,NA,NA,NA,NA,NA,NA,NA
NA,NA,NA,NA,NA,NA,NA,NA,NA,NA,NA,NA,NA,NA,NA,NA,NA
NA,NA,NA,NA,NA,NA,NA,NA,NA,NA,NA,NA,NA,NA,NA,NA,NA
NA,NA,NA,NA,NA,NA,NA,NA,NA,NA,NA,NA,NA,NA,NA,NA,NA
NA,NA,NA,NA,NA,NA,NA,NA,NA,NA,NA,NA,NA,NA,NA,NA,NA
NA,NA,NA,NA,NA,NA,NA,NA,NA,NA,NA,NA,NA,NA,NA,NA,NA
NA,NA,NA,NA,NA,NA,NA,NA,NA,NA,NA,NA,NA,NA,NA,NA,NA
NA,NA,NA,NA,NA,NA,NA,NA,NA,NA,NA,NA,NA,NA,NA,NA,NA
NA,NA,NA,NA,NA,NA,NA,NA,NA,NA,NA,NA,NA,NA,NA,NA,NA
NA,NA,NA,NA,NA,NA,NA,NA,NA,NA,NA,NA,NA,NA,NA,NA,NA
NA,NA,NA,NA,NA,NA,NA,NA,NA,NA,NA,NA,NA,NA,NA,NA,NA
NA,NA,NA,NA,NA,NA,NA,NA,NA,NA,NA,NA,NA,NA,NA,NA,NA
NA,NA,NA,NA,NA,NA,NA,NA,NA,NA,NA,NA,NA,NA,NA,NA,NA
NA,NA,NA,NA,NA,NA,NA,NA,NA,NA,NA,NA,NA,NA,NA,NA,NA
NA,NA,NA,NA,NA,NA,NA,NA,NA,NA,NA,NA,NA,NA,NA,NA,NA
NA,NA,NA,NA,NA,NA,NA,NA,NA,NA,NA,NA,NA,NA,NA,NA,NA
NA,NA,NA,NA,NA,NA,NA,NA,NA,NA,NA,NA,NA,NA,NA,NA,NA
NA,NA,NA,NA,NA,NA,NA,NA,NA,NA,NA,NA,NA,NA,NA,NA,NA
NA,NA,NA,NA,NA,NA,NA,NA,NA,NA,NA,NA,NA,NA,NA,NA,NA
NA,NA,NA,NA,NA,NA,NA,NA,NA,NA,NA,NA,NA,NA,NA,NA,NA
NA,NA,NA,NA,NA,NA,NA,NA,NA,NA,NA,NA,NA,NA,NA,NA,NA
NA,NA,NA,NA,NA,NA,NA,NA,NA,NA,NA,NA,NA,NA,NA,NA,NA
NA,NA,NA,NA,NA,NA,NA,NA,NA,NA,NA,NA,NA,NA,NA,NA,NA
NA,NA,NA,NA,NA,NA,NA,NA,NA,NA,NA,NA,NA,NA,NA,NA,NA
NA,NA,NA,NA,NA,NA,NA,NA,NA,NA,NA,NA,NA,NA,NA,NA,NA
NA,NA,NA,NA,NA,NA,NA,NA,NA,NA,NA,NA,NA,NA,NA,NA,NA
NA,NA,NA,NA,NA,NA,NA,NA,NA,NA,NA,NA,NA,NA,NA,NA,NA
NA,NA,NA,NA,NA,NA,NA,NA,NA,NA,NA,NA,NA,NA,NA,NA,NA
NA,NA,NA,NA,NA,NA,NA,NA,NA,NA,NA,NA,NA,NA,NA,NA,NA
NA,NA,NA,NA,NA,NA,NA,NA,NA,NA,NA,NA,NA,NA,NA,NA,NA
NA,NA,NA,NA,NA,NA,NA,NA,NA,NA,NA,NA,NA,NA,NA,NA,NA
NA,NA,NA,NA,NA,NA,NA,NA,NA,NA,NA,NA,NA,NA,NA,NA,NA
NA,NA,NA,NA,NA,NA,NA,NA,NA,NA,NA,NA,NA,NA,NA,NA,NA
NA,NA,NA,NA,NA,NA,NA,NA,NA,NA,NA,NA,NA,NA,NA,NA,NA
NA,NA,NA,NA,NA,NA,NA,NA,NA,NA,NA,NA,NA,NA,NA,NA,NA
NA,NA,NA,NA,NA,NA,NA,NA,NA,NA,NA,NA,NA,NA,NA,NA,NA
NA,NA,NA,NA,NA,NA,NA,NA,NA,NA,NA,NA,NA,NA,NA,NA,NA
NA,NA,NA,NA,NA,NA,NA,NA,NA,NA,NA,NA,NA,NA,NA,NA,NA
NA,NA,NA,NA,NA,NA,NA,NA,NA,NA,NA,NA,NA,NA,NA,NA,NA
NA,NA,NA,NA,NA,NA,NA,NA,NA,NA,NA,NA,NA,NA,NA,NA,NA
NA,NA,NA,NA,NA,NA,NA,NA,NA,NA,NA,NA,NA,NA,NA,NA,NA
NA,NA,NA,NA,NA,NA,NA,NA,NA,NA,NA,NA,NA,NA,NA,NA,NA
NA,NA,NA,NA,NA,NA,NA,NA,NA,NA,NA,NA,NA,NA,NA,NA,NA
NA,NA,NA,NA,NA,NA,NA,NA,NA,NA,NA,NA,NA,NA,NA,NA,NA
NA,NA,NA,NA,NA,NA,NA,NA,NA,NA,NA,NA,NA,NA,NA,NA,NA
NA,NA,NA,NA,NA,NA,NA,NA,NA,NA,NA,NA,NA,NA,NA,NA,NA
NA,NA,NA,NA,NA,NA,NA,NA,NA,NA,NA,NA,NA,NA,NA,NA,NA
NA,NA,NA,NA,NA,NA,NA,NA,NA,NA,NA,NA,NA,NA,NA,NA,NA
NA,NA,NA,NA,NA,NA,NA,NA,NA,NA,NA,NA,NA,NA,NA,NA,NA
NA,NA,NA,NA,NA,NA,NA,NA,NA,NA,NA,NA,NA,NA,NA,NA,NA
NA,NA,NA,NA,NA,NA,NA,NA,NA,NA,NA,NA,NA,NA,NA,NA,NA
NA,NA,NA,NA,NA,NA,NA,NA,NA,NA,NA,NA,NA,NA,NA,NA,NA
NA,NA,NA,NA,NA,NA,NA,NA,NA,NA,NA,NA,NA,NA,NA,NA,NA
NA,NA,NA,NA,NA,NA,NA,NA,NA,NA,NA,NA,NA,NA,NA,NA,NA
NA,NA,NA,NA,NA,NA,NA,NA,NA,NA,NA,NA,NA,NA,NA,NA,NA
NA,NA,NA,NA,NA,NA,NA,NA,NA,NA,NA,NA,NA,NA,NA,NA,NA
NA,NA,NA,NA,NA,NA,NA,NA,NA,NA,NA,NA,NA,NA,NA,NA,NA
NA,NA,NA,NA,NA,NA,NA,NA,NA,NA,NA,NA,NA,NA,NA,NA,NA
NA,NA,NA,NA,NA,NA,NA,NA,NA,NA,NA,NA,NA,NA,NA,NA,NA
NA,NA,NA,NA,NA,NA,NA,NA,NA,NA,NA,NA,NA,NA,NA,NA,NA
NA,NA,NA,NA,NA,NA,NA,NA,NA,NA,NA,NA,NA,NA,NA,NA,NA
NA,NA,NA,NA,NA,NA,NA,NA,NA,NA,NA,NA,NA,NA,NA,NA,NA
NA,NA,NA,NA,NA,NA,NA,NA,NA,NA,NA,NA,NA,NA,NA,NA,NA
NA,NA,NA,NA,NA,NA,NA,NA,NA,NA,NA,NA,NA,NA,NA,NA,NA
NA,NA,NA,NA,NA,NA,NA,NA,NA,NA,NA,NA,NA,NA,NA,NA,NA
NA,NA,NA,NA,NA,NA,NA,NA,NA,NA,NA,NA,NA,NA,NA,NA,NA
NA,NA,NA,NA,NA,NA,NA,NA,NA,NA,NA,NA,NA,NA,NA,NA,NA
NA,NA,NA,NA,NA,NA,NA,NA,NA,NA,NA,NA,NA,NA,NA,NA,NA
NA,NA,NA,NA,NA,NA,NA,NA,NA,NA,NA,NA,NA,NA,NA,NA,NA
NA,NA,NA,NA,NA,NA,NA,NA,NA,NA,NA,NA,NA,NA,NA,NA,NA
NA,NA,NA,NA,NA,NA,NA,NA,NA,NA,NA,NA,NA,NA,NA,NA,NA
NA,NA,NA,NA,NA,NA,NA,NA,NA,NA,NA,NA,NA,NA,NA,NA,NA
NA,NA,NA,NA,NA,NA,NA,NA,NA,NA,NA,NA,NA,NA,NA,NA,NA
NA,NA,NA,NA,NA,NA,NA,NA,NA,NA,NA,NA,NA,NA,NA,NA,NA
NA,NA,NA,NA,NA,NA,NA,NA,NA,NA,NA,NA,NA,NA,NA,NA,NA
NA,NA,NA,NA,NA,NA,NA,NA,NA,NA,NA,NA,NA,NA,NA,NA,NA
NA,NA,NA,NA,NA,NA,NA,NA,NA,NA,NA,NA,NA,NA,NA,NA,NA
NA,NA,NA,NA,NA,NA,NA,NA,NA,NA,NA,NA,NA,NA,NA,NA,NA
NA,NA,NA,NA,NA,NA,NA,NA,NA,NA,NA,NA,NA,NA,NA,NA,NA
NA,NA,NA,NA,NA,NA,NA,NA,NA,NA,NA,NA,NA,NA,NA,NA,NA
NA,NA,NA,NA,NA,NA,NA,NA,NA,NA,NA,NA,NA,NA,NA,NA,NA
NA,NA,NA,NA,NA,NA,NA,NA,NA,NA,NA,NA,NA,NA,NA,NA,NA
NA,NA,NA,NA,NA,NA,NA,NA,NA,NA,NA,NA,NA,NA,NA,NA,NA
NA,NA,NA,NA,NA,NA,NA,NA,NA,NA,NA,NA,NA,NA,NA,NA,NA
NA,NA,NA,NA,NA,NA,NA,NA,NA,NA,NA,NA,NA,NA,NA,NA,NA
NA,NA,NA,NA,NA,NA,NA,NA,NA,NA,NA,NA,NA,NA,NA,NA,NA
NA,NA,NA,NA,NA,NA,NA,NA,NA,NA,NA,NA,NA,NA,NA,NA,NA
NA,NA,NA,NA,NA,NA,NA,NA,NA,NA,NA,NA,NA,NA,NA,NA,NA
NA,NA,NA,NA,NA,NA,NA,NA,NA,NA,NA,NA,NA,NA,NA,NA,NA
NA,NA,NA,NA,NA,NA,NA,NA,NA,NA,NA,NA,NA,NA,NA,NA,NA
NA,NA,NA,NA,NA,NA,NA,NA,NA,NA,NA,NA,NA,NA,NA,NA,NA
NA,NA,NA,NA,NA,NA,NA,NA,NA,NA,NA,NA,NA,NA,NA,NA,NA
NA,NA,NA,NA,NA,NA,NA,NA,NA,NA,NA,NA,NA,NA,NA,NA,NA
NA,NA,NA,NA,NA,NA,NA,NA,NA,NA,NA,NA,NA,NA,NA,NA,NA
NA,NA,NA,NA,NA,NA,NA,NA,NA,NA,NA,NA,NA,NA,NA,NA,NA
NA,NA,NA,NA,NA,NA,NA,NA,NA,NA,NA,NA,NA,NA,NA,NA,NA
NA,NA,NA,NA,NA,NA,NA,NA,NA,NA,NA,NA,NA,NA,NA,NA,NA
NA,NA,NA,NA,NA,NA,NA,NA,NA,NA,NA,NA,NA,NA,NA,NA,NA
NA,NA,NA,NA,NA,NA,NA,NA,NA,NA,NA,NA,NA,NA,NA,NA,NA
NA,NA,NA,NA,NA,NA,NA,NA,NA,NA,NA,NA,NA,NA,NA,NA,NA
NA,NA,NA,NA,NA,NA,NA,NA,NA,NA,NA,NA,NA,NA,NA,NA,NA
NA,NA,NA,NA,NA,NA,NA,NA,NA,NA,NA,NA,NA,NA,NA,NA,NA
NA,NA,NA,NA,NA,NA,NA,NA,NA,NA,NA,NA,NA,NA,NA,NA,NA
NA,NA,NA,NA,NA,NA,NA,NA,NA,NA,NA,NA,NA,NA,NA,NA,NA
NA,NA,NA,NA,NA,NA,NA,NA,NA,NA,NA,NA,NA,NA,NA,NA,NA
NA,NA,NA,NA,NA,NA,NA,NA,NA,NA,NA,NA,NA,NA,NA,NA,NA
NA,NA,NA,NA,NA,NA,NA,NA,NA,NA,NA,NA,NA,NA,NA,NA,NA
NA,NA,NA,NA,NA,NA,NA,NA,NA,NA,NA,NA,NA,NA,NA,NA,NA
NA,NA,NA,NA,NA,NA,NA,NA,NA,NA,NA,NA,NA,NA,NA,NA,NA
NA,NA,NA,NA,NA,NA,NA,NA,NA,NA,NA,NA,NA,NA,NA,NA,NA
NA,NA,NA,NA,NA,NA,NA,NA,NA,NA,NA,NA,NA,NA,NA,NA,NA
NA,NA,NA,NA,NA,NA,NA,NA,NA,NA,NA,NA,NA,NA,NA,NA,NA
NA,NA,NA,NA,NA,NA,NA,NA,NA,NA,NA,NA,NA,NA,NA,NA,NA
NA,NA,NA,NA,NA,NA,NA,NA,NA,NA,NA,NA,NA,NA,NA,NA,NA
NA,NA,NA,NA,NA,NA,NA,NA,NA,NA,NA,NA,NA,NA,NA,NA,NA
NA,NA,NA,NA,NA,NA,NA,NA,NA,NA,NA,NA,NA,NA,NA,NA,NA
NA,NA,NA,NA,NA,NA,NA,NA,NA,NA,NA,NA,NA,NA,NA,NA,NA
NA,NA,NA,NA,NA,NA,NA,NA,NA,NA,NA,NA,NA,NA,NA,NA,NA
NA,NA,NA,NA,NA,NA,NA,NA,NA,NA,NA,NA,NA,NA,NA,NA,NA
NA,NA,NA,NA,NA,NA,NA,NA,NA,NA,NA,NA,NA,NA,NA,NA,NA
NA,NA,NA,NA,NA,NA,NA,NA,NA,NA,NA,NA,NA,NA,NA,NA,NA
NA,NA,NA,NA,NA,NA,NA,NA,NA,NA,NA,NA,NA,NA,NA,NA,NA
NA,NA,NA,NA,NA,NA,NA,NA,NA,NA,NA,NA,NA,NA,NA,NA,NA
NA,NA,NA,NA,NA,NA,NA,NA,NA,NA,NA,NA,NA,NA,NA,NA,NA
NA,NA,NA,NA,NA,NA,NA,NA,NA,NA,NA,NA,NA,NA,NA,NA,NA
NA,NA,NA,NA,NA,NA,NA,NA,NA,NA,NA,NA,NA,NA,NA,NA,NA
NA,NA,NA,NA,NA,NA,NA,NA,NA,NA,NA,NA,NA,NA,NA,NA,NA
NA,NA,NA,NA,NA,NA,NA,NA,NA,NA,NA,NA,NA,NA,NA,NA,NA
NA,NA,NA,NA,NA,NA,NA,NA,NA,NA,NA,NA,NA,NA,NA,NA,NA
NA,NA,NA,NA,NA,NA,NA,NA,NA,NA,NA,NA,NA,NA,NA,NA,NA
NA,NA,NA,NA,NA,NA,NA,NA,NA,NA,NA,NA,NA,NA,NA,NA,NA
NA,NA,NA,NA,NA,NA,NA,NA,NA,NA,NA,NA,NA,NA,NA,NA,NA
NA,NA,NA,NA,NA,NA,NA,NA,NA,NA,NA,NA,NA,NA,NA,NA,NA
NA,NA,NA,NA,NA,NA,NA,NA,NA,NA,NA,NA,NA,NA,NA,NA,NA
NA,NA,NA,NA,NA,NA,NA,NA,NA,NA,NA,NA,NA,NA,NA,NA,NA
NA,NA,NA,NA,NA,NA,NA,NA,NA,NA,NA,NA,NA,NA,NA,NA,NA
NA,NA,NA,NA,NA,NA,NA,NA,NA,NA,NA,NA,NA,NA,NA,NA,NA
NA,NA,NA,NA,NA,NA,NA,NA,NA,NA,NA,NA,NA,NA,NA,NA,NA
NA,NA,NA,NA,NA,NA,NA,NA,NA,NA,NA,NA,NA,NA,NA,NA,NA
NA,NA,NA,NA,NA,NA,NA,NA,NA,NA,NA,NA,NA,NA,NA,NA,NA
NA,NA,NA,NA,NA,NA,NA,NA,NA,NA,NA,NA,NA,NA,NA,NA,NA
NA,NA,NA,NA,NA,NA,NA,NA,NA,NA,NA,NA,NA,NA,NA,NA,NA
NA,NA,NA,NA,NA,NA,NA,NA,NA,NA,NA,NA,NA,NA,NA,NA,NA
NA,NA,NA,NA,NA,NA,NA,NA,NA,NA,NA,NA,NA,NA,NA,NA,NA
NA,NA,NA,NA,NA,NA,NA,NA,NA,NA,NA,NA,NA,NA,NA,NA,NA
NA,NA,NA,NA,NA,NA,NA,NA,NA,NA,NA,NA,NA,NA,NA,NA,NA
NA,NA,NA,NA,NA,NA,NA,NA,NA,NA,NA,NA,NA,NA,NA,NA,NA
NA,NA,NA,NA,NA,NA,NA,NA,NA,NA,NA,NA,NA,NA,NA,NA,NA
NA,NA,NA,NA,NA,NA,NA,NA,NA,NA,NA,NA,NA,NA,NA,NA,NA
NA,NA,NA,NA,NA,NA,NA,NA,NA,NA,NA,NA,NA,NA,NA,NA,NA
NA,NA,NA,NA,NA,NA,NA,NA,NA,NA,NA,NA,NA,NA,NA,NA,NA
NA,NA,NA,NA,NA,NA,NA,NA,NA,NA,NA,NA,NA,NA,NA,NA,NA
NA,NA,NA,NA,NA,NA,NA,NA,NA,NA,NA,NA,NA,NA,NA,NA,NA
NA,NA,NA,NA,NA,NA,NA,NA,NA,NA,NA,NA,NA,NA,NA,NA,NA
NA,NA,NA,NA,NA,NA,NA,NA,NA,NA,NA,NA,NA,NA,NA,NA,NA
NA,NA,NA,NA,NA,NA,NA,NA,NA,NA,NA,NA,NA,NA,NA,NA,NA
NA,NA,NA,NA,NA,NA,NA,NA,NA,NA,NA,NA,NA,NA,NA,NA,NA
NA,NA,NA,NA,NA,NA,NA,NA,NA,NA,NA,NA,NA,NA,NA,NA,NA
NA,NA,NA,NA,NA,NA,NA,NA,NA,NA,NA,NA,NA,NA,NA,NA,NA
NA,NA,NA,NA,NA,NA,NA,NA,NA,NA,NA,NA,NA,NA,NA,NA,NA
NA,NA,NA,NA,NA,NA,NA,NA,NA,NA,NA,NA,NA,NA,NA,NA,NA
NA,NA,NA,NA,NA,NA,NA,NA,NA,NA,NA,NA,NA,NA,NA,NA,NA
NA,NA,NA,NA,NA,NA,NA,NA,NA,NA,NA,NA,NA,NA,NA,NA,NA
NA,NA,NA,NA,NA,NA,NA,NA,NA,NA,NA,NA,NA,NA,NA,NA,NA
NA,NA,NA,NA,NA,NA,NA,NA,NA,NA,NA,NA,NA,NA,NA,NA,NA
NA,NA,NA,NA,NA,NA,NA,NA,NA,NA,NA,NA,NA,NA,NA,NA,NA
NA,NA,NA,NA,NA,NA,NA,NA,NA,NA,NA,NA,NA,NA,NA,NA,NA
NA,NA,NA,NA,NA,NA,NA,NA,NA,NA,NA,NA,NA,NA,NA,NA,NA
NA,NA,NA,NA,NA,NA,NA,NA,NA,NA,NA,NA,NA,NA,NA,NA,NA
NA,NA,NA,NA,NA,NA,NA,NA,NA,NA,NA,NA,NA,NA,NA,NA,NA
NA,NA,NA,NA,NA,NA,NA,NA,NA,NA,NA,NA,NA,NA,NA,NA,NA
NA,NA,NA,NA,NA,NA,NA,NA,NA,NA,NA,NA,NA,NA,NA,NA,NA
NA,NA,NA,NA,NA,NA,NA,NA,NA,NA,NA,NA,NA,NA,NA,NA,NA
NA,NA,NA,NA,NA,NA,NA,NA,NA,NA,NA,NA,NA,NA,NA,NA,NA
NA,NA,NA,NA,NA,NA,NA,NA,NA,NA,NA,NA,NA,NA,NA,NA,NA
NA,NA,NA,NA,NA,NA,NA,NA,NA,NA,NA,NA,NA,NA,NA,NA,NA
NA,NA,NA,NA,NA,NA,NA,NA,NA,NA,NA,NA,NA,NA,NA,NA,NA
NA,NA,NA,NA,NA,NA,NA,NA,NA,NA,NA,NA,NA,NA,NA,NA,NA
NA,NA,NA,NA,NA,NA,NA,NA,NA,NA,NA,NA,NA,NA,NA,NA,NA
NA,NA,NA,NA,NA,NA,NA,NA,NA,NA,NA,NA,NA,NA,NA,NA,NA
NA,NA,NA,NA,NA,NA,NA,NA,NA,NA,NA,NA,NA,NA,NA,NA,NA
NA,NA,NA,NA,NA,NA,NA,NA,NA,NA,NA,NA,NA,NA,NA,NA,NA
NA,NA,NA,NA,NA,NA,NA,NA,NA,NA,NA,NA,NA,NA,NA,NA,NA
NA,NA,NA,NA,NA,NA,NA,NA,NA,NA,NA,NA,NA,NA,NA,NA,NA
NA,NA,NA,NA,NA,NA,NA,NA,NA,NA,NA,NA,NA,NA,NA,NA,NA
NA,NA,NA,NA,NA,NA,NA,NA,NA,NA,NA,NA,NA,NA,NA,NA,NA
NA,NA,NA,NA,NA,NA,NA,NA,NA,NA,NA,NA,NA,NA,NA,NA,NA
NA,NA,NA,NA,NA,NA,NA,NA,NA,NA,NA,NA,NA,NA,NA,NA,NA
NA,NA,NA,NA,NA,NA,NA,NA,NA,NA,NA,NA,NA,NA,NA,NA,NA
NA,NA,NA,NA,NA,NA,NA,NA,NA,NA,NA,NA,NA,NA,NA,NA,NA
NA,NA,NA,NA,NA,NA,NA,NA,NA,NA,NA,NA,NA,NA,NA,NA,NA
NA,NA,NA,NA,NA,NA,NA,NA,NA,NA,NA,NA,NA,NA,NA,NA,NA
NA,NA,NA,NA,NA,NA,NA,NA,NA,NA,NA,NA,NA,NA,NA,NA,NA
NA,NA,NA,NA,NA,NA,NA,NA,NA,NA,NA,NA,NA,NA,NA,NA,NA
NA,NA,NA,NA,NA,NA,NA,NA,NA,NA,NA,NA,NA,NA,NA,NA,NA
NA,NA,NA,NA,NA,NA,NA,NA,NA,NA,NA,NA,NA,NA,NA,NA,NA
NA,NA,NA,NA,NA,NA,NA,NA,NA,NA,NA,NA,NA,NA,NA,NA,NA
NA,NA,NA,NA,NA,NA,NA,NA,NA,NA,NA,NA,NA,NA,NA,NA,NA
NA,NA,NA,NA,NA,NA,NA,NA,NA,NA,NA,NA,NA,NA,NA,NA,NA
NA,NA,NA,NA,NA,NA,NA,NA,NA,NA,NA,NA,NA,NA,NA,NA,NA
NA,NA,NA,NA,NA,NA,NA,NA,NA,NA,NA,NA,NA,NA,NA,NA,NA
NA,NA,NA,NA,NA,NA,NA,NA,NA,NA,NA,NA,NA,NA,NA,NA,NA
NA,NA,NA,NA,NA,NA,NA,NA,NA,NA,NA,NA,NA,NA,NA,NA,NA
NA,NA,NA,NA,NA,NA,NA,NA,NA,NA,NA,NA,NA,NA,NA,NA,NA
NA,NA,NA,NA,NA,NA,NA,NA,NA,NA,NA,NA,NA,NA,NA,NA,NA
NA,NA,NA,NA,NA,NA,NA,NA,NA,NA,NA,NA,NA,NA,NA,NA,NA
NA,NA,NA,NA,NA,NA,NA,NA,NA,NA,NA,NA,NA,NA,NA,NA,NA
NA,NA,NA,NA,NA,NA,NA,NA,NA,NA,NA,NA,NA,NA,NA,NA,NA
NA,NA,NA,NA,NA,NA,NA,NA,NA,NA,NA,NA,NA,NA,NA,NA,NA
NA,NA,NA,NA,NA,NA,NA,NA,NA,NA,NA,NA,NA,NA,NA,NA,NA
NA,NA,NA,NA,NA,NA,NA,NA,NA,NA,NA,NA,NA,NA,NA,NA,NA
NA,NA,NA,NA,NA,NA,NA,NA,NA,NA,NA,NA,NA,NA,NA,NA,NA
NA,NA,NA,NA,NA,NA,NA,NA,NA,NA,NA,NA,NA,NA,NA,NA,NA
NA,NA,NA,NA,NA,NA,NA,NA,NA,NA,NA,NA,NA,NA,NA,NA,NA
NA,NA,NA,NA,NA,NA,NA,NA,NA,NA,NA,NA,NA,NA,NA,NA,NA
NA,NA,NA,NA,NA,NA,NA,NA,NA,NA,NA,NA,NA,NA,NA,NA,NA
NA,NA,NA,NA,NA,NA,NA,NA,NA,NA,NA,NA,NA,NA,NA,NA,NA
NA,NA,NA,NA,NA,NA,NA,NA,NA,NA,NA,NA,NA,NA,NA,NA,NA
NA,NA,NA,NA,NA,NA,NA,NA,NA,NA,NA,NA,NA,NA,NA,NA,NA
NA,NA,NA,NA,NA,NA,NA,NA,NA,NA,NA,NA,NA,NA,NA,NA,NA
NA,NA,NA,NA,NA,NA,NA,NA,NA,NA,NA,NA,NA,NA,NA,NA,NA
NA,NA,NA,NA,NA,NA,NA,NA,NA,NA,NA,NA,NA,NA,NA,NA,NA
NA,NA,NA,NA,NA,NA,NA,NA,NA,NA,NA,NA,NA,NA,NA,NA,NA
NA,NA,NA,NA,NA,NA,NA,NA,NA,NA,NA,NA,NA,NA,NA,NA,NA
NA,NA,NA,NA,NA,NA,NA,NA,NA,NA,NA,NA,NA,NA,NA,NA,NA
NA,NA,NA,NA,NA,NA,NA,NA,NA,NA,NA,NA,NA,NA,NA,NA,NA
NA,NA,NA,NA,NA,NA,NA,NA,NA,NA,NA,NA,NA,NA,NA,NA,NA
NA,NA,NA,NA,NA,NA,NA,NA,NA,NA,NA,NA,NA,NA,NA,NA,NA
NA,NA,NA,NA,NA,NA,NA,NA,NA,NA,NA,NA,NA,NA,NA,NA,NA
NA,NA,NA,NA,NA,NA,NA,NA,NA,NA,NA,NA,NA,NA,NA,NA,NA
NA,NA,NA,NA,NA,NA,NA,NA,NA,NA,NA,NA,NA,NA,NA,NA,NA
NA,NA,NA,NA,NA,NA,NA,NA,NA,NA,NA,NA,NA,NA,NA,NA,NA
NA,NA,NA,NA,NA,NA,NA,NA,NA,NA,NA,NA,NA,NA,NA,NA,NA
NA,NA,NA,NA,NA,NA,NA,NA,NA,NA,NA,NA,NA,NA,NA,NA,NA
NA,NA,NA,NA,NA,NA,NA,NA,NA,NA,NA,NA,NA,NA,NA,NA,NA
NA,NA,NA,NA,NA,NA,NA,NA,NA,NA,NA,NA,NA,NA,NA,NA,NA
NA,NA,NA,NA,NA,NA,NA,NA,NA,NA,NA,NA,NA,NA,NA,NA,NA
NA,NA,NA,NA,NA,NA,NA,NA,NA,NA,NA,NA,NA,NA,NA,NA,NA
NA,NA,NA,NA,NA,NA,NA,NA,NA,NA,NA,NA,NA,NA,NA,NA,NA
NA,NA,NA,NA,NA,NA,NA,NA,NA,NA,NA,NA,NA,NA,NA,NA,NA
NA,NA,NA,NA,NA,NA,NA,NA,NA,NA,NA,NA,NA,NA,NA,NA,NA
NA,NA,NA,NA,NA,NA,NA,NA,NA,NA,NA,NA,NA,NA,NA,NA,NA
NA,NA,NA,NA,NA,NA,NA,NA,NA,NA,NA,NA,NA,NA,NA,NA,NA
NA,NA,NA,NA,NA,NA,NA,NA,NA,NA,NA,NA,NA,NA,NA,NA,NA
NA,NA,NA,NA,NA,NA,NA,NA,NA,NA,NA,NA,NA,NA,NA,NA,NA
NA,NA,NA,NA,NA,NA,NA,NA,NA,NA,NA,NA,NA,NA,NA,NA,NA
NA,NA,NA,NA,NA,NA,NA,NA,NA,NA,NA,NA,NA,NA,NA,NA,NA
NA,NA,NA,NA,NA,NA,NA,NA,NA,NA,NA,NA,NA,NA,NA,NA,NA
NA,NA,NA,NA,NA,NA,NA,NA,NA,NA,NA,NA,NA,NA,NA,NA,NA
NA,NA,NA,NA,NA,NA,NA,NA,NA,NA,NA,NA,NA,NA,NA,NA,NA
NA,NA,NA,NA,NA,NA,NA,NA,NA,NA,NA,NA,NA,NA,NA,NA,NA
NA,NA,NA,NA,NA,NA,NA,NA,NA,NA,NA,NA,NA,NA,NA,NA,NA
NA,NA,NA,NA,NA,NA,NA,NA,NA,NA,NA,NA,NA,NA,NA,NA,NA
NA,NA,NA,NA,NA,NA,NA,NA,NA,NA,NA,NA,NA,NA,NA,NA,NA
NA,NA,NA,NA,NA,NA,NA,NA,NA,NA,NA,NA,NA,NA,NA,NA,NA
NA,NA,NA,NA,NA,NA,NA,NA,NA,NA,NA,NA,NA,NA,NA,NA,NA
NA,NA,NA,NA,NA,NA,NA,NA,NA,NA,NA,NA,NA,NA,NA,NA,NA
NA,NA,NA,NA,NA,NA,NA,NA,NA,NA,NA,NA,NA,NA,NA,NA,NA
NA,NA,NA,NA,NA,NA,NA,NA,NA,NA,NA,NA,NA,NA,NA,NA,NA
NA,NA,NA,NA,NA,NA,NA,NA,NA,NA,NA,NA,NA,NA,NA,NA,NA
NA,NA,NA,NA,NA,NA,NA,NA,NA,NA,NA,NA,NA,NA,NA,NA,NA
NA,NA,NA,NA,NA,NA,NA,NA,NA,NA,NA,NA,NA,NA,NA,NA,NA
NA,NA,NA,NA,NA,NA,NA,NA,NA,NA,NA,NA,NA,NA,NA,NA,NA
NA,NA,NA,NA,NA,NA,NA,NA,NA,NA,NA,NA,NA,NA,NA,NA,NA
NA,NA,NA,NA,NA,NA,NA,NA,NA,NA,NA,NA,NA,NA,NA,NA,NA
NA,NA,NA,NA,NA,NA,NA,NA,NA,NA,NA,NA,NA,NA,NA,NA,NA
NA,NA,NA,NA,NA,NA,NA,NA,NA,NA,NA,NA,NA,NA,NA,NA,NA
NA,NA,NA,NA,NA,NA,NA,NA,NA,NA,NA,NA,NA,NA,NA,NA,NA
NA,NA,NA,NA,NA,NA,NA,NA,NA,NA,NA,NA,NA,NA,NA,NA,NA
NA,NA,NA,NA,NA,NA,NA,NA,NA,NA,NA,NA,NA,NA,NA,NA,NA
NA,NA,NA,NA,NA,NA,NA,NA,NA,NA,NA,NA,NA,NA,NA,NA,NA
NA,NA,NA,NA,NA,NA,NA,NA,NA,NA,NA,NA,NA,NA,NA,NA,NA
NA,NA,NA,NA,NA,NA,NA,NA,NA,NA,NA,NA,NA,NA,NA,NA,NA
NA,NA,NA,NA,NA,NA,NA,NA,NA,NA,NA,NA,NA,NA,NA,NA,NA
NA,NA,NA,NA,NA,NA,NA,NA,NA,NA,NA,NA,NA,NA,NA,NA,NA
NA,NA,NA,NA,NA,NA,NA,NA,NA,NA,NA,NA,NA,NA,NA,NA,NA
NA,NA,NA,NA,NA,NA,NA,NA,NA,NA,NA,NA,NA,NA,NA,NA,NA
NA,NA,NA,NA,NA,NA,NA,NA,NA,NA,NA,NA,NA,NA,NA,NA,NA
NA,NA,NA,NA,NA,NA,NA,NA,NA,NA,NA,NA,NA,NA,NA,NA,NA
NA,NA,NA,NA,NA,NA,NA,NA,NA,NA,NA,NA,NA,NA,NA,NA,NA
NA,NA,NA,NA,NA,NA,NA,NA,NA,NA,NA,NA,NA,NA,NA,NA,NA
