"guide","dataset","table","variable","type","n_rows","missing","missing_pct","distinct","domain_or_distribution","values_if_small_domain","metadata_match","plida_variable_descriptions","plida_products","blade_item","blade_valid_response","blade_available_periods"
"vital-events","BIRTHS","plidage-births-2006-latest","AGE_FATHER","integer",75,0,0,25,"16.0 / 30.0 / 33.0 / 36.5 / 49.0","16; 19; 21; 23; 25; 26; 27; 28; 29; 30; 31; 32; 33; 34; 35; 36; 37; 38; 39; 40; 41; 43; 45; 46; 49","matched PLIDA variable metadata","Age of Father","plidage-births-2006-latest","","",""
"vital-events","BIRTHS","plidage-births-2006-latest","AGE_MOTHER","integer",75,0,0,22,"17 / 27 / 31 / 34 / 46","17; 20; 22; 23; 24; 25; 26; 27; 28; 29; 30; 31; 32; 33; 34; 35; 36; 37; 40; 41; 42; 46","matched PLIDA variable metadata","Age of Mother","plidage-births-2006-latest","","",""
"vital-events","BIRTHS","plidage-births-2006-latest","BIRTH_ID","character",75,0,0,75,"B1E31F1285AB19821=1; B1E31F1285AB1983F=1; B1E31F1285AB1987A=1; B1E31F1285AB19880=1; B1E31F1285AB19883=1; B1E31F1285AB1989B=1; B1E31F1285AB198B8=1; B1E31F1285AB198DF=1","","matched PLIDA variable metadata","Birth Identifier (Note: Variable has been hashed)","plidage-births-2006-latest","","",""
"vital-events","BIRTHS","plidage-births-2006-latest","BIRTH_MONTH","integer",75,0,0,12,"1.0 / 3.0 / 6.0 / 9.5 / 12.0","1; 10; 11; 12; 2; 3; 4; 5; 6; 7; 8; 9","matched PLIDA variable metadata","Month of Birth of Child","plidage-births-2006-latest","","",""
"vital-events","BIRTHS","plidage-births-2006-latest","BIRTH_PLACE_CODE_FATHER","integer",75,0,0,9,"1101 / 1101 / 1101 / 1201 / 9225","1101; 1201; 2102; 3207; 5105; 5204; 6101; 7103; 9225","matched PLIDA variable metadata","Place of Birth of Father","plidage-births-2006-latest","","",""
"vital-events","BIRTHS","plidage-births-2006-latest","BIRTH_PLACE_CODE_MOTHER","integer",75,0,0,11,"1101 / 1101 / 1101 / 1201 / 9225","1101; 1201; 2102; 3207; 5105; 5203; 5204; 6101; 7103; 7106; 9225","matched PLIDA variable metadata","Place of Birth of Mother","plidage-births-2006-latest","","",""
"vital-events","BIRTHS","plidage-births-2006-latest","BIRTH_WEIGHT","integer",75,0,0,74,"2188.0 / 2936.5 / 3351.0 / 3629.5 / 4519.0","","matched PLIDA variable metadata","Birth weight of child","plidage-births-2006-latest","","",""
"vital-events","BIRTHS","plidage-births-2006-latest","BIRTH_YEAR","integer",75,0,0,16,"2006 / 2010 / 2014 / 2018 / 2021","2006; 2007; 2008; 2009; 2010; 2011; 2012; 2013; 2014; 2015; 2016; 2017; 2018; 2019; 2020; 2021","matched PLIDA variable metadata","Year of Birth of Child","plidage-births-2006-latest","","",""
"vital-events","BIRTHS","plidage-births-2006-latest","FIRST_TIME_MOTHER","character",75,0,0,2,"N=43; Y=32","N; Y","matched PLIDA variable metadata","Based on previous issue data","plidage-births-2006-latest","","",""
"vital-events","BIRTHS","plidage-births-2006-latest","GENDER_CHILD","character",75,0,0,2,"F=38; M=37","F; M","matched PLIDA variable metadata","Sex of Child","plidage-births-2006-latest","","",""
"vital-events","BIRTHS","plidage-births-2006-latest","INDIGENOUS_CODE_CHILD","integer",75,0,0,2,"1 / 1 / 1 / 1 / 2","1; 2","matched PLIDA variable metadata","Indigenous Status of Child","plidage-births-2006-latest","","",""
"vital-events","BIRTHS","plidage-births-2006-latest","INDIGENOUS_CODE_FATHER","integer",75,0,0,2,"1 / 1 / 1 / 1 / 2","1; 2","matched PLIDA variable metadata","Indigenous Status of Father","plidage-births-2006-latest","","",""
"vital-events","BIRTHS","plidage-births-2006-latest","INDIGENOUS_CODE_MOTHER","integer",75,0,0,2,"1 / 1 / 1 / 1 / 2","1; 2","matched PLIDA variable metadata","Indigenous Status of Mother","plidage-births-2006-latest","","",""
"vital-events","BIRTHS","plidage-births-2006-latest","MONTH_BIRTH_MOTHER","integer",75,0,0,12,"1 / 3 / 6 / 9 / 12","1; 10; 11; 12; 2; 3; 4; 5; 6; 7; 8; 9","matched PLIDA variable metadata","Month of birth of Mother","plidage-births-2006-latest","","",""
"vital-events","BIRTHS","plidage-births-2006-latest","MULTI_BIRTH_FLAG","character",75,0,0,2,"N=72; Y=3","N; Y","matched PLIDA variable metadata","Multiple Birth Flag","plidage-births-2006-latest","","",""
"vital-events","BIRTHS","plidage-births-2006-latest","PATERNITY","character",75,0,0,2,"1=67; 0=8","0; 1","matched PLIDA variable metadata","Paternity Flag","plidage-births-2006-latest","","",""
"vital-events","BIRTHS","plidage-births-2006-latest","PERSON_FLAG","character",75,0,0,1,"Child=75","Child","matched PLIDA variable metadata","Identifies if address relates to Child, Parent 1, or Parent 2","plidage-births-2006-latest","","",""
"vital-events","BIRTHS","plidage-births-2006-latest","PLURALITY","integer",75,0,0,2,"1 / 1 / 1 / 1 / 2","1; 2","matched PLIDA variable metadata","Birth Order and Plurality","plidage-births-2006-latest","","",""
"vital-events","BIRTHS","plidage-births-2006-latest","REG_STATE","integer",75,0,0,7,"1 / 1 / 2 / 3 / 8","1; 2; 3; 4; 5; 6; 8","matched PLIDA variable metadata","State/Territory of Birth Registration","plidage-births-2006-latest","","",""
"vital-events","BIRTHS","plidage-births-2006-latest","REG_YEAR","integer",75,0,0,16,"2006 / 2010 / 2014 / 2018 / 2021","2006; 2007; 2008; 2009; 2010; 2011; 2012; 2013; 2014; 2015; 2016; 2017; 2018; 2019; 2020; 2021","matched PLIDA variable metadata","Year of Birth Registration","plidage-births-2006-latest","","",""
"vital-events","BIRTHS","plidage-births-2006-latest","RESIDENCE_MONTHS_FATHER","integer",75,0,0,41,"0 / 263 / 384 / 432 / 552","","matched PLIDA variable metadata","Father's Period of Residence in Australia (in Months)","plidage-births-2006-latest","","",""
"vital-events","BIRTHS","plidage-births-2006-latest","RESIDENCE_MONTHS_MOTHER","integer",75,0,0,36,"0 / 252 / 337 / 390 / 552","","matched PLIDA variable metadata","Mother's Period of Residence in Australia (in Months)","plidage-births-2006-latest","","",""
"vital-events","BIRTHS","plidage-births-2006-latest","RESIDENCE_YEARS_FATHER","integer",75,0,0,31,"0.0 / 21.5 / 32.0 / 36.0 / 46.0","","matched PLIDA variable metadata","Father's Period of Residence in Australia (in Years)","plidage-births-2006-latest","","",""
"vital-events","BIRTHS","plidage-births-2006-latest","RESIDENCE_YEARS_MOTHER","integer",75,0,0,31,"0.0 / 21.0 / 28.0 / 32.5 / 46.0","","matched PLIDA variable metadata","Mother's Period of Residence in Australia (in Years)","plidage-births-2006-latest","","",""
"vital-events","BIRTHS","plidage-births-2006-latest","SYNTHETIC_AEUID","character",75,0,0,75,"EA4FE0000004=1; EA4FE000000D=1; EA4FE000001E=1; EA4FE0000024=1; EA4FE0000027=1; EA4FE000002A=1; EA4FE0000032=1; EA4FE0000044=1","","matched PLIDA variable metadata","Synthetic MADIP Person ID | Synthetic id of individual person on dataset","plidage-births-2006-latest","","",""
"vital-events","BIRTHS","plidage-births-2006-latest","URES_IEO_DECILE_MOTHER","integer",75,0,0,10,"1 / 3 / 5 / 8 / 10","1; 10; 2; 3; 4; 5; 6; 7; 8; 9","matched PLIDA variable metadata","Mother's Index of Education and Occupation of Usual Residence (and child)","plidage-births-2006-latest","","",""
"vital-events","BIRTHS","plidage-births-2006-latest","URES_IER_DECILE_MOTHER","integer",75,0,0,10,"1 / 3 / 5 / 8 / 10","1; 10; 2; 3; 4; 5; 6; 7; 8; 9","matched PLIDA variable metadata","Mother's Index of Economic Resources of Usual Residence (and child)","plidage-births-2006-latest","","",""
"vital-events","BIRTHS","plidage-births-2006-latest","URES_IRSAD_DECILE_MOTHER","integer",75,0,0,10,"1.0 / 2.5 / 6.0 / 8.0 / 10.0","1; 10; 2; 3; 4; 5; 6; 7; 8; 9","matched PLIDA variable metadata","Mother's Index of Relative Socio-Economoic Advantage and Disadvantage of Usual Residence (and child)","plidage-births-2006-latest","","",""
"vital-events","BIRTHS","plidage-births-2006-latest","URES_IRSD_DECILE_MOTHER","integer",75,0,0,10,"1 / 3 / 5 / 8 / 10","1; 10; 2; 3; 4; 5; 6; 7; 8; 9","matched PLIDA variable metadata","Mother's Index of Re;atove Spcop-Economic Disadvantage of Usual Residence (and child)","plidage-births-2006-latest","","",""
"vital-events","BIRTHS","plidage-births-2006-latest","URES_RA_MOTHER","integer",75,0,0,5,"1 / 1 / 1 / 2 / 5","1; 2; 3; 4; 5","matched PLIDA variable metadata","Mother's Remoteness Area (and child)","plidage-births-2006-latest","","",""
"vital-events","BIRTHS","plidage-births-2006-latest","URES_STATE_MOTHER","integer",75,0,0,7,"1 / 1 / 2 / 3 / 8","1; 2; 3; 4; 5; 6; 8","matched PLIDA variable metadata","Mother's State of Usual Residence (and child)","plidage-births-2006-latest","","",""
"vital-events","BIRTHS","plidage-births-2006-latest","YEAR_BIRTH_MOTHER","integer",75,0,0,28,"1968.0 / 1979.0 / 1984.0 / 1988.5 / 2004.0","","matched PLIDA variable metadata","Year of birth of Mother","plidage-births-2006-latest","","",""
"vital-events","BIRTHS","rbdm-births","spine_id","character",500,50,10,450,"SP0000000001=1; SP0000000002=1; SP0000000003=1; SP0000000004=1; SP0000000006=1; SP0000000007=1; SP0000000008=1; SP0000000009=1","","matched PLIDA variable metadata","MADIP Spine entity ID | Spine ID","plidage-births-2006-latest","","",""
"vital-events","BIRTHS","rbdm-births","SYNTHETIC_AEUID","character",500,0,0,500,"EA4FE0000001=1; EA4FE0000002=1; EA4FE0000003=1; EA4FE0000004=1; EA4FE0000005=1; EA4FE0000006=1; EA4FE0000007=1; EA4FE0000008=1","","matched PLIDA variable metadata","Synthetic MADIP Person ID | Synthetic id of individual person on dataset","plidage-births-2006-latest","","",""
"vital-events","DEATHS","madipge-death-d-cause-of-death-2015","BIRTH_PLACE","integer",2,0,0,2,"1101.0 / 2601.5 / 4102.0 / 5602.5 / 7103.0","1101; 7103","matched PLIDA variable metadata","Country of birth","madip-ge-050101d-deaths-deathregistrations2007-2007 | madip-ge-050103d-deaths-deathregistrations2008-2008 | madip-ge-050105d-deaths-deathregistrations2009-2009 | ... (6 products)","","",""
"vital-events","DEATHS","madipge-death-d-cause-of-death-2015","CERTIFIER","character",2,0,0,1,"D=2","D","matched PLIDA variable metadata","Certifier Type | Certifier type","madip-ge-050114d-deaths-causeofdeath2013-2013 | madip-ge-050116d-deaths-causeofdeath2014-2014 | madip-ge-050118d-deaths-causeofdeath2015-2015 | ... (12 products)","","",""
"vital-events","DEATHS","madipge-death-d-cause-of-death-2015","DEATH_AGE","integer",2,0,0,2,"60.00 / 68.25 / 76.50 / 84.75 / 93.00","60; 93","matched PLIDA variable metadata","Deceased age at death","madip-ge-050101d-deaths-deathregistrations2007-2007 | madip-ge-050103d-deaths-deathregistrations2008-2008 | madip-ge-050105d-deaths-deathregistrations2009-2009 | ... (6 products)","","",""
"vital-events","DEATHS","madipge-death-d-cause-of-death-2015","DEATH_DAY","integer",2,0,0,2,"12.00 / 15.75 / 19.50 / 23.25 / 27.00","12; 27","matched PLIDA variable metadata","Day of Death | Day of death","madip-ge-050114d-deaths-causeofdeath2013-2013 | madip-ge-050116d-deaths-causeofdeath2014-2014 | madip-ge-050118d-deaths-causeofdeath2015-2015 | ... (12 products)","","",""
"vital-events","DEATHS","madipge-death-d-cause-of-death-2015","ENTITY1","character",2,0,0,2,"C25=1; C50=1","C25; C50","matched PLIDA variable metadata","Used to record multiple apparent causes of death | Entity axis data 1","madip-ge-050102d-deaths-causeofdeath2007-2007 | madip-ge-050104d-deaths-causeofdeath2008-2008 | madip-ge-050106d-deaths-causeofdeath2009-2009 | ... (18 products)","","",""
"vital-events","DEATHS","madipge-death-d-cause-of-death-2015","ENTITY10","character",2,2,100,0,"","","matched PLIDA variable metadata","Used to record multiple apparent causes of death | Entity axis data 10","madip-ge-050102d-deaths-causeofdeath2007-2007 | madip-ge-050104d-deaths-causeofdeath2008-2008 | madip-ge-050106d-deaths-causeofdeath2009-2009 | ... (18 products)","","",""
"vital-events","DEATHS","madipge-death-d-cause-of-death-2015","ENTITY11","character",2,2,100,0,"","","matched PLIDA variable metadata","Used to record multiple apparent causes of death | Entity axis data 11","madip-ge-050102d-deaths-causeofdeath2007-2007 | madip-ge-050104d-deaths-causeofdeath2008-2008 | madip-ge-050106d-deaths-causeofdeath2009-2009 | ... (18 products)","","",""
"vital-events","DEATHS","madipge-death-d-cause-of-death-2015","ENTITY12","character",2,2,100,0,"","","matched PLIDA variable metadata","Used to record multiple apparent causes of death | Entity axis data 12","madip-ge-050102d-deaths-causeofdeath2007-2007 | madip-ge-050104d-deaths-causeofdeath2008-2008 | madip-ge-050106d-deaths-causeofdeath2009-2009 | ... (18 products)","","",""
"vital-events","DEATHS","madipge-death-d-cause-of-death-2015","ENTITY13","character",2,2,100,0,"","","matched PLIDA variable metadata","Used to record multiple apparent causes of death | Entity axis data 13","madip-ge-050102d-deaths-causeofdeath2007-2007 | madip-ge-050104d-deaths-causeofdeath2008-2008 | madip-ge-050106d-deaths-causeofdeath2009-2009 | ... (18 products)","","",""
"vital-events","DEATHS","madipge-death-d-cause-of-death-2015","ENTITY14","character",2,2,100,0,"","","matched PLIDA variable metadata","Used to record multiple apparent causes of death | Entity axis data 14","madip-ge-050102d-deaths-causeofdeath2007-2007 | madip-ge-050104d-deaths-causeofdeath2008-2008 | madip-ge-050106d-deaths-causeofdeath2009-2009 | ... (18 products)","","",""
"vital-events","DEATHS","madipge-death-d-cause-of-death-2015","ENTITY15","character",2,2,100,0,"","","matched PLIDA variable metadata","Used to record multiple apparent causes of death | Entity axis data 15","madip-ge-050102d-deaths-causeofdeath2007-2007 | madip-ge-050104d-deaths-causeofdeath2008-2008 | madip-ge-050106d-deaths-causeofdeath2009-2009 | ... (18 products)","","",""
"vital-events","DEATHS","madipge-death-d-cause-of-death-2015","ENTITY16","character",2,2,100,0,"","","matched PLIDA variable metadata","Used to record multiple apparent causes of death | Entity axis data 16","madip-ge-050102d-deaths-causeofdeath2007-2007 | madip-ge-050104d-deaths-causeofdeath2008-2008 | madip-ge-050106d-deaths-causeofdeath2009-2009 | ... (18 products)","","",""
"vital-events","DEATHS","madipge-death-d-cause-of-death-2015","ENTITY17","character",2,2,100,0,"","","matched PLIDA variable metadata","Used to record multiple apparent causes of death | Entity axis data 17","madip-ge-050102d-deaths-causeofdeath2007-2007 | madip-ge-050104d-deaths-causeofdeath2008-2008 | madip-ge-050106d-deaths-causeofdeath2009-2009 | ... (18 products)","","",""
"vital-events","DEATHS","madipge-death-d-cause-of-death-2015","ENTITY18","character",2,2,100,0,"","","matched PLIDA variable metadata","Used to record multiple apparent causes of death | Entity axis data 18","madip-ge-050102d-deaths-causeofdeath2007-2007 | madip-ge-050104d-deaths-causeofdeath2008-2008 | madip-ge-050106d-deaths-causeofdeath2009-2009 | ... (18 products)","","",""
"vital-events","DEATHS","madipge-death-d-cause-of-death-2015","ENTITY19","character",2,2,100,0,"","","matched PLIDA variable metadata","Used to record multiple apparent causes of death | Entity axis data 19","madip-ge-050102d-deaths-causeofdeath2007-2007 | madip-ge-050104d-deaths-causeofdeath2008-2008 | madip-ge-050106d-deaths-causeofdeath2009-2009 | ... (18 products)","","",""
"vital-events","DEATHS","madipge-death-d-cause-of-death-2015","ENTITY2","character",2,0,0,1,"J96=2","J96","matched PLIDA variable metadata","Used to record multiple apparent causes of death | Entity axis data 2","madip-ge-050102d-deaths-causeofdeath2007-2007 | madip-ge-050104d-deaths-causeofdeath2008-2008 | madip-ge-050106d-deaths-causeofdeath2009-2009 | ... (18 products)","","",""
"vital-events","DEATHS","madipge-death-d-cause-of-death-2015","ENTITY20","character",2,2,100,0,"","","matched PLIDA variable metadata","Used to record multiple apparent causes of death | Entity axis data 20","madip-ge-050102d-deaths-causeofdeath2007-2007 | madip-ge-050104d-deaths-causeofdeath2008-2008 | madip-ge-050106d-deaths-causeofdeath2009-2009 | ... (18 products)","","",""
"vital-events","DEATHS","madipge-death-d-cause-of-death-2015","ENTITY3","character",2,1,50,1,"E66=1","E66","matched PLIDA variable metadata","Used to record multiple apparent causes of death | Entity axis data 3","madip-ge-050102d-deaths-causeofdeath2007-2007 | madip-ge-050104d-deaths-causeofdeath2008-2008 | madip-ge-050106d-deaths-causeofdeath2009-2009 | ... (18 products)","","",""
"vital-events","DEATHS","madipge-death-d-cause-of-death-2015","ENTITY4","character",2,2,100,0,"","","matched PLIDA variable metadata","Used to record multiple apparent causes of death | Entity axis data 4","madip-ge-050102d-deaths-causeofdeath2007-2007 | madip-ge-050104d-deaths-causeofdeath2008-2008 | madip-ge-050106d-deaths-causeofdeath2009-2009 | ... (18 products)","","",""
"vital-events","DEATHS","madipge-death-d-cause-of-death-2015","ENTITY5","character",2,2,100,0,"","","matched PLIDA variable metadata","Used to record multiple apparent causes of death | Entity axis data 5","madip-ge-050102d-deaths-causeofdeath2007-2007 | madip-ge-050104d-deaths-causeofdeath2008-2008 | madip-ge-050106d-deaths-causeofdeath2009-2009 | ... (18 products)","","",""
"vital-events","DEATHS","madipge-death-d-cause-of-death-2015","ENTITY6","character",2,2,100,0,"","","matched PLIDA variable metadata","Used to record multiple apparent causes of death | Entity axis data 6","madip-ge-050102d-deaths-causeofdeath2007-2007 | madip-ge-050104d-deaths-causeofdeath2008-2008 | madip-ge-050106d-deaths-causeofdeath2009-2009 | ... (18 products)","","",""
"vital-events","DEATHS","madipge-death-d-cause-of-death-2015","ENTITY7","character",2,2,100,0,"","","matched PLIDA variable metadata","Used to record multiple apparent causes of death | Entity axis data 7","madip-ge-050102d-deaths-causeofdeath2007-2007 | madip-ge-050104d-deaths-causeofdeath2008-2008 | madip-ge-050106d-deaths-causeofdeath2009-2009 | ... (18 products)","","",""
"vital-events","DEATHS","madipge-death-d-cause-of-death-2015","ENTITY8","character",2,2,100,0,"","","matched PLIDA variable metadata","Used to record multiple apparent causes of death | Entity axis data 8","madip-ge-050102d-deaths-causeofdeath2007-2007 | madip-ge-050104d-deaths-causeofdeath2008-2008 | madip-ge-050106d-deaths-causeofdeath2009-2009 | ... (18 products)","","",""
"vital-events","DEATHS","madipge-death-d-cause-of-death-2015","ENTITY9","character",2,2,100,0,"","","matched PLIDA variable metadata","Used to record multiple apparent causes of death | Entity axis data 9","madip-ge-050102d-deaths-causeofdeath2007-2007 | madip-ge-050104d-deaths-causeofdeath2008-2008 | madip-ge-050106d-deaths-causeofdeath2009-2009 | ... (18 products)","","",""
"vital-events","DEATHS","madipge-death-d-cause-of-death-2015","INDIGENOUS_STATUS","integer",2,0,0,1,"1 / 1 / 1 / 1 / 1","1","matched PLIDA variable metadata","Deceased Indigenous status | Indigenous status","madip-ge-050101d-deaths-deathregistrations2007-2007 | madip-ge-050103d-deaths-deathregistrations2008-2008 | madip-ge-050105d-deaths-deathregistrations2009-2009 | ... (18 products)","","",""
"vital-events","DEATHS","madipge-death-d-cause-of-death-2015","MARITAL_STATUS","integer",2,0,0,1,"3 / 3 / 3 / 3 / 3","3","matched PLIDA variable metadata","Marital status","madip-ge-050101d-deaths-deathregistrations2007-2007 | madip-ge-050103d-deaths-deathregistrations2008-2008 | madip-ge-050105d-deaths-deathregistrations2009-2009 | ... (6 products)","","",""
"vital-events","DEATHS","madipge-death-d-cause-of-death-2015","MONTH_OF_DEATH","integer",2,0,0,2,"6 / 7 / 8 / 9 / 10","10; 6","matched PLIDA variable metadata","Month of death","madip-ge-050101d-deaths-deathregistrations2007-2007 | madip-ge-050103d-deaths-deathregistrations2008-2008 | madip-ge-050105d-deaths-deathregistrations2009-2009 | ... (6 products)","","",""
"vital-events","DEATHS","madipge-death-d-cause-of-death-2015","PLACE_OF_DEATH","integer",2,0,0,1,"2 / 2 / 2 / 2 / 2","2","matched PLIDA variable metadata","Deceased Place of Death | Place of Death","madipge-death-d-cause-of-death-2019","","",""
"vital-events","DEATHS","madipge-death-d-cause-of-death-2015","RACS1","character",2,0,0,2,"C25=1; C50=1","C25; C50","matched PLIDA variable metadata","Used to record multiple apparent causes of death | Record axis data 1","madip-ge-050102d-deaths-causeofdeath2007-2007 | madip-ge-050104d-deaths-causeofdeath2008-2008 | madip-ge-050106d-deaths-causeofdeath2009-2009 | ... (18 products)","","",""
"vital-events","DEATHS","madipge-death-d-cause-of-death-2015","RACS10","character",2,2,100,0,"","","matched PLIDA variable metadata","Used to record multiple apparent causes of death | Record axis data 10","madip-ge-050102d-deaths-causeofdeath2007-2007 | madip-ge-050104d-deaths-causeofdeath2008-2008 | madip-ge-050106d-deaths-causeofdeath2009-2009 | ... (18 products)","","",""
"vital-events","DEATHS","madipge-death-d-cause-of-death-2015","RACS11","character",2,2,100,0,"","","matched PLIDA variable metadata","Used to record multiple apparent causes of death | Record axis data 11","madip-ge-050102d-deaths-causeofdeath2007-2007 | madip-ge-050104d-deaths-causeofdeath2008-2008 | madip-ge-050106d-deaths-causeofdeath2009-2009 | ... (18 products)","","",""
"vital-events","DEATHS","madipge-death-d-cause-of-death-2015","RACS12","character",2,2,100,0,"","","matched PLIDA variable metadata","Used to record multiple apparent causes of death | Record axis data 12","madip-ge-050102d-deaths-causeofdeath2007-2007 | madip-ge-050104d-deaths-causeofdeath2008-2008 | madip-ge-050106d-deaths-causeofdeath2009-2009 | ... (18 products)","","",""
"vital-events","DEATHS","madipge-death-d-cause-of-death-2015","RACS13","character",2,2,100,0,"","","matched PLIDA variable metadata","Used to record multiple apparent causes of death | Record axis data 13","madip-ge-050102d-deaths-causeofdeath2007-2007 | madip-ge-050104d-deaths-causeofdeath2008-2008 | madip-ge-050106d-deaths-causeofdeath2009-2009 | ... (18 products)","","",""
"vital-events","DEATHS","madipge-death-d-cause-of-death-2015","RACS14","character",2,2,100,0,"","","matched PLIDA variable metadata","Used to record multiple apparent causes of death | Record axis data 14","madip-ge-050102d-deaths-causeofdeath2007-2007 | madip-ge-050104d-deaths-causeofdeath2008-2008 | madip-ge-050106d-deaths-causeofdeath2009-2009 | ... (18 products)","","",""
"vital-events","DEATHS","madipge-death-d-cause-of-death-2015","RACS15","character",2,2,100,0,"","","matched PLIDA variable metadata","Used to record multiple apparent causes of death | Record axis data 15","madip-ge-050102d-deaths-causeofdeath2007-2007 | madip-ge-050104d-deaths-causeofdeath2008-2008 | madip-ge-050106d-deaths-causeofdeath2009-2009 | ... (18 products)","","",""
"vital-events","DEATHS","madipge-death-d-cause-of-death-2015","RACS16","character",2,2,100,0,"","","matched PLIDA variable metadata","Used to record multiple apparent causes of death | Record axis data 16","madip-ge-050102d-deaths-causeofdeath2007-2007 | madip-ge-050104d-deaths-causeofdeath2008-2008 | madip-ge-050106d-deaths-causeofdeath2009-2009 | ... (18 products)","","",""
"vital-events","DEATHS","madipge-death-d-cause-of-death-2015","RACS17","character",2,2,100,0,"","","matched PLIDA variable metadata","Used to record multiple apparent causes of death | Record axis data 17","madip-ge-050102d-deaths-causeofdeath2007-2007 | madip-ge-050104d-deaths-causeofdeath2008-2008 | madip-ge-050106d-deaths-causeofdeath2009-2009 | ... (18 products)","","",""
"vital-events","DEATHS","madipge-death-d-cause-of-death-2015","RACS18","character",2,2,100,0,"","","matched PLIDA variable metadata","Used to record multiple apparent causes of death | Record axis data 18","madip-ge-050102d-deaths-causeofdeath2007-2007 | madip-ge-050104d-deaths-causeofdeath2008-2008 | madip-ge-050106d-deaths-causeofdeath2009-2009 | ... (18 products)","","",""
"vital-events","DEATHS","madipge-death-d-cause-of-death-2015","RACS19","character",2,2,100,0,"","","matched PLIDA variable metadata","Used to record multiple apparent causes of death | Record axis data 19","madip-ge-050102d-deaths-causeofdeath2007-2007 | madip-ge-050104d-deaths-causeofdeath2008-2008 | madip-ge-050106d-deaths-causeofdeath2009-2009 | ... (18 products)","","",""
"vital-events","DEATHS","madipge-death-d-cause-of-death-2015","RACS2","character",2,0,0,1,"J96=2","J96","matched PLIDA variable metadata","Used to record multiple apparent causes of death | Record axis data 2","madip-ge-050102d-deaths-causeofdeath2007-2007 | madip-ge-050104d-deaths-causeofdeath2008-2008 | madip-ge-050106d-deaths-causeofdeath2009-2009 | ... (18 products)","","",""
"vital-events","DEATHS","madipge-death-d-cause-of-death-2015","RACS20","character",2,2,100,0,"","","matched PLIDA variable metadata","Used to record multiple apparent causes of death | Record axis data 20","madip-ge-050102d-deaths-causeofdeath2007-2007 | madip-ge-050104d-deaths-causeofdeath2008-2008 | madip-ge-050106d-deaths-causeofdeath2009-2009 | ... (18 products)","","",""
"vital-events","DEATHS","madipge-death-d-cause-of-death-2015","RACS3","character",2,1,50,1,"E66=1","E66","matched PLIDA variable metadata","Used to record multiple apparent causes of death | Record axis data 3","madip-ge-050102d-deaths-causeofdeath2007-2007 | madip-ge-050104d-deaths-causeofdeath2008-2008 | madip-ge-050106d-deaths-causeofdeath2009-2009 | ... (18 products)","","",""
"vital-events","DEATHS","madipge-death-d-cause-of-death-2015","RACS4","character",2,2,100,0,"","","matched PLIDA variable metadata","Used to record multiple apparent causes of death | Record axis data 4","madip-ge-050102d-deaths-causeofdeath2007-2007 | madip-ge-050104d-deaths-causeofdeath2008-2008 | madip-ge-050106d-deaths-causeofdeath2009-2009 | ... (18 products)","","",""
"vital-events","DEATHS","madipge-death-d-cause-of-death-2015","RACS5","character",2,2,100,0,"","","matched PLIDA variable metadata","Used to record multiple apparent causes of death | Record axis data 5","madip-ge-050102d-deaths-causeofdeath2007-2007 | madip-ge-050104d-deaths-causeofdeath2008-2008 | madip-ge-050106d-deaths-causeofdeath2009-2009 | ... (18 products)","","",""
"vital-events","DEATHS","madipge-death-d-cause-of-death-2015","RACS6","character",2,2,100,0,"","","matched PLIDA variable metadata","Used to record multiple apparent causes of death | Record axis data 6","madip-ge-050102d-deaths-causeofdeath2007-2007 | madip-ge-050104d-deaths-causeofdeath2008-2008 | madip-ge-050106d-deaths-causeofdeath2009-2009 | ... (18 products)","","",""
"vital-events","DEATHS","madipge-death-d-cause-of-death-2015","RACS7","character",2,2,100,0,"","","matched PLIDA variable metadata","Used to record multiple apparent causes of death | Record axis data 7","madip-ge-050102d-deaths-causeofdeath2007-2007 | madip-ge-050104d-deaths-causeofdeath2008-2008 | madip-ge-050106d-deaths-causeofdeath2009-2009 | ... (18 products)","","",""
"vital-events","DEATHS","madipge-death-d-cause-of-death-2015","RACS8","character",2,2,100,0,"","","matched PLIDA variable metadata","Used to record multiple apparent causes of death | Record axis data 8","madip-ge-050102d-deaths-causeofdeath2007-2007 | madip-ge-050104d-deaths-causeofdeath2008-2008 | madip-ge-050106d-deaths-causeofdeath2009-2009 | ... (18 products)","","",""
"vital-events","DEATHS","madipge-death-d-cause-of-death-2015","RACS9","character",2,2,100,0,"","","matched PLIDA variable metadata","Used to record multiple apparent causes of death | Record axis data 9","madip-ge-050102d-deaths-causeofdeath2007-2007 | madip-ge-050104d-deaths-causeofdeath2008-2008 | madip-ge-050106d-deaths-causeofdeath2009-2009 | ... (18 products)","","",""
"vital-events","DEATHS","madipge-death-d-cause-of-death-2015","RECORD_AXIS_COUNT","integer",2,0,0,2,"2.00 / 2.25 / 2.50 / 2.75 / 3.00","2; 3","matched PLIDA variable metadata","Record axis count","madip-ge-050102d-deaths-causeofdeath2007-2007 | madip-ge-050104d-deaths-causeofdeath2008-2008 | madip-ge-050106d-deaths-causeofdeath2009-2009 | ... (18 products)","","",""
"vital-events","DEATHS","madipge-death-d-cause-of-death-2015","REFERENCE_YEAR","integer",2,0,0,1,"2015 / 2015 / 2015 / 2015 / 2015","2015","matched PLIDA variable metadata","The year (calendar or financial) that the information on the record relates to","madip-ge-050101d-deaths-deathregistrations2007-2007 | madip-ge-050103d-deaths-deathregistrations2008-2008 | madip-ge-050105d-deaths-deathregistrations2009-2009 | ... (6 products)","","",""
"vital-events","DEATHS","madipge-death-d-cause-of-death-2015","REG_STATE","integer",2,0,0,1,"1 / 1 / 1 / 1 / 1","1","matched PLIDA variable metadata","State/Territory of registration | State of registration","madip-ge-050101d-deaths-deathregistrations2007-2007 | madip-ge-050103d-deaths-deathregistrations2008-2008 | madip-ge-050105d-deaths-deathregistrations2009-2009 | ... (18 products)","","",""
"vital-events","DEATHS","madipge-death-d-cause-of-death-2015","REMOTENESS_AREA_2021","integer",2,0,0,1,"1 / 1 / 1 / 1 / 1","1","matched PLIDA variable metadata","Remoteness area","madip-ge-050102d-deaths-causeofdeath2007-2007 | madip-ge-050104d-deaths-causeofdeath2008-2008 | madip-ge-050106d-deaths-causeofdeath2009-2009 | ... (18 products)","","",""
"vital-events","DEATHS","madipge-death-d-cause-of-death-2015","SEIFA_IRSAD_DEC_2021","integer",2,0,0,2,"9.00 / 9.25 / 9.50 / 9.75 / 10.00","10; 9","matched PLIDA variable metadata","Seifa irsad decile","madip-ge-050102d-deaths-causeofdeath2007-2007 | madip-ge-050104d-deaths-causeofdeath2008-2008 | madip-ge-050106d-deaths-causeofdeath2009-2009 | ... (18 products)","","",""
"vital-events","DEATHS","madipge-death-d-cause-of-death-2015","SEIFA_IRSD_DEC_2021","integer",2,0,0,2,"4.0 / 4.5 / 5.0 / 5.5 / 6.0","4; 6","matched PLIDA variable metadata","Seifa irsd decile","madip-ge-050102d-deaths-causeofdeath2007-2007 | madip-ge-050104d-deaths-causeofdeath2008-2008 | madip-ge-050106d-deaths-causeofdeath2009-2009 | ... (18 products)","","",""
"vital-events","DEATHS","madipge-death-d-cause-of-death-2015","SEX","character",2,0,0,2,"F=1; M=1","F; M","matched PLIDA variable metadata","Sex","madip-ge-050101d-deaths-deathregistrations2007-2007 | madip-ge-050103d-deaths-deathregistrations2008-2008 | madip-ge-050105d-deaths-deathregistrations2009-2009 | ... (18 products)","","",""
"vital-events","DEATHS","madipge-death-d-cause-of-death-2015","SYNTHETIC_AEUID","character",2,0,0,2,"EA4FE000002C=1; EA4FE000019D=1","EA4FE000002C; EA4FE000019D","matched PLIDA variable metadata","Synthetic id of individual person on dataset | Synthetic MADIP Person ID","madip-ge-050101d-deaths-deathregistrations2007-2007 | madip-ge-050102d-deaths-causeofdeath2007-2007 | madip-ge-050103d-deaths-deathregistrations2008-2008 | ... (24 products)","","",""
"vital-events","DEATHS","madipge-death-d-cause-of-death-2015","UCOD","character",2,0,0,2,"C25=1; C50=1","C25; C50","matched PLIDA variable metadata","Underlying cause of death","madip-ge-050102d-deaths-causeofdeath2007-2007 | madip-ge-050104d-deaths-causeofdeath2008-2008 | madip-ge-050106d-deaths-causeofdeath2009-2009 | ... (18 products)","","",""
"vital-events","DEATHS","madipge-death-d-cause-of-death-2015","YEAR_OF_DEATH","integer",2,0,0,1,"2015 / 2015 / 2015 / 2015 / 2015","2015","matched PLIDA variable metadata","Year of death","madip-ge-050101d-deaths-deathregistrations2007-2007 | madip-ge-050103d-deaths-deathregistrations2008-2008 | madip-ge-050105d-deaths-deathregistrations2009-2009 | ... (6 products)","","",""
"vital-events","DEATHS","madipge-death-d-cause-of-death-2016","BIRTH_PLACE","integer",0,0,0,0,"","","matched PLIDA variable metadata","Country of birth","madip-ge-050101d-deaths-deathregistrations2007-2007 | madip-ge-050103d-deaths-deathregistrations2008-2008 | madip-ge-050105d-deaths-deathregistrations2009-2009 | ... (6 products)","","",""
"vital-events","DEATHS","madipge-death-d-cause-of-death-2016","CERTIFIER","character",0,0,0,0,"","","matched PLIDA variable metadata","Certifier Type | Certifier type","madip-ge-050114d-deaths-causeofdeath2013-2013 | madip-ge-050116d-deaths-causeofdeath2014-2014 | madip-ge-050118d-deaths-causeofdeath2015-2015 | ... (12 products)","","",""
"vital-events","DEATHS","madipge-death-d-cause-of-death-2016","DEATH_AGE","integer",0,0,0,0,"","","matched PLIDA variable metadata","Deceased age at death","madip-ge-050101d-deaths-deathregistrations2007-2007 | madip-ge-050103d-deaths-deathregistrations2008-2008 | madip-ge-050105d-deaths-deathregistrations2009-2009 | ... (6 products)","","",""
"vital-events","DEATHS","madipge-death-d-cause-of-death-2016","DEATH_DAY","integer",0,0,0,0,"","","matched PLIDA variable metadata","Day of Death | Day of death","madip-ge-050114d-deaths-causeofdeath2013-2013 | madip-ge-050116d-deaths-causeofdeath2014-2014 | madip-ge-050118d-deaths-causeofdeath2015-2015 | ... (12 products)","","",""
"vital-events","DEATHS","madipge-death-d-cause-of-death-2016","ENTITY1","character",0,0,0,0,"","","matched PLIDA variable metadata","Used to record multiple apparent causes of death | Entity axis data 1","madip-ge-050102d-deaths-causeofdeath2007-2007 | madip-ge-050104d-deaths-causeofdeath2008-2008 | madip-ge-050106d-deaths-causeofdeath2009-2009 | ... (18 products)","","",""
"vital-events","DEATHS","madipge-death-d-cause-of-death-2016","ENTITY10","character",0,0,0,0,"","","matched PLIDA variable metadata","Used to record multiple apparent causes of death | Entity axis data 10","madip-ge-050102d-deaths-causeofdeath2007-2007 | madip-ge-050104d-deaths-causeofdeath2008-2008 | madip-ge-050106d-deaths-causeofdeath2009-2009 | ... (18 products)","","",""
"vital-events","DEATHS","madipge-death-d-cause-of-death-2016","ENTITY11","character",0,0,0,0,"","","matched PLIDA variable metadata","Used to record multiple apparent causes of death | Entity axis data 11","madip-ge-050102d-deaths-causeofdeath2007-2007 | madip-ge-050104d-deaths-causeofdeath2008-2008 | madip-ge-050106d-deaths-causeofdeath2009-2009 | ... (18 products)","","",""
"vital-events","DEATHS","madipge-death-d-cause-of-death-2016","ENTITY12","character",0,0,0,0,"","","matched PLIDA variable metadata","Used to record multiple apparent causes of death | Entity axis data 12","madip-ge-050102d-deaths-causeofdeath2007-2007 | madip-ge-050104d-deaths-causeofdeath2008-2008 | madip-ge-050106d-deaths-causeofdeath2009-2009 | ... (18 products)","","",""
"vital-events","DEATHS","madipge-death-d-cause-of-death-2016","ENTITY13","character",0,0,0,0,"","","matched PLIDA variable metadata","Used to record multiple apparent causes of death | Entity axis data 13","madip-ge-050102d-deaths-causeofdeath2007-2007 | madip-ge-050104d-deaths-causeofdeath2008-2008 | madip-ge-050106d-deaths-causeofdeath2009-2009 | ... (18 products)","","",""
"vital-events","DEATHS","madipge-death-d-cause-of-death-2016","ENTITY14","character",0,0,0,0,"","","matched PLIDA variable metadata","Used to record multiple apparent causes of death | Entity axis data 14","madip-ge-050102d-deaths-causeofdeath2007-2007 | madip-ge-050104d-deaths-causeofdeath2008-2008 | madip-ge-050106d-deaths-causeofdeath2009-2009 | ... (18 products)","","",""
"vital-events","DEATHS","madipge-death-d-cause-of-death-2016","ENTITY15","character",0,0,0,0,"","","matched PLIDA variable metadata","Used to record multiple apparent causes of death | Entity axis data 15","madip-ge-050102d-deaths-causeofdeath2007-2007 | madip-ge-050104d-deaths-causeofdeath2008-2008 | madip-ge-050106d-deaths-causeofdeath2009-2009 | ... (18 products)","","",""
"vital-events","DEATHS","madipge-death-d-cause-of-death-2016","ENTITY16","character",0,0,0,0,"","","matched PLIDA variable metadata","Used to record multiple apparent causes of death | Entity axis data 16","madip-ge-050102d-deaths-causeofdeath2007-2007 | madip-ge-050104d-deaths-causeofdeath2008-2008 | madip-ge-050106d-deaths-causeofdeath2009-2009 | ... (18 products)","","",""
"vital-events","DEATHS","madipge-death-d-cause-of-death-2016","ENTITY17","character",0,0,0,0,"","","matched PLIDA variable metadata","Used to record multiple apparent causes of death | Entity axis data 17","madip-ge-050102d-deaths-causeofdeath2007-2007 | madip-ge-050104d-deaths-causeofdeath2008-2008 | madip-ge-050106d-deaths-causeofdeath2009-2009 | ... (18 products)","","",""
"vital-events","DEATHS","madipge-death-d-cause-of-death-2016","ENTITY18","character",0,0,0,0,"","","matched PLIDA variable metadata","Used to record multiple apparent causes of death | Entity axis data 18","madip-ge-050102d-deaths-causeofdeath2007-2007 | madip-ge-050104d-deaths-causeofdeath2008-2008 | madip-ge-050106d-deaths-causeofdeath2009-2009 | ... (18 products)","","",""
"vital-events","DEATHS","madipge-death-d-cause-of-death-2016","ENTITY19","character",0,0,0,0,"","","matched PLIDA variable metadata","Used to record multiple apparent causes of death | Entity axis data 19","madip-ge-050102d-deaths-causeofdeath2007-2007 | madip-ge-050104d-deaths-causeofdeath2008-2008 | madip-ge-050106d-deaths-causeofdeath2009-2009 | ... (18 products)","","",""
"vital-events","DEATHS","madipge-death-d-cause-of-death-2016","ENTITY2","character",0,0,0,0,"","","matched PLIDA variable metadata","Used to record multiple apparent causes of death | Entity axis data 2","madip-ge-050102d-deaths-causeofdeath2007-2007 | madip-ge-050104d-deaths-causeofdeath2008-2008 | madip-ge-050106d-deaths-causeofdeath2009-2009 | ... (18 products)","","",""
"vital-events","DEATHS","madipge-death-d-cause-of-death-2016","ENTITY20","character",0,0,0,0,"","","matched PLIDA variable metadata","Used to record multiple apparent causes of death | Entity axis data 20","madip-ge-050102d-deaths-causeofdeath2007-2007 | madip-ge-050104d-deaths-causeofdeath2008-2008 | madip-ge-050106d-deaths-causeofdeath2009-2009 | ... (18 products)","","",""
"vital-events","DEATHS","madipge-death-d-cause-of-death-2016","ENTITY3","character",0,0,0,0,"","","matched PLIDA variable metadata","Used to record multiple apparent causes of death | Entity axis data 3","madip-ge-050102d-deaths-causeofdeath2007-2007 | madip-ge-050104d-deaths-causeofdeath2008-2008 | madip-ge-050106d-deaths-causeofdeath2009-2009 | ... (18 products)","","",""
"vital-events","DEATHS","madipge-death-d-cause-of-death-2016","ENTITY4","character",0,0,0,0,"","","matched PLIDA variable metadata","Used to record multiple apparent causes of death | Entity axis data 4","madip-ge-050102d-deaths-causeofdeath2007-2007 | madip-ge-050104d-deaths-causeofdeath2008-2008 | madip-ge-050106d-deaths-causeofdeath2009-2009 | ... (18 products)","","",""
"vital-events","DEATHS","madipge-death-d-cause-of-death-2016","ENTITY5","character",0,0,0,0,"","","matched PLIDA variable metadata","Used to record multiple apparent causes of death | Entity axis data 5","madip-ge-050102d-deaths-causeofdeath2007-2007 | madip-ge-050104d-deaths-causeofdeath2008-2008 | madip-ge-050106d-deaths-causeofdeath2009-2009 | ... (18 products)","","",""
"vital-events","DEATHS","madipge-death-d-cause-of-death-2016","ENTITY6","character",0,0,0,0,"","","matched PLIDA variable metadata","Used to record multiple apparent causes of death | Entity axis data 6","madip-ge-050102d-deaths-causeofdeath2007-2007 | madip-ge-050104d-deaths-causeofdeath2008-2008 | madip-ge-050106d-deaths-causeofdeath2009-2009 | ... (18 products)","","",""
"vital-events","DEATHS","madipge-death-d-cause-of-death-2016","ENTITY7","character",0,0,0,0,"","","matched PLIDA variable metadata","Used to record multiple apparent causes of death | Entity axis data 7","madip-ge-050102d-deaths-causeofdeath2007-2007 | madip-ge-050104d-deaths-causeofdeath2008-2008 | madip-ge-050106d-deaths-causeofdeath2009-2009 | ... (18 products)","","",""
"vital-events","DEATHS","madipge-death-d-cause-of-death-2016","ENTITY8","character",0,0,0,0,"","","matched PLIDA variable metadata","Used to record multiple apparent causes of death | Entity axis data 8","madip-ge-050102d-deaths-causeofdeath2007-2007 | madip-ge-050104d-deaths-causeofdeath2008-2008 | madip-ge-050106d-deaths-causeofdeath2009-2009 | ... (18 products)","","",""
"vital-events","DEATHS","madipge-death-d-cause-of-death-2016","ENTITY9","character",0,0,0,0,"","","matched PLIDA variable metadata","Used to record multiple apparent causes of death | Entity axis data 9","madip-ge-050102d-deaths-causeofdeath2007-2007 | madip-ge-050104d-deaths-causeofdeath2008-2008 | madip-ge-050106d-deaths-causeofdeath2009-2009 | ... (18 products)","","",""
"vital-events","DEATHS","madipge-death-d-cause-of-death-2016","INDIGENOUS_STATUS","integer",0,0,0,0,"","","matched PLIDA variable metadata","Deceased Indigenous status | Indigenous status","madip-ge-050101d-deaths-deathregistrations2007-2007 | madip-ge-050103d-deaths-deathregistrations2008-2008 | madip-ge-050105d-deaths-deathregistrations2009-2009 | ... (18 products)","","",""
"vital-events","DEATHS","madipge-death-d-cause-of-death-2016","MARITAL_STATUS","integer",0,0,0,0,"","","matched PLIDA variable metadata","Marital status","madip-ge-050101d-deaths-deathregistrations2007-2007 | madip-ge-050103d-deaths-deathregistrations2008-2008 | madip-ge-050105d-deaths-deathregistrations2009-2009 | ... (6 products)","","",""
"vital-events","DEATHS","madipge-death-d-cause-of-death-2016","MONTH_OF_DEATH","integer",0,0,0,0,"","","matched PLIDA variable metadata","Month of death","madip-ge-050101d-deaths-deathregistrations2007-2007 | madip-ge-050103d-deaths-deathregistrations2008-2008 | madip-ge-050105d-deaths-deathregistrations2009-2009 | ... (6 products)","","",""
"vital-events","DEATHS","madipge-death-d-cause-of-death-2016","PLACE_OF_DEATH","integer",0,0,0,0,"","","matched PLIDA variable metadata","Deceased Place of Death | Place of Death","madipge-death-d-cause-of-death-2019","","",""
"vital-events","DEATHS","madipge-death-d-cause-of-death-2016","RACS1","character",0,0,0,0,"","","matched PLIDA variable metadata","Used to record multiple apparent causes of death | Record axis data 1","madip-ge-050102d-deaths-causeofdeath2007-2007 | madip-ge-050104d-deaths-causeofdeath2008-2008 | madip-ge-050106d-deaths-causeofdeath2009-2009 | ... (18 products)","","",""
"vital-events","DEATHS","madipge-death-d-cause-of-death-2016","RACS10","character",0,0,0,0,"","","matched PLIDA variable metadata","Used to record multiple apparent causes of death | Record axis data 10","madip-ge-050102d-deaths-causeofdeath2007-2007 | madip-ge-050104d-deaths-causeofdeath2008-2008 | madip-ge-050106d-deaths-causeofdeath2009-2009 | ... (18 products)","","",""
"vital-events","DEATHS","madipge-death-d-cause-of-death-2016","RACS11","character",0,0,0,0,"","","matched PLIDA variable metadata","Used to record multiple apparent causes of death | Record axis data 11","madip-ge-050102d-deaths-causeofdeath2007-2007 | madip-ge-050104d-deaths-causeofdeath2008-2008 | madip-ge-050106d-deaths-causeofdeath2009-2009 | ... (18 products)","","",""
"vital-events","DEATHS","madipge-death-d-cause-of-death-2016","RACS12","character",0,0,0,0,"","","matched PLIDA variable metadata","Used to record multiple apparent causes of death | Record axis data 12","madip-ge-050102d-deaths-causeofdeath2007-2007 | madip-ge-050104d-deaths-causeofdeath2008-2008 | madip-ge-050106d-deaths-causeofdeath2009-2009 | ... (18 products)","","",""
"vital-events","DEATHS","madipge-death-d-cause-of-death-2016","RACS13","character",0,0,0,0,"","","matched PLIDA variable metadata","Used to record multiple apparent causes of death | Record axis data 13","madip-ge-050102d-deaths-causeofdeath2007-2007 | madip-ge-050104d-deaths-causeofdeath2008-2008 | madip-ge-050106d-deaths-causeofdeath2009-2009 | ... (18 products)","","",""
"vital-events","DEATHS","madipge-death-d-cause-of-death-2016","RACS14","character",0,0,0,0,"","","matched PLIDA variable metadata","Used to record multiple apparent causes of death | Record axis data 14","madip-ge-050102d-deaths-causeofdeath2007-2007 | madip-ge-050104d-deaths-causeofdeath2008-2008 | madip-ge-050106d-deaths-causeofdeath2009-2009 | ... (18 products)","","",""
"vital-events","DEATHS","madipge-death-d-cause-of-death-2016","RACS15","character",0,0,0,0,"","","matched PLIDA variable metadata","Used to record multiple apparent causes of death | Record axis data 15","madip-ge-050102d-deaths-causeofdeath2007-2007 | madip-ge-050104d-deaths-causeofdeath2008-2008 | madip-ge-050106d-deaths-causeofdeath2009-2009 | ... (18 products)","","",""
"vital-events","DEATHS","madipge-death-d-cause-of-death-2016","RACS16","character",0,0,0,0,"","","matched PLIDA variable metadata","Used to record multiple apparent causes of death | Record axis data 16","madip-ge-050102d-deaths-causeofdeath2007-2007 | madip-ge-050104d-deaths-causeofdeath2008-2008 | madip-ge-050106d-deaths-causeofdeath2009-2009 | ... (18 products)","","",""
"vital-events","DEATHS","madipge-death-d-cause-of-death-2016","RACS17","character",0,0,0,0,"","","matched PLIDA variable metadata","Used to record multiple apparent causes of death | Record axis data 17","madip-ge-050102d-deaths-causeofdeath2007-2007 | madip-ge-050104d-deaths-causeofdeath2008-2008 | madip-ge-050106d-deaths-causeofdeath2009-2009 | ... (18 products)","","",""
"vital-events","DEATHS","madipge-death-d-cause-of-death-2016","RACS18","character",0,0,0,0,"","","matched PLIDA variable metadata","Used to record multiple apparent causes of death | Record axis data 18","madip-ge-050102d-deaths-causeofdeath2007-2007 | madip-ge-050104d-deaths-causeofdeath2008-2008 | madip-ge-050106d-deaths-causeofdeath2009-2009 | ... (18 products)","","",""
"vital-events","DEATHS","madipge-death-d-cause-of-death-2016","RACS19","character",0,0,0,0,"","","matched PLIDA variable metadata","Used to record multiple apparent causes of death | Record axis data 19","madip-ge-050102d-deaths-causeofdeath2007-2007 | madip-ge-050104d-deaths-causeofdeath2008-2008 | madip-ge-050106d-deaths-causeofdeath2009-2009 | ... (18 products)","","",""
"vital-events","DEATHS","madipge-death-d-cause-of-death-2016","RACS2","character",0,0,0,0,"","","matched PLIDA variable metadata","Used to record multiple apparent causes of death | Record axis data 2","madip-ge-050102d-deaths-causeofdeath2007-2007 | madip-ge-050104d-deaths-causeofdeath2008-2008 | madip-ge-050106d-deaths-causeofdeath2009-2009 | ... (18 products)","","",""
"vital-events","DEATHS","madipge-death-d-cause-of-death-2016","RACS20","character",0,0,0,0,"","","matched PLIDA variable metadata","Used to record multiple apparent causes of death | Record axis data 20","madip-ge-050102d-deaths-causeofdeath2007-2007 | madip-ge-050104d-deaths-causeofdeath2008-2008 | madip-ge-050106d-deaths-causeofdeath2009-2009 | ... (18 products)","","",""
"vital-events","DEATHS","madipge-death-d-cause-of-death-2016","RACS3","character",0,0,0,0,"","","matched PLIDA variable metadata","Used to record multiple apparent causes of death | Record axis data 3","madip-ge-050102d-deaths-causeofdeath2007-2007 | madip-ge-050104d-deaths-causeofdeath2008-2008 | madip-ge-050106d-deaths-causeofdeath2009-2009 | ... (18 products)","","",""
"vital-events","DEATHS","madipge-death-d-cause-of-death-2016","RACS4","character",0,0,0,0,"","","matched PLIDA variable metadata","Used to record multiple apparent causes of death | Record axis data 4","madip-ge-050102d-deaths-causeofdeath2007-2007 | madip-ge-050104d-deaths-causeofdeath2008-2008 | madip-ge-050106d-deaths-causeofdeath2009-2009 | ... (18 products)","","",""
"vital-events","DEATHS","madipge-death-d-cause-of-death-2016","RACS5","character",0,0,0,0,"","","matched PLIDA variable metadata","Used to record multiple apparent causes of death | Record axis data 5","madip-ge-050102d-deaths-causeofdeath2007-2007 | madip-ge-050104d-deaths-causeofdeath2008-2008 | madip-ge-050106d-deaths-causeofdeath2009-2009 | ... (18 products)","","",""
"vital-events","DEATHS","madipge-death-d-cause-of-death-2016","RACS6","character",0,0,0,0,"","","matched PLIDA variable metadata","Used to record multiple apparent causes of death | Record axis data 6","madip-ge-050102d-deaths-causeofdeath2007-2007 | madip-ge-050104d-deaths-causeofdeath2008-2008 | madip-ge-050106d-deaths-causeofdeath2009-2009 | ... (18 products)","","",""
"vital-events","DEATHS","madipge-death-d-cause-of-death-2016","RACS7","character",0,0,0,0,"","","matched PLIDA variable metadata","Used to record multiple apparent causes of death | Record axis data 7","madip-ge-050102d-deaths-causeofdeath2007-2007 | madip-ge-050104d-deaths-causeofdeath2008-2008 | madip-ge-050106d-deaths-causeofdeath2009-2009 | ... (18 products)","","",""
"vital-events","DEATHS","madipge-death-d-cause-of-death-2016","RACS8","character",0,0,0,0,"","","matched PLIDA variable metadata","Used to record multiple apparent causes of death | Record axis data 8","madip-ge-050102d-deaths-causeofdeath2007-2007 | madip-ge-050104d-deaths-causeofdeath2008-2008 | madip-ge-050106d-deaths-causeofdeath2009-2009 | ... (18 products)","","",""
"vital-events","DEATHS","madipge-death-d-cause-of-death-2016","RACS9","character",0,0,0,0,"","","matched PLIDA variable metadata","Used to record multiple apparent causes of death | Record axis data 9","madip-ge-050102d-deaths-causeofdeath2007-2007 | madip-ge-050104d-deaths-causeofdeath2008-2008 | madip-ge-050106d-deaths-causeofdeath2009-2009 | ... (18 products)","","",""
"vital-events","DEATHS","madipge-death-d-cause-of-death-2016","RECORD_AXIS_COUNT","integer",0,0,0,0,"","","matched PLIDA variable metadata","Record axis count","madip-ge-050102d-deaths-causeofdeath2007-2007 | madip-ge-050104d-deaths-causeofdeath2008-2008 | madip-ge-050106d-deaths-causeofdeath2009-2009 | ... (18 products)","","",""
"vital-events","DEATHS","madipge-death-d-cause-of-death-2016","REFERENCE_YEAR","integer",0,0,0,0,"","","matched PLIDA variable metadata","The year (calendar or financial) that the information on the record relates to","madip-ge-050101d-deaths-deathregistrations2007-2007 | madip-ge-050103d-deaths-deathregistrations2008-2008 | madip-ge-050105d-deaths-deathregistrations2009-2009 | ... (6 products)","","",""
"vital-events","DEATHS","madipge-death-d-cause-of-death-2016","REG_STATE","integer",0,0,0,0,"","","matched PLIDA variable metadata","State/Territory of registration | State of registration","madip-ge-050101d-deaths-deathregistrations2007-2007 | madip-ge-050103d-deaths-deathregistrations2008-2008 | madip-ge-050105d-deaths-deathregistrations2009-2009 | ... (18 products)","","",""
"vital-events","DEATHS","madipge-death-d-cause-of-death-2016","REMOTENESS_AREA_2021","integer",0,0,0,0,"","","matched PLIDA variable metadata","Remoteness area","madip-ge-050102d-deaths-causeofdeath2007-2007 | madip-ge-050104d-deaths-causeofdeath2008-2008 | madip-ge-050106d-deaths-causeofdeath2009-2009 | ... (18 products)","","",""
"vital-events","DEATHS","madipge-death-d-cause-of-death-2016","SEIFA_IRSAD_DEC_2021","integer",0,0,0,0,"","","matched PLIDA variable metadata","Seifa irsad decile","madip-ge-050102d-deaths-causeofdeath2007-2007 | madip-ge-050104d-deaths-causeofdeath2008-2008 | madip-ge-050106d-deaths-causeofdeath2009-2009 | ... (18 products)","","",""
"vital-events","DEATHS","madipge-death-d-cause-of-death-2016","SEIFA_IRSD_DEC_2021","integer",0,0,0,0,"","","matched PLIDA variable metadata","Seifa irsd decile","madip-ge-050102d-deaths-causeofdeath2007-2007 | madip-ge-050104d-deaths-causeofdeath2008-2008 | madip-ge-050106d-deaths-causeofdeath2009-2009 | ... (18 products)","","",""
"vital-events","DEATHS","madipge-death-d-cause-of-death-2016","SEX","character",0,0,0,0,"","","matched PLIDA variable metadata","Sex","madip-ge-050101d-deaths-deathregistrations2007-2007 | madip-ge-050103d-deaths-deathregistrations2008-2008 | madip-ge-050105d-deaths-deathregistrations2009-2009 | ... (18 products)","","",""
"vital-events","DEATHS","madipge-death-d-cause-of-death-2016","SYNTHETIC_AEUID","character",0,0,0,0,"","","matched PLIDA variable metadata","Synthetic id of individual person on dataset | Synthetic MADIP Person ID","madip-ge-050101d-deaths-deathregistrations2007-2007 | madip-ge-050102d-deaths-causeofdeath2007-2007 | madip-ge-050103d-deaths-deathregistrations2008-2008 | ... (24 products)","","",""
"vital-events","DEATHS","madipge-death-d-cause-of-death-2016","UCOD","character",0,0,0,0,"","","matched PLIDA variable metadata","Underlying cause of death","madip-ge-050102d-deaths-causeofdeath2007-2007 | madip-ge-050104d-deaths-causeofdeath2008-2008 | madip-ge-050106d-deaths-causeofdeath2009-2009 | ... (18 products)","","",""
"vital-events","DEATHS","madipge-death-d-cause-of-death-2016","YEAR_OF_DEATH","integer",0,0,0,0,"","","matched PLIDA variable metadata","Year of death","madip-ge-050101d-deaths-deathregistrations2007-2007 | madip-ge-050103d-deaths-deathregistrations2008-2008 | madip-ge-050105d-deaths-deathregistrations2009-2009 | ... (6 products)","","",""
"vital-events","DEATHS","madipge-death-d-cause-of-death-2017","BIRTH_PLACE","integer",1,0,0,1,"5203 / 5203 / 5203 / 5203 / 5203","5203","matched PLIDA variable metadata","Country of birth","madip-ge-050101d-deaths-deathregistrations2007-2007 | madip-ge-050103d-deaths-deathregistrations2008-2008 | madip-ge-050105d-deaths-deathregistrations2009-2009 | ... (6 products)","","",""
"vital-events","DEATHS","madipge-death-d-cause-of-death-2017","CERTIFIER","character",1,0,0,1,"D=1","D","matched PLIDA variable metadata","Certifier Type | Certifier type","madip-ge-050114d-deaths-causeofdeath2013-2013 | madip-ge-050116d-deaths-causeofdeath2014-2014 | madip-ge-050118d-deaths-causeofdeath2015-2015 | ... (12 products)","","",""
"vital-events","DEATHS","madipge-death-d-cause-of-death-2017","DEATH_AGE","integer",1,0,0,1,"56 / 56 / 56 / 56 / 56","56","matched PLIDA variable metadata","Deceased age at death","madip-ge-050101d-deaths-deathregistrations2007-2007 | madip-ge-050103d-deaths-deathregistrations2008-2008 | madip-ge-050105d-deaths-deathregistrations2009-2009 | ... (6 products)","","",""
"vital-events","DEATHS","madipge-death-d-cause-of-death-2017","DEATH_DAY","integer",1,0,0,1,"17 / 17 / 17 / 17 / 17","17","matched PLIDA variable metadata","Day of Death | Day of death","madip-ge-050114d-deaths-causeofdeath2013-2013 | madip-ge-050116d-deaths-causeofdeath2014-2014 | madip-ge-050118d-deaths-causeofdeath2015-2015 | ... (12 products)","","",""
"vital-events","DEATHS","madipge-death-d-cause-of-death-2017","ENTITY1","character",1,0,0,1,"I21=1","I21","matched PLIDA variable metadata","Used to record multiple apparent causes of death | Entity axis data 1","madip-ge-050102d-deaths-causeofdeath2007-2007 | madip-ge-050104d-deaths-causeofdeath2008-2008 | madip-ge-050106d-deaths-causeofdeath2009-2009 | ... (18 products)","","",""
"vital-events","DEATHS","madipge-death-d-cause-of-death-2017","ENTITY10","character",1,1,100,0,"","","matched PLIDA variable metadata","Used to record multiple apparent causes of death | Entity axis data 10","madip-ge-050102d-deaths-causeofdeath2007-2007 | madip-ge-050104d-deaths-causeofdeath2008-2008 | madip-ge-050106d-deaths-causeofdeath2009-2009 | ... (18 products)","","",""
"vital-events","DEATHS","madipge-death-d-cause-of-death-2017","ENTITY11","character",1,1,100,0,"","","matched PLIDA variable metadata","Used to record multiple apparent causes of death | Entity axis data 11","madip-ge-050102d-deaths-causeofdeath2007-2007 | madip-ge-050104d-deaths-causeofdeath2008-2008 | madip-ge-050106d-deaths-causeofdeath2009-2009 | ... (18 products)","","",""
"vital-events","DEATHS","madipge-death-d-cause-of-death-2017","ENTITY12","character",1,1,100,0,"","","matched PLIDA variable metadata","Used to record multiple apparent causes of death | Entity axis data 12","madip-ge-050102d-deaths-causeofdeath2007-2007 | madip-ge-050104d-deaths-causeofdeath2008-2008 | madip-ge-050106d-deaths-causeofdeath2009-2009 | ... (18 products)","","",""
"vital-events","DEATHS","madipge-death-d-cause-of-death-2017","ENTITY13","character",1,1,100,0,"","","matched PLIDA variable metadata","Used to record multiple apparent causes of death | Entity axis data 13","madip-ge-050102d-deaths-causeofdeath2007-2007 | madip-ge-050104d-deaths-causeofdeath2008-2008 | madip-ge-050106d-deaths-causeofdeath2009-2009 | ... (18 products)","","",""
"vital-events","DEATHS","madipge-death-d-cause-of-death-2017","ENTITY14","character",1,1,100,0,"","","matched PLIDA variable metadata","Used to record multiple apparent causes of death | Entity axis data 14","madip-ge-050102d-deaths-causeofdeath2007-2007 | madip-ge-050104d-deaths-causeofdeath2008-2008 | madip-ge-050106d-deaths-causeofdeath2009-2009 | ... (18 products)","","",""
"vital-events","DEATHS","madipge-death-d-cause-of-death-2017","ENTITY15","character",1,1,100,0,"","","matched PLIDA variable metadata","Used to record multiple apparent causes of death | Entity axis data 15","madip-ge-050102d-deaths-causeofdeath2007-2007 | madip-ge-050104d-deaths-causeofdeath2008-2008 | madip-ge-050106d-deaths-causeofdeath2009-2009 | ... (18 products)","","",""
"vital-events","DEATHS","madipge-death-d-cause-of-death-2017","ENTITY16","character",1,1,100,0,"","","matched PLIDA variable metadata","Used to record multiple apparent causes of death | Entity axis data 16","madip-ge-050102d-deaths-causeofdeath2007-2007 | madip-ge-050104d-deaths-causeofdeath2008-2008 | madip-ge-050106d-deaths-causeofdeath2009-2009 | ... (18 products)","","",""
"vital-events","DEATHS","madipge-death-d-cause-of-death-2017","ENTITY17","character",1,1,100,0,"","","matched PLIDA variable metadata","Used to record multiple apparent causes of death | Entity axis data 17","madip-ge-050102d-deaths-causeofdeath2007-2007 | madip-ge-050104d-deaths-causeofdeath2008-2008 | madip-ge-050106d-deaths-causeofdeath2009-2009 | ... (18 products)","","",""
"vital-events","DEATHS","madipge-death-d-cause-of-death-2017","ENTITY18","character",1,1,100,0,"","","matched PLIDA variable metadata","Used to record multiple apparent causes of death | Entity axis data 18","madip-ge-050102d-deaths-causeofdeath2007-2007 | madip-ge-050104d-deaths-causeofdeath2008-2008 | madip-ge-050106d-deaths-causeofdeath2009-2009 | ... (18 products)","","",""
"vital-events","DEATHS","madipge-death-d-cause-of-death-2017","ENTITY19","character",1,1,100,0,"","","matched PLIDA variable metadata","Used to record multiple apparent causes of death | Entity axis data 19","madip-ge-050102d-deaths-causeofdeath2007-2007 | madip-ge-050104d-deaths-causeofdeath2008-2008 | madip-ge-050106d-deaths-causeofdeath2009-2009 | ... (18 products)","","",""
"vital-events","DEATHS","madipge-death-d-cause-of-death-2017","ENTITY2","character",1,0,0,1,"N18=1","N18","matched PLIDA variable metadata","Used to record multiple apparent causes of death | Entity axis data 2","madip-ge-050102d-deaths-causeofdeath2007-2007 | madip-ge-050104d-deaths-causeofdeath2008-2008 | madip-ge-050106d-deaths-causeofdeath2009-2009 | ... (18 products)","","",""
"vital-events","DEATHS","madipge-death-d-cause-of-death-2017","ENTITY20","character",1,1,100,0,"","","matched PLIDA variable metadata","Used to record multiple apparent causes of death | Entity axis data 20","madip-ge-050102d-deaths-causeofdeath2007-2007 | madip-ge-050104d-deaths-causeofdeath2008-2008 | madip-ge-050106d-deaths-causeofdeath2009-2009 | ... (18 products)","","",""
"vital-events","DEATHS","madipge-death-d-cause-of-death-2017","ENTITY3","character",1,1,100,0,"","","matched PLIDA variable metadata","Used to record multiple apparent causes of death | Entity axis data 3","madip-ge-050102d-deaths-causeofdeath2007-2007 | madip-ge-050104d-deaths-causeofdeath2008-2008 | madip-ge-050106d-deaths-causeofdeath2009-2009 | ... (18 products)","","",""
"vital-events","DEATHS","madipge-death-d-cause-of-death-2017","ENTITY4","character",1,1,100,0,"","","matched PLIDA variable metadata","Used to record multiple apparent causes of death | Entity axis data 4","madip-ge-050102d-deaths-causeofdeath2007-2007 | madip-ge-050104d-deaths-causeofdeath2008-2008 | madip-ge-050106d-deaths-causeofdeath2009-2009 | ... (18 products)","","",""
"vital-events","DEATHS","madipge-death-d-cause-of-death-2017","ENTITY5","character",1,1,100,0,"","","matched PLIDA variable metadata","Used to record multiple apparent causes of death | Entity axis data 5","madip-ge-050102d-deaths-causeofdeath2007-2007 | madip-ge-050104d-deaths-causeofdeath2008-2008 | madip-ge-050106d-deaths-causeofdeath2009-2009 | ... (18 products)","","",""
"vital-events","DEATHS","madipge-death-d-cause-of-death-2017","ENTITY6","character",1,1,100,0,"","","matched PLIDA variable metadata","Used to record multiple apparent causes of death | Entity axis data 6","madip-ge-050102d-deaths-causeofdeath2007-2007 | madip-ge-050104d-deaths-causeofdeath2008-2008 | madip-ge-050106d-deaths-causeofdeath2009-2009 | ... (18 products)","","",""
"vital-events","DEATHS","madipge-death-d-cause-of-death-2017","ENTITY7","character",1,1,100,0,"","","matched PLIDA variable metadata","Used to record multiple apparent causes of death | Entity axis data 7","madip-ge-050102d-deaths-causeofdeath2007-2007 | madip-ge-050104d-deaths-causeofdeath2008-2008 | madip-ge-050106d-deaths-causeofdeath2009-2009 | ... (18 products)","","",""
"vital-events","DEATHS","madipge-death-d-cause-of-death-2017","ENTITY8","character",1,1,100,0,"","","matched PLIDA variable metadata","Used to record multiple apparent causes of death | Entity axis data 8","madip-ge-050102d-deaths-causeofdeath2007-2007 | madip-ge-050104d-deaths-causeofdeath2008-2008 | madip-ge-050106d-deaths-causeofdeath2009-2009 | ... (18 products)","","",""
"vital-events","DEATHS","madipge-death-d-cause-of-death-2017","ENTITY9","character",1,1,100,0,"","","matched PLIDA variable metadata","Used to record multiple apparent causes of death | Entity axis data 9","madip-ge-050102d-deaths-causeofdeath2007-2007 | madip-ge-050104d-deaths-causeofdeath2008-2008 | madip-ge-050106d-deaths-causeofdeath2009-2009 | ... (18 products)","","",""
"vital-events","DEATHS","madipge-death-d-cause-of-death-2017","INDIGENOUS_STATUS","integer",1,0,0,1,"1 / 1 / 1 / 1 / 1","1","matched PLIDA variable metadata","Deceased Indigenous status | Indigenous status","madip-ge-050101d-deaths-deathregistrations2007-2007 | madip-ge-050103d-deaths-deathregistrations2008-2008 | madip-ge-050105d-deaths-deathregistrations2009-2009 | ... (18 products)","","",""
"vital-events","DEATHS","madipge-death-d-cause-of-death-2017","MARITAL_STATUS","integer",1,0,0,1,"2 / 2 / 2 / 2 / 2","2","matched PLIDA variable metadata","Marital status","madip-ge-050101d-deaths-deathregistrations2007-2007 | madip-ge-050103d-deaths-deathregistrations2008-2008 | madip-ge-050105d-deaths-deathregistrations2009-2009 | ... (6 products)","","",""
"vital-events","DEATHS","madipge-death-d-cause-of-death-2017","MONTH_OF_DEATH","integer",1,0,0,1,"1 / 1 / 1 / 1 / 1","1","matched PLIDA variable metadata","Month of death","madip-ge-050101d-deaths-deathregistrations2007-2007 | madip-ge-050103d-deaths-deathregistrations2008-2008 | madip-ge-050105d-deaths-deathregistrations2009-2009 | ... (6 products)","","",""
"vital-events","DEATHS","madipge-death-d-cause-of-death-2017","PLACE_OF_DEATH","integer",1,0,0,1,"1 / 1 / 1 / 1 / 1","1","matched PLIDA variable metadata","Deceased Place of Death | Place of Death","madipge-death-d-cause-of-death-2019","","",""
"vital-events","DEATHS","madipge-death-d-cause-of-death-2017","RACS1","character",1,0,0,1,"I21=1","I21","matched PLIDA variable metadata","Used to record multiple apparent causes of death | Record axis data 1","madip-ge-050102d-deaths-causeofdeath2007-2007 | madip-ge-050104d-deaths-causeofdeath2008-2008 | madip-ge-050106d-deaths-causeofdeath2009-2009 | ... (18 products)","","",""
"vital-events","DEATHS","madipge-death-d-cause-of-death-2017","RACS10","character",1,1,100,0,"","","matched PLIDA variable metadata","Used to record multiple apparent causes of death | Record axis data 10","madip-ge-050102d-deaths-causeofdeath2007-2007 | madip-ge-050104d-deaths-causeofdeath2008-2008 | madip-ge-050106d-deaths-causeofdeath2009-2009 | ... (18 products)","","",""
"vital-events","DEATHS","madipge-death-d-cause-of-death-2017","RACS11","character",1,1,100,0,"","","matched PLIDA variable metadata","Used to record multiple apparent causes of death | Record axis data 11","madip-ge-050102d-deaths-causeofdeath2007-2007 | madip-ge-050104d-deaths-causeofdeath2008-2008 | madip-ge-050106d-deaths-causeofdeath2009-2009 | ... (18 products)","","",""
"vital-events","DEATHS","madipge-death-d-cause-of-death-2017","RACS12","character",1,1,100,0,"","","matched PLIDA variable metadata","Used to record multiple apparent causes of death | Record axis data 12","madip-ge-050102d-deaths-causeofdeath2007-2007 | madip-ge-050104d-deaths-causeofdeath2008-2008 | madip-ge-050106d-deaths-causeofdeath2009-2009 | ... (18 products)","","",""
"vital-events","DEATHS","madipge-death-d-cause-of-death-2017","RACS13","character",1,1,100,0,"","","matched PLIDA variable metadata","Used to record multiple apparent causes of death | Record axis data 13","madip-ge-050102d-deaths-causeofdeath2007-2007 | madip-ge-050104d-deaths-causeofdeath2008-2008 | madip-ge-050106d-deaths-causeofdeath2009-2009 | ... (18 products)","","",""
"vital-events","DEATHS","madipge-death-d-cause-of-death-2017","RACS14","character",1,1,100,0,"","","matched PLIDA variable metadata","Used to record multiple apparent causes of death | Record axis data 14","madip-ge-050102d-deaths-causeofdeath2007-2007 | madip-ge-050104d-deaths-causeofdeath2008-2008 | madip-ge-050106d-deaths-causeofdeath2009-2009 | ... (18 products)","","",""
"vital-events","DEATHS","madipge-death-d-cause-of-death-2017","RACS15","character",1,1,100,0,"","","matched PLIDA variable metadata","Used to record multiple apparent causes of death | Record axis data 15","madip-ge-050102d-deaths-causeofdeath2007-2007 | madip-ge-050104d-deaths-causeofdeath2008-2008 | madip-ge-050106d-deaths-causeofdeath2009-2009 | ... (18 products)","","",""
"vital-events","DEATHS","madipge-death-d-cause-of-death-2017","RACS16","character",1,1,100,0,"","","matched PLIDA variable metadata","Used to record multiple apparent causes of death | Record axis data 16","madip-ge-050102d-deaths-causeofdeath2007-2007 | madip-ge-050104d-deaths-causeofdeath2008-2008 | madip-ge-050106d-deaths-causeofdeath2009-2009 | ... (18 products)","","",""
"vital-events","DEATHS","madipge-death-d-cause-of-death-2017","RACS17","character",1,1,100,0,"","","matched PLIDA variable metadata","Used to record multiple apparent causes of death | Record axis data 17","madip-ge-050102d-deaths-causeofdeath2007-2007 | madip-ge-050104d-deaths-causeofdeath2008-2008 | madip-ge-050106d-deaths-causeofdeath2009-2009 | ... (18 products)","","",""
"vital-events","DEATHS","madipge-death-d-cause-of-death-2017","RACS18","character",1,1,100,0,"","","matched PLIDA variable metadata","Used to record multiple apparent causes of death | Record axis data 18","madip-ge-050102d-deaths-causeofdeath2007-2007 | madip-ge-050104d-deaths-causeofdeath2008-2008 | madip-ge-050106d-deaths-causeofdeath2009-2009 | ... (18 products)","","",""
"vital-events","DEATHS","madipge-death-d-cause-of-death-2017","RACS19","character",1,1,100,0,"","","matched PLIDA variable metadata","Used to record multiple apparent causes of death | Record axis data 19","madip-ge-050102d-deaths-causeofdeath2007-2007 | madip-ge-050104d-deaths-causeofdeath2008-2008 | madip-ge-050106d-deaths-causeofdeath2009-2009 | ... (18 products)","","",""
"vital-events","DEATHS","madipge-death-d-cause-of-death-2017","RACS2","character",1,0,0,1,"N18=1","N18","matched PLIDA variable metadata","Used to record multiple apparent causes of death | Record axis data 2","madip-ge-050102d-deaths-causeofdeath2007-2007 | madip-ge-050104d-deaths-causeofdeath2008-2008 | madip-ge-050106d-deaths-causeofdeath2009-2009 | ... (18 products)","","",""
"vital-events","DEATHS","madipge-death-d-cause-of-death-2017","RACS20","character",1,1,100,0,"","","matched PLIDA variable metadata","Used to record multiple apparent causes of death | Record axis data 20","madip-ge-050102d-deaths-causeofdeath2007-2007 | madip-ge-050104d-deaths-causeofdeath2008-2008 | madip-ge-050106d-deaths-causeofdeath2009-2009 | ... (18 products)","","",""
"vital-events","DEATHS","madipge-death-d-cause-of-death-2017","RACS3","character",1,1,100,0,"","","matched PLIDA variable metadata","Used to record multiple apparent causes of death | Record axis data 3","madip-ge-050102d-deaths-causeofdeath2007-2007 | madip-ge-050104d-deaths-causeofdeath2008-2008 | madip-ge-050106d-deaths-causeofdeath2009-2009 | ... (18 products)","","",""
"vital-events","DEATHS","madipge-death-d-cause-of-death-2017","RACS4","character",1,1,100,0,"","","matched PLIDA variable metadata","Used to record multiple apparent causes of death | Record axis data 4","madip-ge-050102d-deaths-causeofdeath2007-2007 | madip-ge-050104d-deaths-causeofdeath2008-2008 | madip-ge-050106d-deaths-causeofdeath2009-2009 | ... (18 products)","","",""
"vital-events","DEATHS","madipge-death-d-cause-of-death-2017","RACS5","character",1,1,100,0,"","","matched PLIDA variable metadata","Used to record multiple apparent causes of death | Record axis data 5","madip-ge-050102d-deaths-causeofdeath2007-2007 | madip-ge-050104d-deaths-causeofdeath2008-2008 | madip-ge-050106d-deaths-causeofdeath2009-2009 | ... (18 products)","","",""
"vital-events","DEATHS","madipge-death-d-cause-of-death-2017","RACS6","character",1,1,100,0,"","","matched PLIDA variable metadata","Used to record multiple apparent causes of death | Record axis data 6","madip-ge-050102d-deaths-causeofdeath2007-2007 | madip-ge-050104d-deaths-causeofdeath2008-2008 | madip-ge-050106d-deaths-causeofdeath2009-2009 | ... (18 products)","","",""
"vital-events","DEATHS","madipge-death-d-cause-of-death-2017","RACS7","character",1,1,100,0,"","","matched PLIDA variable metadata","Used to record multiple apparent causes of death | Record axis data 7","madip-ge-050102d-deaths-causeofdeath2007-2007 | madip-ge-050104d-deaths-causeofdeath2008-2008 | madip-ge-050106d-deaths-causeofdeath2009-2009 | ... (18 products)","","",""
"vital-events","DEATHS","madipge-death-d-cause-of-death-2017","RACS8","character",1,1,100,0,"","","matched PLIDA variable metadata","Used to record multiple apparent causes of death | Record axis data 8","madip-ge-050102d-deaths-causeofdeath2007-2007 | madip-ge-050104d-deaths-causeofdeath2008-2008 | madip-ge-050106d-deaths-causeofdeath2009-2009 | ... (18 products)","","",""
"vital-events","DEATHS","madipge-death-d-cause-of-death-2017","RACS9","character",1,1,100,0,"","","matched PLIDA variable metadata","Used to record multiple apparent causes of death | Record axis data 9","madip-ge-050102d-deaths-causeofdeath2007-2007 | madip-ge-050104d-deaths-causeofdeath2008-2008 | madip-ge-050106d-deaths-causeofdeath2009-2009 | ... (18 products)","","",""
"vital-events","DEATHS","madipge-death-d-cause-of-death-2017","RECORD_AXIS_COUNT","integer",1,0,0,1,"2 / 2 / 2 / 2 / 2","2","matched PLIDA variable metadata","Record axis count","madip-ge-050102d-deaths-causeofdeath2007-2007 | madip-ge-050104d-deaths-causeofdeath2008-2008 | madip-ge-050106d-deaths-causeofdeath2009-2009 | ... (18 products)","","",""
"vital-events","DEATHS","madipge-death-d-cause-of-death-2017","REFERENCE_YEAR","integer",1,0,0,1,"2017 / 2017 / 2017 / 2017 / 2017","2017","matched PLIDA variable metadata","The year (calendar or financial) that the information on the record relates to","madip-ge-050101d-deaths-deathregistrations2007-2007 | madip-ge-050103d-deaths-deathregistrations2008-2008 | madip-ge-050105d-deaths-deathregistrations2009-2009 | ... (6 products)","","",""
"vital-events","DEATHS","madipge-death-d-cause-of-death-2017","REG_STATE","integer",1,0,0,1,"3 / 3 / 3 / 3 / 3","3","matched PLIDA variable metadata","State/Territory of registration | State of registration","madip-ge-050101d-deaths-deathregistrations2007-2007 | madip-ge-050103d-deaths-deathregistrations2008-2008 | madip-ge-050105d-deaths-deathregistrations2009-2009 | ... (18 products)","","",""
"vital-events","DEATHS","madipge-death-d-cause-of-death-2017","REMOTENESS_AREA_2021","integer",1,0,0,1,"2 / 2 / 2 / 2 / 2","2","matched PLIDA variable metadata","Remoteness area","madip-ge-050102d-deaths-causeofdeath2007-2007 | madip-ge-050104d-deaths-causeofdeath2008-2008 | madip-ge-050106d-deaths-causeofdeath2009-2009 | ... (18 products)","","",""
"vital-events","DEATHS","madipge-death-d-cause-of-death-2017","SEIFA_IRSAD_DEC_2021","integer",1,0,0,1,"10 / 10 / 10 / 10 / 10","10","matched PLIDA variable metadata","Seifa irsad decile","madip-ge-050102d-deaths-causeofdeath2007-2007 | madip-ge-050104d-deaths-causeofdeath2008-2008 | madip-ge-050106d-deaths-causeofdeath2009-2009 | ... (18 products)","","",""
"vital-events","DEATHS","madipge-death-d-cause-of-death-2017","SEIFA_IRSD_DEC_2021","integer",1,0,0,1,"8 / 8 / 8 / 8 / 8","8","matched PLIDA variable metadata","Seifa irsd decile","madip-ge-050102d-deaths-causeofdeath2007-2007 | madip-ge-050104d-deaths-causeofdeath2008-2008 | madip-ge-050106d-deaths-causeofdeath2009-2009 | ... (18 products)","","",""
"vital-events","DEATHS","madipge-death-d-cause-of-death-2017","SEX","character",1,0,0,1,"M=1","M","matched PLIDA variable metadata","Sex","madip-ge-050101d-deaths-deathregistrations2007-2007 | madip-ge-050103d-deaths-deathregistrations2008-2008 | madip-ge-050105d-deaths-deathregistrations2009-2009 | ... (18 products)","","",""
"vital-events","DEATHS","madipge-death-d-cause-of-death-2017","SYNTHETIC_AEUID","character",1,0,0,1,"EA4FE00000D9=1","EA4FE00000D9","matched PLIDA variable metadata","Synthetic id of individual person on dataset | Synthetic MADIP Person ID","madip-ge-050101d-deaths-deathregistrations2007-2007 | madip-ge-050102d-deaths-causeofdeath2007-2007 | madip-ge-050103d-deaths-deathregistrations2008-2008 | ... (24 products)","","",""
"vital-events","DEATHS","madipge-death-d-cause-of-death-2017","UCOD","character",1,0,0,1,"I21=1","I21","matched PLIDA variable metadata","Underlying cause of death","madip-ge-050102d-deaths-causeofdeath2007-2007 | madip-ge-050104d-deaths-causeofdeath2008-2008 | madip-ge-050106d-deaths-causeofdeath2009-2009 | ... (18 products)","","",""
"vital-events","DEATHS","madipge-death-d-cause-of-death-2017","YEAR_OF_DEATH","integer",1,0,0,1,"2017 / 2017 / 2017 / 2017 / 2017","2017","matched PLIDA variable metadata","Year of death","madip-ge-050101d-deaths-deathregistrations2007-2007 | madip-ge-050103d-deaths-deathregistrations2008-2008 | madip-ge-050105d-deaths-deathregistrations2009-2009 | ... (6 products)","","",""
"vital-events","DEATHS","madipge-death-d-cause-of-death-2018","BIRTH_PLACE","integer",1,0,0,1,"1101 / 1101 / 1101 / 1101 / 1101","1101","matched PLIDA variable metadata","Country of birth","madip-ge-050101d-deaths-deathregistrations2007-2007 | madip-ge-050103d-deaths-deathregistrations2008-2008 | madip-ge-050105d-deaths-deathregistrations2009-2009 | ... (6 products)","","",""
"vital-events","DEATHS","madipge-death-d-cause-of-death-2018","CERTIFIER","character",1,0,0,1,"D=1","D","matched PLIDA variable metadata","Certifier Type | Certifier type","madip-ge-050114d-deaths-causeofdeath2013-2013 | madip-ge-050116d-deaths-causeofdeath2014-2014 | madip-ge-050118d-deaths-causeofdeath2015-2015 | ... (12 products)","","",""
"vital-events","DEATHS","madipge-death-d-cause-of-death-2018","DEATH_AGE","integer",1,0,0,1,"62 / 62 / 62 / 62 / 62","62","matched PLIDA variable metadata","Deceased age at death","madip-ge-050101d-deaths-deathregistrations2007-2007 | madip-ge-050103d-deaths-deathregistrations2008-2008 | madip-ge-050105d-deaths-deathregistrations2009-2009 | ... (6 products)","","",""
"vital-events","DEATHS","madipge-death-d-cause-of-death-2018","DEATH_DAY","integer",1,0,0,1,"15 / 15 / 15 / 15 / 15","15","matched PLIDA variable metadata","Day of Death | Day of death","madip-ge-050114d-deaths-causeofdeath2013-2013 | madip-ge-050116d-deaths-causeofdeath2014-2014 | madip-ge-050118d-deaths-causeofdeath2015-2015 | ... (12 products)","","",""
"vital-events","DEATHS","madipge-death-d-cause-of-death-2018","ENTITY1","character",1,0,0,1,"C61=1","C61","matched PLIDA variable metadata","Used to record multiple apparent causes of death | Entity axis data 1","madip-ge-050102d-deaths-causeofdeath2007-2007 | madip-ge-050104d-deaths-causeofdeath2008-2008 | madip-ge-050106d-deaths-causeofdeath2009-2009 | ... (18 products)","","",""
"vital-events","DEATHS","madipge-death-d-cause-of-death-2018","ENTITY10","character",1,1,100,0,"","","matched PLIDA variable metadata","Used to record multiple apparent causes of death | Entity axis data 10","madip-ge-050102d-deaths-causeofdeath2007-2007 | madip-ge-050104d-deaths-causeofdeath2008-2008 | madip-ge-050106d-deaths-causeofdeath2009-2009 | ... (18 products)","","",""
"vital-events","DEATHS","madipge-death-d-cause-of-death-2018","ENTITY11","character",1,1,100,0,"","","matched PLIDA variable metadata","Used to record multiple apparent causes of death | Entity axis data 11","madip-ge-050102d-deaths-causeofdeath2007-2007 | madip-ge-050104d-deaths-causeofdeath2008-2008 | madip-ge-050106d-deaths-causeofdeath2009-2009 | ... (18 products)","","",""
"vital-events","DEATHS","madipge-death-d-cause-of-death-2018","ENTITY12","character",1,1,100,0,"","","matched PLIDA variable metadata","Used to record multiple apparent causes of death | Entity axis data 12","madip-ge-050102d-deaths-causeofdeath2007-2007 | madip-ge-050104d-deaths-causeofdeath2008-2008 | madip-ge-050106d-deaths-causeofdeath2009-2009 | ... (18 products)","","",""
"vital-events","DEATHS","madipge-death-d-cause-of-death-2018","ENTITY13","character",1,1,100,0,"","","matched PLIDA variable metadata","Used to record multiple apparent causes of death | Entity axis data 13","madip-ge-050102d-deaths-causeofdeath2007-2007 | madip-ge-050104d-deaths-causeofdeath2008-2008 | madip-ge-050106d-deaths-causeofdeath2009-2009 | ... (18 products)","","",""
"vital-events","DEATHS","madipge-death-d-cause-of-death-2018","ENTITY14","character",1,1,100,0,"","","matched PLIDA variable metadata","Used to record multiple apparent causes of death | Entity axis data 14","madip-ge-050102d-deaths-causeofdeath2007-2007 | madip-ge-050104d-deaths-causeofdeath2008-2008 | madip-ge-050106d-deaths-causeofdeath2009-2009 | ... (18 products)","","",""
"vital-events","DEATHS","madipge-death-d-cause-of-death-2018","ENTITY15","character",1,1,100,0,"","","matched PLIDA variable metadata","Used to record multiple apparent causes of death | Entity axis data 15","madip-ge-050102d-deaths-causeofdeath2007-2007 | madip-ge-050104d-deaths-causeofdeath2008-2008 | madip-ge-050106d-deaths-causeofdeath2009-2009 | ... (18 products)","","",""
"vital-events","DEATHS","madipge-death-d-cause-of-death-2018","ENTITY16","character",1,1,100,0,"","","matched PLIDA variable metadata","Used to record multiple apparent causes of death | Entity axis data 16","madip-ge-050102d-deaths-causeofdeath2007-2007 | madip-ge-050104d-deaths-causeofdeath2008-2008 | madip-ge-050106d-deaths-causeofdeath2009-2009 | ... (18 products)","","",""
"vital-events","DEATHS","madipge-death-d-cause-of-death-2018","ENTITY17","character",1,1,100,0,"","","matched PLIDA variable metadata","Used to record multiple apparent causes of death | Entity axis data 17","madip-ge-050102d-deaths-causeofdeath2007-2007 | madip-ge-050104d-deaths-causeofdeath2008-2008 | madip-ge-050106d-deaths-causeofdeath2009-2009 | ... (18 products)","","",""
"vital-events","DEATHS","madipge-death-d-cause-of-death-2018","ENTITY18","character",1,1,100,0,"","","matched PLIDA variable metadata","Used to record multiple apparent causes of death | Entity axis data 18","madip-ge-050102d-deaths-causeofdeath2007-2007 | madip-ge-050104d-deaths-causeofdeath2008-2008 | madip-ge-050106d-deaths-causeofdeath2009-2009 | ... (18 products)","","",""
"vital-events","DEATHS","madipge-death-d-cause-of-death-2018","ENTITY19","character",1,1,100,0,"","","matched PLIDA variable metadata","Used to record multiple apparent causes of death | Entity axis data 19","madip-ge-050102d-deaths-causeofdeath2007-2007 | madip-ge-050104d-deaths-causeofdeath2008-2008 | madip-ge-050106d-deaths-causeofdeath2009-2009 | ... (18 products)","","",""
"vital-events","DEATHS","madipge-death-d-cause-of-death-2018","ENTITY2","character",1,0,0,1,"I50=1","I50","matched PLIDA variable metadata","Used to record multiple apparent causes of death | Entity axis data 2","madip-ge-050102d-deaths-causeofdeath2007-2007 | madip-ge-050104d-deaths-causeofdeath2008-2008 | madip-ge-050106d-deaths-causeofdeath2009-2009 | ... (18 products)","","",""
"vital-events","DEATHS","madipge-death-d-cause-of-death-2018","ENTITY20","character",1,1,100,0,"","","matched PLIDA variable metadata","Used to record multiple apparent causes of death | Entity axis data 20","madip-ge-050102d-deaths-causeofdeath2007-2007 | madip-ge-050104d-deaths-causeofdeath2008-2008 | madip-ge-050106d-deaths-causeofdeath2009-2009 | ... (18 products)","","",""
"vital-events","DEATHS","madipge-death-d-cause-of-death-2018","ENTITY3","character",1,0,0,1,"I50=1","I50","matched PLIDA variable metadata","Used to record multiple apparent causes of death | Entity axis data 3","madip-ge-050102d-deaths-causeofdeath2007-2007 | madip-ge-050104d-deaths-causeofdeath2008-2008 | madip-ge-050106d-deaths-causeofdeath2009-2009 | ... (18 products)","","",""
"vital-events","DEATHS","madipge-death-d-cause-of-death-2018","ENTITY4","character",1,0,0,1,"I50=1","I50","matched PLIDA variable metadata","Used to record multiple apparent causes of death | Entity axis data 4","madip-ge-050102d-deaths-causeofdeath2007-2007 | madip-ge-050104d-deaths-causeofdeath2008-2008 | madip-ge-050106d-deaths-causeofdeath2009-2009 | ... (18 products)","","",""
"vital-events","DEATHS","madipge-death-d-cause-of-death-2018","ENTITY5","character",1,1,100,0,"","","matched PLIDA variable metadata","Used to record multiple apparent causes of death | Entity axis data 5","madip-ge-050102d-deaths-causeofdeath2007-2007 | madip-ge-050104d-deaths-causeofdeath2008-2008 | madip-ge-050106d-deaths-causeofdeath2009-2009 | ... (18 products)","","",""
"vital-events","DEATHS","madipge-death-d-cause-of-death-2018","ENTITY6","character",1,1,100,0,"","","matched PLIDA variable metadata","Used to record multiple apparent causes of death | Entity axis data 6","madip-ge-050102d-deaths-causeofdeath2007-2007 | madip-ge-050104d-deaths-causeofdeath2008-2008 | madip-ge-050106d-deaths-causeofdeath2009-2009 | ... (18 products)","","",""
"vital-events","DEATHS","madipge-death-d-cause-of-death-2018","ENTITY7","character",1,1,100,0,"","","matched PLIDA variable metadata","Used to record multiple apparent causes of death | Entity axis data 7","madip-ge-050102d-deaths-causeofdeath2007-2007 | madip-ge-050104d-deaths-causeofdeath2008-2008 | madip-ge-050106d-deaths-causeofdeath2009-2009 | ... (18 products)","","",""
"vital-events","DEATHS","madipge-death-d-cause-of-death-2018","ENTITY8","character",1,1,100,0,"","","matched PLIDA variable metadata","Used to record multiple apparent causes of death | Entity axis data 8","madip-ge-050102d-deaths-causeofdeath2007-2007 | madip-ge-050104d-deaths-causeofdeath2008-2008 | madip-ge-050106d-deaths-causeofdeath2009-2009 | ... (18 products)","","",""
"vital-events","DEATHS","madipge-death-d-cause-of-death-2018","ENTITY9","character",1,1,100,0,"","","matched PLIDA variable metadata","Used to record multiple apparent causes of death | Entity axis data 9","madip-ge-050102d-deaths-causeofdeath2007-2007 | madip-ge-050104d-deaths-causeofdeath2008-2008 | madip-ge-050106d-deaths-causeofdeath2009-2009 | ... (18 products)","","",""
"vital-events","DEATHS","madipge-death-d-cause-of-death-2018","INDIGENOUS_STATUS","integer",1,0,0,1,"1 / 1 / 1 / 1 / 1","1","matched PLIDA variable metadata","Deceased Indigenous status | Indigenous status","madip-ge-050101d-deaths-deathregistrations2007-2007 | madip-ge-050103d-deaths-deathregistrations2008-2008 | madip-ge-050105d-deaths-deathregistrations2009-2009 | ... (18 products)","","",""
"vital-events","DEATHS","madipge-death-d-cause-of-death-2018","MARITAL_STATUS","integer",1,0,0,1,"2 / 2 / 2 / 2 / 2","2","matched PLIDA variable metadata","Marital status","madip-ge-050101d-deaths-deathregistrations2007-2007 | madip-ge-050103d-deaths-deathregistrations2008-2008 | madip-ge-050105d-deaths-deathregistrations2009-2009 | ... (6 products)","","",""
"vital-events","DEATHS","madipge-death-d-cause-of-death-2018","MONTH_OF_DEATH","integer",1,0,0,1,"11 / 11 / 11 / 11 / 11","11","matched PLIDA variable metadata","Month of death","madip-ge-050101d-deaths-deathregistrations2007-2007 | madip-ge-050103d-deaths-deathregistrations2008-2008 | madip-ge-050105d-deaths-deathregistrations2009-2009 | ... (6 products)","","",""
"vital-events","DEATHS","madipge-death-d-cause-of-death-2018","PLACE_OF_DEATH","integer",1,0,0,1,"2 / 2 / 2 / 2 / 2","2","matched PLIDA variable metadata","Deceased Place of Death | Place of Death","madipge-death-d-cause-of-death-2019","","",""
"vital-events","DEATHS","madipge-death-d-cause-of-death-2018","RACS1","character",1,0,0,1,"C61=1","C61","matched PLIDA variable metadata","Used to record multiple apparent causes of death | Record axis data 1","madip-ge-050102d-deaths-causeofdeath2007-2007 | madip-ge-050104d-deaths-causeofdeath2008-2008 | madip-ge-050106d-deaths-causeofdeath2009-2009 | ... (18 products)","","",""
"vital-events","DEATHS","madipge-death-d-cause-of-death-2018","RACS10","character",1,1,100,0,"","","matched PLIDA variable metadata","Used to record multiple apparent causes of death | Record axis data 10","madip-ge-050102d-deaths-causeofdeath2007-2007 | madip-ge-050104d-deaths-causeofdeath2008-2008 | madip-ge-050106d-deaths-causeofdeath2009-2009 | ... (18 products)","","",""
"vital-events","DEATHS","madipge-death-d-cause-of-death-2018","RACS11","character",1,1,100,0,"","","matched PLIDA variable metadata","Used to record multiple apparent causes of death | Record axis data 11","madip-ge-050102d-deaths-causeofdeath2007-2007 | madip-ge-050104d-deaths-causeofdeath2008-2008 | madip-ge-050106d-deaths-causeofdeath2009-2009 | ... (18 products)","","",""
"vital-events","DEATHS","madipge-death-d-cause-of-death-2018","RACS12","character",1,1,100,0,"","","matched PLIDA variable metadata","Used to record multiple apparent causes of death | Record axis data 12","madip-ge-050102d-deaths-causeofdeath2007-2007 | madip-ge-050104d-deaths-causeofdeath2008-2008 | madip-ge-050106d-deaths-causeofdeath2009-2009 | ... (18 products)","","",""
"vital-events","DEATHS","madipge-death-d-cause-of-death-2018","RACS13","character",1,1,100,0,"","","matched PLIDA variable metadata","Used to record multiple apparent causes of death | Record axis data 13","madip-ge-050102d-deaths-causeofdeath2007-2007 | madip-ge-050104d-deaths-causeofdeath2008-2008 | madip-ge-050106d-deaths-causeofdeath2009-2009 | ... (18 products)","","",""
"vital-events","DEATHS","madipge-death-d-cause-of-death-2018","RACS14","character",1,1,100,0,"","","matched PLIDA variable metadata","Used to record multiple apparent causes of death | Record axis data 14","madip-ge-050102d-deaths-causeofdeath2007-2007 | madip-ge-050104d-deaths-causeofdeath2008-2008 | madip-ge-050106d-deaths-causeofdeath2009-2009 | ... (18 products)","","",""
"vital-events","DEATHS","madipge-death-d-cause-of-death-2018","RACS15","character",1,1,100,0,"","","matched PLIDA variable metadata","Used to record multiple apparent causes of death | Record axis data 15","madip-ge-050102d-deaths-causeofdeath2007-2007 | madip-ge-050104d-deaths-causeofdeath2008-2008 | madip-ge-050106d-deaths-causeofdeath2009-2009 | ... (18 products)","","",""
"vital-events","DEATHS","madipge-death-d-cause-of-death-2018","RACS16","character",1,1,100,0,"","","matched PLIDA variable metadata","Used to record multiple apparent causes of death | Record axis data 16","madip-ge-050102d-deaths-causeofdeath2007-2007 | madip-ge-050104d-deaths-causeofdeath2008-2008 | madip-ge-050106d-deaths-causeofdeath2009-2009 | ... (18 products)","","",""
"vital-events","DEATHS","madipge-death-d-cause-of-death-2018","RACS17","character",1,1,100,0,"","","matched PLIDA variable metadata","Used to record multiple apparent causes of death | Record axis data 17","madip-ge-050102d-deaths-causeofdeath2007-2007 | madip-ge-050104d-deaths-causeofdeath2008-2008 | madip-ge-050106d-deaths-causeofdeath2009-2009 | ... (18 products)","","",""
"vital-events","DEATHS","madipge-death-d-cause-of-death-2018","RACS18","character",1,1,100,0,"","","matched PLIDA variable metadata","Used to record multiple apparent causes of death | Record axis data 18","madip-ge-050102d-deaths-causeofdeath2007-2007 | madip-ge-050104d-deaths-causeofdeath2008-2008 | madip-ge-050106d-deaths-causeofdeath2009-2009 | ... (18 products)","","",""
"vital-events","DEATHS","madipge-death-d-cause-of-death-2018","RACS19","character",1,1,100,0,"","","matched PLIDA variable metadata","Used to record multiple apparent causes of death | Record axis data 19","madip-ge-050102d-deaths-causeofdeath2007-2007 | madip-ge-050104d-deaths-causeofdeath2008-2008 | madip-ge-050106d-deaths-causeofdeath2009-2009 | ... (18 products)","","",""
"vital-events","DEATHS","madipge-death-d-cause-of-death-2018","RACS2","character",1,0,0,1,"I50=1","I50","matched PLIDA variable metadata","Used to record multiple apparent causes of death | Record axis data 2","madip-ge-050102d-deaths-causeofdeath2007-2007 | madip-ge-050104d-deaths-causeofdeath2008-2008 | madip-ge-050106d-deaths-causeofdeath2009-2009 | ... (18 products)","","",""
"vital-events","DEATHS","madipge-death-d-cause-of-death-2018","RACS20","character",1,1,100,0,"","","matched PLIDA variable metadata","Used to record multiple apparent causes of death | Record axis data 20","madip-ge-050102d-deaths-causeofdeath2007-2007 | madip-ge-050104d-deaths-causeofdeath2008-2008 | madip-ge-050106d-deaths-causeofdeath2009-2009 | ... (18 products)","","",""
"vital-events","DEATHS","madipge-death-d-cause-of-death-2018","RACS3","character",1,1,100,0,"","","matched PLIDA variable metadata","Used to record multiple apparent causes of death | Record axis data 3","madip-ge-050102d-deaths-causeofdeath2007-2007 | madip-ge-050104d-deaths-causeofdeath2008-2008 | madip-ge-050106d-deaths-causeofdeath2009-2009 | ... (18 products)","","",""
"vital-events","DEATHS","madipge-death-d-cause-of-death-2018","RACS4","character",1,1,100,0,"","","matched PLIDA variable metadata","Used to record multiple apparent causes of death | Record axis data 4","madip-ge-050102d-deaths-causeofdeath2007-2007 | madip-ge-050104d-deaths-causeofdeath2008-2008 | madip-ge-050106d-deaths-causeofdeath2009-2009 | ... (18 products)","","",""
"vital-events","DEATHS","madipge-death-d-cause-of-death-2018","RACS5","character",1,1,100,0,"","","matched PLIDA variable metadata","Used to record multiple apparent causes of death | Record axis data 5","madip-ge-050102d-deaths-causeofdeath2007-2007 | madip-ge-050104d-deaths-causeofdeath2008-2008 | madip-ge-050106d-deaths-causeofdeath2009-2009 | ... (18 products)","","",""
"vital-events","DEATHS","madipge-death-d-cause-of-death-2018","RACS6","character",1,1,100,0,"","","matched PLIDA variable metadata","Used to record multiple apparent causes of death | Record axis data 6","madip-ge-050102d-deaths-causeofdeath2007-2007 | madip-ge-050104d-deaths-causeofdeath2008-2008 | madip-ge-050106d-deaths-causeofdeath2009-2009 | ... (18 products)","","",""
"vital-events","DEATHS","madipge-death-d-cause-of-death-2018","RACS7","character",1,1,100,0,"","","matched PLIDA variable metadata","Used to record multiple apparent causes of death | Record axis data 7","madip-ge-050102d-deaths-causeofdeath2007-2007 | madip-ge-050104d-deaths-causeofdeath2008-2008 | madip-ge-050106d-deaths-causeofdeath2009-2009 | ... (18 products)","","",""
"vital-events","DEATHS","madipge-death-d-cause-of-death-2018","RACS8","character",1,1,100,0,"","","matched PLIDA variable metadata","Used to record multiple apparent causes of death | Record axis data 8","madip-ge-050102d-deaths-causeofdeath2007-2007 | madip-ge-050104d-deaths-causeofdeath2008-2008 | madip-ge-050106d-deaths-causeofdeath2009-2009 | ... (18 products)","","",""
"vital-events","DEATHS","madipge-death-d-cause-of-death-2018","RACS9","character",1,1,100,0,"","","matched PLIDA variable metadata","Used to record multiple apparent causes of death | Record axis data 9","madip-ge-050102d-deaths-causeofdeath2007-2007 | madip-ge-050104d-deaths-causeofdeath2008-2008 | madip-ge-050106d-deaths-causeofdeath2009-2009 | ... (18 products)","","",""
"vital-events","DEATHS","madipge-death-d-cause-of-death-2018","RECORD_AXIS_COUNT","integer",1,0,0,1,"2 / 2 / 2 / 2 / 2","2","matched PLIDA variable metadata","Record axis count","madip-ge-050102d-deaths-causeofdeath2007-2007 | madip-ge-050104d-deaths-causeofdeath2008-2008 | madip-ge-050106d-deaths-causeofdeath2009-2009 | ... (18 products)","","",""
"vital-events","DEATHS","madipge-death-d-cause-of-death-2018","REFERENCE_YEAR","integer",1,0,0,1,"2018 / 2018 / 2018 / 2018 / 2018","2018","matched PLIDA variable metadata","The year (calendar or financial) that the information on the record relates to","madip-ge-050101d-deaths-deathregistrations2007-2007 | madip-ge-050103d-deaths-deathregistrations2008-2008 | madip-ge-050105d-deaths-deathregistrations2009-2009 | ... (6 products)","","",""
"vital-events","DEATHS","madipge-death-d-cause-of-death-2018","REG_STATE","integer",1,0,0,1,"2 / 2 / 2 / 2 / 2","2","matched PLIDA variable metadata","State/Territory of registration | State of registration","madip-ge-050101d-deaths-deathregistrations2007-2007 | madip-ge-050103d-deaths-deathregistrations2008-2008 | madip-ge-050105d-deaths-deathregistrations2009-2009 | ... (18 products)","","",""
"vital-events","DEATHS","madipge-death-d-cause-of-death-2018","REMOTENESS_AREA_2021","integer",1,0,0,1,"4 / 4 / 4 / 4 / 4","4","matched PLIDA variable metadata","Remoteness area","madip-ge-050102d-deaths-causeofdeath2007-2007 | madip-ge-050104d-deaths-causeofdeath2008-2008 | madip-ge-050106d-deaths-causeofdeath2009-2009 | ... (18 products)","","",""
"vital-events","DEATHS","madipge-death-d-cause-of-death-2018","SEIFA_IRSAD_DEC_2021","integer",1,0,0,1,"3 / 3 / 3 / 3 / 3","3","matched PLIDA variable metadata","Seifa irsad decile","madip-ge-050102d-deaths-causeofdeath2007-2007 | madip-ge-050104d-deaths-causeofdeath2008-2008 | madip-ge-050106d-deaths-causeofdeath2009-2009 | ... (18 products)","","",""
"vital-events","DEATHS","madipge-death-d-cause-of-death-2018","SEIFA_IRSD_DEC_2021","integer",1,0,0,1,"1 / 1 / 1 / 1 / 1","1","matched PLIDA variable metadata","Seifa irsd decile","madip-ge-050102d-deaths-causeofdeath2007-2007 | madip-ge-050104d-deaths-causeofdeath2008-2008 | madip-ge-050106d-deaths-causeofdeath2009-2009 | ... (18 products)","","",""
"vital-events","DEATHS","madipge-death-d-cause-of-death-2018","SEX","character",1,0,0,1,"F=1","F","matched PLIDA variable metadata","Sex","madip-ge-050101d-deaths-deathregistrations2007-2007 | madip-ge-050103d-deaths-deathregistrations2008-2008 | madip-ge-050105d-deaths-deathregistrations2009-2009 | ... (18 products)","","",""
"vital-events","DEATHS","madipge-death-d-cause-of-death-2018","SYNTHETIC_AEUID","character",1,0,0,1,"EA4FE0000193=1","EA4FE0000193","matched PLIDA variable metadata","Synthetic id of individual person on dataset | Synthetic MADIP Person ID","madip-ge-050101d-deaths-deathregistrations2007-2007 | madip-ge-050102d-deaths-causeofdeath2007-2007 | madip-ge-050103d-deaths-deathregistrations2008-2008 | ... (24 products)","","",""
"vital-events","DEATHS","madipge-death-d-cause-of-death-2018","UCOD","character",1,0,0,1,"C61=1","C61","matched PLIDA variable metadata","Underlying cause of death","madip-ge-050102d-deaths-causeofdeath2007-2007 | madip-ge-050104d-deaths-causeofdeath2008-2008 | madip-ge-050106d-deaths-causeofdeath2009-2009 | ... (18 products)","","",""
"vital-events","DEATHS","madipge-death-d-cause-of-death-2018","YEAR_OF_DEATH","integer",1,0,0,1,"2018 / 2018 / 2018 / 2018 / 2018","2018","matched PLIDA variable metadata","Year of death","madip-ge-050101d-deaths-deathregistrations2007-2007 | madip-ge-050103d-deaths-deathregistrations2008-2008 | madip-ge-050105d-deaths-deathregistrations2009-2009 | ... (6 products)","","",""
"vital-events","DEATHS","madipge-death-d-cause-of-death-2019","BIRTH_PLACE","integer",1,0,0,1,"1101 / 1101 / 1101 / 1101 / 1101","1101","matched PLIDA variable metadata","Country of birth","madip-ge-050101d-deaths-deathregistrations2007-2007 | madip-ge-050103d-deaths-deathregistrations2008-2008 | madip-ge-050105d-deaths-deathregistrations2009-2009 | ... (6 products)","","",""
"vital-events","DEATHS","madipge-death-d-cause-of-death-2019","CERTIFIER","character",1,0,0,1,"D=1","D","matched PLIDA variable metadata","Certifier Type | Certifier type","madip-ge-050114d-deaths-causeofdeath2013-2013 | madip-ge-050116d-deaths-causeofdeath2014-2014 | madip-ge-050118d-deaths-causeofdeath2015-2015 | ... (12 products)","","",""
"vital-events","DEATHS","madipge-death-d-cause-of-death-2019","DEATH_AGE","integer",1,0,0,1,"52 / 52 / 52 / 52 / 52","52","matched PLIDA variable metadata","Deceased age at death","madip-ge-050101d-deaths-deathregistrations2007-2007 | madip-ge-050103d-deaths-deathregistrations2008-2008 | madip-ge-050105d-deaths-deathregistrations2009-2009 | ... (6 products)","","",""
"vital-events","DEATHS","madipge-death-d-cause-of-death-2019","DEATH_DAY","integer",1,0,0,1,"15 / 15 / 15 / 15 / 15","15","matched PLIDA variable metadata","Day of Death | Day of death","madip-ge-050114d-deaths-causeofdeath2013-2013 | madip-ge-050116d-deaths-causeofdeath2014-2014 | madip-ge-050118d-deaths-causeofdeath2015-2015 | ... (12 products)","","",""
"vital-events","DEATHS","madipge-death-d-cause-of-death-2019","ENTITY1","character",1,0,0,1,"E11=1","E11","matched PLIDA variable metadata","Used to record multiple apparent causes of death | Entity axis data 1","madip-ge-050102d-deaths-causeofdeath2007-2007 | madip-ge-050104d-deaths-causeofdeath2008-2008 | madip-ge-050106d-deaths-causeofdeath2009-2009 | ... (18 products)","","",""
"vital-events","DEATHS","madipge-death-d-cause-of-death-2019","ENTITY10","character",1,1,100,0,"","","matched PLIDA variable metadata","Used to record multiple apparent causes of death | Entity axis data 10","madip-ge-050102d-deaths-causeofdeath2007-2007 | madip-ge-050104d-deaths-causeofdeath2008-2008 | madip-ge-050106d-deaths-causeofdeath2009-2009 | ... (18 products)","","",""
"vital-events","DEATHS","madipge-death-d-cause-of-death-2019","ENTITY11","character",1,1,100,0,"","","matched PLIDA variable metadata","Used to record multiple apparent causes of death | Entity axis data 11","madip-ge-050102d-deaths-causeofdeath2007-2007 | madip-ge-050104d-deaths-causeofdeath2008-2008 | madip-ge-050106d-deaths-causeofdeath2009-2009 | ... (18 products)","","",""
"vital-events","DEATHS","madipge-death-d-cause-of-death-2019","ENTITY12","character",1,1,100,0,"","","matched PLIDA variable metadata","Used to record multiple apparent causes of death | Entity axis data 12","madip-ge-050102d-deaths-causeofdeath2007-2007 | madip-ge-050104d-deaths-causeofdeath2008-2008 | madip-ge-050106d-deaths-causeofdeath2009-2009 | ... (18 products)","","",""
"vital-events","DEATHS","madipge-death-d-cause-of-death-2019","ENTITY13","character",1,1,100,0,"","","matched PLIDA variable metadata","Used to record multiple apparent causes of death | Entity axis data 13","madip-ge-050102d-deaths-causeofdeath2007-2007 | madip-ge-050104d-deaths-causeofdeath2008-2008 | madip-ge-050106d-deaths-causeofdeath2009-2009 | ... (18 products)","","",""
"vital-events","DEATHS","madipge-death-d-cause-of-death-2019","ENTITY14","character",1,1,100,0,"","","matched PLIDA variable metadata","Used to record multiple apparent causes of death | Entity axis data 14","madip-ge-050102d-deaths-causeofdeath2007-2007 | madip-ge-050104d-deaths-causeofdeath2008-2008 | madip-ge-050106d-deaths-causeofdeath2009-2009 | ... (18 products)","","",""
"vital-events","DEATHS","madipge-death-d-cause-of-death-2019","ENTITY15","character",1,1,100,0,"","","matched PLIDA variable metadata","Used to record multiple apparent causes of death | Entity axis data 15","madip-ge-050102d-deaths-causeofdeath2007-2007 | madip-ge-050104d-deaths-causeofdeath2008-2008 | madip-ge-050106d-deaths-causeofdeath2009-2009 | ... (18 products)","","",""
"vital-events","DEATHS","madipge-death-d-cause-of-death-2019","ENTITY16","character",1,1,100,0,"","","matched PLIDA variable metadata","Used to record multiple apparent causes of death | Entity axis data 16","madip-ge-050102d-deaths-causeofdeath2007-2007 | madip-ge-050104d-deaths-causeofdeath2008-2008 | madip-ge-050106d-deaths-causeofdeath2009-2009 | ... (18 products)","","",""
"vital-events","DEATHS","madipge-death-d-cause-of-death-2019","ENTITY17","character",1,1,100,0,"","","matched PLIDA variable metadata","Used to record multiple apparent causes of death | Entity axis data 17","madip-ge-050102d-deaths-causeofdeath2007-2007 | madip-ge-050104d-deaths-causeofdeath2008-2008 | madip-ge-050106d-deaths-causeofdeath2009-2009 | ... (18 products)","","",""
"vital-events","DEATHS","madipge-death-d-cause-of-death-2019","ENTITY18","character",1,1,100,0,"","","matched PLIDA variable metadata","Used to record multiple apparent causes of death | Entity axis data 18","madip-ge-050102d-deaths-causeofdeath2007-2007 | madip-ge-050104d-deaths-causeofdeath2008-2008 | madip-ge-050106d-deaths-causeofdeath2009-2009 | ... (18 products)","","",""
"vital-events","DEATHS","madipge-death-d-cause-of-death-2019","ENTITY19","character",1,1,100,0,"","","matched PLIDA variable metadata","Used to record multiple apparent causes of death | Entity axis data 19","madip-ge-050102d-deaths-causeofdeath2007-2007 | madip-ge-050104d-deaths-causeofdeath2008-2008 | madip-ge-050106d-deaths-causeofdeath2009-2009 | ... (18 products)","","",""
"vital-events","DEATHS","madipge-death-d-cause-of-death-2019","ENTITY2","character",1,0,0,1,"F03=1","F03","matched PLIDA variable metadata","Used to record multiple apparent causes of death | Entity axis data 2","madip-ge-050102d-deaths-causeofdeath2007-2007 | madip-ge-050104d-deaths-causeofdeath2008-2008 | madip-ge-050106d-deaths-causeofdeath2009-2009 | ... (18 products)","","",""
"vital-events","DEATHS","madipge-death-d-cause-of-death-2019","ENTITY20","character",1,1,100,0,"","","matched PLIDA variable metadata","Used to record multiple apparent causes of death | Entity axis data 20","madip-ge-050102d-deaths-causeofdeath2007-2007 | madip-ge-050104d-deaths-causeofdeath2008-2008 | madip-ge-050106d-deaths-causeofdeath2009-2009 | ... (18 products)","","",""
"vital-events","DEATHS","madipge-death-d-cause-of-death-2019","ENTITY3","character",1,0,0,1,"I50=1","I50","matched PLIDA variable metadata","Used to record multiple apparent causes of death | Entity axis data 3","madip-ge-050102d-deaths-causeofdeath2007-2007 | madip-ge-050104d-deaths-causeofdeath2008-2008 | madip-ge-050106d-deaths-causeofdeath2009-2009 | ... (18 products)","","",""
"vital-events","DEATHS","madipge-death-d-cause-of-death-2019","ENTITY4","character",1,0,0,1,"F03=1","F03","matched PLIDA variable metadata","Used to record multiple apparent causes of death | Entity axis data 4","madip-ge-050102d-deaths-causeofdeath2007-2007 | madip-ge-050104d-deaths-causeofdeath2008-2008 | madip-ge-050106d-deaths-causeofdeath2009-2009 | ... (18 products)","","",""
"vital-events","DEATHS","madipge-death-d-cause-of-death-2019","ENTITY5","character",1,1,100,0,"","","matched PLIDA variable metadata","Used to record multiple apparent causes of death | Entity axis data 5","madip-ge-050102d-deaths-causeofdeath2007-2007 | madip-ge-050104d-deaths-causeofdeath2008-2008 | madip-ge-050106d-deaths-causeofdeath2009-2009 | ... (18 products)","","",""
"vital-events","DEATHS","madipge-death-d-cause-of-death-2019","ENTITY6","character",1,1,100,0,"","","matched PLIDA variable metadata","Used to record multiple apparent causes of death | Entity axis data 6","madip-ge-050102d-deaths-causeofdeath2007-2007 | madip-ge-050104d-deaths-causeofdeath2008-2008 | madip-ge-050106d-deaths-causeofdeath2009-2009 | ... (18 products)","","",""
"vital-events","DEATHS","madipge-death-d-cause-of-death-2019","ENTITY7","character",1,1,100,0,"","","matched PLIDA variable metadata","Used to record multiple apparent causes of death | Entity axis data 7","madip-ge-050102d-deaths-causeofdeath2007-2007 | madip-ge-050104d-deaths-causeofdeath2008-2008 | madip-ge-050106d-deaths-causeofdeath2009-2009 | ... (18 products)","","",""
"vital-events","DEATHS","madipge-death-d-cause-of-death-2019","ENTITY8","character",1,1,100,0,"","","matched PLIDA variable metadata","Used to record multiple apparent causes of death | Entity axis data 8","madip-ge-050102d-deaths-causeofdeath2007-2007 | madip-ge-050104d-deaths-causeofdeath2008-2008 | madip-ge-050106d-deaths-causeofdeath2009-2009 | ... (18 products)","","",""
"vital-events","DEATHS","madipge-death-d-cause-of-death-2019","ENTITY9","character",1,1,100,0,"","","matched PLIDA variable metadata","Used to record multiple apparent causes of death | Entity axis data 9","madip-ge-050102d-deaths-causeofdeath2007-2007 | madip-ge-050104d-deaths-causeofdeath2008-2008 | madip-ge-050106d-deaths-causeofdeath2009-2009 | ... (18 products)","","",""
"vital-events","DEATHS","madipge-death-d-cause-of-death-2019","INDIGENOUS_STATUS","integer",1,0,0,1,"1 / 1 / 1 / 1 / 1","1","matched PLIDA variable metadata","Deceased Indigenous status | Indigenous status","madip-ge-050101d-deaths-deathregistrations2007-2007 | madip-ge-050103d-deaths-deathregistrations2008-2008 | madip-ge-050105d-deaths-deathregistrations2009-2009 | ... (18 products)","","",""
"vital-events","DEATHS","madipge-death-d-cause-of-death-2019","MARITAL_STATUS","integer",1,0,0,1,"2 / 2 / 2 / 2 / 2","2","matched PLIDA variable metadata","Marital status","madip-ge-050101d-deaths-deathregistrations2007-2007 | madip-ge-050103d-deaths-deathregistrations2008-2008 | madip-ge-050105d-deaths-deathregistrations2009-2009 | ... (6 products)","","",""
"vital-events","DEATHS","madipge-death-d-cause-of-death-2019","MONTH_OF_DEATH","integer",1,0,0,1,"6 / 6 / 6 / 6 / 6","6","matched PLIDA variable metadata","Month of death","madip-ge-050101d-deaths-deathregistrations2007-2007 | madip-ge-050103d-deaths-deathregistrations2008-2008 | madip-ge-050105d-deaths-deathregistrations2009-2009 | ... (6 products)","","",""
"vital-events","DEATHS","madipge-death-d-cause-of-death-2019","PLACE_OF_DEATH","integer",1,0,0,1,"1 / 1 / 1 / 1 / 1","1","matched PLIDA variable metadata","Deceased Place of Death | Place of Death","madipge-death-d-cause-of-death-2019","","",""
"vital-events","DEATHS","madipge-death-d-cause-of-death-2019","RACS1","character",1,0,0,1,"E11=1","E11","matched PLIDA variable metadata","Used to record multiple apparent causes of death | Record axis data 1","madip-ge-050102d-deaths-causeofdeath2007-2007 | madip-ge-050104d-deaths-causeofdeath2008-2008 | madip-ge-050106d-deaths-causeofdeath2009-2009 | ... (18 products)","","",""
"vital-events","DEATHS","madipge-death-d-cause-of-death-2019","RACS10","character",1,1,100,0,"","","matched PLIDA variable metadata","Used to record multiple apparent causes of death | Record axis data 10","madip-ge-050102d-deaths-causeofdeath2007-2007 | madip-ge-050104d-deaths-causeofdeath2008-2008 | madip-ge-050106d-deaths-causeofdeath2009-2009 | ... (18 products)","","",""
"vital-events","DEATHS","madipge-death-d-cause-of-death-2019","RACS11","character",1,1,100,0,"","","matched PLIDA variable metadata","Used to record multiple apparent causes of death | Record axis data 11","madip-ge-050102d-deaths-causeofdeath2007-2007 | madip-ge-050104d-deaths-causeofdeath2008-2008 | madip-ge-050106d-deaths-causeofdeath2009-2009 | ... (18 products)","","",""
"vital-events","DEATHS","madipge-death-d-cause-of-death-2019","RACS12","character",1,1,100,0,"","","matched PLIDA variable metadata","Used to record multiple apparent causes of death | Record axis data 12","madip-ge-050102d-deaths-causeofdeath2007-2007 | madip-ge-050104d-deaths-causeofdeath2008-2008 | madip-ge-050106d-deaths-causeofdeath2009-2009 | ... (18 products)","","",""
"vital-events","DEATHS","madipge-death-d-cause-of-death-2019","RACS13","character",1,1,100,0,"","","matched PLIDA variable metadata","Used to record multiple apparent causes of death | Record axis data 13","madip-ge-050102d-deaths-causeofdeath2007-2007 | madip-ge-050104d-deaths-causeofdeath2008-2008 | madip-ge-050106d-deaths-causeofdeath2009-2009 | ... (18 products)","","",""
"vital-events","DEATHS","madipge-death-d-cause-of-death-2019","RACS14","character",1,1,100,0,"","","matched PLIDA variable metadata","Used to record multiple apparent causes of death | Record axis data 14","madip-ge-050102d-deaths-causeofdeath2007-2007 | madip-ge-050104d-deaths-causeofdeath2008-2008 | madip-ge-050106d-deaths-causeofdeath2009-2009 | ... (18 products)","","",""
"vital-events","DEATHS","madipge-death-d-cause-of-death-2019","RACS15","character",1,1,100,0,"","","matched PLIDA variable metadata","Used to record multiple apparent causes of death | Record axis data 15","madip-ge-050102d-deaths-causeofdeath2007-2007 | madip-ge-050104d-deaths-causeofdeath2008-2008 | madip-ge-050106d-deaths-causeofdeath2009-2009 | ... (18 products)","","",""
"vital-events","DEATHS","madipge-death-d-cause-of-death-2019","RACS16","character",1,1,100,0,"","","matched PLIDA variable metadata","Used to record multiple apparent causes of death | Record axis data 16","madip-ge-050102d-deaths-causeofdeath2007-2007 | madip-ge-050104d-deaths-causeofdeath2008-2008 | madip-ge-050106d-deaths-causeofdeath2009-2009 | ... (18 products)","","",""
"vital-events","DEATHS","madipge-death-d-cause-of-death-2019","RACS17","character",1,1,100,0,"","","matched PLIDA variable metadata","Used to record multiple apparent causes of death | Record axis data 17","madip-ge-050102d-deaths-causeofdeath2007-2007 | madip-ge-050104d-deaths-causeofdeath2008-2008 | madip-ge-050106d-deaths-causeofdeath2009-2009 | ... (18 products)","","",""
"vital-events","DEATHS","madipge-death-d-cause-of-death-2019","RACS18","character",1,1,100,0,"","","matched PLIDA variable metadata","Used to record multiple apparent causes of death | Record axis data 18","madip-ge-050102d-deaths-causeofdeath2007-2007 | madip-ge-050104d-deaths-causeofdeath2008-2008 | madip-ge-050106d-deaths-causeofdeath2009-2009 | ... (18 products)","","",""
"vital-events","DEATHS","madipge-death-d-cause-of-death-2019","RACS19","character",1,1,100,0,"","","matched PLIDA variable metadata","Used to record multiple apparent causes of death | Record axis data 19","madip-ge-050102d-deaths-causeofdeath2007-2007 | madip-ge-050104d-deaths-causeofdeath2008-2008 | madip-ge-050106d-deaths-causeofdeath2009-2009 | ... (18 products)","","",""
"vital-events","DEATHS","madipge-death-d-cause-of-death-2019","RACS2","character",1,0,0,1,"F03=1","F03","matched PLIDA variable metadata","Used to record multiple apparent causes of death | Record axis data 2","madip-ge-050102d-deaths-causeofdeath2007-2007 | madip-ge-050104d-deaths-causeofdeath2008-2008 | madip-ge-050106d-deaths-causeofdeath2009-2009 | ... (18 products)","","",""
"vital-events","DEATHS","madipge-death-d-cause-of-death-2019","RACS20","character",1,1,100,0,"","","matched PLIDA variable metadata","Used to record multiple apparent causes of death | Record axis data 20","madip-ge-050102d-deaths-causeofdeath2007-2007 | madip-ge-050104d-deaths-causeofdeath2008-2008 | madip-ge-050106d-deaths-causeofdeath2009-2009 | ... (18 products)","","",""
"vital-events","DEATHS","madipge-death-d-cause-of-death-2019","RACS3","character",1,0,0,1,"I50=1","I50","matched PLIDA variable metadata","Used to record multiple apparent causes of death | Record axis data 3","madip-ge-050102d-deaths-causeofdeath2007-2007 | madip-ge-050104d-deaths-causeofdeath2008-2008 | madip-ge-050106d-deaths-causeofdeath2009-2009 | ... (18 products)","","",""
"vital-events","DEATHS","madipge-death-d-cause-of-death-2019","RACS4","character",1,1,100,0,"","","matched PLIDA variable metadata","Used to record multiple apparent causes of death | Record axis data 4","madip-ge-050102d-deaths-causeofdeath2007-2007 | madip-ge-050104d-deaths-causeofdeath2008-2008 | madip-ge-050106d-deaths-causeofdeath2009-2009 | ... (18 products)","","",""
"vital-events","DEATHS","madipge-death-d-cause-of-death-2019","RACS5","character",1,1,100,0,"","","matched PLIDA variable metadata","Used to record multiple apparent causes of death | Record axis data 5","madip-ge-050102d-deaths-causeofdeath2007-2007 | madip-ge-050104d-deaths-causeofdeath2008-2008 | madip-ge-050106d-deaths-causeofdeath2009-2009 | ... (18 products)","","",""
"vital-events","DEATHS","madipge-death-d-cause-of-death-2019","RACS6","character",1,1,100,0,"","","matched PLIDA variable metadata","Used to record multiple apparent causes of death | Record axis data 6","madip-ge-050102d-deaths-causeofdeath2007-2007 | madip-ge-050104d-deaths-causeofdeath2008-2008 | madip-ge-050106d-deaths-causeofdeath2009-2009 | ... (18 products)","","",""
"vital-events","DEATHS","madipge-death-d-cause-of-death-2019","RACS7","character",1,1,100,0,"","","matched PLIDA variable metadata","Used to record multiple apparent causes of death | Record axis data 7","madip-ge-050102d-deaths-causeofdeath2007-2007 | madip-ge-050104d-deaths-causeofdeath2008-2008 | madip-ge-050106d-deaths-causeofdeath2009-2009 | ... (18 products)","","",""
"vital-events","DEATHS","madipge-death-d-cause-of-death-2019","RACS8","character",1,1,100,0,"","","matched PLIDA variable metadata","Used to record multiple apparent causes of death | Record axis data 8","madip-ge-050102d-deaths-causeofdeath2007-2007 | madip-ge-050104d-deaths-causeofdeath2008-2008 | madip-ge-050106d-deaths-causeofdeath2009-2009 | ... (18 products)","","",""
"vital-events","DEATHS","madipge-death-d-cause-of-death-2019","RACS9","character",1,1,100,0,"","","matched PLIDA variable metadata","Used to record multiple apparent causes of death | Record axis data 9","madip-ge-050102d-deaths-causeofdeath2007-2007 | madip-ge-050104d-deaths-causeofdeath2008-2008 | madip-ge-050106d-deaths-causeofdeath2009-2009 | ... (18 products)","","",""
"vital-events","DEATHS","madipge-death-d-cause-of-death-2019","RECORD_AXIS_COUNT","integer",1,0,0,1,"3 / 3 / 3 / 3 / 3","3","matched PLIDA variable metadata","Record axis count","madip-ge-050102d-deaths-causeofdeath2007-2007 | madip-ge-050104d-deaths-causeofdeath2008-2008 | madip-ge-050106d-deaths-causeofdeath2009-2009 | ... (18 products)","","",""
"vital-events","DEATHS","madipge-death-d-cause-of-death-2019","REFERENCE_YEAR","integer",1,0,0,1,"2019 / 2019 / 2019 / 2019 / 2019","2019","matched PLIDA variable metadata","The year (calendar or financial) that the information on the record relates to","madip-ge-050101d-deaths-deathregistrations2007-2007 | madip-ge-050103d-deaths-deathregistrations2008-2008 | madip-ge-050105d-deaths-deathregistrations2009-2009 | ... (6 products)","","",""
"vital-events","DEATHS","madipge-death-d-cause-of-death-2019","REG_STATE","integer",1,0,0,1,"1 / 1 / 1 / 1 / 1","1","matched PLIDA variable metadata","State/Territory of registration | State of registration","madip-ge-050101d-deaths-deathregistrations2007-2007 | madip-ge-050103d-deaths-deathregistrations2008-2008 | madip-ge-050105d-deaths-deathregistrations2009-2009 | ... (18 products)","","",""
"vital-events","DEATHS","madipge-death-d-cause-of-death-2019","REMOTENESS_AREA_2021","integer",1,0,0,1,"1 / 1 / 1 / 1 / 1","1","matched PLIDA variable metadata","Remoteness area","madip-ge-050102d-deaths-causeofdeath2007-2007 | madip-ge-050104d-deaths-causeofdeath2008-2008 | madip-ge-050106d-deaths-causeofdeath2009-2009 | ... (18 products)","","",""
"vital-events","DEATHS","madipge-death-d-cause-of-death-2019","SEIFA_IRSAD_DEC_2021","integer",1,0,0,1,"5 / 5 / 5 / 5 / 5","5","matched PLIDA variable metadata","Seifa irsad decile","madip-ge-050102d-deaths-causeofdeath2007-2007 | madip-ge-050104d-deaths-causeofdeath2008-2008 | madip-ge-050106d-deaths-causeofdeath2009-2009 | ... (18 products)","","",""
"vital-events","DEATHS","madipge-death-d-cause-of-death-2019","SEIFA_IRSD_DEC_2021","integer",1,0,0,1,"6 / 6 / 6 / 6 / 6","6","matched PLIDA variable metadata","Seifa irsd decile","madip-ge-050102d-deaths-causeofdeath2007-2007 | madip-ge-050104d-deaths-causeofdeath2008-2008 | madip-ge-050106d-deaths-causeofdeath2009-2009 | ... (18 products)","","",""
"vital-events","DEATHS","madipge-death-d-cause-of-death-2019","SEX","character",1,0,0,1,"M=1","M","matched PLIDA variable metadata","Sex","madip-ge-050101d-deaths-deathregistrations2007-2007 | madip-ge-050103d-deaths-deathregistrations2008-2008 | madip-ge-050105d-deaths-deathregistrations2009-2009 | ... (18 products)","","",""
"vital-events","DEATHS","madipge-death-d-cause-of-death-2019","SYNTHETIC_AEUID","character",1,0,0,1,"EA4FE00000D2=1","EA4FE00000D2","matched PLIDA variable metadata","Synthetic id of individual person on dataset | Synthetic MADIP Person ID","madip-ge-050101d-deaths-deathregistrations2007-2007 | madip-ge-050102d-deaths-causeofdeath2007-2007 | madip-ge-050103d-deaths-deathregistrations2008-2008 | ... (24 products)","","",""
"vital-events","DEATHS","madipge-death-d-cause-of-death-2019","UCOD","character",1,0,0,1,"E11=1","E11","matched PLIDA variable metadata","Underlying cause of death","madip-ge-050102d-deaths-causeofdeath2007-2007 | madip-ge-050104d-deaths-causeofdeath2008-2008 | madip-ge-050106d-deaths-causeofdeath2009-2009 | ... (18 products)","","",""
"vital-events","DEATHS","madipge-death-d-cause-of-death-2019","YEAR_OF_DEATH","integer",1,0,0,1,"2019 / 2019 / 2019 / 2019 / 2019","2019","matched PLIDA variable metadata","Year of death","madip-ge-050101d-deaths-deathregistrations2007-2007 | madip-ge-050103d-deaths-deathregistrations2008-2008 | madip-ge-050105d-deaths-deathregistrations2009-2009 | ... (6 products)","","",""
"vital-events","DEATHS","madipge-death-d-cause-of-death-2020","BIRTH_PLACE","integer",1,0,0,1,"1101 / 1101 / 1101 / 1101 / 1101","1101","matched PLIDA variable metadata","Country of birth","madip-ge-050101d-deaths-deathregistrations2007-2007 | madip-ge-050103d-deaths-deathregistrations2008-2008 | madip-ge-050105d-deaths-deathregistrations2009-2009 | ... (6 products)","","",""
"vital-events","DEATHS","madipge-death-d-cause-of-death-2020","CERTIFIER","character",1,0,0,1,"C=1","C","matched PLIDA variable metadata","Certifier Type | Certifier type","madip-ge-050114d-deaths-causeofdeath2013-2013 | madip-ge-050116d-deaths-causeofdeath2014-2014 | madip-ge-050118d-deaths-causeofdeath2015-2015 | ... (12 products)","","",""
"vital-events","DEATHS","madipge-death-d-cause-of-death-2020","DEATH_AGE","integer",1,0,0,1,"65 / 65 / 65 / 65 / 65","65","matched PLIDA variable metadata","Deceased age at death","madip-ge-050101d-deaths-deathregistrations2007-2007 | madip-ge-050103d-deaths-deathregistrations2008-2008 | madip-ge-050105d-deaths-deathregistrations2009-2009 | ... (6 products)","","",""
"vital-events","DEATHS","madipge-death-d-cause-of-death-2020","DEATH_DAY","integer",1,0,0,1,"26 / 26 / 26 / 26 / 26","26","matched PLIDA variable metadata","Day of Death | Day of death","madip-ge-050114d-deaths-causeofdeath2013-2013 | madip-ge-050116d-deaths-causeofdeath2014-2014 | madip-ge-050118d-deaths-causeofdeath2015-2015 | ... (12 products)","","",""
"vital-events","DEATHS","madipge-death-d-cause-of-death-2020","ENTITY1","character",1,0,0,1,"J44=1","J44","matched PLIDA variable metadata","Used to record multiple apparent causes of death | Entity axis data 1","madip-ge-050102d-deaths-causeofdeath2007-2007 | madip-ge-050104d-deaths-causeofdeath2008-2008 | madip-ge-050106d-deaths-causeofdeath2009-2009 | ... (18 products)","","",""
"vital-events","DEATHS","madipge-death-d-cause-of-death-2020","ENTITY10","character",1,1,100,0,"","","matched PLIDA variable metadata","Used to record multiple apparent causes of death | Entity axis data 10","madip-ge-050102d-deaths-causeofdeath2007-2007 | madip-ge-050104d-deaths-causeofdeath2008-2008 | madip-ge-050106d-deaths-causeofdeath2009-2009 | ... (18 products)","","",""
"vital-events","DEATHS","madipge-death-d-cause-of-death-2020","ENTITY11","character",1,1,100,0,"","","matched PLIDA variable metadata","Used to record multiple apparent causes of death | Entity axis data 11","madip-ge-050102d-deaths-causeofdeath2007-2007 | madip-ge-050104d-deaths-causeofdeath2008-2008 | madip-ge-050106d-deaths-causeofdeath2009-2009 | ... (18 products)","","",""
"vital-events","DEATHS","madipge-death-d-cause-of-death-2020","ENTITY12","character",1,1,100,0,"","","matched PLIDA variable metadata","Used to record multiple apparent causes of death | Entity axis data 12","madip-ge-050102d-deaths-causeofdeath2007-2007 | madip-ge-050104d-deaths-causeofdeath2008-2008 | madip-ge-050106d-deaths-causeofdeath2009-2009 | ... (18 products)","","",""
"vital-events","DEATHS","madipge-death-d-cause-of-death-2020","ENTITY13","character",1,1,100,0,"","","matched PLIDA variable metadata","Used to record multiple apparent causes of death | Entity axis data 13","madip-ge-050102d-deaths-causeofdeath2007-2007 | madip-ge-050104d-deaths-causeofdeath2008-2008 | madip-ge-050106d-deaths-causeofdeath2009-2009 | ... (18 products)","","",""
"vital-events","DEATHS","madipge-death-d-cause-of-death-2020","ENTITY14","character",1,1,100,0,"","","matched PLIDA variable metadata","Used to record multiple apparent causes of death | Entity axis data 14","madip-ge-050102d-deaths-causeofdeath2007-2007 | madip-ge-050104d-deaths-causeofdeath2008-2008 | madip-ge-050106d-deaths-causeofdeath2009-2009 | ... (18 products)","","",""
"vital-events","DEATHS","madipge-death-d-cause-of-death-2020","ENTITY15","character",1,1,100,0,"","","matched PLIDA variable metadata","Used to record multiple apparent causes of death | Entity axis data 15","madip-ge-050102d-deaths-causeofdeath2007-2007 | madip-ge-050104d-deaths-causeofdeath2008-2008 | madip-ge-050106d-deaths-causeofdeath2009-2009 | ... (18 products)","","",""
"vital-events","DEATHS","madipge-death-d-cause-of-death-2020","ENTITY16","character",1,1,100,0,"","","matched PLIDA variable metadata","Used to record multiple apparent causes of death | Entity axis data 16","madip-ge-050102d-deaths-causeofdeath2007-2007 | madip-ge-050104d-deaths-causeofdeath2008-2008 | madip-ge-050106d-deaths-causeofdeath2009-2009 | ... (18 products)","","",""
"vital-events","DEATHS","madipge-death-d-cause-of-death-2020","ENTITY17","character",1,1,100,0,"","","matched PLIDA variable metadata","Used to record multiple apparent causes of death | Entity axis data 17","madip-ge-050102d-deaths-causeofdeath2007-2007 | madip-ge-050104d-deaths-causeofdeath2008-2008 | madip-ge-050106d-deaths-causeofdeath2009-2009 | ... (18 products)","","",""
"vital-events","DEATHS","madipge-death-d-cause-of-death-2020","ENTITY18","character",1,1,100,0,"","","matched PLIDA variable metadata","Used to record multiple apparent causes of death | Entity axis data 18","madip-ge-050102d-deaths-causeofdeath2007-2007 | madip-ge-050104d-deaths-causeofdeath2008-2008 | madip-ge-050106d-deaths-causeofdeath2009-2009 | ... (18 products)","","",""
"vital-events","DEATHS","madipge-death-d-cause-of-death-2020","ENTITY19","character",1,1,100,0,"","","matched PLIDA variable metadata","Used to record multiple apparent causes of death | Entity axis data 19","madip-ge-050102d-deaths-causeofdeath2007-2007 | madip-ge-050104d-deaths-causeofdeath2008-2008 | madip-ge-050106d-deaths-causeofdeath2009-2009 | ... (18 products)","","",""
"vital-events","DEATHS","madipge-death-d-cause-of-death-2020","ENTITY2","character",1,1,100,0,"","","matched PLIDA variable metadata","Used to record multiple apparent causes of death | Entity axis data 2","madip-ge-050102d-deaths-causeofdeath2007-2007 | madip-ge-050104d-deaths-causeofdeath2008-2008 | madip-ge-050106d-deaths-causeofdeath2009-2009 | ... (18 products)","","",""
"vital-events","DEATHS","madipge-death-d-cause-of-death-2020","ENTITY20","character",1,1,100,0,"","","matched PLIDA variable metadata","Used to record multiple apparent causes of death | Entity axis data 20","madip-ge-050102d-deaths-causeofdeath2007-2007 | madip-ge-050104d-deaths-causeofdeath2008-2008 | madip-ge-050106d-deaths-causeofdeath2009-2009 | ... (18 products)","","",""
"vital-events","DEATHS","madipge-death-d-cause-of-death-2020","ENTITY3","character",1,1,100,0,"","","matched PLIDA variable metadata","Used to record multiple apparent causes of death | Entity axis data 3","madip-ge-050102d-deaths-causeofdeath2007-2007 | madip-ge-050104d-deaths-causeofdeath2008-2008 | madip-ge-050106d-deaths-causeofdeath2009-2009 | ... (18 products)","","",""
"vital-events","DEATHS","madipge-death-d-cause-of-death-2020","ENTITY4","character",1,1,100,0,"","","matched PLIDA variable metadata","Used to record multiple apparent causes of death | Entity axis data 4","madip-ge-050102d-deaths-causeofdeath2007-2007 | madip-ge-050104d-deaths-causeofdeath2008-2008 | madip-ge-050106d-deaths-causeofdeath2009-2009 | ... (18 products)","","",""
"vital-events","DEATHS","madipge-death-d-cause-of-death-2020","ENTITY5","character",1,1,100,0,"","","matched PLIDA variable metadata","Used to record multiple apparent causes of death | Entity axis data 5","madip-ge-050102d-deaths-causeofdeath2007-2007 | madip-ge-050104d-deaths-causeofdeath2008-2008 | madip-ge-050106d-deaths-causeofdeath2009-2009 | ... (18 products)","","",""
"vital-events","DEATHS","madipge-death-d-cause-of-death-2020","ENTITY6","character",1,1,100,0,"","","matched PLIDA variable metadata","Used to record multiple apparent causes of death | Entity axis data 6","madip-ge-050102d-deaths-causeofdeath2007-2007 | madip-ge-050104d-deaths-causeofdeath2008-2008 | madip-ge-050106d-deaths-causeofdeath2009-2009 | ... (18 products)","","",""
"vital-events","DEATHS","madipge-death-d-cause-of-death-2020","ENTITY7","character",1,1,100,0,"","","matched PLIDA variable metadata","Used to record multiple apparent causes of death | Entity axis data 7","madip-ge-050102d-deaths-causeofdeath2007-2007 | madip-ge-050104d-deaths-causeofdeath2008-2008 | madip-ge-050106d-deaths-causeofdeath2009-2009 | ... (18 products)","","",""
"vital-events","DEATHS","madipge-death-d-cause-of-death-2020","ENTITY8","character",1,1,100,0,"","","matched PLIDA variable metadata","Used to record multiple apparent causes of death | Entity axis data 8","madip-ge-050102d-deaths-causeofdeath2007-2007 | madip-ge-050104d-deaths-causeofdeath2008-2008 | madip-ge-050106d-deaths-causeofdeath2009-2009 | ... (18 products)","","",""
"vital-events","DEATHS","madipge-death-d-cause-of-death-2020","ENTITY9","character",1,1,100,0,"","","matched PLIDA variable metadata","Used to record multiple apparent causes of death | Entity axis data 9","madip-ge-050102d-deaths-causeofdeath2007-2007 | madip-ge-050104d-deaths-causeofdeath2008-2008 | madip-ge-050106d-deaths-causeofdeath2009-2009 | ... (18 products)","","",""
"vital-events","DEATHS","madipge-death-d-cause-of-death-2020","INDIGENOUS_STATUS","integer",1,0,0,1,"1 / 1 / 1 / 1 / 1","1","matched PLIDA variable metadata","Deceased Indigenous status | Indigenous status","madip-ge-050101d-deaths-deathregistrations2007-2007 | madip-ge-050103d-deaths-deathregistrations2008-2008 | madip-ge-050105d-deaths-deathregistrations2009-2009 | ... (18 products)","","",""
"vital-events","DEATHS","madipge-death-d-cause-of-death-2020","MARITAL_STATUS","integer",1,0,0,1,"3 / 3 / 3 / 3 / 3","3","matched PLIDA variable metadata","Marital status","madip-ge-050101d-deaths-deathregistrations2007-2007 | madip-ge-050103d-deaths-deathregistrations2008-2008 | madip-ge-050105d-deaths-deathregistrations2009-2009 | ... (6 products)","","",""
"vital-events","DEATHS","madipge-death-d-cause-of-death-2020","MONTH_OF_DEATH","integer",1,0,0,1,"11 / 11 / 11 / 11 / 11","11","matched PLIDA variable metadata","Month of death","madip-ge-050101d-deaths-deathregistrations2007-2007 | madip-ge-050103d-deaths-deathregistrations2008-2008 | madip-ge-050105d-deaths-deathregistrations2009-2009 | ... (6 products)","","",""
"vital-events","DEATHS","madipge-death-d-cause-of-death-2020","PLACE_OF_DEATH","integer",1,0,0,1,"1 / 1 / 1 / 1 / 1","1","matched PLIDA variable metadata","Deceased Place of Death | Place of Death","madipge-death-d-cause-of-death-2019","","",""
"vital-events","DEATHS","madipge-death-d-cause-of-death-2020","RACS1","character",1,0,0,1,"J44=1","J44","matched PLIDA variable metadata","Used to record multiple apparent causes of death | Record axis data 1","madip-ge-050102d-deaths-causeofdeath2007-2007 | madip-ge-050104d-deaths-causeofdeath2008-2008 | madip-ge-050106d-deaths-causeofdeath2009-2009 | ... (18 products)","","",""
"vital-events","DEATHS","madipge-death-d-cause-of-death-2020","RACS10","character",1,1,100,0,"","","matched PLIDA variable metadata","Used to record multiple apparent causes of death | Record axis data 10","madip-ge-050102d-deaths-causeofdeath2007-2007 | madip-ge-050104d-deaths-causeofdeath2008-2008 | madip-ge-050106d-deaths-causeofdeath2009-2009 | ... (18 products)","","",""
"vital-events","DEATHS","madipge-death-d-cause-of-death-2020","RACS11","character",1,1,100,0,"","","matched PLIDA variable metadata","Used to record multiple apparent causes of death | Record axis data 11","madip-ge-050102d-deaths-causeofdeath2007-2007 | madip-ge-050104d-deaths-causeofdeath2008-2008 | madip-ge-050106d-deaths-causeofdeath2009-2009 | ... (18 products)","","",""
"vital-events","DEATHS","madipge-death-d-cause-of-death-2020","RACS12","character",1,1,100,0,"","","matched PLIDA variable metadata","Used to record multiple apparent causes of death | Record axis data 12","madip-ge-050102d-deaths-causeofdeath2007-2007 | madip-ge-050104d-deaths-causeofdeath2008-2008 | madip-ge-050106d-deaths-causeofdeath2009-2009 | ... (18 products)","","",""
"vital-events","DEATHS","madipge-death-d-cause-of-death-2020","RACS13","character",1,1,100,0,"","","matched PLIDA variable metadata","Used to record multiple apparent causes of death | Record axis data 13","madip-ge-050102d-deaths-causeofdeath2007-2007 | madip-ge-050104d-deaths-causeofdeath2008-2008 | madip-ge-050106d-deaths-causeofdeath2009-2009 | ... (18 products)","","",""
"vital-events","DEATHS","madipge-death-d-cause-of-death-2020","RACS14","character",1,1,100,0,"","","matched PLIDA variable metadata","Used to record multiple apparent causes of death | Record axis data 14","madip-ge-050102d-deaths-causeofdeath2007-2007 | madip-ge-050104d-deaths-causeofdeath2008-2008 | madip-ge-050106d-deaths-causeofdeath2009-2009 | ... (18 products)","","",""
"vital-events","DEATHS","madipge-death-d-cause-of-death-2020","RACS15","character",1,1,100,0,"","","matched PLIDA variable metadata","Used to record multiple apparent causes of death | Record axis data 15","madip-ge-050102d-deaths-causeofdeath2007-2007 | madip-ge-050104d-deaths-causeofdeath2008-2008 | madip-ge-050106d-deaths-causeofdeath2009-2009 | ... (18 products)","","",""
"vital-events","DEATHS","madipge-death-d-cause-of-death-2020","RACS16","character",1,1,100,0,"","","matched PLIDA variable metadata","Used to record multiple apparent causes of death | Record axis data 16","madip-ge-050102d-deaths-causeofdeath2007-2007 | madip-ge-050104d-deaths-causeofdeath2008-2008 | madip-ge-050106d-deaths-causeofdeath2009-2009 | ... (18 products)","","",""
"vital-events","DEATHS","madipge-death-d-cause-of-death-2020","RACS17","character",1,1,100,0,"","","matched PLIDA variable metadata","Used to record multiple apparent causes of death | Record axis data 17","madip-ge-050102d-deaths-causeofdeath2007-2007 | madip-ge-050104d-deaths-causeofdeath2008-2008 | madip-ge-050106d-deaths-causeofdeath2009-2009 | ... (18 products)","","",""
"vital-events","DEATHS","madipge-death-d-cause-of-death-2020","RACS18","character",1,1,100,0,"","","matched PLIDA variable metadata","Used to record multiple apparent causes of death | Record axis data 18","madip-ge-050102d-deaths-causeofdeath2007-2007 | madip-ge-050104d-deaths-causeofdeath2008-2008 | madip-ge-050106d-deaths-causeofdeath2009-2009 | ... (18 products)","","",""
"vital-events","DEATHS","madipge-death-d-cause-of-death-2020","RACS19","character",1,1,100,0,"","","matched PLIDA variable metadata","Used to record multiple apparent causes of death | Record axis data 19","madip-ge-050102d-deaths-causeofdeath2007-2007 | madip-ge-050104d-deaths-causeofdeath2008-2008 | madip-ge-050106d-deaths-causeofdeath2009-2009 | ... (18 products)","","",""
"vital-events","DEATHS","madipge-death-d-cause-of-death-2020","RACS2","character",1,1,100,0,"","","matched PLIDA variable metadata","Used to record multiple apparent causes of death | Record axis data 2","madip-ge-050102d-deaths-causeofdeath2007-2007 | madip-ge-050104d-deaths-causeofdeath2008-2008 | madip-ge-050106d-deaths-causeofdeath2009-2009 | ... (18 products)","","",""
"vital-events","DEATHS","madipge-death-d-cause-of-death-2020","RACS20","character",1,1,100,0,"","","matched PLIDA variable metadata","Used to record multiple apparent causes of death | Record axis data 20","madip-ge-050102d-deaths-causeofdeath2007-2007 | madip-ge-050104d-deaths-causeofdeath2008-2008 | madip-ge-050106d-deaths-causeofdeath2009-2009 | ... (18 products)","","",""
"vital-events","DEATHS","madipge-death-d-cause-of-death-2020","RACS3","character",1,1,100,0,"","","matched PLIDA variable metadata","Used to record multiple apparent causes of death | Record axis data 3","madip-ge-050102d-deaths-causeofdeath2007-2007 | madip-ge-050104d-deaths-causeofdeath2008-2008 | madip-ge-050106d-deaths-causeofdeath2009-2009 | ... (18 products)","","",""
"vital-events","DEATHS","madipge-death-d-cause-of-death-2020","RACS4","character",1,1,100,0,"","","matched PLIDA variable metadata","Used to record multiple apparent causes of death | Record axis data 4","madip-ge-050102d-deaths-causeofdeath2007-2007 | madip-ge-050104d-deaths-causeofdeath2008-2008 | madip-ge-050106d-deaths-causeofdeath2009-2009 | ... (18 products)","","",""
"vital-events","DEATHS","madipge-death-d-cause-of-death-2020","RACS5","character",1,1,100,0,"","","matched PLIDA variable metadata","Used to record multiple apparent causes of death | Record axis data 5","madip-ge-050102d-deaths-causeofdeath2007-2007 | madip-ge-050104d-deaths-causeofdeath2008-2008 | madip-ge-050106d-deaths-causeofdeath2009-2009 | ... (18 products)","","",""
"vital-events","DEATHS","madipge-death-d-cause-of-death-2020","RACS6","character",1,1,100,0,"","","matched PLIDA variable metadata","Used to record multiple apparent causes of death | Record axis data 6","madip-ge-050102d-deaths-causeofdeath2007-2007 | madip-ge-050104d-deaths-causeofdeath2008-2008 | madip-ge-050106d-deaths-causeofdeath2009-2009 | ... (18 products)","","",""
"vital-events","DEATHS","madipge-death-d-cause-of-death-2020","RACS7","character",1,1,100,0,"","","matched PLIDA variable metadata","Used to record multiple apparent causes of death | Record axis data 7","madip-ge-050102d-deaths-causeofdeath2007-2007 | madip-ge-050104d-deaths-causeofdeath2008-2008 | madip-ge-050106d-deaths-causeofdeath2009-2009 | ... (18 products)","","",""
"vital-events","DEATHS","madipge-death-d-cause-of-death-2020","RACS8","character",1,1,100,0,"","","matched PLIDA variable metadata","Used to record multiple apparent causes of death | Record axis data 8","madip-ge-050102d-deaths-causeofdeath2007-2007 | madip-ge-050104d-deaths-causeofdeath2008-2008 | madip-ge-050106d-deaths-causeofdeath2009-2009 | ... (18 products)","","",""
"vital-events","DEATHS","madipge-death-d-cause-of-death-2020","RACS9","character",1,1,100,0,"","","matched PLIDA variable metadata","Used to record multiple apparent causes of death | Record axis data 9","madip-ge-050102d-deaths-causeofdeath2007-2007 | madip-ge-050104d-deaths-causeofdeath2008-2008 | madip-ge-050106d-deaths-causeofdeath2009-2009 | ... (18 products)","","",""
"vital-events","DEATHS","madipge-death-d-cause-of-death-2020","RECORD_AXIS_COUNT","integer",1,0,0,1,"1 / 1 / 1 / 1 / 1","1","matched PLIDA variable metadata","Record axis count","madip-ge-050102d-deaths-causeofdeath2007-2007 | madip-ge-050104d-deaths-causeofdeath2008-2008 | madip-ge-050106d-deaths-causeofdeath2009-2009 | ... (18 products)","","",""
"vital-events","DEATHS","madipge-death-d-cause-of-death-2020","REFERENCE_YEAR","integer",1,0,0,1,"2020 / 2020 / 2020 / 2020 / 2020","2020","matched PLIDA variable metadata","The year (calendar or financial) that the information on the record relates to","madip-ge-050101d-deaths-deathregistrations2007-2007 | madip-ge-050103d-deaths-deathregistrations2008-2008 | madip-ge-050105d-deaths-deathregistrations2009-2009 | ... (6 products)","","",""
"vital-events","DEATHS","madipge-death-d-cause-of-death-2020","REG_STATE","integer",1,0,0,1,"4 / 4 / 4 / 4 / 4","4","matched PLIDA variable metadata","State/Territory of registration | State of registration","madip-ge-050101d-deaths-deathregistrations2007-2007 | madip-ge-050103d-deaths-deathregistrations2008-2008 | madip-ge-050105d-deaths-deathregistrations2009-2009 | ... (18 products)","","",""
"vital-events","DEATHS","madipge-death-d-cause-of-death-2020","REMOTENESS_AREA_2021","integer",1,0,0,1,"1 / 1 / 1 / 1 / 1","1","matched PLIDA variable metadata","Remoteness area","madip-ge-050102d-deaths-causeofdeath2007-2007 | madip-ge-050104d-deaths-causeofdeath2008-2008 | madip-ge-050106d-deaths-causeofdeath2009-2009 | ... (18 products)","","",""
"vital-events","DEATHS","madipge-death-d-cause-of-death-2020","SEIFA_IRSAD_DEC_2021","integer",1,0,0,1,"9 / 9 / 9 / 9 / 9","9","matched PLIDA variable metadata","Seifa irsad decile","madip-ge-050102d-deaths-causeofdeath2007-2007 | madip-ge-050104d-deaths-causeofdeath2008-2008 | madip-ge-050106d-deaths-causeofdeath2009-2009 | ... (18 products)","","",""
"vital-events","DEATHS","madipge-death-d-cause-of-death-2020","SEIFA_IRSD_DEC_2021","integer",1,0,0,1,"4 / 4 / 4 / 4 / 4","4","matched PLIDA variable metadata","Seifa irsd decile","madip-ge-050102d-deaths-causeofdeath2007-2007 | madip-ge-050104d-deaths-causeofdeath2008-2008 | madip-ge-050106d-deaths-causeofdeath2009-2009 | ... (18 products)","","",""
"vital-events","DEATHS","madipge-death-d-cause-of-death-2020","SEX","character",1,0,0,1,"M=1","M","matched PLIDA variable metadata","Sex","madip-ge-050101d-deaths-deathregistrations2007-2007 | madip-ge-050103d-deaths-deathregistrations2008-2008 | madip-ge-050105d-deaths-deathregistrations2009-2009 | ... (18 products)","","",""
"vital-events","DEATHS","madipge-death-d-cause-of-death-2020","SYNTHETIC_AEUID","character",1,0,0,1,"EA4FE00001AF=1","EA4FE00001AF","matched PLIDA variable metadata","Synthetic id of individual person on dataset | Synthetic MADIP Person ID","madip-ge-050101d-deaths-deathregistrations2007-2007 | madip-ge-050102d-deaths-causeofdeath2007-2007 | madip-ge-050103d-deaths-deathregistrations2008-2008 | ... (24 products)","","",""
"vital-events","DEATHS","madipge-death-d-cause-of-death-2020","UCOD","character",1,0,0,1,"J44=1","J44","matched PLIDA variable metadata","Underlying cause of death","madip-ge-050102d-deaths-causeofdeath2007-2007 | madip-ge-050104d-deaths-causeofdeath2008-2008 | madip-ge-050106d-deaths-causeofdeath2009-2009 | ... (18 products)","","",""
"vital-events","DEATHS","madipge-death-d-cause-of-death-2020","YEAR_OF_DEATH","integer",1,0,0,1,"2020 / 2020 / 2020 / 2020 / 2020","2020","matched PLIDA variable metadata","Year of death","madip-ge-050101d-deaths-deathregistrations2007-2007 | madip-ge-050103d-deaths-deathregistrations2008-2008 | madip-ge-050105d-deaths-deathregistrations2009-2009 | ... (6 products)","","",""
"vital-events","DEATHS","madipge-death-d-cause-of-death-2021","BIRTH_PLACE","integer",4,0,0,4,"1101.0 / 1176.0 / 3651.0 / 6352.5 / 7107.0","1101; 1201; 6101; 7107","matched PLIDA variable metadata","Country of birth","madip-ge-050101d-deaths-deathregistrations2007-2007 | madip-ge-050103d-deaths-deathregistrations2008-2008 | madip-ge-050105d-deaths-deathregistrations2009-2009 | ... (6 products)","","",""
"vital-events","DEATHS","madipge-death-d-cause-of-death-2021","CERTIFIER","character",4,0,0,1,"D=4","D","matched PLIDA variable metadata","Certifier Type | Certifier type","madip-ge-050114d-deaths-causeofdeath2013-2013 | madip-ge-050116d-deaths-causeofdeath2014-2014 | madip-ge-050118d-deaths-causeofdeath2015-2015 | ... (12 products)","","",""
"vital-events","DEATHS","madipge-death-d-cause-of-death-2021","DEATH_AGE","integer",4,0,0,3,"32.0 / 60.5 / 77.0 / 84.0 / 84.0","32; 70; 84","matched PLIDA variable metadata","Deceased age at death","madip-ge-050101d-deaths-deathregistrations2007-2007 | madip-ge-050103d-deaths-deathregistrations2008-2008 | madip-ge-050105d-deaths-deathregistrations2009-2009 | ... (6 products)","","",""
"vital-events","DEATHS","madipge-death-d-cause-of-death-2021","DEATH_DAY","integer",4,0,0,4,"10.00 / 10.75 / 14.50 / 19.75 / 25.00","10; 11; 18; 25","matched PLIDA variable metadata","Day of Death | Day of death","madip-ge-050114d-deaths-causeofdeath2013-2013 | madip-ge-050116d-deaths-causeofdeath2014-2014 | madip-ge-050118d-deaths-causeofdeath2015-2015 | ... (12 products)","","",""
"vital-events","DEATHS","madipge-death-d-cause-of-death-2021","ENTITY1","character",4,0,0,4,"C18=1; C50=1; C61=1; E11=1","C18; C50; C61; E11","matched PLIDA variable metadata","Used to record multiple apparent causes of death | Entity axis data 1","madip-ge-050102d-deaths-causeofdeath2007-2007 | madip-ge-050104d-deaths-causeofdeath2008-2008 | madip-ge-050106d-deaths-causeofdeath2009-2009 | ... (18 products)","","",""
"vital-events","DEATHS","madipge-death-d-cause-of-death-2021","ENTITY10","character",4,4,100,0,"","","matched PLIDA variable metadata","Used to record multiple apparent causes of death | Entity axis data 10","madip-ge-050102d-deaths-causeofdeath2007-2007 | madip-ge-050104d-deaths-causeofdeath2008-2008 | madip-ge-050106d-deaths-causeofdeath2009-2009 | ... (18 products)","","",""
"vital-events","DEATHS","madipge-death-d-cause-of-death-2021","ENTITY11","character",4,4,100,0,"","","matched PLIDA variable metadata","Used to record multiple apparent causes of death | Entity axis data 11","madip-ge-050102d-deaths-causeofdeath2007-2007 | madip-ge-050104d-deaths-causeofdeath2008-2008 | madip-ge-050106d-deaths-causeofdeath2009-2009 | ... (18 products)","","",""
"vital-events","DEATHS","madipge-death-d-cause-of-death-2021","ENTITY12","character",4,4,100,0,"","","matched PLIDA variable metadata","Used to record multiple apparent causes of death | Entity axis data 12","madip-ge-050102d-deaths-causeofdeath2007-2007 | madip-ge-050104d-deaths-causeofdeath2008-2008 | madip-ge-050106d-deaths-causeofdeath2009-2009 | ... (18 products)","","",""
"vital-events","DEATHS","madipge-death-d-cause-of-death-2021","ENTITY13","character",4,4,100,0,"","","matched PLIDA variable metadata","Used to record multiple apparent causes of death | Entity axis data 13","madip-ge-050102d-deaths-causeofdeath2007-2007 | madip-ge-050104d-deaths-causeofdeath2008-2008 | madip-ge-050106d-deaths-causeofdeath2009-2009 | ... (18 products)","","",""
"vital-events","DEATHS","madipge-death-d-cause-of-death-2021","ENTITY14","character",4,4,100,0,"","","matched PLIDA variable metadata","Used to record multiple apparent causes of death | Entity axis data 14","madip-ge-050102d-deaths-causeofdeath2007-2007 | madip-ge-050104d-deaths-causeofdeath2008-2008 | madip-ge-050106d-deaths-causeofdeath2009-2009 | ... (18 products)","","",""
"vital-events","DEATHS","madipge-death-d-cause-of-death-2021","ENTITY15","character",4,4,100,0,"","","matched PLIDA variable metadata","Used to record multiple apparent causes of death | Entity axis data 15","madip-ge-050102d-deaths-causeofdeath2007-2007 | madip-ge-050104d-deaths-causeofdeath2008-2008 | madip-ge-050106d-deaths-causeofdeath2009-2009 | ... (18 products)","","",""
"vital-events","DEATHS","madipge-death-d-cause-of-death-2021","ENTITY16","character",4,4,100,0,"","","matched PLIDA variable metadata","Used to record multiple apparent causes of death | Entity axis data 16","madip-ge-050102d-deaths-causeofdeath2007-2007 | madip-ge-050104d-deaths-causeofdeath2008-2008 | madip-ge-050106d-deaths-causeofdeath2009-2009 | ... (18 products)","","",""
"vital-events","DEATHS","madipge-death-d-cause-of-death-2021","ENTITY17","character",4,4,100,0,"","","matched PLIDA variable metadata","Used to record multiple apparent causes of death | Entity axis data 17","madip-ge-050102d-deaths-causeofdeath2007-2007 | madip-ge-050104d-deaths-causeofdeath2008-2008 | madip-ge-050106d-deaths-causeofdeath2009-2009 | ... (18 products)","","",""
"vital-events","DEATHS","madipge-death-d-cause-of-death-2021","ENTITY18","character",4,4,100,0,"","","matched PLIDA variable metadata","Used to record multiple apparent causes of death | Entity axis data 18","madip-ge-050102d-deaths-causeofdeath2007-2007 | madip-ge-050104d-deaths-causeofdeath2008-2008 | madip-ge-050106d-deaths-causeofdeath2009-2009 | ... (18 products)","","",""
"vital-events","DEATHS","madipge-death-d-cause-of-death-2021","ENTITY19","character",4,4,100,0,"","","matched PLIDA variable metadata","Used to record multiple apparent causes of death | Entity axis data 19","madip-ge-050102d-deaths-causeofdeath2007-2007 | madip-ge-050104d-deaths-causeofdeath2008-2008 | madip-ge-050106d-deaths-causeofdeath2009-2009 | ... (18 products)","","",""
"vital-events","DEATHS","madipge-death-d-cause-of-death-2021","ENTITY2","character",4,0,0,4,"E66=1; E78=1; I10=1; N18=1","E66; E78; I10; N18","matched PLIDA variable metadata","Used to record multiple apparent causes of death | Entity axis data 2","madip-ge-050102d-deaths-causeofdeath2007-2007 | madip-ge-050104d-deaths-causeofdeath2008-2008 | madip-ge-050106d-deaths-causeofdeath2009-2009 | ... (18 products)","","",""
"vital-events","DEATHS","madipge-death-d-cause-of-death-2021","ENTITY20","character",4,4,100,0,"","","matched PLIDA variable metadata","Used to record multiple apparent causes of death | Entity axis data 20","madip-ge-050102d-deaths-causeofdeath2007-2007 | madip-ge-050104d-deaths-causeofdeath2008-2008 | madip-ge-050106d-deaths-causeofdeath2009-2009 | ... (18 products)","","",""
"vital-events","DEATHS","madipge-death-d-cause-of-death-2021","ENTITY3","character",4,0,0,4,"E11=1; I48=1; J96=1; R09=1","E11; I48; J96; R09","matched PLIDA variable metadata","Used to record multiple apparent causes of death | Entity axis data 3","madip-ge-050102d-deaths-causeofdeath2007-2007 | madip-ge-050104d-deaths-causeofdeath2008-2008 | madip-ge-050106d-deaths-causeofdeath2009-2009 | ... (18 products)","","",""
"vital-events","DEATHS","madipge-death-d-cause-of-death-2021","ENTITY4","character",4,0,0,3,"R09=2; E11=1; I10=1","E11; I10; R09","matched PLIDA variable metadata","Used to record multiple apparent causes of death | Entity axis data 4","madip-ge-050102d-deaths-causeofdeath2007-2007 | madip-ge-050104d-deaths-causeofdeath2008-2008 | madip-ge-050106d-deaths-causeofdeath2009-2009 | ... (18 products)","","",""
"vital-events","DEATHS","madipge-death-d-cause-of-death-2021","ENTITY5","character",4,3,75,1,"I48=1","I48","matched PLIDA variable metadata","Used to record multiple apparent causes of death | Entity axis data 5","madip-ge-050102d-deaths-causeofdeath2007-2007 | madip-ge-050104d-deaths-causeofdeath2008-2008 | madip-ge-050106d-deaths-causeofdeath2009-2009 | ... (18 products)","","",""
"vital-events","DEATHS","madipge-death-d-cause-of-death-2021","ENTITY6","character",4,4,100,0,"","","matched PLIDA variable metadata","Used to record multiple apparent causes of death | Entity axis data 6","madip-ge-050102d-deaths-causeofdeath2007-2007 | madip-ge-050104d-deaths-causeofdeath2008-2008 | madip-ge-050106d-deaths-causeofdeath2009-2009 | ... (18 products)","","",""
"vital-events","DEATHS","madipge-death-d-cause-of-death-2021","ENTITY7","character",4,4,100,0,"","","matched PLIDA variable metadata","Used to record multiple apparent causes of death | Entity axis data 7","madip-ge-050102d-deaths-causeofdeath2007-2007 | madip-ge-050104d-deaths-causeofdeath2008-2008 | madip-ge-050106d-deaths-causeofdeath2009-2009 | ... (18 products)","","",""
"vital-events","DEATHS","madipge-death-d-cause-of-death-2021","ENTITY8","character",4,4,100,0,"","","matched PLIDA variable metadata","Used to record multiple apparent causes of death | Entity axis data 8","madip-ge-050102d-deaths-causeofdeath2007-2007 | madip-ge-050104d-deaths-causeofdeath2008-2008 | madip-ge-050106d-deaths-causeofdeath2009-2009 | ... (18 products)","","",""
"vital-events","DEATHS","madipge-death-d-cause-of-death-2021","ENTITY9","character",4,4,100,0,"","","matched PLIDA variable metadata","Used to record multiple apparent causes of death | Entity axis data 9","madip-ge-050102d-deaths-causeofdeath2007-2007 | madip-ge-050104d-deaths-causeofdeath2008-2008 | madip-ge-050106d-deaths-causeofdeath2009-2009 | ... (18 products)","","",""
"vital-events","DEATHS","madipge-death-d-cause-of-death-2021","INDIGENOUS_STATUS","integer",4,0,0,1,"1 / 1 / 1 / 1 / 1","1","matched PLIDA variable metadata","Deceased Indigenous status | Indigenous status","madip-ge-050101d-deaths-deathregistrations2007-2007 | madip-ge-050103d-deaths-deathregistrations2008-2008 | madip-ge-050105d-deaths-deathregistrations2009-2009 | ... (18 products)","","",""
"vital-events","DEATHS","madipge-death-d-cause-of-death-2021","MARITAL_STATUS","integer",4,0,0,2,"2.0 / 2.0 / 2.0 / 2.5 / 4.0","2; 4","matched PLIDA variable metadata","Marital status","madip-ge-050101d-deaths-deathregistrations2007-2007 | madip-ge-050103d-deaths-deathregistrations2008-2008 | madip-ge-050105d-deaths-deathregistrations2009-2009 | ... (6 products)","","",""
"vital-events","DEATHS","madipge-death-d-cause-of-death-2021","MONTH_OF_DEATH","integer",4,0,0,4,"4.00 / 4.75 / 5.50 / 7.50 / 12.00","12; 4; 5; 6","matched PLIDA variable metadata","Month of death","madip-ge-050101d-deaths-deathregistrations2007-2007 | madip-ge-050103d-deaths-deathregistrations2008-2008 | madip-ge-050105d-deaths-deathregistrations2009-2009 | ... (6 products)","","",""
"vital-events","DEATHS","madipge-death-d-cause-of-death-2021","PLACE_OF_DEATH","integer",4,0,0,2,"1 / 1 / 2 / 3 / 3","1; 3","matched PLIDA variable metadata","Deceased Place of Death | Place of Death","madipge-death-d-cause-of-death-2019","","",""
"vital-events","DEATHS","madipge-death-d-cause-of-death-2021","RACS1","character",4,0,0,4,"C18=1; C50=1; C61=1; E11=1","C18; C50; C61; E11","matched PLIDA variable metadata","Used to record multiple apparent causes of death | Record axis data 1","madip-ge-050102d-deaths-causeofdeath2007-2007 | madip-ge-050104d-deaths-causeofdeath2008-2008 | madip-ge-050106d-deaths-causeofdeath2009-2009 | ... (18 products)","","",""
"vital-events","DEATHS","madipge-death-d-cause-of-death-2021","RACS10","character",4,4,100,0,"","","matched PLIDA variable metadata","Used to record multiple apparent causes of death | Record axis data 10","madip-ge-050102d-deaths-causeofdeath2007-2007 | madip-ge-050104d-deaths-causeofdeath2008-2008 | madip-ge-050106d-deaths-causeofdeath2009-2009 | ... (18 products)","","",""
"vital-events","DEATHS","madipge-death-d-cause-of-death-2021","RACS11","character",4,4,100,0,"","","matched PLIDA variable metadata","Used to record multiple apparent causes of death | Record axis data 11","madip-ge-050102d-deaths-causeofdeath2007-2007 | madip-ge-050104d-deaths-causeofdeath2008-2008 | madip-ge-050106d-deaths-causeofdeath2009-2009 | ... (18 products)","","",""
"vital-events","DEATHS","madipge-death-d-cause-of-death-2021","RACS12","character",4,4,100,0,"","","matched PLIDA variable metadata","Used to record multiple apparent causes of death | Record axis data 12","madip-ge-050102d-deaths-causeofdeath2007-2007 | madip-ge-050104d-deaths-causeofdeath2008-2008 | madip-ge-050106d-deaths-causeofdeath2009-2009 | ... (18 products)","","",""
"vital-events","DEATHS","madipge-death-d-cause-of-death-2021","RACS13","character",4,4,100,0,"","","matched PLIDA variable metadata","Used to record multiple apparent causes of death | Record axis data 13","madip-ge-050102d-deaths-causeofdeath2007-2007 | madip-ge-050104d-deaths-causeofdeath2008-2008 | madip-ge-050106d-deaths-causeofdeath2009-2009 | ... (18 products)","","",""
"vital-events","DEATHS","madipge-death-d-cause-of-death-2021","RACS14","character",4,4,100,0,"","","matched PLIDA variable metadata","Used to record multiple apparent causes of death | Record axis data 14","madip-ge-050102d-deaths-causeofdeath2007-2007 | madip-ge-050104d-deaths-causeofdeath2008-2008 | madip-ge-050106d-deaths-causeofdeath2009-2009 | ... (18 products)","","",""
"vital-events","DEATHS","madipge-death-d-cause-of-death-2021","RACS15","character",4,4,100,0,"","","matched PLIDA variable metadata","Used to record multiple apparent causes of death | Record axis data 15","madip-ge-050102d-deaths-causeofdeath2007-2007 | madip-ge-050104d-deaths-causeofdeath2008-2008 | madip-ge-050106d-deaths-causeofdeath2009-2009 | ... (18 products)","","",""
"vital-events","DEATHS","madipge-death-d-cause-of-death-2021","RACS16","character",4,4,100,0,"","","matched PLIDA variable metadata","Used to record multiple apparent causes of death | Record axis data 16","madip-ge-050102d-deaths-causeofdeath2007-2007 | madip-ge-050104d-deaths-causeofdeath2008-2008 | madip-ge-050106d-deaths-causeofdeath2009-2009 | ... (18 products)","","",""
"vital-events","DEATHS","madipge-death-d-cause-of-death-2021","RACS17","character",4,4,100,0,"","","matched PLIDA variable metadata","Used to record multiple apparent causes of death | Record axis data 17","madip-ge-050102d-deaths-causeofdeath2007-2007 | madip-ge-050104d-deaths-causeofdeath2008-2008 | madip-ge-050106d-deaths-causeofdeath2009-2009 | ... (18 products)","","",""
"vital-events","DEATHS","madipge-death-d-cause-of-death-2021","RACS18","character",4,4,100,0,"","","matched PLIDA variable metadata","Used to record multiple apparent causes of death | Record axis data 18","madip-ge-050102d-deaths-causeofdeath2007-2007 | madip-ge-050104d-deaths-causeofdeath2008-2008 | madip-ge-050106d-deaths-causeofdeath2009-2009 | ... (18 products)","","",""
"vital-events","DEATHS","madipge-death-d-cause-of-death-2021","RACS19","character",4,4,100,0,"","","matched PLIDA variable metadata","Used to record multiple apparent causes of death | Record axis data 19","madip-ge-050102d-deaths-causeofdeath2007-2007 | madip-ge-050104d-deaths-causeofdeath2008-2008 | madip-ge-050106d-deaths-causeofdeath2009-2009 | ... (18 products)","","",""
"vital-events","DEATHS","madipge-death-d-cause-of-death-2021","RACS2","character",4,0,0,4,"E66=1; E78=1; I10=1; N18=1","E66; E78; I10; N18","matched PLIDA variable metadata","Used to record multiple apparent causes of death | Record axis data 2","madip-ge-050102d-deaths-causeofdeath2007-2007 | madip-ge-050104d-deaths-causeofdeath2008-2008 | madip-ge-050106d-deaths-causeofdeath2009-2009 | ... (18 products)","","",""
"vital-events","DEATHS","madipge-death-d-cause-of-death-2021","RACS20","character",4,4,100,0,"","","matched PLIDA variable metadata","Used to record multiple apparent causes of death | Record axis data 20","madip-ge-050102d-deaths-causeofdeath2007-2007 | madip-ge-050104d-deaths-causeofdeath2008-2008 | madip-ge-050106d-deaths-causeofdeath2009-2009 | ... (18 products)","","",""
"vital-events","DEATHS","madipge-death-d-cause-of-death-2021","RACS3","character",4,1,25,3,"I48=1; J96=1; R09=1","I48; J96; R09","matched PLIDA variable metadata","Used to record multiple apparent causes of death | Record axis data 3","madip-ge-050102d-deaths-causeofdeath2007-2007 | madip-ge-050104d-deaths-causeofdeath2008-2008 | madip-ge-050106d-deaths-causeofdeath2009-2009 | ... (18 products)","","",""
"vital-events","DEATHS","madipge-death-d-cause-of-death-2021","RACS4","character",4,1,25,2,"R09=2; I10=1","I10; R09","matched PLIDA variable metadata","Used to record multiple apparent causes of death | Record axis data 4","madip-ge-050102d-deaths-causeofdeath2007-2007 | madip-ge-050104d-deaths-causeofdeath2008-2008 | madip-ge-050106d-deaths-causeofdeath2009-2009 | ... (18 products)","","",""
"vital-events","DEATHS","madipge-death-d-cause-of-death-2021","RACS5","character",4,4,100,0,"","","matched PLIDA variable metadata","Used to record multiple apparent causes of death | Record axis data 5","madip-ge-050102d-deaths-causeofdeath2007-2007 | madip-ge-050104d-deaths-causeofdeath2008-2008 | madip-ge-050106d-deaths-causeofdeath2009-2009 | ... (18 products)","","",""
"vital-events","DEATHS","madipge-death-d-cause-of-death-2021","RACS6","character",4,4,100,0,"","","matched PLIDA variable metadata","Used to record multiple apparent causes of death | Record axis data 6","madip-ge-050102d-deaths-causeofdeath2007-2007 | madip-ge-050104d-deaths-causeofdeath2008-2008 | madip-ge-050106d-deaths-causeofdeath2009-2009 | ... (18 products)","","",""
"vital-events","DEATHS","madipge-death-d-cause-of-death-2021","RACS7","character",4,4,100,0,"","","matched PLIDA variable metadata","Used to record multiple apparent causes of death | Record axis data 7","madip-ge-050102d-deaths-causeofdeath2007-2007 | madip-ge-050104d-deaths-causeofdeath2008-2008 | madip-ge-050106d-deaths-causeofdeath2009-2009 | ... (18 products)","","",""
"vital-events","DEATHS","madipge-death-d-cause-of-death-2021","RACS8","character",4,4,100,0,"","","matched PLIDA variable metadata","Used to record multiple apparent causes of death | Record axis data 8","madip-ge-050102d-deaths-causeofdeath2007-2007 | madip-ge-050104d-deaths-causeofdeath2008-2008 | madip-ge-050106d-deaths-causeofdeath2009-2009 | ... (18 products)","","",""
"vital-events","DEATHS","madipge-death-d-cause-of-death-2021","RACS9","character",4,4,100,0,"","","matched PLIDA variable metadata","Used to record multiple apparent causes of death | Record axis data 9","madip-ge-050102d-deaths-causeofdeath2007-2007 | madip-ge-050104d-deaths-causeofdeath2008-2008 | madip-ge-050106d-deaths-causeofdeath2009-2009 | ... (18 products)","","",""
"vital-events","DEATHS","madipge-death-d-cause-of-death-2021","RECORD_AXIS_COUNT","integer",4,0,0,2,"2.0 / 3.5 / 4.0 / 4.0 / 4.0","2; 4","matched PLIDA variable metadata","Record axis count","madip-ge-050102d-deaths-causeofdeath2007-2007 | madip-ge-050104d-deaths-causeofdeath2008-2008 | madip-ge-050106d-deaths-causeofdeath2009-2009 | ... (18 products)","","",""
"vital-events","DEATHS","madipge-death-d-cause-of-death-2021","REFERENCE_YEAR","integer",4,0,0,1,"2021 / 2021 / 2021 / 2021 / 2021","2021","matched PLIDA variable metadata","The year (calendar or financial) that the information on the record relates to","madip-ge-050101d-deaths-deathregistrations2007-2007 | madip-ge-050103d-deaths-deathregistrations2008-2008 | madip-ge-050105d-deaths-deathregistrations2009-2009 | ... (6 products)","","",""
"vital-events","DEATHS","madipge-death-d-cause-of-death-2021","REG_STATE","integer",4,0,0,2,"1.0 / 1.0 / 1.5 / 2.0 / 2.0","1; 2","matched PLIDA variable metadata","State/Territory of registration | State of registration","madip-ge-050101d-deaths-deathregistrations2007-2007 | madip-ge-050103d-deaths-deathregistrations2008-2008 | madip-ge-050105d-deaths-deathregistrations2009-2009 | ... (18 products)","","",""
"vital-events","DEATHS","madipge-death-d-cause-of-death-2021","REMOTENESS_AREA_2021","integer",4,0,0,3,"1.00 / 1.00 / 1.50 / 2.25 / 3.00","1; 2; 3","matched PLIDA variable metadata","Remoteness area","madip-ge-050102d-deaths-causeofdeath2007-2007 | madip-ge-050104d-deaths-causeofdeath2008-2008 | madip-ge-050106d-deaths-causeofdeath2009-2009 | ... (18 products)","","",""
"vital-events","DEATHS","madipge-death-d-cause-of-death-2021","SEIFA_IRSAD_DEC_2021","integer",4,0,0,4,"2.00 / 4.25 / 7.00 / 9.25 / 10.00","10; 2; 5; 9","matched PLIDA variable metadata","Seifa irsad decile","madip-ge-050102d-deaths-causeofdeath2007-2007 | madip-ge-050104d-deaths-causeofdeath2008-2008 | madip-ge-050106d-deaths-causeofdeath2009-2009 | ... (18 products)","","",""
"vital-events","DEATHS","madipge-death-d-cause-of-death-2021","SEIFA_IRSD_DEC_2021","integer",4,0,0,3,"8.00 / 8.00 / 8.50 / 9.25 / 10.00","10; 8; 9","matched PLIDA variable metadata","Seifa irsd decile","madip-ge-050102d-deaths-causeofdeath2007-2007 | madip-ge-050104d-deaths-causeofdeath2008-2008 | madip-ge-050106d-deaths-causeofdeath2009-2009 | ... (18 products)","","",""
"vital-events","DEATHS","madipge-death-d-cause-of-death-2021","SEX","character",4,0,0,2,"F=3; M=1","F; M","matched PLIDA variable metadata","Sex","madip-ge-050101d-deaths-deathregistrations2007-2007 | madip-ge-050103d-deaths-deathregistrations2008-2008 | madip-ge-050105d-deaths-deathregistrations2009-2009 | ... (18 products)","","",""
"vital-events","DEATHS","madipge-death-d-cause-of-death-2021","SYNTHETIC_AEUID","character",4,0,0,4,"EA4FE0000013=1; EA4FE0000041=1; EA4FE0000082=1; EA4FE00001B5=1","EA4FE0000013; EA4FE0000041; EA4FE0000082; EA4FE00001B5","matched PLIDA variable metadata","Synthetic id of individual person on dataset | Synthetic MADIP Person ID","madip-ge-050101d-deaths-deathregistrations2007-2007 | madip-ge-050102d-deaths-causeofdeath2007-2007 | madip-ge-050103d-deaths-deathregistrations2008-2008 | ... (24 products)","","",""
"vital-events","DEATHS","madipge-death-d-cause-of-death-2021","UCOD","character",4,0,0,4,"C18=1; C50=1; C61=1; E11=1","C18; C50; C61; E11","matched PLIDA variable metadata","Underlying cause of death","madip-ge-050102d-deaths-causeofdeath2007-2007 | madip-ge-050104d-deaths-causeofdeath2008-2008 | madip-ge-050106d-deaths-causeofdeath2009-2009 | ... (18 products)","","",""
"vital-events","DEATHS","madipge-death-d-cause-of-death-2021","YEAR_OF_DEATH","integer",4,0,0,1,"2021 / 2021 / 2021 / 2021 / 2021","2021","matched PLIDA variable metadata","Year of death","madip-ge-050101d-deaths-deathregistrations2007-2007 | madip-ge-050103d-deaths-deathregistrations2008-2008 | madip-ge-050105d-deaths-deathregistrations2009-2009 | ... (6 products)","","",""
"vital-events","DEATHS","madipge-death-d-cause-of-death-2022","BIRTH_PLACE","integer",4,0,0,2,"1101 / 1101 / 1101 / 2351 / 6101","1101; 6101","matched PLIDA variable metadata","Country of birth","madip-ge-050101d-deaths-deathregistrations2007-2007 | madip-ge-050103d-deaths-deathregistrations2008-2008 | madip-ge-050105d-deaths-deathregistrations2009-2009 | ... (6 products)","","",""
"vital-events","DEATHS","madipge-death-d-cause-of-death-2022","CERTIFIER","character",4,0,0,2,"D=3; C=1","C; D","matched PLIDA variable metadata","Certifier Type | Certifier type","madip-ge-050114d-deaths-causeofdeath2013-2013 | madip-ge-050116d-deaths-causeofdeath2014-2014 | madip-ge-050118d-deaths-causeofdeath2015-2015 | ... (12 products)","","",""
"vital-events","DEATHS","madipge-death-d-cause-of-death-2022","DEATH_AGE","integer",4,0,0,3,"59.0 / 59.0 / 69.5 / 80.5 / 82.0","59; 80; 82","matched PLIDA variable metadata","Deceased age at death","madip-ge-050101d-deaths-deathregistrations2007-2007 | madip-ge-050103d-deaths-deathregistrations2008-2008 | madip-ge-050105d-deaths-deathregistrations2009-2009 | ... (6 products)","","",""
"vital-events","DEATHS","madipge-death-d-cause-of-death-2022","DEATH_DAY","integer",4,0,0,4,"9.0 / 12.0 / 13.5 / 15.0 / 18.0","13; 14; 18; 9","matched PLIDA variable metadata","Day of Death | Day of death","madip-ge-050114d-deaths-causeofdeath2013-2013 | madip-ge-050116d-deaths-causeofdeath2014-2014 | madip-ge-050118d-deaths-causeofdeath2015-2015 | ... (12 products)","","",""
"vital-events","DEATHS","madipge-death-d-cause-of-death-2022","ENTITY1","character",4,0,0,3,"I50=2; C34=1; I25=1","C34; I25; I50","matched PLIDA variable metadata","Used to record multiple apparent causes of death | Entity axis data 1","madip-ge-050102d-deaths-causeofdeath2007-2007 | madip-ge-050104d-deaths-causeofdeath2008-2008 | madip-ge-050106d-deaths-causeofdeath2009-2009 | ... (18 products)","","",""
"vital-events","DEATHS","madipge-death-d-cause-of-death-2022","ENTITY10","character",4,4,100,0,"","","matched PLIDA variable metadata","Used to record multiple apparent causes of death | Entity axis data 10","madip-ge-050102d-deaths-causeofdeath2007-2007 | madip-ge-050104d-deaths-causeofdeath2008-2008 | madip-ge-050106d-deaths-causeofdeath2009-2009 | ... (18 products)","","",""
"vital-events","DEATHS","madipge-death-d-cause-of-death-2022","ENTITY11","character",4,4,100,0,"","","matched PLIDA variable metadata","Used to record multiple apparent causes of death | Entity axis data 11","madip-ge-050102d-deaths-causeofdeath2007-2007 | madip-ge-050104d-deaths-causeofdeath2008-2008 | madip-ge-050106d-deaths-causeofdeath2009-2009 | ... (18 products)","","",""
"vital-events","DEATHS","madipge-death-d-cause-of-death-2022","ENTITY12","character",4,4,100,0,"","","matched PLIDA variable metadata","Used to record multiple apparent causes of death | Entity axis data 12","madip-ge-050102d-deaths-causeofdeath2007-2007 | madip-ge-050104d-deaths-causeofdeath2008-2008 | madip-ge-050106d-deaths-causeofdeath2009-2009 | ... (18 products)","","",""
"vital-events","DEATHS","madipge-death-d-cause-of-death-2022","ENTITY13","character",4,4,100,0,"","","matched PLIDA variable metadata","Used to record multiple apparent causes of death | Entity axis data 13","madip-ge-050102d-deaths-causeofdeath2007-2007 | madip-ge-050104d-deaths-causeofdeath2008-2008 | madip-ge-050106d-deaths-causeofdeath2009-2009 | ... (18 products)","","",""
"vital-events","DEATHS","madipge-death-d-cause-of-death-2022","ENTITY14","character",4,4,100,0,"","","matched PLIDA variable metadata","Used to record multiple apparent causes of death | Entity axis data 14","madip-ge-050102d-deaths-causeofdeath2007-2007 | madip-ge-050104d-deaths-causeofdeath2008-2008 | madip-ge-050106d-deaths-causeofdeath2009-2009 | ... (18 products)","","",""
"vital-events","DEATHS","madipge-death-d-cause-of-death-2022","ENTITY15","character",4,4,100,0,"","","matched PLIDA variable metadata","Used to record multiple apparent causes of death | Entity axis data 15","madip-ge-050102d-deaths-causeofdeath2007-2007 | madip-ge-050104d-deaths-causeofdeath2008-2008 | madip-ge-050106d-deaths-causeofdeath2009-2009 | ... (18 products)","","",""
"vital-events","DEATHS","madipge-death-d-cause-of-death-2022","ENTITY16","character",4,4,100,0,"","","matched PLIDA variable metadata","Used to record multiple apparent causes of death | Entity axis data 16","madip-ge-050102d-deaths-causeofdeath2007-2007 | madip-ge-050104d-deaths-causeofdeath2008-2008 | madip-ge-050106d-deaths-causeofdeath2009-2009 | ... (18 products)","","",""
"vital-events","DEATHS","madipge-death-d-cause-of-death-2022","ENTITY17","character",4,4,100,0,"","","matched PLIDA variable metadata","Used to record multiple apparent causes of death | Entity axis data 17","madip-ge-050102d-deaths-causeofdeath2007-2007 | madip-ge-050104d-deaths-causeofdeath2008-2008 | madip-ge-050106d-deaths-causeofdeath2009-2009 | ... (18 products)","","",""
"vital-events","DEATHS","madipge-death-d-cause-of-death-2022","ENTITY18","character",4,4,100,0,"","","matched PLIDA variable metadata","Used to record multiple apparent causes of death | Entity axis data 18","madip-ge-050102d-deaths-causeofdeath2007-2007 | madip-ge-050104d-deaths-causeofdeath2008-2008 | madip-ge-050106d-deaths-causeofdeath2009-2009 | ... (18 products)","","",""
"vital-events","DEATHS","madipge-death-d-cause-of-death-2022","ENTITY19","character",4,4,100,0,"","","matched PLIDA variable metadata","Used to record multiple apparent causes of death | Entity axis data 19","madip-ge-050102d-deaths-causeofdeath2007-2007 | madip-ge-050104d-deaths-causeofdeath2008-2008 | madip-ge-050106d-deaths-causeofdeath2009-2009 | ... (18 products)","","",""
"vital-events","DEATHS","madipge-death-d-cause-of-death-2022","ENTITY2","character",4,1,25,2,"K21=2; J44=1","J44; K21","matched PLIDA variable metadata","Used to record multiple apparent causes of death | Entity axis data 2","madip-ge-050102d-deaths-causeofdeath2007-2007 | madip-ge-050104d-deaths-causeofdeath2008-2008 | madip-ge-050106d-deaths-causeofdeath2009-2009 | ... (18 products)","","",""
"vital-events","DEATHS","madipge-death-d-cause-of-death-2022","ENTITY20","character",4,4,100,0,"","","matched PLIDA variable metadata","Used to record multiple apparent causes of death | Entity axis data 20","madip-ge-050102d-deaths-causeofdeath2007-2007 | madip-ge-050104d-deaths-causeofdeath2008-2008 | madip-ge-050106d-deaths-causeofdeath2009-2009 | ... (18 products)","","",""
"vital-events","DEATHS","madipge-death-d-cause-of-death-2022","ENTITY3","character",4,3,75,1,"E66=1","E66","matched PLIDA variable metadata","Used to record multiple apparent causes of death | Entity axis data 3","madip-ge-050102d-deaths-causeofdeath2007-2007 | madip-ge-050104d-deaths-causeofdeath2008-2008 | madip-ge-050106d-deaths-causeofdeath2009-2009 | ... (18 products)","","",""
"vital-events","DEATHS","madipge-death-d-cause-of-death-2022","ENTITY4","character",4,3,75,1,"J96=1","J96","matched PLIDA variable metadata","Used to record multiple apparent causes of death | Entity axis data 4","madip-ge-050102d-deaths-causeofdeath2007-2007 | madip-ge-050104d-deaths-causeofdeath2008-2008 | madip-ge-050106d-deaths-causeofdeath2009-2009 | ... (18 products)","","",""
"vital-events","DEATHS","madipge-death-d-cause-of-death-2022","ENTITY5","character",4,3,75,1,"I25=1","I25","matched PLIDA variable metadata","Used to record multiple apparent causes of death | Entity axis data 5","madip-ge-050102d-deaths-causeofdeath2007-2007 | madip-ge-050104d-deaths-causeofdeath2008-2008 | madip-ge-050106d-deaths-causeofdeath2009-2009 | ... (18 products)","","",""
"vital-events","DEATHS","madipge-death-d-cause-of-death-2022","ENTITY6","character",4,4,100,0,"","","matched PLIDA variable metadata","Used to record multiple apparent causes of death | Entity axis data 6","madip-ge-050102d-deaths-causeofdeath2007-2007 | madip-ge-050104d-deaths-causeofdeath2008-2008 | madip-ge-050106d-deaths-causeofdeath2009-2009 | ... (18 products)","","",""
"vital-events","DEATHS","madipge-death-d-cause-of-death-2022","ENTITY7","character",4,4,100,0,"","","matched PLIDA variable metadata","Used to record multiple apparent causes of death | Entity axis data 7","madip-ge-050102d-deaths-causeofdeath2007-2007 | madip-ge-050104d-deaths-causeofdeath2008-2008 | madip-ge-050106d-deaths-causeofdeath2009-2009 | ... (18 products)","","",""
"vital-events","DEATHS","madipge-death-d-cause-of-death-2022","ENTITY8","character",4,4,100,0,"","","matched PLIDA variable metadata","Used to record multiple apparent causes of death | Entity axis data 8","madip-ge-050102d-deaths-causeofdeath2007-2007 | madip-ge-050104d-deaths-causeofdeath2008-2008 | madip-ge-050106d-deaths-causeofdeath2009-2009 | ... (18 products)","","",""
"vital-events","DEATHS","madipge-death-d-cause-of-death-2022","ENTITY9","character",4,4,100,0,"","","matched PLIDA variable metadata","Used to record multiple apparent causes of death | Entity axis data 9","madip-ge-050102d-deaths-causeofdeath2007-2007 | madip-ge-050104d-deaths-causeofdeath2008-2008 | madip-ge-050106d-deaths-causeofdeath2009-2009 | ... (18 products)","","",""
"vital-events","DEATHS","madipge-death-d-cause-of-death-2022","INDIGENOUS_STATUS","integer",4,0,0,1,"1 / 1 / 1 / 1 / 1","1","matched PLIDA variable metadata","Deceased Indigenous status | Indigenous status","madip-ge-050101d-deaths-deathregistrations2007-2007 | madip-ge-050103d-deaths-deathregistrations2008-2008 | madip-ge-050105d-deaths-deathregistrations2009-2009 | ... (18 products)","","",""
"vital-events","DEATHS","madipge-death-d-cause-of-death-2022","MARITAL_STATUS","integer",4,0,0,2,"2.00 / 2.00 / 2.00 / 2.25 / 3.00","2; 3","matched PLIDA variable metadata","Marital status","madip-ge-050101d-deaths-deathregistrations2007-2007 | madip-ge-050103d-deaths-deathregistrations2008-2008 | madip-ge-050105d-deaths-deathregistrations2009-2009 | ... (6 products)","","",""
"vital-events","DEATHS","madipge-death-d-cause-of-death-2022","MONTH_OF_DEATH","integer",4,0,0,2,"9 / 9 / 10 / 11 / 11","11; 9","matched PLIDA variable metadata","Month of death","madip-ge-050101d-deaths-deathregistrations2007-2007 | madip-ge-050103d-deaths-deathregistrations2008-2008 | madip-ge-050105d-deaths-deathregistrations2009-2009 | ... (6 products)","","",""
"vital-events","DEATHS","madipge-death-d-cause-of-death-2022","PLACE_OF_DEATH","integer",4,0,0,3,"1.00 / 1.00 / 1.50 / 2.25 / 3.00","1; 2; 3","matched PLIDA variable metadata","Deceased Place of Death | Place of Death","madipge-death-d-cause-of-death-2019","","",""
"vital-events","DEATHS","madipge-death-d-cause-of-death-2022","RACS1","character",4,0,0,3,"I50=2; C34=1; I25=1","C34; I25; I50","matched PLIDA variable metadata","Used to record multiple apparent causes of death | Record axis data 1","madip-ge-050102d-deaths-causeofdeath2007-2007 | madip-ge-050104d-deaths-causeofdeath2008-2008 | madip-ge-050106d-deaths-causeofdeath2009-2009 | ... (18 products)","","",""
"vital-events","DEATHS","madipge-death-d-cause-of-death-2022","RACS10","character",4,4,100,0,"","","matched PLIDA variable metadata","Used to record multiple apparent causes of death | Record axis data 10","madip-ge-050102d-deaths-causeofdeath2007-2007 | madip-ge-050104d-deaths-causeofdeath2008-2008 | madip-ge-050106d-deaths-causeofdeath2009-2009 | ... (18 products)","","",""
"vital-events","DEATHS","madipge-death-d-cause-of-death-2022","RACS11","character",4,4,100,0,"","","matched PLIDA variable metadata","Used to record multiple apparent causes of death | Record axis data 11","madip-ge-050102d-deaths-causeofdeath2007-2007 | madip-ge-050104d-deaths-causeofdeath2008-2008 | madip-ge-050106d-deaths-causeofdeath2009-2009 | ... (18 products)","","",""
"vital-events","DEATHS","madipge-death-d-cause-of-death-2022","RACS12","character",4,4,100,0,"","","matched PLIDA variable metadata","Used to record multiple apparent causes of death | Record axis data 12","madip-ge-050102d-deaths-causeofdeath2007-2007 | madip-ge-050104d-deaths-causeofdeath2008-2008 | madip-ge-050106d-deaths-causeofdeath2009-2009 | ... (18 products)","","",""
"vital-events","DEATHS","madipge-death-d-cause-of-death-2022","RACS13","character",4,4,100,0,"","","matched PLIDA variable metadata","Used to record multiple apparent causes of death | Record axis data 13","madip-ge-050102d-deaths-causeofdeath2007-2007 | madip-ge-050104d-deaths-causeofdeath2008-2008 | madip-ge-050106d-deaths-causeofdeath2009-2009 | ... (18 products)","","",""
"vital-events","DEATHS","madipge-death-d-cause-of-death-2022","RACS14","character",4,4,100,0,"","","matched PLIDA variable metadata","Used to record multiple apparent causes of death | Record axis data 14","madip-ge-050102d-deaths-causeofdeath2007-2007 | madip-ge-050104d-deaths-causeofdeath2008-2008 | madip-ge-050106d-deaths-causeofdeath2009-2009 | ... (18 products)","","",""
"vital-events","DEATHS","madipge-death-d-cause-of-death-2022","RACS15","character",4,4,100,0,"","","matched PLIDA variable metadata","Used to record multiple apparent causes of death | Record axis data 15","madip-ge-050102d-deaths-causeofdeath2007-2007 | madip-ge-050104d-deaths-causeofdeath2008-2008 | madip-ge-050106d-deaths-causeofdeath2009-2009 | ... (18 products)","","",""
"vital-events","DEATHS","madipge-death-d-cause-of-death-2022","RACS16","character",4,4,100,0,"","","matched PLIDA variable metadata","Used to record multiple apparent causes of death | Record axis data 16","madip-ge-050102d-deaths-causeofdeath2007-2007 | madip-ge-050104d-deaths-causeofdeath2008-2008 | madip-ge-050106d-deaths-causeofdeath2009-2009 | ... (18 products)","","",""
"vital-events","DEATHS","madipge-death-d-cause-of-death-2022","RACS17","character",4,4,100,0,"","","matched PLIDA variable metadata","Used to record multiple apparent causes of death | Record axis data 17","madip-ge-050102d-deaths-causeofdeath2007-2007 | madip-ge-050104d-deaths-causeofdeath2008-2008 | madip-ge-050106d-deaths-causeofdeath2009-2009 | ... (18 products)","","",""
"vital-events","DEATHS","madipge-death-d-cause-of-death-2022","RACS18","character",4,4,100,0,"","","matched PLIDA variable metadata","Used to record multiple apparent causes of death | Record axis data 18","madip-ge-050102d-deaths-causeofdeath2007-2007 | madip-ge-050104d-deaths-causeofdeath2008-2008 | madip-ge-050106d-deaths-causeofdeath2009-2009 | ... (18 products)","","",""
"vital-events","DEATHS","madipge-death-d-cause-of-death-2022","RACS19","character",4,4,100,0,"","","matched PLIDA variable metadata","Used to record multiple apparent causes of death | Record axis data 19","madip-ge-050102d-deaths-causeofdeath2007-2007 | madip-ge-050104d-deaths-causeofdeath2008-2008 | madip-ge-050106d-deaths-causeofdeath2009-2009 | ... (18 products)","","",""
"vital-events","DEATHS","madipge-death-d-cause-of-death-2022","RACS2","character",4,1,25,2,"K21=2; J44=1","J44; K21","matched PLIDA variable metadata","Used to record multiple apparent causes of death | Record axis data 2","madip-ge-050102d-deaths-causeofdeath2007-2007 | madip-ge-050104d-deaths-causeofdeath2008-2008 | madip-ge-050106d-deaths-causeofdeath2009-2009 | ... (18 products)","","",""
"vital-events","DEATHS","madipge-death-d-cause-of-death-2022","RACS20","character",4,4,100,0,"","","matched PLIDA variable metadata","Used to record multiple apparent causes of death | Record axis data 20","madip-ge-050102d-deaths-causeofdeath2007-2007 | madip-ge-050104d-deaths-causeofdeath2008-2008 | madip-ge-050106d-deaths-causeofdeath2009-2009 | ... (18 products)","","",""
"vital-events","DEATHS","madipge-death-d-cause-of-death-2022","RACS3","character",4,3,75,1,"E66=1","E66","matched PLIDA variable metadata","Used to record multiple apparent causes of death | Record axis data 3","madip-ge-050102d-deaths-causeofdeath2007-2007 | madip-ge-050104d-deaths-causeofdeath2008-2008 | madip-ge-050106d-deaths-causeofdeath2009-2009 | ... (18 products)","","",""
"vital-events","DEATHS","madipge-death-d-cause-of-death-2022","RACS4","character",4,3,75,1,"J96=1","J96","matched PLIDA variable metadata","Used to record multiple apparent causes of death | Record axis data 4","madip-ge-050102d-deaths-causeofdeath2007-2007 | madip-ge-050104d-deaths-causeofdeath2008-2008 | madip-ge-050106d-deaths-causeofdeath2009-2009 | ... (18 products)","","",""
"vital-events","DEATHS","madipge-death-d-cause-of-death-2022","RACS5","character",4,4,100,0,"","","matched PLIDA variable metadata","Used to record multiple apparent causes of death | Record axis data 5","madip-ge-050102d-deaths-causeofdeath2007-2007 | madip-ge-050104d-deaths-causeofdeath2008-2008 | madip-ge-050106d-deaths-causeofdeath2009-2009 | ... (18 products)","","",""
"vital-events","DEATHS","madipge-death-d-cause-of-death-2022","RACS6","character",4,4,100,0,"","","matched PLIDA variable metadata","Used to record multiple apparent causes of death | Record axis data 6","madip-ge-050102d-deaths-causeofdeath2007-2007 | madip-ge-050104d-deaths-causeofdeath2008-2008 | madip-ge-050106d-deaths-causeofdeath2009-2009 | ... (18 products)","","",""
"vital-events","DEATHS","madipge-death-d-cause-of-death-2022","RACS7","character",4,4,100,0,"","","matched PLIDA variable metadata","Used to record multiple apparent causes of death | Record axis data 7","madip-ge-050102d-deaths-causeofdeath2007-2007 | madip-ge-050104d-deaths-causeofdeath2008-2008 | madip-ge-050106d-deaths-causeofdeath2009-2009 | ... (18 products)","","",""
"vital-events","DEATHS","madipge-death-d-cause-of-death-2022","RACS8","character",4,4,100,0,"","","matched PLIDA variable metadata","Used to record multiple apparent causes of death | Record axis data 8","madip-ge-050102d-deaths-causeofdeath2007-2007 | madip-ge-050104d-deaths-causeofdeath2008-2008 | madip-ge-050106d-deaths-causeofdeath2009-2009 | ... (18 products)","","",""
"vital-events","DEATHS","madipge-death-d-cause-of-death-2022","RACS9","character",4,4,100,0,"","","matched PLIDA variable metadata","Used to record multiple apparent causes of death | Record axis data 9","madip-ge-050102d-deaths-causeofdeath2007-2007 | madip-ge-050104d-deaths-causeofdeath2008-2008 | madip-ge-050106d-deaths-causeofdeath2009-2009 | ... (18 products)","","",""
"vital-events","DEATHS","madipge-death-d-cause-of-death-2022","RECORD_AXIS_COUNT","integer",4,0,0,3,"1.00 / 1.75 / 2.00 / 2.50 / 4.00","1; 2; 4","matched PLIDA variable metadata","Record axis count","madip-ge-050102d-deaths-causeofdeath2007-2007 | madip-ge-050104d-deaths-causeofdeath2008-2008 | madip-ge-050106d-deaths-causeofdeath2009-2009 | ... (18 products)","","",""
"vital-events","DEATHS","madipge-death-d-cause-of-death-2022","REFERENCE_YEAR","integer",4,0,0,1,"2022 / 2022 / 2022 / 2022 / 2022","2022","matched PLIDA variable metadata","The year (calendar or financial) that the information on the record relates to","madip-ge-050101d-deaths-deathregistrations2007-2007 | madip-ge-050103d-deaths-deathregistrations2008-2008 | madip-ge-050105d-deaths-deathregistrations2009-2009 | ... (6 products)","","",""
"vital-events","DEATHS","madipge-death-d-cause-of-death-2022","REG_STATE","integer",4,0,0,4,"1.00 / 2.50 / 3.50 / 4.25 / 5.00","1; 3; 4; 5","matched PLIDA variable metadata","State/Territory of registration | State of registration","madip-ge-050101d-deaths-deathregistrations2007-2007 | madip-ge-050103d-deaths-deathregistrations2008-2008 | madip-ge-050105d-deaths-deathregistrations2009-2009 | ... (18 products)","","",""
"vital-events","DEATHS","madipge-death-d-cause-of-death-2022","REMOTENESS_AREA_2021","integer",4,0,0,3,"1.00 / 1.00 / 1.50 / 2.75 / 5.00","1; 2; 5","matched PLIDA variable metadata","Remoteness area","madip-ge-050102d-deaths-causeofdeath2007-2007 | madip-ge-050104d-deaths-causeofdeath2008-2008 | madip-ge-050106d-deaths-causeofdeath2009-2009 | ... (18 products)","","",""
"vital-events","DEATHS","madipge-death-d-cause-of-death-2022","SEIFA_IRSAD_DEC_2021","integer",4,0,0,4,"3.00 / 4.50 / 6.00 / 7.25 / 8.00","3; 5; 7; 8","matched PLIDA variable metadata","Seifa irsad decile","madip-ge-050102d-deaths-causeofdeath2007-2007 | madip-ge-050104d-deaths-causeofdeath2008-2008 | madip-ge-050106d-deaths-causeofdeath2009-2009 | ... (18 products)","","",""
"vital-events","DEATHS","madipge-death-d-cause-of-death-2022","SEIFA_IRSD_DEC_2021","integer",4,0,0,4,"5.00 / 5.75 / 7.50 / 9.25 / 10.00","10; 5; 6; 9","matched PLIDA variable metadata","Seifa irsd decile","madip-ge-050102d-deaths-causeofdeath2007-2007 | madip-ge-050104d-deaths-causeofdeath2008-2008 | madip-ge-050106d-deaths-causeofdeath2009-2009 | ... (18 products)","","",""
"vital-events","DEATHS","madipge-death-d-cause-of-death-2022","SEX","character",4,0,0,2,"F=3; M=1","F; M","matched PLIDA variable metadata","Sex","madip-ge-050101d-deaths-deathregistrations2007-2007 | madip-ge-050103d-deaths-deathregistrations2008-2008 | madip-ge-050105d-deaths-deathregistrations2009-2009 | ... (18 products)","","",""
"vital-events","DEATHS","madipge-death-d-cause-of-death-2022","SYNTHETIC_AEUID","character",4,0,0,4,"EA4FE00000E5=1; EA4FE000017E=1; EA4FE00001B3=1; EA4FE00001E2=1","EA4FE00000E5; EA4FE000017E; EA4FE00001B3; EA4FE00001E2","matched PLIDA variable metadata","Synthetic id of individual person on dataset | Synthetic MADIP Person ID","madip-ge-050101d-deaths-deathregistrations2007-2007 | madip-ge-050102d-deaths-causeofdeath2007-2007 | madip-ge-050103d-deaths-deathregistrations2008-2008 | ... (24 products)","","",""
"vital-events","DEATHS","madipge-death-d-cause-of-death-2022","UCOD","character",4,0,0,3,"I50=2; C34=1; I25=1","C34; I25; I50","matched PLIDA variable metadata","Underlying cause of death","madip-ge-050102d-deaths-causeofdeath2007-2007 | madip-ge-050104d-deaths-causeofdeath2008-2008 | madip-ge-050106d-deaths-causeofdeath2009-2009 | ... (18 products)","","",""
"vital-events","DEATHS","madipge-death-d-cause-of-death-2022","YEAR_OF_DEATH","integer",4,0,0,1,"2022 / 2022 / 2022 / 2022 / 2022","2022","matched PLIDA variable metadata","Year of death","madip-ge-050101d-deaths-deathregistrations2007-2007 | madip-ge-050103d-deaths-deathregistrations2008-2008 | madip-ge-050105d-deaths-deathregistrations2009-2009 | ... (6 products)","","",""
"vital-events","DEATHS","madipge-death-d-cause-of-death-2023","BIRTH_PLACE","integer",4,0,0,1,"1101 / 1101 / 1101 / 1101 / 1101","1101","matched PLIDA variable metadata","Country of birth","madip-ge-050101d-deaths-deathregistrations2007-2007 | madip-ge-050103d-deaths-deathregistrations2008-2008 | madip-ge-050105d-deaths-deathregistrations2009-2009 | ... (6 products)","","",""
"vital-events","DEATHS","madipge-death-d-cause-of-death-2023","CERTIFIER","character",4,0,0,2,"D=3; C=1","C; D","matched PLIDA variable metadata","Certifier Type | Certifier type","madip-ge-050114d-deaths-causeofdeath2013-2013 | madip-ge-050116d-deaths-causeofdeath2014-2014 | madip-ge-050118d-deaths-causeofdeath2015-2015 | ... (12 products)","","",""
"vital-events","DEATHS","madipge-death-d-cause-of-death-2023","DEATH_AGE","integer",4,0,0,4,"50.00 / 50.75 / 61.50 / 75.50 / 86.00","50; 51; 72; 86","matched PLIDA variable metadata","Deceased age at death","madip-ge-050101d-deaths-deathregistrations2007-2007 | madip-ge-050103d-deaths-deathregistrations2008-2008 | madip-ge-050105d-deaths-deathregistrations2009-2009 | ... (6 products)","","",""
"vital-events","DEATHS","madipge-death-d-cause-of-death-2023","DEATH_DAY","integer",4,0,0,4,"4.00 / 7.75 / 16.00 / 23.75 / 26.00","23; 26; 4; 9","matched PLIDA variable metadata","Day of Death | Day of death","madip-ge-050114d-deaths-causeofdeath2013-2013 | madip-ge-050116d-deaths-causeofdeath2014-2014 | madip-ge-050118d-deaths-causeofdeath2015-2015 | ... (12 products)","","",""
"vital-events","DEATHS","madipge-death-d-cause-of-death-2023","ENTITY1","character",4,0,0,3,"I50=2; F03=1; I21=1","F03; I21; I50","matched PLIDA variable metadata","Used to record multiple apparent causes of death | Entity axis data 1","madip-ge-050102d-deaths-causeofdeath2007-2007 | madip-ge-050104d-deaths-causeofdeath2008-2008 | madip-ge-050106d-deaths-causeofdeath2009-2009 | ... (18 products)","","",""
"vital-events","DEATHS","madipge-death-d-cause-of-death-2023","ENTITY10","character",4,4,100,0,"","","matched PLIDA variable metadata","Used to record multiple apparent causes of death | Entity axis data 10","madip-ge-050102d-deaths-causeofdeath2007-2007 | madip-ge-050104d-deaths-causeofdeath2008-2008 | madip-ge-050106d-deaths-causeofdeath2009-2009 | ... (18 products)","","",""
"vital-events","DEATHS","madipge-death-d-cause-of-death-2023","ENTITY11","character",4,4,100,0,"","","matched PLIDA variable metadata","Used to record multiple apparent causes of death | Entity axis data 11","madip-ge-050102d-deaths-causeofdeath2007-2007 | madip-ge-050104d-deaths-causeofdeath2008-2008 | madip-ge-050106d-deaths-causeofdeath2009-2009 | ... (18 products)","","",""
"vital-events","DEATHS","madipge-death-d-cause-of-death-2023","ENTITY12","character",4,4,100,0,"","","matched PLIDA variable metadata","Used to record multiple apparent causes of death | Entity axis data 12","madip-ge-050102d-deaths-causeofdeath2007-2007 | madip-ge-050104d-deaths-causeofdeath2008-2008 | madip-ge-050106d-deaths-causeofdeath2009-2009 | ... (18 products)","","",""
"vital-events","DEATHS","madipge-death-d-cause-of-death-2023","ENTITY13","character",4,4,100,0,"","","matched PLIDA variable metadata","Used to record multiple apparent causes of death | Entity axis data 13","madip-ge-050102d-deaths-causeofdeath2007-2007 | madip-ge-050104d-deaths-causeofdeath2008-2008 | madip-ge-050106d-deaths-causeofdeath2009-2009 | ... (18 products)","","",""
"vital-events","DEATHS","madipge-death-d-cause-of-death-2023","ENTITY14","character",4,4,100,0,"","","matched PLIDA variable metadata","Used to record multiple apparent causes of death | Entity axis data 14","madip-ge-050102d-deaths-causeofdeath2007-2007 | madip-ge-050104d-deaths-causeofdeath2008-2008 | madip-ge-050106d-deaths-causeofdeath2009-2009 | ... (18 products)","","",""
"vital-events","DEATHS","madipge-death-d-cause-of-death-2023","ENTITY15","character",4,4,100,0,"","","matched PLIDA variable metadata","Used to record multiple apparent causes of death | Entity axis data 15","madip-ge-050102d-deaths-causeofdeath2007-2007 | madip-ge-050104d-deaths-causeofdeath2008-2008 | madip-ge-050106d-deaths-causeofdeath2009-2009 | ... (18 products)","","",""
"vital-events","DEATHS","madipge-death-d-cause-of-death-2023","ENTITY16","character",4,4,100,0,"","","matched PLIDA variable metadata","Used to record multiple apparent causes of death | Entity axis data 16","madip-ge-050102d-deaths-causeofdeath2007-2007 | madip-ge-050104d-deaths-causeofdeath2008-2008 | madip-ge-050106d-deaths-causeofdeath2009-2009 | ... (18 products)","","",""
"vital-events","DEATHS","madipge-death-d-cause-of-death-2023","ENTITY17","character",4,4,100,0,"","","matched PLIDA variable metadata","Used to record multiple apparent causes of death | Entity axis data 17","madip-ge-050102d-deaths-causeofdeath2007-2007 | madip-ge-050104d-deaths-causeofdeath2008-2008 | madip-ge-050106d-deaths-causeofdeath2009-2009 | ... (18 products)","","",""
"vital-events","DEATHS","madipge-death-d-cause-of-death-2023","ENTITY18","character",4,4,100,0,"","","matched PLIDA variable metadata","Used to record multiple apparent causes of death | Entity axis data 18","madip-ge-050102d-deaths-causeofdeath2007-2007 | madip-ge-050104d-deaths-causeofdeath2008-2008 | madip-ge-050106d-deaths-causeofdeath2009-2009 | ... (18 products)","","",""
"vital-events","DEATHS","madipge-death-d-cause-of-death-2023","ENTITY19","character",4,4,100,0,"","","matched PLIDA variable metadata","Used to record multiple apparent causes of death | Entity axis data 19","madip-ge-050102d-deaths-causeofdeath2007-2007 | madip-ge-050104d-deaths-causeofdeath2008-2008 | madip-ge-050106d-deaths-causeofdeath2009-2009 | ... (18 products)","","",""
"vital-events","DEATHS","madipge-death-d-cause-of-death-2023","ENTITY2","character",4,0,0,3,"J96=2; E11=1; I48=1","E11; I48; J96","matched PLIDA variable metadata","Used to record multiple apparent causes of death | Entity axis data 2","madip-ge-050102d-deaths-causeofdeath2007-2007 | madip-ge-050104d-deaths-causeofdeath2008-2008 | madip-ge-050106d-deaths-causeofdeath2009-2009 | ... (18 products)","","",""
"vital-events","DEATHS","madipge-death-d-cause-of-death-2023","ENTITY20","character",4,4,100,0,"","","matched PLIDA variable metadata","Used to record multiple apparent causes of death | Entity axis data 20","madip-ge-050102d-deaths-causeofdeath2007-2007 | madip-ge-050104d-deaths-causeofdeath2008-2008 | madip-ge-050106d-deaths-causeofdeath2009-2009 | ... (18 products)","","",""
"vital-events","DEATHS","madipge-death-d-cause-of-death-2023","ENTITY3","character",4,1,25,3,"E11=1; F03=1; I25=1","E11; F03; I25","matched PLIDA variable metadata","Used to record multiple apparent causes of death | Entity axis data 3","madip-ge-050102d-deaths-causeofdeath2007-2007 | madip-ge-050104d-deaths-causeofdeath2008-2008 | madip-ge-050106d-deaths-causeofdeath2009-2009 | ... (18 products)","","",""
"vital-events","DEATHS","madipge-death-d-cause-of-death-2023","ENTITY4","character",4,1,25,2,"I50=2; F03=1","F03; I50","matched PLIDA variable metadata","Used to record multiple apparent causes of death | Entity axis data 4","madip-ge-050102d-deaths-causeofdeath2007-2007 | madip-ge-050104d-deaths-causeofdeath2008-2008 | madip-ge-050106d-deaths-causeofdeath2009-2009 | ... (18 products)","","",""
"vital-events","DEATHS","madipge-death-d-cause-of-death-2023","ENTITY5","character",4,3,75,1,"E11=1","E11","matched PLIDA variable metadata","Used to record multiple apparent causes of death | Entity axis data 5","madip-ge-050102d-deaths-causeofdeath2007-2007 | madip-ge-050104d-deaths-causeofdeath2008-2008 | madip-ge-050106d-deaths-causeofdeath2009-2009 | ... (18 products)","","",""
"vital-events","DEATHS","madipge-death-d-cause-of-death-2023","ENTITY6","character",4,4,100,0,"","","matched PLIDA variable metadata","Used to record multiple apparent causes of death | Entity axis data 6","madip-ge-050102d-deaths-causeofdeath2007-2007 | madip-ge-050104d-deaths-causeofdeath2008-2008 | madip-ge-050106d-deaths-causeofdeath2009-2009 | ... (18 products)","","",""
"vital-events","DEATHS","madipge-death-d-cause-of-death-2023","ENTITY7","character",4,4,100,0,"","","matched PLIDA variable metadata","Used to record multiple apparent causes of death | Entity axis data 7","madip-ge-050102d-deaths-causeofdeath2007-2007 | madip-ge-050104d-deaths-causeofdeath2008-2008 | madip-ge-050106d-deaths-causeofdeath2009-2009 | ... (18 products)","","",""
"vital-events","DEATHS","madipge-death-d-cause-of-death-2023","ENTITY8","character",4,4,100,0,"","","matched PLIDA variable metadata","Used to record multiple apparent causes of death | Entity axis data 8","madip-ge-050102d-deaths-causeofdeath2007-2007 | madip-ge-050104d-deaths-causeofdeath2008-2008 | madip-ge-050106d-deaths-causeofdeath2009-2009 | ... (18 products)","","",""
"vital-events","DEATHS","madipge-death-d-cause-of-death-2023","ENTITY9","character",4,4,100,0,"","","matched PLIDA variable metadata","Used to record multiple apparent causes of death | Entity axis data 9","madip-ge-050102d-deaths-causeofdeath2007-2007 | madip-ge-050104d-deaths-causeofdeath2008-2008 | madip-ge-050106d-deaths-causeofdeath2009-2009 | ... (18 products)","","",""
"vital-events","DEATHS","madipge-death-d-cause-of-death-2023","INDIGENOUS_STATUS","integer",4,0,0,1,"1 / 1 / 1 / 1 / 1","1","matched PLIDA variable metadata","Deceased Indigenous status | Indigenous status","madip-ge-050101d-deaths-deathregistrations2007-2007 | madip-ge-050103d-deaths-deathregistrations2008-2008 | madip-ge-050105d-deaths-deathregistrations2009-2009 | ... (18 products)","","",""
"vital-events","DEATHS","madipge-death-d-cause-of-death-2023","MARITAL_STATUS","integer",4,0,0,3,"1.00 / 1.75 / 2.00 / 2.25 / 3.00","1; 2; 3","matched PLIDA variable metadata","Marital status","madip-ge-050101d-deaths-deathregistrations2007-2007 | madip-ge-050103d-deaths-deathregistrations2008-2008 | madip-ge-050105d-deaths-deathregistrations2009-2009 | ... (6 products)","","",""
"vital-events","DEATHS","madipge-death-d-cause-of-death-2023","MONTH_OF_DEATH","integer",4,0,0,3,"1.0 / 1.0 / 2.5 / 6.0 / 12.0","1; 12; 4","matched PLIDA variable metadata","Month of death","madip-ge-050101d-deaths-deathregistrations2007-2007 | madip-ge-050103d-deaths-deathregistrations2008-2008 | madip-ge-050105d-deaths-deathregistrations2009-2009 | ... (6 products)","","",""
"vital-events","DEATHS","madipge-death-d-cause-of-death-2023","PLACE_OF_DEATH","integer",4,0,0,2,"1 / 1 / 2 / 3 / 3","1; 3","matched PLIDA variable metadata","Deceased Place of Death | Place of Death","madipge-death-d-cause-of-death-2019","","",""
"vital-events","DEATHS","madipge-death-d-cause-of-death-2023","RACS1","character",4,0,0,3,"I50=2; F03=1; I21=1","F03; I21; I50","matched PLIDA variable metadata","Used to record multiple apparent causes of death | Record axis data 1","madip-ge-050102d-deaths-causeofdeath2007-2007 | madip-ge-050104d-deaths-causeofdeath2008-2008 | madip-ge-050106d-deaths-causeofdeath2009-2009 | ... (18 products)","","",""
"vital-events","DEATHS","madipge-death-d-cause-of-death-2023","RACS10","character",4,4,100,0,"","","matched PLIDA variable metadata","Used to record multiple apparent causes of death | Record axis data 10","madip-ge-050102d-deaths-causeofdeath2007-2007 | madip-ge-050104d-deaths-causeofdeath2008-2008 | madip-ge-050106d-deaths-causeofdeath2009-2009 | ... (18 products)","","",""
"vital-events","DEATHS","madipge-death-d-cause-of-death-2023","RACS11","character",4,4,100,0,"","","matched PLIDA variable metadata","Used to record multiple apparent causes of death | Record axis data 11","madip-ge-050102d-deaths-causeofdeath2007-2007 | madip-ge-050104d-deaths-causeofdeath2008-2008 | madip-ge-050106d-deaths-causeofdeath2009-2009 | ... (18 products)","","",""
"vital-events","DEATHS","madipge-death-d-cause-of-death-2023","RACS12","character",4,4,100,0,"","","matched PLIDA variable metadata","Used to record multiple apparent causes of death | Record axis data 12","madip-ge-050102d-deaths-causeofdeath2007-2007 | madip-ge-050104d-deaths-causeofdeath2008-2008 | madip-ge-050106d-deaths-causeofdeath2009-2009 | ... (18 products)","","",""
"vital-events","DEATHS","madipge-death-d-cause-of-death-2023","RACS13","character",4,4,100,0,"","","matched PLIDA variable metadata","Used to record multiple apparent causes of death | Record axis data 13","madip-ge-050102d-deaths-causeofdeath2007-2007 | madip-ge-050104d-deaths-causeofdeath2008-2008 | madip-ge-050106d-deaths-causeofdeath2009-2009 | ... (18 products)","","",""
"vital-events","DEATHS","madipge-death-d-cause-of-death-2023","RACS14","character",4,4,100,0,"","","matched PLIDA variable metadata","Used to record multiple apparent causes of death | Record axis data 14","madip-ge-050102d-deaths-causeofdeath2007-2007 | madip-ge-050104d-deaths-causeofdeath2008-2008 | madip-ge-050106d-deaths-causeofdeath2009-2009 | ... (18 products)","","",""
"vital-events","DEATHS","madipge-death-d-cause-of-death-2023","RACS15","character",4,4,100,0,"","","matched PLIDA variable metadata","Used to record multiple apparent causes of death | Record axis data 15","madip-ge-050102d-deaths-causeofdeath2007-2007 | madip-ge-050104d-deaths-causeofdeath2008-2008 | madip-ge-050106d-deaths-causeofdeath2009-2009 | ... (18 products)","","",""
"vital-events","DEATHS","madipge-death-d-cause-of-death-2023","RACS16","character",4,4,100,0,"","","matched PLIDA variable metadata","Used to record multiple apparent causes of death | Record axis data 16","madip-ge-050102d-deaths-causeofdeath2007-2007 | madip-ge-050104d-deaths-causeofdeath2008-2008 | madip-ge-050106d-deaths-causeofdeath2009-2009 | ... (18 products)","","",""
"vital-events","DEATHS","madipge-death-d-cause-of-death-2023","RACS17","character",4,4,100,0,"","","matched PLIDA variable metadata","Used to record multiple apparent causes of death | Record axis data 17","madip-ge-050102d-deaths-causeofdeath2007-2007 | madip-ge-050104d-deaths-causeofdeath2008-2008 | madip-ge-050106d-deaths-causeofdeath2009-2009 | ... (18 products)","","",""
"vital-events","DEATHS","madipge-death-d-cause-of-death-2023","RACS18","character",4,4,100,0,"","","matched PLIDA variable metadata","Used to record multiple apparent causes of death | Record axis data 18","madip-ge-050102d-deaths-causeofdeath2007-2007 | madip-ge-050104d-deaths-causeofdeath2008-2008 | madip-ge-050106d-deaths-causeofdeath2009-2009 | ... (18 products)","","",""
"vital-events","DEATHS","madipge-death-d-cause-of-death-2023","RACS19","character",4,4,100,0,"","","matched PLIDA variable metadata","Used to record multiple apparent causes of death | Record axis data 19","madip-ge-050102d-deaths-causeofdeath2007-2007 | madip-ge-050104d-deaths-causeofdeath2008-2008 | madip-ge-050106d-deaths-causeofdeath2009-2009 | ... (18 products)","","",""
"vital-events","DEATHS","madipge-death-d-cause-of-death-2023","RACS2","character",4,0,0,3,"J96=2; E11=1; I48=1","E11; I48; J96","matched PLIDA variable metadata","Used to record multiple apparent causes of death | Record axis data 2","madip-ge-050102d-deaths-causeofdeath2007-2007 | madip-ge-050104d-deaths-causeofdeath2008-2008 | madip-ge-050106d-deaths-causeofdeath2009-2009 | ... (18 products)","","",""
"vital-events","DEATHS","madipge-death-d-cause-of-death-2023","RACS20","character",4,4,100,0,"","","matched PLIDA variable metadata","Used to record multiple apparent causes of death | Record axis data 20","madip-ge-050102d-deaths-causeofdeath2007-2007 | madip-ge-050104d-deaths-causeofdeath2008-2008 | madip-ge-050106d-deaths-causeofdeath2009-2009 | ... (18 products)","","",""
"vital-events","DEATHS","madipge-death-d-cause-of-death-2023","RACS3","character",4,1,25,3,"E11=1; F03=1; I25=1","E11; F03; I25","matched PLIDA variable metadata","Used to record multiple apparent causes of death | Record axis data 3","madip-ge-050102d-deaths-causeofdeath2007-2007 | madip-ge-050104d-deaths-causeofdeath2008-2008 | madip-ge-050106d-deaths-causeofdeath2009-2009 | ... (18 products)","","",""
"vital-events","DEATHS","madipge-death-d-cause-of-death-2023","RACS4","character",4,2,50,2,"F03=1; I50=1","F03; I50","matched PLIDA variable metadata","Used to record multiple apparent causes of death | Record axis data 4","madip-ge-050102d-deaths-causeofdeath2007-2007 | madip-ge-050104d-deaths-causeofdeath2008-2008 | madip-ge-050106d-deaths-causeofdeath2009-2009 | ... (18 products)","","",""
"vital-events","DEATHS","madipge-death-d-cause-of-death-2023","RACS5","character",4,4,100,0,"","","matched PLIDA variable metadata","Used to record multiple apparent causes of death | Record axis data 5","madip-ge-050102d-deaths-causeofdeath2007-2007 | madip-ge-050104d-deaths-causeofdeath2008-2008 | madip-ge-050106d-deaths-causeofdeath2009-2009 | ... (18 products)","","",""
"vital-events","DEATHS","madipge-death-d-cause-of-death-2023","RACS6","character",4,4,100,0,"","","matched PLIDA variable metadata","Used to record multiple apparent causes of death | Record axis data 6","madip-ge-050102d-deaths-causeofdeath2007-2007 | madip-ge-050104d-deaths-causeofdeath2008-2008 | madip-ge-050106d-deaths-causeofdeath2009-2009 | ... (18 products)","","",""
"vital-events","DEATHS","madipge-death-d-cause-of-death-2023","RACS7","character",4,4,100,0,"","","matched PLIDA variable metadata","Used to record multiple apparent causes of death | Record axis data 7","madip-ge-050102d-deaths-causeofdeath2007-2007 | madip-ge-050104d-deaths-causeofdeath2008-2008 | madip-ge-050106d-deaths-causeofdeath2009-2009 | ... (18 products)","","",""
"vital-events","DEATHS","madipge-death-d-cause-of-death-2023","RACS8","character",4,4,100,0,"","","matched PLIDA variable metadata","Used to record multiple apparent causes of death | Record axis data 8","madip-ge-050102d-deaths-causeofdeath2007-2007 | madip-ge-050104d-deaths-causeofdeath2008-2008 | madip-ge-050106d-deaths-causeofdeath2009-2009 | ... (18 products)","","",""
"vital-events","DEATHS","madipge-death-d-cause-of-death-2023","RACS9","character",4,4,100,0,"","","matched PLIDA variable metadata","Used to record multiple apparent causes of death | Record axis data 9","madip-ge-050102d-deaths-causeofdeath2007-2007 | madip-ge-050104d-deaths-causeofdeath2008-2008 | madip-ge-050106d-deaths-causeofdeath2009-2009 | ... (18 products)","","",""
"vital-events","DEATHS","madipge-death-d-cause-of-death-2023","RECORD_AXIS_COUNT","integer",4,0,0,3,"2.00 / 2.75 / 3.50 / 4.00 / 4.00","2; 3; 4","matched PLIDA variable metadata","Record axis count","madip-ge-050102d-deaths-causeofdeath2007-2007 | madip-ge-050104d-deaths-causeofdeath2008-2008 | madip-ge-050106d-deaths-causeofdeath2009-2009 | ... (18 products)","","",""
"vital-events","DEATHS","madipge-death-d-cause-of-death-2023","REFERENCE_YEAR","integer",4,0,0,1,"2023 / 2023 / 2023 / 2023 / 2023","2023","matched PLIDA variable metadata","The year (calendar or financial) that the information on the record relates to","madip-ge-050101d-deaths-deathregistrations2007-2007 | madip-ge-050103d-deaths-deathregistrations2008-2008 | madip-ge-050105d-deaths-deathregistrations2009-2009 | ... (6 products)","","",""
"vital-events","DEATHS","madipge-death-d-cause-of-death-2023","REG_STATE","integer",4,0,0,3,"1.00 / 1.75 / 2.00 / 2.25 / 3.00","1; 2; 3","matched PLIDA variable metadata","State/Territory of registration | State of registration","madip-ge-050101d-deaths-deathregistrations2007-2007 | madip-ge-050103d-deaths-deathregistrations2008-2008 | madip-ge-050105d-deaths-deathregistrations2009-2009 | ... (18 products)","","",""
"vital-events","DEATHS","madipge-death-d-cause-of-death-2023","REMOTENESS_AREA_2021","integer",4,0,0,2,"1.00 / 1.00 / 1.00 / 1.25 / 2.00","1; 2","matched PLIDA variable metadata","Remoteness area","madip-ge-050102d-deaths-causeofdeath2007-2007 | madip-ge-050104d-deaths-causeofdeath2008-2008 | madip-ge-050106d-deaths-causeofdeath2009-2009 | ... (18 products)","","",""
"vital-events","DEATHS","madipge-death-d-cause-of-death-2023","SEIFA_IRSAD_DEC_2021","integer",4,0,0,3,"1.0 / 1.0 / 4.5 / 8.5 / 10.0","1; 10; 8","matched PLIDA variable metadata","Seifa irsad decile","madip-ge-050102d-deaths-causeofdeath2007-2007 | madip-ge-050104d-deaths-causeofdeath2008-2008 | madip-ge-050106d-deaths-causeofdeath2009-2009 | ... (18 products)","","",""
"vital-events","DEATHS","madipge-death-d-cause-of-death-2023","SEIFA_IRSD_DEC_2021","integer",4,0,0,3,"1.0 / 1.0 / 3.5 / 7.0 / 10.0","1; 10; 6","matched PLIDA variable metadata","Seifa irsd decile","madip-ge-050102d-deaths-causeofdeath2007-2007 | madip-ge-050104d-deaths-causeofdeath2008-2008 | madip-ge-050106d-deaths-causeofdeath2009-2009 | ... (18 products)","","",""
"vital-events","DEATHS","madipge-death-d-cause-of-death-2023","SEX","character",4,0,0,2,"F=2; M=2","F; M","matched PLIDA variable metadata","Sex","madip-ge-050101d-deaths-deathregistrations2007-2007 | madip-ge-050103d-deaths-deathregistrations2008-2008 | madip-ge-050105d-deaths-deathregistrations2009-2009 | ... (18 products)","","",""
"vital-events","DEATHS","madipge-death-d-cause-of-death-2023","SYNTHETIC_AEUID","character",4,0,0,4,"EA4FE00000AC=1; EA4FE0000169=1; EA4FE0000182=1; EA4FE00001A4=1","EA4FE00000AC; EA4FE0000169; EA4FE0000182; EA4FE00001A4","matched PLIDA variable metadata","Synthetic id of individual person on dataset | Synthetic MADIP Person ID","madip-ge-050101d-deaths-deathregistrations2007-2007 | madip-ge-050102d-deaths-causeofdeath2007-2007 | madip-ge-050103d-deaths-deathregistrations2008-2008 | ... (24 products)","","",""
"vital-events","DEATHS","madipge-death-d-cause-of-death-2023","UCOD","character",4,0,0,3,"I50=2; F03=1; I21=1","F03; I21; I50","matched PLIDA variable metadata","Underlying cause of death","madip-ge-050102d-deaths-causeofdeath2007-2007 | madip-ge-050104d-deaths-causeofdeath2008-2008 | madip-ge-050106d-deaths-causeofdeath2009-2009 | ... (18 products)","","",""
"vital-events","DEATHS","madipge-death-d-cause-of-death-2023","YEAR_OF_DEATH","integer",4,0,0,1,"2023 / 2023 / 2023 / 2023 / 2023","2023","matched PLIDA variable metadata","Year of death","madip-ge-050101d-deaths-deathregistrations2007-2007 | madip-ge-050103d-deaths-deathregistrations2008-2008 | madip-ge-050105d-deaths-deathregistrations2009-2009 | ... (6 products)","","",""
"vital-events","DEATHS","madipge-death-d-cause-of-death-2024","BIRTH_PLACE","integer",0,0,0,0,"","","matched PLIDA variable metadata","Country of birth","madip-ge-050101d-deaths-deathregistrations2007-2007 | madip-ge-050103d-deaths-deathregistrations2008-2008 | madip-ge-050105d-deaths-deathregistrations2009-2009 | ... (6 products)","","",""
"vital-events","DEATHS","madipge-death-d-cause-of-death-2024","CERTIFIER","character",0,0,0,0,"","","matched PLIDA variable metadata","Certifier Type | Certifier type","madip-ge-050114d-deaths-causeofdeath2013-2013 | madip-ge-050116d-deaths-causeofdeath2014-2014 | madip-ge-050118d-deaths-causeofdeath2015-2015 | ... (12 products)","","",""
"vital-events","DEATHS","madipge-death-d-cause-of-death-2024","DEATH_AGE","integer",0,0,0,0,"","","matched PLIDA variable metadata","Deceased age at death","madip-ge-050101d-deaths-deathregistrations2007-2007 | madip-ge-050103d-deaths-deathregistrations2008-2008 | madip-ge-050105d-deaths-deathregistrations2009-2009 | ... (6 products)","","",""
"vital-events","DEATHS","madipge-death-d-cause-of-death-2024","DEATH_DAY","integer",0,0,0,0,"","","matched PLIDA variable metadata","Day of Death | Day of death","madip-ge-050114d-deaths-causeofdeath2013-2013 | madip-ge-050116d-deaths-causeofdeath2014-2014 | madip-ge-050118d-deaths-causeofdeath2015-2015 | ... (12 products)","","",""
"vital-events","DEATHS","madipge-death-d-cause-of-death-2024","ENTITY1","character",0,0,0,0,"","","matched PLIDA variable metadata","Used to record multiple apparent causes of death | Entity axis data 1","madip-ge-050102d-deaths-causeofdeath2007-2007 | madip-ge-050104d-deaths-causeofdeath2008-2008 | madip-ge-050106d-deaths-causeofdeath2009-2009 | ... (18 products)","","",""
"vital-events","DEATHS","madipge-death-d-cause-of-death-2024","ENTITY10","character",0,0,0,0,"","","matched PLIDA variable metadata","Used to record multiple apparent causes of death | Entity axis data 10","madip-ge-050102d-deaths-causeofdeath2007-2007 | madip-ge-050104d-deaths-causeofdeath2008-2008 | madip-ge-050106d-deaths-causeofdeath2009-2009 | ... (18 products)","","",""
"vital-events","DEATHS","madipge-death-d-cause-of-death-2024","ENTITY11","character",0,0,0,0,"","","matched PLIDA variable metadata","Used to record multiple apparent causes of death | Entity axis data 11","madip-ge-050102d-deaths-causeofdeath2007-2007 | madip-ge-050104d-deaths-causeofdeath2008-2008 | madip-ge-050106d-deaths-causeofdeath2009-2009 | ... (18 products)","","",""
"vital-events","DEATHS","madipge-death-d-cause-of-death-2024","ENTITY12","character",0,0,0,0,"","","matched PLIDA variable metadata","Used to record multiple apparent causes of death | Entity axis data 12","madip-ge-050102d-deaths-causeofdeath2007-2007 | madip-ge-050104d-deaths-causeofdeath2008-2008 | madip-ge-050106d-deaths-causeofdeath2009-2009 | ... (18 products)","","",""
"vital-events","DEATHS","madipge-death-d-cause-of-death-2024","ENTITY13","character",0,0,0,0,"","","matched PLIDA variable metadata","Used to record multiple apparent causes of death | Entity axis data 13","madip-ge-050102d-deaths-causeofdeath2007-2007 | madip-ge-050104d-deaths-causeofdeath2008-2008 | madip-ge-050106d-deaths-causeofdeath2009-2009 | ... (18 products)","","",""
"vital-events","DEATHS","madipge-death-d-cause-of-death-2024","ENTITY14","character",0,0,0,0,"","","matched PLIDA variable metadata","Used to record multiple apparent causes of death | Entity axis data 14","madip-ge-050102d-deaths-causeofdeath2007-2007 | madip-ge-050104d-deaths-causeofdeath2008-2008 | madip-ge-050106d-deaths-causeofdeath2009-2009 | ... (18 products)","","",""
"vital-events","DEATHS","madipge-death-d-cause-of-death-2024","ENTITY15","character",0,0,0,0,"","","matched PLIDA variable metadata","Used to record multiple apparent causes of death | Entity axis data 15","madip-ge-050102d-deaths-causeofdeath2007-2007 | madip-ge-050104d-deaths-causeofdeath2008-2008 | madip-ge-050106d-deaths-causeofdeath2009-2009 | ... (18 products)","","",""
"vital-events","DEATHS","madipge-death-d-cause-of-death-2024","ENTITY16","character",0,0,0,0,"","","matched PLIDA variable metadata","Used to record multiple apparent causes of death | Entity axis data 16","madip-ge-050102d-deaths-causeofdeath2007-2007 | madip-ge-050104d-deaths-causeofdeath2008-2008 | madip-ge-050106d-deaths-causeofdeath2009-2009 | ... (18 products)","","",""
"vital-events","DEATHS","madipge-death-d-cause-of-death-2024","ENTITY17","character",0,0,0,0,"","","matched PLIDA variable metadata","Used to record multiple apparent causes of death | Entity axis data 17","madip-ge-050102d-deaths-causeofdeath2007-2007 | madip-ge-050104d-deaths-causeofdeath2008-2008 | madip-ge-050106d-deaths-causeofdeath2009-2009 | ... (18 products)","","",""
"vital-events","DEATHS","madipge-death-d-cause-of-death-2024","ENTITY18","character",0,0,0,0,"","","matched PLIDA variable metadata","Used to record multiple apparent causes of death | Entity axis data 18","madip-ge-050102d-deaths-causeofdeath2007-2007 | madip-ge-050104d-deaths-causeofdeath2008-2008 | madip-ge-050106d-deaths-causeofdeath2009-2009 | ... (18 products)","","",""
"vital-events","DEATHS","madipge-death-d-cause-of-death-2024","ENTITY19","character",0,0,0,0,"","","matched PLIDA variable metadata","Used to record multiple apparent causes of death | Entity axis data 19","madip-ge-050102d-deaths-causeofdeath2007-2007 | madip-ge-050104d-deaths-causeofdeath2008-2008 | madip-ge-050106d-deaths-causeofdeath2009-2009 | ... (18 products)","","",""
"vital-events","DEATHS","madipge-death-d-cause-of-death-2024","ENTITY2","character",0,0,0,0,"","","matched PLIDA variable metadata","Used to record multiple apparent causes of death | Entity axis data 2","madip-ge-050102d-deaths-causeofdeath2007-2007 | madip-ge-050104d-deaths-causeofdeath2008-2008 | madip-ge-050106d-deaths-causeofdeath2009-2009 | ... (18 products)","","",""
"vital-events","DEATHS","madipge-death-d-cause-of-death-2024","ENTITY20","character",0,0,0,0,"","","matched PLIDA variable metadata","Used to record multiple apparent causes of death | Entity axis data 20","madip-ge-050102d-deaths-causeofdeath2007-2007 | madip-ge-050104d-deaths-causeofdeath2008-2008 | madip-ge-050106d-deaths-causeofdeath2009-2009 | ... (18 products)","","",""
"vital-events","DEATHS","madipge-death-d-cause-of-death-2024","ENTITY3","character",0,0,0,0,"","","matched PLIDA variable metadata","Used to record multiple apparent causes of death | Entity axis data 3","madip-ge-050102d-deaths-causeofdeath2007-2007 | madip-ge-050104d-deaths-causeofdeath2008-2008 | madip-ge-050106d-deaths-causeofdeath2009-2009 | ... (18 products)","","",""
"vital-events","DEATHS","madipge-death-d-cause-of-death-2024","ENTITY4","character",0,0,0,0,"","","matched PLIDA variable metadata","Used to record multiple apparent causes of death | Entity axis data 4","madip-ge-050102d-deaths-causeofdeath2007-2007 | madip-ge-050104d-deaths-causeofdeath2008-2008 | madip-ge-050106d-deaths-causeofdeath2009-2009 | ... (18 products)","","",""
"vital-events","DEATHS","madipge-death-d-cause-of-death-2024","ENTITY5","character",0,0,0,0,"","","matched PLIDA variable metadata","Used to record multiple apparent causes of death | Entity axis data 5","madip-ge-050102d-deaths-causeofdeath2007-2007 | madip-ge-050104d-deaths-causeofdeath2008-2008 | madip-ge-050106d-deaths-causeofdeath2009-2009 | ... (18 products)","","",""
"vital-events","DEATHS","madipge-death-d-cause-of-death-2024","ENTITY6","character",0,0,0,0,"","","matched PLIDA variable metadata","Used to record multiple apparent causes of death | Entity axis data 6","madip-ge-050102d-deaths-causeofdeath2007-2007 | madip-ge-050104d-deaths-causeofdeath2008-2008 | madip-ge-050106d-deaths-causeofdeath2009-2009 | ... (18 products)","","",""
"vital-events","DEATHS","madipge-death-d-cause-of-death-2024","ENTITY7","character",0,0,0,0,"","","matched PLIDA variable metadata","Used to record multiple apparent causes of death | Entity axis data 7","madip-ge-050102d-deaths-causeofdeath2007-2007 | madip-ge-050104d-deaths-causeofdeath2008-2008 | madip-ge-050106d-deaths-causeofdeath2009-2009 | ... (18 products)","","",""
"vital-events","DEATHS","madipge-death-d-cause-of-death-2024","ENTITY8","character",0,0,0,0,"","","matched PLIDA variable metadata","Used to record multiple apparent causes of death | Entity axis data 8","madip-ge-050102d-deaths-causeofdeath2007-2007 | madip-ge-050104d-deaths-causeofdeath2008-2008 | madip-ge-050106d-deaths-causeofdeath2009-2009 | ... (18 products)","","",""
"vital-events","DEATHS","madipge-death-d-cause-of-death-2024","ENTITY9","character",0,0,0,0,"","","matched PLIDA variable metadata","Used to record multiple apparent causes of death | Entity axis data 9","madip-ge-050102d-deaths-causeofdeath2007-2007 | madip-ge-050104d-deaths-causeofdeath2008-2008 | madip-ge-050106d-deaths-causeofdeath2009-2009 | ... (18 products)","","",""
"vital-events","DEATHS","madipge-death-d-cause-of-death-2024","INDIGENOUS_STATUS","integer",0,0,0,0,"","","matched PLIDA variable metadata","Deceased Indigenous status | Indigenous status","madip-ge-050101d-deaths-deathregistrations2007-2007 | madip-ge-050103d-deaths-deathregistrations2008-2008 | madip-ge-050105d-deaths-deathregistrations2009-2009 | ... (18 products)","","",""
"vital-events","DEATHS","madipge-death-d-cause-of-death-2024","MARITAL_STATUS","integer",0,0,0,0,"","","matched PLIDA variable metadata","Marital status","madip-ge-050101d-deaths-deathregistrations2007-2007 | madip-ge-050103d-deaths-deathregistrations2008-2008 | madip-ge-050105d-deaths-deathregistrations2009-2009 | ... (6 products)","","",""
"vital-events","DEATHS","madipge-death-d-cause-of-death-2024","MONTH_OF_DEATH","integer",0,0,0,0,"","","matched PLIDA variable metadata","Month of death","madip-ge-050101d-deaths-deathregistrations2007-2007 | madip-ge-050103d-deaths-deathregistrations2008-2008 | madip-ge-050105d-deaths-deathregistrations2009-2009 | ... (6 products)","","",""
"vital-events","DEATHS","madipge-death-d-cause-of-death-2024","PLACE_OF_DEATH","integer",0,0,0,0,"","","matched PLIDA variable metadata","Deceased Place of Death | Place of Death","madipge-death-d-cause-of-death-2019","","",""
"vital-events","DEATHS","madipge-death-d-cause-of-death-2024","RACS1","character",0,0,0,0,"","","matched PLIDA variable metadata","Used to record multiple apparent causes of death | Record axis data 1","madip-ge-050102d-deaths-causeofdeath2007-2007 | madip-ge-050104d-deaths-causeofdeath2008-2008 | madip-ge-050106d-deaths-causeofdeath2009-2009 | ... (18 products)","","",""
"vital-events","DEATHS","madipge-death-d-cause-of-death-2024","RACS10","character",0,0,0,0,"","","matched PLIDA variable metadata","Used to record multiple apparent causes of death | Record axis data 10","madip-ge-050102d-deaths-causeofdeath2007-2007 | madip-ge-050104d-deaths-causeofdeath2008-2008 | madip-ge-050106d-deaths-causeofdeath2009-2009 | ... (18 products)","","",""
"vital-events","DEATHS","madipge-death-d-cause-of-death-2024","RACS11","character",0,0,0,0,"","","matched PLIDA variable metadata","Used to record multiple apparent causes of death | Record axis data 11","madip-ge-050102d-deaths-causeofdeath2007-2007 | madip-ge-050104d-deaths-causeofdeath2008-2008 | madip-ge-050106d-deaths-causeofdeath2009-2009 | ... (18 products)","","",""
"vital-events","DEATHS","madipge-death-d-cause-of-death-2024","RACS12","character",0,0,0,0,"","","matched PLIDA variable metadata","Used to record multiple apparent causes of death | Record axis data 12","madip-ge-050102d-deaths-causeofdeath2007-2007 | madip-ge-050104d-deaths-causeofdeath2008-2008 | madip-ge-050106d-deaths-causeofdeath2009-2009 | ... (18 products)","","",""
"vital-events","DEATHS","madipge-death-d-cause-of-death-2024","RACS13","character",0,0,0,0,"","","matched PLIDA variable metadata","Used to record multiple apparent causes of death | Record axis data 13","madip-ge-050102d-deaths-causeofdeath2007-2007 | madip-ge-050104d-deaths-causeofdeath2008-2008 | madip-ge-050106d-deaths-causeofdeath2009-2009 | ... (18 products)","","",""
"vital-events","DEATHS","madipge-death-d-cause-of-death-2024","RACS14","character",0,0,0,0,"","","matched PLIDA variable metadata","Used to record multiple apparent causes of death | Record axis data 14","madip-ge-050102d-deaths-causeofdeath2007-2007 | madip-ge-050104d-deaths-causeofdeath2008-2008 | madip-ge-050106d-deaths-causeofdeath2009-2009 | ... (18 products)","","",""
"vital-events","DEATHS","madipge-death-d-cause-of-death-2024","RACS15","character",0,0,0,0,"","","matched PLIDA variable metadata","Used to record multiple apparent causes of death | Record axis data 15","madip-ge-050102d-deaths-causeofdeath2007-2007 | madip-ge-050104d-deaths-causeofdeath2008-2008 | madip-ge-050106d-deaths-causeofdeath2009-2009 | ... (18 products)","","",""
"vital-events","DEATHS","madipge-death-d-cause-of-death-2024","RACS16","character",0,0,0,0,"","","matched PLIDA variable metadata","Used to record multiple apparent causes of death | Record axis data 16","madip-ge-050102d-deaths-causeofdeath2007-2007 | madip-ge-050104d-deaths-causeofdeath2008-2008 | madip-ge-050106d-deaths-causeofdeath2009-2009 | ... (18 products)","","",""
"vital-events","DEATHS","madipge-death-d-cause-of-death-2024","RACS17","character",0,0,0,0,"","","matched PLIDA variable metadata","Used to record multiple apparent causes of death | Record axis data 17","madip-ge-050102d-deaths-causeofdeath2007-2007 | madip-ge-050104d-deaths-causeofdeath2008-2008 | madip-ge-050106d-deaths-causeofdeath2009-2009 | ... (18 products)","","",""
"vital-events","DEATHS","madipge-death-d-cause-of-death-2024","RACS18","character",0,0,0,0,"","","matched PLIDA variable metadata","Used to record multiple apparent causes of death | Record axis data 18","madip-ge-050102d-deaths-causeofdeath2007-2007 | madip-ge-050104d-deaths-causeofdeath2008-2008 | madip-ge-050106d-deaths-causeofdeath2009-2009 | ... (18 products)","","",""
"vital-events","DEATHS","madipge-death-d-cause-of-death-2024","RACS19","character",0,0,0,0,"","","matched PLIDA variable metadata","Used to record multiple apparent causes of death | Record axis data 19","madip-ge-050102d-deaths-causeofdeath2007-2007 | madip-ge-050104d-deaths-causeofdeath2008-2008 | madip-ge-050106d-deaths-causeofdeath2009-2009 | ... (18 products)","","",""
"vital-events","DEATHS","madipge-death-d-cause-of-death-2024","RACS2","character",0,0,0,0,"","","matched PLIDA variable metadata","Used to record multiple apparent causes of death | Record axis data 2","madip-ge-050102d-deaths-causeofdeath2007-2007 | madip-ge-050104d-deaths-causeofdeath2008-2008 | madip-ge-050106d-deaths-causeofdeath2009-2009 | ... (18 products)","","",""
"vital-events","DEATHS","madipge-death-d-cause-of-death-2024","RACS20","character",0,0,0,0,"","","matched PLIDA variable metadata","Used to record multiple apparent causes of death | Record axis data 20","madip-ge-050102d-deaths-causeofdeath2007-2007 | madip-ge-050104d-deaths-causeofdeath2008-2008 | madip-ge-050106d-deaths-causeofdeath2009-2009 | ... (18 products)","","",""
"vital-events","DEATHS","madipge-death-d-cause-of-death-2024","RACS3","character",0,0,0,0,"","","matched PLIDA variable metadata","Used to record multiple apparent causes of death | Record axis data 3","madip-ge-050102d-deaths-causeofdeath2007-2007 | madip-ge-050104d-deaths-causeofdeath2008-2008 | madip-ge-050106d-deaths-causeofdeath2009-2009 | ... (18 products)","","",""
"vital-events","DEATHS","madipge-death-d-cause-of-death-2024","RACS4","character",0,0,0,0,"","","matched PLIDA variable metadata","Used to record multiple apparent causes of death | Record axis data 4","madip-ge-050102d-deaths-causeofdeath2007-2007 | madip-ge-050104d-deaths-causeofdeath2008-2008 | madip-ge-050106d-deaths-causeofdeath2009-2009 | ... (18 products)","","",""
"vital-events","DEATHS","madipge-death-d-cause-of-death-2024","RACS5","character",0,0,0,0,"","","matched PLIDA variable metadata","Used to record multiple apparent causes of death | Record axis data 5","madip-ge-050102d-deaths-causeofdeath2007-2007 | madip-ge-050104d-deaths-causeofdeath2008-2008 | madip-ge-050106d-deaths-causeofdeath2009-2009 | ... (18 products)","","",""
"vital-events","DEATHS","madipge-death-d-cause-of-death-2024","RACS6","character",0,0,0,0,"","","matched PLIDA variable metadata","Used to record multiple apparent causes of death | Record axis data 6","madip-ge-050102d-deaths-causeofdeath2007-2007 | madip-ge-050104d-deaths-causeofdeath2008-2008 | madip-ge-050106d-deaths-causeofdeath2009-2009 | ... (18 products)","","",""
"vital-events","DEATHS","madipge-death-d-cause-of-death-2024","RACS7","character",0,0,0,0,"","","matched PLIDA variable metadata","Used to record multiple apparent causes of death | Record axis data 7","madip-ge-050102d-deaths-causeofdeath2007-2007 | madip-ge-050104d-deaths-causeofdeath2008-2008 | madip-ge-050106d-deaths-causeofdeath2009-2009 | ... (18 products)","","",""
"vital-events","DEATHS","madipge-death-d-cause-of-death-2024","RACS8","character",0,0,0,0,"","","matched PLIDA variable metadata","Used to record multiple apparent causes of death | Record axis data 8","madip-ge-050102d-deaths-causeofdeath2007-2007 | madip-ge-050104d-deaths-causeofdeath2008-2008 | madip-ge-050106d-deaths-causeofdeath2009-2009 | ... (18 products)","","",""
"vital-events","DEATHS","madipge-death-d-cause-of-death-2024","RACS9","character",0,0,0,0,"","","matched PLIDA variable metadata","Used to record multiple apparent causes of death | Record axis data 9","madip-ge-050102d-deaths-causeofdeath2007-2007 | madip-ge-050104d-deaths-causeofdeath2008-2008 | madip-ge-050106d-deaths-causeofdeath2009-2009 | ... (18 products)","","",""
"vital-events","DEATHS","madipge-death-d-cause-of-death-2024","RECORD_AXIS_COUNT","integer",0,0,0,0,"","","matched PLIDA variable metadata","Record axis count","madip-ge-050102d-deaths-causeofdeath2007-2007 | madip-ge-050104d-deaths-causeofdeath2008-2008 | madip-ge-050106d-deaths-causeofdeath2009-2009 | ... (18 products)","","",""
"vital-events","DEATHS","madipge-death-d-cause-of-death-2024","REFERENCE_YEAR","integer",0,0,0,0,"","","matched PLIDA variable metadata","The year (calendar or financial) that the information on the record relates to","madip-ge-050101d-deaths-deathregistrations2007-2007 | madip-ge-050103d-deaths-deathregistrations2008-2008 | madip-ge-050105d-deaths-deathregistrations2009-2009 | ... (6 products)","","",""
"vital-events","DEATHS","madipge-death-d-cause-of-death-2024","REG_STATE","integer",0,0,0,0,"","","matched PLIDA variable metadata","State/Territory of registration | State of registration","madip-ge-050101d-deaths-deathregistrations2007-2007 | madip-ge-050103d-deaths-deathregistrations2008-2008 | madip-ge-050105d-deaths-deathregistrations2009-2009 | ... (18 products)","","",""
"vital-events","DEATHS","madipge-death-d-cause-of-death-2024","REMOTENESS_AREA_2021","integer",0,0,0,0,"","","matched PLIDA variable metadata","Remoteness area","madip-ge-050102d-deaths-causeofdeath2007-2007 | madip-ge-050104d-deaths-causeofdeath2008-2008 | madip-ge-050106d-deaths-causeofdeath2009-2009 | ... (18 products)","","",""
"vital-events","DEATHS","madipge-death-d-cause-of-death-2024","SEIFA_IRSAD_DEC_2021","integer",0,0,0,0,"","","matched PLIDA variable metadata","Seifa irsad decile","madip-ge-050102d-deaths-causeofdeath2007-2007 | madip-ge-050104d-deaths-causeofdeath2008-2008 | madip-ge-050106d-deaths-causeofdeath2009-2009 | ... (18 products)","","",""
"vital-events","DEATHS","madipge-death-d-cause-of-death-2024","SEIFA_IRSD_DEC_2021","integer",0,0,0,0,"","","matched PLIDA variable metadata","Seifa irsd decile","madip-ge-050102d-deaths-causeofdeath2007-2007 | madip-ge-050104d-deaths-causeofdeath2008-2008 | madip-ge-050106d-deaths-causeofdeath2009-2009 | ... (18 products)","","",""
"vital-events","DEATHS","madipge-death-d-cause-of-death-2024","SEX","character",0,0,0,0,"","","matched PLIDA variable metadata","Sex","madip-ge-050101d-deaths-deathregistrations2007-2007 | madip-ge-050103d-deaths-deathregistrations2008-2008 | madip-ge-050105d-deaths-deathregistrations2009-2009 | ... (18 products)","","",""
"vital-events","DEATHS","madipge-death-d-cause-of-death-2024","SYNTHETIC_AEUID","character",0,0,0,0,"","","matched PLIDA variable metadata","Synthetic id of individual person on dataset | Synthetic MADIP Person ID","madip-ge-050101d-deaths-deathregistrations2007-2007 | madip-ge-050102d-deaths-causeofdeath2007-2007 | madip-ge-050103d-deaths-deathregistrations2008-2008 | ... (24 products)","","",""
"vital-events","DEATHS","madipge-death-d-cause-of-death-2024","UCOD","character",0,0,0,0,"","","matched PLIDA variable metadata","Underlying cause of death","madip-ge-050102d-deaths-causeofdeath2007-2007 | madip-ge-050104d-deaths-causeofdeath2008-2008 | madip-ge-050106d-deaths-causeofdeath2009-2009 | ... (18 products)","","",""
"vital-events","DEATHS","madipge-death-d-cause-of-death-2024","YEAR_OF_DEATH","integer",0,0,0,0,"","","matched PLIDA variable metadata","Year of death","madip-ge-050101d-deaths-deathregistrations2007-2007 | madip-ge-050103d-deaths-deathregistrations2008-2008 | madip-ge-050105d-deaths-deathregistrations2009-2009 | ... (6 products)","","",""
"vital-events","DEATHS","madipge-death-d-cause-of-death-2025","BIRTH_PLACE","integer",3,0,0,1,"1101 / 1101 / 1101 / 1101 / 1101","1101","matched PLIDA variable metadata","Country of birth","madip-ge-050101d-deaths-deathregistrations2007-2007 | madip-ge-050103d-deaths-deathregistrations2008-2008 | madip-ge-050105d-deaths-deathregistrations2009-2009 | ... (6 products)","","",""
"vital-events","DEATHS","madipge-death-d-cause-of-death-2025","CERTIFIER","character",3,0,0,1,"D=3","D","matched PLIDA variable metadata","Certifier Type | Certifier type","madip-ge-050114d-deaths-causeofdeath2013-2013 | madip-ge-050116d-deaths-causeofdeath2014-2014 | madip-ge-050118d-deaths-causeofdeath2015-2015 | ... (12 products)","","",""
"vital-events","DEATHS","madipge-death-d-cause-of-death-2025","DEATH_AGE","integer",3,0,0,3,"69.0 / 72.5 / 76.0 / 79.5 / 83.0","69; 76; 83","matched PLIDA variable metadata","Deceased age at death","madip-ge-050101d-deaths-deathregistrations2007-2007 | madip-ge-050103d-deaths-deathregistrations2008-2008 | madip-ge-050105d-deaths-deathregistrations2009-2009 | ... (6 products)","","",""
"vital-events","DEATHS","madipge-death-d-cause-of-death-2025","DEATH_DAY","integer",3,0,0,3,"8 / 9 / 10 / 17 / 24","10; 24; 8","matched PLIDA variable metadata","Day of Death | Day of death","madip-ge-050114d-deaths-causeofdeath2013-2013 | madip-ge-050116d-deaths-causeofdeath2014-2014 | madip-ge-050118d-deaths-causeofdeath2015-2015 | ... (12 products)","","",""
"vital-events","DEATHS","madipge-death-d-cause-of-death-2025","ENTITY1","character",3,0,0,2,"C18=2; F03=1","C18; F03","matched PLIDA variable metadata","Used to record multiple apparent causes of death | Entity axis data 1","madip-ge-050102d-deaths-causeofdeath2007-2007 | madip-ge-050104d-deaths-causeofdeath2008-2008 | madip-ge-050106d-deaths-causeofdeath2009-2009 | ... (18 products)","","",""
"vital-events","DEATHS","madipge-death-d-cause-of-death-2025","ENTITY10","character",3,3,100,0,"","","matched PLIDA variable metadata","Used to record multiple apparent causes of death | Entity axis data 10","madip-ge-050102d-deaths-causeofdeath2007-2007 | madip-ge-050104d-deaths-causeofdeath2008-2008 | madip-ge-050106d-deaths-causeofdeath2009-2009 | ... (18 products)","","",""
"vital-events","DEATHS","madipge-death-d-cause-of-death-2025","ENTITY11","character",3,3,100,0,"","","matched PLIDA variable metadata","Used to record multiple apparent causes of death | Entity axis data 11","madip-ge-050102d-deaths-causeofdeath2007-2007 | madip-ge-050104d-deaths-causeofdeath2008-2008 | madip-ge-050106d-deaths-causeofdeath2009-2009 | ... (18 products)","","",""
"vital-events","DEATHS","madipge-death-d-cause-of-death-2025","ENTITY12","character",3,3,100,0,"","","matched PLIDA variable metadata","Used to record multiple apparent causes of death | Entity axis data 12","madip-ge-050102d-deaths-causeofdeath2007-2007 | madip-ge-050104d-deaths-causeofdeath2008-2008 | madip-ge-050106d-deaths-causeofdeath2009-2009 | ... (18 products)","","",""
"vital-events","DEATHS","madipge-death-d-cause-of-death-2025","ENTITY13","character",3,3,100,0,"","","matched PLIDA variable metadata","Used to record multiple apparent causes of death | Entity axis data 13","madip-ge-050102d-deaths-causeofdeath2007-2007 | madip-ge-050104d-deaths-causeofdeath2008-2008 | madip-ge-050106d-deaths-causeofdeath2009-2009 | ... (18 products)","","",""
"vital-events","DEATHS","madipge-death-d-cause-of-death-2025","ENTITY14","character",3,3,100,0,"","","matched PLIDA variable metadata","Used to record multiple apparent causes of death | Entity axis data 14","madip-ge-050102d-deaths-causeofdeath2007-2007 | madip-ge-050104d-deaths-causeofdeath2008-2008 | madip-ge-050106d-deaths-causeofdeath2009-2009 | ... (18 products)","","",""
"vital-events","DEATHS","madipge-death-d-cause-of-death-2025","ENTITY15","character",3,3,100,0,"","","matched PLIDA variable metadata","Used to record multiple apparent causes of death | Entity axis data 15","madip-ge-050102d-deaths-causeofdeath2007-2007 | madip-ge-050104d-deaths-causeofdeath2008-2008 | madip-ge-050106d-deaths-causeofdeath2009-2009 | ... (18 products)","","",""
"vital-events","DEATHS","madipge-death-d-cause-of-death-2025","ENTITY16","character",3,3,100,0,"","","matched PLIDA variable metadata","Used to record multiple apparent causes of death | Entity axis data 16","madip-ge-050102d-deaths-causeofdeath2007-2007 | madip-ge-050104d-deaths-causeofdeath2008-2008 | madip-ge-050106d-deaths-causeofdeath2009-2009 | ... (18 products)","","",""
"vital-events","DEATHS","madipge-death-d-cause-of-death-2025","ENTITY17","character",3,3,100,0,"","","matched PLIDA variable metadata","Used to record multiple apparent causes of death | Entity axis data 17","madip-ge-050102d-deaths-causeofdeath2007-2007 | madip-ge-050104d-deaths-causeofdeath2008-2008 | madip-ge-050106d-deaths-causeofdeath2009-2009 | ... (18 products)","","",""
"vital-events","DEATHS","madipge-death-d-cause-of-death-2025","ENTITY18","character",3,3,100,0,"","","matched PLIDA variable metadata","Used to record multiple apparent causes of death | Entity axis data 18","madip-ge-050102d-deaths-causeofdeath2007-2007 | madip-ge-050104d-deaths-causeofdeath2008-2008 | madip-ge-050106d-deaths-causeofdeath2009-2009 | ... (18 products)","","",""
"vital-events","DEATHS","madipge-death-d-cause-of-death-2025","ENTITY19","character",3,3,100,0,"","","matched PLIDA variable metadata","Used to record multiple apparent causes of death | Entity axis data 19","madip-ge-050102d-deaths-causeofdeath2007-2007 | madip-ge-050104d-deaths-causeofdeath2008-2008 | madip-ge-050106d-deaths-causeofdeath2009-2009 | ... (18 products)","","",""
"vital-events","DEATHS","madipge-death-d-cause-of-death-2025","ENTITY2","character",3,0,0,3,"E66=1; J44=1; R09=1","E66; J44; R09","matched PLIDA variable metadata","Used to record multiple apparent causes of death | Entity axis data 2","madip-ge-050102d-deaths-causeofdeath2007-2007 | madip-ge-050104d-deaths-causeofdeath2008-2008 | madip-ge-050106d-deaths-causeofdeath2009-2009 | ... (18 products)","","",""
"vital-events","DEATHS","madipge-death-d-cause-of-death-2025","ENTITY20","character",3,3,100,0,"","","matched PLIDA variable metadata","Used to record multiple apparent causes of death | Entity axis data 20","madip-ge-050102d-deaths-causeofdeath2007-2007 | madip-ge-050104d-deaths-causeofdeath2008-2008 | madip-ge-050106d-deaths-causeofdeath2009-2009 | ... (18 products)","","",""
"vital-events","DEATHS","madipge-death-d-cause-of-death-2025","ENTITY3","character",3,1,33.3333,2,"F03=1; I50=1","F03; I50","matched PLIDA variable metadata","Used to record multiple apparent causes of death | Entity axis data 3","madip-ge-050102d-deaths-causeofdeath2007-2007 | madip-ge-050104d-deaths-causeofdeath2008-2008 | madip-ge-050106d-deaths-causeofdeath2009-2009 | ... (18 products)","","",""
"vital-events","DEATHS","madipge-death-d-cause-of-death-2025","ENTITY4","character",3,2,66.6667,1,"I50=1","I50","matched PLIDA variable metadata","Used to record multiple apparent causes of death | Entity axis data 4","madip-ge-050102d-deaths-causeofdeath2007-2007 | madip-ge-050104d-deaths-causeofdeath2008-2008 | madip-ge-050106d-deaths-causeofdeath2009-2009 | ... (18 products)","","",""
"vital-events","DEATHS","madipge-death-d-cause-of-death-2025","ENTITY5","character",3,2,66.6667,1,"I48=1","I48","matched PLIDA variable metadata","Used to record multiple apparent causes of death | Entity axis data 5","madip-ge-050102d-deaths-causeofdeath2007-2007 | madip-ge-050104d-deaths-causeofdeath2008-2008 | madip-ge-050106d-deaths-causeofdeath2009-2009 | ... (18 products)","","",""
"vital-events","DEATHS","madipge-death-d-cause-of-death-2025","ENTITY6","character",3,3,100,0,"","","matched PLIDA variable metadata","Used to record multiple apparent causes of death | Entity axis data 6","madip-ge-050102d-deaths-causeofdeath2007-2007 | madip-ge-050104d-deaths-causeofdeath2008-2008 | madip-ge-050106d-deaths-causeofdeath2009-2009 | ... (18 products)","","",""
"vital-events","DEATHS","madipge-death-d-cause-of-death-2025","ENTITY7","character",3,3,100,0,"","","matched PLIDA variable metadata","Used to record multiple apparent causes of death | Entity axis data 7","madip-ge-050102d-deaths-causeofdeath2007-2007 | madip-ge-050104d-deaths-causeofdeath2008-2008 | madip-ge-050106d-deaths-causeofdeath2009-2009 | ... (18 products)","","",""
"vital-events","DEATHS","madipge-death-d-cause-of-death-2025","ENTITY8","character",3,3,100,0,"","","matched PLIDA variable metadata","Used to record multiple apparent causes of death | Entity axis data 8","madip-ge-050102d-deaths-causeofdeath2007-2007 | madip-ge-050104d-deaths-causeofdeath2008-2008 | madip-ge-050106d-deaths-causeofdeath2009-2009 | ... (18 products)","","",""
"vital-events","DEATHS","madipge-death-d-cause-of-death-2025","ENTITY9","character",3,3,100,0,"","","matched PLIDA variable metadata","Used to record multiple apparent causes of death | Entity axis data 9","madip-ge-050102d-deaths-causeofdeath2007-2007 | madip-ge-050104d-deaths-causeofdeath2008-2008 | madip-ge-050106d-deaths-causeofdeath2009-2009 | ... (18 products)","","",""
"vital-events","DEATHS","madipge-death-d-cause-of-death-2025","INDIGENOUS_STATUS","integer",3,0,0,1,"1 / 1 / 1 / 1 / 1","1","matched PLIDA variable metadata","Deceased Indigenous status | Indigenous status","madip-ge-050101d-deaths-deathregistrations2007-2007 | madip-ge-050103d-deaths-deathregistrations2008-2008 | madip-ge-050105d-deaths-deathregistrations2009-2009 | ... (18 products)","","",""
"vital-events","DEATHS","madipge-death-d-cause-of-death-2025","MARITAL_STATUS","integer",3,0,0,2,"2.0 / 2.5 / 3.0 / 3.0 / 3.0","2; 3","matched PLIDA variable metadata","Marital status","madip-ge-050101d-deaths-deathregistrations2007-2007 | madip-ge-050103d-deaths-deathregistrations2008-2008 | madip-ge-050105d-deaths-deathregistrations2009-2009 | ... (6 products)","","",""
"vital-events","DEATHS","madipge-death-d-cause-of-death-2025","MONTH_OF_DEATH","integer",3,0,0,3,"2.0 / 2.5 / 3.0 / 5.0 / 7.0","2; 3; 7","matched PLIDA variable metadata","Month of death","madip-ge-050101d-deaths-deathregistrations2007-2007 | madip-ge-050103d-deaths-deathregistrations2008-2008 | madip-ge-050105d-deaths-deathregistrations2009-2009 | ... (6 products)","","",""
"vital-events","DEATHS","madipge-death-d-cause-of-death-2025","PLACE_OF_DEATH","integer",3,0,0,2,"1.0 / 1.0 / 1.0 / 1.5 / 2.0","1; 2","matched PLIDA variable metadata","Deceased Place of Death | Place of Death","madipge-death-d-cause-of-death-2019","","",""
"vital-events","DEATHS","madipge-death-d-cause-of-death-2025","RACS1","character",3,0,0,2,"C18=2; F03=1","C18; F03","matched PLIDA variable metadata","Used to record multiple apparent causes of death | Record axis data 1","madip-ge-050102d-deaths-causeofdeath2007-2007 | madip-ge-050104d-deaths-causeofdeath2008-2008 | madip-ge-050106d-deaths-causeofdeath2009-2009 | ... (18 products)","","",""
"vital-events","DEATHS","madipge-death-d-cause-of-death-2025","RACS10","character",3,3,100,0,"","","matched PLIDA variable metadata","Used to record multiple apparent causes of death | Record axis data 10","madip-ge-050102d-deaths-causeofdeath2007-2007 | madip-ge-050104d-deaths-causeofdeath2008-2008 | madip-ge-050106d-deaths-causeofdeath2009-2009 | ... (18 products)","","",""
"vital-events","DEATHS","madipge-death-d-cause-of-death-2025","RACS11","character",3,3,100,0,"","","matched PLIDA variable metadata","Used to record multiple apparent causes of death | Record axis data 11","madip-ge-050102d-deaths-causeofdeath2007-2007 | madip-ge-050104d-deaths-causeofdeath2008-2008 | madip-ge-050106d-deaths-causeofdeath2009-2009 | ... (18 products)","","",""
"vital-events","DEATHS","madipge-death-d-cause-of-death-2025","RACS12","character",3,3,100,0,"","","matched PLIDA variable metadata","Used to record multiple apparent causes of death | Record axis data 12","madip-ge-050102d-deaths-causeofdeath2007-2007 | madip-ge-050104d-deaths-causeofdeath2008-2008 | madip-ge-050106d-deaths-causeofdeath2009-2009 | ... (18 products)","","",""
"vital-events","DEATHS","madipge-death-d-cause-of-death-2025","RACS13","character",3,3,100,0,"","","matched PLIDA variable metadata","Used to record multiple apparent causes of death | Record axis data 13","madip-ge-050102d-deaths-causeofdeath2007-2007 | madip-ge-050104d-deaths-causeofdeath2008-2008 | madip-ge-050106d-deaths-causeofdeath2009-2009 | ... (18 products)","","",""
"vital-events","DEATHS","madipge-death-d-cause-of-death-2025","RACS14","character",3,3,100,0,"","","matched PLIDA variable metadata","Used to record multiple apparent causes of death | Record axis data 14","madip-ge-050102d-deaths-causeofdeath2007-2007 | madip-ge-050104d-deaths-causeofdeath2008-2008 | madip-ge-050106d-deaths-causeofdeath2009-2009 | ... (18 products)","","",""
"vital-events","DEATHS","madipge-death-d-cause-of-death-2025","RACS15","character",3,3,100,0,"","","matched PLIDA variable metadata","Used to record multiple apparent causes of death | Record axis data 15","madip-ge-050102d-deaths-causeofdeath2007-2007 | madip-ge-050104d-deaths-causeofdeath2008-2008 | madip-ge-050106d-deaths-causeofdeath2009-2009 | ... (18 products)","","",""
"vital-events","DEATHS","madipge-death-d-cause-of-death-2025","RACS16","character",3,3,100,0,"","","matched PLIDA variable metadata","Used to record multiple apparent causes of death | Record axis data 16","madip-ge-050102d-deaths-causeofdeath2007-2007 | madip-ge-050104d-deaths-causeofdeath2008-2008 | madip-ge-050106d-deaths-causeofdeath2009-2009 | ... (18 products)","","",""
"vital-events","DEATHS","madipge-death-d-cause-of-death-2025","RACS17","character",3,3,100,0,"","","matched PLIDA variable metadata","Used to record multiple apparent causes of death | Record axis data 17","madip-ge-050102d-deaths-causeofdeath2007-2007 | madip-ge-050104d-deaths-causeofdeath2008-2008 | madip-ge-050106d-deaths-causeofdeath2009-2009 | ... (18 products)","","",""
"vital-events","DEATHS","madipge-death-d-cause-of-death-2025","RACS18","character",3,3,100,0,"","","matched PLIDA variable metadata","Used to record multiple apparent causes of death | Record axis data 18","madip-ge-050102d-deaths-causeofdeath2007-2007 | madip-ge-050104d-deaths-causeofdeath2008-2008 | madip-ge-050106d-deaths-causeofdeath2009-2009 | ... (18 products)","","",""
"vital-events","DEATHS","madipge-death-d-cause-of-death-2025","RACS19","character",3,3,100,0,"","","matched PLIDA variable metadata","Used to record multiple apparent causes of death | Record axis data 19","madip-ge-050102d-deaths-causeofdeath2007-2007 | madip-ge-050104d-deaths-causeofdeath2008-2008 | madip-ge-050106d-deaths-causeofdeath2009-2009 | ... (18 products)","","",""
"vital-events","DEATHS","madipge-death-d-cause-of-death-2025","RACS2","character",3,0,0,3,"E66=1; J44=1; R09=1","E66; J44; R09","matched PLIDA variable metadata","Used to record multiple apparent causes of death | Record axis data 2","madip-ge-050102d-deaths-causeofdeath2007-2007 | madip-ge-050104d-deaths-causeofdeath2008-2008 | madip-ge-050106d-deaths-causeofdeath2009-2009 | ... (18 products)","","",""
"vital-events","DEATHS","madipge-death-d-cause-of-death-2025","RACS20","character",3,3,100,0,"","","matched PLIDA variable metadata","Used to record multiple apparent causes of death | Record axis data 20","madip-ge-050102d-deaths-causeofdeath2007-2007 | madip-ge-050104d-deaths-causeofdeath2008-2008 | madip-ge-050106d-deaths-causeofdeath2009-2009 | ... (18 products)","","",""
"vital-events","DEATHS","madipge-death-d-cause-of-death-2025","RACS3","character",3,1,33.3333,2,"F03=1; I50=1","F03; I50","matched PLIDA variable metadata","Used to record multiple apparent causes of death | Record axis data 3","madip-ge-050102d-deaths-causeofdeath2007-2007 | madip-ge-050104d-deaths-causeofdeath2008-2008 | madip-ge-050106d-deaths-causeofdeath2009-2009 | ... (18 products)","","",""
"vital-events","DEATHS","madipge-death-d-cause-of-death-2025","RACS4","character",3,2,66.6667,1,"I48=1","I48","matched PLIDA variable metadata","Used to record multiple apparent causes of death | Record axis data 4","madip-ge-050102d-deaths-causeofdeath2007-2007 | madip-ge-050104d-deaths-causeofdeath2008-2008 | madip-ge-050106d-deaths-causeofdeath2009-2009 | ... (18 products)","","",""
"vital-events","DEATHS","madipge-death-d-cause-of-death-2025","RACS5","character",3,3,100,0,"","","matched PLIDA variable metadata","Used to record multiple apparent causes of death | Record axis data 5","madip-ge-050102d-deaths-causeofdeath2007-2007 | madip-ge-050104d-deaths-causeofdeath2008-2008 | madip-ge-050106d-deaths-causeofdeath2009-2009 | ... (18 products)","","",""
"vital-events","DEATHS","madipge-death-d-cause-of-death-2025","RACS6","character",3,3,100,0,"","","matched PLIDA variable metadata","Used to record multiple apparent causes of death | Record axis data 6","madip-ge-050102d-deaths-causeofdeath2007-2007 | madip-ge-050104d-deaths-causeofdeath2008-2008 | madip-ge-050106d-deaths-causeofdeath2009-2009 | ... (18 products)","","",""
"vital-events","DEATHS","madipge-death-d-cause-of-death-2025","RACS7","character",3,3,100,0,"","","matched PLIDA variable metadata","Used to record multiple apparent causes of death | Record axis data 7","madip-ge-050102d-deaths-causeofdeath2007-2007 | madip-ge-050104d-deaths-causeofdeath2008-2008 | madip-ge-050106d-deaths-causeofdeath2009-2009 | ... (18 products)","","",""
"vital-events","DEATHS","madipge-death-d-cause-of-death-2025","RACS8","character",3,3,100,0,"","","matched PLIDA variable metadata","Used to record multiple apparent causes of death | Record axis data 8","madip-ge-050102d-deaths-causeofdeath2007-2007 | madip-ge-050104d-deaths-causeofdeath2008-2008 | madip-ge-050106d-deaths-causeofdeath2009-2009 | ... (18 products)","","",""
"vital-events","DEATHS","madipge-death-d-cause-of-death-2025","RACS9","character",3,3,100,0,"","","matched PLIDA variable metadata","Used to record multiple apparent causes of death | Record axis data 9","madip-ge-050102d-deaths-causeofdeath2007-2007 | madip-ge-050104d-deaths-causeofdeath2008-2008 | madip-ge-050106d-deaths-causeofdeath2009-2009 | ... (18 products)","","",""
"vital-events","DEATHS","madipge-death-d-cause-of-death-2025","RECORD_AXIS_COUNT","integer",3,0,0,3,"2.0 / 2.5 / 3.0 / 3.5 / 4.0","2; 3; 4","matched PLIDA variable metadata","Record axis count","madip-ge-050102d-deaths-causeofdeath2007-2007 | madip-ge-050104d-deaths-causeofdeath2008-2008 | madip-ge-050106d-deaths-causeofdeath2009-2009 | ... (18 products)","","",""
"vital-events","DEATHS","madipge-death-d-cause-of-death-2025","REFERENCE_YEAR","integer",3,0,0,1,"2025 / 2025 / 2025 / 2025 / 2025","2025","matched PLIDA variable metadata","The year (calendar or financial) that the information on the record relates to","madip-ge-050101d-deaths-deathregistrations2007-2007 | madip-ge-050103d-deaths-deathregistrations2008-2008 | madip-ge-050105d-deaths-deathregistrations2009-2009 | ... (6 products)","","",""
"vital-events","DEATHS","madipge-death-d-cause-of-death-2025","REG_STATE","integer",3,0,0,3,"1.0 / 1.5 / 2.0 / 3.5 / 5.0","1; 2; 5","matched PLIDA variable metadata","State/Territory of registration | State of registration","madip-ge-050101d-deaths-deathregistrations2007-2007 | madip-ge-050103d-deaths-deathregistrations2008-2008 | madip-ge-050105d-deaths-deathregistrations2009-2009 | ... (18 products)","","",""
"vital-events","DEATHS","madipge-death-d-cause-of-death-2025","REMOTENESS_AREA_2021","integer",3,0,0,2,"1 / 2 / 3 / 3 / 3","1; 3","matched PLIDA variable metadata","Remoteness area","madip-ge-050102d-deaths-causeofdeath2007-2007 | madip-ge-050104d-deaths-causeofdeath2008-2008 | madip-ge-050106d-deaths-causeofdeath2009-2009 | ... (18 products)","","",""
"vital-events","DEATHS","madipge-death-d-cause-of-death-2025","SEIFA_IRSAD_DEC_2021","integer",3,0,0,3,"2.0 / 3.5 / 5.0 / 5.5 / 6.0","2; 5; 6","matched PLIDA variable metadata","Seifa irsad decile","madip-ge-050102d-deaths-causeofdeath2007-2007 | madip-ge-050104d-deaths-causeofdeath2008-2008 | madip-ge-050106d-deaths-causeofdeath2009-2009 | ... (18 products)","","",""
"vital-events","DEATHS","madipge-death-d-cause-of-death-2025","SEIFA_IRSD_DEC_2021","integer",3,0,0,3,"2 / 4 / 6 / 8 / 10","10; 2; 6","matched PLIDA variable metadata","Seifa irsd decile","madip-ge-050102d-deaths-causeofdeath2007-2007 | madip-ge-050104d-deaths-causeofdeath2008-2008 | madip-ge-050106d-deaths-causeofdeath2009-2009 | ... (18 products)","","",""
"vital-events","DEATHS","madipge-death-d-cause-of-death-2025","SEX","character",3,0,0,2,"M=2; F=1","F; M","matched PLIDA variable metadata","Sex","madip-ge-050101d-deaths-deathregistrations2007-2007 | madip-ge-050103d-deaths-deathregistrations2008-2008 | madip-ge-050105d-deaths-deathregistrations2009-2009 | ... (18 products)","","",""
"vital-events","DEATHS","madipge-death-d-cause-of-death-2025","SYNTHETIC_AEUID","character",3,0,0,3,"EA4FE000013F=1; EA4FE0000195=1; EA4FE00001A5=1","EA4FE000013F; EA4FE0000195; EA4FE00001A5","matched PLIDA variable metadata","Synthetic id of individual person on dataset | Synthetic MADIP Person ID","madip-ge-050101d-deaths-deathregistrations2007-2007 | madip-ge-050102d-deaths-causeofdeath2007-2007 | madip-ge-050103d-deaths-deathregistrations2008-2008 | ... (24 products)","","",""
"vital-events","DEATHS","madipge-death-d-cause-of-death-2025","UCOD","character",3,0,0,2,"C18=2; F03=1","C18; F03","matched PLIDA variable metadata","Underlying cause of death","madip-ge-050102d-deaths-causeofdeath2007-2007 | madip-ge-050104d-deaths-causeofdeath2008-2008 | madip-ge-050106d-deaths-causeofdeath2009-2009 | ... (18 products)","","",""
"vital-events","DEATHS","madipge-death-d-cause-of-death-2025","YEAR_OF_DEATH","integer",3,0,0,1,"2025 / 2025 / 2025 / 2025 / 2025","2025","matched PLIDA variable metadata","Year of death","madip-ge-050101d-deaths-deathregistrations2007-2007 | madip-ge-050103d-deaths-deathregistrations2008-2008 | madip-ge-050105d-deaths-deathregistrations2009-2009 | ... (6 products)","","",""
"vital-events","DEATHS","rbdm-deaths","spine_id","character",500,50,10,450,"SP0000000001=1; SP0000000002=1; SP0000000003=1; SP0000000004=1; SP0000000006=1; SP0000000007=1; SP0000000008=1; SP0000000009=1","","no PLIDA metadata match by dataset+variable","","","","",""
"vital-events","DEATHS","rbdm-deaths","SYNTHETIC_AEUID","character",500,0,0,500,"EA4FE0000001=1; EA4FE0000002=1; EA4FE0000003=1; EA4FE0000004=1; EA4FE0000005=1; EA4FE0000006=1; EA4FE0000007=1; EA4FE0000008=1","","matched PLIDA variable metadata","Synthetic id of individual person on dataset | Synthetic MADIP Person ID","madip-ge-050101d-deaths-deathregistrations2007-2007 | madip-ge-050102d-deaths-causeofdeath2007-2007 | madip-ge-050103d-deaths-deathregistrations2008-2008 | ... (24 products)","","",""
NA,NA,NA,NA,NA,NA,NA,NA,NA,NA,NA,NA,NA,NA,NA,NA,NA
NA,NA,NA,NA,NA,NA,NA,NA,NA,NA,NA,NA,NA,NA,NA,NA,NA
NA,NA,NA,NA,NA,NA,NA,NA,NA,NA,NA,NA,NA,NA,NA,NA,NA
NA,NA,NA,NA,NA,NA,NA,NA,NA,NA,NA,NA,NA,NA,NA,NA,NA
NA,NA,NA,NA,NA,NA,NA,NA,NA,NA,NA,NA,NA,NA,NA,NA,NA
NA,NA,NA,NA,NA,NA,NA,NA,NA,NA,NA,NA,NA,NA,NA,NA,NA
NA,NA,NA,NA,NA,NA,NA,NA,NA,NA,NA,NA,NA,NA,NA,NA,NA
NA,NA,NA,NA,NA,NA,NA,NA,NA,NA,NA,NA,NA,NA,NA,NA,NA
NA,NA,NA,NA,NA,NA,NA,NA,NA,NA,NA,NA,NA,NA,NA,NA,NA
NA,NA,NA,NA,NA,NA,NA,NA,NA,NA,NA,NA,NA,NA,NA,NA,NA
NA,NA,NA,NA,NA,NA,NA,NA,NA,NA,NA,NA,NA,NA,NA,NA,NA
NA,NA,NA,NA,NA,NA,NA,NA,NA,NA,NA,NA,NA,NA,NA,NA,NA
NA,NA,NA,NA,NA,NA,NA,NA,NA,NA,NA,NA,NA,NA,NA,NA,NA
NA,NA,NA,NA,NA,NA,NA,NA,NA,NA,NA,NA,NA,NA,NA,NA,NA
NA,NA,NA,NA,NA,NA,NA,NA,NA,NA,NA,NA,NA,NA,NA,NA,NA
NA,NA,NA,NA,NA,NA,NA,NA,NA,NA,NA,NA,NA,NA,NA,NA,NA
NA,NA,NA,NA,NA,NA,NA,NA,NA,NA,NA,NA,NA,NA,NA,NA,NA
NA,NA,NA,NA,NA,NA,NA,NA,NA,NA,NA,NA,NA,NA,NA,NA,NA
NA,NA,NA,NA,NA,NA,NA,NA,NA,NA,NA,NA,NA,NA,NA,NA,NA
NA,NA,NA,NA,NA,NA,NA,NA,NA,NA,NA,NA,NA,NA,NA,NA,NA
NA,NA,NA,NA,NA,NA,NA,NA,NA,NA,NA,NA,NA,NA,NA,NA,NA
NA,NA,NA,NA,NA,NA,NA,NA,NA,NA,NA,NA,NA,NA,NA,NA,NA
NA,NA,NA,NA,NA,NA,NA,NA,NA,NA,NA,NA,NA,NA,NA,NA,NA
NA,NA,NA,NA,NA,NA,NA,NA,NA,NA,NA,NA,NA,NA,NA,NA,NA
NA,NA,NA,NA,NA,NA,NA,NA,NA,NA,NA,NA,NA,NA,NA,NA,NA
NA,NA,NA,NA,NA,NA,NA,NA,NA,NA,NA,NA,NA,NA,NA,NA,NA
NA,NA,NA,NA,NA,NA,NA,NA,NA,NA,NA,NA,NA,NA,NA,NA,NA
NA,NA,NA,NA,NA,NA,NA,NA,NA,NA,NA,NA,NA,NA,NA,NA,NA
NA,NA,NA,NA,NA,NA,NA,NA,NA,NA,NA,NA,NA,NA,NA,NA,NA
NA,NA,NA,NA,NA,NA,NA,NA,NA,NA,NA,NA,NA,NA,NA,NA,NA
NA,NA,NA,NA,NA,NA,NA,NA,NA,NA,NA,NA,NA,NA,NA,NA,NA
NA,NA,NA,NA,NA,NA,NA,NA,NA,NA,NA,NA,NA,NA,NA,NA,NA
NA,NA,NA,NA,NA,NA,NA,NA,NA,NA,NA,NA,NA,NA,NA,NA,NA
NA,NA,NA,NA,NA,NA,NA,NA,NA,NA,NA,NA,NA,NA,NA,NA,NA
NA,NA,NA,NA,NA,NA,NA,NA,NA,NA,NA,NA,NA,NA,NA,NA,NA
NA,NA,NA,NA,NA,NA,NA,NA,NA,NA,NA,NA,NA,NA,NA,NA,NA
NA,NA,NA,NA,NA,NA,NA,NA,NA,NA,NA,NA,NA,NA,NA,NA,NA
NA,NA,NA,NA,NA,NA,NA,NA,NA,NA,NA,NA,NA,NA,NA,NA,NA
NA,NA,NA,NA,NA,NA,NA,NA,NA,NA,NA,NA,NA,NA,NA,NA,NA
NA,NA,NA,NA,NA,NA,NA,NA,NA,NA,NA,NA,NA,NA,NA,NA,NA
NA,NA,NA,NA,NA,NA,NA,NA,NA,NA,NA,NA,NA,NA,NA,NA,NA
NA,NA,NA,NA,NA,NA,NA,NA,NA,NA,NA,NA,NA,NA,NA,NA,NA
NA,NA,NA,NA,NA,NA,NA,NA,NA,NA,NA,NA,NA,NA,NA,NA,NA
NA,NA,NA,NA,NA,NA,NA,NA,NA,NA,NA,NA,NA,NA,NA,NA,NA
NA,NA,NA,NA,NA,NA,NA,NA,NA,NA,NA,NA,NA,NA,NA,NA,NA
NA,NA,NA,NA,NA,NA,NA,NA,NA,NA,NA,NA,NA,NA,NA,NA,NA
NA,NA,NA,NA,NA,NA,NA,NA,NA,NA,NA,NA,NA,NA,NA,NA,NA
NA,NA,NA,NA,NA,NA,NA,NA,NA,NA,NA,NA,NA,NA,NA,NA,NA
NA,NA,NA,NA,NA,NA,NA,NA,NA,NA,NA,NA,NA,NA,NA,NA,NA
NA,NA,NA,NA,NA,NA,NA,NA,NA,NA,NA,NA,NA,NA,NA,NA,NA
NA,NA,NA,NA,NA,NA,NA,NA,NA,NA,NA,NA,NA,NA,NA,NA,NA
NA,NA,NA,NA,NA,NA,NA,NA,NA,NA,NA,NA,NA,NA,NA,NA,NA
NA,NA,NA,NA,NA,NA,NA,NA,NA,NA,NA,NA,NA,NA,NA,NA,NA
NA,NA,NA,NA,NA,NA,NA,NA,NA,NA,NA,NA,NA,NA,NA,NA,NA
NA,NA,NA,NA,NA,NA,NA,NA,NA,NA,NA,NA,NA,NA,NA,NA,NA
NA,NA,NA,NA,NA,NA,NA,NA,NA,NA,NA,NA,NA,NA,NA,NA,NA
NA,NA,NA,NA,NA,NA,NA,NA,NA,NA,NA,NA,NA,NA,NA,NA,NA
NA,NA,NA,NA,NA,NA,NA,NA,NA,NA,NA,NA,NA,NA,NA,NA,NA
NA,NA,NA,NA,NA,NA,NA,NA,NA,NA,NA,NA,NA,NA,NA,NA,NA
NA,NA,NA,NA,NA,NA,NA,NA,NA,NA,NA,NA,NA,NA,NA,NA,NA
NA,NA,NA,NA,NA,NA,NA,NA,NA,NA,NA,NA,NA,NA,NA,NA,NA
NA,NA,NA,NA,NA,NA,NA,NA,NA,NA,NA,NA,NA,NA,NA,NA,NA
NA,NA,NA,NA,NA,NA,NA,NA,NA,NA,NA,NA,NA,NA,NA,NA,NA
NA,NA,NA,NA,NA,NA,NA,NA,NA,NA,NA,NA,NA,NA,NA,NA,NA
NA,NA,NA,NA,NA,NA,NA,NA,NA,NA,NA,NA,NA,NA,NA,NA,NA
NA,NA,NA,NA,NA,NA,NA,NA,NA,NA,NA,NA,NA,NA,NA,NA,NA
NA,NA,NA,NA,NA,NA,NA,NA,NA,NA,NA,NA,NA,NA,NA,NA,NA
NA,NA,NA,NA,NA,NA,NA,NA,NA,NA,NA,NA,NA,NA,NA,NA,NA
NA,NA,NA,NA,NA,NA,NA,NA,NA,NA,NA,NA,NA,NA,NA,NA,NA
NA,NA,NA,NA,NA,NA,NA,NA,NA,NA,NA,NA,NA,NA,NA,NA,NA
NA,NA,NA,NA,NA,NA,NA,NA,NA,NA,NA,NA,NA,NA,NA,NA,NA
NA,NA,NA,NA,NA,NA,NA,NA,NA,NA,NA,NA,NA,NA,NA,NA,NA
NA,NA,NA,NA,NA,NA,NA,NA,NA,NA,NA,NA,NA,NA,NA,NA,NA
NA,NA,NA,NA,NA,NA,NA,NA,NA,NA,NA,NA,NA,NA,NA,NA,NA
NA,NA,NA,NA,NA,NA,NA,NA,NA,NA,NA,NA,NA,NA,NA,NA,NA
NA,NA,NA,NA,NA,NA,NA,NA,NA,NA,NA,NA,NA,NA,NA,NA,NA
NA,NA,NA,NA,NA,NA,NA,NA,NA,NA,NA,NA,NA,NA,NA,NA,NA
NA,NA,NA,NA,NA,NA,NA,NA,NA,NA,NA,NA,NA,NA,NA,NA,NA
NA,NA,NA,NA,NA,NA,NA,NA,NA,NA,NA,NA,NA,NA,NA,NA,NA
NA,NA,NA,NA,NA,NA,NA,NA,NA,NA,NA,NA,NA,NA,NA,NA,NA
NA,NA,NA,NA,NA,NA,NA,NA,NA,NA,NA,NA,NA,NA,NA,NA,NA
NA,NA,NA,NA,NA,NA,NA,NA,NA,NA,NA,NA,NA,NA,NA,NA,NA
NA,NA,NA,NA,NA,NA,NA,NA,NA,NA,NA,NA,NA,NA,NA,NA,NA
NA,NA,NA,NA,NA,NA,NA,NA,NA,NA,NA,NA,NA,NA,NA,NA,NA
NA,NA,NA,NA,NA,NA,NA,NA,NA,NA,NA,NA,NA,NA,NA,NA,NA
NA,NA,NA,NA,NA,NA,NA,NA,NA,NA,NA,NA,NA,NA,NA,NA,NA
NA,NA,NA,NA,NA,NA,NA,NA,NA,NA,NA,NA,NA,NA,NA,NA,NA
NA,NA,NA,NA,NA,NA,NA,NA,NA,NA,NA,NA,NA,NA,NA,NA,NA
NA,NA,NA,NA,NA,NA,NA,NA,NA,NA,NA,NA,NA,NA,NA,NA,NA
NA,NA,NA,NA,NA,NA,NA,NA,NA,NA,NA,NA,NA,NA,NA,NA,NA
NA,NA,NA,NA,NA,NA,NA,NA,NA,NA,NA,NA,NA,NA,NA,NA,NA
NA,NA,NA,NA,NA,NA,NA,NA,NA,NA,NA,NA,NA,NA,NA,NA,NA
NA,NA,NA,NA,NA,NA,NA,NA,NA,NA,NA,NA,NA,NA,NA,NA,NA
NA,NA,NA,NA,NA,NA,NA,NA,NA,NA,NA,NA,NA,NA,NA,NA,NA
NA,NA,NA,NA,NA,NA,NA,NA,NA,NA,NA,NA,NA,NA,NA,NA,NA
NA,NA,NA,NA,NA,NA,NA,NA,NA,NA,NA,NA,NA,NA,NA,NA,NA
NA,NA,NA,NA,NA,NA,NA,NA,NA,NA,NA,NA,NA,NA,NA,NA,NA
NA,NA,NA,NA,NA,NA,NA,NA,NA,NA,NA,NA,NA,NA,NA,NA,NA
NA,NA,NA,NA,NA,NA,NA,NA,NA,NA,NA,NA,NA,NA,NA,NA,NA
NA,NA,NA,NA,NA,NA,NA,NA,NA,NA,NA,NA,NA,NA,NA,NA,NA
NA,NA,NA,NA,NA,NA,NA,NA,NA,NA,NA,NA,NA,NA,NA,NA,NA
NA,NA,NA,NA,NA,NA,NA,NA,NA,NA,NA,NA,NA,NA,NA,NA,NA
NA,NA,NA,NA,NA,NA,NA,NA,NA,NA,NA,NA,NA,NA,NA,NA,NA
NA,NA,NA,NA,NA,NA,NA,NA,NA,NA,NA,NA,NA,NA,NA,NA,NA
NA,NA,NA,NA,NA,NA,NA,NA,NA,NA,NA,NA,NA,NA,NA,NA,NA
NA,NA,NA,NA,NA,NA,NA,NA,NA,NA,NA,NA,NA,NA,NA,NA,NA
NA,NA,NA,NA,NA,NA,NA,NA,NA,NA,NA,NA,NA,NA,NA,NA,NA
NA,NA,NA,NA,NA,NA,NA,NA,NA,NA,NA,NA,NA,NA,NA,NA,NA
NA,NA,NA,NA,NA,NA,NA,NA,NA,NA,NA,NA,NA,NA,NA,NA,NA
NA,NA,NA,NA,NA,NA,NA,NA,NA,NA,NA,NA,NA,NA,NA,NA,NA
NA,NA,NA,NA,NA,NA,NA,NA,NA,NA,NA,NA,NA,NA,NA,NA,NA
NA,NA,NA,NA,NA,NA,NA,NA,NA,NA,NA,NA,NA,NA,NA,NA,NA
NA,NA,NA,NA,NA,NA,NA,NA,NA,NA,NA,NA,NA,NA,NA,NA,NA
NA,NA,NA,NA,NA,NA,NA,NA,NA,NA,NA,NA,NA,NA,NA,NA,NA
NA,NA,NA,NA,NA,NA,NA,NA,NA,NA,NA,NA,NA,NA,NA,NA,NA
NA,NA,NA,NA,NA,NA,NA,NA,NA,NA,NA,NA,NA,NA,NA,NA,NA
NA,NA,NA,NA,NA,NA,NA,NA,NA,NA,NA,NA,NA,NA,NA,NA,NA
NA,NA,NA,NA,NA,NA,NA,NA,NA,NA,NA,NA,NA,NA,NA,NA,NA
NA,NA,NA,NA,NA,NA,NA,NA,NA,NA,NA,NA,NA,NA,NA,NA,NA
NA,NA,NA,NA,NA,NA,NA,NA,NA,NA,NA,NA,NA,NA,NA,NA,NA
NA,NA,NA,NA,NA,NA,NA,NA,NA,NA,NA,NA,NA,NA,NA,NA,NA
NA,NA,NA,NA,NA,NA,NA,NA,NA,NA,NA,NA,NA,NA,NA,NA,NA
NA,NA,NA,NA,NA,NA,NA,NA,NA,NA,NA,NA,NA,NA,NA,NA,NA
NA,NA,NA,NA,NA,NA,NA,NA,NA,NA,NA,NA,NA,NA,NA,NA,NA
NA,NA,NA,NA,NA,NA,NA,NA,NA,NA,NA,NA,NA,NA,NA,NA,NA
NA,NA,NA,NA,NA,NA,NA,NA,NA,NA,NA,NA,NA,NA,NA,NA,NA
NA,NA,NA,NA,NA,NA,NA,NA,NA,NA,NA,NA,NA,NA,NA,NA,NA
NA,NA,NA,NA,NA,NA,NA,NA,NA,NA,NA,NA,NA,NA,NA,NA,NA
NA,NA,NA,NA,NA,NA,NA,NA,NA,NA,NA,NA,NA,NA,NA,NA,NA
NA,NA,NA,NA,NA,NA,NA,NA,NA,NA,NA,NA,NA,NA,NA,NA,NA
NA,NA,NA,NA,NA,NA,NA,NA,NA,NA,NA,NA,NA,NA,NA,NA,NA
NA,NA,NA,NA,NA,NA,NA,NA,NA,NA,NA,NA,NA,NA,NA,NA,NA
NA,NA,NA,NA,NA,NA,NA,NA,NA,NA,NA,NA,NA,NA,NA,NA,NA
NA,NA,NA,NA,NA,NA,NA,NA,NA,NA,NA,NA,NA,NA,NA,NA,NA
NA,NA,NA,NA,NA,NA,NA,NA,NA,NA,NA,NA,NA,NA,NA,NA,NA
NA,NA,NA,NA,NA,NA,NA,NA,NA,NA,NA,NA,NA,NA,NA,NA,NA
NA,NA,NA,NA,NA,NA,NA,NA,NA,NA,NA,NA,NA,NA,NA,NA,NA
NA,NA,NA,NA,NA,NA,NA,NA,NA,NA,NA,NA,NA,NA,NA,NA,NA
NA,NA,NA,NA,NA,NA,NA,NA,NA,NA,NA,NA,NA,NA,NA,NA,NA
NA,NA,NA,NA,NA,NA,NA,NA,NA,NA,NA,NA,NA,NA,NA,NA,NA
NA,NA,NA,NA,NA,NA,NA,NA,NA,NA,NA,NA,NA,NA,NA,NA,NA
NA,NA,NA,NA,NA,NA,NA,NA,NA,NA,NA,NA,NA,NA,NA,NA,NA
NA,NA,NA,NA,NA,NA,NA,NA,NA,NA,NA,NA,NA,NA,NA,NA,NA
NA,NA,NA,NA,NA,NA,NA,NA,NA,NA,NA,NA,NA,NA,NA,NA,NA
NA,NA,NA,NA,NA,NA,NA,NA,NA,NA,NA,NA,NA,NA,NA,NA,NA
NA,NA,NA,NA,NA,NA,NA,NA,NA,NA,NA,NA,NA,NA,NA,NA,NA
NA,NA,NA,NA,NA,NA,NA,NA,NA,NA,NA,NA,NA,NA,NA,NA,NA
NA,NA,NA,NA,NA,NA,NA,NA,NA,NA,NA,NA,NA,NA,NA,NA,NA
NA,NA,NA,NA,NA,NA,NA,NA,NA,NA,NA,NA,NA,NA,NA,NA,NA
NA,NA,NA,NA,NA,NA,NA,NA,NA,NA,NA,NA,NA,NA,NA,NA,NA
NA,NA,NA,NA,NA,NA,NA,NA,NA,NA,NA,NA,NA,NA,NA,NA,NA
NA,NA,NA,NA,NA,NA,NA,NA,NA,NA,NA,NA,NA,NA,NA,NA,NA
NA,NA,NA,NA,NA,NA,NA,NA,NA,NA,NA,NA,NA,NA,NA,NA,NA
NA,NA,NA,NA,NA,NA,NA,NA,NA,NA,NA,NA,NA,NA,NA,NA,NA
NA,NA,NA,NA,NA,NA,NA,NA,NA,NA,NA,NA,NA,NA,NA,NA,NA
NA,NA,NA,NA,NA,NA,NA,NA,NA,NA,NA,NA,NA,NA,NA,NA,NA
NA,NA,NA,NA,NA,NA,NA,NA,NA,NA,NA,NA,NA,NA,NA,NA,NA
NA,NA,NA,NA,NA,NA,NA,NA,NA,NA,NA,NA,NA,NA,NA,NA,NA
NA,NA,NA,NA,NA,NA,NA,NA,NA,NA,NA,NA,NA,NA,NA,NA,NA
NA,NA,NA,NA,NA,NA,NA,NA,NA,NA,NA,NA,NA,NA,NA,NA,NA
NA,NA,NA,NA,NA,NA,NA,NA,NA,NA,NA,NA,NA,NA,NA,NA,NA
NA,NA,NA,NA,NA,NA,NA,NA,NA,NA,NA,NA,NA,NA,NA,NA,NA
NA,NA,NA,NA,NA,NA,NA,NA,NA,NA,NA,NA,NA,NA,NA,NA,NA
NA,NA,NA,NA,NA,NA,NA,NA,NA,NA,NA,NA,NA,NA,NA,NA,NA
NA,NA,NA,NA,NA,NA,NA,NA,NA,NA,NA,NA,NA,NA,NA,NA,NA
NA,NA,NA,NA,NA,NA,NA,NA,NA,NA,NA,NA,NA,NA,NA,NA,NA
NA,NA,NA,NA,NA,NA,NA,NA,NA,NA,NA,NA,NA,NA,NA,NA,NA
NA,NA,NA,NA,NA,NA,NA,NA,NA,NA,NA,NA,NA,NA,NA,NA,NA
NA,NA,NA,NA,NA,NA,NA,NA,NA,NA,NA,NA,NA,NA,NA,NA,NA
NA,NA,NA,NA,NA,NA,NA,NA,NA,NA,NA,NA,NA,NA,NA,NA,NA
NA,NA,NA,NA,NA,NA,NA,NA,NA,NA,NA,NA,NA,NA,NA,NA,NA
NA,NA,NA,NA,NA,NA,NA,NA,NA,NA,NA,NA,NA,NA,NA,NA,NA
NA,NA,NA,NA,NA,NA,NA,NA,NA,NA,NA,NA,NA,NA,NA,NA,NA
NA,NA,NA,NA,NA,NA,NA,NA,NA,NA,NA,NA,NA,NA,NA,NA,NA
NA,NA,NA,NA,NA,NA,NA,NA,NA,NA,NA,NA,NA,NA,NA,NA,NA
NA,NA,NA,NA,NA,NA,NA,NA,NA,NA,NA,NA,NA,NA,NA,NA,NA
NA,NA,NA,NA,NA,NA,NA,NA,NA,NA,NA,NA,NA,NA,NA,NA,NA
NA,NA,NA,NA,NA,NA,NA,NA,NA,NA,NA,NA,NA,NA,NA,NA,NA
NA,NA,NA,NA,NA,NA,NA,NA,NA,NA,NA,NA,NA,NA,NA,NA,NA
NA,NA,NA,NA,NA,NA,NA,NA,NA,NA,NA,NA,NA,NA,NA,NA,NA
NA,NA,NA,NA,NA,NA,NA,NA,NA,NA,NA,NA,NA,NA,NA,NA,NA
NA,NA,NA,NA,NA,NA,NA,NA,NA,NA,NA,NA,NA,NA,NA,NA,NA
NA,NA,NA,NA,NA,NA,NA,NA,NA,NA,NA,NA,NA,NA,NA,NA,NA
NA,NA,NA,NA,NA,NA,NA,NA,NA,NA,NA,NA,NA,NA,NA,NA,NA
NA,NA,NA,NA,NA,NA,NA,NA,NA,NA,NA,NA,NA,NA,NA,NA,NA
NA,NA,NA,NA,NA,NA,NA,NA,NA,NA,NA,NA,NA,NA,NA,NA,NA
NA,NA,NA,NA,NA,NA,NA,NA,NA,NA,NA,NA,NA,NA,NA,NA,NA
NA,NA,NA,NA,NA,NA,NA,NA,NA,NA,NA,NA,NA,NA,NA,NA,NA
NA,NA,NA,NA,NA,NA,NA,NA,NA,NA,NA,NA,NA,NA,NA,NA,NA
NA,NA,NA,NA,NA,NA,NA,NA,NA,NA,NA,NA,NA,NA,NA,NA,NA
NA,NA,NA,NA,NA,NA,NA,NA,NA,NA,NA,NA,NA,NA,NA,NA,NA
NA,NA,NA,NA,NA,NA,NA,NA,NA,NA,NA,NA,NA,NA,NA,NA,NA
NA,NA,NA,NA,NA,NA,NA,NA,NA,NA,NA,NA,NA,NA,NA,NA,NA
NA,NA,NA,NA,NA,NA,NA,NA,NA,NA,NA,NA,NA,NA,NA,NA,NA
NA,NA,NA,NA,NA,NA,NA,NA,NA,NA,NA,NA,NA,NA,NA,NA,NA
NA,NA,NA,NA,NA,NA,NA,NA,NA,NA,NA,NA,NA,NA,NA,NA,NA
NA,NA,NA,NA,NA,NA,NA,NA,NA,NA,NA,NA,NA,NA,NA,NA,NA
NA,NA,NA,NA,NA,NA,NA,NA,NA,NA,NA,NA,NA,NA,NA,NA,NA
NA,NA,NA,NA,NA,NA,NA,NA,NA,NA,NA,NA,NA,NA,NA,NA,NA
NA,NA,NA,NA,NA,NA,NA,NA,NA,NA,NA,NA,NA,NA,NA,NA,NA
NA,NA,NA,NA,NA,NA,NA,NA,NA,NA,NA,NA,NA,NA,NA,NA,NA
NA,NA,NA,NA,NA,NA,NA,NA,NA,NA,NA,NA,NA,NA,NA,NA,NA
NA,NA,NA,NA,NA,NA,NA,NA,NA,NA,NA,NA,NA,NA,NA,NA,NA
NA,NA,NA,NA,NA,NA,NA,NA,NA,NA,NA,NA,NA,NA,NA,NA,NA
NA,NA,NA,NA,NA,NA,NA,NA,NA,NA,NA,NA,NA,NA,NA,NA,NA
NA,NA,NA,NA,NA,NA,NA,NA,NA,NA,NA,NA,NA,NA,NA,NA,NA
NA,NA,NA,NA,NA,NA,NA,NA,NA,NA,NA,NA,NA,NA,NA,NA,NA
NA,NA,NA,NA,NA,NA,NA,NA,NA,NA,NA,NA,NA,NA,NA,NA,NA
NA,NA,NA,NA,NA,NA,NA,NA,NA,NA,NA,NA,NA,NA,NA,NA,NA
NA,NA,NA,NA,NA,NA,NA,NA,NA,NA,NA,NA,NA,NA,NA,NA,NA
NA,NA,NA,NA,NA,NA,NA,NA,NA,NA,NA,NA,NA,NA,NA,NA,NA
NA,NA,NA,NA,NA,NA,NA,NA,NA,NA,NA,NA,NA,NA,NA,NA,NA
NA,NA,NA,NA,NA,NA,NA,NA,NA,NA,NA,NA,NA,NA,NA,NA,NA
NA,NA,NA,NA,NA,NA,NA,NA,NA,NA,NA,NA,NA,NA,NA,NA,NA
NA,NA,NA,NA,NA,NA,NA,NA,NA,NA,NA,NA,NA,NA,NA,NA,NA
NA,NA,NA,NA,NA,NA,NA,NA,NA,NA,NA,NA,NA,NA,NA,NA,NA
NA,NA,NA,NA,NA,NA,NA,NA,NA,NA,NA,NA,NA,NA,NA,NA,NA
NA,NA,NA,NA,NA,NA,NA,NA,NA,NA,NA,NA,NA,NA,NA,NA,NA
NA,NA,NA,NA,NA,NA,NA,NA,NA,NA,NA,NA,NA,NA,NA,NA,NA
NA,NA,NA,NA,NA,NA,NA,NA,NA,NA,NA,NA,NA,NA,NA,NA,NA
NA,NA,NA,NA,NA,NA,NA,NA,NA,NA,NA,NA,NA,NA,NA,NA,NA
NA,NA,NA,NA,NA,NA,NA,NA,NA,NA,NA,NA,NA,NA,NA,NA,NA
NA,NA,NA,NA,NA,NA,NA,NA,NA,NA,NA,NA,NA,NA,NA,NA,NA
NA,NA,NA,NA,NA,NA,NA,NA,NA,NA,NA,NA,NA,NA,NA,NA,NA
NA,NA,NA,NA,NA,NA,NA,NA,NA,NA,NA,NA,NA,NA,NA,NA,NA
NA,NA,NA,NA,NA,NA,NA,NA,NA,NA,NA,NA,NA,NA,NA,NA,NA
NA,NA,NA,NA,NA,NA,NA,NA,NA,NA,NA,NA,NA,NA,NA,NA,NA
NA,NA,NA,NA,NA,NA,NA,NA,NA,NA,NA,NA,NA,NA,NA,NA,NA
NA,NA,NA,NA,NA,NA,NA,NA,NA,NA,NA,NA,NA,NA,NA,NA,NA
NA,NA,NA,NA,NA,NA,NA,NA,NA,NA,NA,NA,NA,NA,NA,NA,NA
NA,NA,NA,NA,NA,NA,NA,NA,NA,NA,NA,NA,NA,NA,NA,NA,NA
NA,NA,NA,NA,NA,NA,NA,NA,NA,NA,NA,NA,NA,NA,NA,NA,NA
NA,NA,NA,NA,NA,NA,NA,NA,NA,NA,NA,NA,NA,NA,NA,NA,NA
NA,NA,NA,NA,NA,NA,NA,NA,NA,NA,NA,NA,NA,NA,NA,NA,NA
NA,NA,NA,NA,NA,NA,NA,NA,NA,NA,NA,NA,NA,NA,NA,NA,NA
NA,NA,NA,NA,NA,NA,NA,NA,NA,NA,NA,NA,NA,NA,NA,NA,NA
NA,NA,NA,NA,NA,NA,NA,NA,NA,NA,NA,NA,NA,NA,NA,NA,NA
NA,NA,NA,NA,NA,NA,NA,NA,NA,NA,NA,NA,NA,NA,NA,NA,NA
NA,NA,NA,NA,NA,NA,NA,NA,NA,NA,NA,NA,NA,NA,NA,NA,NA
NA,NA,NA,NA,NA,NA,NA,NA,NA,NA,NA,NA,NA,NA,NA,NA,NA
NA,NA,NA,NA,NA,NA,NA,NA,NA,NA,NA,NA,NA,NA,NA,NA,NA
NA,NA,NA,NA,NA,NA,NA,NA,NA,NA,NA,NA,NA,NA,NA,NA,NA
NA,NA,NA,NA,NA,NA,NA,NA,NA,NA,NA,NA,NA,NA,NA,NA,NA
NA,NA,NA,NA,NA,NA,NA,NA,NA,NA,NA,NA,NA,NA,NA,NA,NA
NA,NA,NA,NA,NA,NA,NA,NA,NA,NA,NA,NA,NA,NA,NA,NA,NA
NA,NA,NA,NA,NA,NA,NA,NA,NA,NA,NA,NA,NA,NA,NA,NA,NA
NA,NA,NA,NA,NA,NA,NA,NA,NA,NA,NA,NA,NA,NA,NA,NA,NA
NA,NA,NA,NA,NA,NA,NA,NA,NA,NA,NA,NA,NA,NA,NA,NA,NA
NA,NA,NA,NA,NA,NA,NA,NA,NA,NA,NA,NA,NA,NA,NA,NA,NA
NA,NA,NA,NA,NA,NA,NA,NA,NA,NA,NA,NA,NA,NA,NA,NA,NA
NA,NA,NA,NA,NA,NA,NA,NA,NA,NA,NA,NA,NA,NA,NA,NA,NA
NA,NA,NA,NA,NA,NA,NA,NA,NA,NA,NA,NA,NA,NA,NA,NA,NA
NA,NA,NA,NA,NA,NA,NA,NA,NA,NA,NA,NA,NA,NA,NA,NA,NA
NA,NA,NA,NA,NA,NA,NA,NA,NA,NA,NA,NA,NA,NA,NA,NA,NA
NA,NA,NA,NA,NA,NA,NA,NA,NA,NA,NA,NA,NA,NA,NA,NA,NA
NA,NA,NA,NA,NA,NA,NA,NA,NA,NA,NA,NA,NA,NA,NA,NA,NA
NA,NA,NA,NA,NA,NA,NA,NA,NA,NA,NA,NA,NA,NA,NA,NA,NA
NA,NA,NA,NA,NA,NA,NA,NA,NA,NA,NA,NA,NA,NA,NA,NA,NA
NA,NA,NA,NA,NA,NA,NA,NA,NA,NA,NA,NA,NA,NA,NA,NA,NA
NA,NA,NA,NA,NA,NA,NA,NA,NA,NA,NA,NA,NA,NA,NA,NA,NA
NA,NA,NA,NA,NA,NA,NA,NA,NA,NA,NA,NA,NA,NA,NA,NA,NA
NA,NA,NA,NA,NA,NA,NA,NA,NA,NA,NA,NA,NA,NA,NA,NA,NA
NA,NA,NA,NA,NA,NA,NA,NA,NA,NA,NA,NA,NA,NA,NA,NA,NA
NA,NA,NA,NA,NA,NA,NA,NA,NA,NA,NA,NA,NA,NA,NA,NA,NA
NA,NA,NA,NA,NA,NA,NA,NA,NA,NA,NA,NA,NA,NA,NA,NA,NA
NA,NA,NA,NA,NA,NA,NA,NA,NA,NA,NA,NA,NA,NA,NA,NA,NA
NA,NA,NA,NA,NA,NA,NA,NA,NA,NA,NA,NA,NA,NA,NA,NA,NA
NA,NA,NA,NA,NA,NA,NA,NA,NA,NA,NA,NA,NA,NA,NA,NA,NA
NA,NA,NA,NA,NA,NA,NA,NA,NA,NA,NA,NA,NA,NA,NA,NA,NA
NA,NA,NA,NA,NA,NA,NA,NA,NA,NA,NA,NA,NA,NA,NA,NA,NA
NA,NA,NA,NA,NA,NA,NA,NA,NA,NA,NA,NA,NA,NA,NA,NA,NA
NA,NA,NA,NA,NA,NA,NA,NA,NA,NA,NA,NA,NA,NA,NA,NA,NA
NA,NA,NA,NA,NA,NA,NA,NA,NA,NA,NA,NA,NA,NA,NA,NA,NA
NA,NA,NA,NA,NA,NA,NA,NA,NA,NA,NA,NA,NA,NA,NA,NA,NA
NA,NA,NA,NA,NA,NA,NA,NA,NA,NA,NA,NA,NA,NA,NA,NA,NA
NA,NA,NA,NA,NA,NA,NA,NA,NA,NA,NA,NA,NA,NA,NA,NA,NA
NA,NA,NA,NA,NA,NA,NA,NA,NA,NA,NA,NA,NA,NA,NA,NA,NA
NA,NA,NA,NA,NA,NA,NA,NA,NA,NA,NA,NA,NA,NA,NA,NA,NA
NA,NA,NA,NA,NA,NA,NA,NA,NA,NA,NA,NA,NA,NA,NA,NA,NA
NA,NA,NA,NA,NA,NA,NA,NA,NA,NA,NA,NA,NA,NA,NA,NA,NA
NA,NA,NA,NA,NA,NA,NA,NA,NA,NA,NA,NA,NA,NA,NA,NA,NA
NA,NA,NA,NA,NA,NA,NA,NA,NA,NA,NA,NA,NA,NA,NA,NA,NA
NA,NA,NA,NA,NA,NA,NA,NA,NA,NA,NA,NA,NA,NA,NA,NA,NA
NA,NA,NA,NA,NA,NA,NA,NA,NA,NA,NA,NA,NA,NA,NA,NA,NA
NA,NA,NA,NA,NA,NA,NA,NA,NA,NA,NA,NA,NA,NA,NA,NA,NA
NA,NA,NA,NA,NA,NA,NA,NA,NA,NA,NA,NA,NA,NA,NA,NA,NA
NA,NA,NA,NA,NA,NA,NA,NA,NA,NA,NA,NA,NA,NA,NA,NA,NA
NA,NA,NA,NA,NA,NA,NA,NA,NA,NA,NA,NA,NA,NA,NA,NA,NA
NA,NA,NA,NA,NA,NA,NA,NA,NA,NA,NA,NA,NA,NA,NA,NA,NA
NA,NA,NA,NA,NA,NA,NA,NA,NA,NA,NA,NA,NA,NA,NA,NA,NA
NA,NA,NA,NA,NA,NA,NA,NA,NA,NA,NA,NA,NA,NA,NA,NA,NA
NA,NA,NA,NA,NA,NA,NA,NA,NA,NA,NA,NA,NA,NA,NA,NA,NA
NA,NA,NA,NA,NA,NA,NA,NA,NA,NA,NA,NA,NA,NA,NA,NA,NA
NA,NA,NA,NA,NA,NA,NA,NA,NA,NA,NA,NA,NA,NA,NA,NA,NA
NA,NA,NA,NA,NA,NA,NA,NA,NA,NA,NA,NA,NA,NA,NA,NA,NA
NA,NA,NA,NA,NA,NA,NA,NA,NA,NA,NA,NA,NA,NA,NA,NA,NA
NA,NA,NA,NA,NA,NA,NA,NA,NA,NA,NA,NA,NA,NA,NA,NA,NA
NA,NA,NA,NA,NA,NA,NA,NA,NA,NA,NA,NA,NA,NA,NA,NA,NA
NA,NA,NA,NA,NA,NA,NA,NA,NA,NA,NA,NA,NA,NA,NA,NA,NA
NA,NA,NA,NA,NA,NA,NA,NA,NA,NA,NA,NA,NA,NA,NA,NA,NA
NA,NA,NA,NA,NA,NA,NA,NA,NA,NA,NA,NA,NA,NA,NA,NA,NA
NA,NA,NA,NA,NA,NA,NA,NA,NA,NA,NA,NA,NA,NA,NA,NA,NA
NA,NA,NA,NA,NA,NA,NA,NA,NA,NA,NA,NA,NA,NA,NA,NA,NA
NA,NA,NA,NA,NA,NA,NA,NA,NA,NA,NA,NA,NA,NA,NA,NA,NA
NA,NA,NA,NA,NA,NA,NA,NA,NA,NA,NA,NA,NA,NA,NA,NA,NA
NA,NA,NA,NA,NA,NA,NA,NA,NA,NA,NA,NA,NA,NA,NA,NA,NA
NA,NA,NA,NA,NA,NA,NA,NA,NA,NA,NA,NA,NA,NA,NA,NA,NA
NA,NA,NA,NA,NA,NA,NA,NA,NA,NA,NA,NA,NA,NA,NA,NA,NA
NA,NA,NA,NA,NA,NA,NA,NA,NA,NA,NA,NA,NA,NA,NA,NA,NA
NA,NA,NA,NA,NA,NA,NA,NA,NA,NA,NA,NA,NA,NA,NA,NA,NA
NA,NA,NA,NA,NA,NA,NA,NA,NA,NA,NA,NA,NA,NA,NA,NA,NA
NA,NA,NA,NA,NA,NA,NA,NA,NA,NA,NA,NA,NA,NA,NA,NA,NA
NA,NA,NA,NA,NA,NA,NA,NA,NA,NA,NA,NA,NA,NA,NA,NA,NA
NA,NA,NA,NA,NA,NA,NA,NA,NA,NA,NA,NA,NA,NA,NA,NA,NA
NA,NA,NA,NA,NA,NA,NA,NA,NA,NA,NA,NA,NA,NA,NA,NA,NA
NA,NA,NA,NA,NA,NA,NA,NA,NA,NA,NA,NA,NA,NA,NA,NA,NA
NA,NA,NA,NA,NA,NA,NA,NA,NA,NA,NA,NA,NA,NA,NA,NA,NA
NA,NA,NA,NA,NA,NA,NA,NA,NA,NA,NA,NA,NA,NA,NA,NA,NA
NA,NA,NA,NA,NA,NA,NA,NA,NA,NA,NA,NA,NA,NA,NA,NA,NA
NA,NA,NA,NA,NA,NA,NA,NA,NA,NA,NA,NA,NA,NA,NA,NA,NA
NA,NA,NA,NA,NA,NA,NA,NA,NA,NA,NA,NA,NA,NA,NA,NA,NA
NA,NA,NA,NA,NA,NA,NA,NA,NA,NA,NA,NA,NA,NA,NA,NA,NA
NA,NA,NA,NA,NA,NA,NA,NA,NA,NA,NA,NA,NA,NA,NA,NA,NA
NA,NA,NA,NA,NA,NA,NA,NA,NA,NA,NA,NA,NA,NA,NA,NA,NA
NA,NA,NA,NA,NA,NA,NA,NA,NA,NA,NA,NA,NA,NA,NA,NA,NA
NA,NA,NA,NA,NA,NA,NA,NA,NA,NA,NA,NA,NA,NA,NA,NA,NA
NA,NA,NA,NA,NA,NA,NA,NA,NA,NA,NA,NA,NA,NA,NA,NA,NA
NA,NA,NA,NA,NA,NA,NA,NA,NA,NA,NA,NA,NA,NA,NA,NA,NA
NA,NA,NA,NA,NA,NA,NA,NA,NA,NA,NA,NA,NA,NA,NA,NA,NA
NA,NA,NA,NA,NA,NA,NA,NA,NA,NA,NA,NA,NA,NA,NA,NA,NA
NA,NA,NA,NA,NA,NA,NA,NA,NA,NA,NA,NA,NA,NA,NA,NA,NA
NA,NA,NA,NA,NA,NA,NA,NA,NA,NA,NA,NA,NA,NA,NA,NA,NA
NA,NA,NA,NA,NA,NA,NA,NA,NA,NA,NA,NA,NA,NA,NA,NA,NA
NA,NA,NA,NA,NA,NA,NA,NA,NA,NA,NA,NA,NA,NA,NA,NA,NA
NA,NA,NA,NA,NA,NA,NA,NA,NA,NA,NA,NA,NA,NA,NA,NA,NA
NA,NA,NA,NA,NA,NA,NA,NA,NA,NA,NA,NA,NA,NA,NA,NA,NA
NA,NA,NA,NA,NA,NA,NA,NA,NA,NA,NA,NA,NA,NA,NA,NA,NA
NA,NA,NA,NA,NA,NA,NA,NA,NA,NA,NA,NA,NA,NA,NA,NA,NA
NA,NA,NA,NA,NA,NA,NA,NA,NA,NA,NA,NA,NA,NA,NA,NA,NA
NA,NA,NA,NA,NA,NA,NA,NA,NA,NA,NA,NA,NA,NA,NA,NA,NA
NA,NA,NA,NA,NA,NA,NA,NA,NA,NA,NA,NA,NA,NA,NA,NA,NA
NA,NA,NA,NA,NA,NA,NA,NA,NA,NA,NA,NA,NA,NA,NA,NA,NA
NA,NA,NA,NA,NA,NA,NA,NA,NA,NA,NA,NA,NA,NA,NA,NA,NA
NA,NA,NA,NA,NA,NA,NA,NA,NA,NA,NA,NA,NA,NA,NA,NA,NA
NA,NA,NA,NA,NA,NA,NA,NA,NA,NA,NA,NA,NA,NA,NA,NA,NA
NA,NA,NA,NA,NA,NA,NA,NA,NA,NA,NA,NA,NA,NA,NA,NA,NA
NA,NA,NA,NA,NA,NA,NA,NA,NA,NA,NA,NA,NA,NA,NA,NA,NA
NA,NA,NA,NA,NA,NA,NA,NA,NA,NA,NA,NA,NA,NA,NA,NA,NA
NA,NA,NA,NA,NA,NA,NA,NA,NA,NA,NA,NA,NA,NA,NA,NA,NA
NA,NA,NA,NA,NA,NA,NA,NA,NA,NA,NA,NA,NA,NA,NA,NA,NA
NA,NA,NA,NA,NA,NA,NA,NA,NA,NA,NA,NA,NA,NA,NA,NA,NA
NA,NA,NA,NA,NA,NA,NA,NA,NA,NA,NA,NA,NA,NA,NA,NA,NA
NA,NA,NA,NA,NA,NA,NA,NA,NA,NA,NA,NA,NA,NA,NA,NA,NA
NA,NA,NA,NA,NA,NA,NA,NA,NA,NA,NA,NA,NA,NA,NA,NA,NA
NA,NA,NA,NA,NA,NA,NA,NA,NA,NA,NA,NA,NA,NA,NA,NA,NA
NA,NA,NA,NA,NA,NA,NA,NA,NA,NA,NA,NA,NA,NA,NA,NA,NA
NA,NA,NA,NA,NA,NA,NA,NA,NA,NA,NA,NA,NA,NA,NA,NA,NA
NA,NA,NA,NA,NA,NA,NA,NA,NA,NA,NA,NA,NA,NA,NA,NA,NA
NA,NA,NA,NA,NA,NA,NA,NA,NA,NA,NA,NA,NA,NA,NA,NA,NA
NA,NA,NA,NA,NA,NA,NA,NA,NA,NA,NA,NA,NA,NA,NA,NA,NA
NA,NA,NA,NA,NA,NA,NA,NA,NA,NA,NA,NA,NA,NA,NA,NA,NA
NA,NA,NA,NA,NA,NA,NA,NA,NA,NA,NA,NA,NA,NA,NA,NA,NA
NA,NA,NA,NA,NA,NA,NA,NA,NA,NA,NA,NA,NA,NA,NA,NA,NA
NA,NA,NA,NA,NA,NA,NA,NA,NA,NA,NA,NA,NA,NA,NA,NA,NA
NA,NA,NA,NA,NA,NA,NA,NA,NA,NA,NA,NA,NA,NA,NA,NA,NA
NA,NA,NA,NA,NA,NA,NA,NA,NA,NA,NA,NA,NA,NA,NA,NA,NA
NA,NA,NA,NA,NA,NA,NA,NA,NA,NA,NA,NA,NA,NA,NA,NA,NA
NA,NA,NA,NA,NA,NA,NA,NA,NA,NA,NA,NA,NA,NA,NA,NA,NA
NA,NA,NA,NA,NA,NA,NA,NA,NA,NA,NA,NA,NA,NA,NA,NA,NA
NA,NA,NA,NA,NA,NA,NA,NA,NA,NA,NA,NA,NA,NA,NA,NA,NA
NA,NA,NA,NA,NA,NA,NA,NA,NA,NA,NA,NA,NA,NA,NA,NA,NA
NA,NA,NA,NA,NA,NA,NA,NA,NA,NA,NA,NA,NA,NA,NA,NA,NA
NA,NA,NA,NA,NA,NA,NA,NA,NA,NA,NA,NA,NA,NA,NA,NA,NA
NA,NA,NA,NA,NA,NA,NA,NA,NA,NA,NA,NA,NA,NA,NA,NA,NA
NA,NA,NA,NA,NA,NA,NA,NA,NA,NA,NA,NA,NA,NA,NA,NA,NA
NA,NA,NA,NA,NA,NA,NA,NA,NA,NA,NA,NA,NA,NA,NA,NA,NA
NA,NA,NA,NA,NA,NA,NA,NA,NA,NA,NA,NA,NA,NA,NA,NA,NA
NA,NA,NA,NA,NA,NA,NA,NA,NA,NA,NA,NA,NA,NA,NA,NA,NA
NA,NA,NA,NA,NA,NA,NA,NA,NA,NA,NA,NA,NA,NA,NA,NA,NA
NA,NA,NA,NA,NA,NA,NA,NA,NA,NA,NA,NA,NA,NA,NA,NA,NA
NA,NA,NA,NA,NA,NA,NA,NA,NA,NA,NA,NA,NA,NA,NA,NA,NA
NA,NA,NA,NA,NA,NA,NA,NA,NA,NA,NA,NA,NA,NA,NA,NA,NA
NA,NA,NA,NA,NA,NA,NA,NA,NA,NA,NA,NA,NA,NA,NA,NA,NA
NA,NA,NA,NA,NA,NA,NA,NA,NA,NA,NA,NA,NA,NA,NA,NA,NA
NA,NA,NA,NA,NA,NA,NA,NA,NA,NA,NA,NA,NA,NA,NA,NA,NA
NA,NA,NA,NA,NA,NA,NA,NA,NA,NA,NA,NA,NA,NA,NA,NA,NA
NA,NA,NA,NA,NA,NA,NA,NA,NA,NA,NA,NA,NA,NA,NA,NA,NA
NA,NA,NA,NA,NA,NA,NA,NA,NA,NA,NA,NA,NA,NA,NA,NA,NA
NA,NA,NA,NA,NA,NA,NA,NA,NA,NA,NA,NA,NA,NA,NA,NA,NA
NA,NA,NA,NA,NA,NA,NA,NA,NA,NA,NA,NA,NA,NA,NA,NA,NA
NA,NA,NA,NA,NA,NA,NA,NA,NA,NA,NA,NA,NA,NA,NA,NA,NA
NA,NA,NA,NA,NA,NA,NA,NA,NA,NA,NA,NA,NA,NA,NA,NA,NA
NA,NA,NA,NA,NA,NA,NA,NA,NA,NA,NA,NA,NA,NA,NA,NA,NA
NA,NA,NA,NA,NA,NA,NA,NA,NA,NA,NA,NA,NA,NA,NA,NA,NA
NA,NA,NA,NA,NA,NA,NA,NA,NA,NA,NA,NA,NA,NA,NA,NA,NA
NA,NA,NA,NA,NA,NA,NA,NA,NA,NA,NA,NA,NA,NA,NA,NA,NA
NA,NA,NA,NA,NA,NA,NA,NA,NA,NA,NA,NA,NA,NA,NA,NA,NA
NA,NA,NA,NA,NA,NA,NA,NA,NA,NA,NA,NA,NA,NA,NA,NA,NA
NA,NA,NA,NA,NA,NA,NA,NA,NA,NA,NA,NA,NA,NA,NA,NA,NA
NA,NA,NA,NA,NA,NA,NA,NA,NA,NA,NA,NA,NA,NA,NA,NA,NA
NA,NA,NA,NA,NA,NA,NA,NA,NA,NA,NA,NA,NA,NA,NA,NA,NA
