"guide","dataset","table","variable","type","n_rows","missing","missing_pct","distinct","domain_or_distribution","values_if_small_domain","metadata_match","plida_variable_descriptions","plida_products","blade_item","blade_valid_response","blade_available_periods"
"blade","BLADE","blade-table-01-cross-sectional-indicative-data-items","bg_id","character",500,0,0,54,"=288; BG0000000927=4; BG0000000930=4; BG0000000932=4; BG0000000934=4; BG0000000935=4; BG0000000937=4; BG0000000942=4; BG0000000943=4; BG0000000947=4; BG0000000950=4; BG0000000952=4","; BG0000000927; BG0000000930; BG0000000932; BG0000000934; BG0000000935; BG0000000937; BG0000000942; BG0000000943; BG0000000947; BG0000000950; BG0000000952; BG0000000955; BG0000000956; BG0000000957; BG0000000958; BG0000000962; BG0000000967; BG0000000969; BG0000000972; BG0000000973; BG0000000977; BG0000000980; BG0000000981; BG0000000982; BG0000000983; BG0000000986; BG0000000987; BG0000000991; BG0000000992","no PLIDA metadata match by dataset+variable","","","BLADE Enterprise Group ID | Identifier - BLADE Enterprise Group ID","10 digit alphanumeric Blank = unit is not part of a BLADE Enterprise Group ABNs with a BG_ID are part of the profiled population. ABNs with no BG_ID are part of the non-profiled population. | 10 digit alphanumeric Blank = unit is not part of a BLADE Enterprise Group ABNs with a bg_id are part of the profiled population. ABNs with no bg_id are part of the non-profiled population. | 10 digit alphanumeric | 10 digit alphanumeric Blank = unit is not part of a BLADE Enterprise Group","2001-02;2002-03;2003-04;2004-05;2005-06;2006-07;2007-08;2008-09;2009-10;2010-11;2011-12;2012-13;2013-14;2014-15;2015-16;2016-17;2017-18;2018-19;2019-20;2020-21;2021-22;2022-23;2023-24;2024-25;2025-26 | 2001-02;2002-03;2003-04;2004-05;2005-06;2006-07;2007-08;2008-09;2009-10;2010-11;2011-12;2012-13;2013-14;2014-15;2015-16;2016-17;2017-18;2018-19;2019-20;2020-21 | 2021-22 | 2001-02;2002-03;2003-04;2004-05;2005-06;2006-07;2007-08;2008-09;2009-10;2010-11;2011-12;2012-13;2013-14;2014-15;2015-16;2016-17;2017-18;2018-19;2019-20;2020-21;2021-22;2022-23;2023-24;2024-25"
"blade","BLADE","blade-table-01-cross-sectional-indicative-data-items","bn","character",500,0,0,500,"BN00001651499=1; BN00002651502=1; BN00003651505=1; BN00004651508=1; BN00005651511=1; BN00006651514=1; BN00007651517=1; BN00008651520=1; BN00009651523=1; BN00010651526=1; BN00011651529=1; BN00012651532=1","BN00001651499; BN00002651502; BN00003651505; BN00004651508; BN00005651511; BN00006651514; BN00007651517; BN00008651520; BN00009651523; BN00010651526; BN00011651529; BN00012651532; BN00013651535; BN00014651538; BN00015651541; BN00016651544; BN00017651547; BN00018651550; BN00019651553; BN00020651556; BN00021651559; BN00022651562; BN00023651565; BN00024651568; BN00025651571; BN00026651574; BN00027651577; BN00028651580; BN00029651583; BN00030651586","no PLIDA metadata match by dataset+variable","","","bn - deidentified ABN | Identifier - deidentified ABN | Identifier bn - deidentified ABN | De-identified ABN | Deidentified abn | Deidentified ABN | Identifier - deidentifed ABN | Identifier - deidentified abn | Identifier - deidentified ABN (Australian Business Number)","10 digit alphanumeric | 10 alphanumeric | 10 alphanumeric categorical | 10 digit alphanumeric Unknown = 9999999999","2001-02;2002-03;2003-04;2004-05;2005-06;2006-07;2007-08;2008-09;2009-10;2010-11;2011-12;2012-13;2013-14;2014-15;2015-16;2016-17;2017-18;2018-19;2019-20;2020-21;2021-22;2022-23;2023-24;2024-25;2025-26 | 2010-11;2011-12;2012-13;2013-14;2014-15;2015-16;2016-17;2017-18;2018-19;2019-20;2020-21 | 2001-02;2002-03;2003-04;2004-05;2005-06;2006-07;2007-08;2008-09;2009-10;2010-11;2011-12;2012-13;2013-14;2014-15;2015-16;2016-17;2017-18;2018-19;2019-20;2020-21;2021-22;2022-23;2023-24;2024-25 | 2001-02;2002-03;2003-04;2004-05;2005-06;2006-07;2007-08;2008-09;2009-10;2010-11;2011-12;2012-13;2013-14;2014-15;2015-16;2016-17;2017-18;2018-19;2019-20;2020-21;2021-22;2022-23 | 2019-20;2020-21;2021-22;2022-23;2023-24;2024-25;2025-26 | 2001-02;2002-03;2003-04;2004-05;2005-06;2006-07;2007-08;2008-09;2009-10;2010-11;2011-12;2012-13;2013-14;2014-15;2015-16;2016-17;2017-18;2018-19;2019-20;2020-21;2021-22 | 2022-23;2023-24;2024-25 | 2000-01;2001-02;2002-03;2003-04;2004-05;2005-06;2006-07;2007-08;2008-09;2009-10;2010-11;2011-12;2012-13;2013-14;2014-15;2015-16;2016-17;2017-18;2018-19;2019-20;2020-21;2021-22;2022-23 | 2010-11;2015-16;2020-21 | 2003-04;2004-05;2005-06;2006-07;2007-08;2008-09;2009-10;2010-11;2011-12;2012-13;2013-14;2014-15;2015-16;2016-17;2017-18;2018-19;2019-20;2020-21;2021-22;2022-23;2023-24;2024-25 | 2013-14;2014-15;2015-16;2016-17;2017-18;2018-19;2019-20;2020-21 | 2000-01;2001-02;2002-03;2003-04;2004-05;2005-06;2006-07;2007-08;2008-09;2009-10;2010-11;2011-12;2012-13;2013-14;2014-15;2015-16;2016-17;2017-18;2018-19;2019-20 | 2025 | 2019-20;2020-21;2021-22;2022-23;2023-24;2024-25"
"blade","BLADE","blade-table-01-cross-sectional-indicative-data-items","d_anzsic06","character",500,0,0,228,"8534=17; 8591=17; 8601=16; 8790=16; 8401=15; 8511=15; 8532=15; 8533=15; 8520=13; 8531=13; 3022=5; 7225=5","8534; 8591; 8601; 8790; 8401; 8511; 8532; 8533; 8520; 8531; 3022; 7225; 3030; 3914; 7220; 7224; 1112; 1113; 1116; 1121; 1122; 3015; 3911; 3920; 3921; 3928; 3930; 4516; 4519; 4521","no PLIDA metadata match by dataset+variable","","","Derived Australian and New Zealand Standard Industrial Classification (ANZSIC), 2006","4 digit numeric 0 or 9999 - Unknown or missing","2001-02;2002-03;2003-04;2004-05"
"blade","BLADE","blade-table-01-cross-sectional-indicative-data-items","d_div06","character",500,0,0,19,"Q=152; N=40; E=35; G=31; M=30; H=29; C=26; R=23; O=18; J=16; L=16; S=14","Q; N; E; G; M; H; C; R; O; J; L; S; P; B; K; I; D; A; F","no PLIDA metadata match by dataset+variable","","","Derived Industry Division 2006 | Derived Industry Division 2006 (cast) - derived from either cast_anzsic06 or d_anzsic06","A - Agriculture, Forestry and Fishing | 1 digit alphanumeric","2001-02;2002-03;2003-04;2004-05;2005-06;2006-07;2007-08;2008-09;2009-10;2010-11;2011-12;2012-13;2013-14;2014-15;2015-16;2016-17;2017-18;2018-19;2019-20;2020-21;2021-22;2022-23;2023-24;2024-25;2025-26 | 2001-02;2002-03;2003-04;2004-05;2005-06;2006-07;2007-08;2008-09;2009-10;2010-11;2011-12;2012-13;2013-14;2014-15;2015-16;2016-17;2017-18;2018-19;2019-20;2020-21"
"blade","BLADE","blade-table-01-cross-sectional-indicative-data-items","d_sisca08","character",500,0,0,3,"1009=437; 3000=38; 1001=25","1009; 3000; 1001","no PLIDA metadata match by dataset+variable","","","Derived Standard Institutional Sector Classification of Australia (SISCA) 2008","4 digit numeric 0 or 9999 - Unknown or missing","2001-02;2002-03;2003-04;2004-05;2005-06;2006-07;2007-08;2008-09 | 2001-02;2002-03;2003-04;2004-05;2005-06;2006-07;2007-08"
"blade","BLADE","blade-table-01-cross-sectional-indicative-data-items","frame_version","character",500,0,0,1,"in079_v1=500","in079_v1","no PLIDA metadata match by dataset+variable","","","Integration version (internal ABS reference)","up to 8 digit alphanumeric example: ""in182_v1"" | 8 digit alphanumeric","2001-02;2002-03;2003-04;2004-05;2005-06;2006-07;2007-08;2008-09;2009-10;2010-11;2011-12;2012-13;2013-14;2014-15;2015-16;2016-17;2017-18;2018-19;2019-20;2020-21;2021-22;2022-23;2023-24;2024-25;2025-26 | 2001-02;2002-03;2003-04;2004-05;2005-06;2006-07;2007-08;2008-09;2009-10;2010-11;2011-12;2012-13;2013-14;2014-15;2015-16;2016-17;2017-18;2018-19;2019-20;2020-21"
"blade","BLADE","blade-table-01-cross-sectional-indicative-data-items","quarter","character",500,0,0,1,"2526Q4=500","2526Q4","no PLIDA metadata match by dataset+variable","","","Quarter | Financial year quarter data is in reference to** | The quarter of the financial year - derived | Reference Period | The quarter of the SITS record | Quarter of the financial year | The quarter of the JVS record | The quarter of the location record | The quarter of the insolvency appointment | Financial year quarter data is in reference to","6 digit alphanumeric YYYY is a financial year, i.e. 2021, 2122 ""YYYYQ1"" = July to September ""YYYYQ2"" = October to December ""YYYYQ3"" = January to March ""YYYYQ4"" = April to June | 4 digit alphanumeric YYYY is a financial year, i.e. 2021, 2122 ""YYYYQ1"" = July to September ""YYYYQ2"" = October to December ""YYYYQ3"" = January to March ""YYYYQ4"" = April to June | 6 digit alphanumeric ""YYYYQ1"" = July to September ""YYYYQ2"" = October to December ""YYYYQ3"" = January to March ""YYYYQ4"" = April to June example 2001-02 Q2 ""0102Q2"" | 6 digit alphanumeric YYYY is a financial year, i.e. 2324 ""YYYYQ1"" = July to September ""YYYYQ2"" = October to December ""YYYYQ3"" = January to March ""YYYYQ4"" = April to June | 6 alphanumeric ""YYYYQ1"" = July to September ""YYYYQ2"" = October to December ""YYYYQ3"" = January to March ""YYYYQ4"" = April to June example 2024-25 Q2 ""2425Q2"" | Character YYYYQX where 'X' is the financial year quarter (1 to 4) example: Q1(July, August, September) in 2012/13 = '1213Q1' (pre-BLADE equal to YYYYYYQX, the first four digits are the first year in the financial year followed by the last two digits of the last year in the financial year example: Q1 in 1904/05 = '190405Q1')","2001-02;2002-03;2003-04;2004-05;2005-06;2006-07;2007-08;2008-09;2009-10;2010-11;2011-12;2012-13;2013-14;2014-15;2015-16;2016-17;2017-18;2018-19;2019-20;2020-21;2021-22;2022-23;2023-24;2024-25;2025-26 | 2019-20;2020-21;2021-22;2022-23;2023-24;2024-25;2025-26 | 1996-97;1997-98;1998-99;1999-2000;2000-01;2001-02;2002-03;2003-04;2004-05;2005-06;2006-07;2007-08;2008-09;2009-10;2010-11;2011-12;2012-13;2013-14;2014-15;2015-16;2016-17;2017-18;2018-19;2019-20;2020-21;2021-22;2022-23;2023-24;2024-25;2025-26 | 2014-15;2015-16;2016-17;2017-18;2018-19;2019-20;2020-21;2021-22;2022-23;2023-24;2024-25 | 2023-24 | 2011-12;2012-13;2013-14;2014-15;2015-16;2016-17;2017-18;2018-19;2019-20;2020-21;2021-22;2022-23;2023-24;2024-25 | 2001-02;2002-03;2003-04;2004-05;2005-06;2006-07;2007-08;2008-09;2009-10;2010-11;2011-12;2012-13;2013-14;2014-15;2015-16;2016-17;2017-18;2018-19;2019-20;2020-21;2021-22 | 2022-23;2023-24;2024-25 | 2000-01;2001-02;2002-03;2003-04;2004-05;2005-06;2006-07;2007-08;2008-09;2009-10;2010-11;2011-12;2012-13;2013-14;2014-15;2015-16;2016-17;2017-18;2018-19;2019-20;2020-21;2021-22;2022-23;2023-24;2024-25;2025-26 | 2017-18;2018-19;2019-20;2020-21;2021-22;2022-23;2023-24;2024-25;2025-26 | 2003-04;2004-05;2005-06;2006-07;2007-08;2008-09;2009-10;2010-11;2011-12;2012-13;2013-14;2014-15;2015-16;2016-17;2017-18;2018-19;2019-20;2020-21;2021-22;2022-23;2023-24;2024-25"
"blade","BLADE","blade-table-01-cross-sectional-indicative-data-items","tsid","character",500,0,0,1,"26=500","26","no PLIDA metadata match by dataset+variable","","","Time series ID (last 2 digits of end year in a financial year) | Time series identifier (last 2 digits of end year in a financial year) | Time series ID (last 2 digits of end year in a financial year when application arrived for processing to the IP Australia system) | Time series identifier denoting the financial year in which the data was collected | Time series ID (last 2 digits of end year in a financial year when applicant registered R&D activites) | Time Series Identifier","2 digit numeric example: 2020/2021 = '21' | 2 digit numeric example: 2021/2022 = '22' | 2 digit numeric Example: 2020/2021 = '21' | 2 digit numeric example: 2023/2024 = '24' | 2 digit numeric | 2 digit numeric example: 2018/2019 = '19' | 2 digit numeric example: 2020-21 = '21' | 2 digit numeric example: 2019/2020 = '20'","2001-02;2002-03;2003-04;2004-05;2005-06;2006-07;2007-08;2008-09;2009-10;2010-11;2011-12;2012-13;2013-14;2014-15;2015-16;2016-17;2017-18;2018-19;2019-20;2020-21;2021-22;2022-23;2023-24;2024-25;2025-26 | 2001-02;2002-03;2003-04;2004-05;2005-06;2006-07;2007-08;2008-09;2009-10;2010-11;2011-12;2012-13;2013-14;2014-15;2015-16;2016-17;2017-18;2018-19;2019-20;2020-21 | 2010-11;2011-12;2012-13;2013-14;2014-15;2015-16;2016-17;2017-18;2018-19;2019-20;2020-21 | 2001-02;2002-03;2003-04;2004-05;2005-06;2006-07;2007-08;2008-09;2009-10;2010-11;2011-12;2012-13;2013-14;2014-15;2015-16;2016-17;2017-18;2018-19;2019-20;2020-21;2021-22;2022-23;2023-24;2024-25 | 2001-02;2002-03;2003-04;2004-05;2005-06;2006-07;2007-08;2008-09;2009-10;2010-11;2011-12;2012-13;2013-14;2014-15;2015-16;2016-17;2017-18;2018-19;2019-20;2020-21;2021-22;2022-23 | 2019-20;2020-21;2021-22;2022-23;2023-24;2024-25;2025-26 | 2020-21;2022-23 | 2021-22 | 2008-09;2011-12;2012-13;2014-15;2016-17;2018-19;2020-21;2022-23 | 2016-17;2017-18;2018-19;2019-20;2020-21;2021-22;2022-23;2023-24 | 2008-09;2011-12;2017-18 | 2011-12;2013-14;2017-18;2020-21;2022-23 | 1996-97;1997-98;1998-99;1999-2000;2000-01;2001-02;2002-03;2003-04;2004-05;2005-06;2006-07;2007-08;2008-09;2009-10;2010-11;2011-12;2012-13;2013-14;2014-15;2015-16;2016-17;2017-18;2018-19;2019-20;2020-21;2021-22;2022-23;2023-24;2024-25;2025-26 | 2014-15;2015-16;2016-17;2017-18;2018-19;2019-20;2020-21;2021-22;2022-23;2023-24;2024-25 | 2023-24 | 2011-12;2012-13;2013-14;2014-15;2015-16;2016-17;2017-18;2018-19;2019-20;2020-21;2021-22;2022-23;2023-24;2024-25 | 2001-02;2002-03;2003-04;2004-05;2005-06;2006-07;2007-08;2008-09;2009-10;2010-11;2011-12;2012-13;2013-14;2014-15;2015-16;2016-17;2017-18;2018-19;2019-20;2020-21;2021-22 | 2022-23;2023-24;2024-25 | 2000-01;2001-02;2002-03;2003-04;2004-05;2005-06;2006-07;2007-08;2008-09;2009-10;2010-11;2011-12;2012-13;2013-14;2014-15;2015-16;2016-17;2017-18;2018-19;2019-20;2020-21;2021-22;2022-23;2023-24;2024-25;2025-26 | 2000-01;2001-02;2002-03;2003-04;2004-05;2005-06;2006-07;2007-08;2008-09;2009-10;2010-11;2011-12;2012-13;2013-14;2014-15;2015-16;2016-17;2017-18;2018-19;2019-20;2020-21;2021-22;2022-23 | 2007-08;2008-09;2009-10;2010-11;2011-12;2012-13;2013-14;2014-15;2015-16;2016-17;2017-18;2018-19;2019-20 | 2015-16 | 2011-12;2013-14;2015-16;2017-18;2019-20;2021-22 | 2017-18;2018-19;2019-20;2020-21;2021-22;2022-23;2023-24;2024-25;2025-26 | 2010-11;2015-16;2020-21 | 2003-04;2004-05;2005-06;2006-07;2007-08;2008-09;2009-10;2010-11;2011-12;2012-13;2013-14;2014-15;2015-16;2016-17;2017-18;2018-19;2019-20;2020-21;2021-22;2022-23;2023-24;2024-25 | 2013-14;2014-15;2015-16;2016-17;2017-18;2018-19;2019-20;2020-21 | 2000-01;2001-02;2002-03;2003-04;2004-05;2005-06;2006-07;2007-08;2008-09;2009-10;2010-11;2011-12;2012-13;2013-14;2014-15;2015-16;2016-17;2017-18;2018-19;2019-20 | 2019-20;2020-21;2021-22;2022-23;2023-24;2024-25"
"blade","BLADE","blade-table-01-cross-sectional-indicative-data-items","x_al_st","integer",500,0,0,2,"0 / 1 / 1 / 1 / 1","0; 1","no PLIDA metadata match by dataset+variable","","","Alive status | Cross-sectional Alive status","0 = Dead / Cancelled 1 = Alive / Active 2 = Excluded units: not enough information available to stratify 9 = ABN linked to profiled population | 0 = Dead / Cancelled 1 = Alive / Active 2 = Excluded units: not enough information available to stratify 9 = ATO Client / ABN linked to profiled population . = Unknown or missing","2001-02;2002-03;2003-04;2004-05;2005-06;2006-07;2007-08;2008-09;2009-10;2010-11;2011-12;2012-13;2013-14;2014-15;2015-16;2016-17;2017-18;2018-19;2019-20;2020-21;2021-22;2022-23;2023-24;2024-25;2025-26 | 2001-02;2002-03;2003-04;2004-05;2005-06;2006-07;2007-08;2008-09;2009-10;2010-11;2011-12;2012-13;2013-14;2014-15;2015-16;2016-17;2017-18;2018-19;2019-20;2020-21"
"blade","BLADE","blade-table-01-cross-sectional-indicative-data-items","x_anzsic06","character",500,0,0,228,"8534=17; 8591=17; 8601=16; 8790=16; 8401=15; 8511=15; 8532=15; 8533=15; 8520=13; 8531=13; 3022=5; 7225=5","8534; 8591; 8601; 8790; 8401; 8511; 8532; 8533; 8520; 8531; 3022; 7225; 3030; 3914; 7220; 7224; 1112; 1113; 1116; 1121; 1122; 3015; 3911; 3920; 3921; 3928; 3930; 4516; 4519; 4521","no PLIDA metadata match by dataset+variable","","","Australian and New Zealand Standard Industrial Classification (ANZSIC), 2006","4 digit numeric 0 or 9999 - Unknown or missing","2005-06;2006-07;2007-08;2008-09;2009-10;2010-11;2011-12;2012-13;2013-14;2014-15;2015-16;2016-17;2017-18;2018-19;2019-20;2020-21;2021-22;2022-23;2023-24;2024-25;2025-26"
"blade","BLADE","blade-table-01-cross-sectional-indicative-data-items","x_gst_bn","character",500,0,0,18,"=432; GST0004794=4; GST0004797=4; GST0004809=4; GST0004824=4; GST0004836=4; GST0004839=4; GST0004848=4; GST0004854=4; GST0004863=4; GST0004869=4; GST0004884=4","; GST0004794; GST0004797; GST0004809; GST0004824; GST0004836; GST0004839; GST0004848; GST0004854; GST0004863; GST0004869; GST0004884; GST0004887; GST0004890; GST0004899; GST0004902; GST0004908; GST0004914","no PLIDA metadata match by dataset+variable","","","De-identified lead GST grouped ABN","10 digit alphanumeric Blank = ABN is not part of a GST Group ABNs with a non-missing x_gst_bn value are part of a GST Group. The x_gst_bn ABN value is the representative member that completes activity statements and ccounts for GST on behalf of the whole group. See GST Groups for more information.","2001-02;2002-03;2003-04;2004-05;2005-06;2006-07;2007-08;2008-09;2009-10;2010-11;2011-12;2012-13;2013-14;2014-15;2015-16;2016-17;2017-18;2018-19;2019-20;2020-21;2021-22;2022-23;2023-24;2024-25;2025-26"
"blade","BLADE","blade-table-01-cross-sectional-indicative-data-items","x_gstp","character",500,0,0,4,"1=370; n=50; 0=40; L=40","1; n; 0; L","no PLIDA metadata match by dataset+variable","","","Goods and services tax payer role","n - does not exist 0 - cancelled 1 = active L - Long term non-remitter","2001-02;2002-03;2003-04;2004-05;2005-06;2006-07;2007-08;2008-09;2009-10;2010-11;2011-12;2012-13;2013-14;2014-15;2015-16;2016-17;2017-18;2018-19;2019-20;2020-21;2021-22;2022-23;2023-24;2024-25;2025-26"
"blade","BLADE","blade-table-01-cross-sectional-indicative-data-items","x_itip","character",500,0,0,4,"1=370; n=50; 0=40; L=40","1; n; 0; L","no PLIDA metadata match by dataset+variable","","","Income Tax instalment payer roles","n - does not exist 0 - cancelled 1 = active L - Long term non-remitter","2001-02;2002-03;2003-04;2004-05;2005-06;2006-07;2007-08;2008-09;2009-10;2010-11;2011-12;2012-13;2013-14;2014-15;2015-16;2016-17;2017-18;2018-19;2019-20;2020-21;2021-22;2022-23;2023-24;2024-25;2025-26"
"blade","BLADE","blade-table-01-cross-sectional-indicative-data-items","x_itw","character",500,0,0,4,"1=370; n=50; 0=40; L=40","1; n; 0; L","no PLIDA metadata match by dataset+variable","","","Income Tax Withholiding roles","n - does not exist 0 - cancelled 1 = active L - Long term non-remitter","2001-02;2002-03;2003-04;2004-05;2005-06;2006-07;2007-08;2008-09;2009-10;2010-11;2011-12;2012-13;2013-14;2014-15;2015-16;2016-17;2017-18;2018-19;2019-20;2020-21;2021-22;2022-23;2023-24;2024-25;2025-26"
"blade","BLADE","blade-table-01-cross-sectional-indicative-data-items","x_npi","integer",500,0,0,2,"1 / 2 / 2 / 2 / 2","1; 2","no PLIDA metadata match by dataset+variable","","","Non Profit Institution flag","1 = non profit institution 2 = other institution 9 = not determined","2001-02;2002-03;2003-04;2004-05;2005-06;2006-07;2007-08;2008-09;2009-10;2010-11;2011-12;2012-13;2013-14;2014-15;2015-16;2016-17;2017-18;2018-19;2019-20;2020-21;2021-22;2022-23;2023-24;2024-25;2025-26"
"blade","BLADE","blade-table-01-cross-sectional-indicative-data-items","x_pcode","character",500,0,0,433,"2538=3; 2618=3; 2635=3; 2990=3; 2348=2; 2377=2; 2392=2; 2393=2; 2397=2; 2409=2; 2425=2; 2427=2","2538; 2618; 2635; 2990; 2348; 2377; 2392; 2393; 2397; 2409; 2425; 2427; 2434; 2439; 2494; 2497; 2503; 2520; 2537; 2552; 2567; 2574; 2577; 2599; 2616; 2625; 2626; 2627; 2636; 2641","no PLIDA metadata match by dataset+variable","","","Postcode","4 digit numeric","2001-02;2002-03;2003-04;2004-05;2005-06;2006-07;2007-08;2008-09;2009-10;2010-11;2011-12;2012-13;2013-14;2014-15;2015-16;2016-17;2017-18;2018-19;2019-20;2020-21;2021-22;2022-23;2023-24;2024-25;2025-26"
"blade","BLADE","blade-table-01-cross-sectional-indicative-data-items","x_sector","integer",500,0,0,2,"1 / 1 / 1 / 1 / 2","1; 2","no PLIDA metadata match by dataset+variable","","","Private/Public indicator","1 = private 2 = public 9 = not determined","2001-02;2002-03;2003-04;2004-05;2005-06;2006-07;2007-08;2008-09;2009-10;2010-11;2011-12;2012-13;2013-14;2014-15;2015-16;2016-17;2017-18;2018-19;2019-20;2020-21;2021-22;2022-23;2023-24;2024-25;2025-26"
"blade","BLADE","blade-table-01-cross-sectional-indicative-data-items","x_sisca08","character",500,0,0,3,"1009=437; 3000=38; 1001=25","1009; 3000; 1001","no PLIDA metadata match by dataset+variable","","","Standard Institutional Sector Classification of Australia (SISCA) 2008","0 - Unknown or missing","2008-09;2009-10;2010-11;2011-12;2012-13;2013-14;2014-15;2015-16;2016-17;2017-18;2018-19;2019-20;2020-21;2021-22;2022-23;2023-24;2024-25;2025-26"
"blade","BLADE","blade-table-01-cross-sectional-indicative-data-items","x_sisca93","character",500,0,0,3,"1009=437; 3000=38; 1001=25","1009; 3000; 1001","no PLIDA metadata match by dataset+variable","","","Standard Institutional Sector Classification of Australia (SISCA) 1993","0 - Unknown or missing","2001-02;2002-03;2003-04;2004-05"
"blade","BLADE","blade-table-01-cross-sectional-indicative-data-items","x_st_op","character",500,0,0,500,"010000001=1; 010000003=1; 010000010=1; 010000012=1; 010000022=1; 010000024=1; 010000027=1; 010000030=1; 010000035=1; 010000038=1; 010000042=1; 010000044=1","010000001; 010000003; 010000010; 010000012; 010000022; 010000024; 010000027; 010000030; 010000035; 010000038; 010000042; 010000044; 010000045; 010000052; 010000053; 010000060; 010000062; 010000064; 010000067; 010000070; 010000072; 010000073; 010000074; 010000075; 010000077; 010000084; 010000085; 010000094; 010000095; 010000096","no PLIDA metadata match by dataset+variable","","","States of operation","9 digit numeric category States of operation. e.g. - '100050780' operates in NSW,WA,NT,ACT Profiled population: stored and maintained at TAU level, Non-profiled population: from ABN registration data 1 - NSW 2 - Victoria 3 - Queensland 4 - South Australia 5 - Western Australia 6 - Tasmania 7 - Northern Territory 8 - Australian Capital Territory","2001-02;2002-03;2003-04;2004-05;2005-06;2006-07;2007-08;2008-09;2009-10;2010-11;2011-12;2012-13;2013-14;2014-15;2015-16;2016-17;2017-18;2018-19;2019-20;2020-21;2021-22;2022-23;2023-24;2024-25;2025-26"
"blade","BLADE","blade-table-01-cross-sectional-indicative-data-items","x_state","integer",500,0,0,8,"1 / 1 / 2 / 4 / 8","1; 2; 3; 4; 5; 6; 7; 8","no PLIDA metadata match by dataset+variable","","","State","0 - Unknown or missing","2001-02;2002-03;2003-04;2004-05;2005-06;2006-07;2007-08;2008-09;2009-10;2010-11;2011-12;2012-13;2013-14;2014-15;2015-16;2016-17;2017-18;2018-19;2019-20;2020-21;2021-22;2022-23;2023-24;2024-25;2025-26"
"blade","BLADE","blade-table-01-cross-sectional-indicative-data-items","x_tolo","integer",500,0,0,3,"1 / 1 / 3 / 4 / 4","1; 3; 4","no PLIDA metadata match by dataset+variable","","","Type of Legal Organisation (TOLO)","Profiled Population","2001-02;2002-03;2003-04;2004-05;2005-06;2006-07;2007-08;2008-09;2009-10;2010-11;2011-12;2012-13;2013-14;2014-15;2015-16;2016-17;2017-18;2018-19;2019-20;2020-21;2021-22;2022-23;2023-24;2024-25;2025-26"
"blade","BLADE","blade-table-04-business-activity-statement-bas","a_it_w_amt","numeric",500,0,0,499,"417.430 / 2381.490 / 3155.255 / 3942.138 / 8415.190","","no PLIDA metadata match by dataset+variable","","","Amount withheld from payment of invoices where no ABN is quoted","Numeric ($)","2001-02;2002-03;2003-04;2004-05;2005-06;2006-07;2007-08;2008-09;2009-10;2010-11;2011-12;2012-13;2013-14;2014-15;2015-16;2016-17;2017-18;2018-19;2019-20;2020-21;2021-22;2022-23;2023-24;2024-25;2025-26"
"blade","BLADE","blade-table-04-business-activity-statement-bas","bas_version","character",500,0,0,1,"in101_v1=500","in101_v1","no PLIDA metadata match by dataset+variable","","","Integration version (internal ABS reference)","8 digit alphanumeric example: ""in140_v1""","2001-02;2002-03;2003-04;2004-05;2005-06;2006-07;2007-08;2008-09;2009-10;2010-11;2011-12;2012-13;2013-14;2014-15;2015-16;2016-17;2017-18;2018-19;2019-20;2020-21;2021-22;2022-23;2023-24;2024-25;2025-26"
"blade","BLADE","blade-table-04-business-activity-statement-bas","bn","character",500,0,0,500,"BN00001651499=1; BN00002651502=1; BN00003651505=1; BN00004651508=1; BN00005651511=1; BN00006651514=1; BN00007651517=1; BN00008651520=1; BN00009651523=1; BN00010651526=1; BN00011651529=1; BN00012651532=1","BN00001651499; BN00002651502; BN00003651505; BN00004651508; BN00005651511; BN00006651514; BN00007651517; BN00008651520; BN00009651523; BN00010651526; BN00011651529; BN00012651532; BN00013651535; BN00014651538; BN00015651541; BN00016651544; BN00017651547; BN00018651550; BN00019651553; BN00020651556; BN00021651559; BN00022651562; BN00023651565; BN00024651568; BN00025651571; BN00026651574; BN00027651577; BN00028651580; BN00029651583; BN00030651586","no PLIDA metadata match by dataset+variable","","","bn - deidentified ABN | Identifier - deidentified ABN | Identifier bn - deidentified ABN | De-identified ABN | Deidentified abn | Deidentified ABN | Identifier - deidentifed ABN | Identifier - deidentified abn | Identifier - deidentified ABN (Australian Business Number)","10 digit alphanumeric | 10 alphanumeric | 10 alphanumeric categorical | 10 digit alphanumeric Unknown = 9999999999","2001-02;2002-03;2003-04;2004-05;2005-06;2006-07;2007-08;2008-09;2009-10;2010-11;2011-12;2012-13;2013-14;2014-15;2015-16;2016-17;2017-18;2018-19;2019-20;2020-21;2021-22;2022-23;2023-24;2024-25;2025-26 | 2010-11;2011-12;2012-13;2013-14;2014-15;2015-16;2016-17;2017-18;2018-19;2019-20;2020-21 | 2001-02;2002-03;2003-04;2004-05;2005-06;2006-07;2007-08;2008-09;2009-10;2010-11;2011-12;2012-13;2013-14;2014-15;2015-16;2016-17;2017-18;2018-19;2019-20;2020-21;2021-22;2022-23;2023-24;2024-25 | 2001-02;2002-03;2003-04;2004-05;2005-06;2006-07;2007-08;2008-09;2009-10;2010-11;2011-12;2012-13;2013-14;2014-15;2015-16;2016-17;2017-18;2018-19;2019-20;2020-21;2021-22;2022-23 | 2019-20;2020-21;2021-22;2022-23;2023-24;2024-25;2025-26 | 2001-02;2002-03;2003-04;2004-05;2005-06;2006-07;2007-08;2008-09;2009-10;2010-11;2011-12;2012-13;2013-14;2014-15;2015-16;2016-17;2017-18;2018-19;2019-20;2020-21;2021-22 | 2022-23;2023-24;2024-25 | 2000-01;2001-02;2002-03;2003-04;2004-05;2005-06;2006-07;2007-08;2008-09;2009-10;2010-11;2011-12;2012-13;2013-14;2014-15;2015-16;2016-17;2017-18;2018-19;2019-20;2020-21;2021-22;2022-23 | 2010-11;2015-16;2020-21 | 2003-04;2004-05;2005-06;2006-07;2007-08;2008-09;2009-10;2010-11;2011-12;2012-13;2013-14;2014-15;2015-16;2016-17;2017-18;2018-19;2019-20;2020-21;2021-22;2022-23;2023-24;2024-25 | 2013-14;2014-15;2015-16;2016-17;2017-18;2018-19;2019-20;2020-21 | 2000-01;2001-02;2002-03;2003-04;2004-05;2005-06;2006-07;2007-08;2008-09;2009-10;2010-11;2011-12;2012-13;2013-14;2014-15;2015-16;2016-17;2017-18;2018-19;2019-20 | 2025 | 2019-20;2020-21;2021-22;2022-23;2023-24;2024-25"
"blade","BLADE","blade-table-04-business-activity-statement-bas","capex","numeric",500,0,0,500,"1920.20 / 13974.92 / 19497.58 / 26888.79 / 62272.44","","no PLIDA metadata match by dataset+variable","","","Capital purchases*","Numeric ($)","2001-02;2002-03;2003-04;2004-05;2005-06;2006-07;2007-08;2008-09;2009-10;2010-11;2011-12;2012-13;2013-14;2014-15;2015-16;2016-17;2017-18;2018-19;2019-20;2020-21;2021-22;2022-23;2023-24;2024-25;2025-26"
"blade","BLADE","blade-table-04-business-activity-statement-bas","credit_for_gst_paid","numeric",500,0,0,500,"4925.72 / 26614.88 / 35708.20 / 47569.94 / 122861.84","","no PLIDA metadata match by dataset+variable","","","Goods and services tax (GST) on purchases","Numeric ($)","2001-02;2002-03;2003-04;2004-05;2005-06;2006-07;2007-08;2008-09;2009-10;2010-11;2011-12;2012-13;2013-14;2014-15;2015-16;2016-17;2017-18;2018-19;2019-20;2020-21;2021-22;2022-23;2023-24;2024-25;2025-26"
"blade","BLADE","blade-table-04-business-activity-statement-bas","d_imprt_amt","numeric",500,0,0,500,"2031.43 / 10215.35 / 13831.27 / 18148.65 / 118768.92","","no PLIDA metadata match by dataset+variable","","","Imported goods with GST deferred","Numeric ($)","2001-02;2002-03;2003-04;2004-05;2005-06;2006-07;2007-08;2008-09;2009-10;2010-11;2011-12;2012-13;2013-14;2014-15;2015-16;2016-17;2017-18;2018-19;2019-20;2020-21;2021-22;2022-23;2023-24;2024-25;2025-26"
"blade","BLADE","blade-table-04-business-activity-statement-bas","exports_amt","numeric",500,0,0,500,"3287.62 / 28487.43 / 54522.19 / 87390.36 / 302946.99","","no PLIDA metadata match by dataset+variable","","","Export sales*","Numeric ($)","2001-02;2002-03;2003-04;2004-05;2005-06;2006-07;2007-08;2008-09;2009-10;2010-11;2011-12;2012-13;2013-14;2014-15;2015-16;2016-17;2017-18;2018-19;2019-20;2020-21;2021-22;2022-23;2023-24;2024-25;2025-26"
"blade","BLADE","blade-table-04-business-activity-statement-bas","gst_payable","numeric",500,0,0,500,"7641.16 / 44283.18 / 58445.78 / 72896.88 / 157468.87","","no PLIDA metadata match by dataset+variable","","","Goods and services tax (GST) on sales or GST instalment","Numeric ($)","2001-02;2002-03;2003-04;2004-05;2005-06;2006-07;2007-08;2008-09;2009-10;2010-11;2011-12;2012-13;2013-14;2014-15;2015-16;2016-17;2017-18;2018-19;2019-20;2020-21;2021-22;2022-23;2023-24;2024-25;2025-26"
"blade","BLADE","blade-table-04-business-activity-statement-bas","oexp","numeric",500,0,0,500,"49257.19 / 266148.84 / 357082.00 / 475699.38 / 1228618.35","","no PLIDA metadata match by dataset+variable","","","Non-capital purchases*","Numeric ($)","2001-02;2002-03;2003-04;2004-05;2005-06;2006-07;2007-08;2008-09;2009-10;2010-11;2011-12;2012-13;2013-14;2014-15;2015-16;2016-17;2017-18;2018-19;2019-20;2020-21;2021-22;2022-23;2023-24;2024-25;2025-26"
"blade","BLADE","blade-table-04-business-activity-statement-bas","other_gst_free_sales","numeric",500,0,0,500,"4062.85 / 28487.43 / 54522.19 / 87390.36 / 302946.99","","no PLIDA metadata match by dataset+variable","","","Other GST-free sales*","Numeric ($)","2001-02;2002-03;2003-04;2004-05;2005-06;2006-07;2007-08;2008-09;2009-10;2010-11;2011-12;2012-13;2013-14;2014-15;2015-16;2016-17;2017-18;2018-19;2019-20;2020-21;2021-22;2022-23;2023-24;2024-25;2025-26"
"blade","BLADE","blade-table-04-business-activity-statement-bas","p_wrk_amt","numeric",500,0,0,500,"9272.07 / 49410.20 / 65848.70 / 80528.73 / 158913.54","","no PLIDA metadata match by dataset+variable","","","Amount withheld from salary, wages and other payments","Numeric ($)","2001-02;2002-03;2003-04;2004-05;2005-06;2006-07;2007-08;2008-09;2009-10;2010-11;2011-12;2012-13;2013-14;2014-15;2015-16;2016-17;2017-18;2018-19;2019-20;2020-21;2021-22;2022-23;2023-24;2024-25;2025-26"
"blade","BLADE","blade-table-04-business-activity-statement-bas","payg_tax_withheld","numeric",500,0,0,500,"9272.07 / 49410.20 / 65848.70 / 80528.73 / 158913.54","","no PLIDA metadata match by dataset+variable","","","Pay as you go (PAYG) tax withheld","Numeric ($)","2001-02;2002-03;2003-04;2004-05;2005-06;2006-07;2007-08;2008-09;2009-10;2010-11;2011-12;2012-13;2013-14;2014-15;2015-16;2016-17;2017-18;2018-19;2019-20;2020-21;2021-22;2022-23;2023-24;2024-25;2025-26"
"blade","BLADE","blade-table-04-business-activity-statement-bas","quarter","character",500,0,0,1,"2526Q4=500","2526Q4","no PLIDA metadata match by dataset+variable","","","Quarter | Financial year quarter data is in reference to** | The quarter of the financial year - derived | Reference Period | The quarter of the SITS record | Quarter of the financial year | The quarter of the JVS record | The quarter of the location record | The quarter of the insolvency appointment | Financial year quarter data is in reference to","6 digit alphanumeric YYYY is a financial year, i.e. 2021, 2122 ""YYYYQ1"" = July to September ""YYYYQ2"" = October to December ""YYYYQ3"" = January to March ""YYYYQ4"" = April to June | 4 digit alphanumeric YYYY is a financial year, i.e. 2021, 2122 ""YYYYQ1"" = July to September ""YYYYQ2"" = October to December ""YYYYQ3"" = January to March ""YYYYQ4"" = April to June | 6 digit alphanumeric ""YYYYQ1"" = July to September ""YYYYQ2"" = October to December ""YYYYQ3"" = January to March ""YYYYQ4"" = April to June example 2001-02 Q2 ""0102Q2"" | 6 digit alphanumeric YYYY is a financial year, i.e. 2324 ""YYYYQ1"" = July to September ""YYYYQ2"" = October to December ""YYYYQ3"" = January to March ""YYYYQ4"" = April to June | 6 alphanumeric ""YYYYQ1"" = July to September ""YYYYQ2"" = October to December ""YYYYQ3"" = January to March ""YYYYQ4"" = April to June example 2024-25 Q2 ""2425Q2"" | Character YYYYQX where 'X' is the financial year quarter (1 to 4) example: Q1(July, August, September) in 2012/13 = '1213Q1' (pre-BLADE equal to YYYYYYQX, the first four digits are the first year in the financial year followed by the last two digits of the last year in the financial year example: Q1 in 1904/05 = '190405Q1')","2001-02;2002-03;2003-04;2004-05;2005-06;2006-07;2007-08;2008-09;2009-10;2010-11;2011-12;2012-13;2013-14;2014-15;2015-16;2016-17;2017-18;2018-19;2019-20;2020-21;2021-22;2022-23;2023-24;2024-25;2025-26 | 2019-20;2020-21;2021-22;2022-23;2023-24;2024-25;2025-26 | 1996-97;1997-98;1998-99;1999-2000;2000-01;2001-02;2002-03;2003-04;2004-05;2005-06;2006-07;2007-08;2008-09;2009-10;2010-11;2011-12;2012-13;2013-14;2014-15;2015-16;2016-17;2017-18;2018-19;2019-20;2020-21;2021-22;2022-23;2023-24;2024-25;2025-26 | 2014-15;2015-16;2016-17;2017-18;2018-19;2019-20;2020-21;2021-22;2022-23;2023-24;2024-25 | 2023-24 | 2011-12;2012-13;2013-14;2014-15;2015-16;2016-17;2017-18;2018-19;2019-20;2020-21;2021-22;2022-23;2023-24;2024-25 | 2001-02;2002-03;2003-04;2004-05;2005-06;2006-07;2007-08;2008-09;2009-10;2010-11;2011-12;2012-13;2013-14;2014-15;2015-16;2016-17;2017-18;2018-19;2019-20;2020-21;2021-22 | 2022-23;2023-24;2024-25 | 2000-01;2001-02;2002-03;2003-04;2004-05;2005-06;2006-07;2007-08;2008-09;2009-10;2010-11;2011-12;2012-13;2013-14;2014-15;2015-16;2016-17;2017-18;2018-19;2019-20;2020-21;2021-22;2022-23;2023-24;2024-25;2025-26 | 2017-18;2018-19;2019-20;2020-21;2021-22;2022-23;2023-24;2024-25;2025-26 | 2003-04;2004-05;2005-06;2006-07;2007-08;2008-09;2009-10;2010-11;2011-12;2012-13;2013-14;2014-15;2015-16;2016-17;2017-18;2018-19;2019-20;2020-21;2021-22;2022-23;2023-24;2024-25"
"blade","BLADE","blade-table-04-business-activity-statement-bas","t_it_w_amt","numeric",500,0,0,499,"250.460 / 1428.895 / 1893.150 / 2365.280 / 5049.120","","no PLIDA metadata match by dataset+variable","","","Amount withheld from investment distributions where no TFN is quoted","Numeric ($)","2001-02;2002-03;2003-04;2004-05;2005-06;2006-07;2007-08;2008-09;2009-10;2010-11;2011-12;2012-13;2013-14;2014-15;2015-16;2016-17;2017-18;2018-19;2019-20;2020-21;2021-22;2022-23;2023-24;2024-25;2025-26"
"blade","BLADE","blade-table-04-business-activity-statement-bas","tot_expenses","numeric",500,0,0,500,"51177.39 / 281523.34 / 377208.31 / 499906.89 / 1290890.79","","no PLIDA metadata match by dataset+variable","","","Total Expenditure (capex + oexp, excluding GST)","Numeric ($)","2001-02;2002-03;2003-04;2004-05;2005-06;2006-07;2007-08;2008-09;2009-10;2010-11;2011-12;2012-13;2013-14;2014-15;2015-16;2016-17;2017-18;2018-19;2019-20;2020-21;2021-22;2022-23;2023-24;2024-25;2025-26"
"blade","BLADE","blade-table-04-business-activity-statement-bas","tsid","character",500,0,0,1,"26=500","26","no PLIDA metadata match by dataset+variable","","","Time series ID (last 2 digits of end year in a financial year) | Time series identifier (last 2 digits of end year in a financial year) | Time series ID (last 2 digits of end year in a financial year when application arrived for processing to the IP Australia system) | Time series identifier denoting the financial year in which the data was collected | Time series ID (last 2 digits of end year in a financial year when applicant registered R&D activites) | Time Series Identifier","2 digit numeric example: 2020/2021 = '21' | 2 digit numeric example: 2021/2022 = '22' | 2 digit numeric Example: 2020/2021 = '21' | 2 digit numeric example: 2023/2024 = '24' | 2 digit numeric | 2 digit numeric example: 2018/2019 = '19' | 2 digit numeric example: 2020-21 = '21' | 2 digit numeric example: 2019/2020 = '20'","2001-02;2002-03;2003-04;2004-05;2005-06;2006-07;2007-08;2008-09;2009-10;2010-11;2011-12;2012-13;2013-14;2014-15;2015-16;2016-17;2017-18;2018-19;2019-20;2020-21;2021-22;2022-23;2023-24;2024-25;2025-26 | 2001-02;2002-03;2003-04;2004-05;2005-06;2006-07;2007-08;2008-09;2009-10;2010-11;2011-12;2012-13;2013-14;2014-15;2015-16;2016-17;2017-18;2018-19;2019-20;2020-21 | 2010-11;2011-12;2012-13;2013-14;2014-15;2015-16;2016-17;2017-18;2018-19;2019-20;2020-21 | 2001-02;2002-03;2003-04;2004-05;2005-06;2006-07;2007-08;2008-09;2009-10;2010-11;2011-12;2012-13;2013-14;2014-15;2015-16;2016-17;2017-18;2018-19;2019-20;2020-21;2021-22;2022-23;2023-24;2024-25 | 2001-02;2002-03;2003-04;2004-05;2005-06;2006-07;2007-08;2008-09;2009-10;2010-11;2011-12;2012-13;2013-14;2014-15;2015-16;2016-17;2017-18;2018-19;2019-20;2020-21;2021-22;2022-23 | 2019-20;2020-21;2021-22;2022-23;2023-24;2024-25;2025-26 | 2020-21;2022-23 | 2021-22 | 2008-09;2011-12;2012-13;2014-15;2016-17;2018-19;2020-21;2022-23 | 2016-17;2017-18;2018-19;2019-20;2020-21;2021-22;2022-23;2023-24 | 2008-09;2011-12;2017-18 | 2011-12;2013-14;2017-18;2020-21;2022-23 | 1996-97;1997-98;1998-99;1999-2000;2000-01;2001-02;2002-03;2003-04;2004-05;2005-06;2006-07;2007-08;2008-09;2009-10;2010-11;2011-12;2012-13;2013-14;2014-15;2015-16;2016-17;2017-18;2018-19;2019-20;2020-21;2021-22;2022-23;2023-24;2024-25;2025-26 | 2014-15;2015-16;2016-17;2017-18;2018-19;2019-20;2020-21;2021-22;2022-23;2023-24;2024-25 | 2023-24 | 2011-12;2012-13;2013-14;2014-15;2015-16;2016-17;2017-18;2018-19;2019-20;2020-21;2021-22;2022-23;2023-24;2024-25 | 2001-02;2002-03;2003-04;2004-05;2005-06;2006-07;2007-08;2008-09;2009-10;2010-11;2011-12;2012-13;2013-14;2014-15;2015-16;2016-17;2017-18;2018-19;2019-20;2020-21;2021-22 | 2022-23;2023-24;2024-25 | 2000-01;2001-02;2002-03;2003-04;2004-05;2005-06;2006-07;2007-08;2008-09;2009-10;2010-11;2011-12;2012-13;2013-14;2014-15;2015-16;2016-17;2017-18;2018-19;2019-20;2020-21;2021-22;2022-23;2023-24;2024-25;2025-26 | 2000-01;2001-02;2002-03;2003-04;2004-05;2005-06;2006-07;2007-08;2008-09;2009-10;2010-11;2011-12;2012-13;2013-14;2014-15;2015-16;2016-17;2017-18;2018-19;2019-20;2020-21;2021-22;2022-23 | 2007-08;2008-09;2009-10;2010-11;2011-12;2012-13;2013-14;2014-15;2015-16;2016-17;2017-18;2018-19;2019-20 | 2015-16 | 2011-12;2013-14;2015-16;2017-18;2019-20;2021-22 | 2017-18;2018-19;2019-20;2020-21;2021-22;2022-23;2023-24;2024-25;2025-26 | 2010-11;2015-16;2020-21 | 2003-04;2004-05;2005-06;2006-07;2007-08;2008-09;2009-10;2010-11;2011-12;2012-13;2013-14;2014-15;2015-16;2016-17;2017-18;2018-19;2019-20;2020-21;2021-22;2022-23;2023-24;2024-25 | 2013-14;2014-15;2015-16;2016-17;2017-18;2018-19;2019-20;2020-21 | 2000-01;2001-02;2002-03;2003-04;2004-05;2005-06;2006-07;2007-08;2008-09;2009-10;2010-11;2011-12;2012-13;2013-14;2014-15;2015-16;2016-17;2017-18;2018-19;2019-20 | 2019-20;2020-21;2021-22;2022-23;2023-24;2024-25"
"blade","BLADE","blade-table-04-business-activity-statement-bas","turnover","numeric",500,0,0,500,"83486.76 / 476297.47 / 631050.41 / 788427.64 / 1683038.83","","no PLIDA metadata match by dataset+variable","","","Total sales (excludes GST)","Numeric ($)","2001-02;2002-03;2003-04;2004-05;2005-06;2006-07;2007-08;2008-09;2009-10;2010-11;2011-12;2012-13;2013-14;2014-15;2015-16;2016-17;2017-18;2018-19;2019-20;2020-21;2021-22;2022-23;2023-24;2024-25;2025-26"
"blade","BLADE","blade-table-04-business-activity-statement-bas","wages","numeric",500,0,0,500,"48090.78 / 246940.38 / 325046.07 / 398066.11 / 789799.34","","no PLIDA metadata match by dataset+variable","","","Total salary, wages and other payments","Numeric ($)","2001-02;2002-03;2003-04;2004-05;2005-06;2006-07;2007-08;2008-09;2009-10;2010-11;2011-12;2012-13;2013-14;2014-15;2015-16;2016-17;2017-18;2018-19;2019-20;2020-21;2021-22;2022-23;2023-24;2024-25;2025-26"
"blade","BLADE","blade-table-05-pay-as-you-go-payg","bn","character",500,0,0,500,"BN00001651499=1; BN00002651502=1; BN00003651505=1; BN00004651508=1; BN00005651511=1; BN00006651514=1; BN00007651517=1; BN00008651520=1; BN00009651523=1; BN00010651526=1; BN00011651529=1; BN00012651532=1","BN00001651499; BN00002651502; BN00003651505; BN00004651508; BN00005651511; BN00006651514; BN00007651517; BN00008651520; BN00009651523; BN00010651526; BN00011651529; BN00012651532; BN00013651535; BN00014651538; BN00015651541; BN00016651544; BN00017651547; BN00018651550; BN00019651553; BN00020651556; BN00021651559; BN00022651562; BN00023651565; BN00024651568; BN00025651571; BN00026651574; BN00027651577; BN00028651580; BN00029651583; BN00030651586","no PLIDA metadata match by dataset+variable","","","bn - deidentified ABN | Identifier - deidentified ABN | Identifier bn - deidentified ABN | De-identified ABN | Deidentified abn | Deidentified ABN | Identifier - deidentifed ABN | Identifier - deidentified abn | Identifier - deidentified ABN (Australian Business Number)","10 digit alphanumeric | 10 alphanumeric | 10 alphanumeric categorical | 10 digit alphanumeric Unknown = 9999999999","2001-02;2002-03;2003-04;2004-05;2005-06;2006-07;2007-08;2008-09;2009-10;2010-11;2011-12;2012-13;2013-14;2014-15;2015-16;2016-17;2017-18;2018-19;2019-20;2020-21;2021-22;2022-23;2023-24;2024-25;2025-26 | 2010-11;2011-12;2012-13;2013-14;2014-15;2015-16;2016-17;2017-18;2018-19;2019-20;2020-21 | 2001-02;2002-03;2003-04;2004-05;2005-06;2006-07;2007-08;2008-09;2009-10;2010-11;2011-12;2012-13;2013-14;2014-15;2015-16;2016-17;2017-18;2018-19;2019-20;2020-21;2021-22;2022-23;2023-24;2024-25 | 2001-02;2002-03;2003-04;2004-05;2005-06;2006-07;2007-08;2008-09;2009-10;2010-11;2011-12;2012-13;2013-14;2014-15;2015-16;2016-17;2017-18;2018-19;2019-20;2020-21;2021-22;2022-23 | 2019-20;2020-21;2021-22;2022-23;2023-24;2024-25;2025-26 | 2001-02;2002-03;2003-04;2004-05;2005-06;2006-07;2007-08;2008-09;2009-10;2010-11;2011-12;2012-13;2013-14;2014-15;2015-16;2016-17;2017-18;2018-19;2019-20;2020-21;2021-22 | 2022-23;2023-24;2024-25 | 2000-01;2001-02;2002-03;2003-04;2004-05;2005-06;2006-07;2007-08;2008-09;2009-10;2010-11;2011-12;2012-13;2013-14;2014-15;2015-16;2016-17;2017-18;2018-19;2019-20;2020-21;2021-22;2022-23 | 2010-11;2015-16;2020-21 | 2003-04;2004-05;2005-06;2006-07;2007-08;2008-09;2009-10;2010-11;2011-12;2012-13;2013-14;2014-15;2015-16;2016-17;2017-18;2018-19;2019-20;2020-21;2021-22;2022-23;2023-24;2024-25 | 2013-14;2014-15;2015-16;2016-17;2017-18;2018-19;2019-20;2020-21 | 2000-01;2001-02;2002-03;2003-04;2004-05;2005-06;2006-07;2007-08;2008-09;2009-10;2010-11;2011-12;2012-13;2013-14;2014-15;2015-16;2016-17;2017-18;2018-19;2019-20 | 2025 | 2019-20;2020-21;2021-22;2022-23;2023-24;2024-25"
"blade","BLADE","blade-table-05-pay-as-you-go-payg","fte","numeric",500,0,0,56,"0.0 / 3.5 / 4.1 / 4.6 / 7.7","","no PLIDA metadata match by dataset+variable","","","Full Time Equivalent - Derived","Numeric . = No PAYG data","2001-02;2002-03;2003-04;2004-05;2005-06;2006-07;2007-08;2008-09;2009-10;2010-11;2011-12;2012-13;2013-14;2014-15;2015-16;2016-17;2017-18;2018-19;2019-20;2020-21;2021-22;2022-23;2023-24;2024-25"
"blade","BLADE","blade-table-05-pay-as-you-go-payg","hcnt","integer",500,0,0,10,"0 / 4 / 5 / 6 / 9","0; 1; 2; 3; 4; 5; 6; 7; 8; 9","no PLIDA metadata match by dataset+variable","","","Headcount","Numeric . = No PAYG data","2001-02;2002-03;2003-04;2004-05;2005-06;2006-07;2007-08;2008-09;2009-10;2010-11;2011-12;2012-13;2013-14;2014-15;2015-16;2016-17;2017-18;2018-19;2019-20;2020-21;2021-22;2022-23;2023-24;2024-25"
"blade","BLADE","blade-table-05-pay-as-you-go-payg","payg_version","character",500,0,0,1,"in109_v1=500","in109_v1","no PLIDA metadata match by dataset+variable","","","Integration version (internal ABS reference)","8 digit alphanumeric","2001-02;2002-03;2003-04;2004-05;2005-06;2006-07;2007-08;2008-09;2009-10;2010-11;2011-12;2012-13;2013-14;2014-15;2015-16;2016-17;2017-18;2018-19;2019-20;2020-21;2021-22;2022-23;2023-24;2024-25"
"blade","BLADE","blade-table-05-pay-as-you-go-payg","tsid","character",500,0,0,1,"26=500","26","no PLIDA metadata match by dataset+variable","","","Time series ID (last 2 digits of end year in a financial year) | Time series identifier (last 2 digits of end year in a financial year) | Time series ID (last 2 digits of end year in a financial year when application arrived for processing to the IP Australia system) | Time series identifier denoting the financial year in which the data was collected | Time series ID (last 2 digits of end year in a financial year when applicant registered R&D activites) | Time Series Identifier","2 digit numeric example: 2020/2021 = '21' | 2 digit numeric example: 2021/2022 = '22' | 2 digit numeric Example: 2020/2021 = '21' | 2 digit numeric example: 2023/2024 = '24' | 2 digit numeric | 2 digit numeric example: 2018/2019 = '19' | 2 digit numeric example: 2020-21 = '21' | 2 digit numeric example: 2019/2020 = '20'","2001-02;2002-03;2003-04;2004-05;2005-06;2006-07;2007-08;2008-09;2009-10;2010-11;2011-12;2012-13;2013-14;2014-15;2015-16;2016-17;2017-18;2018-19;2019-20;2020-21;2021-22;2022-23;2023-24;2024-25;2025-26 | 2001-02;2002-03;2003-04;2004-05;2005-06;2006-07;2007-08;2008-09;2009-10;2010-11;2011-12;2012-13;2013-14;2014-15;2015-16;2016-17;2017-18;2018-19;2019-20;2020-21 | 2010-11;2011-12;2012-13;2013-14;2014-15;2015-16;2016-17;2017-18;2018-19;2019-20;2020-21 | 2001-02;2002-03;2003-04;2004-05;2005-06;2006-07;2007-08;2008-09;2009-10;2010-11;2011-12;2012-13;2013-14;2014-15;2015-16;2016-17;2017-18;2018-19;2019-20;2020-21;2021-22;2022-23;2023-24;2024-25 | 2001-02;2002-03;2003-04;2004-05;2005-06;2006-07;2007-08;2008-09;2009-10;2010-11;2011-12;2012-13;2013-14;2014-15;2015-16;2016-17;2017-18;2018-19;2019-20;2020-21;2021-22;2022-23 | 2019-20;2020-21;2021-22;2022-23;2023-24;2024-25;2025-26 | 2020-21;2022-23 | 2021-22 | 2008-09;2011-12;2012-13;2014-15;2016-17;2018-19;2020-21;2022-23 | 2016-17;2017-18;2018-19;2019-20;2020-21;2021-22;2022-23;2023-24 | 2008-09;2011-12;2017-18 | 2011-12;2013-14;2017-18;2020-21;2022-23 | 1996-97;1997-98;1998-99;1999-2000;2000-01;2001-02;2002-03;2003-04;2004-05;2005-06;2006-07;2007-08;2008-09;2009-10;2010-11;2011-12;2012-13;2013-14;2014-15;2015-16;2016-17;2017-18;2018-19;2019-20;2020-21;2021-22;2022-23;2023-24;2024-25;2025-26 | 2014-15;2015-16;2016-17;2017-18;2018-19;2019-20;2020-21;2021-22;2022-23;2023-24;2024-25 | 2023-24 | 2011-12;2012-13;2013-14;2014-15;2015-16;2016-17;2017-18;2018-19;2019-20;2020-21;2021-22;2022-23;2023-24;2024-25 | 2001-02;2002-03;2003-04;2004-05;2005-06;2006-07;2007-08;2008-09;2009-10;2010-11;2011-12;2012-13;2013-14;2014-15;2015-16;2016-17;2017-18;2018-19;2019-20;2020-21;2021-22 | 2022-23;2023-24;2024-25 | 2000-01;2001-02;2002-03;2003-04;2004-05;2005-06;2006-07;2007-08;2008-09;2009-10;2010-11;2011-12;2012-13;2013-14;2014-15;2015-16;2016-17;2017-18;2018-19;2019-20;2020-21;2021-22;2022-23;2023-24;2024-25;2025-26 | 2000-01;2001-02;2002-03;2003-04;2004-05;2005-06;2006-07;2007-08;2008-09;2009-10;2010-11;2011-12;2012-13;2013-14;2014-15;2015-16;2016-17;2017-18;2018-19;2019-20;2020-21;2021-22;2022-23 | 2007-08;2008-09;2009-10;2010-11;2011-12;2012-13;2013-14;2014-15;2015-16;2016-17;2017-18;2018-19;2019-20 | 2015-16 | 2011-12;2013-14;2015-16;2017-18;2019-20;2021-22 | 2017-18;2018-19;2019-20;2020-21;2021-22;2022-23;2023-24;2024-25;2025-26 | 2010-11;2015-16;2020-21 | 2003-04;2004-05;2005-06;2006-07;2007-08;2008-09;2009-10;2010-11;2011-12;2012-13;2013-14;2014-15;2015-16;2016-17;2017-18;2018-19;2019-20;2020-21;2021-22;2022-23;2023-24;2024-25 | 2013-14;2014-15;2015-16;2016-17;2017-18;2018-19;2019-20;2020-21 | 2000-01;2001-02;2002-03;2003-04;2004-05;2005-06;2006-07;2007-08;2008-09;2009-10;2010-11;2011-12;2012-13;2013-14;2014-15;2015-16;2016-17;2017-18;2018-19;2019-20 | 2019-20;2020-21;2021-22;2022-23;2023-24;2024-25"
"blade","BLADE","blade-table-06-business-income-tax-bit","bit_comp_yyyy","integer",500,0,0,1,"2023 / 2023 / 2023 / 2023 / 2023","2023","no PLIDA metadata match by dataset+variable","","","BIT Company - Flag","1 - BIT Company data exists","2001-02;2002-03;2003-04;2004-05;2005-06;2006-07;2007-08;2008-09;2009-10;2010-11;2011-12;2012-13;2013-14;2014-15;2015-16;2016-17;2017-18;2018-19;2019-20;2020-21;2021-22;2022-23"
"blade","BLADE","blade-table-06-business-income-tax-bit","bit_ind_yyyy","integer",500,0,0,1,"2023 / 2023 / 2023 / 2023 / 2023","2023","no PLIDA metadata match by dataset+variable","","","BIT Individual - Flag","1 - BIT Individual data exists","2001-02;2002-03;2003-04;2004-05;2005-06;2006-07;2007-08;2008-09;2009-10;2010-11;2011-12;2012-13;2013-14;2014-15;2015-16;2016-17;2017-18;2018-19;2019-20;2020-21;2021-22;2022-23"
"blade","BLADE","blade-table-06-business-income-tax-bit","bit_part_yyyy","integer",500,0,0,1,"2023 / 2023 / 2023 / 2023 / 2023","2023","no PLIDA metadata match by dataset+variable","","","BIT Partnership - Flag","1 - BIT Partnership data exists","2001-02;2002-03;2003-04;2004-05;2005-06;2006-07;2007-08;2008-09;2009-10;2010-11;2011-12;2012-13;2013-14;2014-15;2015-16;2016-17;2017-18;2018-19;2019-20;2020-21;2021-22;2022-23"
"blade","BLADE","blade-table-06-business-income-tax-bit","bit_trust_yyyy","integer",500,0,0,1,"2023 / 2023 / 2023 / 2023 / 2023","2023","no PLIDA metadata match by dataset+variable","","","BIT Trust - Flag","1 - BIT Trust data exists","2001-02;2002-03;2003-04;2004-05;2005-06;2006-07;2007-08;2008-09;2009-10;2010-11;2011-12;2012-13;2013-14;2014-15;2015-16;2016-17;2017-18;2018-19;2019-20;2020-21;2021-22;2022-23"
"blade","BLADE","blade-table-06-business-income-tax-bit","bit_version","character",500,0,0,1,"in117_v1=500","in117_v1","no PLIDA metadata match by dataset+variable","","","Integration version (internal ABS reference)","8 digit alphanumeric example: ""in146_v1""","2001-02;2002-03;2003-04;2004-05;2005-06;2006-07;2007-08;2008-09;2009-10;2010-11;2011-12;2012-13;2013-14;2014-15;2015-16;2016-17;2017-18;2018-19;2019-20;2020-21;2021-22;2022-23"
"blade","BLADE","blade-table-06-business-income-tax-bit","bn","character",500,0,0,500,"BN00001651499=1; BN00002651502=1; BN00003651505=1; BN00004651508=1; BN00005651511=1; BN00006651514=1; BN00007651517=1; BN00008651520=1; BN00009651523=1; BN00010651526=1; BN00011651529=1; BN00012651532=1","BN00001651499; BN00002651502; BN00003651505; BN00004651508; BN00005651511; BN00006651514; BN00007651517; BN00008651520; BN00009651523; BN00010651526; BN00011651529; BN00012651532; BN00013651535; BN00014651538; BN00015651541; BN00016651544; BN00017651547; BN00018651550; BN00019651553; BN00020651556; BN00021651559; BN00022651562; BN00023651565; BN00024651568; BN00025651571; BN00026651574; BN00027651577; BN00028651580; BN00029651583; BN00030651586","no PLIDA metadata match by dataset+variable","","","bn - deidentified ABN | Identifier - deidentified ABN | Identifier bn - deidentified ABN | De-identified ABN | Deidentified abn | Deidentified ABN | Identifier - deidentifed ABN | Identifier - deidentified abn | Identifier - deidentified ABN (Australian Business Number)","10 digit alphanumeric | 10 alphanumeric | 10 alphanumeric categorical | 10 digit alphanumeric Unknown = 9999999999","2001-02;2002-03;2003-04;2004-05;2005-06;2006-07;2007-08;2008-09;2009-10;2010-11;2011-12;2012-13;2013-14;2014-15;2015-16;2016-17;2017-18;2018-19;2019-20;2020-21;2021-22;2022-23;2023-24;2024-25;2025-26 | 2010-11;2011-12;2012-13;2013-14;2014-15;2015-16;2016-17;2017-18;2018-19;2019-20;2020-21 | 2001-02;2002-03;2003-04;2004-05;2005-06;2006-07;2007-08;2008-09;2009-10;2010-11;2011-12;2012-13;2013-14;2014-15;2015-16;2016-17;2017-18;2018-19;2019-20;2020-21;2021-22;2022-23;2023-24;2024-25 | 2001-02;2002-03;2003-04;2004-05;2005-06;2006-07;2007-08;2008-09;2009-10;2010-11;2011-12;2012-13;2013-14;2014-15;2015-16;2016-17;2017-18;2018-19;2019-20;2020-21;2021-22;2022-23 | 2019-20;2020-21;2021-22;2022-23;2023-24;2024-25;2025-26 | 2001-02;2002-03;2003-04;2004-05;2005-06;2006-07;2007-08;2008-09;2009-10;2010-11;2011-12;2012-13;2013-14;2014-15;2015-16;2016-17;2017-18;2018-19;2019-20;2020-21;2021-22 | 2022-23;2023-24;2024-25 | 2000-01;2001-02;2002-03;2003-04;2004-05;2005-06;2006-07;2007-08;2008-09;2009-10;2010-11;2011-12;2012-13;2013-14;2014-15;2015-16;2016-17;2017-18;2018-19;2019-20;2020-21;2021-22;2022-23 | 2010-11;2015-16;2020-21 | 2003-04;2004-05;2005-06;2006-07;2007-08;2008-09;2009-10;2010-11;2011-12;2012-13;2013-14;2014-15;2015-16;2016-17;2017-18;2018-19;2019-20;2020-21;2021-22;2022-23;2023-24;2024-25 | 2013-14;2014-15;2015-16;2016-17;2017-18;2018-19;2019-20;2020-21 | 2000-01;2001-02;2002-03;2003-04;2004-05;2005-06;2006-07;2007-08;2008-09;2009-10;2010-11;2011-12;2012-13;2013-14;2014-15;2015-16;2016-17;2017-18;2018-19;2019-20 | 2025 | 2019-20;2020-21;2021-22;2022-23;2023-24;2024-25"
"blade","BLADE","blade-table-06-business-income-tax-bit","c_adtnl_ai_clwbk_amt","numeric",500,0,0,244,"0.00 / 0.00 / 0.00 / 71933.76 / 302946.99","","no PLIDA metadata match by dataset+variable","","","Clawback amounts - additional assessable income","Numeric response ($)","2021-22;2022-23"
"blade","BLADE","blade-table-06-business-income-tax-bit","c_agrgtd_tnovr_amt","numeric",500,0,0,244,"0.0 / 0.0 / 0.0 / 619580.9 / 1683038.8","","no PLIDA metadata match by dataset+variable","","","Aggregated Turnover","Numeric response ($)","2020-21;2021-22;2022-23"
"blade","BLADE","blade-table-06-business-income-tax-bit","c_agrgtd_tnovr_rng_cd","numeric",500,0,0,244,"0.0 / 0.0 / 0.0 / 619580.9 / 1683038.8","","no PLIDA metadata match by dataset+variable","","","Aggregated Turnover Range","5 - A: $0 to less than $7.5 million 10 - B: $7.5 million to less than $10 million 15 - C: $10 million to less than $20 million 20 - D: $20 million to less than $40 million 25 - E: $40 million to less than $50 million 30 - F: $50 million to less than $100 million 35 - G: $100 million to less than $200 million 40 - H: $200 million to less than $300 million 45 - I: $300 million to less than $400 million 50 - J: $400 million to less than $500 million 55 - K: $500 million to less than $600 million 60 - L: $600 million to less than $700 million 65 - M: $700 million to less than $800 million 70 - N: $800 million to less than $900 million 75 - O: $900 million to less than $1 billion 80 - P: $1 billion or over everything else - invalid response or no response given","2020-21;2021-22;2022-23"
"blade","BLADE","blade-table-06-business-income-tax-bit","c_alt_incm_tst_used_ind","numeric",500,0,0,244,"0.0 / 0.0 / 0.0 / 599891.8 / 1750360.4","","no PLIDA metadata match by dataset+variable","","","Are you using the alternative income test?","Y - Yes N - No everything else - invalid response or no response given","2020-21;2021-22;2022-23"
"blade","BLADE","blade-table-06-business-income-tax-bit","c_anzsic","integer",500,257,51.4,103,"119.0 / 4618.5 / 8511.0 / 8534.0 / 9220.0","","no PLIDA metadata match by dataset+variable","","","ANZSIC code","5 digit character - see 'Business industry codes 2021' PDF for description of category codes","2001-02;2002-03;2003-04;2004-05;2005-06;2006-07;2007-08;2008-09;2009-10;2010-11;2011-12;2012-13;2013-14;2014-15;2015-16;2016-17;2017-18;2018-19;2019-20;2020-21;2021-22;2022-23"
"blade","BLADE","blade-table-06-business-income-tax-bit","c_attfifif","integer",500,257,51.4,2,"0 / 0 / 1 / 1 / 1","0; 1","no PLIDA metadata match by dataset+variable","","","AFI - FIF income","Numeric response ($)","2001-02;2002-03;2003-04;2004-05;2005-06;2006-07;2007-08;2008-09;2009-10;2010-11"
"blade","BLADE","blade-table-06-business-income-tax-bit","c_attfiunl","integer",500,257,51.4,2,"0 / 0 / 1 / 1 / 1","0; 1","no PLIDA metadata match by dataset+variable","","","AFI - unlisted country","Numeric response ($)","2001-02;2002-03;2003-04;2004-05;2005-06;2006-07;2007-08;2008-09;2009-10;2010-11;2011-12;2012-13;2013-14;2014-15;2015-16;2016-17;2017-18;2018-19;2019-20;2020-21;2021-22;2022-23"
"blade","BLADE","blade-table-06-business-income-tax-bit","c_attrpoly","integer",500,257,51.4,2,"0 / 0 / 1 / 1 / 1","0; 1","no PLIDA metadata match by dataset+variable","","","AFI - foreign life policy","Numeric response ($)","2001-02;2002-03;2003-04;2004-05;2005-06;2006-07;2007-08;2008-09;2009-10;2010-11"
"blade","BLADE","blade-table-06-business-income-tax-bit","c_attrtran","integer",500,257,51.4,2,"0 / 0 / 1 / 1 / 1","0; 1","no PLIDA metadata match by dataset+variable","","","AFI - transferor trust","Numeric response ($)","2001-02;2002-03;2003-04;2004-05;2005-06;2006-07;2007-08;2008-09;2009-10;2010-11;2011-12;2012-13;2013-14;2014-15;2015-16;2016-17;2017-18;2018-19;2019-20;2020-21;2021-22;2022-23"
"blade","BLADE","blade-table-06-business-income-tax-bit","c_ausn_fcrs_frm_nzc_amt","numeric",500,0,0,244,"0.00 / 0.00 / 0.00 / 71933.76 / 302946.99","","no PLIDA metadata match by dataset+variable","","","Australian franking credits from a New Zealand company","Numeric response ($)","2012-13;2013-14;2014-15;2015-16;2016-17;2017-18;2018-19;2019-20;2020-21;2021-22;2022-23"
"blade","BLADE","blade-table-06-business-income-tax-bit","c_baddebts","numeric",500,0,0,244,"0.00 / 0.00 / 0.00 / 71933.76 / 302946.99","","no PLIDA metadata match by dataset+variable","","","Bad debts","Numeric response ($)","2001-02;2002-03;2003-04;2004-05;2005-06;2006-07;2007-08;2008-09;2009-10;2010-11;2011-12;2012-13;2013-14;2014-15;2015-16;2016-17;2017-18;2018-19;2019-20;2020-21;2021-22;2022-23"
"blade","BLADE","blade-table-06-business-income-tax-bit","c_base_rt_bus_cd","integer",500,257,51.4,5,"1 / 2 / 3 / 4 / 5","1; 2; 3; 4; 5","no PLIDA metadata match by dataset+variable","","","Base rate entity","5 - Base rate entity everything else - invalid response or no response given","2017-18;2018-19;2019-20;2020-21;2021-22;2022-23"
"blade","BLADE","blade-table-06-business-income-tax-bit","c_bbi_elgbl_ast_opt_out_num","integer",500,257,51.4,2,"0 / 0 / 1 / 1 / 1","0; 1","no PLIDA metadata match by dataset+variable","","","Backing business investment - Number of assets you are opting out for","5 digit character","2020-21"
"blade","BLADE","blade-table-06-business-income-tax-bit","c_bbi_elgbl_ast_opt_out_val_amt","numeric",500,0,0,244,"0.00 / 0.00 / 0.00 / 71933.76 / 302946.99","","no PLIDA metadata match by dataset+variable","","","Backing business investment - Value of assets you are opting out for","Numeric response ($)","2020-21"
"blade","BLADE","blade-table-06-business-income-tax-bit","c_blncg_adjst_ctch_up_ddctn_amt","numeric",500,0,0,244,"0.0 / 0.0 / 0.0 / 558811.8 / 1680346.0","","no PLIDA metadata match by dataset+variable","","","Balancing adjustments - catch up deduction","Numeric response ($)","2021-22;2022-23"
"blade","BLADE","blade-table-06-business-income-tax-bit","c_bm_sgmt_cd","integer",500,257,51.4,5,"1 / 2 / 3 / 4 / 5","1; 2; 3; 4; 5","no PLIDA metadata match by dataset+variable","","","Small business","5 - Small business everything else - invalid response or no response given","2017-18;2018-19;2019-20;2020-21;2021-22;2022-23"
"blade","BLADE","blade-table-06-business-income-tax-bit","c_brdexemp","integer",500,257,51.4,2,"0 / 0 / 1 / 1 / 1","0; 1","no PLIDA metadata match by dataset+variable","","","Attributed foreign income - Listed country","Numeric response ($)","2001-02;2002-03;2003-04;2004-05;2005-06;2006-07;2007-08;2008-09;2009-10;2010-11;2011-12;2012-13;2013-14;2014-15;2015-16;2016-17;2017-18;2018-19;2019-20;2020-21;2021-22;2022-23"
"blade","BLADE","blade-table-06-business-income-tax-bit","c_busmarin","integer",500,257,51.4,5,"1 / 2 / 3 / 4 / 5","1; 2; 3; 4; 5","no PLIDA metadata match by dataset+variable","","","Business market segment","GOV - Government LGE - Large Market SME - Small to Medium INB - Individual & Non-Business MIC - Micro Business NFP - Not For Profit everything else - invalid response or no response given","2001-02;2002-03;2003-04;2004-05;2005-06;2006-07;2007-08;2008-09;2009-10;2010-11;2011-12;2012-13;2013-14;2014-15;2015-16;2016-17;2017-18;2018-19;2019-20;2020-21;2021-22;2022-23"
"blade","BLADE","blade-table-06-business-income-tax-bit","c_chsnmdyrntutlstxlsbckerlyyramt","numeric",500,0,0,244,"0.00 / 0.00 / 0.00 / 71933.76 / 302946.99","","no PLIDA metadata match by dataset+variable","","","Tax loss for middle year (not already utilised) chosen to be carried back to earliest year","Numeric response ($)","2013-14"
"blade","BLADE","blade-table-06-business-income-tax-bit","c_chsnyrtaxlssbckerlyyramt","numeric",500,0,0,244,"0.00 / 0.00 / 0.00 / 71933.76 / 302946.99","","no PLIDA metadata match by dataset+variable","","","Tax loss for current year chosen to be carried back to earliest year","Numeric response ($)","2013-14"
"blade","BLADE","blade-table-06-business-income-tax-bit","c_clnt_glbl_ent_typ_cd","integer",500,257,51.4,5,"1 / 2 / 3 / 4 / 5","1; 2; 3; 4; 5","no PLIDA metadata match by dataset+variable","","","Significant global entity","5 - Significant global entity everything else - invalid response or no response given","2017-18;2018-19;2019-20;2020-21;2021-22;2022-23"
"blade","BLADE","blade-table-06-business-income-tax-bit","c_clostock","numeric",500,0,0,244,"0.00 / 0.00 / 0.00 / 71933.76 / 302946.99","","no PLIDA metadata match by dataset+variable","","","Closing stock","Numeric response ($)","2001-02;2002-03;2003-04;2004-05;2005-06;2006-07;2007-08;2008-09;2009-10;2010-11;2011-12;2012-13;2013-14;2014-15;2015-16;2016-17;2017-18;2018-19;2019-20;2020-21;2021-22;2022-23"
"blade","BLADE","blade-table-06-business-income-tax-bit","c_cmrcl_debts_forgvn_amt","numeric",500,0,0,244,"0.00 / 0.00 / 0.00 / 71933.76 / 302946.99","","no PLIDA metadata match by dataset+variable","","","Commercial debt forgiveness","Numeric response ($)","2012-13;2013-14;2014-15;2015-16;2016-17;2017-18;2018-19;2019-20;2020-21;2021-22;2022-23"
"blade","BLADE","blade-table-06-business-income-tax-bit","c_costsale","numeric",500,0,0,244,"0.0 / 0.0 / 0.0 / 558811.8 / 1680346.0","","no PLIDA metadata match by dataset+variable","","","Cost of sales","Numeric response ($)","2001-02;2002-03;2003-04;2004-05;2005-06;2006-07;2007-08;2008-09;2009-10;2010-11;2011-12;2012-13;2013-14;2014-15;2015-16;2016-17;2017-18;2018-19;2019-20;2020-21;2021-22;2022-23"
"blade","BLADE","blade-table-06-business-income-tax-bit","c_coy_cntry_dcd","integer",500,257,51.4,5,"1 / 2 / 3 / 4 / 5","1; 2; 3; 4; 5","no PLIDA metadata match by dataset+variable","","","Business Address Country","Character string","2020-21;2021-22;2022-23"
"blade","BLADE","blade-table-06-business-income-tax-bit","c_creditrs","numeric",500,0,0,244,"0.00 / 0.00 / 0.00 / 71933.76 / 302946.99","","no PLIDA metadata match by dataset+variable","","","Trade creditors","Numeric response ($)","2001-02;2002-03;2003-04;2004-05;2005-06;2006-07;2007-08;2008-09;2009-10;2010-11;2011-12;2012-13;2013-14;2014-15;2015-16;2016-17;2017-18;2018-19;2019-20;2020-21;2021-22;2022-23"
"blade","BLADE","blade-table-06-business-income-tax-bit","c_cstockcd","numeric",500,0,0,244,"0.00 / 0.00 / 0.00 / 71933.76 / 302946.99","","no PLIDA metadata match by dataset+variable","","","Closing stock action code","5 - C:Cost 10 - M: Market selling value 15 - R: Replacement value everything else - invalid response or no response given","2001-02;2002-03;2003-04;2004-05;2005-06;2006-07;2007-08;2008-09;2009-10;2010-11;2011-12;2012-13;2013-14;2014-15;2015-16;2016-17;2017-18;2018-19;2019-20;2020-21;2021-22;2022-23"
"blade","BLADE","blade-table-06-business-income-tax-bit","c_currasst","numeric",500,0,0,244,"0.00 / 0.00 / 0.00 / 71933.76 / 302946.99","","no PLIDA metadata match by dataset+variable","","","Current assets","Numeric response ($)","2001-02;2002-03;2003-04;2004-05;2005-06;2006-07;2007-08;2008-09;2009-10;2010-11;2011-12;2012-13;2013-14;2014-15;2015-16;2016-17;2017-18;2018-19;2019-20;2020-21;2021-22;2022-23"
"blade","BLADE","blade-table-06-business-income-tax-bit","c_currliab","numeric",500,0,0,244,"0.00 / 0.00 / 0.00 / 71933.76 / 302946.99","","no PLIDA metadata match by dataset+variable","","","Current liabilities","Numeric response ($)","2001-02;2002-03;2003-04;2004-05;2005-06;2006-07;2007-08;2008-09;2009-10;2010-11;2011-12;2012-13;2013-14;2014-15;2015-16;2016-17;2017-18;2018-19;2019-20;2020-21;2021-22;2022-23"
"blade","BLADE","blade-table-06-business-income-tax-bit","c_cwrksded","numeric",500,0,0,244,"0.0 / 0.0 / 0.0 / 558811.8 / 1680346.0","","no PLIDA metadata match by dataset+variable","","","Capital works deductions","Numeric response ($)","2001-02;2002-03;2003-04;2004-05;2005-06;2006-07;2007-08;2008-09;2009-10;2010-11;2011-12;2012-13;2013-14;2014-15;2015-16;2016-17;2017-18;2018-19;2019-20;2020-21;2021-22;2022-23"
"blade","BLADE","blade-table-06-business-income-tax-bit","c_ddctd_tl_amt","numeric",500,0,0,244,"0.0 / 0.0 / 0.0 / 558811.8 / 1680346.0","","no PLIDA metadata match by dataset+variable","","","Tax losses deducted","Numeric response ($)","2012-13;2013-14;2014-15;2015-16;2016-17;2017-18;2018-19;2019-20;2020-21;2021-22;2022-23"
"blade","BLADE","blade-table-06-business-income-tax-bit","c_ddctn_decln_val_wtr_fclty_amt","numeric",500,0,0,244,"0.0 / 0.0 / 0.0 / 558811.8 / 1680346.0","","no PLIDA metadata match by dataset+variable","","","Landcare operations and deduction for decline in value of water facility","Numeric response ($)","2012-13;2013-14;2014-15;2015-16;2016-17;2017-18;2018-19;2019-20;2020-21;2021-22;2022-23"
"blade","BLADE","blade-table-06-business-income-tax-bit","c_ddctn_for_epe_amt","numeric",500,0,0,244,"0.0 / 0.0 / 0.0 / 558811.8 / 1680346.0","","no PLIDA metadata match by dataset+variable","","","Deduction for environmental protection expenses","Numeric response ($)","2012-13;2013-14;2014-15;2015-16;2016-17;2017-18;2018-19;2019-20;2020-21;2021-22;2022-23"
"blade","BLADE","blade-table-06-business-income-tax-bit","c_ddctn_skill_trng_amt","numeric",500,0,0,244,"0.0 / 0.0 / 0.0 / 558811.8 / 1680346.0","","no PLIDA metadata match by dataset+variable","","","Small business skills and training boost","Numeric response ($)","2022-23"
"blade","BLADE","blade-table-06-business-income-tax-bit","c_ddctn_tchnlgy_invmt_amt","numeric",500,0,0,244,"0.0 / 0.0 / 0.0 / 558811.8 / 1680346.0","","no PLIDA metadata match by dataset+variable","","","Small business technology investment boost","Numeric response ($)","2022-23"
"blade","BLADE","blade-table-06-business-income-tax-bit","c_ddctns_intrm_rls_amt","numeric",500,0,0,244,"0.0 / 0.0 / 0.0 / 558811.8 / 1680346.0","","no PLIDA metadata match by dataset+variable","","","Interim rules deductions","Numeric response ($)","2019-20;2020-21"
"blade","BLADE","blade-table-06-business-income-tax-bit","c_ddctns_pre_rls_amt","numeric",500,0,0,244,"0.0 / 0.0 / 0.0 / 558811.8 / 1680346.0","","no PLIDA metadata match by dataset+variable","","","Pre rules deductions","Numeric response ($)","2019-20;2020-21"
"blade","BLADE","blade-table-06-business-income-tax-bit","c_ddctns_prspctv_rls_amt","numeric",500,0,0,244,"0.0 / 0.0 / 0.0 / 558811.8 / 1680346.0","","no PLIDA metadata match by dataset+variable","","","Prospective rules deductions","Numeric response ($)","2019-20;2020-21;2021-22;2022-23"
"blade","BLADE","blade-table-06-business-income-tax-bit","c_debtors","numeric",500,0,0,244,"0.00 / 0.00 / 0.00 / 71933.76 / 302946.99","","no PLIDA metadata match by dataset+variable","","","Trade debtors","Numeric response ($)","2001-02;2002-03;2003-04;2004-05;2005-06;2006-07;2007-08;2008-09;2009-10;2010-11;2011-12;2012-13;2013-14;2014-15;2015-16;2016-17;2017-18;2018-19;2019-20;2020-21;2021-22;2022-23"
"blade","BLADE","blade-table-06-business-income-tax-bit","c_deprdedc","numeric",500,0,0,244,"0.0 / 0.0 / 0.0 / 558811.8 / 1680346.0","","no PLIDA metadata match by dataset+variable","","","Depreciation deducted","Numeric response ($)","2001-02;2002-03;2003-04;2004-05;2005-06;2006-07;2007-08;2008-09;2009-10;2010-11;2011-12;2012-13;2013-14;2014-15;2015-16;2016-17;2017-18;2018-19;2019-20;2020-21;2021-22;2022-23"
"blade","BLADE","blade-table-06-business-income-tax-bit","c_deprexps","numeric",500,0,0,244,"0.0 / 0.0 / 0.0 / 558811.8 / 1680346.0","","no PLIDA metadata match by dataset+variable","","","Depreciation expenses","Numeric response ($)","2001-02;2002-03;2003-04;2004-05;2005-06;2006-07;2007-08;2008-09;2009-10;2010-11;2011-12;2012-13;2013-14;2014-15;2015-16;2016-17;2017-18;2018-19;2019-20;2020-21;2021-22;2022-23"
"blade","BLADE","blade-table-06-business-income-tax-bit","c_div_frnkg_acnt_closg_bal_amt","numeric",500,0,0,244,"0.00 / 0.00 / 0.00 / 71933.76 / 302946.99","","no PLIDA metadata match by dataset+variable","","","Closing Franking Account Balance","Numeric response ($)","2021-22;2022-23"
"blade","BLADE","blade-table-06-business-income-tax-bit","c_div_frnkg_acnt_opng_bal_amt","numeric",500,0,0,244,"0.00 / 0.00 / 0.00 / 71933.76 / 302946.99","","no PLIDA metadata match by dataset+variable","","","Opening Franking Account Balance","Numeric response ($)","2020-21;2021-22;2022-23"
"blade","BLADE","blade-table-06-business-income-tax-bit","c_divfrank","numeric",500,0,0,244,"0.00 / 0.00 / 0.00 / 71933.76 / 302946.99","","no PLIDA metadata match by dataset+variable","","","Dividends paid franked","Numeric response ($)","2001-02;2002-03;2003-04;2004-05;2005-06;2006-07;2007-08;2008-09;2009-10;2010-11;2011-12;2012-13;2013-14;2014-15;2015-16;2016-17;2017-18;2018-19;2019-20;2020-21;2021-22;2022-23"
"blade","BLADE","blade-table-06-business-income-tax-bit","c_divs_fcr_amt","numeric",500,0,0,244,"0.00 / 0.00 / 0.00 / 71933.76 / 302946.99","","no PLIDA metadata match by dataset+variable","","","Franking credits","Numeric response ($)","2012-13;2013-14;2014-15;2015-16;2016-17;2017-18;2018-19;2019-20;2020-21;2021-22;2022-23"
"blade","BLADE","blade-table-06-business-income-tax-bit","c_divs_frnkg_tax_ofsts_excs_amt","numeric",500,0,0,244,"0.00 / 0.00 / 0.00 / 71933.76 / 302946.99","","no PLIDA metadata match by dataset+variable","","","Excess franking offsets","Numeric response ($)","2012-13;2013-14;2014-15;2015-16;2016-17;2017-18;2018-19;2019-20;2020-21;2021-22;2022-23"
"blade","BLADE","blade-table-06-business-income-tax-bit","c_divufran","integer",500,257,51.4,2,"0 / 0 / 1 / 1 / 1","0; 1","no PLIDA metadata match by dataset+variable","","","Unfranked dividends paid","Numeric response ($)","2001-02;2002-03;2003-04;2004-05;2005-06;2006-07;2007-08;2008-09;2009-10;2010-11;2011-12;2012-13;2013-14;2014-15;2015-16;2016-17;2017-18;2018-19;2019-20;2020-21;2021-22;2022-23"
"blade","BLADE","blade-table-06-business-income-tax-bit","c_dstst_cd","integer",500,257,51.4,5,"1 / 2 / 3 / 4 / 5","1; 2; 3; 4; 5","no PLIDA metadata match by dataset+variable","","","Gross distribution from trusts code","5 - D: Deceased estate 10 - F: Fixed trust - other than fixed unit trust or public trust 15 - H: Hybrid trust 20 - I: Discretionary trust - income from investment activities 25 - M: Cash management unit trust 30 - P: Public unit trust (listed) - other than a cash management unit trust 35 - Q: Public unit trust (unlisted) - other than a cash management unit trust 40 - S: Discretionary trust - income from service and/or management services 45 - T: Discretionary trust - income is from trading activities 50 - U: Fixed unit trust - other than a public trust described in P or Q everything else - invalid response or no response given 55- C: Special Disability Trust 60 - E: Testamentary Trust","2001-02;2002-03;2003-04;2004-05;2005-06;2006-07;2007-08;2008-09;2009-10;2010-11;2011-12;2012-13;2013-14;2014-15;2015-16;2016-17;2017-18;2018-19;2019-20;2020-21;2021-22;2022-23"
"blade","BLADE","blade-table-06-business-income-tax-bit","c_dvidausdexplrprspctttlddctamt","numeric",500,0,0,244,"0.0 / 0.0 / 0.0 / 558811.8 / 1680346.0","","no PLIDA metadata match by dataset+variable","","","Total deduction - decline in value of intangible depreciating assets used in exploration/prospecting","Numeric response ($)","2019-20;2020-21;2021-22;2022-23"
"blade","BLADE","blade-table-06-business-income-tax-bit","c_dvodausdexplrprspctttlddctamt","numeric",500,0,0,244,"0.0 / 0.0 / 0.0 / 558811.8 / 1680346.0","","no PLIDA metadata match by dataset+variable","","","Total deduction for decline in value of other depreciating assets used in exploration or prospecting","Numeric response ($)","2019-20;2020-21;2021-22;2022-23"
"blade","BLADE","blade-table-06-business-income-tax-bit","c_elgbl_ast_bbi_cd","integer",500,257,51.4,5,"1 / 2 / 3 / 4 / 5","1; 2; 3; 4; 5","no PLIDA metadata match by dataset+variable","","","Are you opting out of Backing business investment for some or all of your eligible assets?","5 - A: Some eligible assets 10 - B: All eligible assets 15 - No everything else - invalid response or no response given","2020-21"
"blade","BLADE","blade-table-06-business-income-tax-bit","c_elgbl_ast_clm_num","integer",500,257,51.4,2,"0 / 0 / 1 / 1 / 1","0; 1","no PLIDA metadata match by dataset+variable","","","Temporary full expensing - Number of assets you are claiming for","5 digit character","2020-21;2021-22;2022-23"
"blade","BLADE","blade-table-06-business-income-tax-bit","c_elgbl_ast_opt_out_cd","integer",500,257,51.4,5,"1 / 2 / 3 / 4 / 5","1; 2; 3; 4; 5","no PLIDA metadata match by dataset+variable","","","Are you making a choice to opt out of temporary full expensing for some or all of your eligible assets","5 - A: Some eligible assets 10 - B: All eligible assets 15 - No everything else - invalid response or no response given","2020-21;2021-22;2022-23"
"blade","BLADE","blade-table-06-business-income-tax-bit","c_endofincmyradjstblvalstotlamt","numeric",500,0,0,244,"0.0 / 0.0 / 0.0 / 599891.8 / 1750360.4","","no PLIDA metadata match by dataset+variable","","","Total adjustable values at end of income year","Numeric response ($)","2012-13;2013-14;2014-15;2015-16;2016-17;2017-18;2018-19;2019-20;2020-21;2021-22;2022-23"
"blade","BLADE","blade-table-06-business-income-tax-bit","c_erlyst_yr_it_lblty_amt","integer",500,257,51.4,1,"2023 / 2023 / 2023 / 2023 / 2023","2023","no PLIDA metadata match by dataset+variable","","","Income tax liability for earliest year","Numeric response ($)","2013-14"
"blade","BLADE","blade-table-06-business-income-tax-bit","c_erlyst_yr_net_exmt_incm_amt","integer",500,257,51.4,1,"2023 / 2023 / 2023 / 2023 / 2023","2023","no PLIDA metadata match by dataset+variable","","","Net exempt income for earliest year","Numeric response ($)","2013-14"
"blade","BLADE","blade-table-06-business-income-tax-bit","c_esi_to_amt","numeric",500,0,0,244,"0.00 / 0.00 / 0.00 / 71933.76 / 302946.99","","no PLIDA metadata match by dataset+variable","","","Early stage investor tax offset C - current year tax offset T - Non-refundable carry forward tax offsets","Numeric response ($)","2017-18;2018-19;2019-20;2020-21;2021-22;2022-23"
"blade","BLADE","blade-table-06-business-income-tax-bit","c_esi_to_prvs_yr_amt","integer",500,257,51.4,1,"2023 / 2023 / 2023 / 2023 / 2023","2023","no PLIDA metadata match by dataset+variable","","","Early stage investor tax offset - tax offset carried forward from a previous year","Numeric response ($)","2017-18;2018-19;2019-20;2020-21;2021-22;2022-23"
"blade","BLADE","blade-table-06-business-income-tax-bit","c_esvclp_to_amt","numeric",500,0,0,244,"0.00 / 0.00 / 0.00 / 71933.76 / 302946.99","","no PLIDA metadata match by dataset+variable","","","Early stage venture capital limited partnership tax offset C - current year tax offset T - Non-refundable carry forward tax offsets","Numeric response ($)","2017-18;2018-19;2019-20;2020-21;2021-22;2022-23"
"blade","BLADE","blade-table-06-business-income-tax-bit","c_esvclp_to_prvs_yr_amt","integer",500,257,51.4,1,"2023 / 2023 / 2023 / 2023 / 2023","2023","no PLIDA metadata match by dataset+variable","","","Early stage venture capital limited partnership tax offset - tax offset carried forward from a previous year","Numeric response ($)","2017-18;2018-19;2019-20;2020-21;2021-22;2022-23"
"blade","BLADE","blade-table-06-business-income-tax-bit","c_exemptax","numeric",500,0,0,244,"0.00 / 0.00 / 0.00 / 71933.76 / 302946.99","","no PLIDA metadata match by dataset+variable","","","Exempt income","Numeric response ($)","2001-02;2002-03;2003-04;2004-05;2005-06;2006-07;2007-08;2008-09;2009-10;2010-11;2011-12;2012-13;2013-14;2014-15;2015-16;2016-17;2017-18;2018-19;2019-20;2020-21;2021-22;2022-23"
"blade","BLADE","blade-table-06-business-income-tax-bit","c_expnss_fincl_arngmts_tofa_amt","numeric",500,0,0,244,"0.0 / 0.0 / 0.0 / 558811.8 / 1680346.0","","no PLIDA metadata match by dataset+variable","","","Expenses from financial arrangements (TOFA)","Numeric response ($)","2012-13;2013-14;2014-15"
"blade","BLADE","blade-table-06-business-income-tax-bit","c_extnlabr","numeric",500,0,0,244,"0.0 / 0.0 / 0.0 / 285877.7 / 722334.3","","no PLIDA metadata match by dataset+variable","","","Contractor, sub-contractor and commission expenses (previously labelled External labour costs)","Numeric response ($)","2001-02;2002-03;2003-04;2004-05;2005-06;2006-07;2007-08;2008-09;2009-10;2010-11;2011-12;2012-13;2013-14;2014-15;2015-16;2016-17;2017-18;2018-19;2019-20;2020-21;2021-22;2022-23"
"blade","BLADE","blade-table-06-business-income-tax-bit","c_extraitm","integer",500,257,51.4,2,"0 / 0 / 1 / 1 / 1","0; 1","no PLIDA metadata match by dataset+variable","","","Extraordinary revenue or expenses","Numeric response ($)","2001-02;2002-03;2003-04;2004-05;2005-06"
"blade","BLADE","blade-table-06-business-income-tax-bit","c_f_ostran","integer",500,257,51.4,2,"0 / 0 / 1 / 1 / 1","0; 1","no PLIDA metadata match by dataset+variable","","","Overseas transaction indicator","Y - Yes N - No everything else - invalid response or no response given","2001-02;2002-03;2003-04;2004-05;2005-06;2006-07;2007-08;2008-09;2009-10;2010-11;2011-12;2012-13;2013-14;2014-15;2015-16;2016-17;2017-18;2018-19;2019-20;2020-21;2021-22;2022-23"
"blade","BLADE","blade-table-06-business-income-tax-bit","c_fcrncy","integer",500,257,51.4,2,"0 / 0 / 1 / 1 / 1","0; 1","no PLIDA metadata match by dataset+variable","","","Functional currency chosen","See Appendix 3 for description of category codes","2003-04;2004-05;2005-06;2006-07;2007-08;2008-09;2009-10;2010-11;2011-12;2012-13;2013-14;2014-15;2015-16;2016-17;2017-18;2018-19;2019-20;2020-21;2021-22;2022-23"
"blade","BLADE","blade-table-06-business-income-tax-bit","c_fcrncyrt","integer",500,257,51.4,5,"1 / 2 / 3 / 4 / 5","1; 2; 3; 4; 5","no PLIDA metadata match by dataset+variable","","","Functional currency translation rate","Currency translation rate, to 5 decimal places","2003-04;2004-05;2005-06;2006-07;2007-08;2008-09;2009-10;2010-11;2011-12;2012-13;2013-14;2014-15;2015-16;2016-17;2017-18;2018-19;2019-20;2020-21;2021-22;2022-23"
"blade","BLADE","blade-table-06-business-income-tax-bit","c_fedstk_adjstmt_adtnl_ai_amt","numeric",500,0,0,244,"0.00 / 0.00 / 0.00 / 71933.76 / 302946.99","","no PLIDA metadata match by dataset+variable","","","Feedstock adjustment - additional assessable income","Numeric response ($)","2019-20;2020-21"
"blade","BLADE","blade-table-06-business-income-tax-bit","c_fees_and_chrgs_amt","numeric",500,0,0,244,"0.00 / 0.00 / 0.00 / 71933.76 / 302946.99","","no PLIDA metadata match by dataset+variable","","","Fees and charges","Numeric response ($)","2019-20;2020-21;2021-22;2022-23"
"blade","BLADE","blade-table-06-business-income-tax-bit","c_fgnsiind","integer",500,257,51.4,5,"1 / 2 / 3 / 4 / 5","1; 2; 3; 4; 5","no PLIDA metadata match by dataset+variable","","","Foreign source income indicator","Y - Yes N - No everything else - invalid response or no response given","2001-02;2002-03;2003-04;2004-05;2005-06;2006-07;2007-08;2008-09;2009-10;2010-11;2011-12"
"blade","BLADE","blade-table-06-business-income-tax-bit","c_forgn_fincl_ent_tl_tfrd_in_amt","numeric",500,0,0,244,"0.0 / 0.0 / 0.0 / 599891.8 / 1750360.4","","no PLIDA metadata match by dataset+variable","","","Tax losses transferred in","Numeric response ($)","2012-13;2013-14;2014-15;2015-16;2016-17;2017-18;2018-19;2019-20;2020-21;2021-22;2022-23"
"blade","BLADE","blade-table-06-business-income-tax-bit","c_forgn_incm_grs_amt","numeric",500,0,0,244,"0.0 / 0.0 / 0.0 / 599891.8 / 1750360.4","","no PLIDA metadata match by dataset+variable","","","Gross foreign income","Numeric response ($)","2012-13;2013-14;2014-15;2015-16;2016-17;2017-18;2018-19;2019-20;2020-21;2021-22;2022-23"
"blade","BLADE","blade-table-06-business-income-tax-bit","c_franbalc","integer",500,257,51.4,2,"0 / 0 / 1 / 1 / 1","0; 1","no PLIDA metadata match by dataset+variable","","","Franking account balance","Numeric response ($)","2001-02;2002-03;2003-04;2004-05;2005-06;2006-07;2007-08;2008-09;2009-10;2010-11;2011-12;2012-13;2013-14;2014-15;2015-16;2016-17;2017-18;2018-19;2019-20;2020-21"
"blade","BLADE","blade-table-06-business-income-tax-bit","c_frgcontr","integer",500,257,51.4,2,"0 / 0 / 1 / 1 / 1","0; 1","no PLIDA metadata match by dataset+variable","","","Fringe benefit employee contributions","Numeric response ($)","2001-02;2002-03;2003-04;2004-05;2005-06;2006-07;2007-08;2008-09;2009-10;2010-11;2011-12;2012-13;2013-14;2014-15;2015-16;2016-17;2017-18;2018-19;2019-20;2020-21;2021-22;2022-23"
"blade","BLADE","blade-table-06-business-income-tax-bit","c_frgnshre","integer",500,257,51.4,2,"0 / 0 / 1 / 1 / 1","0; 1","no PLIDA metadata match by dataset+variable","","","Percentage of Foreign Shareholding","Numeric response (%)","2001-02;2002-03;2003-04;2004-05;2005-06;2006-07;2007-08;2008-09;2009-10;2010-11;2011-12;2012-13;2013-14;2014-15;2015-16;2016-17;2017-18;2018-19;2019-20;2020-21;2021-22;2022-23"
"blade","BLADE","blade-table-06-business-income-tax-bit","c_frkngdefto","integer",500,257,51.4,2,"0 / 0 / 1 / 1 / 1","0; 1","no PLIDA metadata match by dataset+variable","","","Franking deficit tax offset","Numeric response ($)","2011-12;2012-13;2013-14;2014-15;2015-16;2016-17;2017-18;2018-19;2019-20;2020-21;2021-22;2022-23"
"blade","BLADE","blade-table-06-business-income-tax-bit","c_frntaxcr","numeric",500,0,0,244,"0.00 / 0.00 / 0.00 / 71933.76 / 302946.99","","no PLIDA metadata match by dataset+variable","","","Foreign tax credits","Numeric response ($)","2001-02;2002-03;2003-04;2004-05;2005-06;2006-07;2007-08;2008-09;2009-10;2010-11;2011-12;2012-13;2013-14;2014-15;2015-16;2016-17;2017-18;2018-19;2019-20;2020-21;2021-22;2022-23"
"blade","BLADE","blade-table-06-business-income-tax-bit","c_frrswexp","integer",500,257,51.4,2,"0 / 0 / 1 / 1 / 1","0; 1","no PLIDA metadata match by dataset+variable","","","Foreign resident withholding expenses","Numeric response ($)","2001-02;2002-03;2003-04;2004-05;2005-06;2006-07;2007-08;2008-09;2009-10;2010-11;2011-12;2012-13;2013-14;2014-15;2015-16;2016-17;2017-18;2018-19;2019-20;2020-21;2021-22;2022-23"
"blade","BLADE","blade-table-06-business-income-tax-bit","c_frrswinc","numeric",500,0,0,244,"0.0 / 0.0 / 0.0 / 599891.8 / 1750360.4","","no PLIDA metadata match by dataset+variable","","","Gross payments subject to FRW (income item)","Numeric response ($)","2001-02;2002-03;2003-04;2004-05;2005-06;2006-07;2007-08;2008-09;2009-10;2010-11;2011-12;2012-13;2013-14;2014-15;2015-16;2016-17;2017-18;2018-19;2019-20;2020-21;2021-22;2022-23"
"blade","BLADE","blade-table-06-business-income-tax-bit","c_frst_yr_ast_dprtn_bbi_ddctn_to","integer",500,257,51.4,1,"2023 / 2023 / 2023 / 2023 / 2023","2023","no PLIDA metadata match by dataset+variable","","","First year accelerated depreciation deductions for assets using Backing business Investment","Numeric response ($)","2020-21"
"blade","BLADE","blade-table-06-business-income-tax-bit","c_frstry_mngd_invmtschm_incm_amt","numeric",500,0,0,244,"0.0 / 0.0 / 0.0 / 599891.8 / 1750360.4","","no PLIDA metadata match by dataset+variable","","","Forestry managed investment scheme income","Numeric response ($)","2012-13;2013-14;2014-15;2015-16;2016-17;2017-18;2018-19;2019-20;2020-21;2021-22;2022-23"
"blade","BLADE","blade-table-06-business-income-tax-bit","c_frstrymngd_invmtschm_ddctn_amt","numeric",500,0,0,244,"0.0 / 0.0 / 0.0 / 558811.8 / 1680346.0","","no PLIDA metadata match by dataset+variable","","","Forestry managed investment scheme deductions","Numeric response ($)","2012-13;2013-14;2014-15;2015-16;2016-17;2017-18;2018-19;2019-20;2020-21;2021-22;2022-23"
"blade","BLADE","blade-table-06-business-income-tax-bit","c_ftcrsprd","integer",500,257,51.4,2,"0 / 0 / 1 / 1 / 1","0; 1","no PLIDA metadata match by dataset+variable","","","Tax spared foreign tax credits","Numeric response ($)","2001-02;2002-03;2003-04;2004-05;2005-06;2006-07;2007-08;2008-09;2009-10;2010-11;2011-12"
"blade","BLADE","blade-table-06-business-income-tax-bit","c_fy_2019_it_lblty_amt","numeric",500,0,0,244,"0.00 / 0.00 / 0.00 / 71933.76 / 302946.99","","no PLIDA metadata match by dataset+variable","","","Income Tax liability 2018-19","Numeric response ($)","2020-21;2021-22;2022-23"
"blade","BLADE","blade-table-06-business-income-tax-bit","c_fy_2019_net_exmt_incm_amt","numeric",500,0,0,244,"0.00 / 0.00 / 0.00 / 27681.75 / 201008.77","","no PLIDA metadata match by dataset+variable","","","Net exempt income 2018-19","Numeric response ($)","2020-21;2021-22;2022-23"
"blade","BLADE","blade-table-06-business-income-tax-bit","c_fy_2020_agrgtd_tnovr_amt","numeric",500,0,0,244,"0.0 / 0.0 / 0.0 / 619580.9 / 1683038.8","","no PLIDA metadata match by dataset+variable","","","Aggregated turnover (Losses information) for 2019-20","Numeric response ($)","2021-22;2022-23"
"blade","BLADE","blade-table-06-business-income-tax-bit","c_fy_2020_agrgtd_tnovr_rng_cd","numeric",500,0,0,244,"0.0 / 0.0 / 0.0 / 619580.9 / 1683038.8","","no PLIDA metadata match by dataset+variable","","","Select your aggregated turnover range (Losses information) for 2019-20","5 - A: $0 to less than $7.5 million 10 - B: $7.5 million to less than $10 million 15 - C: $10 million to less than $20 million 20 - D: $20 million to less than $40 million 25 - E: $40 million to less than $50 million 30 - F: $50 million to less than $100 million 35 - G: $100 million to less than $200 million 40 - H: $200 million to less than $300 million 45 - I: $300 million to less than $400 million 50 - J: $400 million to less than $500 million 55 - K: $500 million to less than $600 million 60 - L: $600 million to less than $700 million 65 - M: $700 million to less than $800 million 70 - N: $800 million to less than $900 million 75 - O: $900 million to less than $1 billion 80 - P: $1 billion or over everything else - invalid response or no response given","2021-22;2022-23"
"blade","BLADE","blade-table-06-business-income-tax-bit","c_fy_2020_it_lblty_amt","numeric",500,0,0,244,"0.00 / 0.00 / 0.00 / 71933.76 / 302946.99","","no PLIDA metadata match by dataset+variable","","","Income Tax liability 2019-20","Numeric response ($)","2020-21;2021-22;2022-23"
"blade","BLADE","blade-table-06-business-income-tax-bit","c_fy_2020_net_exmt_incm_amt","numeric",500,0,0,244,"0.00 / 0.00 / 0.00 / 27681.75 / 201008.77","","no PLIDA metadata match by dataset+variable","","","Net exempt income 2019-20","Numeric response ($)","2020-21;2021-22;2022-23"
"blade","BLADE","blade-table-06-business-income-tax-bit","c_fy_2020_tax_rt","numeric",500,0,0,244,"0.00 / 0.00 / 0.00 / 71933.76 / 302946.99","","no PLIDA metadata match by dataset+variable","","","Tax rate 2019-20","Tax rate for 2020 Financial Year, to 4 decimal places","2020-21;2021-22;2022-23"
"blade","BLADE","blade-table-06-business-income-tax-bit","c_fy_2020_to_fy_2019_tax_lss_cba","numeric",500,0,0,244,"0.00 / 0.00 / 0.00 / 71933.76 / 302946.99","","no PLIDA metadata match by dataset+variable","","","Tax loss 2019-20 carried back to 2018-19","Numeric response ($)","2020-21;2021-22;2022-23"
"blade","BLADE","blade-table-06-business-income-tax-bit","c_fy_2021_agrgtd_tnovr_amt","numeric",500,0,0,244,"0.0 / 0.0 / 0.0 / 619580.9 / 1683038.8","","no PLIDA metadata match by dataset+variable","","","Aggregated turnover (Losses information) for 2020-21","Numeric response ($)","2020-21;2021-22;2022-23"
"blade","BLADE","blade-table-06-business-income-tax-bit","c_fy_2021_agrgtd_tnovr_rng_cd","numeric",500,0,0,244,"0.0 / 0.0 / 0.0 / 619580.9 / 1683038.8","","no PLIDA metadata match by dataset+variable","","","Select your aggregated turnover range (Losses information) for 2020-21","5 - A: $0 to less than $7.5 million 10 - B: $7.5 million to less than $10 million 15 - C: $10 million to less than $20 million 20 - D: $20 million to less than $40 million 25 - E: $40 million to less than $50 million 30 - F: $50 million to less than $100 million 35 - G: $100 million to less than $200 million 40 - H: $200 million to less than $300 million 45 - I: $300 million to less than $400 million 50 - J: $400 million to less than $500 million 55 - K: $500 million to less than $600 million 60 - L: $600 million to less than $700 million 65 - M: $700 million to less than $800 million 70 - N: $800 million to less than $900 million 75 - O: $900 million to less than $1 billion 80 - P: $1 billion or over everything else - invalid response or no response given","2020-21;2021-22;2022-23"
"blade","BLADE","blade-table-06-business-income-tax-bit","c_fy_2021_it_lblty_amt","numeric",500,0,0,244,"0.00 / 0.00 / 0.00 / 71933.76 / 302946.99","","no PLIDA metadata match by dataset+variable","","","Income Tax liability 2020-21","Numeric response ($)","2021-22;2022-23"
"blade","BLADE","blade-table-06-business-income-tax-bit","c_fy_2021_net_exmt_incm_amt","numeric",500,0,0,244,"0.00 / 0.00 / 0.00 / 27681.75 / 201008.77","","no PLIDA metadata match by dataset+variable","","","Net exempt income 2020-21","Numeric response ($)","2021-22;2022-23"
"blade","BLADE","blade-table-06-business-income-tax-bit","c_fy_2021_tax_rt","numeric",500,0,0,244,"0.00 / 0.00 / 0.00 / 71933.76 / 302946.99","","no PLIDA metadata match by dataset+variable","","","Tax rate 2020-21","Tax rate for 2021 Financial Year, to 4 decimal places","2021-22;2022-23"
"blade","BLADE","blade-table-06-business-income-tax-bit","c_fy_2021_to_fy_2019_tax_lss_cba","numeric",500,0,0,244,"0.00 / 0.00 / 0.00 / 71933.76 / 302946.99","","no PLIDA metadata match by dataset+variable","","","Tax loss 2020-21 carried back to 2018-19","Numeric response ($)","2020-21;2021-22;2022-23"
"blade","BLADE","blade-table-06-business-income-tax-bit","c_fy_2021_to_fy_2020_tax_lss_cba","numeric",500,0,0,244,"0.00 / 0.00 / 0.00 / 71933.76 / 302946.99","","no PLIDA metadata match by dataset+variable","","","Tax loss 2020-21 carried back to 2019-20","Numeric response ($)","2020-21;2021-22;2022-23"
"blade","BLADE","blade-table-06-business-income-tax-bit","c_fy_2022_agrgtd_tnovr_amt","numeric",500,0,0,244,"0.0 / 0.0 / 0.0 / 619580.9 / 1683038.8","","no PLIDA metadata match by dataset+variable","","","Aggregated turnover (Losses information) for 2021-22","Numeric response ($)","2022-23"
"blade","BLADE","blade-table-06-business-income-tax-bit","c_fy_2022_agrgtd_tnovr_rng_cd","numeric",500,0,0,244,"0.0 / 0.0 / 0.0 / 619580.9 / 1683038.8","","no PLIDA metadata match by dataset+variable","","","Select your aggregated turnover range (Losses information) for 2021-22","5 - A: $0 to less than $7.5 million 10 - B: $7.5 million to less than $10 million 15 - C: $10 million to less than $20 million 20 - D: $20 million to less than $40 million 25 - E: $40 million to less than $50 million 30 - F: $50 million to less than $100 million 35 - G: $100 million to less than $200 million 40 - H: $200 million to less than $300 million 45 - I: $300 million to less than $400 million 50 - J: $400 million to less than $500 million 55 - K: $500 million to less than $600 million 60 - L: $600 million to less than $700 million 65 - M: $700 million to less than $800 million 70 - N: $800 million to less than $900 million 75 - O: $900 million to less than $1 billion 80 - P: $1 billion or over everything else - invalid response or no response given","2022-23"
"blade","BLADE","blade-table-06-business-income-tax-bit","c_fy_2022_it_lblty_amt","numeric",500,0,0,244,"0.00 / 0.00 / 0.00 / 71933.76 / 302946.99","","no PLIDA metadata match by dataset+variable","","","Income Tax liability 2021-22","Numeric response ($)","2022-23"
"blade","BLADE","blade-table-06-business-income-tax-bit","c_fy_2022_net_exmt_incm_amt","numeric",500,0,0,244,"0.00 / 0.00 / 0.00 / 27681.75 / 201008.77","","no PLIDA metadata match by dataset+variable","","","Net exempt income 2021-22","Numeric response ($)","2022-23"
"blade","BLADE","blade-table-06-business-income-tax-bit","c_fy_2022_tax_rt","numeric",500,0,0,244,"0.00 / 0.00 / 0.00 / 71933.76 / 302946.99","","no PLIDA metadata match by dataset+variable","","","Tax rate 2021-22","Tax rate for 2022 Financial Year, to 4 decimal places","2022-23"
"blade","BLADE","blade-table-06-business-income-tax-bit","c_fy_2022_to_fy_2019_tax_lss_cba","numeric",500,0,0,244,"0.00 / 0.00 / 0.00 / 71933.76 / 302946.99","","no PLIDA metadata match by dataset+variable","","","Tax loss 2021-22 carried back to 2018-19","Numeric response ($)","2021-22;2022-23"
"blade","BLADE","blade-table-06-business-income-tax-bit","c_fy_2022_to_fy_2020_tax_lss_cba","numeric",500,0,0,244,"0.00 / 0.00 / 0.00 / 71933.76 / 302946.99","","no PLIDA metadata match by dataset+variable","","","Tax loss 2021-22 carried back to 2019-20","Numeric response ($)","2021-22;2022-23"
"blade","BLADE","blade-table-06-business-income-tax-bit","c_fy_2022_to_fy_2021_tax_lss_cba","numeric",500,0,0,244,"0.00 / 0.00 / 0.00 / 71933.76 / 302946.99","","no PLIDA metadata match by dataset+variable","","","Tax loss 2021-22 carried back to 2020-21","Numeric response ($)","2021-22;2022-23"
"blade","BLADE","blade-table-06-business-income-tax-bit","c_fy_2023_to_fy_2019_tax_lss_cba","numeric",500,0,0,244,"0.00 / 0.00 / 0.00 / 71933.76 / 302946.99","","no PLIDA metadata match by dataset+variable","","","Tax loss 2022-23 carried back to 2018-19","Numeric response ($)","2022-23"
"blade","BLADE","blade-table-06-business-income-tax-bit","c_fy_2023_to_fy_2020_tax_lss_cba","numeric",500,0,0,244,"0.00 / 0.00 / 0.00 / 71933.76 / 302946.99","","no PLIDA metadata match by dataset+variable","","","Tax loss 2022-23 carried back to 2019-20","Numeric response ($)","2022-23"
"blade","BLADE","blade-table-06-business-income-tax-bit","c_fy_2023_to_fy_2021_tax_lss_cba","numeric",500,0,0,244,"0.00 / 0.00 / 0.00 / 71933.76 / 302946.99","","no PLIDA metadata match by dataset+variable","","","Tax loss 2022-23 carried back to 2020-21","Numeric response ($)","2022-23"
"blade","BLADE","blade-table-06-business-income-tax-bit","c_fy_2023_to_fy_2022_tax_lss_cba","numeric",500,0,0,244,"0.00 / 0.00 / 0.00 / 71933.76 / 302946.99","","no PLIDA metadata match by dataset+variable","","","Tax loss 2022-23 carried back to 2021-22","Numeric response ($)","2022-23"
"blade","BLADE","blade-table-06-business-income-tax-bit","c_govind","integer",500,257,51.4,5,"1 / 2 / 3 / 4 / 5","1; 2; 3; 4; 5","no PLIDA metadata match by dataset+variable","","","Assessable government industry payments","Numeric response ($)","2001-02;2002-03;2003-04;2004-05;2005-06;2006-07;2007-08;2008-09;2009-10;2010-11;2011-12;2012-13;2013-14;2014-15;2015-16;2016-17;2017-18;2018-19;2019-20;2020-21;2021-22;2022-23"
"blade","BLADE","blade-table-06-business-income-tax-bit","c_govindcd","integer",500,257,51.4,2,"0 / 0 / 1 / 1 / 1","0; 1","no PLIDA metadata match by dataset+variable","","","Assessable government industry payments code","5 - D: diesel fuel rebate, a diesel and alternative fuels grant or energy grants credit scheme grant everything else - invalid response or no response given","2001-02;2002-03;2003-04;2004-05;2005-06;2006-07;2007-08;2008-09;2009-10;2010-11;2011-12;2012-13;2013-14;2014-15;2015-16;2016-17;2017-18;2018-19;2019-20;2020-21;2021-22;2022-23"
"blade","BLADE","blade-table-06-business-income-tax-bit","c_gpnabn","integer",500,257,51.4,2,"0 / 0 / 1 / 1 / 1","0; 1","no PLIDA metadata match by dataset+variable","","","Gross payments where ABN not quoted","Numeric response ($)","2001-02;2002-03;2003-04;2004-05;2005-06;2006-07;2007-08;2008-09;2009-10;2010-11;2011-12;2012-13;2013-14;2014-15;2015-16;2016-17;2017-18;2018-19;2019-20;2020-21;2021-22;2022-23"
"blade","BLADE","blade-table-06-business-income-tax-bit","c_grosdivd","numeric",500,0,0,244,"0.0 / 0.0 / 0.0 / 599891.8 / 1750360.4","","no PLIDA metadata match by dataset+variable","","","Total dividends","Numeric response ($)","2001-02;2002-03;2003-04;2004-05;2005-06;2006-07;2007-08;2008-09;2009-10;2010-11;2011-12;2012-13;2013-14;2014-15;2015-16;2016-17;2017-18;2018-19;2019-20;2020-21;2021-22;2022-23"
"blade","BLADE","blade-table-06-business-income-tax-bit","c_grosintr","numeric",500,0,0,244,"0.0 / 0.0 / 0.0 / 599891.8 / 1750360.4","","no PLIDA metadata match by dataset+variable","","","Gross interest","Numeric response ($)","2001-02;2002-03;2003-04;2004-05;2005-06;2006-07;2007-08;2008-09;2009-10;2010-11;2011-12;2012-13;2013-14;2014-15;2015-16;2016-17;2017-18;2018-19;2019-20;2020-21;2021-22;2022-23"
"blade","BLADE","blade-table-06-business-income-tax-bit","c_grosrent","numeric",500,0,0,244,"0.0 / 0.0 / 0.0 / 558811.8 / 1680346.0","","no PLIDA metadata match by dataset+variable","","","Gross rents, leasing and hiring","Numeric response ($)","2001-02;2002-03;2003-04;2004-05;2005-06;2006-07;2007-08;2008-09;2009-10;2010-11;2011-12;2012-13;2013-14;2014-15;2015-16;2016-17;2017-18;2018-19;2019-20;2020-21;2021-22;2022-23"
"blade","BLADE","blade-table-06-business-income-tax-bit","c_grs_txbl_cntrbtns_amt","numeric",500,0,0,244,"0.00 / 0.00 / 0.00 / 71933.76 / 302946.99","","no PLIDA metadata match by dataset+variable","","","Assessable contributions","Numeric response ($)","2019-20;2020-21;2021-22;2022-23"
"blade","BLADE","blade-table-06-business-income-tax-bit","c_grstx","integer",500,257,51.4,2,"0 / 0 / 1 / 1 / 1","0; 1","no PLIDA metadata match by dataset+variable","","","Gross tax","Numeric response ($)","2011-12;2012-13;2013-14;2014-15;2015-16;2016-17;2017-18;2018-19;2019-20;2020-21;2021-22;2022-23"
"blade","BLADE","blade-table-06-business-income-tax-bit","c_ic_sec102aam_amt","numeric",500,0,0,244,"0.00 / 0.00 / 0.00 / 71933.76 / 302946.99","","no PLIDA metadata match by dataset+variable","","","Section 102AAM interest charge","Numeric response ($)","2012-13;2013-14;2014-15;2015-16;2016-17;2017-18;2018-19;2019-20;2020-21;2021-22;2022-23"
"blade","BLADE","blade-table-06-business-income-tax-bit","c_ida_assbl_blncg_adjstmts_amt","numeric",500,0,0,244,"0.00 / 0.00 / 0.00 / 71933.76 / 302946.99","","no PLIDA metadata match by dataset+variable","","","Assessable balancing adjustments on the disposal of intangible depreciating assets","Numeric response ($)","2012-13;2013-14;2014-15;2015-16;2016-17;2017-18;2018-19;2019-20;2020-21;2021-22;2022-23"
"blade","BLADE","blade-table-06-business-income-tax-bit","c_ida_ddctbl_blncg_adjstmts_amt","numeric",500,0,0,244,"0.0 / 0.0 / 0.0 / 558811.8 / 1680346.0","","no PLIDA metadata match by dataset+variable","","","Deductible balancing adjustments on the disposal of intangible depreciating assets","Numeric response ($)","2012-13;2013-14;2014-15;2015-16;2016-17;2017-18;2018-19;2019-20;2020-21;2021-22;2022-23"
"blade","BLADE","blade-table-06-business-income-tax-bit","c_imdt_ddctn_for_ce_amt","numeric",500,0,0,244,"0.0 / 0.0 / 0.0 / 558811.8 / 1680346.0","","no PLIDA metadata match by dataset+variable","","","Immediate deduction for capital expenditure","Numeric response ($)","2012-13;2013-14;2014-15;2015-16;2016-17;2017-18;2018-19;2019-20;2020-21;2021-22;2022-23"
"blade","BLADE","blade-table-06-business-income-tax-bit","c_inclosp","numeric",500,0,0,244,"0.0 / 0.0 / 0.0 / 599891.8 / 1750360.4","","no PLIDA metadata match by dataset+variable","","","Gross distribution from partnerships","Numeric response ($)","2001-02;2002-03;2003-04;2004-05;2005-06;2006-07;2007-08;2008-09;2009-10;2010-11;2011-12;2012-13;2013-14;2014-15;2015-16;2016-17;2017-18;2018-19;2019-20;2020-21;2021-22;2022-23"
"blade","BLADE","blade-table-06-business-income-tax-bit","c_inclost","numeric",500,0,0,244,"0.0 / 0.0 / 0.0 / 599891.8 / 1750360.4","","no PLIDA metadata match by dataset+variable","","","Gross distribution from trusts","Numeric response ($)","2001-02;2002-03;2003-04;2004-05;2005-06;2006-07;2007-08;2008-09;2009-10;2010-11;2011-12;2012-13;2013-14;2014-15;2015-16;2016-17;2017-18;2018-19;2019-20;2020-21;2021-22;2022-23"
"blade","BLADE","blade-table-06-business-income-tax-bit","c_incm_fincl_arngmts_tofa_amt","numeric",500,0,0,244,"0.0 / 0.0 / 0.0 / 599891.8 / 1750360.4","","no PLIDA metadata match by dataset+variable","","","Income from financial arrangements (TOFA)","Numeric response ($)","2012-13;2013-14;2014-15"
"blade","BLADE","blade-table-06-business-income-tax-bit","c_inettrad","numeric",500,0,0,244,"0.00 / 0.00 / 0.00 / 27681.75 / 201008.77","","no PLIDA metadata match by dataset+variable","","","Internet Trading Indicator","Y - Yes N - No everything else - invalid response or no response given","2004-05;2005-06;2006-07;2007-08;2008-09;2009-10;2010-11;2011-12;2012-13;2013-14;2014-15;2015-16;2016-17;2017-18;2018-19"
"blade","BLADE","blade-table-06-business-income-tax-bit","c_intdepas","integer",500,257,51.4,2,"0 / 0 / 1 / 1 / 1","0; 1","no PLIDA metadata match by dataset+variable","","","Intangible depreciating assets first deducted","Numeric response ($)","2001-02;2002-03;2003-04;2004-05;2005-06;2006-07;2007-08;2008-09;2009-10;2010-11;2011-12;2012-13;2013-14;2014-15;2015-16;2016-17;2017-18;2018-19;2019-20;2020-21;2021-22;2022-23"
"blade","BLADE","blade-table-06-business-income-tax-bit","c_intdlgin","integer",500,257,51.4,2,"0 / 0 / 1 / 1 / 1","0; 1","no PLIDA metadata match by dataset+variable","","","International dealings indicator","Y - Yes N - No everything else - invalid response or no response given","2001-02;2002-03;2003-04;2004-05;2005-06;2006-07;2007-08;2008-09;2009-10;2010-11;2011-12;2012-13;2013-14;2014-15;2015-16;2016-17;2017-18;2018-19;2019-20;2020-21;2021-22;2022-23"
"blade","BLADE","blade-table-06-business-income-tax-bit","c_intexpau","integer",500,257,51.4,2,"0 / 0 / 1 / 1 / 1","0; 1","no PLIDA metadata match by dataset+variable","","","Interest expenses in Australia","Numeric response ($)","2001-02;2002-03;2003-04;2004-05;2005-06;2006-07;2007-08;2008-09;2009-10;2010-11;2011-12;2012-13;2013-14;2014-15;2015-16;2016-17;2017-18;2018-19;2019-20;2020-21;2021-22;2022-23"
"blade","BLADE","blade-table-06-business-income-tax-bit","c_intexpos","integer",500,257,51.4,2,"0 / 0 / 1 / 1 / 1","0; 1","no PLIDA metadata match by dataset+variable","","","Interest expenses overseas","Numeric response ($)","2001-02;2002-03;2003-04;2004-05;2005-06;2006-07;2007-08;2008-09;2009-10;2010-11;2011-12;2012-13;2013-14;2014-15;2015-16;2016-17;2017-18;2018-19;2019-20;2020-21;2021-22;2022-23"
"blade","BLADE","blade-table-06-business-income-tax-bit","c_it_pybl_notfncntrbtns_incm_amt","numeric",500,0,0,244,"0.0 / 0.0 / 0.0 / 599891.8 / 1750360.4","","no PLIDA metadata match by dataset+variable","","","Income tax payable on no-TFN contributions income","Numeric response ($)","2019-20;2020-21;2021-22;2022-23"
"blade","BLADE","blade-table-06-business-income-tax-bit","c_itm_6_incm_lab_psi_totl_amt","numeric",500,0,0,244,"0.0 / 0.0 / 0.0 / 599891.8 / 1750360.4","","no PLIDA metadata match by dataset+variable","","","Total amount of PSI included at item 6 income labels","Numeric response ($)","2019-20;2020-21;2021-22;2022-23"
"blade","BLADE","blade-table-06-business-income-tax-bit","c_itm6expnslabpsitotlddctnsamt","numeric",500,0,0,244,"0.0 / 0.0 / 0.0 / 558811.8 / 1680346.0","","no PLIDA metadata match by dataset+variable","","","Total amount of deductions against PSI included at item 6 expense labels","Numeric response ($)","2019-20;2020-21;2021-22;2022-23"
"blade","BLADE","blade-table-06-business-income-tax-bit","c_label_d","integer",500,257,51.4,2,"0 / 0 / 1 / 1 / 1","0; 1","no PLIDA metadata match by dataset+variable","","","Accounting expenditure in item 6 subject to R&D tax incentive","Numeric response ($)","2004-05;2005-06;2006-07;2007-08;2008-09;2009-10;2010-11;2011-12;2012-13;2013-14;2014-15;2015-16;2016-17;2017-18;2018-19;2019-20;2020-21;2021-22;2022-23"
"blade","BLADE","blade-table-06-business-income-tax-bit","c_label_l","integer",500,257,51.4,2,"0 / 0 / 1 / 1 / 1","0; 1","no PLIDA metadata match by dataset+variable","","","Australian owned R&D tax concession – not including label M","Numeric response ($)","2004-05;2005-06;2006-07;2007-08;2008-09;2009-10;2010-11;2011-12"
"blade","BLADE","blade-table-06-business-income-tax-bit","c_label_m","integer",500,257,51.4,2,"0 / 0 / 1 / 1 / 1","0; 1","no PLIDA metadata match by dataset+variable","","","Australian owned R&D – extra incremental 50% deduction","Numeric response ($)","2004-05;2005-06;2006-07;2007-08;2008-09;2009-10;2010-11;2011-12"
"blade","BLADE","blade-table-06-business-income-tax-bit","c_label_u","integer",500,257,51.4,2,"0 / 0 / 1 / 1 / 1","0; 1","no PLIDA metadata match by dataset+variable","","","R&D tax offset","Numeric response ($)","2004-05;2005-06;2006-07;2007-08;2008-09;2009-10;2010-11;2011-12"
"blade","BLADE","blade-table-06-business-income-tax-bit","c_label_y","integer",500,257,51.4,2,"0 / 0 / 1 / 1 / 1","0; 1","no PLIDA metadata match by dataset+variable","","","R&D tax offset, if chosen","Numeric response ($)","2004-05;2005-06;2006-07;2007-08;2008-09;2009-10;2010-11;2011-12"
"blade","BLADE","blade-table-06-business-income-tax-bit","c_leaexpau","integer",500,257,51.4,2,"0 / 0 / 1 / 1 / 1","0; 1","no PLIDA metadata match by dataset+variable","","","Lease expenses within Australia","Numeric response ($)","2001-02;2002-03;2003-04;2004-05;2005-06;2006-07;2007-08;2008-09;2009-10;2010-11;2011-12;2012-13;2013-14;2014-15;2015-16;2016-17;2017-18;2018-19;2019-20;2020-21;2021-22;2022-23"
"blade","BLADE","blade-table-06-business-income-tax-bit","c_leaexpos","integer",500,257,51.4,2,"0 / 0 / 1 / 1 / 1","0; 1","no PLIDA metadata match by dataset+variable","","","Lease expenses overseas","Numeric response ($)","2001-02;2002-03;2003-04;2004-05;2005-06;2006-07;2007-08;2008-09;2009-10;2010-11;2011-12;2012-13;2013-14;2014-15;2015-16;2016-17;2017-18;2018-19;2019-20;2020-21;2021-22;2022-23"
"blade","BLADE","blade-table-06-business-income-tax-bit","c_loans_to_srhldrs_amt","numeric",500,0,0,244,"0.00 / 0.00 / 0.00 / 71933.76 / 302946.99","","no PLIDA metadata match by dataset+variable","","","Loans to shareholders and their associates","Numeric response ($)","2012-13;2013-14;2014-15;2015-16;2016-17;2017-18;2018-19;2019-20;2020-21;2021-22;2022-23"
"blade","BLADE","blade-table-06-business-income-tax-bit","c_lss_crry_bck_to","integer",500,257,51.4,2,"0 / 0 / 1 / 1 / 1","0; 1","no PLIDA metadata match by dataset+variable","","","Loss carry-back tax offset","Numeric response ($)","2012-13;2013-14"
"blade","BLADE","blade-table-06-business-income-tax-bit","c_lss_crry_bck_to_amt","numeric",500,0,0,244,"0.00 / 0.00 / 0.00 / 71933.76 / 302946.99","","no PLIDA metadata match by dataset+variable","","","Loss Carry Back Tax Off set","Numeric response ($)","2020-21;2021-22;2022-23"
"blade","BLADE","blade-table-06-business-income-tax-bit","c_ltdexemp","integer",500,257,51.4,2,"0 / 0 / 1 / 1 / 1","0; 1","no PLIDA metadata match by dataset+variable","","","AFI - limited-exemption listed country","Numeric response ($)","2001-02;2002-03;2003-04;2004-05;2005-06;2006-07;2007-08;2008-09;2009-10;2010-11;2011-12;2012-13;2013-14;2014-15"
"blade","BLADE","blade-table-06-business-income-tax-bit","c_mnngtrnsptprjplalloccetotlamt","numeric",500,0,0,244,"0.00 / 0.00 / 0.00 / 71933.76 / 302946.99","","no PLIDA metadata match by dataset+variable","","","Total mining &/or transport capital expenditure allocated to project pool, deductible this income yr","Numeric response ($)","2019-20;2020-21;2021-22;2022-23"
"blade","BLADE","blade-table-06-business-income-tax-bit","c_motrexps","numeric",500,0,0,244,"0.0 / 0.0 / 0.0 / 558811.8 / 1680346.0","","no PLIDA metadata match by dataset+variable","","","Motor vehicle expenses","Numeric response ($)","2001-02;2002-03;2003-04;2004-05;2005-06;2006-07;2007-08;2008-09;2009-10;2010-11;2011-12;2012-13;2013-14;2014-15;2015-16;2016-17;2017-18;2018-19;2019-20;2020-21;2021-22;2022-23"
"blade","BLADE","blade-table-06-business-income-tax-bit","c_ncg_amt","numeric",500,0,0,244,"0.00 / 0.00 / 0.00 / 71933.76 / 302946.99","","no PLIDA metadata match by dataset+variable","","","Net capital gain","Numeric response ($)","2012-13;2013-14;2014-15;2015-16;2016-17;2017-18;2018-19;2019-20;2020-21;2021-22;2022-23"
"blade","BLADE","blade-table-06-business-income-tax-bit","c_net_rsas_ti_amt","numeric",500,0,0,244,"0.00 / 0.00 / 0.00 / 27681.75 / 201008.77","","no PLIDA metadata match by dataset+variable","","","Net taxable income from Retirement Savings Accounts (RSAs)","Numeric response ($)","2019-20;2020-21;2021-22;2022-23"
"blade","BLADE","blade-table-06-business-income-tax-bit","c_netcptlgain_cmplygspntncls_amt","numeric",500,0,0,244,"0.00 / 0.00 / 0.00 / 27681.75 / 201008.77","","no PLIDA metadata match by dataset+variable","","","Net capital gain - complying superannuation class","Numeric response ($)","2019-20;2020-21;2021-22;2022-23"
"blade","BLADE","blade-table-06-business-income-tax-bit","c_netcptlgaincmplygordnrycls_amt","numeric",500,0,0,244,"0.00 / 0.00 / 0.00 / 27681.75 / 201008.77","","no PLIDA metadata match by dataset+variable","","","Net capital gain - ordinary class","Numeric response ($)","2019-20;2020-21;2021-22;2022-23"
"blade","BLADE","blade-table-06-business-income-tax-bit","c_netfrinc","numeric",500,0,0,244,"0.00 / 0.00 / 0.00 / 27681.75 / 201008.77","","no PLIDA metadata match by dataset+variable","","","Net foreign income","Numeric response ($)","2001-02;2002-03;2003-04;2004-05;2005-06;2006-07;2007-08;2008-09;2009-10;2010-11;2011-12;2012-13;2013-14;2014-15;2015-16;2016-17;2017-18;2018-19;2019-20;2020-21;2021-22;2022-23"
"blade","BLADE","blade-table-06-business-income-tax-bit","c_nlcf_amt","numeric",500,0,0,244,"0.00 / 0.00 / 0.00 / 71933.76 / 302946.99","","no PLIDA metadata match by dataset+variable","","","Net capital losses carried forward to later income years","Numeric response ($)","2018-19;2019-20;2020-21;2021-22;2022-23"
"blade","BLADE","blade-table-06-business-income-tax-bit","c_no_tfn_cntrbtns_incm_amt","numeric",500,0,0,244,"0.0 / 0.0 / 0.0 / 599891.8 / 1750360.4","","no PLIDA metadata match by dataset+variable","","","No-TFN contributions income","Numeric response ($)","2019-20;2020-21;2021-22;2022-23"
"blade","BLADE","blade-table-06-business-income-tax-bit","c_non_ddctbl_expnss_amt","numeric",500,0,0,244,"0.0 / 0.0 / 0.0 / 558811.8 / 1680346.0","","no PLIDA metadata match by dataset+variable","","","Non-deductible expenses","Numeric response ($)","2012-13;2013-14;2014-15;2015-16;2016-17;2017-18;2018-19;2019-20;2020-21;2021-22;2022-23"
"blade","BLADE","blade-table-06-business-income-tax-bit","c_nondedex","numeric",500,0,0,244,"0.0 / 0.0 / 0.0 / 558811.8 / 1680346.0","","no PLIDA metadata match by dataset+variable","","","Non-deductible exempt income expenditure","Numeric response ($)","2001-02;2002-03;2003-04;2004-05;2005-06;2006-07;2007-08;2008-09;2009-10;2010-11;2011-12;2012-13;2013-14;2014-15;2015-16;2016-17;2017-18;2018-19;2019-20;2020-21;2021-22;2022-23"
"blade","BLADE","blade-table-06-business-income-tax-bit","c_nonrfnblefcfto","integer",500,257,51.4,2,"0 / 0 / 1 / 1 / 1","0; 1","no PLIDA metadata match by dataset+variable","","","Non‑refundable carry forward tax offsets","Numeric response ($)","2011-12;2012-13;2013-14;2014-15;2015-16;2016-17;2017-18;2018-19;2019-20;2020-21;2021-22;2022-23"
"blade","BLADE","blade-table-06-business-income-tax-bit","c_nonrfnblencfto","integer",500,257,51.4,2,"0 / 0 / 1 / 1 / 1","0; 1","no PLIDA metadata match by dataset+variable","","","Non‑refundable non‑carry forward tax offsets","Numeric response ($)","2011-12;2012-13;2013-14;2014-15;2015-16;2016-17;2017-18;2018-19;2019-20;2020-21;2021-22;2022-23"
"blade","BLADE","blade-table-06-business-income-tax-bit","c_nras_tax_ofst_entlmt_amt","numeric",500,0,0,244,"0.00 / 0.00 / 0.00 / 71933.76 / 302946.99","","no PLIDA metadata match by dataset+variable","","","National rental affordability scheme tax offset entitlement","Numeric response ($)","2018-19;2019-20;2020-21;2021-22;2022-23"
"blade","BLADE","blade-table-06-business-income-tax-bit","c_oaincm","numeric",500,0,0,244,"0.0 / 0.0 / 0.0 / 599891.8 / 1750360.4","","no PLIDA metadata match by dataset+variable","","","Other Assessable Income","Numeric response ($)","2001-02;2002-03;2003-04;2004-05;2005-06;2006-07;2007-08;2008-09;2009-10;2010-11;2011-12;2012-13;2013-14;2014-15;2015-16;2016-17;2017-18;2018-19;2019-20;2020-21;2021-22;2022-23"
"blade","BLADE","blade-table-06-business-income-tax-bit","c_obi_amt","numeric",500,0,0,244,"0.00 / 0.00 / 0.00 / 71933.76 / 302946.99","","no PLIDA metadata match by dataset+variable","","","Offshore banking unit adjustment","Numeric response ($)","2012-13;2013-14;2014-15;2015-16;2016-17;2017-18;2018-19;2019-20;2020-21;2021-22;2022-23"
"blade","BLADE","blade-table-06-business-income-tax-bit","c_opnstock","numeric",500,0,0,244,"0.00 / 0.00 / 0.00 / 71933.76 / 302946.99","","no PLIDA metadata match by dataset+variable","","","Opening stock","Numeric response ($)","2001-02;2002-03;2003-04;2004-05;2005-06;2006-07;2007-08;2008-09;2009-10;2010-11;2011-12;2012-13;2013-14;2014-15;2015-16;2016-17;2017-18;2018-19;2019-20;2020-21;2021-22;2022-23"
"blade","BLADE","blade-table-06-business-income-tax-bit","c_oproloss","numeric",500,0,0,244,"0.00 / 0.00 / 0.00 / 27681.75 / 201008.77","","no PLIDA metadata match by dataset+variable","","","Operating profit or loss","Numeric response ($)","2001-02;2002-03;2003-04;2004-05;2005-06"
"blade","BLADE","blade-table-06-business-income-tax-bit","c_othdepas","integer",500,257,51.4,2,"0 / 0 / 1 / 1 / 1","0; 1","no PLIDA metadata match by dataset+variable","","","Other depreciating assets first deducted","Numeric response ($)","2001-02;2002-03;2003-04;2004-05;2005-06;2006-07;2007-08;2008-09;2009-10;2010-11;2011-12;2012-13;2013-14;2014-15;2015-16;2016-17;2017-18;2018-19;2019-20;2020-21;2021-22;2022-23"
"blade","BLADE","blade-table-06-business-income-tax-bit","c_othgrinc","numeric",500,0,0,244,"0.0 / 0.0 / 0.0 / 599891.8 / 1750360.4","","no PLIDA metadata match by dataset+variable","","","Other gross income","Numeric response ($)","2001-02;2002-03;2003-04;2004-05;2005-06;2006-07;2007-08;2008-09;2009-10;2010-11;2011-12;2012-13;2013-14;2014-15;2015-16;2016-17;2017-18;2018-19;2019-20;2020-21;2021-22;2022-23"
"blade","BLADE","blade-table-06-business-income-tax-bit","c_othr_ddctable_expnss_amt","numeric",500,0,0,244,"0.0 / 0.0 / 0.0 / 558811.8 / 1680346.0","","no PLIDA metadata match by dataset+variable","","","Other deductible expenses","Numeric response ($)","2012-13;2013-14;2014-15;2015-16;2016-17;2017-18;2018-19;2019-20;2020-21;2021-22;2022-23"
"blade","BLADE","blade-table-06-business-income-tax-bit","c_othr_instscrsandofsts_totl_amt","numeric",500,0,0,244,"0.00 / 0.00 / 0.00 / 71933.76 / 302946.99","","no PLIDA metadata match by dataset+variable","","","Eligible credits","Numeric response ($)","2012-13;2013-14;2014-15;2015-16;2016-17;2017-18;2018-19;2019-20;2020-21;2021-22;2022-23"
"blade","BLADE","blade-table-06-business-income-tax-bit","c_othrexps","numeric",500,0,0,244,"0.0 / 0.0 / 0.0 / 558811.8 / 1680346.0","","no PLIDA metadata match by dataset+variable","","","All other expenses","Numeric response ($)","2001-02;2002-03;2003-04;2004-05;2005-06;2006-07;2007-08;2008-09;2009-10;2010-11;2011-12;2012-13;2013-14;2014-15;2015-16;2016-17;2017-18;2018-19;2019-20;2020-21;2021-22;2022-23"
"blade","BLADE","blade-table-06-business-income-tax-bit","c_otincnia","numeric",500,0,0,244,"0.0 / 0.0 / 0.0 / 599891.8 / 1750360.4","","no PLIDA metadata match by dataset+variable","","","Other Income not included in assessable Income","Numeric response ($)","2001-02;2002-03;2003-04;2004-05;2005-06;2006-07;2007-08;2008-09;2009-10;2010-11;2011-12;2012-13;2013-14;2014-15;2015-16;2016-17;2017-18;2018-19;2019-20;2020-21;2021-22;2022-23"
"blade","BLADE","blade-table-06-business-income-tax-bit","c_ovintind","integer",500,257,51.4,5,"1 / 2 / 3 / 4 / 5","1; 2; 3; 4; 5","no PLIDA metadata match by dataset+variable","","","Overseas interest indicator","Y - Yes N - No everything else - invalid response or no response given","2001-02;2002-03;2003-04;2004-05;2005-06;2006-07;2007-08;2008-09;2009-10;2010-11;2011-12;2012-13;2014-15;2015-16;2016-17;2017-18;2018-19;2019-20;2020-21;2021-22;2022-23"
"blade","BLADE","blade-table-06-business-income-tax-bit","c_payassoc","numeric",500,0,0,244,"0.00 / 0.00 / 0.00 / 71933.76 / 302946.99","","no PLIDA metadata match by dataset+variable","","","Payments to associated persons","Numeric response ($)","2001-02;2002-03;2003-04;2004-05;2005-06;2006-07;2007-08;2008-09;2009-10;2010-11;2011-12;2012-13;2013-14;2014-15;2015-16;2016-17;2017-18;2018-19;2019-20;2020-21;2021-22;2022-23"
"blade","BLADE","blade-table-06-business-income-tax-bit","c_pcnonmem","integer",500,257,51.4,2,"0 / 0 / 1 / 1 / 1","0; 1","no PLIDA metadata match by dataset+variable","","","Licensed clubs: percentage of non-member income","Numeric response (%)","2001-02;2002-03;2003-04;2004-05;2005-06;2006-07;2007-08;2008-09;2009-10;2010-11;2011-12;2012-13;2013-14;2014-15;2015-16;2016-17;2017-18;2018-19;2019-20;2020-21;2021-22;2022-23"
"blade","BLADE","blade-table-06-business-income-tax-bit","c_prjct_pool_ddctn_amt","numeric",500,0,0,244,"0.0 / 0.0 / 0.0 / 558811.8 / 1680346.0","","no PLIDA metadata match by dataset+variable","","","Deduction for project pool","Numeric response ($)","2012-13;2013-14;2014-15;2015-16;2016-17;2017-18;2018-19;2019-20;2020-21;2021-22;2022-23"
"blade","BLADE","blade-table-06-business-income-tax-bit","c_purcost","numeric",500,0,0,244,"0.0 / 0.0 / 0.0 / 558811.8 / 1680346.0","","no PLIDA metadata match by dataset+variable","","","Purchases and other costs","Numeric response ($)","2001-02;2002-03;2003-04;2004-05;2005-06;2006-07;2007-08;2008-09;2009-10;2010-11;2011-12;2012-13;2013-14;2014-15;2015-16;2016-17;2017-18;2018-19;2019-20;2020-21;2021-22;2022-23"
"blade","BLADE","blade-table-06-business-income-tax-bit","c_pygis_rsd_amt","numeric",500,0,0,244,"0.00 / 0.00 / 0.00 / 71933.76 / 302946.99","","no PLIDA metadata match by dataset+variable","","","PAYG instalments raised","Numeric response ($)","2012-13;2013-14;2014-15;2015-16;2016-17;2017-18;2018-19;2019-20;2020-21;2021-22;2022-23"
"blade","BLADE","blade-table-06-business-income-tax-bit","c_rclclt_efctv_lf_ind","integer",500,257,51.4,5,"1 / 2 / 3 / 4 / 5","1; 2; 3; 4; 5","no PLIDA metadata match by dataset+variable","","","Did you recalculate the effective life for any of your assets this income year?","Y - Yes N - No everything else - invalid response or no response given","2019-20;2020-21;2021-22;2022-23"
"blade","BLADE","blade-table-06-business-income-tax-bit","c_rdnfto","integer",500,257,51.4,2,"0 / 0 / 1 / 1 / 1","0; 1","no PLIDA metadata match by dataset+variable","","","Non‑refundable R&D tax offset","Numeric response ($)","2011-12;2012-13;2013-14;2014-15;2015-16;2016-17;2017-18;2018-19;2019-20;2020-21;2021-22;2022-23"
"blade","BLADE","blade-table-06-business-income-tax-bit","c_rdnftocf","integer",500,257,51.4,2,"0 / 0 / 1 / 1 / 1","0; 1","no PLIDA metadata match by dataset+variable","","","Non‑refundable R&D tax offset carried forward to next year","Numeric response ($)","2011-12;2012-13;2013-14;2014-15;2015-16;2016-17;2017-18;2018-19;2019-20;2020-21;2021-22;2022-23"
"blade","BLADE","blade-table-06-business-income-tax-bit","c_rdnftocy","integer",500,257,51.4,2,"0 / 0 / 1 / 1 / 1","0; 1","no PLIDA metadata match by dataset+variable","","","Non‑refundable R&D tax offset to be utilised in current year","Numeric response ($)","2011-12;2012-13;2013-14;2014-15;2015-16;2016-17;2017-18;2018-19;2019-20;2020-21;2021-22;2022-23"
"blade","BLADE","blade-table-06-business-income-tax-bit","c_rdnrfcfpyr","integer",500,257,51.4,2,"0 / 0 / 1 / 1 / 1","0; 1","no PLIDA metadata match by dataset+variable","","","Non‑refundable R&D tax offset carried forward from previous year","Numeric response ($)","2012-13;2013-14;2014-15;2015-16;2016-17;2017-18;2018-19;2019-20;2020-21;2021-22;2022-23"
"blade","BLADE","blade-table-06-business-income-tax-bit","c_rdrt","integer",500,257,51.4,5,"1 / 2 / 3 / 4 / 5","1; 2; 3; 4; 5","no PLIDA metadata match by dataset+variable","","","R&D recoupment tax","Numeric response ($)","2011-12;2012-13;2013-14;2014-15;2015-16;2016-17;2017-18;2018-19;2019-20;2020-21;2021-22"
"blade","BLADE","blade-table-06-business-income-tax-bit","c_rdrto","integer",500,257,51.4,2,"0 / 0 / 1 / 1 / 1","0; 1","no PLIDA metadata match by dataset+variable","","","Refundable R&D tax offset","Numeric response ($)","2011-12;2012-13;2013-14;2014-15;2015-16;2016-17;2017-18;2018-19;2019-20;2020-21;2021-22;2022-23"
"blade","BLADE","blade-table-06-business-income-tax-bit","c_rentexps","numeric",500,0,0,244,"0.0 / 0.0 / 0.0 / 558811.8 / 1680346.0","","no PLIDA metadata match by dataset+variable","","","Rent expenses","Numeric response ($)","2001-02;2002-03;2003-04;2004-05;2005-06;2006-07;2007-08;2008-09;2009-10;2010-11;2011-12;2012-13;2013-14;2014-15;2015-16;2016-17;2017-18;2018-19;2019-20;2020-21;2021-22;2022-23"
"blade","BLADE","blade-table-06-business-income-tax-bit","c_repmaint","integer",500,257,51.4,2,"0 / 0 / 1 / 1 / 1","0; 1","no PLIDA metadata match by dataset+variable","","","Repairs and maintenance","Numeric response ($)","2001-02;2002-03;2003-04;2004-05;2005-06;2006-07;2007-08;2008-09;2009-10;2010-11;2011-12;2012-13;2013-14;2014-15;2015-16;2016-17;2017-18;2018-19;2019-20;2020-21;2021-22;2022-23"
"blade","BLADE","blade-table-06-business-income-tax-bit","c_rfnbltaxo","numeric",500,0,0,244,"0.00 / 0.00 / 0.00 / 71933.76 / 302946.99","","no PLIDA metadata match by dataset+variable","","","Refundable tax offsets","Numeric response ($)","2011-12;2012-13;2013-14;2014-15;2015-16;2016-17;2017-18;2018-19;2019-20;2020-21;2021-22;2022-23"
"blade","BLADE","blade-table-06-business-income-tax-bit","c_rmndr_of_rfndbl_tos_amt","numeric",500,0,0,244,"0.00 / 0.00 / 0.00 / 71933.76 / 302946.99","","no PLIDA metadata match by dataset+variable","","","Remainder of refundable tax offsets","Numeric response ($)","2012-13;2013-14;2014-15;2015-16;2016-17;2017-18;2018-19;2019-20;2020-21;2021-22;2022-23"
"blade","BLADE","blade-table-06-business-income-tax-bit","c_royexpau","integer",500,257,51.4,2,"0 / 0 / 1 / 1 / 1","0; 1","no PLIDA metadata match by dataset+variable","","","Royalty expenses in Australia","Numeric response ($)","2001-02;2002-03;2003-04;2004-05;2005-06;2006-07;2007-08;2008-09;2009-10;2010-11;2011-12;2012-13;2013-14;2014-15;2015-16;2016-17;2017-18;2018-19;2019-20;2020-21;2021-22;2022-23"
"blade","BLADE","blade-table-06-business-income-tax-bit","c_royexpos","integer",500,257,51.4,2,"0 / 0 / 1 / 1 / 1","0; 1","no PLIDA metadata match by dataset+variable","","","Royalty expenses overseas","Numeric response ($)","2001-02;2002-03;2003-04;2004-05;2005-06;2006-07;2007-08;2008-09;2009-10;2010-11;2011-12;2012-13;2013-14;2014-15;2015-16;2016-17;2017-18;2018-19;2019-20;2020-21;2021-22;2022-23"
"blade","BLADE","blade-table-06-business-income-tax-bit","c_rprt_typ_cd","integer",500,257,51.4,5,"1 / 2 / 3 / 4 / 5","1; 2; 3; 4; 5","no PLIDA metadata match by dataset+variable","","","Country by country reporting entity","5 - Country by country reporting entity everything else - invalid response or no response given","2019-20;2020-21;2021-22;2022-23"
"blade","BLADE","blade-table-06-business-income-tax-bit","c_sales","numeric",500,0,0,244,"0.0 / 0.0 / 0.0 / 619580.9 / 1683038.8","","no PLIDA metadata match by dataset+variable","","","Other sales of goods and services","Numeric response ($)","2001-02;2002-03;2003-04;2004-05;2005-06;2006-07;2007-08;2008-09;2009-10;2010-11;2011-12;2012-13;2013-14;2014-15;2015-16;2016-17;2017-18;2018-19;2019-20;2020-21;2021-22;2022-23"
"blade","BLADE","blade-table-06-business-income-tax-bit","c_sbsq_yr_ast_dprtn_bbi_ddctn_to","integer",500,257,51.4,1,"2023 / 2023 / 2023 / 2023 / 2023","2023","no PLIDA metadata match by dataset+variable","","","Subsequent year accelerated depreciation deductions for assets using Backing Business Investment","Numeric response ($)","2020-21;2021-22;2022-23"
"blade","BLADE","blade-table-06-business-income-tax-bit","c_sec_46fa_ddctn_amt","numeric",500,0,0,244,"0.0 / 0.0 / 0.0 / 558811.8 / 1680346.0","","no PLIDA metadata match by dataset+variable","","","Section 46FA deductions for flow-on dividends","Numeric response ($)","2012-13;2013-14;2014-15;2015-16;2016-17;2017-18;2018-19;2019-20;2020-21;2021-22;2022-23"
"blade","BLADE","blade-table-06-business-income-tax-bit","c_sec40_880_ddctn_amt","numeric",500,0,0,244,"0.0 / 0.0 / 0.0 / 558811.8 / 1680346.0","","no PLIDA metadata match by dataset+variable","","","Section 40-880 deduction","Numeric response ($)","2012-13;2013-14;2014-15;2015-16;2016-17;2017-18;2018-19;2019-20;2020-21;2021-22;2022-23"
"blade","BLADE","blade-table-06-business-income-tax-bit","c_self_assd_efctv_lf_ind","integer",500,257,51.4,5,"1 / 2 / 3 / 4 / 5","1; 2; 3; 4; 5","no PLIDA metadata match by dataset+variable","","","Have you self-assessed the effective life of any of these assets?","Y - Yes N - No everything else - invalid response or no response given","2019-20;2020-21;2021-22;2022-23"
"blade","BLADE","blade-table-06-business-income-tax-bit","c_sharhold","integer",500,257,51.4,2,"0 / 0 / 1 / 1 / 1","0; 1","no PLIDA metadata match by dataset+variable","","","Shareholders funds","Numeric response ($)","2001-02;2002-03;2003-04;2004-05;2005-06;2006-07;2007-08;2008-09;2009-10;2010-11;2011-12"
"blade","BLADE","blade-table-06-business-income-tax-bit","c_sml_and_mdm_entrprss_incm_amt","numeric",500,0,0,244,"0.0 / 0.0 / 0.0 / 599891.8 / 1750360.4","","no PLIDA metadata match by dataset+variable","","","Small and medium sized enterprises income","Numeric response ($)","2019-20;2020-21;2021-22;2022-23"
"blade","BLADE","blade-table-06-business-income-tax-bit","c_sobastin","integer",500,257,51.4,2,"0 / 0 / 1 / 1 / 1","0; 1","no PLIDA metadata match by dataset+variable","","","Status of your business","5 - Ceased business 10 - Commenced business 15 - Continuing business everything else - invalid response or no response given","2001-02;2002-03;2003-04;2004-05;2005-06;2006-07;2007-08;2008-09;2009-10;2010-11;2011-12;2012-13;2013-14;2014-15;2015-16;2016-17;2017-18;2018-19;2019-20;2020-21;2021-22;2022-23"
"blade","BLADE","blade-table-06-business-income-tax-bit","c_sobconin","integer",500,257,51.4,2,"0 / 0 / 1 / 1 / 1","0; 1","no PLIDA metadata match by dataset+variable","","","Status of company - Consolidated head company, Consolidated subsidiary member","5 - Consolidated head company 10 - Consolidated subsidiary member everything else - invalid response or no response given","2012-13;2013-14;2014-15;2015-16;2016-17;2017-18;2018-19;2019-20;2020-21;2021-22;2022-23"
"blade","BLADE","blade-table-06-business-income-tax-bit","c_sobresin","integer",500,257,51.4,2,"0 / 0 / 1 / 1 / 1","0; 1","no PLIDA metadata match by dataset+variable","","","Status of company - residency","5 - Blank 15 - Resident 20 - Non-resident no permanent estab. 25 - Non-resident with permanent estab. everything else - invalid response or no response given","2016-17;2017-18;2018-19;2019-20;2020-21;2021-22;2022-23"
"blade","BLADE","blade-table-06-business-income-tax-bit","c_sts_dprtgasts_ddctn_lowcst_amt","numeric",500,0,0,244,"0.0 / 0.0 / 0.0 / 558811.8 / 1680346.0","","no PLIDA metadata match by dataset+variable","","","Deduction for low cost assets","Numeric response ($)","2019-20;2020-21;2021-22;2022-23"
"blade","BLADE","blade-table-06-business-income-tax-bit","c_sts_dprtgastsddctngnrlpool_amt","numeric",500,0,0,244,"0.0 / 0.0 / 0.0 / 558811.8 / 1680346.0","","no PLIDA metadata match by dataset+variable","","","Deduction for general","Numeric response ($)","2019-20;2020-21;2021-22;2022-23"
"blade","BLADE","blade-table-06-business-income-tax-bit","c_subt2","integer",500,257,51.4,2,"0 / 0 / 1 / 1 / 1","0; 1","no PLIDA metadata match by dataset+variable","","","Subtotal 1","Numeric response ($)","2011-12;2012-13;2013-14;2014-15;2015-16;2016-17;2017-18;2018-19;2019-20;2020-21;2021-22;2022-23"
"blade","BLADE","blade-table-06-business-income-tax-bit","c_subt3","integer",500,257,51.4,2,"0 / 0 / 1 / 1 / 1","0; 1","no PLIDA metadata match by dataset+variable","","","Subtotal 2","Numeric response ($)","2011-12;2012-13;2013-14;2014-15;2015-16;2016-17;2017-18;2018-19;2019-20;2020-21;2021-22;2022-23"
"blade","BLADE","blade-table-06-business-income-tax-bit","c_subt4","integer",500,257,51.4,2,"0 / 0 / 1 / 1 / 1","0; 1","no PLIDA metadata match by dataset+variable","","","Subtotal 3","Numeric response ($)","2011-12;2012-13;2013-14;2014-15;2015-16;2016-17;2017-18;2018-19;2019-20;2020-21;2021-22;2022-23"
"blade","BLADE","blade-table-06-business-income-tax-bit","c_subt5","integer",500,257,51.4,2,"0 / 0 / 1 / 1 / 1","0; 1","no PLIDA metadata match by dataset+variable","","","Tax payable","Numeric response ($)","2011-12;2012-13;2013-14;2014-15;2015-16;2016-17;2017-18;2018-19;2019-20;2020-21;2021-22;2022-23"
"blade","BLADE","blade-table-06-business-income-tax-bit","c_superann","numeric",500,0,0,244,"0.0 / 0.0 / 0.0 / 558811.8 / 1680346.0","","no PLIDA metadata match by dataset+variable","","","Superannuation expenses","Numeric response ($)","2001-02;2002-03;2003-04;2004-05;2005-06;2006-07;2007-08;2008-09;2009-10;2010-11;2011-12;2012-13;2013-14;2014-15;2015-16;2016-17;2017-18;2018-19;2019-20;2020-21;2021-22;2022-23"
"blade","BLADE","blade-table-06-business-income-tax-bit","c_tax_pybl_or_rfndbl_totl_amt","numeric",500,0,0,244,"0.00 / 0.00 / 0.00 / 71933.76 / 302946.99","","no PLIDA metadata match by dataset+variable","","","Amount due or refundable","Numeric response ($)","2012-13;2013-14;2014-15;2015-16;2016-17;2017-18;2018-19;2019-20;2020-21;2021-22;2022-23"
"blade","BLADE","blade-table-06-business-income-tax-bit","c_taxassd","numeric",500,0,0,244,"0.00 / 0.00 / 0.00 / 71933.76 / 302946.99","","no PLIDA metadata match by dataset+variable","","","Tax assessed","Numeric response ($)","2001-02;2002-03;2003-04;2004-05;2005-06;2006-07;2007-08;2008-09;2009-10;2010-11"
"blade","BLADE","blade-table-06-business-income-tax-bit","c_taxicalc","numeric",500,0,0,244,"0.00 / 0.00 / 0.00 / 71933.76 / 302946.99","","no PLIDA metadata match by dataset+variable","","","Taxable income (calculation statement)","Numeric response ($)","2001-02;2002-03;2003-04;2004-05;2005-06;2006-07;2007-08;2008-09;2009-10;2010-11;2011-12;2012-13;2013-14;2014-15;2015-16;2016-17;2017-18;2018-19;2019-20;2020-21;2021-22;2022-23"
"blade","BLADE","blade-table-06-business-income-tax-bit","c_taxinc","numeric",500,0,0,244,"0.00 / 0.00 / 0.00 / 27681.75 / 201008.77","","no PLIDA metadata match by dataset+variable","","","Taxable income/loss","Numeric response ($)","2001-02;2002-03;2003-04;2004-05;2005-06;2006-07;2007-08;2008-09;2009-10;2010-11;2011-12;2012-13;2013-14;2014-15;2015-16;2016-17;2017-18;2018-19;2019-20;2020-21;2021-22;2022-23"
"blade","BLADE","blade-table-06-business-income-tax-bit","c_taxti","numeric",500,0,0,244,"0.00 / 0.00 / 0.00 / 71933.76 / 302946.99","","no PLIDA metadata match by dataset+variable","","","Tax on taxable income","Numeric response ($)","2011-12;2012-13;2013-14;2014-15;2015-16;2016-17;2017-18;2018-19;2019-20;2020-21;2021-22;2022-23"
"blade","BLADE","blade-table-06-business-income-tax-bit","c_terindep","integer",500,257,51.4,2,"0 / 0 / 1 / 1 / 1","0; 1","no PLIDA metadata match by dataset+variable","","","Termination value of intangible depreciating assets","Numeric response ($)","2001-02;2002-03;2003-04;2004-05;2005-06;2006-07;2007-08;2008-09;2009-10;2010-11;2011-12;2012-13;2013-14;2014-15;2015-16;2016-17;2017-18;2018-19;2019-20;2020-21;2021-22;2022-23"
"blade","BLADE","blade-table-06-business-income-tax-bit","c_terothde","integer",500,257,51.4,2,"0 / 0 / 1 / 1 / 1","0; 1","no PLIDA metadata match by dataset+variable","","","Termination value of other depreciating assets","Numeric response ($)","2001-02;2002-03;2003-04;2004-05;2005-06;2006-07;2007-08;2008-09;2009-10;2010-11;2011-12;2012-13;2013-14;2014-15;2015-16;2016-17;2017-18;2018-19;2019-20;2020-21;2021-22;2022-23"
"blade","BLADE","blade-table-06-business-income-tax-bit","c_tfe_bus_ddctn_amt","numeric",500,0,0,244,"0.0 / 0.0 / 0.0 / 558811.8 / 1680346.0","","no PLIDA metadata match by dataset+variable","","","Temporary full expensing - Temporary full expensing deductions","Numeric response ($)","2020-21;2021-22;2022-23"
"blade","BLADE","blade-table-06-business-income-tax-bit","c_tfe_elgbl_ast_opt_out_num","integer",500,257,51.4,2,"0 / 0 / 1 / 1 / 1","0; 1","no PLIDA metadata match by dataset+variable","","","Temporary full expensing - Number of assets you are opting out for","6 digit character","2020-21;2021-22;2022-23"
"blade","BLADE","blade-table-06-business-income-tax-bit","c_tfe_elgbl_ast_opt_out_val_amt","numeric",500,0,0,244,"0.00 / 0.00 / 0.00 / 71933.76 / 302946.99","","no PLIDA metadata match by dataset+variable","","","Temporary full expensing - Value of assets you are opting out for","Numeric response ($)","2020-21;2021-22;2022-23"
"blade","BLADE","blade-table-06-business-income-tax-bit","c_ti_cmplyg_spntn_cls_amt","numeric",500,0,0,244,"0.00 / 0.00 / 0.00 / 71933.76 / 302946.99","","no PLIDA metadata match by dataset+variable","","","Complying superannuation class","Numeric response ($)","2019-20;2020-21;2021-22;2022-23"
"blade","BLADE","blade-table-06-business-income-tax-bit","c_tlcf_amt","numeric",500,0,0,244,"0.00 / 0.00 / 0.00 / 71933.76 / 302946.99","","no PLIDA metadata match by dataset+variable","","","Tax losses carried forward to later income years","Numeric response ($)","2018-19;2019-20;2020-21;2021-22;2022-23"
"blade","BLADE","blade-table-06-business-income-tax-bit","c_tofa_trnstnl_blncg_adjstmt_amt","numeric",500,0,0,244,"0.00 / 0.00 / 0.00 / 71933.76 / 302946.99","","no PLIDA metadata match by dataset+variable","","","TOFA transitional balancing adjustment","Numeric response ($)","2012-13;2013-14;2014-15"
"blade","BLADE","blade-table-06-business-income-tax-bit","c_tofa34gainunrealsdmvmtinvalamt","numeric",500,0,0,244,"0.00 / 0.00 / 0.00 / 71933.76 / 302946.99","","no PLIDA metadata match by dataset+variable","","","TOFA gains from unrealised movements in the value of financial arrangements","Numeric response ($)","2012-13;2013-14;2014-15;2015-16;2016-17;2017-18;2018-19;2019-20;2020-21;2021-22;2022-23"
"blade","BLADE","blade-table-06-business-income-tax-bit","c_tofaddctnsfinclargmtnotitm6amt","numeric",500,0,0,244,"0.0 / 0.0 / 0.0 / 558811.8 / 1680346.0","","no PLIDA metadata match by dataset+variable","","","TOFA deductions from financial arrangements not included in item 6","Numeric response ($)","2012-13;2013-14;2014-15;2015-16;2016-17;2017-18;2018-19;2019-20;2020-21;2021-22;2022-23"
"blade","BLADE","blade-table-06-business-income-tax-bit","c_tofaincmfinclarngmtsnotincitm6","numeric",500,0,0,244,"0.0 / 0.0 / 0.0 / 599891.8 / 1750360.4","","no PLIDA metadata match by dataset+variable","","","TOFA income from financial arrangements not included in item 6","Numeric response ($)","2012-13;2013-14;2014-15;2015-16;2016-17;2017-18;2018-19;2019-20;2020-21;2021-22;2022-23"
"blade","BLADE","blade-table-06-business-income-tax-bit","c_toprolos","integer",500,257,51.4,2,"0 / 0 / 1 / 1 / 1","0; 1","no PLIDA metadata match by dataset+variable","","","Total profit or loss","Numeric response ($)","2001-02;2002-03;2003-04;2004-05;2005-06;2006-07;2007-08;2008-09;2009-10;2010-11;2011-12;2012-13;2013-14;2014-15;2015-16;2016-17;2017-18;2018-19;2019-20;2020-21;2021-22;2022-23"
"blade","BLADE","blade-table-06-business-income-tax-bit","c_totl_debt_amt","numeric",500,0,0,244,"0.00 / 0.00 / 0.00 / 71933.76 / 302946.99","","no PLIDA metadata match by dataset+variable","","","Total debt","Numeric response ($)","2012-13;2013-14;2014-15;2015-16;2016-17;2017-18;2018-19;2019-20;2020-21;2021-22;2022-23"
"blade","BLADE","blade-table-06-business-income-tax-bit","c_totl_tofa_gains_amt","numeric",500,0,0,244,"0.00 / 0.00 / 0.00 / 71933.76 / 302946.99","","no PLIDA metadata match by dataset+variable","","","Total TOFA gains","Numeric response ($)","2012-13;2013-14;2014-15;2015-16;2016-17;2017-18;2018-19;2019-20;2020-21;2021-22;2022-23"
"blade","BLADE","blade-table-06-business-income-tax-bit","c_totl_tofa_lsses_amt","numeric",500,0,0,244,"0.00 / 0.00 / 0.00 / 71933.76 / 302946.99","","no PLIDA metadata match by dataset+variable","","","Total TOFA losses","Numeric response ($)","2012-13;2013-14;2014-15;2015-16;2016-17;2017-18;2018-19;2019-20;2020-21;2021-22;2022-23"
"blade","BLADE","blade-table-06-business-income-tax-bit","c_totlasst","numeric",500,0,0,244,"0.00 / 0.00 / 0.00 / 71933.76 / 302946.99","","no PLIDA metadata match by dataset+variable","","","Total assets","Numeric response ($)","2001-02;2002-03;2003-04;2004-05;2005-06;2006-07;2007-08;2008-09;2009-10;2010-11;2011-12;2012-13;2013-14;2014-15;2015-16;2016-17;2017-18;2018-19;2019-20;2020-21;2021-22;2022-23"
"blade","BLADE","blade-table-06-business-income-tax-bit","c_totlexps","numeric",500,0,0,244,"0.0 / 0.0 / 0.0 / 558811.8 / 1680346.0","","no PLIDA metadata match by dataset+variable","","","Total expenses","Numeric response ($)","2001-02;2002-03;2003-04;2004-05;2005-06;2006-07;2007-08;2008-09;2009-10;2010-11;2011-12;2012-13;2013-14;2014-15;2015-16;2016-17;2017-18;2018-19;2019-20;2020-21;2021-22;2022-23"
"blade","BLADE","blade-table-06-business-income-tax-bit","c_totlinc","numeric",500,0,0,244,"0.0 / 0.0 / 0.0 / 599891.8 / 1750360.4","","no PLIDA metadata match by dataset+variable","","","Total income","Numeric response ($)","2001-02;2002-03;2003-04;2004-05;2005-06;2006-07;2007-08;2008-09;2009-10;2010-11;2011-12;2012-13;2013-14;2014-15;2015-16;2016-17;2017-18;2018-19;2019-20;2020-21;2021-22;2022-23"
"blade","BLADE","blade-table-06-business-income-tax-bit","c_totlliab","numeric",500,0,0,244,"0.00 / 0.00 / 0.00 / 71933.76 / 302946.99","","no PLIDA metadata match by dataset+variable","","","Total liabilities","Numeric response ($)","2001-02;2002-03;2003-04;2004-05;2005-06;2006-07;2007-08;2008-09;2009-10;2010-11;2011-12;2012-13;2013-14;2014-15;2015-16;2016-17;2017-18;2018-19;2019-20;2020-21;2021-22;2022-23"
"blade","BLADE","blade-table-06-business-income-tax-bit","c_totlwage","numeric",500,0,0,244,"0.0 / 0.0 / 0.0 / 285877.7 / 722334.3","","no PLIDA metadata match by dataset+variable","","","Total salaries and wage expenses","Numeric response ($)","2001-02;2002-03;2003-04;2004-05;2005-06;2006-07;2007-08;2008-09;2009-10;2010-11;2011-12;2012-13;2013-14;2014-15;2015-16;2016-17;2017-18;2018-19;2019-20;2020-21;2021-22;2022-23"
"blade","BLADE","blade-table-06-business-income-tax-bit","c_totwagcd","integer",500,257,51.4,2,"0 / 0 / 1 / 1 / 1","0; 1","no PLIDA metadata match by dataset+variable","","","Total salary and wage expenses action code","5 - A: All other expenses 10 - B: Included in both Cost of sales and All other expenses 15 - C: Included in the expense component of: Cost of sales 20 - O: Included in other than: Cost of sales and/or All other expenses everything else - invalid response or no response given","2001-02;2002-03;2003-04;2004-05;2005-06;2006-07;2007-08;2008-09;2009-10;2010-11;2011-12;2012-13;2013-14;2014-15;2015-16;2016-17;2017-18;2018-19;2019-20;2020-21;2021-22;2022-23"
"blade","BLADE","blade-table-06-business-income-tax-bit","c_txspcnty","integer",500,257,51.4,2,"0 / 0 / 1 / 1 / 1","0; 1","no PLIDA metadata match by dataset+variable","","","Transactions with specified countries","Y - Yes N - No everything else - invalid response or no response given","2003-04;2004-05;2005-06;2006-07;2007-08;2008-09;2009-10;2010-11;2011-12;2012-13;2013-14;2014-15;2015-16;2016-17;2017-18;2018-19;2019-20;2020-21;2021-22;2022-23"
"blade","BLADE","blade-table-06-business-income-tax-bit","c_uga","integer",500,257,51.4,2,"0 / 0 / 1 / 1 / 1","0; 1","no PLIDA metadata match by dataset+variable","","","Unrealised gains on revaluation of assets to fair value (income)","Numeric response ($)","2001-02;2002-03;2003-04;2004-05;2005-06;2006-07;2007-08;2008-09;2009-10;2010-11;2011-12;2012-13;2013-14;2014-15;2015-16;2016-17;2017-18;2018-19;2019-20;2020-21;2021-22;2022-23"
"blade","BLADE","blade-table-06-business-income-tax-bit","c_uhccntcd","integer",500,257,51.4,2,"0 / 0 / 1 / 1 / 1","0; 1","no PLIDA metadata match by dataset+variable","","","Ultimate holding company country code","See Appendix 3 for description of category codes","2001-02;2002-03;2003-04;2004-05;2005-06;2006-07;2007-08;2008-09;2009-10;2010-11;2011-12;2012-13;2013-14;2014-15;2015-16;2016-17;2017-18;2018-19;2019-20;2020-21;2021-22;2022-23"
"blade","BLADE","blade-table-06-business-income-tax-bit","c_ula","integer",500,257,51.4,2,"0 / 0 / 1 / 1 / 1","0; 1","no PLIDA metadata match by dataset+variable","","","Unrealised losses on revaluation of assets to fair value (expense)","Numeric response ($)","2001-02;2002-03;2003-04;2004-05;2005-06;2006-07;2007-08;2008-09;2009-10;2010-11;2011-12;2012-13;2013-14;2014-15;2015-16;2016-17;2017-18;2018-19;2019-20;2020-21;2021-22;2022-23"
"blade","BLADE","blade-table-06-business-income-tax-bit","c_unrgltd_invmt_incm_amt","numeric",500,0,0,244,"0.0 / 0.0 / 0.0 / 599891.8 / 1750360.4","","no PLIDA metadata match by dataset+variable","","","Unregulated investment income","Numeric response ($)","2019-20;2020-21;2021-22;2022-23"
"blade","BLADE","blade-table-06-business-income-tax-bit","c_wrt_off_dtl_itm_amt","numeric",500,0,0,244,"0.00 / 0.00 / 0.00 / 71933.76 / 302946.99","","no PLIDA metadata match by dataset+variable","","","Instant asset write-off deductions for non-small business entities","Numeric response ($)","2020-21"
"blade","BLADE","blade-table-06-business-income-tax-bit","i_anzsic","integer",500,500,100,0,"all missing","","no PLIDA metadata match by dataset+variable","","","ANZSIC code","5 digit character - see 'Business industry codes 2021' PDF for description of category codes","2001-02;2002-03;2003-04;2004-05;2005-06;2006-07;2007-08;2008-09;2009-10;2010-11;2011-12;2012-13;2013-14;2014-15;2015-16;2016-17;2017-18;2018-19;2019-20;2020-21;2021-22;2022-23"
"blade","BLADE","blade-table-06-business-income-tax-bit","i_asgidppp","integer",500,500,100,0,"all missing","","no PLIDA metadata match by dataset+variable","","","Assessable govt industry payments - PP","Numeric response ($)","2001-02;2002-03;2003-04;2004-05;2005-06;2006-07;2007-08;2008-09;2009-10;2010-11;2011-12;2012-13;2013-14;2014-15;2015-16;2016-17;2017-18;2018-19;2019-20;2020-21;2021-22;2022-23"
"blade","BLADE","blade-table-06-business-income-tax-bit","i_asgipnpp","integer",500,500,100,0,"all missing","","no PLIDA metadata match by dataset+variable","","","Assessable govt industry payments - NPP","Numeric response ($)","2001-02;2002-03;2003-04;2004-05;2005-06;2006-07;2007-08;2008-09;2009-10;2010-11;2011-12;2012-13;2013-14;2014-15;2015-16;2016-17;2017-18;2018-19;2019-20;2020-21;2021-22;2022-23"
"blade","BLADE","blade-table-06-business-income-tax-bit","i_baddebts","numeric",500,0,0,1,"0 / 0 / 0 / 0 / 0","0","no PLIDA metadata match by dataset+variable","","","Bad debts","Numeric response ($)","2001-02;2002-03;2003-04;2004-05;2005-06;2006-07;2007-08;2008-09;2009-10;2010-11;2011-12;2012-13;2013-14;2014-15;2015-16;2016-17;2017-18;2018-19;2019-20;2020-21;2021-22;2022-23"
"blade","BLADE","blade-table-06-business-income-tax-bit","i_bbi_elgbl_ast_bbi_cd","integer",500,500,100,0,"all missing","","no PLIDA metadata match by dataset+variable","","","Are you opting out of Backing business investment for some or all of your eligible assets?","5 - A: Some eligible assets 10 - B: All eligible assets 15 - No everything else - invalid response or no response given","2020-21"
"blade","BLADE","blade-table-06-business-income-tax-bit","i_bbi_elgbl_ast_opt_out_num","integer",500,500,100,0,"all missing","","no PLIDA metadata match by dataset+variable","","","Backing business investment - Number of assets you are opting out for","5 digit character","2020-21"
"blade","BLADE","blade-table-06-business-income-tax-bit","i_bbi_elgbl_ast_opt_out_val_amt","numeric",500,0,0,1,"0 / 0 / 0 / 0 / 0","0","no PLIDA metadata match by dataset+variable","","","Backing business investment - Value of assets you are opting out for","Numeric response ($)","2020-21"
"blade","BLADE","blade-table-06-business-income-tax-bit","i_bposcode","integer",500,500,100,0,"all missing","","no PLIDA metadata match by dataset+variable","","","Main business postcode","4 digit character","2001-02;2002-03;2003-04;2004-05;2005-06;2006-07;2007-08;2008-09;2009-10;2010-11;2011-12;2012-13;2013-14;2014-15;2015-16;2016-17;2017-18;2018-19;2019-20;2020-21;2021-22;2022-23"
"blade","BLADE","blade-table-06-business-income-tax-bit","i_bsdtnprjpl","integer",500,500,100,0,"all missing","","no PLIDA metadata match by dataset+variable","","","Business deduction for project pool","Numeric response ($)","2012-13;2013-14;2014-15;2015-16;2016-17;2017-18;2018-19;2019-20;2020-21;2021-22;2022-23"
"blade","BLADE","blade-table-06-business-income-tax-bit","i_busmarin","integer",500,500,100,0,"all missing","","no PLIDA metadata match by dataset+variable","","","Business market segment","GOV - Government LGE - Large Market SME - Small to Medium INB - Individual & Non-Business MIC - Micro Business NFP - Not For Profit everything else - invalid response or no response given","2001-02;2002-03;2003-04;2004-05;2005-06;2006-07;2007-08;2008-09;2009-10;2010-11;2011-12;2012-13;2013-14;2014-15;2015-16;2016-17;2017-18;2018-19;2019-20;2020-21;2021-22;2022-23"
"blade","BLADE","blade-table-06-business-income-tax-bit","i_clostkcd","integer",500,500,100,0,"all missing","","no PLIDA metadata match by dataset+variable","","","Closing stock action code","5 - C:Cost 10 - M: Market selling value 15 - R: Replacement value everything else - invalid response or no response given","2001-02;2002-03;2003-04;2004-05;2005-06;2006-07;2007-08;2008-09;2009-10;2010-11;2011-12;2012-13;2013-14;2014-15;2015-16;2016-17;2017-18;2018-19;2019-20;2020-21;2021-22;2022-23"
"blade","BLADE","blade-table-06-business-income-tax-bit","i_clostock","numeric",500,0,0,1,"0 / 0 / 0 / 0 / 0","0","no PLIDA metadata match by dataset+variable","","","Closing stock","Numeric response ($)","2001-02;2002-03;2003-04;2004-05;2005-06;2006-07;2007-08;2008-09;2009-10;2010-11;2011-12;2012-13;2013-14;2014-15;2015-16;2016-17;2017-18;2018-19;2019-20;2020-21;2021-22;2022-23"
"blade","BLADE","blade-table-06-business-income-tax-bit","i_costsale","numeric",500,0,0,1,"0 / 0 / 0 / 0 / 0","0","no PLIDA metadata match by dataset+variable","","","Cost of sales","Numeric response ($)","2001-02;2002-03;2003-04;2004-05;2005-06;2006-07;2007-08;2008-09;2009-10;2010-11;2011-12;2012-13;2013-14;2014-15;2015-16;2016-17;2017-18;2018-19;2019-20;2020-21;2021-22;2022-23"
"blade","BLADE","blade-table-06-business-income-tax-bit","i_creditrs","numeric",500,0,0,1,"0 / 0 / 0 / 0 / 0","0","no PLIDA metadata match by dataset+variable","","","Trade creditors","Numeric response ($)","2001-02;2002-03;2003-04;2004-05;2005-06;2006-07;2007-08;2008-09;2009-10;2010-11;2011-12;2012-13;2013-14;2014-15;2015-16;2016-17;2017-18;2018-19;2019-20;2020-21;2021-22;2022-23"
"blade","BLADE","blade-table-06-business-income-tax-bit","i_ddctn_skill_trng_amt","numeric",500,0,0,1,"0 / 0 / 0 / 0 / 0","0","no PLIDA metadata match by dataset+variable","","","Small business skills and training boost","Numeric response ($)","2022-23"
"blade","BLADE","blade-table-06-business-income-tax-bit","i_ddctn_tchnlgy_invmt_amt","numeric",500,0,0,1,"0 / 0 / 0 / 0 / 0","0","no PLIDA metadata match by dataset+variable","","","Small business technology investment boost","Numeric response ($)","2022-23"
"blade","BLADE","blade-table-06-business-income-tax-bit","i_ddctns_assocs_prncpl_wrk_amt","numeric",500,0,0,1,"0 / 0 / 0 / 0 / 0","0","no PLIDA metadata match by dataset+variable","","","Deductions for payments to associates for principal work","Numeric response ($)","2019-20;2020-21;2021-22;2022-23"
"blade","BLADE","blade-table-06-business-income-tax-bit","i_debtors","numeric",500,0,0,1,"0 / 0 / 0 / 0 / 0","0","no PLIDA metadata match by dataset+variable","","","Trade debtors","Numeric response ($)","2001-02;2002-03;2003-04;2004-05;2005-06;2006-07;2007-08;2008-09;2009-10;2010-11;2011-12;2012-13;2013-14;2014-15;2015-16;2016-17;2017-18;2018-19;2019-20;2020-21;2021-22;2022-23"
"blade","BLADE","blade-table-06-business-income-tax-bit","i_deprexps","numeric",500,0,0,1,"0 / 0 / 0 / 0 / 0","0","no PLIDA metadata match by dataset+variable","","","Depreciation expenses","Numeric response ($)","2001-02;2002-03;2003-04;2004-05;2005-06;2006-07;2007-08;2008-09;2009-10;2010-11;2011-12;2012-13;2013-14;2014-15;2015-16;2016-17;2017-18;2018-19;2019-20;2020-21;2021-22;2022-23"
"blade","BLADE","blade-table-06-business-income-tax-bit","i_dfnncblspynpp","integer",500,500,100,0,"all missing","","no PLIDA metadata match by dataset+variable","","","Deferred non-commercial business losses from a prior year - NPP","Numeric response ($)","2012-13;2013-14;2014-15;2015-16;2016-17;2017-18;2018-19;2019-20;2020-21;2021-22;2022-23"
"blade","BLADE","blade-table-06-business-income-tax-bit","i_dfnncblspypp","integer",500,500,100,0,"all missing","","no PLIDA metadata match by dataset+variable","","","Deferred non-commercial business losses from a prior year - PP","Numeric response ($)","2012-13;2013-14;2014-15;2015-16;2016-17;2017-18;2018-19;2019-20;2020-21;2021-22;2022-23"
"blade","BLADE","blade-table-06-business-income-tax-bit","i_expnss_totl_npp_amt","numeric",500,0,0,1,"0 / 0 / 0 / 0 / 0","0","no PLIDA metadata match by dataset+variable","","","Total Expenses - NPP","Numeric response ($)","2019-20;2020-21;2021-22;2022-23"
"blade","BLADE","blade-table-06-business-income-tax-bit","i_expnss_totl_pp_amt","numeric",500,0,0,1,"0 / 0 / 0 / 0 / 0","0","no PLIDA metadata match by dataset+variable","","","Total Expenses - PP","Numeric response ($)","2019-20;2020-21;2021-22;2022-23"
"blade","BLADE","blade-table-06-business-income-tax-bit","i_expreadj","integer",500,500,100,0,"all missing","","no PLIDA metadata match by dataset+variable","","","Expense reconciliation adjustment","Numeric response ($)","2001-02;2002-03;2003-04;2004-05;2005-06;2006-07;2007-08;2008-09;2009-10;2010-11;2011-12;2012-13;2013-14;2014-15;2015-16;2016-17;2017-18;2018-19;2019-20;2020-21;2021-22;2022-23"
"blade","BLADE","blade-table-06-business-income-tax-bit","i_extnlabr","numeric",500,0,0,1,"0 / 0 / 0 / 0 / 0","0","no PLIDA metadata match by dataset+variable","","","Contractor, sub-contractor and commission expenses (previously labelled External labour costs)","Numeric response ($)","2001-02;2002-03;2003-04;2004-05;2005-06;2006-07;2007-08;2008-09;2009-10;2010-11;2011-12;2012-13;2013-14;2014-15;2015-16;2016-17;2017-18;2018-19;2019-20;2020-21;2021-22;2022-23"
"blade","BLADE","blade-table-06-business-income-tax-bit","i_gpsfrwex","integer",500,500,100,0,"all missing","","no PLIDA metadata match by dataset+variable","","","Foreign resident withholding expenses","Numeric response ($)","2001-02;2002-03;2003-04;2004-05;2005-06;2006-07;2007-08;2008-09;2009-10;2010-11;2011-12;2012-13;2013-14;2014-15;2015-16;2016-17;2017-18;2018-19;2019-20;2020-21;2021-22;2022-23"
"blade","BLADE","blade-table-06-business-income-tax-bit","i_gpsfrwnp","integer",500,500,100,0,"all missing","","no PLIDA metadata match by dataset+variable","","","Gross payments subject to FRW - NPP","Numeric response ($)","2001-02;2002-03;2003-04;2004-05;2005-06;2006-07;2007-08;2008-09;2009-10;2010-11;2011-12;2012-13;2013-14;2014-15;2015-16;2016-17;2017-18;2018-19;2019-20;2020-21;2021-22;2022-23"
"blade","BLADE","blade-table-06-business-income-tax-bit","i_gpsfrwpp","integer",500,500,100,0,"all missing","","no PLIDA metadata match by dataset+variable","","","Gross payments subject to FRW - PP","Numeric response ($)","2001-02;2002-03;2003-04;2004-05;2005-06;2006-07;2007-08;2008-09;2009-10;2010-11;2011-12"
"blade","BLADE","blade-table-06-business-income-tax-bit","i_grplhnpp","integer",500,500,100,0,"all missing","","no PLIDA metadata match by dataset+variable","","","Gross payments Labour Hire - NPP","Numeric response ($)","2001-02;2002-03;2003-04;2004-05;2005-06;2006-07;2007-08;2008-09;2009-10;2010-11;2011-12;2012-13;2013-14;2014-15;2015-16;2016-17;2017-18;2018-19;2019-20;2020-21;2021-22;2022-23"
"blade","BLADE","blade-table-06-business-income-tax-bit","i_grpvagpp","integer",500,500,100,0,"all missing","","no PLIDA metadata match by dataset+variable","","","Gross payments voluntary agreement - PP","Numeric response ($)","2001-02;2002-03;2003-04;2004-05;2005-06;2006-07;2007-08;2008-09;2009-10;2010-11;2011-12;2012-13;2013-14;2014-15;2015-16;2016-17;2017-18;2018-19;2019-20;2020-21;2021-22;2022-23"
"blade","BLADE","blade-table-06-business-income-tax-bit","i_grpvanpp","integer",500,500,100,0,"all missing","","no PLIDA metadata match by dataset+variable","","","Gross payments voluntary agreement - NPP","Numeric response ($)","2001-02;2002-03;2003-04;2004-05;2005-06;2006-07;2007-08;2008-09;2009-10;2010-11;2011-12;2012-13;2013-14;2014-15;2015-16;2016-17;2017-18;2018-19;2019-20;2020-21;2021-22;2022-23"
"blade","BLADE","blade-table-06-business-income-tax-bit","i_grpylhpp","integer",500,500,100,0,"all missing","","no PLIDA metadata match by dataset+variable","","","Gross payments Labour Hire - PP","Numeric response ($)","2001-02;2002-03;2003-04;2004-05;2005-06;2006-07;2007-08;2008-09;2009-10;2010-11;2011-12;2012-13;2013-14;2014-15;2015-16;2016-17;2017-18;2018-19;2019-20;2020-21;2021-22;2022-23"
"blade","BLADE","blade-table-06-business-income-tax-bit","i_intdepas","integer",500,500,100,0,"all missing","","no PLIDA metadata match by dataset+variable","","","Intangible depreciating assets first deducted","Numeric response ($)","2001-02;2002-03;2003-04;2004-05;2005-06;2006-07;2007-08;2008-09;2009-10;2010-11;2011-12;2012-13;2013-14;2014-15;2015-16;2016-17;2017-18;2018-19;2019-20;2020-21;2021-22;2022-23"
"blade","BLADE","blade-table-06-business-income-tax-bit","i_intexpau","integer",500,500,100,0,"all missing","","no PLIDA metadata match by dataset+variable","","","Interest expenses in Australia","Numeric response ($)","2001-02;2002-03;2003-04;2004-05;2005-06;2006-07;2007-08;2008-09;2009-10;2010-11;2011-12;2012-13;2013-14;2014-15;2015-16;2016-17;2017-18;2018-19;2019-20;2020-21;2021-22;2022-23"
"blade","BLADE","blade-table-06-business-income-tax-bit","i_intexpos","integer",500,500,100,0,"all missing","","no PLIDA metadata match by dataset+variable","","","Interest expenses overseas","Numeric response ($)","2001-02;2002-03;2003-04;2004-05;2005-06;2006-07;2007-08;2008-09;2009-10;2010-11;2011-12;2012-13;2013-14;2014-15;2015-16;2016-17;2017-18;2018-19;2019-20;2020-21;2021-22;2022-23"
"blade","BLADE","blade-table-06-business-income-tax-bit","i_leaextot","integer",500,500,100,0,"all missing","","no PLIDA metadata match by dataset+variable","","","Lease expenses","Numeric response ($)","2001-02;2002-03;2003-04;2004-05;2005-06;2006-07;2007-08;2008-09;2009-10;2010-11;2011-12;2012-13;2013-14;2014-15;2015-16;2016-17;2017-18;2018-19;2019-20;2020-21;2021-22;2022-23"
"blade","BLADE","blade-table-06-business-income-tax-bit","i_lndbusdtn","integer",500,500,100,0,"all missing","","no PLIDA metadata match by dataset+variable","","","Landcare operations and business deduction for decline in value of water facility","Numeric response ($)","2012-13;2013-14;2014-15;2015-16;2016-17;2017-18;2018-19;2019-20;2020-21;2021-22;2022-23"
"blade","BLADE","blade-table-06-business-income-tax-bit","i_motrexps","numeric",500,0,0,1,"0 / 0 / 0 / 0 / 0","0","no PLIDA metadata match by dataset+variable","","","Motor vehicle expenses","Numeric response ($)","2001-02;2002-03;2003-04;2004-05;2005-06;2006-07;2007-08;2008-09;2009-10;2010-11;2011-12;2012-13;2013-14;2014-15;2015-16;2016-17;2017-18;2018-19;2019-20;2020-21;2021-22;2022-23"
"blade","BLADE","blade-table-06-business-income-tax-bit","i_mtr_vhcl_bus_expnss_typ_cd","numeric",500,0,0,1,"0 / 0 / 0 / 0 / 0","0","no PLIDA metadata match by dataset+variable","","","Total Motor Vehicle Expenses Type","5 - S: Cents per kilometre method 15 - O: One-third of actual expenses method 20 - B: Logbook method 30 - T: 12% of original value method 35 - N: Motorcycle, taxi, hire car, vehicle over 1 tonne, carry >9 or more passengers everything else - invalid response or no response given","2020-21;2021-22;2022-23"
"blade","BLADE","blade-table-06-business-income-tax-bit","i_netincls","numeric",500,0,0,1,"0 / 0 / 0 / 0 / 0","0","no PLIDA metadata match by dataset+variable","","","Net income or loss from business this year - PP","Numeric response ($)","2001-02;2002-03;2003-04;2004-05;2005-06;2006-07;2007-08;2008-09;2009-10;2010-11;2011-12;2012-13;2013-14;2014-15;2015-16;2016-17;2017-18;2018-19;2019-20;2020-21;2021-22;2022-23"
"blade","BLADE","blade-table-06-business-income-tax-bit","i_netnpp","numeric",500,0,0,1,"0 / 0 / 0 / 0 / 0","0","no PLIDA metadata match by dataset+variable","","","Net income/loss from business other than PP","Numeric response ($)","2001-02;2002-03;2003-04;2004-05;2005-06;2006-07;2007-08;2008-09;2009-10;2010-11;2011-12;2012-13;2013-14;2014-15;2015-16;2016-17;2017-18;2018-19;2019-20;2020-21;2021-22;2022-23"
"blade","BLADE","blade-table-06-business-income-tax-bit","i_netpp","numeric",500,0,0,1,"0 / 0 / 0 / 0 / 0","0","no PLIDA metadata match by dataset+variable","","","Net income/loss - PP","Numeric response ($)","2001-02;2002-03;2003-04;2004-05;2005-06;2006-07;2007-08;2008-09;2009-10;2010-11;2011-12;2012-13;2013-14;2014-15;2015-16;2016-17;2017-18;2018-19;2019-20;2020-21;2021-22;2022-23"
"blade","BLADE","blade-table-06-business-income-tax-bit","i_noabnnpp","integer",500,500,100,0,"all missing","","no PLIDA metadata match by dataset+variable","","","Gross Payment ABN not quoted - NPP","Numeric response ($)","2001-02;2002-03;2003-04;2004-05;2005-06;2006-07;2007-08;2008-09;2009-10;2010-11;2011-12;2012-13;2013-14;2014-15;2015-16;2016-17;2017-18;2018-19;2019-20;2020-21;2021-22;2022-23"
"blade","BLADE","blade-table-06-business-income-tax-bit","i_noabnpp","integer",500,500,100,0,"all missing","","no PLIDA metadata match by dataset+variable","","","Gross Payment ABN not quoted - PP","Numeric response ($)","2001-02;2002-03;2003-04;2004-05;2005-06;2006-07;2007-08;2008-09;2009-10;2010-11;2011-12;2012-13;2013-14;2014-15;2015-16;2016-17;2017-18;2018-19;2019-20;2020-21;2021-22;2022-23"
"blade","BLADE","blade-table-06-business-income-tax-bit","i_ntinnpp","integer",500,500,100,0,"all missing","","no PLIDA metadata match by dataset+variable","","","Net income or loss from business this year - NPP","Numeric response ($)","2001-02;2002-03;2003-04;2004-05;2005-06;2006-07;2007-08;2008-09;2009-10;2010-11;2011-12;2012-13;2013-14;2014-15;2015-16;2016-17;2017-18;2018-19;2019-20;2020-21;2021-22;2022-23"
"blade","BLADE","blade-table-06-business-income-tax-bit","i_opnstock","numeric",500,0,0,1,"0 / 0 / 0 / 0 / 0","0","no PLIDA metadata match by dataset+variable","","","Opening stock","Numeric response ($)","2001-02;2002-03;2003-04;2004-05;2005-06;2006-07;2007-08;2008-09;2009-10;2010-11;2011-12;2012-13;2013-14;2014-15;2015-16;2016-17;2017-18;2018-19;2019-20;2020-21;2021-22;2022-23"
"blade","BLADE","blade-table-06-business-income-tax-bit","i_othbicpp","integer",500,500,100,0,"all missing","","no PLIDA metadata match by dataset+variable","","","Other business income - PP","Numeric response ($)","2001-02;2002-03;2003-04;2004-05;2005-06;2006-07;2007-08;2008-09;2009-10;2010-11;2011-12;2012-13;2013-14;2014-15;2015-16;2016-17;2017-18;2018-19;2019-20;2020-21;2021-22;2022-23"
"blade","BLADE","blade-table-06-business-income-tax-bit","i_othbinpp","integer",500,500,100,0,"all missing","","no PLIDA metadata match by dataset+variable","","","Other business income - NPP","Numeric response ($)","2001-02;2002-03;2003-04;2004-05;2005-06;2006-07;2007-08;2008-09;2009-10;2010-11;2011-12;2012-13;2013-14;2014-15;2015-16;2016-17;2017-18;2018-19;2019-20;2020-21;2021-22;2022-23"
"blade","BLADE","blade-table-06-business-income-tax-bit","i_othdepas","integer",500,500,100,0,"all missing","","no PLIDA metadata match by dataset+variable","","","Other depreciating assets first deducted","Numeric response ($)","2001-02;2002-03;2003-04;2004-05;2005-06;2006-07;2007-08;2008-09;2009-10;2010-11;2011-12;2012-13;2013-14;2014-15;2015-16;2016-17;2017-18;2018-19;2019-20;2020-21;2021-22;2022-23"
"blade","BLADE","blade-table-06-business-income-tax-bit","i_othrexps","numeric",500,0,0,1,"0 / 0 / 0 / 0 / 0","0","no PLIDA metadata match by dataset+variable","","","All other expenses","Numeric response ($)","2001-02;2002-03;2003-04;2004-05;2005-06;2006-07;2007-08;2008-09;2009-10;2010-11;2011-12;2012-13;2013-14;2014-15;2015-16;2016-17;2017-18;2018-19;2019-20;2020-21;2021-22;2022-23"
"blade","BLADE","blade-table-06-business-income-tax-bit","i_payassoc","numeric",500,0,0,1,"0 / 0 / 0 / 0 / 0","0","no PLIDA metadata match by dataset+variable","","","Payments to associated persons","Numeric response ($)","2001-02;2002-03;2003-04;2004-05;2005-06;2006-07;2007-08;2008-09;2009-10;2010-11;2011-12;2012-13;2013-14;2014-15;2015-16;2016-17;2017-18;2018-19;2019-20;2020-21;2021-22;2022-23"
"blade","BLADE","blade-table-06-business-income-tax-bit","i_psi_abn_not_qtd_amt","character",500,0,0,500,"BN00001651499=1; BN00002651502=1; BN00003651505=1; BN00004651508=1; BN00005651511=1; BN00006651514=1; BN00007651517=1; BN00008651520=1; BN00009651523=1; BN00010651526=1; BN00011651529=1; BN00012651532=1","BN00001651499; BN00002651502; BN00003651505; BN00004651508; BN00005651511; BN00006651514; BN00007651517; BN00008651520; BN00009651523; BN00010651526; BN00011651529; BN00012651532; BN00013651535; BN00014651538; BN00015651541; BN00016651544; BN00017651547; BN00018651550; BN00019651553; BN00020651556; BN00021651559; BN00022651562; BN00023651565; BN00024651568; BN00025651571; BN00026651574; BN00027651577; BN00028651580; BN00029651583; BN00030651586","no PLIDA metadata match by dataset+variable","","","PSI where Australian Business Number not quoted","Numeric response ($)","2019-20;2020-21;2021-22;2022-23"
"blade","BLADE","blade-table-06-business-income-tax-bit","i_psi_lbr_hir_pmts_amt","numeric",500,0,0,1,"0 / 0 / 0 / 0 / 0","0","no PLIDA metadata match by dataset+variable","","","PSI labour hire or other specified payments","Numeric response ($)","2019-20;2020-21;2021-22;2022-23"
"blade","BLADE","blade-table-06-business-income-tax-bit","i_psi_net_amt","numeric",500,0,0,1,"0 / 0 / 0 / 0 / 0","0","no PLIDA metadata match by dataset+variable","","","Net PSI","Numeric response ($)","2019-20;2020-21;2021-22;2022-23"
"blade","BLADE","blade-table-06-business-income-tax-bit","i_psi_othr_amt","numeric",500,0,0,1,"0 / 0 / 0 / 0 / 0","0","no PLIDA metadata match by dataset+variable","","","PSI other","Numeric response ($)","2019-20;2020-21;2021-22;2022-23"
"blade","BLADE","blade-table-06-business-income-tax-bit","i_psi_othr_ddctns_totl_amt","numeric",500,0,0,1,"0 / 0 / 0 / 0 / 0","0","no PLIDA metadata match by dataset+variable","","","Total amount of other deductions against PSI","Numeric response ($)","2019-20;2020-21;2021-22;2022-23"
"blade","BLADE","blade-table-06-business-income-tax-bit","i_psi_vlntry_agremt_amt","numeric",500,0,0,1,"0 / 0 / 0 / 0 / 0","0","no PLIDA metadata match by dataset+variable","","","PSI voluntary agreement","Numeric response ($)","2019-20;2020-21;2021-22;2022-23"
"blade","BLADE","blade-table-06-business-income-tax-bit","i_purocost","numeric",500,0,0,1,"0 / 0 / 0 / 0 / 0","0","no PLIDA metadata match by dataset+variable","","","Purchases and other costs","Numeric response ($)","2001-02;2002-03;2003-04;2004-05;2005-06;2006-07;2007-08;2008-09;2009-10;2010-11;2011-12;2012-13;2013-14;2014-15;2015-16;2016-17;2017-18;2018-19;2019-20;2020-21;2021-22;2022-23"
"blade","BLADE","blade-table-06-business-income-tax-bit","i_reconadj","integer",500,500,100,0,"all missing","","no PLIDA metadata match by dataset+variable","","","Income reconciliation adjustment","Numeric response ($)","2001-02;2002-03;2003-04;2004-05;2005-06;2006-07;2007-08;2008-09;2009-10;2010-11;2011-12;2012-13;2013-14;2014-15;2015-16;2016-17;2017-18;2018-19;2019-20;2020-21;2021-22;2022-23"
"blade","BLADE","blade-table-06-business-income-tax-bit","i_rentexps","numeric",500,0,0,1,"0 / 0 / 0 / 0 / 0","0","no PLIDA metadata match by dataset+variable","","","Rent expenses","Numeric response ($)","2001-02;2002-03;2003-04;2004-05;2005-06;2006-07;2007-08;2008-09;2009-10;2010-11;2011-12;2012-13;2013-14;2014-15;2015-16;2016-17;2017-18;2018-19;2019-20;2020-21;2021-22;2022-23"
"blade","BLADE","blade-table-06-business-income-tax-bit","i_repmaint","integer",500,500,100,0,"all missing","","no PLIDA metadata match by dataset+variable","","","Repairs and maintenance","Numeric response ($)","2001-02;2002-03;2003-04;2004-05;2005-06;2006-07;2007-08;2008-09;2009-10;2010-11;2011-12;2012-13;2013-14;2014-15;2015-16;2016-17;2017-18;2018-19;2019-20;2020-21;2021-22;2022-23"
"blade","BLADE","blade-table-06-business-income-tax-bit","i_s40dtntl","integer",500,500,100,0,"all missing","","no PLIDA metadata match by dataset+variable","","","Section 40-880 deduction","Numeric response ($)","2012-13;2013-14;2014-15;2015-16;2016-17;2017-18;2018-19;2019-20;2020-21;2021-22;2022-23"
"blade","BLADE","blade-table-06-business-income-tax-bit","i_sobastin","integer",500,500,100,0,"all missing","","no PLIDA metadata match by dataset+variable","","","Status of your business","5 - Ceased business 10 - Commenced business 15 - Continuing business everything else - invalid response or no response given","2001-02;2002-03;2003-04;2004-05;2005-06;2006-07;2007-08;2008-09;2009-10;2010-11;2011-12;2012-13;2013-14;2014-15;2015-16;2016-17;2017-18;2018-19;2019-20;2020-21;2021-22;2022-23"
"blade","BLADE","blade-table-06-business-income-tax-bit","i_stsdprtgastsddctngnrlpool_amt","numeric",500,0,0,1,"0 / 0 / 0 / 0 / 0","0","no PLIDA metadata match by dataset+variable","","","Small business entity simplified depreciation - Deduction for general small business pool","Numeric response ($)","2018-19;2019-20;2020-21;2021-22;2022-23"
"blade","BLADE","blade-table-06-business-income-tax-bit","i_stsdprtgastsddctnlowcstastsamt","numeric",500,0,0,1,"0 / 0 / 0 / 0 / 0","0","no PLIDA metadata match by dataset+variable","","","Small business entity simplified depreciation - Deduction for certain assets","Numeric response ($)","2018-19;2019-20;2020-21;2021-22;2022-23"
"blade","BLADE","blade-table-06-business-income-tax-bit","i_superann","numeric",500,0,0,1,"0 / 0 / 0 / 0 / 0","0","no PLIDA metadata match by dataset+variable","","","Superannuation expenses","Numeric response ($)","2001-02;2002-03;2003-04;2004-05;2005-06;2006-07;2007-08;2008-09;2009-10;2010-11;2011-12;2012-13;2013-14;2014-15;2015-16;2016-17;2017-18;2018-19;2019-20;2020-21;2021-22;2022-23"
"blade","BLADE","blade-table-06-business-income-tax-bit","i_terdepas","integer",500,500,100,0,"all missing","","no PLIDA metadata match by dataset+variable","","","Termination value of intangible depreciating assets","Numeric response ($)","2001-02;2002-03;2003-04;2004-05;2005-06;2006-07;2007-08;2008-09;2009-10;2010-11;2011-12;2012-13;2013-14;2014-15;2015-16;2016-17;2017-18;2018-19;2019-20;2020-21;2021-22;2022-23"
"blade","BLADE","blade-table-06-business-income-tax-bit","i_terothas","integer",500,500,100,0,"all missing","","no PLIDA metadata match by dataset+variable","","","Termination value of other depreciating assets","Numeric response ($)","2001-02;2002-03;2003-04;2004-05;2005-06;2006-07;2007-08;2008-09;2009-10;2010-11;2011-12;2012-13;2013-14;2014-15;2015-16;2016-17;2017-18;2018-19;2019-20;2020-21;2021-22;2022-23"
"blade","BLADE","blade-table-06-business-income-tax-bit","i_tfe_bus_ddctn_amt","numeric",500,0,0,1,"0 / 0 / 0 / 0 / 0","0","no PLIDA metadata match by dataset+variable","","","Temporary full expensing - Temporary full expensing deductions","Numeric response ($)","2020-21;2021-22;2022-23"
"blade","BLADE","blade-table-06-business-income-tax-bit","i_tfe_elgbl_ast_clm_num","integer",500,500,100,0,"all missing","","no PLIDA metadata match by dataset+variable","","","Temporary full expensing - Number of assets you are claiming for","5 digit character","2020-21;2021-22;2022-23"
"blade","BLADE","blade-table-06-business-income-tax-bit","i_tfe_elgbl_ast_opt_out_cd","integer",500,500,100,0,"all missing","","no PLIDA metadata match by dataset+variable","","","Are you making a choice to opt out of temporary full expensing for some or all of your eligible assets","5 - A: Some eligible assets 10 - B: All eligible assets 15 - No everything else - invalid response or no response given","2020-21;2021-22;2022-23"
"blade","BLADE","blade-table-06-business-income-tax-bit","i_tfe_elgbl_ast_opt_out_num","integer",500,500,100,0,"all missing","","no PLIDA metadata match by dataset+variable","","","Temporary full expensing - Number of assets you are opting out for","6 digit character","2020-21;2021-22;2022-23"
"blade","BLADE","blade-table-06-business-income-tax-bit","i_tfe_elgbl_ast_opt_out_val_amt","numeric",500,0,0,1,"0 / 0 / 0 / 0 / 0","0","no PLIDA metadata match by dataset+variable","","","Temporary full expensing - Value of assets you are opting out for","Numeric response ($)","2020-21;2021-22;2022-23"
"blade","BLADE","blade-table-06-business-income-tax-bit","i_totbusin","integer",500,500,100,0,"all missing","","no PLIDA metadata match by dataset+variable","","","Total business income","Numeric response ($)","2001-02;2002-03;2003-04;2004-05;2005-06;2006-07;2007-08;2008-09;2009-10;2010-11;2011-12;2012-13;2013-14;2014-15;2015-16;2016-17;2017-18;2018-19;2019-20;2020-21;2021-22;2022-23"
"blade","BLADE","blade-table-06-business-income-tax-bit","i_totbusnp","integer",500,500,100,0,"all missing","","no PLIDA metadata match by dataset+variable","","","Total Business Income - NPP","Numeric response ($)","2001-02;2002-03;2003-04;2004-05;2005-06;2006-07;2007-08;2008-09;2009-10;2010-11;2011-12;2012-13;2013-14;2014-15;2015-16;2016-17;2017-18;2018-19;2019-20;2020-21;2021-22;2022-23"
"blade","BLADE","blade-table-06-business-income-tax-bit","i_totbuspp","integer",500,500,100,0,"all missing","","no PLIDA metadata match by dataset+variable","","","Total Business Income - PP","Numeric response ($)","2001-02;2002-03;2003-04;2004-05;2005-06;2006-07;2007-08;2008-09;2009-10;2010-11;2011-12;2012-13;2013-14;2014-15;2015-16;2016-17;2017-18;2018-19;2019-20;2020-21;2021-22;2022-23"
"blade","BLADE","blade-table-06-business-income-tax-bit","i_totlexps","numeric",500,0,0,1,"0 / 0 / 0 / 0 / 0","0","no PLIDA metadata match by dataset+variable","","","Total expenses","Numeric response ($)","2001-02;2002-03;2003-04;2004-05;2005-06;2006-07;2007-08;2008-09;2009-10;2010-11;2011-12;2012-13;2013-14;2014-15;2015-16;2016-17;2017-18;2018-19;2019-20;2020-21;2021-22;2022-23"
"blade","BLADE","blade-table-06-business-income-tax-bit","i_totlwage","numeric",500,0,0,1,"0 / 0 / 0 / 0 / 0","0","no PLIDA metadata match by dataset+variable","","","Total salaries and wage expenses","Numeric response ($)","2001-02;2002-03;2003-04;2004-05;2005-06;2006-07;2007-08;2008-09;2009-10;2010-11;2011-12;2012-13;2013-14;2014-15;2015-16;2016-17;2017-18;2018-19;2019-20;2020-21;2021-22;2022-23"
"blade","BLADE","blade-table-06-business-income-tax-bit","i_totlwgcd","numeric",500,0,0,1,"0 / 0 / 0 / 0 / 0","0","no PLIDA metadata match by dataset+variable","","","Total salary and wage expenses action code","5 - A: All other expenses 10 - B: Included in both Cost of sales and All other expenses 15 - C: Included in the expense component of: Cost of sales 20 - O: Included in other than: Cost of sales and/or All other expenses everything else - invalid response or no response given","2001-02;2002-03;2003-04;2004-05;2005-06;2006-07;2007-08;2008-09;2009-10;2010-11;2011-12;2012-13;2013-14;2014-15;2015-16;2016-17;2017-18;2018-19;2019-20;2020-21;2021-22;2022-23"
"blade","BLADE","blade-table-06-business-income-tax-bit","p_agrgtd_tnovr_amt","numeric",500,0,0,130,"0.0 / 0.0 / 0.0 / 265907.3 / 1428338.2","","no PLIDA metadata match by dataset+variable","","","Aggregated Turnover","Numeric response ($)","2020-21;2021-22;2022-23"
"blade","BLADE","blade-table-06-business-income-tax-bit","p_agrgtd_tnovr_rng_cd","numeric",500,0,0,130,"0.0 / 0.0 / 0.0 / 265907.3 / 1428338.2","","no PLIDA metadata match by dataset+variable","","","Aggregated Turnover Range","5 - A: $0 to less than $7.5 million 10 - B: $7.5 million to less than $10 million 15 - C: $10 million to less than $20 million 20 - D: $20 million to less than $40 million 25 - E: $40 million to less than $50 million 30 - F: $50 million to less than $100 million 35 - G: $100 million to less than $200 million 40 - H: $200 million to less than $300 million 45 - I: $300 million to less than $400 million 50 - J: $400 million to less than $500 million 55 - K: $500 million to less than $600 million 60 - L: $600 million to less than $700 million 65 - M: $700 million to less than $800 million 70 - N: $800 million to less than $900 million 75 - O: $900 million to less than $1 billion 80 - P: $1 billion or over everything else - invalid response or no response given","2020-21;2021-22;2022-23"
"blade","BLADE","blade-table-06-business-income-tax-bit","p_any_idvs_stsfy_rslts_tst_ind","integer",500,371,74.2,5,"1 / 2 / 3 / 4 / 5","1; 2; 3; 4; 5","no PLIDA metadata match by dataset+variable","","","Did you satisfy the results test in respect of any individual?","Y - Yes N - No everything else - invalid response or no response given","2018-19;2019-20;2020-21;2021-22;2022-23"
"blade","BLADE","blade-table-06-business-income-tax-bit","p_anzsic","integer",500,371,74.2,109,"126 / 4512 / 6726 / 7515 / 9219","","no PLIDA metadata match by dataset+variable","","","ANZSIC code","5 digit character - see 'Business industry codes 2021' PDF for description of category codes","2001-02;2002-03;2003-04;2004-05;2005-06;2006-07;2007-08;2008-09;2009-10;2010-11;2011-12;2012-13;2013-14;2014-15;2015-16;2016-17;2017-18;2018-19;2019-20;2020-21;2021-22;2022-23"
"blade","BLADE","blade-table-06-business-income-tax-bit","p_asbaldipa","integer",500,371,74.2,2,"0 / 0 / 0 / 1 / 1","0; 1","no PLIDA metadata match by dataset+variable","","","Assessable balancing adjustments on the disposal of intangible depreciating assets","Numeric response ($)","2012-13;2013-14;2014-15;2015-16;2016-17;2017-18;2018-19;2019-20;2020-21;2021-22;2022-23"
"blade","BLADE","blade-table-06-business-income-tax-bit","p_asginppp","integer",500,371,74.2,2,"0 / 0 / 0 / 1 / 1","0; 1","no PLIDA metadata match by dataset+variable","","","Assessable govt industry payments - PP","Numeric response ($)","2001-02;2002-03;2003-04;2004-05;2005-06;2006-07;2007-08;2008-09;2009-10;2010-11;2011-12;2012-13;2013-14;2014-15;2015-16;2016-17;2017-18;2018-19;2019-20;2020-21;2021-22;2022-23"
"blade","BLADE","blade-table-06-business-income-tax-bit","p_asgipnpp","integer",500,371,74.2,2,"0 / 0 / 0 / 1 / 1","0; 1","no PLIDA metadata match by dataset+variable","","","Assessable govt industry payments - NPP","Numeric response ($)","2001-02;2002-03;2003-04;2004-05;2005-06;2006-07;2007-08;2008-09;2009-10;2010-11;2011-12;2012-13;2013-14;2014-15;2015-16;2016-17;2017-18;2018-19;2019-20;2020-21;2021-22;2022-23"
"blade","BLADE","blade-table-06-business-income-tax-bit","p_atfibelc","integer",500,371,74.2,2,"0 / 0 / 0 / 1 / 1","0; 1","no PLIDA metadata match by dataset+variable","","","Attributed foreign income – broad-exemption listed country","Numeric response ($)","2001-02;2002-03;2003-04;2004-05;2005-06;2006-07;2007-08;2008-09;2009-10;2010-11;2011-12;2012-13;2013-14;2014-15;2015-16;2016-17;2017-18;2018-19;2019-20;2020-21;2021-22;2022-23"
"blade","BLADE","blade-table-06-business-income-tax-bit","p_atfidift","integer",500,371,74.2,2,"0 / 0 / 0 / 1 / 1","0; 1","no PLIDA metadata match by dataset+variable","","","Attributed foreign income – direct or indirect interest in foreign trust etc Indicator","Y - Yes N - No everything else - invalid response or no response given","2001-02;2002-03;2003-04;2004-05;2005-06;2006-07;2007-08;2008-09;2009-10;2010-11;2011-12;2012-13;2013-14;2014-15;2015-16;2016-17;2017-18;2018-19;2019-20;2020-21;2021-22;2022-23"
"blade","BLADE","blade-table-06-business-income-tax-bit","p_atfififf","integer",500,371,74.2,2,"0 / 0 / 0 / 1 / 1","0; 1","no PLIDA metadata match by dataset+variable","","","Attributed foreign income – FIF/FLP income","Numeric response ($)","2001-02;2002-03;2003-04;2004-05;2005-06;2006-07;2007-08;2008-09;2009-10;2010-11"
"blade","BLADE","blade-table-06-business-income-tax-bit","p_atfilelc","integer",500,371,74.2,2,"0 / 0 / 0 / 1 / 1","0; 1","no PLIDA metadata match by dataset+variable","","","Attributed foreign income – limited-exemption listed country","Numeric response ($)","2001-02;2002-03;2003-04;2004-05;2005-06;2006-07;2007-08;2008-09;2009-10;2010-11;2011-12;2012-13;2013-14;2014-15"
"blade","BLADE","blade-table-06-business-income-tax-bit","p_atfiulct","integer",500,371,74.2,2,"0 / 0 / 0 / 1 / 1","0; 1","no PLIDA metadata match by dataset+variable","","","Attributed foreign income –unlisted country","Numeric response ($)","2001-02;2002-03;2003-04;2004-05;2005-06;2006-07;2007-08;2008-09;2009-10;2010-11;2011-12;2012-13;2013-14;2014-15;2015-16;2016-17;2017-18;2018-19;2019-20;2020-21;2021-22;2022-23"
"blade","BLADE","blade-table-06-business-income-tax-bit","p_atftfiff","integer",500,371,74.2,2,"0 / 0 / 0 / 1 / 1","0; 1","no PLIDA metadata match by dataset+variable","","","Attributed foreign trust – FIF/FLP","Y - Yes N - No everything else - invalid response or no response given","2001-02;2002-03;2003-04;2004-05;2005-06;2006-07;2007-08;2008-09;2009-10;2010-11;2011-12"
"blade","BLADE","blade-table-06-business-income-tax-bit","p_ausn_fcrs_frm_nz_coy_amt","numeric",500,0,0,130,"0.00 / 0.00 / 0.00 / 15331.12 / 197698.88","","no PLIDA metadata match by dataset+variable","","","Australian franking credits from a New Zealand franking company","Numeric response ($)","2018-19;2019-20;2020-21;2021-22;2022-23"
"blade","BLADE","blade-table-06-business-income-tax-bit","p_ausn_incm_or_lss_net_amt","numeric",500,0,0,130,"0.0 / 0.0 / 0.0 / 12314.5 / 174182.4","","no PLIDA metadata match by dataset+variable","","","Net Australian income or loss (Subtract 'Total deductions' from 'Total income')","Numeric response ($)","2018-19;2019-20;2020-21;2021-22;2022-23"
"blade","BLADE","blade-table-06-business-income-tax-bit","p_ausn_invmt_incm_ddctns_amt","numeric",500,0,0,130,"0.0 / 0.0 / 0.0 / 246443.4 / 1288932.4","","no PLIDA metadata match by dataset+variable","","","Deductions relating to Australian investment income","Numeric response ($)","2017-18;2018-19;2019-20;2020-21;2021-22;2022-23"
"blade","BLADE","blade-table-06-business-income-tax-bit","p_baddebts","numeric",500,0,0,130,"0.00 / 0.00 / 0.00 / 15331.12 / 197698.88","","no PLIDA metadata match by dataset+variable","","","Bad debts","Numeric response ($)","2001-02;2002-03;2003-04;2004-05;2005-06;2006-07;2007-08;2008-09;2009-10;2010-11;2011-12;2012-13;2013-14;2014-15;2015-16;2016-17;2017-18;2018-19;2019-20;2020-21;2021-22;2022-23"
"blade","BLADE","blade-table-06-business-income-tax-bit","p_bbi_elgbl_ast_opt_out_num","integer",500,371,74.2,2,"0 / 0 / 0 / 1 / 1","0; 1","no PLIDA metadata match by dataset+variable","","","Backing business investment - Number of assets you are opting out for","5 digit character","2020-21"
"blade","BLADE","blade-table-06-business-income-tax-bit","p_bbi_elgbl_ast_opt_out_val_amt","numeric",500,0,0,130,"0.00 / 0.00 / 0.00 / 15331.12 / 197698.88","","no PLIDA metadata match by dataset+variable","","","Backing business investment - Value of assets you are opting out for","Numeric response ($)","2020-21"
"blade","BLADE","blade-table-06-business-income-tax-bit","p_bus_ddctn_amt","numeric",500,0,0,130,"0.0 / 0.0 / 0.0 / 246443.4 / 1288932.4","","no PLIDA metadata match by dataset+variable","","","Temporary full expensing - Temporary full expensing deductions","Numeric response ($)","2020-21;2021-22;2022-23"
"blade","BLADE","blade-table-06-business-income-tax-bit","p_bus_non_pp_ncmi_amt","numeric",500,0,0,130,"0.00 / 0.00 / 0.00 / 15331.12 / 197698.88","","no PLIDA metadata match by dataset+variable","","","Business income - NCMI - NPP","Numeric response ($)","2019-20;2020-21;2021-22;2022-23"
"blade","BLADE","blade-table-06-business-income-tax-bit","p_bus_npp_excldd_frm_ncmi_amt","numeric",500,0,0,130,"0.00 / 0.00 / 0.00 / 15331.12 / 197698.88","","no PLIDA metadata match by dataset+variable","","","Business income - Excluded from NCMI - NPP","Numeric response ($)","2019-20;2020-21;2021-22;2022-23"
"blade","BLADE","blade-table-06-business-income-tax-bit","p_bus_pp_excldd_frm_ncmi_amt","numeric",500,0,0,130,"0.00 / 0.00 / 0.00 / 15331.12 / 197698.88","","no PLIDA metadata match by dataset+variable","","","Business income - Excluded from NCMI - PP","Numeric response ($)","2019-20;2020-21;2021-22;2022-23"
"blade","BLADE","blade-table-06-business-income-tax-bit","p_bus_pp_ncmi_amt","numeric",500,0,0,130,"0.00 / 0.00 / 0.00 / 15331.12 / 197698.88","","no PLIDA metadata match by dataset+variable","","","Business income - Non-Concessional MIT Income (NCMI) - PP","Numeric response ($)","2019-20;2020-21;2021-22;2022-23"
"blade","BLADE","blade-table-06-business-income-tax-bit","p_bus_prms_tst_ind","integer",500,371,74.2,5,"1 / 2 / 3 / 4 / 5","1; 2; 3; 4; 5","no PLIDA metadata match by dataset+variable","","","Business premises test","Y - Yes N - No everything else - invalid response or no response given","2018-19;2019-20;2020-21;2021-22;2022-23"
"blade","BLADE","blade-table-06-business-income-tax-bit","p_busmarin","integer",500,371,74.2,5,"1 / 2 / 3 / 4 / 5","1; 2; 3; 4; 5","no PLIDA metadata match by dataset+variable","","","Business market segment","GOV - Government LGE - Large Market SME - Small to Medium INB - Individual & Non-Business MIC - Micro Business NFP - Not For Profit everything else - invalid response or no response given","2001-02;2002-03;2003-04;2004-05;2005-06;2006-07;2007-08;2008-09;2009-10;2010-11;2011-12;2012-13;2013-14;2014-15;2015-16;2016-17;2017-18;2018-19;2019-20;2020-21;2021-22;2022-23"
"blade","BLADE","blade-table-06-business-income-tax-bit","p_clnt_glbl_ent_typ_cd","integer",500,371,74.2,5,"1 / 2 / 3 / 4 / 5","1; 2; 3; 4; 5","no PLIDA metadata match by dataset+variable","","","Significant global entity","5 - Significant global entity everything else - invalid response or no response given","2017-18;2018-19;2019-20;2020-21;2021-22;2022-23"
"blade","BLADE","blade-table-06-business-income-tax-bit","p_clostock","numeric",500,0,0,130,"0.00 / 0.00 / 0.00 / 15331.12 / 197698.88","","no PLIDA metadata match by dataset+variable","","","Closing stock","Numeric response ($)","2001-02;2002-03;2003-04;2004-05;2005-06;2006-07;2007-08;2008-09;2009-10;2010-11;2011-12;2012-13;2013-14;2014-15;2015-16;2016-17;2017-18;2018-19;2019-20;2020-21;2021-22;2022-23"
"blade","BLADE","blade-table-06-business-income-tax-bit","p_clstkcd","integer",500,371,74.2,2,"0 / 0 / 0 / 1 / 1","0; 1","no PLIDA metadata match by dataset+variable","","","Closing stock action code","5 - C:Cost 10 - M: Market selling value 15 - R: Replacement value everything else - invalid response or no response given","2001-02;2002-03;2003-04;2004-05;2005-06;2006-07;2007-08;2008-09;2009-10;2010-11;2011-12;2012-13;2013-14;2014-15;2015-16;2016-17;2017-18;2018-19;2019-20;2020-21;2021-22;2022-23"
"blade","BLADE","blade-table-06-business-income-tax-bit","p_costsale","numeric",500,0,0,130,"0.0 / 0.0 / 0.0 / 246443.4 / 1288932.4","","no PLIDA metadata match by dataset+variable","","","Cost of sales","Numeric response ($)","2001-02;2002-03;2003-04;2004-05;2005-06;2006-07;2007-08;2008-09;2009-10;2010-11;2011-12;2012-13;2013-14;2014-15;2015-16;2016-17;2017-18;2018-19;2019-20;2020-21;2021-22;2022-23"
"blade","BLADE","blade-table-06-business-income-tax-bit","p_cptwkded","numeric",500,0,0,130,"0.0 / 0.0 / 0.0 / 246443.4 / 1288932.4","","no PLIDA metadata match by dataset+variable","","","Capital works deductions","Numeric response ($)","2001-02;2002-03;2003-04;2004-05;2005-06;2006-07;2007-08;2008-09;2009-10;2010-11;2011-12;2012-13;2013-14;2014-15;2015-16;2016-17;2017-18;2018-19;2019-20;2020-21;2021-22;2022-23"
"blade","BLADE","blade-table-06-business-income-tax-bit","p_cr_fr_tw_frgn_rsdnt_wth_amt","numeric",500,0,0,130,"0.00 / 0.00 / 0.00 / 15331.12 / 197698.88","","no PLIDA metadata match by dataset+variable","","","Credit for tax withheld – foreign resident withholding (excluding capital gains)","Numeric response ($)","2018-19;2019-20;2020-21;2021-22;2022-23"
"blade","BLADE","blade-table-06-business-income-tax-bit","p_cr_tfn_wheld_amt","numeric",500,0,0,130,"0.00 / 0.00 / 0.00 / 15331.12 / 197698.88","","no PLIDA metadata match by dataset+variable","","","Share of credit for TFN amounts withheld from interest, dividends and unit trust distributions","Numeric response ($)","2017-18;2018-19;2019-20;2020-21;2021-22;2022-23"
"blade","BLADE","blade-table-06-business-income-tax-bit","p_creditrs","numeric",500,0,0,130,"0.00 / 0.00 / 0.00 / 15331.12 / 197698.88","","no PLIDA metadata match by dataset+variable","","","Trade creditors","Numeric response ($)","2001-02;2002-03;2003-04;2004-05;2005-06;2006-07;2007-08;2008-09;2009-10;2010-11;2011-12;2012-13;2013-14;2014-15;2015-16;2016-17;2017-18;2018-19;2019-20;2020-21;2021-22;2022-23"
"blade","BLADE","blade-table-06-business-income-tax-bit","p_crtfnwheldpmt_closheldtrst_amt","numeric",500,0,0,130,"0.00 / 0.00 / 0.00 / 15331.12 / 197698.88","","no PLIDA metadata match by dataset+variable","","","Credit for TFN amounts withheld from payments from closely held trusts","Numeric response ($)","2017-18;2018-19;2019-20;2020-21;2021-22;2022-23"
"blade","BLADE","blade-table-06-business-income-tax-bit","p_currasst","numeric",500,0,0,130,"0.00 / 0.00 / 0.00 / 15331.12 / 197698.88","","no PLIDA metadata match by dataset+variable","","","Current assets","Numeric response ($)","2001-02;2002-03;2003-04;2004-05;2005-06;2006-07;2007-08;2008-09;2009-10;2010-11;2011-12;2012-13;2013-14;2014-15;2015-16;2016-17;2017-18;2018-19;2019-20;2020-21;2021-22;2022-23"
"blade","BLADE","blade-table-06-business-income-tax-bit","p_currliab","numeric",500,0,0,130,"0.00 / 0.00 / 0.00 / 15331.12 / 197698.88","","no PLIDA metadata match by dataset+variable","","","Current liabilities","Numeric response ($)","2001-02;2002-03;2003-04;2004-05;2005-06;2006-07;2007-08;2008-09;2009-10;2010-11;2011-12;2012-13;2013-14;2014-15;2015-16;2016-17;2017-18;2018-19;2019-20;2020-21;2021-22;2022-23"
"blade","BLADE","blade-table-06-business-income-tax-bit","p_dblbaldipa","integer",500,371,74.2,2,"0 / 0 / 0 / 1 / 1","0; 1","no PLIDA metadata match by dataset+variable","","","Deductible balancing adjustments on the disposal of intangible depreciating assets","Numeric response ($)","2012-13;2013-14;2014-15;2015-16;2016-17;2017-18;2018-19;2019-20;2020-21;2021-22;2022-23"
"blade","BLADE","blade-table-06-business-income-tax-bit","p_ddctn_skill_trng_amt","numeric",500,0,0,130,"0.0 / 0.0 / 0.0 / 246443.4 / 1288932.4","","no PLIDA metadata match by dataset+variable","","","Small business skills and training boost","Numeric response ($)","2022-23"
"blade","BLADE","blade-table-06-business-income-tax-bit","p_ddctn_tchnlgy_invmt_amt","numeric",500,0,0,130,"0.0 / 0.0 / 0.0 / 246443.4 / 1288932.4","","no PLIDA metadata match by dataset+variable","","","Small business technology investment boost","Numeric response ($)","2022-23"
"blade","BLADE","blade-table-06-business-income-tax-bit","p_debtors","numeric",500,0,0,130,"0.00 / 0.00 / 0.00 / 15331.12 / 197698.88","","no PLIDA metadata match by dataset+variable","","","Trade debtors","Numeric response ($)","2001-02;2002-03;2003-04;2004-05;2005-06;2006-07;2007-08;2008-09;2009-10;2010-11;2011-12;2012-13;2013-14;2014-15;2015-16;2016-17;2017-18;2018-19;2019-20;2020-21;2021-22;2022-23"
"blade","BLADE","blade-table-06-business-income-tax-bit","p_deprexps","numeric",500,0,0,130,"0.0 / 0.0 / 0.0 / 246443.4 / 1288932.4","","no PLIDA metadata match by dataset+variable","","","Depreciation expenses","Numeric response ($)","2001-02;2002-03;2003-04;2004-05;2005-06;2006-07;2007-08;2008-09;2009-10;2010-11;2011-12;2012-13;2013-14;2014-15;2015-16;2016-17;2017-18;2018-19;2019-20;2020-21;2021-22;2022-23"
"blade","BLADE","blade-table-06-business-income-tax-bit","p_dfrkdamt","numeric",500,0,0,130,"0.00 / 0.00 / 0.00 / 15331.12 / 197698.88","","no PLIDA metadata match by dataset+variable","","","Dividends – franked amount","Numeric response ($)","2001-02;2002-03;2003-04;2004-05;2005-06;2006-07;2007-08;2008-09;2009-10;2010-11;2011-12;2012-13;2013-14;2014-15;2015-16;2016-17;2017-18;2018-19;2019-20;2020-21;2021-22;2022-23"
"blade","BLADE","blade-table-06-business-income-tax-bit","p_dimpcred","integer",500,371,74.2,2,"0 / 0 / 0 / 1 / 1","0; 1","no PLIDA metadata match by dataset+variable","","","Dividends – imputation credit","Numeric response ($)","2001-02;2002-03;2003-04;2004-05;2005-06;2006-07;2007-08;2008-09;2009-10;2010-11;2011-12;2012-13;2013-14;2014-15;2015-16;2016-17;2017-18;2018-19;2019-20;2020-21;2021-22;2022-23"
"blade","BLADE","blade-table-06-business-income-tax-bit","p_divs_tfn_wheld_amt","numeric",500,0,0,130,"0.00 / 0.00 / 0.00 / 15331.12 / 197698.88","","no PLIDA metadata match by dataset+variable","","","TFN amounts withheld from dividends","Numeric response ($)","2017-18;2018-19;2019-20;2020-21;2021-22;2022-23"
"blade","BLADE","blade-table-06-business-income-tax-bit","p_dstbn_npp_net_amt","numeric",500,0,0,130,"0.0 / 0.0 / 0.0 / 12314.5 / 174182.4","","no PLIDA metadata match by dataset+variable","","","Net distribution amount - NPP","Numeric response ($)","2018-19;2019-20;2020-21;2021-22;2022-23"
"blade","BLADE","blade-table-06-business-income-tax-bit","p_dstbn_pp_net_amt","numeric",500,0,0,130,"0.0 / 0.0 / 0.0 / 12314.5 / 174182.4","","no PLIDA metadata match by dataset+variable","","","Net distribution - PP","Numeric response ($)","2019-20;2020-21;2021-22;2022-23"
"blade","BLADE","blade-table-06-business-income-tax-bit","p_dtnfdtrst","integer",500,371,74.2,2,"0 / 0 / 0 / 1 / 1","0; 1","no PLIDA metadata match by dataset+variable","","","Deductions relating to franked distributions from trusts in label F","Numeric response ($)","2012-13;2013-14;2014-15;2015-16;2016-17;2017-18;2018-19;2019-20;2020-21;2021-22;2022-23"
"blade","BLADE","blade-table-06-business-income-tax-bit","p_dtnprjtpl","integer",500,371,74.2,2,"0 / 0 / 0 / 1 / 1","0; 1","no PLIDA metadata match by dataset+variable","","","Deduction for project pool","Numeric response ($)","2012-13;2013-14;2014-15;2015-16;2016-17;2017-18;2018-19;2019-20;2020-21;2021-22;2022-23"
"blade","BLADE","blade-table-06-business-income-tax-bit","p_dufrkamt","numeric",500,0,0,130,"0.00 / 0.00 / 0.00 / 15331.12 / 197698.88","","no PLIDA metadata match by dataset+variable","","","Dividends – unfranked amount","Numeric response ($)","2001-02;2002-03;2003-04;2004-05;2005-06;2006-07;2007-08;2008-09;2009-10;2010-11;2011-12;2012-13;2013-14;2014-15;2015-16;2016-17;2017-18;2018-19;2019-20;2020-21;2021-22;2022-23"
"blade","BLADE","blade-table-06-business-income-tax-bit","p_elgbl_ast_bbi_cd","integer",500,371,74.2,5,"1 / 2 / 3 / 4 / 5","1; 2; 3; 4; 5","no PLIDA metadata match by dataset+variable","","","Are you opting out of Backing business investment for some or all of your eligible assets?","5 - A: Some eligible assets 10 - B: All eligible assets 15 - No everything else - invalid response or no response given","2020-21"
"blade","BLADE","blade-table-06-business-income-tax-bit","p_elgbl_ast_clm_num","integer",500,371,74.2,2,"0 / 0 / 0 / 1 / 1","0; 1","no PLIDA metadata match by dataset+variable","","","Temporary full expensing - Number of assets you are claiming for","5 digit character","2020-21;2021-22;2022-23"
"blade","BLADE","blade-table-06-business-income-tax-bit","p_elgbl_ast_opt_out_cd","integer",500,371,74.2,5,"1 / 2 / 3 / 4 / 5","1; 2; 3; 4; 5","no PLIDA metadata match by dataset+variable","","","Are you making a choice to opt out of temporary full expensing for some or all of your eligible assets","5 - A: Some eligible assets 10 - B: All eligible assets 15 - No everything else - invalid response or no response given","2020-21;2021-22;2022-23"
"blade","BLADE","blade-table-06-business-income-tax-bit","p_emplt_tst_ind","integer",500,371,74.2,5,"1 / 2 / 3 / 4 / 5","1; 2; 3; 4; 5","no PLIDA metadata match by dataset+variable","","","Employment test","Y - Yes N - No everything else - invalid response or no response given","2018-19;2019-20;2020-21;2021-22;2022-23"
"blade","BLADE","blade-table-06-business-income-tax-bit","p_exprcadj","integer",500,371,74.2,2,"0 / 0 / 0 / 1 / 1","0; 1","no PLIDA metadata match by dataset+variable","","","Expense Reconciliation Adjustments","Numeric response ($)","2001-02;2002-03;2003-04;2004-05;2005-06;2006-07;2007-08;2008-09;2009-10;2010-11;2011-12;2012-13;2013-14;2014-15;2015-16;2016-17;2017-18;2018-19;2019-20;2020-21;2021-22;2022-23"
"blade","BLADE","blade-table-06-business-income-tax-bit","p_extnlabr","numeric",500,0,0,130,"0.0 / 0.0 / 0.0 / 127138.5 / 613020.7","","no PLIDA metadata match by dataset+variable","","","Contractor, sub-contractor and commission expenses (previously labelled External labour costs)","Numeric response ($)","2001-02;2002-03;2003-04;2004-05;2005-06;2006-07;2007-08;2008-09;2009-10;2010-11;2011-12;2012-13;2013-14;2014-15;2015-16;2016-17;2017-18;2018-19;2019-20;2020-21;2021-22;2022-23"
"blade","BLADE","blade-table-06-business-income-tax-bit","p_fbempcbt","integer",500,371,74.2,2,"0 / 0 / 0 / 1 / 1","0; 1","no PLIDA metadata match by dataset+variable","","","Fringe benefit employee contributions","Numeric response ($)","2001-02;2002-03;2003-04;2004-05;2005-06;2006-07;2007-08;2008-09;2009-10;2010-11;2011-12;2012-13;2013-14;2014-15;2015-16;2016-17;2017-18;2018-19;2019-20;2020-21;2021-22;2022-23"
"blade","BLADE","blade-table-06-business-income-tax-bit","p_fcr_wheld_amt","numeric",500,0,0,130,"0.00 / 0.00 / 0.00 / 15331.12 / 197698.88","","no PLIDA metadata match by dataset+variable","","","Share of franking credits from franked distributions","Numeric response ($)","2017-18;2018-19;2019-20;2020-21;2021-22;2022-23"
"blade","BLADE","blade-table-06-business-income-tax-bit","p_forgn_rsdnt_cr_wheld_06_amt","numeric",500,0,0,130,"0.00 / 0.00 / 0.00 / 15331.12 / 197698.88","","no PLIDA metadata match by dataset+variable","","","Share of credit for tax withheld - foreign resident withholding (excluding capital gains)","Numeric response ($)","2017-18;2018-19;2019-20;2020-21;2021-22;2022-23"
"blade","BLADE","blade-table-06-business-income-tax-bit","p_frkdntrst","integer",500,371,74.2,2,"0 / 0 / 0 / 1 / 1","0; 1","no PLIDA metadata match by dataset+variable","","","Franked distributions from trusts","Numeric response ($)","2012-13;2013-14;2014-15;2015-16;2016-17;2017-18;2018-19;2019-20;2020-21;2021-22;2022-23"
"blade","BLADE","blade-table-06-business-income-tax-bit","p_frst_yr_ast_dprtn_bbi_ddctn_to","integer",500,371,74.2,1,"2023 / 2023 / 2023 / 2023 / 2023","2023","no PLIDA metadata match by dataset+variable","","","First year accelerated depreciation deductions for assets using Backing business Investment","Numeric response ($)","2020-21"
"blade","BLADE","blade-table-06-business-income-tax-bit","p_frstry_mis_ddctn_amt","numeric",500,0,0,130,"0.0 / 0.0 / 0.0 / 246443.4 / 1288932.4","","no PLIDA metadata match by dataset+variable","","","Forestry managed investment scheme deduction","Numeric response ($)","2017-18;2018-19;2019-20;2020-21;2021-22;2022-23"
"blade","BLADE","blade-table-06-business-income-tax-bit","p_frstry_mis_incm_amt","numeric",500,0,0,130,"0.0 / 0.0 / 0.0 / 272361.6 / 1342637.9","","no PLIDA metadata match by dataset+variable","","","Forestry managed investment scheme income","Numeric response ($)","2012-13;2013-14;2014-15;2015-16;2016-17;2017-18;2018-19;2019-20;2020-21;2021-22;2022-23"
"blade","BLADE","blade-table-06-business-income-tax-bit","p_gnfsiftc","integer",500,371,74.2,2,"0 / 0 / 0 / 1 / 1","0; 1","no PLIDA metadata match by dataset+variable","","","General net foreign source income – foreign tax credits","Numeric response ($)","2001-02;2002-03;2003-04;2004-05;2005-06;2006-07;2007-08;2008-09;2009-10;2010-11;2011-12;2012-13;2013-14;2014-15;2015-16;2016-17;2017-18;2018-19;2019-20;2020-21;2021-22;2022-23"
"blade","BLADE","blade-table-06-business-income-tax-bit","p_gnfsincm","numeric",500,0,0,130,"0.0 / 0.0 / 0.0 / 272361.6 / 1342637.9","","no PLIDA metadata match by dataset+variable","","","General net foreign source income","Numeric response ($)","2001-02;2002-03;2003-04;2004-05;2005-06;2006-07;2007-08;2008-09;2009-10;2010-11;2011-12;2012-13;2013-14;2014-15;2015-16;2016-17;2017-18;2018-19;2019-20;2020-21;2021-22;2022-23"
"blade","BLADE","blade-table-06-business-income-tax-bit","p_gpabnnpp","integer",500,371,74.2,2,"0 / 0 / 0 / 1 / 1","0; 1","no PLIDA metadata match by dataset+variable","","","Gross Payment ABN not quoted - NPP","Numeric response ($)","2001-02;2002-03;2003-04;2004-05;2005-06;2006-07;2007-08;2008-09;2009-10;2010-11;2011-12;2012-13;2013-14;2014-15;2015-16;2016-17;2017-18;2018-19;2019-20;2020-21;2021-22;2022-23"
"blade","BLADE","blade-table-06-business-income-tax-bit","p_gpabnpp","integer",500,371,74.2,2,"0 / 0 / 0 / 1 / 1","0; 1","no PLIDA metadata match by dataset+variable","","","Gross Payment ABN not quoted - PP","Numeric response ($)","2001-02;2002-03;2003-04;2004-05;2005-06;2006-07;2007-08;2008-09;2009-10;2010-11;2011-12;2012-13;2013-14;2014-15;2015-16;2016-17;2017-18;2018-19;2019-20;2020-21;2021-22;2022-23"
"blade","BLADE","blade-table-06-business-income-tax-bit","p_gpsfrwex","integer",500,371,74.2,2,"0 / 0 / 0 / 1 / 1","0; 1","no PLIDA metadata match by dataset+variable","","","Foreign resident withholding expenses","Numeric response ($)","2001-02;2002-03;2003-04;2004-05;2005-06;2006-07;2007-08;2008-09;2009-10;2010-11;2011-12;2012-13;2013-14;2014-15;2015-16;2016-17;2017-18;2018-19;2019-20;2020-21;2021-22;2022-23"
"blade","BLADE","blade-table-06-business-income-tax-bit","p_gpsfrwnp","integer",500,371,74.2,2,"0 / 0 / 0 / 1 / 1","0; 1","no PLIDA metadata match by dataset+variable","","","Gross payments subject to FRW - NPP","Numeric response ($)","2001-02;2002-03;2003-04;2004-05;2005-06;2006-07;2007-08;2008-09;2009-10;2010-11;2011-12;2012-13;2013-14;2014-15;2015-16;2016-17;2017-18;2018-19;2019-20;2020-21;2021-22;2022-23"
"blade","BLADE","blade-table-06-business-income-tax-bit","p_gpsfrwpp","integer",500,371,74.2,2,"0 / 0 / 0 / 1 / 1","0; 1","no PLIDA metadata match by dataset+variable","","","Gross payments subject to FRW - PP","Numeric response ($)","2001-02;2002-03;2003-04;2004-05;2005-06;2006-07;2007-08;2008-09;2009-10;2010-11;2011-12"
"blade","BLADE","blade-table-06-business-income-tax-bit","p_grs_dstbn_trsts_npp_cd","integer",500,371,74.2,5,"1 / 2 / 3 / 4 / 5","1; 2; 3; 4; 5","no PLIDA metadata match by dataset+variable","","","Distribution from trust, less net capital gain and foreign income action - NPP","5 - D: Deceased estate 10 - F: Fixed trust - other than fixed unit trust or public trust 15 - H: Hybrid trust 20 - I: Discretionary trust - income from investment activities 25 - M: Cash management unit trust 30 - P: Public unit trust (listed) - other than a cash management unit trust 35 - Q: Public unit trust (unlisted) - other than a cash management unit trust 40 - S: Discretionary trust - income from service and/or management services 45 - T: Discretionary trust - income is from trading activities 50 - U: Fixed unit trust - other than a public trust described in P or Q 55 - C: Special Disability Trust 60 - E: Testamentary Trust everything else - invalid response or no response given","2019-20;2020-21;2021-22;2022-23"
"blade","BLADE","blade-table-06-business-income-tax-bit","p_grs_dstbn_trsts_pp_cd","integer",500,371,74.2,5,"1 / 2 / 3 / 4 / 5","1; 2; 3; 4; 5","no PLIDA metadata match by dataset+variable","","","Distribution from trusts action code - PP","5 - D: Deceased estate 10 - F: Fixed trust - other than fixed unit trust or public trust 15 - H: Hybrid trust 20 - I: Discretionary trust - income from investment activities 25 - M: Cash management unit trust 30 - P: Public unit trust (listed) - other than a cash management unit trust 35 - Q: Public unit trust (unlisted) - other than a cash management unit trust 40 - S: Discretionary trust - income from service and/or management services 45 - T: Discretionary trust - income is from trading activities 50 - U: Fixed unit trust - other than a public trust described in P or Q 55 - C: Special Disability Trust 60 - E: Testamentary Trust everything else - invalid response or no response given","2019-20;2020-21;2021-22;2022-23"
"blade","BLADE","blade-table-06-business-income-tax-bit","p_grssintr","numeric",500,0,0,130,"0.0 / 0.0 / 0.0 / 272361.6 / 1342637.9","","no PLIDA metadata match by dataset+variable","","","Gross interest","Numeric response ($)","2001-02;2002-03;2003-04;2004-05;2005-06;2006-07;2007-08;2008-09;2009-10;2010-11;2011-12;2012-13;2013-14;2014-15;2015-16;2016-17;2017-18;2018-19;2019-20;2020-21;2021-22;2022-23"
"blade","BLADE","blade-table-06-business-income-tax-bit","p_grssrent","numeric",500,0,0,130,"0.0 / 0.0 / 0.0 / 246443.4 / 1288932.4","","no PLIDA metadata match by dataset+variable","","","Gross rent","Numeric response ($)","2001-02;2002-03;2003-04;2004-05;2005-06;2006-07;2007-08;2008-09;2009-10;2010-11;2011-12;2012-13;2013-14;2014-15;2015-16;2016-17;2017-18;2018-19;2019-20;2020-21;2021-22;2022-23"
"blade","BLADE","blade-table-06-business-income-tax-bit","p_hldpsbdinrspctofanyidvsind","numeric",500,0,0,130,"0.00 / 0.00 / 0.00 / 15331.12 / 197698.88","","no PLIDA metadata match by dataset+variable","","","Do you hold a personal services business (PSB) determination in respect of any individuals?","Y - Yes N - No everything else - invalid response or no response given","2018-19;2019-20;2020-21;2021-22;2022-23"
"blade","BLADE","blade-table-06-business-income-tax-bit","p_idv_psi_ind","integer",500,371,74.2,5,"1 / 2 / 3 / 4 / 5","1; 2; 3; 4; 5","no PLIDA metadata match by dataset+variable","","","Does your income include an individual’s personal services income (PSI)?","Y - Yes N - No everything else - invalid response or no response given","2018-19;2019-20;2020-21;2021-22;2022-23"
"blade","BLADE","blade-table-06-business-income-tax-bit","p_incm_or_lss_net_totl_amt","numeric",500,0,0,130,"0.0 / 0.0 / 0.0 / 12314.5 / 174182.4","","no PLIDA metadata match by dataset+variable","","","Total net income or loss","Numeric response ($)","2018-19;2019-20;2020-21;2021-22;2022-23"
"blade","BLADE","blade-table-06-business-income-tax-bit","p_incmradj","numeric",500,0,0,130,"0.0 / 0.0 / 0.0 / 272361.6 / 1342637.9","","no PLIDA metadata match by dataset+variable","","","Income Reconciliation Adjustments","Numeric response ($)","2001-02;2002-03;2003-04;2004-05;2005-06;2006-07;2007-08;2008-09;2009-10;2010-11;2011-12;2012-13;2013-14;2014-15;2015-16;2016-17;2017-18;2018-19;2019-20;2020-21;2021-22;2022-23"
"blade","BLADE","blade-table-06-business-income-tax-bit","p_intdepas","integer",500,371,74.2,2,"0 / 0 / 0 / 1 / 1","0; 1","no PLIDA metadata match by dataset+variable","","","Intangible depreciating assets first deducted","Numeric response ($)","2001-02;2002-03;2003-04;2004-05;2005-06;2006-07;2007-08;2008-09;2009-10;2010-11;2011-12;2012-13;2013-14;2014-15;2015-16;2016-17;2017-18;2018-19;2019-20;2020-21;2021-22;2022-23"
"blade","BLADE","blade-table-06-business-income-tax-bit","p_intexpos","integer",500,371,74.2,2,"0 / 0 / 0 / 1 / 1","0; 1","no PLIDA metadata match by dataset+variable","","","Interest expenses overseas","Numeric response ($)","2001-02;2002-03;2003-04;2004-05;2005-06;2006-07;2007-08;2008-09;2009-10;2010-11;2011-12;2012-13;2013-14;2014-15;2015-16;2016-17;2017-18;2018-19;2019-20;2020-21;2021-22;2022-23"
"blade","BLADE","blade-table-06-business-income-tax-bit","p_intextot","integer",500,371,74.2,2,"0 / 0 / 0 / 1 / 1","0; 1","no PLIDA metadata match by dataset+variable","","","Total interest expenses","Numeric response ($)","2001-02;2002-03;2003-04;2004-05;2005-06;2006-07;2007-08;2008-09;2009-10;2010-11;2011-12;2012-13;2013-14;2014-15;2015-16;2016-17;2017-18;2018-19;2019-20;2020-21;2021-22;2022-23"
"blade","BLADE","blade-table-06-business-income-tax-bit","p_intldlgi","integer",500,371,74.2,2,"0 / 0 / 0 / 1 / 1","0; 1","no PLIDA metadata match by dataset+variable","","","Overseas transactions","Y - Yes N - No everything else - invalid response or no response given","2001-02;2002-03;2003-04;2004-05;2005-06;2006-07;2007-08;2008-09;2009-10;2010-11;2011-12;2012-13;2013-14;2014-15;2015-16;2016-17;2017-18;2018-19;2019-20;2020-21;2021-22;2022-23"
"blade","BLADE","blade-table-06-business-income-tax-bit","p_intrdedt","numeric",500,0,0,130,"0.0 / 0.0 / 0.0 / 246443.4 / 1288932.4","","no PLIDA metadata match by dataset+variable","","","Interest deductions","Numeric response ($)","2001-02;2002-03;2003-04;2004-05;2005-06;2006-07;2007-08;2008-09;2009-10;2010-11;2011-12;2012-13;2013-14;2014-15;2015-16;2016-17;2017-18;2018-19;2019-20;2020-21;2021-22;2022-23"
"blade","BLADE","blade-table-06-business-income-tax-bit","p_leaextot","integer",500,371,74.2,2,"0 / 0 / 0 / 1 / 1","0; 1","no PLIDA metadata match by dataset+variable","","","Lease expenses","Numeric response ($)","2001-02;2002-03;2003-04;2004-05;2005-06;2006-07;2007-08;2008-09;2009-10;2010-11;2011-12;2012-13;2013-14;2014-15;2015-16;2016-17;2017-18;2018-19;2019-20;2020-21;2021-22;2022-23"
"blade","BLADE","blade-table-06-business-income-tax-bit","p_motrexps","numeric",500,0,0,130,"0.0 / 0.0 / 0.0 / 246443.4 / 1288932.4","","no PLIDA metadata match by dataset+variable","","","Motor vehicle expenses","Numeric response ($)","2001-02;2002-03;2003-04;2004-05;2005-06;2006-07;2007-08;2008-09;2009-10;2010-11;2011-12;2012-13;2013-14;2014-15;2015-16;2016-17;2017-18;2018-19;2019-20;2020-21;2021-22;2022-23"
"blade","BLADE","blade-table-06-business-income-tax-bit","p_net_rntl_prpty_incm_or_lss_amt","numeric",500,0,0,130,"0.0 / 0.0 / 0.0 / 12314.5 / 174182.4","","no PLIDA metadata match by dataset+variable","","","Net rental property income or loss","Numeric response ($)","2018-19;2019-20;2020-21;2021-22;2022-23"
"blade","BLADE","blade-table-06-business-income-tax-bit","p_netfincl_invmt_incm_or_lss_amt","numeric",500,0,0,130,"0.0 / 0.0 / 0.0 / 12314.5 / 174182.4","","no PLIDA metadata match by dataset+variable","","","Income tests - Net financial investment income or loss","Numeric response ($)","2018-19;2019-20;2020-21;2021-22;2022-23"
"blade","BLADE","blade-table-06-business-income-tax-bit","p_netilbus","numeric",500,0,0,130,"0.0 / 0.0 / 0.0 / 12314.5 / 174182.4","","no PLIDA metadata match by dataset+variable","","","Net income or loss from business","Numeric response ($)","2001-02;2002-03;2003-04;2004-05;2005-06;2006-07;2007-08;2008-09;2009-10;2010-11;2011-12;2012-13;2013-14;2014-15;2015-16;2016-17;2017-18;2018-19;2019-20;2020-21;2021-22;2022-23"
"blade","BLADE","blade-table-06-business-income-tax-bit","p_netincnp","numeric",500,0,0,130,"0.0 / 0.0 / 0.0 / 12314.5 / 174182.4","","no PLIDA metadata match by dataset+variable","","","Net income or loss from business - NPP","Numeric response ($)","2001-02;2002-03;2003-04;2004-05;2005-06;2006-07;2007-08;2008-09;2009-10;2010-11;2011-12;2012-13;2013-14;2014-15;2015-16;2016-17;2017-18;2018-19;2019-20;2020-21;2021-22;2022-23"
"blade","BLADE","blade-table-06-business-income-tax-bit","p_netincpp","numeric",500,0,0,130,"0.0 / 0.0 / 0.0 / 12314.5 / 174182.4","","no PLIDA metadata match by dataset+variable","","","Net income or loss from business - PP","Numeric response ($)","2001-02;2002-03;2003-04;2004-05;2005-06;2006-07;2007-08;2008-09;2009-10;2010-11;2011-12;2012-13;2013-14;2014-15;2015-16;2016-17;2017-18;2018-19;2019-20;2020-21;2021-22;2022-23"
"blade","BLADE","blade-table-06-business-income-tax-bit","p_netrentt","numeric",500,0,0,130,"0.0 / 0.0 / 0.0 / 12314.5 / 174182.4","","no PLIDA metadata match by dataset+variable","","","Net rent","Numeric response ($)","2001-02;2002-03;2003-04;2004-05;2005-06;2006-07;2007-08;2008-09;2009-10;2010-11;2011-12;2012-13;2013-14;2014-15;2015-16;2016-17;2017-18;2018-19;2019-20;2020-21;2021-22;2022-23"
"blade","BLADE","blade-table-06-business-income-tax-bit","p_nppddrdb","integer",500,371,74.2,2,"0 / 0 / 0 / 1 / 1","0; 1","no PLIDA metadata match by dataset+variable","","","Deductions relating to distribution - NPP","Numeric response ($)","2001-02;2002-03;2003-04;2004-05;2005-06;2006-07;2007-08;2008-09;2009-10;2010-11;2011-12;2012-13;2013-14;2014-15;2015-16;2016-17;2017-18;2018-19;2019-20;2020-21;2021-22;2022-23"
"blade","BLADE","blade-table-06-business-income-tax-bit","p_nppddtps","integer",500,371,74.2,2,"0 / 0 / 0 / 1 / 1","0; 1","no PLIDA metadata match by dataset+variable","","","Distribution from partnerships - NPP","Numeric response ($)","2001-02;2002-03;2003-04;2004-05;2005-06;2006-07;2007-08;2008-09;2009-10;2010-11;2011-12;2012-13;2013-14;2014-15;2015-16;2016-17;2017-18;2018-19;2019-20;2020-21;2021-22;2022-23"
"blade","BLADE","blade-table-06-business-income-tax-bit","p_nppddttr","integer",500,371,74.2,2,"0 / 0 / 0 / 1 / 1","0; 1","no PLIDA metadata match by dataset+variable","","","Distribution from trusts - NPP","Numeric response ($)","2001-02;2002-03;2003-04;2004-05;2005-06;2006-07;2007-08;2008-09;2009-10;2010-11;2011-12;2012-13;2013-14;2014-15;2015-16;2016-17;2017-18;2018-19;2019-20;2020-21;2021-22;2022-23"
"blade","BLADE","blade-table-06-business-income-tax-bit","p_nras_tax_ofst_entlmt_amt","numeric",500,0,0,130,"0.00 / 0.00 / 0.00 / 15331.12 / 197698.88","","no PLIDA metadata match by dataset+variable","","","National rental affordability scheme tax offset entitlement","Numeric response ($)","2018-19;2019-20;2020-21;2021-22;2022-23"
"blade","BLADE","blade-table-06-business-income-tax-bit","p_opnstock","numeric",500,0,0,130,"0.00 / 0.00 / 0.00 / 15331.12 / 197698.88","","no PLIDA metadata match by dataset+variable","","","Opening stock","Numeric response ($)","2001-02;2002-03;2003-04;2004-05;2005-06;2006-07;2007-08;2008-09;2009-10;2010-11;2011-12;2012-13;2013-14;2014-15;2015-16;2016-17;2017-18;2018-19;2019-20;2020-21;2021-22;2022-23"
"blade","BLADE","blade-table-06-business-income-tax-bit","p_othafsgr","integer",500,371,74.2,2,"0 / 0 / 0 / 1 / 1","0; 1","no PLIDA metadata match by dataset+variable","","","Other Assessable Foreign source Gross Income","Numeric response ($)","2001-02;2002-03;2003-04;2004-05;2005-06;2006-07;2007-08;2008-09;2009-10;2010-11;2011-12;2012-13;2013-14;2014-15;2015-16;2016-17;2017-18;2018-19;2019-20;2020-21;2021-22;2022-23"
"blade","BLADE","blade-table-06-business-income-tax-bit","p_othaitoi","integer",500,371,74.2,2,"0 / 0 / 0 / 1 / 1","0; 1","no PLIDA metadata match by dataset+variable","","","Other Australian income - type of Income","Numeric response ($)","2001-02;2002-03;2003-04;2004-05;2005-06;2006-07;2007-08;2008-09;2009-10;2010-11;2011-12;2012-13;2013-14;2014-15;2015-16;2016-17;2017-18;2018-19;2019-20;2020-21;2021-22;2022-23"
"blade","BLADE","blade-table-06-business-income-tax-bit","p_othbicpp","integer",500,371,74.2,2,"0 / 0 / 0 / 1 / 1","0; 1","no PLIDA metadata match by dataset+variable","","","Other business income - PP","Numeric response ($)","2001-02;2002-03;2003-04;2004-05;2005-06;2006-07;2007-08;2008-09;2009-10;2010-11;2011-12;2012-13;2013-14;2014-15;2015-16;2016-17;2017-18;2018-19;2019-20;2020-21;2021-22;2022-23"
"blade","BLADE","blade-table-06-business-income-tax-bit","p_othbinpp","integer",500,371,74.2,2,"0 / 0 / 0 / 1 / 1","0; 1","no PLIDA metadata match by dataset+variable","","","Other business income - NPP","Numeric response ($)","2001-02;2002-03;2003-04;2004-05;2005-06;2006-07;2007-08;2008-09;2009-10;2010-11;2011-12;2012-13;2013-14;2014-15;2015-16;2016-17;2017-18;2018-19;2019-20;2020-21;2021-22;2022-23"
"blade","BLADE","blade-table-06-business-income-tax-bit","p_othdepas","integer",500,371,74.2,2,"0 / 0 / 0 / 1 / 1","0; 1","no PLIDA metadata match by dataset+variable","","","Other depreciating assets first deducted","Numeric response ($)","2001-02;2002-03;2003-04;2004-05;2005-06;2006-07;2007-08;2008-09;2009-10;2010-11;2011-12;2012-13;2013-14;2014-15;2015-16;2016-17;2017-18;2018-19;2019-20;2020-21;2021-22;2022-23"
"blade","BLADE","blade-table-06-business-income-tax-bit","p_othr_ddctns_totl_amt","numeric",500,0,0,130,"0.0 / 0.0 / 0.0 / 246443.4 / 1288932.4","","no PLIDA metadata match by dataset+variable","","","Total other deductions","Numeric response ($)","2017-18;2018-19;2019-20;2020-21;2021-22;2022-23"
"blade","BLADE","blade-table-06-business-income-tax-bit","p_othrexps","numeric",500,0,0,130,"0.0 / 0.0 / 0.0 / 246443.4 / 1288932.4","","no PLIDA metadata match by dataset+variable","","","All other expenses","Numeric response ($)","2001-02;2002-03;2003-04;2004-05;2005-06;2006-07;2007-08;2008-09;2009-10;2010-11;2011-12;2012-13;2013-14;2014-15;2015-16;2016-17;2017-18;2018-19;2019-20;2020-21;2021-22;2022-23"
"blade","BLADE","blade-table-06-business-income-tax-bit","p_othrtldt","integer",500,371,74.2,2,"0 / 0 / 0 / 1 / 1","0; 1","no PLIDA metadata match by dataset+variable","","","Other rental deductions","Numeric response ($)","2001-02;2002-03;2003-04;2004-05;2005-06;2006-07;2007-08;2008-09;2009-10;2010-11;2011-12;2012-13;2013-14;2014-15;2015-16;2016-17;2017-18;2018-19;2019-20;2020-21;2021-22;2022-23"
"blade","BLADE","blade-table-06-business-income-tax-bit","p_payassoc","numeric",500,0,0,130,"0.00 / 0.00 / 0.00 / 15331.12 / 197698.88","","no PLIDA metadata match by dataset+variable","","","Payments to associated persons","Numeric response ($)","2001-02;2002-03;2003-04;2004-05;2005-06;2006-07;2007-08;2008-09;2009-10;2010-11;2011-12;2012-13;2013-14;2014-15;2015-16;2016-17;2017-18;2018-19;2019-20;2020-21;2021-22;2022-23"
"blade","BLADE","blade-table-06-business-income-tax-bit","p_pp_excldd_frm_ncmi_amt","numeric",500,0,0,130,"0.00 / 0.00 / 0.00 / 15331.12 / 197698.88","","no PLIDA metadata match by dataset+variable","","","PP - Distribution from partnerships - Excluded from NCMI","Numeric response ($)","2019-20;2020-21;2021-22;2022-23"
"blade","BLADE","blade-table-06-business-income-tax-bit","p_pp_ncmi_amt","numeric",500,0,0,130,"0.00 / 0.00 / 0.00 / 15331.12 / 197698.88","","no PLIDA metadata match by dataset+variable","","","PP - Distribution from partnerships - NCMI","Numeric response ($)","2019-20;2020-21;2021-22;2022-23"
"blade","BLADE","blade-table-06-business-income-tax-bit","p_ppdistps","integer",500,371,74.2,2,"0 / 0 / 0 / 1 / 1","0; 1","no PLIDA metadata match by dataset+variable","","","Distribution from partnerships - PP","Numeric response ($)","2001-02;2002-03;2003-04;2004-05;2005-06;2006-07;2007-08;2008-09;2009-10;2010-11;2011-12;2012-13;2013-14;2014-15;2015-16;2016-17;2017-18;2018-19;2019-20;2020-21;2021-22;2022-23"
"blade","BLADE","blade-table-06-business-income-tax-bit","p_ppdisttr","integer",500,371,74.2,2,"0 / 0 / 0 / 1 / 1","0; 1","no PLIDA metadata match by dataset+variable","","","Distribution from trusts - PP","Numeric response ($)","2001-02;2002-03;2003-04;2004-05;2005-06;2006-07;2007-08;2008-09;2009-10;2010-11;2011-12;2012-13;2013-14;2014-15;2015-16;2016-17;2017-18;2018-19;2019-20;2020-21;2021-22;2022-23"
"blade","BLADE","blade-table-06-business-income-tax-bit","p_pprddrdb","integer",500,371,74.2,2,"0 / 0 / 0 / 1 / 1","0; 1","no PLIDA metadata match by dataset+variable","","","Deductions relating to distribution - PP","Numeric response ($)","2001-02;2002-03;2003-04;2004-05;2005-06;2006-07;2007-08;2008-09;2009-10;2010-11;2011-12;2012-13;2013-14;2014-15;2015-16;2016-17;2017-18;2018-19;2019-20;2020-21;2021-22;2022-23"
"blade","BLADE","blade-table-06-business-income-tax-bit","p_propfund","integer",500,371,74.2,2,"0 / 0 / 0 / 1 / 1","0; 1","no PLIDA metadata match by dataset+variable","","","Proprietors’ funds","Numeric response ($)","2001-02;2002-03;2003-04;2004-05;2005-06;2006-07;2007-08;2008-09;2009-10;2010-11;2011-12"
"blade","BLADE","blade-table-06-business-income-tax-bit","p_pshp_npp_excldd_frm_ncmi_amt","numeric",500,0,0,130,"0.00 / 0.00 / 0.00 / 15331.12 / 197698.88","","no PLIDA metadata match by dataset+variable","","","Non-PP - Distribution from partnerships - Excluded from NCMI","Numeric response ($)","2019-20;2020-21;2021-22;2022-23"
"blade","BLADE","blade-table-06-business-income-tax-bit","p_pshp_npp_ncmi_amt","numeric",500,0,0,130,"0.00 / 0.00 / 0.00 / 15331.12 / 197698.88","","no PLIDA metadata match by dataset+variable","","","Non-PP - Distribution from partnerships - NCMI","Numeric response ($)","2019-20;2020-21;2021-22;2022-23"
"blade","BLADE","blade-table-06-business-income-tax-bit","p_purcothc","integer",500,371,74.2,2,"0 / 0 / 0 / 1 / 1","0; 1","no PLIDA metadata match by dataset+variable","","","Purchases and other costs","Numeric response ($)","2001-02;2002-03;2003-04;2004-05;2005-06;2006-07;2007-08;2008-09;2009-10;2010-11;2011-12;2012-13;2013-14;2014-15;2015-16;2016-17;2017-18;2018-19;2019-20;2020-21;2021-22;2022-23"
"blade","BLADE","blade-table-06-business-income-tax-bit","p_rentexps","numeric",500,0,0,130,"0.0 / 0.0 / 0.0 / 246443.4 / 1288932.4","","no PLIDA metadata match by dataset+variable","","","Rent expenses","Numeric response ($)","2001-02;2002-03;2003-04;2004-05;2005-06;2006-07;2007-08;2008-09;2009-10;2010-11;2011-12;2012-13;2013-14;2014-15;2015-16;2016-17;2017-18;2018-19;2019-20;2020-21;2021-22;2022-23"
"blade","BLADE","blade-table-06-business-income-tax-bit","p_repmaint","integer",500,371,74.2,2,"0 / 0 / 0 / 1 / 1","0; 1","no PLIDA metadata match by dataset+variable","","","Repairs and maintenance","Numeric response ($)","2001-02;2002-03;2003-04;2004-05;2005-06;2006-07;2007-08;2008-09;2009-10;2010-11;2011-12;2012-13;2013-14;2014-15;2015-16;2016-17;2017-18;2018-19;2019-20;2020-21;2021-22;2022-23"
"blade","BLADE","blade-table-06-business-income-tax-bit","p_royexpos","integer",500,371,74.2,2,"0 / 0 / 0 / 1 / 1","0; 1","no PLIDA metadata match by dataset+variable","","","Royalty expenses overseas","Numeric response ($)","2001-02;2002-03;2003-04;2004-05;2005-06;2006-07;2007-08;2008-09;2009-10;2010-11;2011-12;2012-13;2013-14;2014-15;2015-16;2016-17;2017-18;2018-19;2019-20;2020-21;2021-22;2022-23"
"blade","BLADE","blade-table-06-business-income-tax-bit","p_royextot","integer",500,371,74.2,2,"0 / 0 / 0 / 1 / 1","0; 1","no PLIDA metadata match by dataset+variable","","","Total royalty expenses","Numeric response ($)","2001-02;2002-03;2003-04;2004-05;2005-06;2006-07;2007-08;2008-09;2009-10;2010-11;2011-12;2012-13;2013-14;2014-15;2015-16;2016-17;2017-18;2018-19;2019-20;2020-21;2021-22;2022-23"
"blade","BLADE","blade-table-06-business-income-tax-bit","p_rprt_typ_cd","integer",500,371,74.2,5,"1 / 2 / 3 / 4 / 5","1; 2; 3; 4; 5","no PLIDA metadata match by dataset+variable","","","Country by country reporting entity","5 - Country by country reporting entity everything else - invalid response or no response given","2019-20;2020-21;2021-22;2022-23"
"blade","BLADE","blade-table-06-business-income-tax-bit","p_salwgexp","numeric",500,0,0,130,"0.0 / 0.0 / 0.0 / 127138.5 / 613020.7","","no PLIDA metadata match by dataset+variable","","","Total salary and wage expenses action code","5 - A: All other expenses 10 - B: Included in both Cost of sales and All other expenses 15 - C: Included in the expense component of: Cost of sales 20 - O: Included in other than: Cost of sales and/or All other expenses everything else - invalid response or no response given","2001-02;2002-03;2003-04;2004-05;2005-06;2006-07;2007-08;2008-09;2009-10;2010-11;2011-12;2012-13;2013-14;2014-15;2015-16;2016-17;2017-18;2018-19;2019-20;2020-21;2021-22;2022-23"
"blade","BLADE","blade-table-06-business-income-tax-bit","p_sbi_net_amt","numeric",500,0,0,130,"0.0 / 0.0 / 0.0 / 12314.5 / 174182.4","","no PLIDA metadata match by dataset+variable","","","Net small business income","Numeric response ($)","2018-19;2019-20;2020-21;2021-22;2022-23"
"blade","BLADE","blade-table-06-business-income-tax-bit","p_sbsq_yr_ast_dprtn_bbi_ddctn_to","integer",500,371,74.2,1,"2023 / 2023 / 2023 / 2023 / 2023","2023","no PLIDA metadata match by dataset+variable","","","Subsequent year accelerated depreciation deductions for assets using Backing Business Investment","Numeric response ($)","2020-21;2021-22;2022-23"
"blade","BLADE","blade-table-06-business-income-tax-bit","p_sec40ddtn","integer",500,371,74.2,2,"0 / 0 / 0 / 1 / 1","0; 1","no PLIDA metadata match by dataset+variable","","","Section 40-880 deduction","Numeric response ($)","2012-13;2013-14;2014-15;2015-16;2016-17;2017-18;2018-19;2019-20;2020-21;2021-22;2022-23"
"blade","BLADE","blade-table-06-business-income-tax-bit","p_self_assd_efctv_lf_ind","integer",500,371,74.2,5,"1 / 2 / 3 / 4 / 5","1; 2; 3; 4; 5","no PLIDA metadata match by dataset+variable","","","Have you self-assessed the effective life of any of these assets?","Y - Yes N - No everything else - invalid response or no response given","2019-20;2020-21;2021-22;2022-23"
"blade","BLADE","blade-table-06-business-income-tax-bit","p_sobastin","integer",500,371,74.2,2,"0 / 0 / 0 / 1 / 1","0; 1","no PLIDA metadata match by dataset+variable","","","Status of your business","5 - Ceased business 10 - Commenced business 15 - Continuing business everything else - invalid response or no response given","2001-02;2002-03;2003-04;2004-05;2005-06;2006-07;2007-08;2008-09;2009-10;2010-11;2011-12;2012-13;2013-14;2014-15;2015-16;2016-17;2017-18;2018-19;2019-20;2020-21;2021-22;2022-23"
"blade","BLADE","blade-table-06-business-income-tax-bit","p_sts_dprtg_gnrl_pool_asts_amt","numeric",500,0,0,130,"0.00 / 0.00 / 0.00 / 15331.12 / 197698.88","","no PLIDA metadata match by dataset+variable","","","Small business entity simplified depreciation - Deduction for general small business pool","Numeric response ($)","2018-19;2019-20;2020-21;2021-22;2022-23"
"blade","BLADE","blade-table-06-business-income-tax-bit","p_sts_dprtg_low_cst_asts_amt","numeric",500,0,0,130,"0.00 / 0.00 / 0.00 / 15331.12 / 197698.88","","no PLIDA metadata match by dataset+variable","","","Small business entity simplified depreciation - Deduction for certain assets","Numeric response ($)","2018-19;2019-20;2020-21;2021-22;2022-23"
"blade","BLADE","blade-table-06-business-income-tax-bit","p_superann","numeric",500,0,0,130,"0.0 / 0.0 / 0.0 / 246443.4 / 1288932.4","","no PLIDA metadata match by dataset+variable","","","Superannuation expenses","Numeric response ($)","2001-02;2002-03;2003-04;2004-05;2005-06;2006-07;2007-08;2008-09;2009-10;2010-11;2011-12;2012-13;2013-14;2014-15;2015-16;2016-17;2017-18;2018-19;2019-20;2020-21;2021-22;2022-23"
"blade","BLADE","blade-table-06-business-income-tax-bit","p_tadjvalyrend","numeric",500,0,0,130,"0.00 / 0.00 / 0.00 / 15331.12 / 197698.88","","no PLIDA metadata match by dataset+variable","","","Total adjustable values at end of income year","Numeric response ($)","2012-13;2013-14;2014-15;2015-16;2016-17;2017-18;2018-19;2019-20;2020-21;2021-22;2022-23"
"blade","BLADE","blade-table-06-business-income-tax-bit","p_tc_prvsn_apply_ind","integer",500,371,74.2,5,"1 / 2 / 3 / 4 / 5","1; 2; 3; 4; 5","no PLIDA metadata match by dataset+variable","","","Did the thin capitalisation provisions apply?","Y - Yes N - No everything else - invalid response or no response given","2019-20;2020-21;2021-22;2022-23"
"blade","BLADE","blade-table-06-business-income-tax-bit","p_terintas","integer",500,371,74.2,2,"0 / 0 / 0 / 1 / 1","0; 1","no PLIDA metadata match by dataset+variable","","","Termination value of intangible depreciating assets","Numeric response ($)","2001-02;2002-03;2003-04;2004-05;2005-06;2006-07;2007-08;2008-09;2009-10;2010-11;2011-12;2012-13;2013-14;2014-15;2015-16;2016-17;2017-18;2018-19;2019-20;2020-21;2021-22;2022-23"
"blade","BLADE","blade-table-06-business-income-tax-bit","p_terothas","integer",500,371,74.2,2,"0 / 0 / 0 / 1 / 1","0; 1","no PLIDA metadata match by dataset+variable","","","Termination value of other depreciating assets","Numeric response ($)","2001-02;2002-03;2003-04;2004-05;2005-06;2006-07;2007-08;2008-09;2009-10;2010-11;2011-12;2012-13;2013-14;2014-15;2015-16;2016-17;2017-18;2018-19;2019-20;2020-21;2021-22;2022-23"
"blade","BLADE","blade-table-06-business-income-tax-bit","p_tfe_elgbl_ast_opt_out_num","integer",500,371,74.2,2,"0 / 0 / 0 / 1 / 1","0; 1","no PLIDA metadata match by dataset+variable","","","Temporary full expensing - Number of assets you are opting out for","6 digit character","2020-21;2021-22;2022-23"
"blade","BLADE","blade-table-06-business-income-tax-bit","p_tfe_elgbl_ast_opt_out_val_amt","numeric",500,0,0,130,"0.00 / 0.00 / 0.00 / 15331.12 / 197698.88","","no PLIDA metadata match by dataset+variable","","","Temporary full expensing - Value of assets you are opting out for","Numeric response ($)","2020-21;2021-22;2022-23"
"blade","BLADE","blade-table-06-business-income-tax-bit","p_tfn_wheld_frm_grs_intst_amt","numeric",500,0,0,130,"0.00 / 0.00 / 0.00 / 15331.12 / 197698.88","","no PLIDA metadata match by dataset+variable","","","TFN amounts withheld from gross interest","Numeric response ($)","2017-18;2018-19;2019-20;2020-21;2021-22;2022-23"
"blade","BLADE","blade-table-06-business-income-tax-bit","p_totbusnp","integer",500,371,74.2,2,"0 / 0 / 0 / 1 / 1","0; 1","no PLIDA metadata match by dataset+variable","","","Total Business Income - NPP","Numeric response ($)","2001-02;2002-03;2003-04;2004-05;2005-06;2006-07;2007-08;2008-09;2009-10;2010-11;2011-12;2012-13;2013-14;2014-15;2015-16;2016-17;2017-18;2018-19;2019-20;2020-21;2021-22;2022-23"
"blade","BLADE","blade-table-06-business-income-tax-bit","p_totbuspp","integer",500,371,74.2,2,"0 / 0 / 0 / 1 / 1","0; 1","no PLIDA metadata match by dataset+variable","","","Total Business Income - PP","Numeric response ($)","2001-02;2002-03;2003-04;2004-05;2005-06;2006-07;2007-08;2008-09;2009-10;2010-11;2011-12;2012-13;2013-14;2014-15;2015-16;2016-17;2017-18;2018-19;2019-20;2020-21;2021-22;2022-23"
"blade","BLADE","blade-table-06-business-income-tax-bit","p_totl_prsnl_srvc_incm_amt","numeric",500,0,0,130,"0.0 / 0.0 / 0.0 / 272361.6 / 1342637.9","","no PLIDA metadata match by dataset+variable","","","Total amount of PSI included at item 5 income labels","Numeric response ($)","2017-18;2018-19;2019-20;2020-21;2021-22;2022-23"
"blade","BLADE","blade-table-06-business-income-tax-bit","p_totl_tofa_gains_amt","numeric",500,0,0,130,"0.00 / 0.00 / 0.00 / 15331.12 / 197698.88","","no PLIDA metadata match by dataset+variable","","","Total TOFA gains","Numeric response ($)","2012-13;2013-14;2014-15;2015-16;2016-17;2017-18;2018-19;2019-20;2020-21;2021-22;2022-23"
"blade","BLADE","blade-table-06-business-income-tax-bit","p_totl_tofa_lsses_amt","numeric",500,0,0,130,"0.00 / 0.00 / 0.00 / 15331.12 / 197698.88","","no PLIDA metadata match by dataset+variable","","","Total TOFA losses","Numeric response ($)","2012-13;2013-14;2014-15;2015-16;2016-17;2017-18;2018-19;2019-20;2020-21;2021-22;2022-23"
"blade","BLADE","blade-table-06-business-income-tax-bit","p_totlasst","numeric",500,0,0,130,"0.00 / 0.00 / 0.00 / 15331.12 / 197698.88","","no PLIDA metadata match by dataset+variable","","","Total assets","Numeric response ($)","2001-02;2002-03;2003-04;2004-05;2005-06;2006-07;2007-08;2008-09;2009-10;2010-11;2011-12;2012-13;2013-14;2014-15;2015-16;2016-17;2017-18;2018-19;2019-20;2020-21;2021-22;2022-23"
"blade","BLADE","blade-table-06-business-income-tax-bit","p_totlexps","numeric",500,0,0,130,"0.0 / 0.0 / 0.0 / 246443.4 / 1288932.4","","no PLIDA metadata match by dataset+variable","","","Total expenses","Numeric response ($)","2001-02;2002-03;2003-04;2004-05;2005-06;2006-07;2007-08;2008-09;2009-10;2010-11;2011-12;2012-13;2013-14;2014-15;2015-16;2016-17;2017-18;2018-19;2019-20;2020-21;2021-22;2022-23"
"blade","BLADE","blade-table-06-business-income-tax-bit","p_totlincm","numeric",500,0,0,130,"0.0 / 0.0 / 0.0 / 272361.6 / 1342637.9","","no PLIDA metadata match by dataset+variable","","","Total income (Total of the items listed under the ‘Income’ heading in the Income Tax Return forms)","Numeric response ($)","2001-02;2002-03;2003-04;2004-05;2005-06;2006-07;2007-08;2008-09;2009-10;2010-11;2011-12;2012-13;2013-14;2014-15;2015-16;2016-17;2017-18;2018-19;2019-20;2020-21;2021-22;2022-23"
"blade","BLADE","blade-table-06-business-income-tax-bit","p_totlliab","numeric",500,0,0,130,"0.00 / 0.00 / 0.00 / 15331.12 / 197698.88","","no PLIDA metadata match by dataset+variable","","","Total liabilities","Numeric response ($)","2001-02;2002-03;2003-04;2004-05;2005-06;2006-07;2007-08;2008-09;2009-10;2010-11;2011-12;2012-13;2013-14;2014-15;2015-16;2016-17;2017-18;2018-19;2019-20;2020-21;2021-22;2022-23"
"blade","BLADE","blade-table-06-business-income-tax-bit","p_totlprsnlsrvcincmddctnsamt","numeric",500,0,0,130,"0.0 / 0.0 / 0.0 / 246443.4 / 1288932.4","","no PLIDA metadata match by dataset+variable","","","Total amount of deductions against PSI included at item 5 expense labels","Numeric response ($)","2017-18;2018-19;2019-20;2020-21;2021-22;2022-23"
"blade","BLADE","blade-table-06-business-income-tax-bit","p_totlwage","numeric",500,0,0,130,"0.0 / 0.0 / 0.0 / 127138.5 / 613020.7","","no PLIDA metadata match by dataset+variable","","","Total salaries and wage expenses","Numeric response ($)","2001-02;2002-03;2003-04;2004-05;2005-06;2006-07;2007-08;2008-09;2009-10;2010-11;2011-12;2012-13;2013-14;2014-15;2015-16;2016-17;2017-18;2018-19;2019-20;2020-21;2021-22;2022-23"
"blade","BLADE","blade-table-06-business-income-tax-bit","p_trst_npp_excldd_frm_ncmi_amt","numeric",500,0,0,130,"0.00 / 0.00 / 0.00 / 15331.12 / 197698.88","","no PLIDA metadata match by dataset+variable","","","Net income from trust - Excluded from NCMI - NPP","Numeric response ($)","2019-20;2020-21;2021-22;2022-23"
"blade","BLADE","blade-table-06-business-income-tax-bit","p_trst_npp_ncmi_amt","numeric",500,0,0,130,"0.00 / 0.00 / 0.00 / 15331.12 / 197698.88","","no PLIDA metadata match by dataset+variable","","","Net income from trust - NCMI - NPP","Numeric response ($)","2019-20;2020-21;2021-22;2022-23"
"blade","BLADE","blade-table-06-business-income-tax-bit","p_trst_pp_excldd_frm_ncmi_amt","numeric",500,0,0,130,"0.00 / 0.00 / 0.00 / 15331.12 / 197698.88","","no PLIDA metadata match by dataset+variable","","","Net income from trust - Excluded from NCMI - PP","Numeric response ($)","2019-20;2020-21;2021-22;2022-23"
"blade","BLADE","blade-table-06-business-income-tax-bit","p_trst_pp_ncmi_amt","numeric",500,0,0,130,"0.00 / 0.00 / 0.00 / 15331.12 / 197698.88","","no PLIDA metadata match by dataset+variable","","","Net income from trust - NCMI - PP","Numeric response ($)","2019-20;2020-21;2021-22;2022-23"
"blade","BLADE","blade-table-06-business-income-tax-bit","p_tw_abn_not_qtd_amt","character",500,0,0,500,"BN00001651499=1; BN00002651502=1; BN00003651505=1; BN00004651508=1; BN00005651511=1; BN00006651514=1; BN00007651517=1; BN00008651520=1; BN00009651523=1; BN00010651526=1; BN00011651529=1; BN00012651532=1","BN00001651499; BN00002651502; BN00003651505; BN00004651508; BN00005651511; BN00006651514; BN00007651517; BN00008651520; BN00009651523; BN00010651526; BN00011651529; BN00012651532; BN00013651535; BN00014651538; BN00015651541; BN00016651544; BN00017651547; BN00018651550; BN00019651553; BN00020651556; BN00021651559; BN00022651562; BN00023651565; BN00024651568; BN00025651571; BN00026651574; BN00027651577; BN00028651580; BN00029651583; BN00030651586","no PLIDA metadata match by dataset+variable","","","Tax withheld where ABN not quoted","Numeric response ($)","2018-19;2019-20;2020-21;2021-22;2022-23"
"blade","BLADE","blade-table-06-business-income-tax-bit","p_tw_abn_not_qtd_cr_share_amt","character",500,0,0,500,"BN00001651499=1; BN00002651502=1; BN00003651505=1; BN00004651508=1; BN00005651511=1; BN00006651514=1; BN00007651517=1; BN00008651520=1; BN00009651523=1; BN00010651526=1; BN00011651529=1; BN00012651532=1","BN00001651499; BN00002651502; BN00003651505; BN00004651508; BN00005651511; BN00006651514; BN00007651517; BN00008651520; BN00009651523; BN00010651526; BN00011651529; BN00012651532; BN00013651535; BN00014651538; BN00015651541; BN00016651544; BN00017651547; BN00018651550; BN00019651553; BN00020651556; BN00021651559; BN00022651562; BN00023651565; BN00024651568; BN00025651571; BN00026651574; BN00027651577; BN00028651580; BN00029651583; BN00030651586","no PLIDA metadata match by dataset+variable","","","Share of credit for tax withheld where ABN not quoted","Numeric response ($)","2017-18;2018-19;2019-20;2020-21;2021-22;2022-23"
"blade","BLADE","blade-table-06-business-income-tax-bit","p_txspcnty","integer",500,371,74.2,2,"0 / 0 / 0 / 1 / 1","0; 1","no PLIDA metadata match by dataset+variable","","","Transactions with specified countries","Y - Yes N - No everything else - invalid response or no response given","2003-04;2004-05;2005-06;2006-07;2007-08;2008-09;2009-10;2010-11;2011-12;2012-13;2013-14;2014-15;2015-16;2016-17;2017-18;2018-19;2019-20;2020-21;2021-22;2022-23"
"blade","BLADE","blade-table-06-business-income-tax-bit","p_unrltd_clnts_tst_ind","integer",500,371,74.2,5,"1 / 2 / 3 / 4 / 5","1; 2; 3; 4; 5","no PLIDA metadata match by dataset+variable","","","Unrelated clients test","Y - Yes N - No everything else - invalid response or no response given","2018-19;2019-20;2020-21;2021-22;2022-23"
"blade","BLADE","blade-table-06-business-income-tax-bit","p_wrt_off_dtl_itm_amt","numeric",500,0,0,130,"0.00 / 0.00 / 0.00 / 15331.12 / 197698.88","","no PLIDA metadata match by dataset+variable","","","Instant asset write-off deductions for non-small business entities","Numeric response ($)","2020-21"
"blade","BLADE","blade-table-06-business-income-tax-bit","p_yrastsefctvlfincmyrrclcltind","numeric",500,0,0,130,"0.0 / 0.0 / 0.0 / 272361.6 / 1342637.9","","no PLIDA metadata match by dataset+variable","","","Did you recalculate the effective life for any of your assets this income year?","Y - Yes N - No everything else - invalid response or no response given","2019-20;2020-21;2021-22;2022-23"
"blade","BLADE","blade-table-06-business-income-tax-bit","t_agrgtd_tnovr_amt","numeric",500,0,0,129,"0.0 / 0.0 / 0.0 / 163955.7 / 1624908.7","","no PLIDA metadata match by dataset+variable","","","Aggregated Turnover","Numeric response ($)","2020-21;2021-22;2022-23"
"blade","BLADE","blade-table-06-business-income-tax-bit","t_agrgtd_tnovr_rng_cd","numeric",500,0,0,129,"0.0 / 0.0 / 0.0 / 163955.7 / 1624908.7","","no PLIDA metadata match by dataset+variable","","","Aggregated Turnover Range","5 - A: $0 to less than $7.5 million 10 - B: $7.5 million to less than $10 million 15 - C: $10 million to less than $20 million 20 - D: $20 million to less than $40 million 25 - E: $40 million to less than $50 million 30 - F: $50 million to less than $100 million 35 - G: $100 million to less than $200 million 40 - H: $200 million to less than $300 million 45 - I: $300 million to less than $400 million 50 - J: $400 million to less than $500 million 55 - K: $500 million to less than $600 million 60 - L: $600 million to less than $700 million 65 - M: $700 million to less than $800 million 70 - N: $800 million to less than $900 million 75 - O: $900 million to less than $1 billion 80 - P: $1 billion or over everything else - invalid response or no response given","2020-21;2021-22;2022-23"
"blade","BLADE","blade-table-06-business-income-tax-bit","t_amit_incm_ind","numeric",500,0,0,129,"0.0 / 0.0 / 0.0 / 165161.6 / 1494916.0","","no PLIDA metadata match by dataset+variable","","","Is the trust a managed investment trust (MIT)?","Y - Yes N - No everything else - invalid response or no response given","2019-20;2020-21;2021-22;2022-23"
"blade","BLADE","blade-table-06-business-income-tax-bit","t_amit_incm_typ_cd","numeric",500,0,0,129,"0.0 / 0.0 / 0.0 / 165161.6 / 1494916.0","","no PLIDA metadata match by dataset+variable","","","Type of managed investment trust","5 - Withholding MIT 10 - Managed investment trust that is not a withholding MIT 15 - Clean building MIT everything else - invalid response or no response given","2019-20;2020-21;2021-22;2022-23"
"blade","BLADE","blade-table-06-business-income-tax-bit","t_any_idvs_stsfy_rslts_tst_ind","integer",500,372,74.4,5,"1 / 2 / 3 / 4 / 5","1; 2; 3; 4; 5","no PLIDA metadata match by dataset+variable","","","Did you satisfy the results test in respect of any individual?","Y - Yes N - No everything else - invalid response or no response given","2018-19;2019-20;2020-21;2021-22;2022-23"
"blade","BLADE","blade-table-06-business-income-tax-bit","t_anzsic","integer",500,372,74.4,106,"114.00 / 3913.75 / 6475.50 / 7229.25 / 9220.00","","no PLIDA metadata match by dataset+variable","","","ANZSIC code","5 digit character - see 'Business industry codes 2021' PDF for description of category codes","2001-02;2002-03;2003-04;2004-05;2005-06;2006-07;2007-08;2008-09;2009-10;2010-11;2011-12;2012-13;2013-14;2014-15;2015-16;2016-17;2017-18;2018-19;2019-20;2020-21;2021-22;2022-23"
"blade","BLADE","blade-table-06-business-income-tax-bit","t_asbaldipa","integer",500,372,74.4,2,"0 / 0 / 1 / 1 / 1","0; 1","no PLIDA metadata match by dataset+variable","","","Assessable balancing adjustments on the disposal of intangible depreciating assets","Numeric response ($)","2012-13;2013-14;2014-15;2015-16;2016-17;2017-18;2018-19;2019-20;2020-21;2021-22;2022-23"
"blade","BLADE","blade-table-06-business-income-tax-bit","t_asginppp","integer",500,372,74.4,2,"0 / 0 / 1 / 1 / 1","0; 1","no PLIDA metadata match by dataset+variable","","","Assessable govt industry payments - PP","Numeric response ($)","2001-02;2002-03;2003-04;2004-05;2005-06;2006-07;2007-08;2008-09;2009-10;2010-11;2011-12;2012-13;2013-14;2014-15;2015-16;2016-17;2017-18;2018-19;2019-20;2020-21;2021-22;2022-23"
"blade","BLADE","blade-table-06-business-income-tax-bit","t_asgipnpp","integer",500,372,74.4,2,"0 / 0 / 1 / 1 / 1","0; 1","no PLIDA metadata match by dataset+variable","","","Assessable govt industry payments - NPP","Numeric response ($)","2001-02;2002-03;2003-04;2004-05;2005-06;2006-07;2007-08;2008-09;2009-10;2010-11;2011-12;2012-13;2013-14;2014-15;2015-16;2016-17;2017-18;2018-19;2019-20;2020-21;2021-22;2022-23"
"blade","BLADE","blade-table-06-business-income-tax-bit","t_asmt_calcn_cd","integer",500,372,74.4,5,"1 / 2 / 3 / 4 / 5","1; 2; 3; 4; 5","no PLIDA metadata match by dataset+variable","","","Choice for resident trustee to be assessed to capital gains on behalf of beneficiaries - Assessment calculation code","See Appendix 3 for description of category codes","2018-19;2019-20;2020-21;2021-22;2022-23"
"blade","BLADE","blade-table-06-business-income-tax-bit","t_assforgnsrcothrincmnobnfcryamt","numeric",500,0,0,129,"0.0 / 0.0 / 0.0 / 165161.6 / 1494916.0","","no PLIDA metadata match by dataset+variable","","","Other assessable foreign source income","Numeric response ($)","2018-19;2019-20;2020-21;2021-22;2022-23"
"blade","BLADE","blade-table-06-business-income-tax-bit","t_atfibelc","integer",500,372,74.4,2,"0 / 0 / 1 / 1 / 1","0; 1","no PLIDA metadata match by dataset+variable","","","Attributed foreign income – broad-exemption listed country","Numeric response ($)","2001-02;2002-03;2003-04;2004-05;2005-06;2006-07;2007-08;2008-09;2009-10;2010-11;2011-12;2012-13;2013-14;2014-15;2015-16;2016-17;2017-18;2018-19;2019-20;2020-21;2021-22;2022-23"
"blade","BLADE","blade-table-06-business-income-tax-bit","t_atfidift","integer",500,372,74.4,2,"0 / 0 / 1 / 1 / 1","0; 1","no PLIDA metadata match by dataset+variable","","","Attributed foreign income – direct or indirect interest in foreign trust etc Indicator","Y - Yes N - No everything else - invalid response or no response given","2001-02;2002-03;2003-04;2004-05;2005-06;2006-07;2007-08;2008-09;2009-10;2010-11;2011-12;2012-13;2013-14;2014-15;2015-16;2016-17;2017-18;2018-19;2019-20;2020-21;2021-22;2022-23"
"blade","BLADE","blade-table-06-business-income-tax-bit","t_atfififf","integer",500,372,74.4,2,"0 / 0 / 1 / 1 / 1","0; 1","no PLIDA metadata match by dataset+variable","","","Attributed foreign income – FIF/FLP income","Numeric response ($)","2001-02;2002-03;2003-04;2004-05;2005-06;2006-07;2007-08;2008-09;2009-10;2010-11"
"blade","BLADE","blade-table-06-business-income-tax-bit","t_atfilelc","integer",500,372,74.4,2,"0 / 0 / 1 / 1 / 1","0; 1","no PLIDA metadata match by dataset+variable","","","Attributed foreign income – limited-exemption listed country","Numeric response ($)","2001-02;2002-03;2003-04;2004-05;2005-06;2006-07;2007-08;2008-09;2009-10;2010-11;2011-12;2012-13;2013-14;2014-15"
"blade","BLADE","blade-table-06-business-income-tax-bit","t_atfiulct","integer",500,372,74.4,2,"0 / 0 / 1 / 1 / 1","0; 1","no PLIDA metadata match by dataset+variable","","","Attributed foreign income –unlisted country","Numeric response ($)","2001-02;2002-03;2003-04;2004-05;2005-06;2006-07;2007-08;2008-09;2009-10;2010-11;2011-12;2012-13;2013-14;2014-15;2015-16;2016-17;2017-18;2018-19;2019-20;2020-21;2021-22;2022-23"
"blade","BLADE","blade-table-06-business-income-tax-bit","t_atftfiff","integer",500,372,74.4,2,"0 / 0 / 1 / 1 / 1","0; 1","no PLIDA metadata match by dataset+variable","","","Attributed foreign trust – FIF/FLP","Y - Yes N - No everything else - invalid response or no response given","2001-02;2002-03;2003-04;2004-05;2005-06;2006-07;2007-08;2008-09;2009-10;2010-11;2011-12"
"blade","BLADE","blade-table-06-business-income-tax-bit","t_atrbd_forgn_incm_no_bnfcry_amt","numeric",500,0,0,129,"0.0 / 0.0 / 0.0 / 165161.6 / 1494916.0","","no PLIDA metadata match by dataset+variable","","","Attributed foreign income","Numeric response ($)","2018-19;2019-20;2020-21;2021-22;2022-23"
"blade","BLADE","blade-table-06-business-income-tax-bit","t_ausn_fcrs_frm_nzc_nobnfcry_amt","numeric",500,0,0,129,"0.00 / 0.00 / 0.00 / 12326.64 / 215059.59","","no PLIDA metadata match by dataset+variable","","","Australian franking credits from a New Zealand company","Numeric response ($)","2012-13;2013-14;2014-15;2015-16;2016-17;2017-18;2018-19;2019-20;2020-21;2021-22;2022-23"
"blade","BLADE","blade-table-06-business-income-tax-bit","t_ausn_incm_or_lss_net_amt","numeric",500,0,0,129,"0.00 / 0.00 / 0.00 / 6606.47 / 134405.13","","no PLIDA metadata match by dataset+variable","","","Net Australian income or loss (Subtract 'Total deductions' from 'Total income')","Numeric response ($)","2018-19;2019-20;2020-21;2021-22;2022-23"
"blade","BLADE","blade-table-06-business-income-tax-bit","t_ausn_invmt_incm_ddctns_amt","numeric",500,0,0,129,"0.0 / 0.0 / 0.0 / 158555.2 / 1435119.4","","no PLIDA metadata match by dataset+variable","","","Deductions relating to Australian investment income","Numeric response ($)","2017-18;2018-19;2019-20;2020-21;2021-22;2022-23"
"blade","BLADE","blade-table-06-business-income-tax-bit","t_baddebts","numeric",500,0,0,129,"0.00 / 0.00 / 0.00 / 12326.64 / 215059.59","","no PLIDA metadata match by dataset+variable","","","Bad debts","Numeric response ($)","2001-02;2002-03;2003-04;2004-05;2005-06;2006-07;2007-08;2008-09;2009-10;2010-11;2011-12;2012-13;2013-14;2014-15;2015-16;2016-17;2017-18;2018-19;2019-20;2020-21;2021-22;2022-23"
"blade","BLADE","blade-table-06-business-income-tax-bit","t_bbi_elgbl_ast_opt_out_num","integer",500,372,74.4,2,"0 / 0 / 1 / 1 / 1","0; 1","no PLIDA metadata match by dataset+variable","","","Backing business investment - Number of assets you are opting out for","5 digit character","2020-21"
"blade","BLADE","blade-table-06-business-income-tax-bit","t_bbi_elgbl_ast_opt_out_val_amt","numeric",500,0,0,129,"0.00 / 0.00 / 0.00 / 12326.64 / 215059.59","","no PLIDA metadata match by dataset+variable","","","Backing business investment - Value of assets you are opting out for","Numeric response ($)","2020-21"
"blade","BLADE","blade-table-06-business-income-tax-bit","t_bnfcrylgldsbldothrtrstentldind","integer",500,372,74.4,5,"1 / 2 / 3 / 4 / 5","1; 2; 3; 4; 5","no PLIDA metadata match by dataset+variable","","","Was any beneficiary in this trust, who was under a legal disability on 30 June 2019, also presently entitled to a share of the income of another trust?","Y - Yes N - No everything else - invalid response or no response given","2018-19;2019-20;2020-21;2021-22;2022-23"
"blade","BLADE","blade-table-06-business-income-tax-bit","t_bus_expnss_cr_for_tw_frw_amt","numeric",500,0,0,129,"0.0 / 0.0 / 0.0 / 158555.2 / 1435119.4","","no PLIDA metadata match by dataset+variable","","","Credit for tax withheld – foreign resident withholding (excluding capital gains)","Numeric response ($)","2018-19;2019-20;2020-21;2021-22;2022-23"
"blade","BLADE","blade-table-06-business-income-tax-bit","t_bus_npp_excldd_frm_ncmi_amt","numeric",500,0,0,129,"0.00 / 0.00 / 0.00 / 12326.64 / 215059.59","","no PLIDA metadata match by dataset+variable","","","Business income - Excluded from NCMI - NPP","Numeric response ($)","2019-20;2020-21;2021-22;2022-23"
"blade","BLADE","blade-table-06-business-income-tax-bit","t_bus_npp_ncmi_amt","numeric",500,0,0,129,"0.00 / 0.00 / 0.00 / 12326.64 / 215059.59","","no PLIDA metadata match by dataset+variable","","","Business income - NCMI - NPP","Numeric response ($)","2019-20;2020-21;2021-22;2022-23"
"blade","BLADE","blade-table-06-business-income-tax-bit","t_bus_pp_excldd_frm_ncmi_amt","numeric",500,0,0,129,"0.00 / 0.00 / 0.00 / 12326.64 / 215059.59","","no PLIDA metadata match by dataset+variable","","","Business income - Excluded from NCMI - PP","Numeric response ($)","2019-20;2020-21;2021-22;2022-23"
"blade","BLADE","blade-table-06-business-income-tax-bit","t_bus_pp_ncmi_amt","numeric",500,0,0,129,"0.00 / 0.00 / 0.00 / 12326.64 / 215059.59","","no PLIDA metadata match by dataset+variable","","","Business income - Non-Concessional MIT Income (NCMI) - PP","Numeric response ($)","2019-20;2020-21;2021-22;2022-23"
"blade","BLADE","blade-table-06-business-income-tax-bit","t_bus_prms_tst_ind","integer",500,372,74.4,5,"1 / 2 / 3 / 4 / 5","1; 2; 3; 4; 5","no PLIDA metadata match by dataset+variable","","","Business premises test","Y - Yes N - No everything else - invalid response or no response given","2018-19;2019-20;2020-21;2021-22;2022-23"
"blade","BLADE","blade-table-06-business-income-tax-bit","t_busmarin","integer",500,372,74.4,5,"1 / 2 / 3 / 4 / 5","1; 2; 3; 4; 5","no PLIDA metadata match by dataset+variable","","","Business market segment","GOV - Government LGE - Large Market SME - Small to Medium INB - Individual & Non-Business MIC - Micro Business NFP - Not For Profit everything else - invalid response or no response given","2001-02;2002-03;2003-04;2004-05;2005-06;2006-07;2007-08;2008-09;2009-10;2010-11;2011-12;2012-13;2013-14;2014-15;2015-16;2016-17;2017-18;2018-19;2019-20;2020-21;2021-22;2022-23"
"blade","BLADE","blade-table-06-business-income-tax-bit","t_cgt_and_forgn_incm_cg_net_amt","numeric",500,0,0,129,"0.00 / 0.00 / 0.00 / 6606.47 / 134405.13","","no PLIDA metadata match by dataset+variable","","","Net capital gain","Numeric response ($)","2012-13;2013-14;2014-15;2015-16;2016-17;2017-18;2018-19;2019-20;2020-21;2021-22;2022-23"
"blade","BLADE","blade-table-06-business-income-tax-bit","t_cgtforgnincmausnfcrsfrmnzc_amt","numeric",500,0,0,129,"0.0 / 0.0 / 0.0 / 165161.6 / 1494916.0","","no PLIDA metadata match by dataset+variable","","","Australian franking credits from a New Zealand franking company","Numeric response ($)","2018-19;2019-20;2020-21;2021-22;2022-23"
"blade","BLADE","blade-table-06-business-income-tax-bit","t_cgwhchtrstechsnasdbhlfbnfcyamt","numeric",500,0,0,129,"0.00 / 0.00 / 0.00 / 12326.64 / 215059.59","","no PLIDA metadata match by dataset+variable","","","Amount of capital gains on which the trustee has chosen to be assessed on behalf of beneficiaries","Numeric response ($)","2018-19;2019-20;2020-21;2021-22;2022-23"
"blade","BLADE","blade-table-06-business-income-tax-bit","t_chtbl_trst_ind","integer",500,372,74.4,5,"1 / 2 / 3 / 4 / 5","1; 2; 3; 4; 5","no PLIDA metadata match by dataset+variable","","","Charitable trust indicator","Y - Yes N - No everything else - invalid response or no response given","2019-20;2020-21;2021-22;2022-23"
"blade","BLADE","blade-table-06-business-income-tax-bit","t_cles_cf_net_amt","numeric",500,0,0,129,"0.00 / 0.00 / 0.00 / 6606.47 / 134405.13","","no PLIDA metadata match by dataset+variable","","","Net capital losses carried forward to later income years","Numeric response ($)","2018-19;2019-20;2020-21;2021-22;2022-23"
"blade","BLADE","blade-table-06-business-income-tax-bit","t_clnt_glbl_ent_typ_cd","integer",500,372,74.4,5,"1 / 2 / 3 / 4 / 5","1; 2; 3; 4; 5","no PLIDA metadata match by dataset+variable","","","Significant global entity","5 - Significant global entity everything else - invalid response or no response given","2017-18;2018-19;2019-20;2020-21;2021-22;2022-23"
"blade","BLADE","blade-table-06-business-income-tax-bit","t_clostock","numeric",500,0,0,129,"0.00 / 0.00 / 0.00 / 12326.64 / 215059.59","","no PLIDA metadata match by dataset+variable","","","Closing stock","Numeric response ($)","2001-02;2002-03;2003-04;2004-05;2005-06;2006-07;2007-08;2008-09;2009-10;2010-11;2011-12;2012-13;2013-14;2014-15;2015-16;2016-17;2017-18;2018-19;2019-20;2020-21;2021-22;2022-23"
"blade","BLADE","blade-table-06-business-income-tax-bit","t_clstkcd","integer",500,372,74.4,2,"0 / 0 / 1 / 1 / 1","0; 1","no PLIDA metadata match by dataset+variable","","","Closing stock action code","5 - C:Cost 10 - M: Market selling value 15 - R: Replacement value everything else - invalid response or no response given","2001-02;2002-03;2003-04;2004-05;2005-06;2006-07;2007-08;2008-09;2009-10;2010-11;2011-12;2012-13;2013-14;2014-15;2015-16;2016-17;2017-18;2018-19;2019-20;2020-21;2021-22;2022-23"
"blade","BLADE","blade-table-06-business-income-tax-bit","t_costsale","numeric",500,0,0,129,"0.0 / 0.0 / 0.0 / 158555.2 / 1435119.4","","no PLIDA metadata match by dataset+variable","","","Cost of sales","Numeric response ($)","2001-02;2002-03;2003-04;2004-05;2005-06;2006-07;2007-08;2008-09;2009-10;2010-11;2011-12;2012-13;2013-14;2014-15;2015-16;2016-17;2017-18;2018-19;2019-20;2020-21;2021-22;2022-23"
"blade","BLADE","blade-table-06-business-income-tax-bit","t_cptl_gain_excldd_frm_ncmi_amt","numeric",500,0,0,129,"0.00 / 0.00 / 0.00 / 12326.64 / 215059.59","","no PLIDA metadata match by dataset+variable","","","Capital gains - Excluded from NCMI","Numeric response ($)","2019-20;2020-21;2021-22;2022-23"
"blade","BLADE","blade-table-06-business-income-tax-bit","t_cptl_gain_incm_share_no_bnfcry","numeric",500,0,0,129,"0.0 / 0.0 / 0.0 / 165161.6 / 1494916.0","","no PLIDA metadata match by dataset+variable","","","NCMI capital gains","Numeric response ($)","2019-20;2020-21;2021-22;2022-23"
"blade","BLADE","blade-table-06-business-income-tax-bit","t_cptl_gain_ncmi_amt","numeric",500,0,0,129,"0.00 / 0.00 / 0.00 / 12326.64 / 215059.59","","no PLIDA metadata match by dataset+variable","","","Capital gains - NCMI","Numeric response ($)","2019-20;2020-21;2021-22;2022-23"
"blade","BLADE","blade-table-06-business-income-tax-bit","t_cptl_gain_net_no_bnfcry_amt","numeric",500,0,0,129,"0.00 / 0.00 / 0.00 / 6606.47 / 134405.13","","no PLIDA metadata match by dataset+variable","","","Net capital gains","Numeric response ($)","2018-19;2019-20;2020-21;2021-22;2022-23"
"blade","BLADE","blade-table-06-business-income-tax-bit","t_cptlgainincmsharenobnfcryexcld","numeric",500,0,0,129,"0.0 / 0.0 / 0.0 / 165161.6 / 1494916.0","","no PLIDA metadata match by dataset+variable","","","Excluded from NCMI capital gains","Numeric response ($)","2019-20;2020-21;2021-22;2022-23"
"blade","BLADE","blade-table-06-business-income-tax-bit","t_cptwkded","numeric",500,0,0,129,"0.0 / 0.0 / 0.0 / 158555.2 / 1435119.4","","no PLIDA metadata match by dataset+variable","","","Capital works deductions","Numeric response ($)","2001-02;2002-03;2003-04;2004-05;2005-06;2006-07;2007-08;2008-09;2009-10;2010-11;2011-12;2012-13;2013-14;2014-15;2015-16;2016-17;2017-18;2018-19;2019-20;2020-21;2021-22;2022-23"
"blade","BLADE","blade-table-06-business-income-tax-bit","t_cr_for_erly_pmts_intst_amt","numeric",500,0,0,129,"0.00 / 0.00 / 0.00 / 12326.64 / 215059.59","","no PLIDA metadata match by dataset+variable","","","Credit for interest on early payments – amount of interest","Numeric response ($)","2018-19;2019-20;2020-21;2021-22"
"blade","BLADE","blade-table-06-business-income-tax-bit","t_cr_tw_abn_not_qtd_nobnfcry_amt","character",500,0,0,500,"BN00001651499=1; BN00002651502=1; BN00003651505=1; BN00004651508=1; BN00005651511=1; BN00006651514=1; BN00007651517=1; BN00008651520=1; BN00009651523=1; BN00010651526=1; BN00011651529=1; BN00012651532=1","BN00001651499; BN00002651502; BN00003651505; BN00004651508; BN00005651511; BN00006651514; BN00007651517; BN00008651520; BN00009651523; BN00010651526; BN00011651529; BN00012651532; BN00013651535; BN00014651538; BN00015651541; BN00016651544; BN00017651547; BN00018651550; BN00019651553; BN00020651556; BN00021651559; BN00022651562; BN00023651565; BN00024651568; BN00025651571; BN00026651574; BN00027651577; BN00028651580; BN00029651583; BN00030651586","no PLIDA metadata match by dataset+variable","","","Credit for tax withheld where ABN not quoted","Numeric response ($)","2018-19;2019-20;2020-21;2021-22;2022-23"
"blade","BLADE","blade-table-06-business-income-tax-bit","t_creditrs","numeric",500,0,0,129,"0.00 / 0.00 / 0.00 / 12326.64 / 215059.59","","no PLIDA metadata match by dataset+variable","","","Trade creditors","Numeric response ($)","2001-02;2002-03;2003-04;2004-05;2005-06;2006-07;2007-08;2008-09;2009-10;2010-11;2011-12;2012-13;2013-14;2014-15;2015-16;2016-17;2017-18;2018-19;2019-20;2020-21;2021-22;2022-23"
"blade","BLADE","blade-table-06-business-income-tax-bit","t_crtfn_amts_wheld_pmts_cht_amt","numeric",500,0,0,129,"0.00 / 0.00 / 0.00 / 12326.64 / 215059.59","","no PLIDA metadata match by dataset+variable","","","Credit for TFN amounts withheld from payments from closely held trusts","Numeric response ($)","2017-18;2018-19;2019-20;2020-21;2021-22;2022-23"
"blade","BLADE","blade-table-06-business-income-tax-bit","t_crtfnamtwheldpmtchtnobnfcryamt","numeric",500,0,0,129,"0.00 / 0.00 / 0.00 / 12326.64 / 215059.59","","no PLIDA metadata match by dataset+variable","","","Share of credit for TFN amounts withheld from payments from closely held trusts","Numeric response ($)","2018-19;2019-20;2020-21;2021-22;2022-23"
"blade","BLADE","blade-table-06-business-income-tax-bit","t_currasst","numeric",500,0,0,129,"0.00 / 0.00 / 0.00 / 12326.64 / 215059.59","","no PLIDA metadata match by dataset+variable","","","Current assets","Numeric response ($)","2001-02;2002-03;2003-04;2004-05;2005-06;2006-07;2007-08;2008-09;2009-10;2010-11;2011-12;2012-13;2013-14;2014-15;2015-16;2016-17;2017-18;2018-19;2019-20;2020-21;2021-22;2022-23"
"blade","BLADE","blade-table-06-business-income-tax-bit","t_currliab","numeric",500,0,0,129,"0.00 / 0.00 / 0.00 / 12326.64 / 215059.59","","no PLIDA metadata match by dataset+variable","","","Current liabilities","Numeric response ($)","2001-02;2002-03;2003-04;2004-05;2005-06;2006-07;2007-08;2008-09;2009-10;2010-11;2011-12;2012-13;2013-14;2014-15;2015-16;2016-17;2017-18;2018-19;2019-20;2020-21;2021-22;2022-23"
"blade","BLADE","blade-table-06-business-income-tax-bit","t_dblbaldipa","integer",500,372,74.4,2,"0 / 0 / 1 / 1 / 1","0; 1","no PLIDA metadata match by dataset+variable","","","Deductible balancing adjustments on the disposal of intangible depreciating assets","Numeric response ($)","2012-13;2013-14;2014-15;2015-16;2016-17;2017-18;2018-19;2019-20;2020-21;2021-22;2022-23"
"blade","BLADE","blade-table-06-business-income-tax-bit","t_ddctd_tl_amt","numeric",500,0,0,129,"0.0 / 0.0 / 0.0 / 158555.2 / 1435119.4","","no PLIDA metadata match by dataset+variable","","","Tax losses deducted","Numeric response ($)","2012-13;2013-14;2014-15;2015-16;2016-17;2017-18;2018-19;2019-20;2020-21;2021-22;2022-23"
"blade","BLADE","blade-table-06-business-income-tax-bit","t_ddctn_skill_trng_amt","numeric",500,0,0,129,"0.0 / 0.0 / 0.0 / 158555.2 / 1435119.4","","no PLIDA metadata match by dataset+variable","","","Small business skills and training boost","Numeric response ($)","2022-23"
"blade","BLADE","blade-table-06-business-income-tax-bit","t_ddctn_tchnlgy_invmt_amt","numeric",500,0,0,129,"0.0 / 0.0 / 0.0 / 158555.2 / 1435119.4","","no PLIDA metadata match by dataset+variable","","","Small business technology investment boost","Numeric response ($)","2022-23"
"blade","BLADE","blade-table-06-business-income-tax-bit","t_ddctns_totl_amt","numeric",500,0,0,129,"0.0 / 0.0 / 0.0 / 158555.2 / 1435119.4","","no PLIDA metadata match by dataset+variable","","","Total deductions (Total of the items listed under the ‘Deductions’ heading in the Income Tax Return form)","Numeric response ($)","2021-22;2022-23"
"blade","BLADE","blade-table-06-business-income-tax-bit","t_ddctnsrltgtofrnkddstbnsamt","numeric",500,0,0,129,"0.0 / 0.0 / 0.0 / 158555.2 / 1435119.4","","no PLIDA metadata match by dataset+variable","","","Deductions relating to Franked distributions","Numeric response ($)","2017-18;2018-19;2019-20;2020-21;2021-22;2022-23"
"blade","BLADE","blade-table-06-business-income-tax-bit","t_debtors","numeric",500,0,0,129,"0.00 / 0.00 / 0.00 / 12326.64 / 215059.59","","no PLIDA metadata match by dataset+variable","","","Trade debtors","Numeric response ($)","2001-02;2002-03;2003-04;2004-05;2005-06;2006-07;2007-08;2008-09;2009-10;2010-11;2011-12;2012-13;2013-14;2014-15;2015-16;2016-17;2017-18;2018-19;2019-20;2020-21;2021-22;2022-23"
"blade","BLADE","blade-table-06-business-income-tax-bit","t_deprexps","numeric",500,0,0,129,"0.0 / 0.0 / 0.0 / 158555.2 / 1435119.4","","no PLIDA metadata match by dataset+variable","","","Depreciation expenses","Numeric response ($)","2001-02;2002-03;2003-04;2004-05;2005-06;2006-07;2007-08;2008-09;2009-10;2010-11;2011-12;2012-13;2013-14;2014-15;2015-16;2016-17;2017-18;2018-19;2019-20;2020-21;2021-22;2022-23"
"blade","BLADE","blade-table-06-business-income-tax-bit","t_dfrkdamt","numeric",500,0,0,129,"0.00 / 0.00 / 0.00 / 12326.64 / 215059.59","","no PLIDA metadata match by dataset+variable","","","Dividends – franked amount","Numeric response ($)","2001-02;2002-03;2003-04;2004-05;2005-06;2006-07;2007-08;2008-09;2009-10;2010-11;2011-12;2012-13;2013-14;2014-15;2015-16;2016-17;2017-18;2018-19;2019-20;2020-21;2021-22;2022-23"
"blade","BLADE","blade-table-06-business-income-tax-bit","t_dimpcred","integer",500,372,74.4,2,"0 / 0 / 1 / 1 / 1","0; 1","no PLIDA metadata match by dataset+variable","","","Dividends – imputation credit","Numeric response ($)","2001-02;2002-03;2003-04;2004-05;2005-06;2006-07;2007-08;2008-09;2009-10;2010-11;2011-12;2012-13;2013-14;2014-15;2015-16;2016-17;2017-18;2018-19;2019-20;2020-21;2021-22;2022-23"
"blade","BLADE","blade-table-06-business-income-tax-bit","t_divs_tfn_wheld_amt","numeric",500,0,0,129,"0.00 / 0.00 / 0.00 / 12326.64 / 215059.59","","no PLIDA metadata match by dataset+variable","","","TFN amounts withheld from dividends","Numeric response ($)","2017-18;2018-19;2019-20;2020-21;2021-22;2022-23"
"blade","BLADE","blade-table-06-business-income-tax-bit","t_dstbn_npp_net_amt","numeric",500,0,0,129,"0.00 / 0.00 / 0.00 / 6606.47 / 134405.13","","no PLIDA metadata match by dataset+variable","","","Net distribution amount - NPP","Numeric response ($)","2018-19;2019-20;2020-21;2021-22;2022-23"
"blade","BLADE","blade-table-06-business-income-tax-bit","t_dstbn_pp_net_amt","numeric",500,0,0,129,"0.00 / 0.00 / 0.00 / 6606.47 / 134405.13","","no PLIDA metadata match by dataset+variable","","","Net distribution - PP","Numeric response ($)","2019-20;2020-21;2021-22;2022-23"
"blade","BLADE","blade-table-06-business-income-tax-bit","t_dthbnftlspnondpndnt_txd_amt","numeric",500,0,0,129,"0.00 / 0.00 / 0.00 / 12326.64 / 215059.59","","no PLIDA metadata match by dataset+variable","","","Death benefit superannuation lump sum where the beneficiary is a non-dependant - Taxed element","Numeric response ($)","2018-19;2019-20;2020-21;2021-22;2022-23"
"blade","BLADE","blade-table-06-business-income-tax-bit","t_dthbnftlspnondpndnt_utaxd_amt","numeric",500,0,0,129,"0.00 / 0.00 / 0.00 / 12326.64 / 215059.59","","no PLIDA metadata match by dataset+variable","","","Death benefit superannuation lump sum where the beneficiary is a non-dependant - Untaxed element","Numeric response ($)","2018-19;2019-20;2020-21;2021-22;2022-23"
"blade","BLADE","blade-table-06-business-income-tax-bit","t_dthbnfttmntnpmtdpndnttxbl_amt","numeric",500,0,0,129,"0.00 / 0.00 / 0.00 / 12326.64 / 215059.59","","no PLIDA metadata match by dataset+variable","","","Death benefit employment termination payment where the beneficiary is a dependant - Taxable component","Numeric response ($)","2018-19;2019-20;2020-21;2021-22;2022-23"
"blade","BLADE","blade-table-06-business-income-tax-bit","t_dthbnfttmntnpmtnondpndnttaxamt","numeric",500,0,0,129,"0.00 / 0.00 / 0.00 / 12326.64 / 215059.59","","no PLIDA metadata match by dataset+variable","","","Death benefit employment termination payment where the beneficiary is a non-dependant - Taxable component","Numeric response ($)","2018-19;2019-20;2020-21;2021-22;2022-23"
"blade","BLADE","blade-table-06-business-income-tax-bit","t_dtnfdtrst","integer",500,372,74.4,2,"0 / 0 / 1 / 1 / 1","0; 1","no PLIDA metadata match by dataset+variable","","","Deductions relating to franked distributions from trusts in label F","Numeric response ($)","2012-13;2013-14;2014-15;2015-16;2016-17;2017-18;2018-19;2019-20;2020-21;2021-22;2022-23"
"blade","BLADE","blade-table-06-business-income-tax-bit","t_dtnprjtpl","integer",500,372,74.4,2,"0 / 0 / 1 / 1 / 1","0; 1","no PLIDA metadata match by dataset+variable","","","Deduction for project pool","Numeric response ($)","2012-13;2013-14;2014-15;2015-16;2016-17;2017-18;2018-19;2019-20;2020-21;2021-22;2022-23"
"blade","BLADE","blade-table-06-business-income-tax-bit","t_dufrkamt","numeric",500,0,0,129,"0.00 / 0.00 / 0.00 / 12326.64 / 215059.59","","no PLIDA metadata match by dataset+variable","","","Dividends – unfranked amount","Numeric response ($)","2001-02;2002-03;2003-04;2004-05;2005-06;2006-07;2007-08;2008-09;2009-10;2010-11;2011-12;2012-13;2013-14;2014-15;2015-16;2016-17;2017-18;2018-19;2019-20;2020-21;2021-22;2022-23"
"blade","BLADE","blade-table-06-business-income-tax-bit","t_elgbl_ast_bbi_cd","integer",500,372,74.4,5,"1 / 2 / 3 / 4 / 5","1; 2; 3; 4; 5","no PLIDA metadata match by dataset+variable","","","Are you opting out of Backing business investment for some or all of your eligible assets?","5 - A: Some eligible assets 10 - B: All eligible assets 15 - No everything else - invalid response or no response given","2020-21"
"blade","BLADE","blade-table-06-business-income-tax-bit","t_elgbl_ast_clm_num","integer",500,372,74.4,2,"0 / 0 / 1 / 1 / 1","0; 1","no PLIDA metadata match by dataset+variable","","","Temporary full expensing - Number of assets you are claiming for","5 digit character","2020-21;2021-22;2022-23"
"blade","BLADE","blade-table-06-business-income-tax-bit","t_elgbl_ast_opt_out_cd","integer",500,372,74.4,5,"1 / 2 / 3 / 4 / 5","1; 2; 3; 4; 5","no PLIDA metadata match by dataset+variable","","","Are you making a choice to opt out of temporary full expensing for some or all of your eligible assets","5 - A: Some eligible assets 10 - B: All eligible assets 15 - No everything else - invalid response or no response given","2020-21;2021-22;2022-23"
"blade","BLADE","blade-table-06-business-income-tax-bit","t_emplt_tst_ind","integer",500,372,74.4,5,"1 / 2 / 3 / 4 / 5","1; 2; 3; 4; 5","no PLIDA metadata match by dataset+variable","","","Employment test","Y - Yes N - No everything else - invalid response or no response given","2018-19;2019-20;2020-21;2021-22;2022-23"
"blade","BLADE","blade-table-06-business-income-tax-bit","t_esi_to_amt","numeric",500,0,0,129,"0.00 / 0.00 / 0.00 / 12326.64 / 215059.59","","no PLIDA metadata match by dataset+variable","","","Early stage investor tax offset C - current year tax offset T - Non-refundable carry forward tax offsets","Numeric response ($)","2017-18;2018-19;2019-20;2020-21;2021-22;2022-23"
"blade","BLADE","blade-table-06-business-income-tax-bit","t_esvclp_to_amt","numeric",500,0,0,129,"0.00 / 0.00 / 0.00 / 12326.64 / 215059.59","","no PLIDA metadata match by dataset+variable","","","Early stage venture capital limited partnership tax offset C - current year tax offset T - Non-refundable carry forward tax offsets","Numeric response ($)","2017-18;2018-19;2019-20;2020-21;2021-22;2022-23"
"blade","BLADE","blade-table-06-business-income-tax-bit","t_expnslabsitm5psiddctnstotlamt","numeric",500,0,0,129,"0.0 / 0.0 / 0.0 / 158555.2 / 1435119.4","","no PLIDA metadata match by dataset+variable","","","Total amount of deductions against PSI included at item 5 expense labels","Numeric response ($)","2017-18;2018-19;2019-20;2020-21;2021-22;2022-23"
"blade","BLADE","blade-table-06-business-income-tax-bit","t_exprcadj","integer",500,372,74.4,2,"0 / 0 / 1 / 1 / 1","0; 1","no PLIDA metadata match by dataset+variable","","","Expense Reconciliation Adjustments","Numeric response ($)","2001-02;2002-03;2003-04;2004-05;2005-06;2006-07;2007-08;2008-09;2009-10;2010-11;2011-12;2012-13;2013-14;2014-15;2015-16;2016-17;2017-18;2018-19;2019-20;2020-21;2021-22;2022-23"
"blade","BLADE","blade-table-06-business-income-tax-bit","t_extnlabr","numeric",500,0,0,129,"0.00 / 0.00 / 0.00 / 84494.98 / 685615.50","","no PLIDA metadata match by dataset+variable","","","Contractor, sub-contractor and commission expenses (previously labelled External labour costs)","Numeric response ($)","2001-02;2002-03;2003-04;2004-05;2005-06;2006-07;2007-08;2008-09;2009-10;2010-11;2011-12;2012-13;2013-14;2014-15;2015-16;2016-17;2017-18;2018-19;2019-20;2020-21;2021-22;2022-23"
"blade","BLADE","blade-table-06-business-income-tax-bit","t_f_t_iee_sts_yr_cd","integer",500,372,74.4,1,"2023 / 2023 / 2023 / 2023 / 2023","2023","no PLIDA metadata match by dataset+variable","","","Interposed entity election status income year","4 digit character (YYYY)","2017-18;2018-19;2019-20;2020-21;2021-22;2022-23"
"blade","BLADE","blade-table-06-business-income-tax-bit","t_fbempcbt","integer",500,372,74.4,2,"0 / 0 / 1 / 1 / 1","0; 1","no PLIDA metadata match by dataset+variable","","","Fringe benefit employee contributions","Numeric response ($)","2001-02;2002-03;2003-04;2004-05;2005-06;2006-07;2007-08;2008-09;2009-10;2010-11;2011-12;2012-13;2013-14;2014-15;2015-16;2016-17;2017-18;2018-19;2019-20;2020-21;2021-22;2022-23"
"blade","BLADE","blade-table-06-business-income-tax-bit","t_fcr_no_bnfcry_amt","numeric",500,0,0,129,"0.00 / 0.00 / 0.00 / 12326.64 / 215059.59","","no PLIDA metadata match by dataset+variable","","","Franking credit","Numeric response ($)","2018-19;2019-20;2020-21;2021-22;2022-23"
"blade","BLADE","blade-table-06-business-income-tax-bit","t_fcrs_frm_frnkd_divs_share_amt","numeric",500,0,0,129,"0.00 / 0.00 / 0.00 / 12326.64 / 215059.59","","no PLIDA metadata match by dataset+variable","","","Share of franking credits from franked distributions","Numeric response ($)","2017-18;2018-19;2019-20;2020-21;2021-22;2022-23"
"blade","BLADE","blade-table-06-business-income-tax-bit","t_forgn_incm_totl_amt","numeric",500,0,0,129,"0.0 / 0.0 / 0.0 / 165161.6 / 1494916.0","","no PLIDA metadata match by dataset+variable","","","Total net income or loss before tax losses deducted","Numeric response ($)","2019-20;2020-21;2021-22;2022-23"
"blade","BLADE","blade-table-06-business-income-tax-bit","t_forgn_tax_crs_no_bnfcry_amt","numeric",500,0,0,129,"0.00 / 0.00 / 0.00 / 12326.64 / 215059.59","","no PLIDA metadata match by dataset+variable","","","Foreign tax credits","Numeric response ($)","2001-02;2002-03;2003-04;2004-05;2005-06;2006-07;2007-08;2008-09;2009-10;2010-11;2011-12;2012-13;2013-14;2014-15;2015-16;2016-17;2017-18;2018-19;2019-20;2020-21;2021-22;2022-23"
"blade","BLADE","blade-table-06-business-income-tax-bit","t_frcgw_cr_amt","numeric",500,0,0,129,"0.00 / 0.00 / 0.00 / 12326.64 / 215059.59","","no PLIDA metadata match by dataset+variable","","","Credit for foreign resident capital gains withholding amounts","Numeric response ($)","2018-19;2019-20;2020-21;2021-22;2022-23"
"blade","BLADE","blade-table-06-business-income-tax-bit","t_frkdntrst","integer",500,372,74.4,2,"0 / 0 / 1 / 1 / 1","0; 1","no PLIDA metadata match by dataset+variable","","","Franked distributions from trusts","Numeric response ($)","2012-13;2013-14;2014-15;2015-16;2016-17;2017-18;2018-19;2019-20;2020-21;2021-22;2022-23"
"blade","BLADE","blade-table-06-business-income-tax-bit","t_frst_yr_ast_dprtn_bbi_ddctn_to","integer",500,372,74.4,1,"2023 / 2023 / 2023 / 2023 / 2023","2023","no PLIDA metadata match by dataset+variable","","","First year accelerated depreciation deductions for assets using Backing business Investment","Numeric response ($)","2020-21"
"blade","BLADE","blade-table-06-business-income-tax-bit","t_frstry_mis_ddctn_amt","numeric",500,0,0,129,"0.0 / 0.0 / 0.0 / 158555.2 / 1435119.4","","no PLIDA metadata match by dataset+variable","","","Forestry managed investment scheme deduction","Numeric response ($)","2017-18;2018-19;2019-20;2020-21;2021-22;2022-23"
"blade","BLADE","blade-table-06-business-income-tax-bit","t_frstry_mis_incm_amt","numeric",500,0,0,129,"0.0 / 0.0 / 0.0 / 165161.6 / 1494916.0","","no PLIDA metadata match by dataset+variable","","","Forestry managed investment scheme income","Numeric response ($)","2012-13;2013-14;2014-15;2015-16;2016-17;2017-18;2018-19;2019-20;2020-21;2021-22;2022-23"
"blade","BLADE","blade-table-06-business-income-tax-bit","t_frw_cr_for_tw_no_bnfcry_amt","numeric",500,0,0,129,"0.00 / 0.00 / 0.00 / 12326.64 / 215059.59","","no PLIDA metadata match by dataset+variable","","","Credit for tax withheld - foreign resident withholding","Numeric response ($)","2018-19;2019-20;2020-21;2021-22;2022-23"
"blade","BLADE","blade-table-06-business-income-tax-bit","t_frw_share_amt","numeric",500,0,0,129,"0.00 / 0.00 / 0.00 / 12326.64 / 215059.59","","no PLIDA metadata match by dataset+variable","","","Share of credit for tax withheld - foreign resident withholding (excluding capital gains)","Numeric response ($)","2017-18;2018-19;2019-20;2020-21;2021-22;2022-23"
"blade","BLADE","blade-table-06-business-income-tax-bit","t_fte_sts_yr_cd","integer",500,372,74.4,1,"2023 / 2023 / 2023 / 2023 / 2023","2023","no PLIDA metadata match by dataset+variable","","","Family trust election status income year","4 digit character (YYYY)","2017-18;2018-19;2019-20;2020-21;2021-22;2022-23"
"blade","BLADE","blade-table-06-business-income-tax-bit","t_gnfsiftc","integer",500,372,74.4,2,"0 / 0 / 1 / 1 / 1","0; 1","no PLIDA metadata match by dataset+variable","","","General net foreign source income – foreign tax credits","Numeric response ($)","2001-02;2002-03;2003-04;2004-05;2005-06;2006-07;2007-08;2008-09;2009-10;2010-11;2011-12;2012-13;2013-14;2014-15;2015-16;2016-17;2017-18;2018-19;2019-20;2020-21;2021-22;2022-23"
"blade","BLADE","blade-table-06-business-income-tax-bit","t_gnfsincm","numeric",500,0,0,129,"0.0 / 0.0 / 0.0 / 165161.6 / 1494916.0","","no PLIDA metadata match by dataset+variable","","","General net foreign source income","Numeric response ($)","2001-02;2002-03;2003-04;2004-05;2005-06;2006-07;2007-08;2008-09;2009-10;2010-11;2011-12;2012-13;2013-14;2014-15;2015-16;2016-17;2017-18;2018-19;2019-20;2020-21;2021-22;2022-23"
"blade","BLADE","blade-table-06-business-income-tax-bit","t_gpabnnpp","integer",500,372,74.4,2,"0 / 0 / 1 / 1 / 1","0; 1","no PLIDA metadata match by dataset+variable","","","Gross Payment ABN not quoted - NPP","Numeric response ($)","2001-02;2002-03;2003-04;2004-05;2005-06;2006-07;2007-08;2008-09;2009-10;2010-11;2011-12;2012-13;2013-14;2014-15;2015-16;2016-17;2017-18;2018-19;2019-20;2020-21;2021-22;2022-23"
"blade","BLADE","blade-table-06-business-income-tax-bit","t_gpabnpp","integer",500,372,74.4,2,"0 / 0 / 1 / 1 / 1","0; 1","no PLIDA metadata match by dataset+variable","","","Gross Payment ABN not quoted - PP","Numeric response ($)","2001-02;2002-03;2003-04;2004-05;2005-06;2006-07;2007-08;2008-09;2009-10;2010-11;2011-12;2012-13;2013-14;2014-15;2015-16;2016-17;2017-18;2018-19;2019-20;2020-21;2021-22;2022-23"
"blade","BLADE","blade-table-06-business-income-tax-bit","t_gpsfrwex","integer",500,372,74.4,2,"0 / 0 / 1 / 1 / 1","0; 1","no PLIDA metadata match by dataset+variable","","","Foreign resident withholding expenses","Numeric response ($)","2001-02;2002-03;2003-04;2004-05;2005-06;2006-07;2007-08;2008-09;2009-10;2010-11;2011-12;2012-13;2013-14;2014-15;2015-16;2016-17;2017-18;2018-19;2019-20;2020-21;2021-22;2022-23"
"blade","BLADE","blade-table-06-business-income-tax-bit","t_gpsfrwnp","integer",500,372,74.4,2,"0 / 0 / 1 / 1 / 1","0; 1","no PLIDA metadata match by dataset+variable","","","Gross payments subject to FRW - NPP","Numeric response ($)","2001-02;2002-03;2003-04;2004-05;2005-06;2006-07;2007-08;2008-09;2009-10;2010-11;2011-12;2012-13;2013-14;2014-15;2015-16;2016-17;2017-18;2018-19;2019-20;2020-21;2021-22;2022-23"
"blade","BLADE","blade-table-06-business-income-tax-bit","t_gpsfrwpp","integer",500,372,74.4,2,"0 / 0 / 1 / 1 / 1","0; 1","no PLIDA metadata match by dataset+variable","","","Gross payments subject to FRW - PP","Numeric response ($)","2001-02;2002-03;2003-04;2004-05;2005-06;2006-07;2007-08;2008-09;2009-10;2010-11;2011-12"
"blade","BLADE","blade-table-06-business-income-tax-bit","t_grs_dstbn_trsts_npp_cd","integer",500,372,74.4,5,"1 / 2 / 3 / 4 / 5","1; 2; 3; 4; 5","no PLIDA metadata match by dataset+variable","","","Distribution from trust, less net capital gain and foreign income action - NPP","5 - D: Deceased estate 10 - F: Fixed trust - other than fixed unit trust or public trust 15 - H: Hybrid trust 20 - I: Discretionary trust - income from investment activities 25 - M: Cash management unit trust 30 - P: Public unit trust (listed) - other than a cash management unit trust 35 - Q: Public unit trust (unlisted) - other than a cash management unit trust 40 - S: Discretionary trust - income from service and/or management services 45 - T: Discretionary trust - income is from trading activities 50 - U: Fixed unit trust - other than a public trust described in P or Q 55 - C: Special Disability Trust 60 - E: Testamentary Trust everything else - invalid response or no response given","2019-20;2020-21;2021-22;2022-23"
"blade","BLADE","blade-table-06-business-income-tax-bit","t_grs_dstbn_trsts_pp_cd","integer",500,372,74.4,5,"1 / 2 / 3 / 4 / 5","1; 2; 3; 4; 5","no PLIDA metadata match by dataset+variable","","","Distribution from trusts action code - PP","5 - D: Deceased estate 10 - F: Fixed trust - other than fixed unit trust or public trust 15 - H: Hybrid trust 20 - I: Discretionary trust - income from investment activities 25 - M: Cash management unit trust 30 - P: Public unit trust (listed) - other than a cash management unit trust 35 - Q: Public unit trust (unlisted) - other than a cash management unit trust 40 - S: Discretionary trust - income from service and/or management services 45 - T: Discretionary trust - income is from trading activities 50 - U: Fixed unit trust - other than a public trust described in P or Q 55 - C: Special Disability Trust 60 - E: Testamentary Trust everything else - invalid response or no response given","2019-20;2020-21;2021-22;2022-23"
"blade","BLADE","blade-table-06-business-income-tax-bit","t_grssintr","numeric",500,0,0,129,"0.0 / 0.0 / 0.0 / 165161.6 / 1494916.0","","no PLIDA metadata match by dataset+variable","","","Gross interest","Numeric response ($)","2001-02;2002-03;2003-04;2004-05;2005-06;2006-07;2007-08;2008-09;2009-10;2010-11;2011-12;2012-13;2013-14;2014-15;2015-16;2016-17;2017-18;2018-19;2019-20;2020-21;2021-22;2022-23"
"blade","BLADE","blade-table-06-business-income-tax-bit","t_grssrent","numeric",500,0,0,129,"0.0 / 0.0 / 0.0 / 158555.2 / 1435119.4","","no PLIDA metadata match by dataset+variable","","","Gross rent","Numeric response ($)","2001-02;2002-03;2003-04;2004-05;2005-06;2006-07;2007-08;2008-09;2009-10;2010-11;2011-12;2012-13;2013-14;2014-15;2015-16;2016-17;2017-18;2018-19;2019-20;2020-21;2021-22;2022-23"
"blade","BLADE","blade-table-06-business-income-tax-bit","t_idv_psi_ind","integer",500,372,74.4,5,"1 / 2 / 3 / 4 / 5","1; 2; 3; 4; 5","no PLIDA metadata match by dataset+variable","","","Does your income include an individual’s personal services income (PSI)?","Y - Yes N - No everything else - invalid response or no response given","2018-19;2019-20;2020-21;2021-22;2022-23"
"blade","BLADE","blade-table-06-business-income-tax-bit","t_incm_drvd_outsd_aus_amt","numeric",500,0,0,129,"0.0 / 0.0 / 0.0 / 165161.6 / 1494916.0","","no PLIDA metadata match by dataset+variable","","","Income derived outside Australia to which no beneficiary is presently entitled.","Numeric response ($)","2018-19;2019-20;2020-21;2021-22"
"blade","BLADE","blade-table-06-business-income-tax-bit","t_incm_of_trst_este_amt","numeric",500,0,0,129,"0.0 / 0.0 / 0.0 / 165161.6 / 1494916.0","","no PLIDA metadata match by dataset+variable","","","Income of the trust estate","Numeric response ($)","2018-19;2019-20;2020-21;2021-22;2022-23"
"blade","BLADE","blade-table-06-business-income-tax-bit","t_incm_or_lss_net_totl_amt","numeric",500,0,0,129,"0.00 / 0.00 / 0.00 / 6606.47 / 134405.13","","no PLIDA metadata match by dataset+variable","","","Total net income or loss","Numeric response ($)","2018-19;2019-20;2020-21;2021-22;2022-23"
"blade","BLADE","blade-table-06-business-income-tax-bit","t_incmitm5prsnlsrvcincmtotlamt","numeric",500,0,0,129,"0.0 / 0.0 / 0.0 / 165161.6 / 1494916.0","","no PLIDA metadata match by dataset+variable","","","Total amount of PSI included at item 5 income labels","Numeric response ($)","2017-18;2018-19;2019-20;2020-21;2021-22;2022-23"
"blade","BLADE","blade-table-06-business-income-tax-bit","t_incmradj","numeric",500,0,0,129,"0.0 / 0.0 / 0.0 / 165161.6 / 1494916.0","","no PLIDA metadata match by dataset+variable","","","Income Reconciliation Adjustments","Numeric response ($)","2001-02;2002-03;2003-04;2004-05;2005-06;2006-07;2007-08;2008-09;2009-10;2010-11;2011-12;2012-13;2013-14;2014-15;2015-16;2016-17;2017-18;2018-19;2019-20;2020-21;2021-22;2022-23"
"blade","BLADE","blade-table-06-business-income-tax-bit","t_intdepas","integer",500,372,74.4,2,"0 / 0 / 1 / 1 / 1","0; 1","no PLIDA metadata match by dataset+variable","","","Intangible depreciating assets first deducted","Numeric response ($)","2001-02;2002-03;2003-04;2004-05;2005-06;2006-07;2007-08;2008-09;2009-10;2010-11;2011-12;2012-13;2013-14;2014-15;2015-16;2016-17;2017-18;2018-19;2019-20;2020-21;2021-22;2022-23"
"blade","BLADE","blade-table-06-business-income-tax-bit","t_intexpos","integer",500,372,74.4,2,"0 / 0 / 1 / 1 / 1","0; 1","no PLIDA metadata match by dataset+variable","","","Interest expenses overseas","Numeric response ($)","2001-02;2002-03;2003-04;2004-05;2005-06;2006-07;2007-08;2008-09;2009-10;2010-11;2011-12;2012-13;2013-14;2014-15;2015-16;2016-17;2017-18;2018-19;2019-20;2020-21;2021-22;2022-23"
"blade","BLADE","blade-table-06-business-income-tax-bit","t_intextot","integer",500,372,74.4,2,"0 / 0 / 1 / 1 / 1","0; 1","no PLIDA metadata match by dataset+variable","","","Total interest expenses","Numeric response ($)","2001-02;2002-03;2003-04;2004-05;2005-06;2006-07;2007-08;2008-09;2009-10;2010-11;2011-12;2012-13;2013-14;2014-15;2015-16;2016-17;2017-18;2018-19;2019-20;2020-21;2021-22;2022-23"
"blade","BLADE","blade-table-06-business-income-tax-bit","t_intldlgi","integer",500,372,74.4,2,"0 / 0 / 1 / 1 / 1","0; 1","no PLIDA metadata match by dataset+variable","","","Overseas transactions","Y - Yes N - No everything else - invalid response or no response given","2001-02;2002-03;2003-04;2004-05;2005-06;2006-07;2007-08;2008-09;2009-10;2010-11;2011-12;2012-13;2013-14;2014-15;2015-16;2016-17;2017-18;2018-19;2019-20;2020-21;2021-22;2022-23"
"blade","BLADE","blade-table-06-business-income-tax-bit","t_intrdedt","numeric",500,0,0,129,"0.0 / 0.0 / 0.0 / 158555.2 / 1435119.4","","no PLIDA metadata match by dataset+variable","","","Interest deductions","Numeric response ($)","2001-02;2002-03;2003-04;2004-05;2005-06;2006-07;2007-08;2008-09;2009-10;2010-11;2011-12;2012-13;2013-14;2014-15;2015-16;2016-17;2017-18;2018-19;2019-20;2020-21;2021-22;2022-23"
"blade","BLADE","blade-table-06-business-income-tax-bit","t_leaextot","integer",500,372,74.4,2,"0 / 0 / 1 / 1 / 1","0; 1","no PLIDA metadata match by dataset+variable","","","Lease expenses","Numeric response ($)","2001-02;2002-03;2003-04;2004-05;2005-06;2006-07;2007-08;2008-09;2009-10;2010-11;2011-12;2012-13;2013-14;2014-15;2015-16;2016-17;2017-18;2018-19;2019-20;2020-21;2021-22;2022-23"
"blade","BLADE","blade-table-06-business-income-tax-bit","t_lndcarewf","integer",500,372,74.4,2,"0 / 0 / 1 / 1 / 1","0; 1","no PLIDA metadata match by dataset+variable","","","Landcare operations and deduction for decline in value of water facility","Numeric response ($)","2012-13;2013-14;2014-15;2015-16;2016-17;2017-18;2018-19;2019-20;2020-21;2021-22;2022-23"
"blade","BLADE","blade-table-06-business-income-tax-bit","t_lwf_tax_ofst_amt","numeric",500,0,0,129,"0.00 / 0.00 / 0.00 / 12326.64 / 215059.59","","no PLIDA metadata match by dataset+variable","","","Landcare and water facility tax offset brought forward from prior years","Numeric response ($)","2018-19;2019-20;2020-21;2021-22;2022-23"
"blade","BLADE","blade-table-06-business-income-tax-bit","t_motrexps","numeric",500,0,0,129,"0.0 / 0.0 / 0.0 / 158555.2 / 1435119.4","","no PLIDA metadata match by dataset+variable","","","Motor vehicle expenses","Numeric response ($)","2001-02;2002-03;2003-04;2004-05;2005-06;2006-07;2007-08;2008-09;2009-10;2010-11;2011-12;2012-13;2013-14;2014-15;2015-16;2016-17;2017-18;2018-19;2019-20;2020-21;2021-22;2022-23"
"blade","BLADE","blade-table-06-business-income-tax-bit","t_netilbus","numeric",500,0,0,129,"0.00 / 0.00 / 0.00 / 6606.47 / 134405.13","","no PLIDA metadata match by dataset+variable","","","Net income or loss from business","Numeric response ($)","2001-02;2002-03;2003-04;2004-05;2005-06;2006-07;2007-08;2008-09;2009-10;2010-11;2011-12;2012-13;2013-14;2014-15;2015-16;2016-17;2017-18;2018-19;2019-20;2020-21;2021-22;2022-23"
"blade","BLADE","blade-table-06-business-income-tax-bit","t_netincnp","numeric",500,0,0,129,"0.00 / 0.00 / 0.00 / 6606.47 / 134405.13","","no PLIDA metadata match by dataset+variable","","","Net income or loss from business - NPP","Numeric response ($)","2001-02;2002-03;2003-04;2004-05;2005-06;2006-07;2007-08;2008-09;2009-10;2010-11;2011-12;2012-13;2013-14;2014-15;2015-16;2016-17;2017-18;2018-19;2019-20;2020-21;2021-22;2022-23"
"blade","BLADE","blade-table-06-business-income-tax-bit","t_netincpp","numeric",500,0,0,129,"0.00 / 0.00 / 0.00 / 6606.47 / 134405.13","","no PLIDA metadata match by dataset+variable","","","Net income or loss from business - PP","Numeric response ($)","2001-02;2002-03;2003-04;2004-05;2005-06;2006-07;2007-08;2008-09;2009-10;2010-11;2011-12;2012-13;2013-14;2014-15;2015-16;2016-17;2017-18;2018-19;2019-20;2020-21;2021-22;2022-23"
"blade","BLADE","blade-table-06-business-income-tax-bit","t_netrentt","numeric",500,0,0,129,"0.00 / 0.00 / 0.00 / 6606.47 / 134405.13","","no PLIDA metadata match by dataset+variable","","","Net rent","Numeric response ($)","2001-02;2002-03;2003-04;2004-05;2005-06;2006-07;2007-08;2008-09;2009-10;2010-11;2011-12;2012-13;2013-14;2014-15;2015-16;2016-17;2017-18;2018-19;2019-20;2020-21;2021-22;2022-23"
"blade","BLADE","blade-table-06-business-income-tax-bit","t_no_bnfcry_esi_to_prvs_yr_amt","integer",500,372,74.4,1,"2023 / 2023 / 2023 / 2023 / 2023","2023","no PLIDA metadata match by dataset+variable","","","Early stage investor tax offset carried forward from previous year","Numeric response ($)","2018-19;2019-20;2020-21;2021-22;2022-23"
"blade","BLADE","blade-table-06-business-income-tax-bit","t_no_bnfcry_esi_to_share_amt","numeric",500,0,0,129,"0.00 / 0.00 / 0.00 / 12326.64 / 215059.59","","no PLIDA metadata match by dataset+variable","","","Early stage investor tax offset","Numeric response ($)","2018-19;2019-20;2020-21;2021-22;2022-23"
"blade","BLADE","blade-table-06-business-income-tax-bit","t_no_bnfcry_esvclp_to_prvs_yr_am","integer",500,372,74.4,1,"2023 / 2023 / 2023 / 2023 / 2023","2023","no PLIDA metadata match by dataset+variable","","","Early stage venture capital limited partnership tax offset carried forward","Numeric response ($)","2018-19;2019-20;2020-21;2021-22;2022-23"
"blade","BLADE","blade-table-06-business-income-tax-bit","t_no_bnfcry_esvclp_to_share_amt","numeric",500,0,0,129,"0.00 / 0.00 / 0.00 / 12326.64 / 215059.59","","no PLIDA metadata match by dataset+variable","","","Early stage venture capital limited partnership tax offset","Numeric response ($)","2018-19;2019-20;2020-21;2021-22;2022-23"
"blade","BLADE","blade-table-06-business-income-tax-bit","t_no_bnfcry_frcgw_cr_amt","numeric",500,0,0,129,"0.00 / 0.00 / 0.00 / 12326.64 / 215059.59","","no PLIDA metadata match by dataset+variable","","","Share of credit for foreign resident capital gains","Numeric response ($)","2018-19;2019-20;2020-21;2021-22;2022-23"
"blade","BLADE","blade-table-06-business-income-tax-bit","t_no_bnfcry_npp_excl_frm_ncmi_am","integer",500,372,74.4,2,"0 / 0 / 1 / 1 / 1","0; 1","no PLIDA metadata match by dataset+variable","","","Share of income Non-PP - Excluded from NCMI","Numeric response ($)","2019-20;2020-21;2021-22;2022-23"
"blade","BLADE","blade-table-06-business-income-tax-bit","t_no_bnfcry_npp_ncmi_amt","numeric",500,0,0,129,"0.00 / 0.00 / 0.00 / 12326.64 / 215059.59","","no PLIDA metadata match by dataset+variable","","","Share of income Non-PP - NCMI","Numeric response ($)","2019-20;2020-21;2021-22;2022-23"
"blade","BLADE","blade-table-06-business-income-tax-bit","t_no_bnfcry_pp_excl_frm_ncmi_amt","numeric",500,0,0,129,"0.00 / 0.00 / 0.00 / 12326.64 / 215059.59","","no PLIDA metadata match by dataset+variable","","","Share of income PP - Excluded from NCMI","Numeric response ($)","2019-20;2020-21;2021-22;2022-23"
"blade","BLADE","blade-table-06-business-income-tax-bit","t_no_bnfcry_pp_ncmi_amt","numeric",500,0,0,129,"0.00 / 0.00 / 0.00 / 12326.64 / 215059.59","","no PLIDA metadata match by dataset+variable","","","Share of income PP - NCMI","Numeric response ($)","2019-20;2020-21;2021-22;2022-23"
"blade","BLADE","blade-table-06-business-income-tax-bit","t_non_bnfcry_frnkd_dstbns_amt","numeric",500,0,0,129,"0.00 / 0.00 / 0.00 / 12326.64 / 215059.59","","no PLIDA metadata match by dataset+variable","","","Franked distributions","Numeric response ($)","2018-19;2019-20;2020-21;2021-22;2022-23"
"blade","BLADE","blade-table-06-business-income-tax-bit","t_nppddrdb","integer",500,372,74.4,2,"0 / 0 / 1 / 1 / 1","0; 1","no PLIDA metadata match by dataset+variable","","","Deductions relating to distribution - NPP","Numeric response ($)","2001-02;2002-03;2003-04;2004-05;2005-06;2006-07;2007-08;2008-09;2009-10;2010-11;2011-12;2012-13;2013-14;2014-15;2015-16;2016-17;2017-18;2018-19;2019-20;2020-21;2021-22;2022-23"
"blade","BLADE","blade-table-06-business-income-tax-bit","t_nppddtps","integer",500,372,74.4,2,"0 / 0 / 1 / 1 / 1","0; 1","no PLIDA metadata match by dataset+variable","","","Distribution from partnerships - NPP","Numeric response ($)","2001-02;2002-03;2003-04;2004-05;2005-06;2006-07;2007-08;2008-09;2009-10;2010-11;2011-12;2012-13;2013-14;2014-15;2015-16;2016-17;2017-18;2018-19;2019-20;2020-21;2021-22;2022-23"
"blade","BLADE","blade-table-06-business-income-tax-bit","t_nppddttr","integer",500,372,74.4,2,"0 / 0 / 1 / 1 / 1","0; 1","no PLIDA metadata match by dataset+variable","","","Distribution from trusts - NPP","Numeric response ($)","2001-02;2002-03;2003-04;2004-05;2005-06;2006-07;2007-08;2008-09;2009-10;2010-11;2011-12;2012-13;2013-14;2014-15;2015-16;2016-17;2017-18;2018-19;2019-20;2020-21;2021-22;2022-23"
"blade","BLADE","blade-table-06-business-income-tax-bit","t_nras_tax_ofst_entlmt_amt","numeric",500,0,0,129,"0.00 / 0.00 / 0.00 / 12326.64 / 215059.59","","no PLIDA metadata match by dataset+variable","","","National rental affordability scheme tax offset entitlement","Numeric response ($)","2018-19;2019-20;2020-21;2021-22;2022-23"
"blade","BLADE","blade-table-06-business-income-tax-bit","t_opnstock","numeric",500,0,0,129,"0.00 / 0.00 / 0.00 / 12326.64 / 215059.59","","no PLIDA metadata match by dataset+variable","","","Opening stock","Numeric response ($)","2001-02;2002-03;2003-04;2004-05;2005-06;2006-07;2007-08;2008-09;2009-10;2010-11;2011-12;2012-13;2013-14;2014-15;2015-16;2016-17;2017-18;2018-19;2019-20;2020-21;2021-22;2022-23"
"blade","BLADE","blade-table-06-business-income-tax-bit","t_othafsgr","integer",500,372,74.4,2,"0 / 0 / 1 / 1 / 1","0; 1","no PLIDA metadata match by dataset+variable","","","Other Assessable Foreign source Gross Income","Numeric response ($)","2001-02;2002-03;2003-04;2004-05;2005-06;2006-07;2007-08;2008-09;2009-10;2010-11;2011-12;2012-13;2013-14;2014-15;2015-16;2016-17;2017-18;2018-19;2019-20;2020-21;2021-22;2022-23"
"blade","BLADE","blade-table-06-business-income-tax-bit","t_othaitoi","integer",500,372,74.4,2,"0 / 0 / 1 / 1 / 1","0; 1","no PLIDA metadata match by dataset+variable","","","Other Australian income - type of Income","Numeric response ($)","2001-02;2002-03;2003-04;2004-05;2005-06;2006-07;2007-08;2008-09;2009-10;2010-11;2011-12;2012-13;2013-14;2014-15;2015-16;2016-17;2017-18;2018-19;2019-20;2020-21;2021-22;2022-23"
"blade","BLADE","blade-table-06-business-income-tax-bit","t_othbicpp","integer",500,372,74.4,2,"0 / 0 / 1 / 1 / 1","0; 1","no PLIDA metadata match by dataset+variable","","","Other business income - PP","Numeric response ($)","2001-02;2002-03;2003-04;2004-05;2005-06;2006-07;2007-08;2008-09;2009-10;2010-11;2011-12;2012-13;2013-14;2014-15;2015-16;2016-17;2017-18;2018-19;2019-20;2020-21;2021-22;2022-23"
"blade","BLADE","blade-table-06-business-income-tax-bit","t_othbinpp","integer",500,372,74.4,2,"0 / 0 / 1 / 1 / 1","0; 1","no PLIDA metadata match by dataset+variable","","","Other business income - NPP","Numeric response ($)","2001-02;2002-03;2003-04;2004-05;2005-06;2006-07;2007-08;2008-09;2009-10;2010-11;2011-12;2012-13;2013-14;2014-15;2015-16;2016-17;2017-18;2018-19;2019-20;2020-21;2021-22;2022-23"
"blade","BLADE","blade-table-06-business-income-tax-bit","t_othdepas","integer",500,372,74.4,2,"0 / 0 / 1 / 1 / 1","0; 1","no PLIDA metadata match by dataset+variable","","","Other depreciating assets first deducted","Numeric response ($)","2001-02;2002-03;2003-04;2004-05;2005-06;2006-07;2007-08;2008-09;2009-10;2010-11;2011-12;2012-13;2013-14;2014-15;2015-16;2016-17;2017-18;2018-19;2019-20;2020-21;2021-22;2022-23"
"blade","BLADE","blade-table-06-business-income-tax-bit","t_othr_ddctns_totl_amt","numeric",500,0,0,129,"0.0 / 0.0 / 0.0 / 158555.2 / 1435119.4","","no PLIDA metadata match by dataset+variable","","","Total other deductions","Numeric response ($)","2017-18;2018-19;2019-20;2020-21;2021-22;2022-23"
"blade","BLADE","blade-table-06-business-income-tax-bit","t_othr_rfndbl_to_amt","numeric",500,0,0,129,"0.00 / 0.00 / 0.00 / 12326.64 / 215059.59","","no PLIDA metadata match by dataset+variable","","","Other refundable tax offsets","Numeric response ($)","2018-19;2019-20;2020-21;2021-22;2022-23"
"blade","BLADE","blade-table-06-business-income-tax-bit","t_othr_rfndbl_to_cd","integer",500,372,74.4,5,"1 / 2 / 3 / 4 / 5","1; 2; 3; 4; 5","no PLIDA metadata match by dataset+variable","","","Other refundable tax offsets code","10 - Conservation tillage refundable tax offset 20 - Exploration credit refundable tax offset 30 - Multiple refundable offset code types everything else - invalid response or no response given","2018-19;2019-20;2020-21;2021-22;2022-23"
"blade","BLADE","blade-table-06-business-income-tax-bit","t_othr_rfndbl_to_share_amt","numeric",500,0,0,129,"0.00 / 0.00 / 0.00 / 12326.64 / 215059.59","","no PLIDA metadata match by dataset+variable","","","Share of other refundable tax offsets","Numeric response ($)","2018-19;2019-20;2020-21;2021-22;2022-23"
"blade","BLADE","blade-table-06-business-income-tax-bit","t_othrexps","numeric",500,0,0,129,"0.0 / 0.0 / 0.0 / 158555.2 / 1435119.4","","no PLIDA metadata match by dataset+variable","","","All other expenses","Numeric response ($)","2001-02;2002-03;2003-04;2004-05;2005-06;2006-07;2007-08;2008-09;2009-10;2010-11;2011-12;2012-13;2013-14;2014-15;2015-16;2016-17;2017-18;2018-19;2019-20;2020-21;2021-22;2022-23"
"blade","BLADE","blade-table-06-business-income-tax-bit","t_othrtldt","integer",500,372,74.4,2,"0 / 0 / 1 / 1 / 1","0; 1","no PLIDA metadata match by dataset+variable","","","Other rental deductions","Numeric response ($)","2001-02;2002-03;2003-04;2004-05;2005-06;2006-07;2007-08;2008-09;2009-10;2010-11;2011-12;2012-13;2013-14;2014-15;2015-16;2016-17;2017-18;2018-19;2019-20;2020-21;2021-22;2022-23"
"blade","BLADE","blade-table-06-business-income-tax-bit","t_ovseaben","integer",500,372,74.4,2,"0 / 0 / 1 / 1 / 1","0; 1","no PLIDA metadata match by dataset+variable","","","Overseas beneficiary indicator(trust only)","Y - Yes N - No everything else - invalid response or no response given","2001-02;2002-03;2003-04;2004-05;2005-06;2006-07;2007-08;2008-09;2009-10;2010-11;2011-12;2012-13;2013-14;2014-15;2015-16;2016-17;2017-18;2018-19;2019-20;2020-21;2021-22;2022-23"
"blade","BLADE","blade-table-06-business-income-tax-bit","t_payassoc","numeric",500,0,0,129,"0.00 / 0.00 / 0.00 / 12326.64 / 215059.59","","no PLIDA metadata match by dataset+variable","","","Payments to associated persons","Numeric response ($)","2001-02;2002-03;2003-04;2004-05;2005-06;2006-07;2007-08;2008-09;2009-10;2010-11;2011-12;2012-13;2013-14;2014-15;2015-16;2016-17;2017-18;2018-19;2019-20;2020-21;2021-22;2022-23"
"blade","BLADE","blade-table-06-business-income-tax-bit","t_pp_excldd_frm_ncmi_amt","numeric",500,0,0,129,"0.00 / 0.00 / 0.00 / 12326.64 / 215059.59","","no PLIDA metadata match by dataset+variable","","","PP - Distribution from partnerships - Excluded from NCMI","Numeric response ($)","2019-20;2020-21;2021-22;2022-23"
"blade","BLADE","blade-table-06-business-income-tax-bit","t_pp_ncmi_amt","numeric",500,0,0,129,"0.00 / 0.00 / 0.00 / 12326.64 / 215059.59","","no PLIDA metadata match by dataset+variable","","","PP - Distribution from partnerships - NCMI","Numeric response ($)","2019-20;2020-21;2021-22;2022-23"
"blade","BLADE","blade-table-06-business-income-tax-bit","t_ppdistps","integer",500,372,74.4,2,"0 / 0 / 1 / 1 / 1","0; 1","no PLIDA metadata match by dataset+variable","","","Distribution from partnerships - PP","Numeric response ($)","2001-02;2002-03;2003-04;2004-05;2005-06;2006-07;2007-08;2008-09;2009-10;2010-11;2011-12;2012-13;2013-14;2014-15;2015-16;2016-17;2017-18;2018-19;2019-20;2020-21;2021-22;2022-23"
"blade","BLADE","blade-table-06-business-income-tax-bit","t_ppdisttr","integer",500,372,74.4,2,"0 / 0 / 1 / 1 / 1","0; 1","no PLIDA metadata match by dataset+variable","","","Distribution from trusts - PP","Numeric response ($)","2001-02;2002-03;2003-04;2004-05;2005-06;2006-07;2007-08;2008-09;2009-10;2010-11;2011-12;2012-13;2013-14;2014-15;2015-16;2016-17;2017-18;2018-19;2019-20;2020-21;2021-22;2022-23"
"blade","BLADE","blade-table-06-business-income-tax-bit","t_pprddrdb","integer",500,372,74.4,2,"0 / 0 / 1 / 1 / 1","0; 1","no PLIDA metadata match by dataset+variable","","","Deductions relating to distribution - PP","Numeric response ($)","2001-02;2002-03;2003-04;2004-05;2005-06;2006-07;2007-08;2008-09;2009-10;2010-11;2011-12;2012-13;2013-14;2014-15;2015-16;2016-17;2017-18;2018-19;2019-20;2020-21;2021-22;2022-23"
"blade","BLADE","blade-table-06-business-income-tax-bit","t_propfund","integer",500,372,74.4,2,"0 / 0 / 1 / 1 / 1","0; 1","no PLIDA metadata match by dataset+variable","","","Proprietors’ funds","Numeric response ($)","2001-02;2002-03;2003-04;2004-05;2005-06;2006-07;2007-08;2008-09;2009-10;2010-11;2011-12"
"blade","BLADE","blade-table-06-business-income-tax-bit","t_psbd_ind","integer",500,372,74.4,5,"1 / 2 / 3 / 4 / 5","1; 2; 3; 4; 5","no PLIDA metadata match by dataset+variable","","","Do you hold a personal services business (PSB) determination in respect of any individuals?","Y - Yes N - No everything else - invalid response or no response given","2018-19;2019-20;2020-21;2021-22;2022-23"
"blade","BLADE","blade-table-06-business-income-tax-bit","t_pshp_npp_excldd_frm_ncmi_amt","numeric",500,0,0,129,"0.00 / 0.00 / 0.00 / 12326.64 / 215059.59","","no PLIDA metadata match by dataset+variable","","","Non-PP - Distribution from partnerships - Excluded from NCMI","Numeric response ($)","2019-20;2020-21;2021-22;2022-23"
"blade","BLADE","blade-table-06-business-income-tax-bit","t_pshp_npp_ncmi_amt","numeric",500,0,0,129,"0.00 / 0.00 / 0.00 / 12326.64 / 215059.59","","no PLIDA metadata match by dataset+variable","","","Non-PP - Distribution from partnerships - NCMI","Numeric response ($)","2019-20;2020-21;2021-22;2022-23"
"blade","BLADE","blade-table-06-business-income-tax-bit","t_purcothc","integer",500,372,74.4,2,"0 / 0 / 1 / 1 / 1","0; 1","no PLIDA metadata match by dataset+variable","","","Purchases and other costs","Numeric response ($)","2001-02;2002-03;2003-04;2004-05;2005-06;2006-07;2007-08;2008-09;2009-10;2010-11;2011-12;2012-13;2013-14;2014-15;2015-16;2016-17;2017-18;2018-19;2019-20;2020-21;2021-22;2022-23"
"blade","BLADE","blade-table-06-business-income-tax-bit","t_rentexps","numeric",500,0,0,129,"0.0 / 0.0 / 0.0 / 158555.2 / 1435119.4","","no PLIDA metadata match by dataset+variable","","","Rent expenses","Numeric response ($)","2001-02;2002-03;2003-04;2004-05;2005-06;2006-07;2007-08;2008-09;2009-10;2010-11;2011-12;2012-13;2013-14;2014-15;2015-16;2016-17;2017-18;2018-19;2019-20;2020-21;2021-22;2022-23"
"blade","BLADE","blade-table-06-business-income-tax-bit","t_repmaint","integer",500,372,74.4,2,"0 / 0 / 1 / 1 / 1","0; 1","no PLIDA metadata match by dataset+variable","","","Repairs and maintenance","Numeric response ($)","2001-02;2002-03;2003-04;2004-05;2005-06;2006-07;2007-08;2008-09;2009-10;2010-11;2011-12;2012-13;2013-14;2014-15;2015-16;2016-17;2017-18;2018-19;2019-20;2020-21;2021-22;2022-23"
"blade","BLADE","blade-table-06-business-income-tax-bit","t_royexpos","integer",500,372,74.4,2,"0 / 0 / 1 / 1 / 1","0; 1","no PLIDA metadata match by dataset+variable","","","Royalty expenses overseas","Numeric response ($)","2001-02;2002-03;2003-04;2004-05;2005-06;2006-07;2007-08;2008-09;2009-10;2010-11;2011-12;2012-13;2013-14;2014-15;2015-16;2016-17;2017-18;2018-19;2019-20;2020-21;2021-22;2022-23"
"blade","BLADE","blade-table-06-business-income-tax-bit","t_royextot","integer",500,372,74.4,2,"0 / 0 / 1 / 1 / 1","0; 1","no PLIDA metadata match by dataset+variable","","","Total royalty expenses","Numeric response ($)","2001-02;2002-03;2003-04;2004-05;2005-06;2006-07;2007-08;2008-09;2009-10;2010-11;2011-12;2012-13;2013-14;2014-15;2015-16;2016-17;2017-18;2018-19;2019-20;2020-21;2021-22;2022-23"
"blade","BLADE","blade-table-06-business-income-tax-bit","t_rprt_typ_cd","integer",500,372,74.4,5,"1 / 2 / 3 / 4 / 5","1; 2; 3; 4; 5","no PLIDA metadata match by dataset+variable","","","Country by country reporting entity","5 - Country by country reporting entity everything else - invalid response or no response given","2019-20;2020-21;2021-22;2022-23"
"blade","BLADE","blade-table-06-business-income-tax-bit","t_salwgexp","numeric",500,0,0,129,"0.00 / 0.00 / 0.00 / 84494.98 / 685615.50","","no PLIDA metadata match by dataset+variable","","","Total salary and wage expenses action code","5 - A: All other expenses 10 - B: Included in both Cost of sales and All other expenses 15 - C: Included in the expense component of: Cost of sales 20 - O: Included in other than: Cost of sales and/or All other expenses everything else - invalid response or no response given","2001-02;2002-03;2003-04;2004-05;2005-06;2006-07;2007-08;2008-09;2009-10;2010-11;2011-12;2012-13;2013-14;2014-15;2015-16;2016-17;2017-18;2018-19;2019-20;2020-21;2021-22;2022-23"
"blade","BLADE","blade-table-06-business-income-tax-bit","t_sbi_net_amt","numeric",500,0,0,129,"0.00 / 0.00 / 0.00 / 6606.47 / 134405.13","","no PLIDA metadata match by dataset+variable","","","Net small business income","Numeric response ($)","2018-19;2019-20;2020-21;2021-22;2022-23"
"blade","BLADE","blade-table-06-business-income-tax-bit","t_sbsq_yr_ast_dprtn_bbi_ddctn_to","integer",500,372,74.4,1,"2023 / 2023 / 2023 / 2023 / 2023","2023","no PLIDA metadata match by dataset+variable","","","Subsequent year accelerated depreciation deductions for assets using Backing Business Investment","Numeric response ($)","2020-21;2021-22;2022-23"
"blade","BLADE","blade-table-06-business-income-tax-bit","t_sec40ddtn","integer",500,372,74.4,2,"0 / 0 / 1 / 1 / 1","0; 1","no PLIDA metadata match by dataset+variable","","","Section 40-880 deduction","Numeric response ($)","2012-13;2013-14;2014-15;2015-16;2016-17;2017-18;2018-19;2019-20;2020-21;2021-22;2022-23"
"blade","BLADE","blade-table-06-business-income-tax-bit","t_share_of_incm_npp_nobnfcry_amt","numeric",500,0,0,129,"0.0 / 0.0 / 0.0 / 165161.6 / 1494916.0","","no PLIDA metadata match by dataset+variable","","","Share of income - NPP","Numeric response ($)","2018-19;2019-20;2020-21;2021-22;2022-23"
"blade","BLADE","blade-table-06-business-income-tax-bit","t_share_of_incm_pp_no_bnfcry_amt","numeric",500,0,0,129,"0.0 / 0.0 / 0.0 / 165161.6 / 1494916.0","","no PLIDA metadata match by dataset+variable","","","Share of income - PP","Numeric response ($)","2018-19;2019-20;2020-21;2021-22;2022-23"
"blade","BLADE","blade-table-06-business-income-tax-bit","t_sharecrtfnamtwheldintstdiv_amt","numeric",500,0,0,129,"0.00 / 0.00 / 0.00 / 12326.64 / 215059.59","","no PLIDA metadata match by dataset+variable","","","Share of credit for TFN amounts withheld from interest, dividends and unit trust distributions","Numeric response ($)","2017-18;2018-19;2019-20;2020-21;2021-22;2022-23"
"blade","BLADE","blade-table-06-business-income-tax-bit","t_shareofincmtrstestetotlamt","numeric",500,0,0,129,"0.0 / 0.0 / 0.0 / 165161.6 / 1494916.0","","no PLIDA metadata match by dataset+variable","","","Share of income of the trust estate","Numeric response ($)","2018-19;2019-20;2020-21;2021-22;2022-23"
"blade","BLADE","blade-table-06-business-income-tax-bit","t_shareofnrasnobnfcrytaxofst_amt","numeric",500,0,0,129,"0.00 / 0.00 / 0.00 / 12326.64 / 215059.59","","no PLIDA metadata match by dataset+variable","","","Share of National rental affordability scheme tax offset","Numeric response ($)","2018-19;2019-20;2020-21;2021-22;2022-23"
"blade","BLADE","blade-table-06-business-income-tax-bit","t_sobastin","integer",500,372,74.4,2,"0 / 0 / 1 / 1 / 1","0; 1","no PLIDA metadata match by dataset+variable","","","Status of your business","5 - Ceased business 10 - Commenced business 15 - Continuing business everything else - invalid response or no response given","2001-02;2002-03;2003-04;2004-05;2005-06;2006-07;2007-08;2008-09;2009-10;2010-11;2011-12;2012-13;2013-14;2014-15;2015-16;2016-17;2017-18;2018-19;2019-20;2020-21;2021-22;2022-23"
"blade","BLADE","blade-table-06-business-income-tax-bit","t_stsdprtgastddctngnrlpoolastamt","numeric",500,0,0,129,"0.0 / 0.0 / 0.0 / 158555.2 / 1435119.4","","no PLIDA metadata match by dataset+variable","","","Small business entity simplified depreciation - Deduction for general small business pool","Numeric response ($)","2018-19;2019-20;2020-21;2021-22;2022-23"
"blade","BLADE","blade-table-06-business-income-tax-bit","t_stsdprtgastsddctnlowcstastsamt","numeric",500,0,0,129,"0.0 / 0.0 / 0.0 / 158555.2 / 1435119.4","","no PLIDA metadata match by dataset+variable","","","Small business entity simplified depreciation - Deduction for certain assets","Numeric response ($)","2018-19;2019-20;2020-21;2021-22;2022-23"
"blade","BLADE","blade-table-06-business-income-tax-bit","t_superann","numeric",500,0,0,129,"0.0 / 0.0 / 0.0 / 158555.2 / 1435119.4","","no PLIDA metadata match by dataset+variable","","","Superannuation expenses","Numeric response ($)","2001-02;2002-03;2003-04;2004-05;2005-06;2006-07;2007-08;2008-09;2009-10;2010-11;2011-12;2012-13;2013-14;2014-15;2015-16;2016-17;2017-18;2018-19;2019-20;2020-21;2021-22;2022-23"
"blade","BLADE","blade-table-06-business-income-tax-bit","t_tadjvalyrend","numeric",500,0,0,129,"0.00 / 0.00 / 0.00 / 12326.64 / 215059.59","","no PLIDA metadata match by dataset+variable","","","Total adjustable values at end of income year","Numeric response ($)","2012-13;2013-14;2014-15;2015-16;2016-17;2017-18;2018-19;2019-20;2020-21;2021-22;2022-23"
"blade","BLADE","blade-table-06-business-income-tax-bit","t_tc_prvsn_apply_ind","integer",500,372,74.4,5,"1 / 2 / 3 / 4 / 5","1; 2; 3; 4; 5","no PLIDA metadata match by dataset+variable","","","Did the thin capitalisation provisions apply?","Y - Yes N - No everything else - invalid response or no response given","2019-20;2020-21;2021-22;2022-23"
"blade","BLADE","blade-table-06-business-income-tax-bit","t_terintas","integer",500,372,74.4,2,"0 / 0 / 1 / 1 / 1","0; 1","no PLIDA metadata match by dataset+variable","","","Termination value of intangible depreciating assets","Numeric response ($)","2001-02;2002-03;2003-04;2004-05;2005-06;2006-07;2007-08;2008-09;2009-10;2010-11;2011-12;2012-13;2013-14;2014-15;2015-16;2016-17;2017-18;2018-19;2019-20;2020-21;2021-22;2022-23"
"blade","BLADE","blade-table-06-business-income-tax-bit","t_terothas","integer",500,372,74.4,2,"0 / 0 / 1 / 1 / 1","0; 1","no PLIDA metadata match by dataset+variable","","","Termination value of other depreciating assets","Numeric response ($)","2001-02;2002-03;2003-04;2004-05;2005-06;2006-07;2007-08;2008-09;2009-10;2010-11;2011-12;2012-13;2013-14;2014-15;2015-16;2016-17;2017-18;2018-19;2019-20;2020-21;2021-22;2022-23"
"blade","BLADE","blade-table-06-business-income-tax-bit","t_tfe_bus_ddctn_amt","numeric",500,0,0,129,"0.0 / 0.0 / 0.0 / 158555.2 / 1435119.4","","no PLIDA metadata match by dataset+variable","","","Temporary full expensing - Temporary full expensing deductions","Numeric response ($)","2020-21;2021-22;2022-23"
"blade","BLADE","blade-table-06-business-income-tax-bit","t_tfe_elgbl_ast_opt_out_num","integer",500,372,74.4,2,"0 / 0 / 1 / 1 / 1","0; 1","no PLIDA metadata match by dataset+variable","","","Temporary full expensing - Number of assets you are opting out for","6 digit character","2020-21;2021-22;2022-23"
"blade","BLADE","blade-table-06-business-income-tax-bit","t_tfe_elgbl_ast_opt_out_val_amt","numeric",500,0,0,129,"0.00 / 0.00 / 0.00 / 12326.64 / 215059.59","","no PLIDA metadata match by dataset+variable","","","Temporary full expensing - Value of assets you are opting out for","Numeric response ($)","2020-21;2021-22;2022-23"
"blade","BLADE","blade-table-06-business-income-tax-bit","t_tfn_amt_wheld_no_bnfcry_amt","numeric",500,0,0,129,"0.00 / 0.00 / 0.00 / 12326.64 / 215059.59","","no PLIDA metadata match by dataset+variable","","","TFN amounts withheld","Numeric response ($)","2018-19;2019-20;2020-21;2021-22;2022-23"
"blade","BLADE","blade-table-06-business-income-tax-bit","t_tfnamts_wheldfrm_grs_intst_amt","numeric",500,0,0,129,"0.00 / 0.00 / 0.00 / 12326.64 / 215059.59","","no PLIDA metadata match by dataset+variable","","","TFN amounts withheld from gross interest","Numeric response ($)","2017-18;2018-19;2019-20;2020-21;2021-22;2022-23"
"blade","BLADE","blade-table-06-business-income-tax-bit","t_tlcf_amt","numeric",500,0,0,129,"0.00 / 0.00 / 0.00 / 12326.64 / 215059.59","","no PLIDA metadata match by dataset+variable","","","Tax losses carried forward to later income years","Numeric response ($)","2018-19;2019-20;2020-21;2021-22;2022-23"
"blade","BLADE","blade-table-06-business-income-tax-bit","t_tofa_gains_totl_amt","numeric",500,0,0,129,"0.00 / 0.00 / 0.00 / 12326.64 / 215059.59","","no PLIDA metadata match by dataset+variable","","","Total TOFA gains","Numeric response ($)","2012-13;2013-14;2014-15;2015-16;2016-17;2017-18;2018-19;2019-20;2020-21;2021-22;2022-23"
"blade","BLADE","blade-table-06-business-income-tax-bit","t_tofa_lsses_totl_amt","numeric",500,0,0,129,"0.00 / 0.00 / 0.00 / 12326.64 / 215059.59","","no PLIDA metadata match by dataset+variable","","","Total TOFA losses","Numeric response ($)","2012-13;2013-14;2014-15;2015-16;2016-17;2017-18;2018-19;2019-20;2020-21;2021-22;2022-23"
"blade","BLADE","blade-table-06-business-income-tax-bit","t_totbusnp","integer",500,372,74.4,2,"0 / 0 / 1 / 1 / 1","0; 1","no PLIDA metadata match by dataset+variable","","","Total Business Income - NPP","Numeric response ($)","2001-02;2002-03;2003-04;2004-05;2005-06;2006-07;2007-08;2008-09;2009-10;2010-11;2011-12;2012-13;2013-14;2014-15;2015-16;2016-17;2017-18;2018-19;2019-20;2020-21;2021-22;2022-23"
"blade","BLADE","blade-table-06-business-income-tax-bit","t_totbuspp","integer",500,372,74.4,2,"0 / 0 / 1 / 1 / 1","0; 1","no PLIDA metadata match by dataset+variable","","","Total Business Income - PP","Numeric response ($)","2001-02;2002-03;2003-04;2004-05;2005-06;2006-07;2007-08;2008-09;2009-10;2010-11;2011-12;2012-13;2013-14;2014-15;2015-16;2016-17;2017-18;2018-19;2019-20;2020-21;2021-22;2022-23"
"blade","BLADE","blade-table-06-business-income-tax-bit","t_totlasst","numeric",500,0,0,129,"0.00 / 0.00 / 0.00 / 12326.64 / 215059.59","","no PLIDA metadata match by dataset+variable","","","Total assets","Numeric response ($)","2001-02;2002-03;2003-04;2004-05;2005-06;2006-07;2007-08;2008-09;2009-10;2010-11;2011-12;2012-13;2013-14;2014-15;2015-16;2016-17;2017-18;2018-19;2019-20;2020-21;2021-22;2022-23"
"blade","BLADE","blade-table-06-business-income-tax-bit","t_totlexps","numeric",500,0,0,129,"0.0 / 0.0 / 0.0 / 158555.2 / 1435119.4","","no PLIDA metadata match by dataset+variable","","","Total expenses","Numeric response ($)","2001-02;2002-03;2003-04;2004-05;2005-06;2006-07;2007-08;2008-09;2009-10;2010-11;2011-12;2012-13;2013-14;2014-15;2015-16;2016-17;2017-18;2018-19;2019-20;2020-21;2021-22;2022-23"
"blade","BLADE","blade-table-06-business-income-tax-bit","t_totlincm","numeric",500,0,0,129,"0.0 / 0.0 / 0.0 / 165161.6 / 1494916.0","","no PLIDA metadata match by dataset+variable","","","Total income (Total of the items listed under the ‘Income’ heading in the Income Tax Return forms)","Numeric response ($)","2001-02;2002-03;2003-04;2004-05;2005-06;2006-07;2007-08;2008-09;2009-10;2010-11;2011-12;2012-13;2013-14;2014-15;2015-16;2016-17;2017-18;2018-19;2019-20;2020-21;2021-22;2022-23"
"blade","BLADE","blade-table-06-business-income-tax-bit","t_totlliab","numeric",500,0,0,129,"0.00 / 0.00 / 0.00 / 12326.64 / 215059.59","","no PLIDA metadata match by dataset+variable","","","Total liabilities","Numeric response ($)","2001-02;2002-03;2003-04;2004-05;2005-06;2006-07;2007-08;2008-09;2009-10;2010-11;2011-12;2012-13;2013-14;2014-15;2015-16;2016-17;2017-18;2018-19;2019-20;2020-21;2021-22;2022-23"
"blade","BLADE","blade-table-06-business-income-tax-bit","t_totlwage","numeric",500,0,0,129,"0.00 / 0.00 / 0.00 / 84494.98 / 685615.50","","no PLIDA metadata match by dataset+variable","","","Total salaries and wage expenses","Numeric response ($)","2001-02;2002-03;2003-04;2004-05;2005-06;2006-07;2007-08;2008-09;2009-10;2010-11;2011-12;2012-13;2013-14;2014-15;2015-16;2016-17;2017-18;2018-19;2019-20;2020-21;2021-22;2022-23"
"blade","BLADE","blade-table-06-business-income-tax-bit","t_trst_asmt_no_bnfcry_calcn_cd","integer",500,372,74.4,5,"1 / 2 / 3 / 4 / 5","1; 2; 3; 4; 5","no PLIDA metadata match by dataset+variable","","","Assessment calculation code","See Appendix 3 for description of category codes","2018-19;2019-20;2020-21;2021-22;2022-23"
"blade","BLADE","blade-table-06-business-income-tax-bit","t_trst_npp_excldd_frm_ncmi_amt","numeric",500,0,0,129,"0.00 / 0.00 / 0.00 / 12326.64 / 215059.59","","no PLIDA metadata match by dataset+variable","","","Net income from trust - Excluded from NCMI - NPP","Numeric response ($)","2019-20;2020-21;2021-22;2022-23"
"blade","BLADE","blade-table-06-business-income-tax-bit","t_trst_npp_ncmi_amt","numeric",500,0,0,129,"0.00 / 0.00 / 0.00 / 12326.64 / 215059.59","","no PLIDA metadata match by dataset+variable","","","Net income from trust - NCMI - NPP","Numeric response ($)","2019-20;2020-21;2021-22;2022-23"
"blade","BLADE","blade-table-06-business-income-tax-bit","t_trst_nr_ind","integer",500,372,74.4,5,"1 / 2 / 3 / 4 / 5","1; 2; 3; 4; 5","no PLIDA metadata match by dataset+variable","","","Is the trust a non-resident trust?","Y - Yes N - No everything else - invalid response or no response given","2017-18;2018-19;2019-20;2020-21;2021-22;2022-23"
"blade","BLADE","blade-table-06-business-income-tax-bit","t_trst_pp_excldd_frm_ncmi_amt","numeric",500,0,0,129,"0.00 / 0.00 / 0.00 / 12326.64 / 215059.59","","no PLIDA metadata match by dataset+variable","","","Net income from trust - Excluded from NCMI - PP","Numeric response ($)","2019-20;2020-21;2021-22;2022-23"
"blade","BLADE","blade-table-06-business-income-tax-bit","t_trst_pp_ncmi_amt","numeric",500,0,0,129,"0.00 / 0.00 / 0.00 / 12326.64 / 215059.59","","no PLIDA metadata match by dataset+variable","","","Net income from trust - NCMI - PP","Numeric response ($)","2019-20;2020-21;2021-22;2022-23"
"blade","BLADE","blade-table-06-business-income-tax-bit","t_trsteelctn_cptl_acnt_trtmt_ind","integer",500,372,74.4,5,"1 / 2 / 3 / 4 / 5","1; 2; 3; 4; 5","no PLIDA metadata match by dataset+variable","","","If the trust is a managed investment trust, has the trustee made an election into capital account treatment?","Y - Yes N - No everything else - invalid response or no response given","2019-20;2020-21;2021-22;2022-23"
"blade","BLADE","blade-table-06-business-income-tax-bit","t_trsttyp","integer",500,372,74.4,5,"1 / 2 / 3 / 4 / 5","1; 2; 3; 4; 5","no PLIDA metadata match by dataset+variable","","","Type of trust","5 - S: Discretionary trust (Service / management activities) 10 - T: Discretionary trust (Trading activities) 15 - I: Discretionary trust (Investment activities) 20 - D: Deceased estate 25 - M: Cash management unit trust 30 - P: Public unit trust (listed) 35 - Q: Public unit trust (unlisted) 40 - U: Fixed unit trust 45 - F: Fixed trust 50 - H: Hybrid trust 55 - C: Special Disability Trust 60 - R: Refund of franking credits claimant 65 - E: Testamentary trust everything else - invalid response or no response given","2012-13;2013-14;2014-15;2015-16;2016-17;2017-18;2018-19;2019-20;2020-21;2021-22;2022-23"
"blade","BLADE","blade-table-06-business-income-tax-bit","t_tw_abn_not_qtd_amt","character",500,0,0,500,"BN00001651499=1; BN00002651502=1; BN00003651505=1; BN00004651508=1; BN00005651511=1; BN00006651514=1; BN00007651517=1; BN00008651520=1; BN00009651523=1; BN00010651526=1; BN00011651529=1; BN00012651532=1","BN00001651499; BN00002651502; BN00003651505; BN00004651508; BN00005651511; BN00006651514; BN00007651517; BN00008651520; BN00009651523; BN00010651526; BN00011651529; BN00012651532; BN00013651535; BN00014651538; BN00015651541; BN00016651544; BN00017651547; BN00018651550; BN00019651553; BN00020651556; BN00021651559; BN00022651562; BN00023651565; BN00024651568; BN00025651571; BN00026651574; BN00027651577; BN00028651580; BN00029651583; BN00030651586","no PLIDA metadata match by dataset+variable","","","Tax withheld where ABN not quoted","Numeric response ($)","2018-19;2019-20;2020-21;2021-22;2022-23"
"blade","BLADE","blade-table-06-business-income-tax-bit","t_tw_abn_not_qtd_share_amt","character",500,0,0,500,"BN00001651499=1; BN00002651502=1; BN00003651505=1; BN00004651508=1; BN00005651511=1; BN00006651514=1; BN00007651517=1; BN00008651520=1; BN00009651523=1; BN00010651526=1; BN00011651529=1; BN00012651532=1","BN00001651499; BN00002651502; BN00003651505; BN00004651508; BN00005651511; BN00006651514; BN00007651517; BN00008651520; BN00009651523; BN00010651526; BN00011651529; BN00012651532; BN00013651535; BN00014651538; BN00015651541; BN00016651544; BN00017651547; BN00018651550; BN00019651553; BN00020651556; BN00021651559; BN00022651562; BN00023651565; BN00024651568; BN00025651571; BN00026651574; BN00027651577; BN00028651580; BN00029651583; BN00030651586","no PLIDA metadata match by dataset+variable","","","Share of credit for tax withheld where ABN not quoted","Numeric response ($)","2017-18;2018-19;2019-20;2020-21;2021-22;2022-23"
"blade","BLADE","blade-table-06-business-income-tax-bit","t_txfgncre","integer",500,372,74.4,2,"0 / 0 / 1 / 1 / 1","0; 1","no PLIDA metadata match by dataset+variable","","","Tax spared foreign tax credits","Numeric response ($)","2001-02;2002-03;2003-04;2004-05;2005-06;2006-07;2007-08;2008-09;2009-10;2010-11;2011-12"
"blade","BLADE","blade-table-06-business-income-tax-bit","t_txspcnty","integer",500,372,74.4,2,"0 / 0 / 1 / 1 / 1","0; 1","no PLIDA metadata match by dataset+variable","","","Transactions with specified countries","Y - Yes N - No everything else - invalid response or no response given","2003-04;2004-05;2005-06;2006-07;2007-08;2008-09;2009-10;2010-11;2011-12;2012-13;2013-14;2014-15;2015-16;2016-17;2017-18;2018-19;2019-20;2020-21;2021-22;2022-23"
"blade","BLADE","blade-table-06-business-income-tax-bit","t_typteste","integer",500,372,74.4,5,"1 / 2 / 3 / 4 / 5","1; 2; 3; 4; 5","no PLIDA metadata match by dataset+variable","","","Type of trust estate (trust only)","5 - S: Discretionary trust (Service / management activities) 10 - T: Discretionary trust (Trading activities) 15 - I: Discretionary trust (Investment activities) 20 - D: Deceased estate 25 - M: Cash management unit trust 30 - P: Public unit trust (listed) 35 - Q: Public unit trust (unlisted) 40 - U: Fixed unit trust 45 - F: Fixed trust 50 - H: Hybrid trust 55 - C: Special Disability Trust everything else - invalid response or no response given","2001-02;2002-03;2003-04;2004-05;2005-06;2006-07;2007-08;2008-09;2009-10;2010-11;2011-12"
"blade","BLADE","blade-table-06-business-income-tax-bit","t_unpd_entlmt_to_pvt_coy_actn_cd","integer",500,372,74.4,5,"1 / 2 / 3 / 4 / 5","1; 2; 3; 4; 5","no PLIDA metadata match by dataset+variable","","","Unpaid present entitlement to a private company code","5 - X: None of the transactions took place. 10 - D: During the income year, the trustee of the trust estate: - made a payment that is attributable to an unrealised gain that discharged or reduced a present entitlement - made a loan - forgave a debt in favour of a shareholder (or an associate of a shareholder) of a private company with the unpaid present entitlement.","2018-19;2019-20;2020-21;2021-22;2022-23"
"blade","BLADE","blade-table-06-business-income-tax-bit","t_unpdprsntentlmt_to_pvt_coy_amt","numeric",500,0,0,129,"0.00 / 0.00 / 0.00 / 12326.64 / 215059.59","","no PLIDA metadata match by dataset+variable","","","Unpaid present entitlement to a private company","Numeric response ($)","2018-19;2019-20;2020-21;2021-22;2022-23"
"blade","BLADE","blade-table-06-business-income-tax-bit","t_unrltd_clnts_tst_ind","integer",500,372,74.4,5,"1 / 2 / 3 / 4 / 5","1; 2; 3; 4; 5","no PLIDA metadata match by dataset+variable","","","Unrelated clients test","Y - Yes N - No everything else - invalid response or no response given","2018-19;2019-20;2020-21;2021-22;2022-23"
"blade","BLADE","blade-table-06-business-income-tax-bit","t_wrt_off_dtl_itm_amt","numeric",500,0,0,129,"0.00 / 0.00 / 0.00 / 12326.64 / 215059.59","","no PLIDA metadata match by dataset+variable","","","Instant asset write-off deductions for non-small business entities","Numeric response ($)","2020-21"
"blade","BLADE","blade-table-06-business-income-tax-bit","tsid","character",500,0,0,1,"23=500","23","no PLIDA metadata match by dataset+variable","","","Time series ID (last 2 digits of end year in a financial year) | Time series identifier (last 2 digits of end year in a financial year) | Time series ID (last 2 digits of end year in a financial year when application arrived for processing to the IP Australia system) | Time series identifier denoting the financial year in which the data was collected | Time series ID (last 2 digits of end year in a financial year when applicant registered R&D activites) | Time Series Identifier","2 digit numeric example: 2020/2021 = '21' | 2 digit numeric example: 2021/2022 = '22' | 2 digit numeric Example: 2020/2021 = '21' | 2 digit numeric example: 2023/2024 = '24' | 2 digit numeric | 2 digit numeric example: 2018/2019 = '19' | 2 digit numeric example: 2020-21 = '21' | 2 digit numeric example: 2019/2020 = '20'","2001-02;2002-03;2003-04;2004-05;2005-06;2006-07;2007-08;2008-09;2009-10;2010-11;2011-12;2012-13;2013-14;2014-15;2015-16;2016-17;2017-18;2018-19;2019-20;2020-21;2021-22;2022-23;2023-24;2024-25;2025-26 | 2001-02;2002-03;2003-04;2004-05;2005-06;2006-07;2007-08;2008-09;2009-10;2010-11;2011-12;2012-13;2013-14;2014-15;2015-16;2016-17;2017-18;2018-19;2019-20;2020-21 | 2010-11;2011-12;2012-13;2013-14;2014-15;2015-16;2016-17;2017-18;2018-19;2019-20;2020-21 | 2001-02;2002-03;2003-04;2004-05;2005-06;2006-07;2007-08;2008-09;2009-10;2010-11;2011-12;2012-13;2013-14;2014-15;2015-16;2016-17;2017-18;2018-19;2019-20;2020-21;2021-22;2022-23;2023-24;2024-25 | 2001-02;2002-03;2003-04;2004-05;2005-06;2006-07;2007-08;2008-09;2009-10;2010-11;2011-12;2012-13;2013-14;2014-15;2015-16;2016-17;2017-18;2018-19;2019-20;2020-21;2021-22;2022-23 | 2019-20;2020-21;2021-22;2022-23;2023-24;2024-25;2025-26 | 2020-21;2022-23 | 2021-22 | 2008-09;2011-12;2012-13;2014-15;2016-17;2018-19;2020-21;2022-23 | 2016-17;2017-18;2018-19;2019-20;2020-21;2021-22;2022-23;2023-24 | 2008-09;2011-12;2017-18 | 2011-12;2013-14;2017-18;2020-21;2022-23 | 1996-97;1997-98;1998-99;1999-2000;2000-01;2001-02;2002-03;2003-04;2004-05;2005-06;2006-07;2007-08;2008-09;2009-10;2010-11;2011-12;2012-13;2013-14;2014-15;2015-16;2016-17;2017-18;2018-19;2019-20;2020-21;2021-22;2022-23;2023-24;2024-25;2025-26 | 2014-15;2015-16;2016-17;2017-18;2018-19;2019-20;2020-21;2021-22;2022-23;2023-24;2024-25 | 2023-24 | 2011-12;2012-13;2013-14;2014-15;2015-16;2016-17;2017-18;2018-19;2019-20;2020-21;2021-22;2022-23;2023-24;2024-25 | 2001-02;2002-03;2003-04;2004-05;2005-06;2006-07;2007-08;2008-09;2009-10;2010-11;2011-12;2012-13;2013-14;2014-15;2015-16;2016-17;2017-18;2018-19;2019-20;2020-21;2021-22 | 2022-23;2023-24;2024-25 | 2000-01;2001-02;2002-03;2003-04;2004-05;2005-06;2006-07;2007-08;2008-09;2009-10;2010-11;2011-12;2012-13;2013-14;2014-15;2015-16;2016-17;2017-18;2018-19;2019-20;2020-21;2021-22;2022-23;2023-24;2024-25;2025-26 | 2000-01;2001-02;2002-03;2003-04;2004-05;2005-06;2006-07;2007-08;2008-09;2009-10;2010-11;2011-12;2012-13;2013-14;2014-15;2015-16;2016-17;2017-18;2018-19;2019-20;2020-21;2021-22;2022-23 | 2007-08;2008-09;2009-10;2010-11;2011-12;2012-13;2013-14;2014-15;2015-16;2016-17;2017-18;2018-19;2019-20 | 2015-16 | 2011-12;2013-14;2015-16;2017-18;2019-20;2021-22 | 2017-18;2018-19;2019-20;2020-21;2021-22;2022-23;2023-24;2024-25;2025-26 | 2010-11;2015-16;2020-21 | 2003-04;2004-05;2005-06;2006-07;2007-08;2008-09;2009-10;2010-11;2011-12;2012-13;2013-14;2014-15;2015-16;2016-17;2017-18;2018-19;2019-20;2020-21;2021-22;2022-23;2023-24;2024-25 | 2013-14;2014-15;2015-16;2016-17;2017-18;2018-19;2019-20;2020-21 | 2000-01;2001-02;2002-03;2003-04;2004-05;2005-06;2006-07;2007-08;2008-09;2009-10;2010-11;2011-12;2012-13;2013-14;2014-15;2015-16;2016-17;2017-18;2018-19;2019-20 | 2019-20;2020-21;2021-22;2022-23;2023-24;2024-25"
"blade","BLADE","blade-table-07-single-touch-payroll-stp","bn","character",500,0,0,500,"BN00001651499=1; BN00002651502=1; BN00003651505=1; BN00004651508=1; BN00005651511=1; BN00006651514=1; BN00007651517=1; BN00008651520=1; BN00009651523=1; BN00010651526=1; BN00011651529=1; BN00012651532=1","BN00001651499; BN00002651502; BN00003651505; BN00004651508; BN00005651511; BN00006651514; BN00007651517; BN00008651520; BN00009651523; BN00010651526; BN00011651529; BN00012651532; BN00013651535; BN00014651538; BN00015651541; BN00016651544; BN00017651547; BN00018651550; BN00019651553; BN00020651556; BN00021651559; BN00022651562; BN00023651565; BN00024651568; BN00025651571; BN00026651574; BN00027651577; BN00028651580; BN00029651583; BN00030651586","no PLIDA metadata match by dataset+variable","","","bn - deidentified ABN | Identifier - deidentified ABN | Identifier bn - deidentified ABN | De-identified ABN | Deidentified abn | Deidentified ABN | Identifier - deidentifed ABN | Identifier - deidentified abn | Identifier - deidentified ABN (Australian Business Number)","10 digit alphanumeric | 10 alphanumeric | 10 alphanumeric categorical | 10 digit alphanumeric Unknown = 9999999999","2001-02;2002-03;2003-04;2004-05;2005-06;2006-07;2007-08;2008-09;2009-10;2010-11;2011-12;2012-13;2013-14;2014-15;2015-16;2016-17;2017-18;2018-19;2019-20;2020-21;2021-22;2022-23;2023-24;2024-25;2025-26 | 2010-11;2011-12;2012-13;2013-14;2014-15;2015-16;2016-17;2017-18;2018-19;2019-20;2020-21 | 2001-02;2002-03;2003-04;2004-05;2005-06;2006-07;2007-08;2008-09;2009-10;2010-11;2011-12;2012-13;2013-14;2014-15;2015-16;2016-17;2017-18;2018-19;2019-20;2020-21;2021-22;2022-23;2023-24;2024-25 | 2001-02;2002-03;2003-04;2004-05;2005-06;2006-07;2007-08;2008-09;2009-10;2010-11;2011-12;2012-13;2013-14;2014-15;2015-16;2016-17;2017-18;2018-19;2019-20;2020-21;2021-22;2022-23 | 2019-20;2020-21;2021-22;2022-23;2023-24;2024-25;2025-26 | 2001-02;2002-03;2003-04;2004-05;2005-06;2006-07;2007-08;2008-09;2009-10;2010-11;2011-12;2012-13;2013-14;2014-15;2015-16;2016-17;2017-18;2018-19;2019-20;2020-21;2021-22 | 2022-23;2023-24;2024-25 | 2000-01;2001-02;2002-03;2003-04;2004-05;2005-06;2006-07;2007-08;2008-09;2009-10;2010-11;2011-12;2012-13;2013-14;2014-15;2015-16;2016-17;2017-18;2018-19;2019-20;2020-21;2021-22;2022-23 | 2010-11;2015-16;2020-21 | 2003-04;2004-05;2005-06;2006-07;2007-08;2008-09;2009-10;2010-11;2011-12;2012-13;2013-14;2014-15;2015-16;2016-17;2017-18;2018-19;2019-20;2020-21;2021-22;2022-23;2023-24;2024-25 | 2013-14;2014-15;2015-16;2016-17;2017-18;2018-19;2019-20;2020-21 | 2000-01;2001-02;2002-03;2003-04;2004-05;2005-06;2006-07;2007-08;2008-09;2009-10;2010-11;2011-12;2012-13;2013-14;2014-15;2015-16;2016-17;2017-18;2018-19;2019-20 | 2025 | 2019-20;2020-21;2021-22;2022-23;2023-24;2024-25"
"blade","BLADE","blade-table-07-single-touch-payroll-stp","branch_number","integer",500,0,0,2,"0.0 / 0.0 / 0.5 / 1.0 / 1.0","0; 1","no PLIDA metadata match by dataset+variable","","","This is the calculated branch number of the employer organisation. Branch numbers are issued to organisations that wish to sub-divide activities with respect to dealing with tax obligations.","Numeric response","2019-20;2020-21;2021-22;2022-23;2023-24;2024-25;2025-26"
"blade","BLADE","blade-table-07-single-touch-payroll-stp","d_total_payees","integer",500,0,0,11,"1 / 5 / 6 / 6 / 11","1; 10; 11; 2; 3; 4; 5; 6; 7; 8; 9","no PLIDA metadata match by dataset+variable","","","Number of unique employees paid in the Month","Numeric response","2019-20;2020-21;2021-22;2022-23;2023-24;2024-25;2025-26"
"blade","BLADE","blade-table-07-single-touch-payroll-stp","ed_alwnc_incm_totl","numeric",500,0,0,500,"1053.640 / 5614.795 / 7482.810 / 9150.992 / 18058.360","","no PLIDA metadata match by dataset+variable","","","Allowance Income Total Amount","Numeric response ($)","2019-20;2020-21;2021-22;2022-23;2023-24;2024-25;2025-26"
"blade","BLADE","blade-table-07-single-touch-payroll-stp","ed_anl_lng_srvc_unsd_ls_a","integer",500,0,0,2,"0.0 / 0.0 / 0.5 / 1.0 / 1.0","0; 1","no PLIDA metadata match by dataset+variable","","","Annual Long Service Leave Unused Lump Sum A Amount","Numeric response ($)","2019-20;2020-21;2021-22;2022-23;2023-24;2024-25;2025-26"
"blade","BLADE","blade-table-07-single-touch-payroll-stp","ed_anl_lng_srvc_unsd_ls_b","integer",500,0,0,2,"0.0 / 0.0 / 0.5 / 1.0 / 1.0","0; 1","no PLIDA metadata match by dataset+variable","","","Annual Long Service Leave Unused Lump Sum B Amount","Numeric response ($)","2019-20;2020-21;2021-22;2022-23;2023-24;2024-25;2025-26"
"blade","BLADE","blade-table-07-single-touch-payroll-stp","ed_anl_lng_srvc_unsd_ls_d","integer",500,0,0,2,"0.0 / 0.0 / 0.5 / 1.0 / 1.0","0; 1","no PLIDA metadata match by dataset+variable","","","Annual Long Service Leave Unused Lump Sum D Amount","Numeric response ($)","2019-20;2020-21;2021-22;2022-23;2023-24;2024-25;2025-26"
"blade","BLADE","blade-table-07-single-touch-payroll-stp","ed_anl_lng_srvc_unsd_ls_e","integer",500,0,0,2,"0.0 / 0.0 / 0.5 / 1.0 / 1.0","0; 1","no PLIDA metadata match by dataset+variable","","","Annual Long Service Leave Unused Lump Sum E Amount","Numeric response ($)","2019-20;2020-21;2021-22;2022-23;2023-24;2024-25;2025-26"
"blade","BLADE","blade-table-07-single-touch-payroll-stp","ed_forgn_emplt_incm_grs","numeric",500,0,0,500,"42145.75 / 224591.82 / 299312.26 / 366039.67 / 722334.26","","no PLIDA metadata match by dataset+variable","","","Foreign Employment Income Gross Amount","Numeric response ($)","2019-20;2020-21;2021-22;2022-23;2023-24;2024-25;2025-26"
"blade","BLADE","blade-table-07-single-touch-payroll-stp","ed_forgn_emplt_incm_jpda_grs","numeric",500,0,0,500,"42145.75 / 224591.82 / 299312.26 / 366039.67 / 722334.26","","no PLIDA metadata match by dataset+variable","","","Foreign Employment Income Joint Petroleum Development Area Gross Amount","Numeric response ($)","2019-20;2020-21;2021-22;2022-23;2023-24"
"blade","BLADE","blade-table-07-single-touch-payroll-stp","ed_forgn_emplt_incm_jpda_totl","numeric",500,0,0,500,"42145.75 / 224591.82 / 299312.26 / 366039.67 / 722334.26","","no PLIDA metadata match by dataset+variable","","","Foreign Employment Income Joint Petroleum Development Area Total Amount","Numeric response ($)","2019-20;2020-21;2021-22;2022-23;2023-24"
"blade","BLADE","blade-table-07-single-touch-payroll-stp","ed_forgn_emplt_incm_tax_cr_wheld","numeric",500,0,0,500,"9272.07 / 49410.20 / 65848.70 / 80528.73 / 158913.54","","no PLIDA metadata match by dataset+variable","","","Foreign Employment Income Tax Credit Withheld Amount","Numeric response ($)","2019-20;2020-21;2021-22;2022-23;2023-24;2024-25;2025-26"
"blade","BLADE","blade-table-07-single-touch-payroll-stp","ed_forgn_emplt_incm_tax_pmt","numeric",500,0,0,500,"9272.07 / 49410.20 / 65848.70 / 80528.73 / 158913.54","","no PLIDA metadata match by dataset+variable","","","Foreign Employment Income Total Taxed Amount","Numeric response ($)","2019-20;2020-21;2021-22;2022-23;2023-24"
"blade","BLADE","blade-table-07-single-touch-payroll-stp","ed_forgn_emplt_incm_totl","numeric",500,0,0,500,"42145.75 / 224591.82 / 299312.26 / 366039.67 / 722334.26","","no PLIDA metadata match by dataset+variable","","","Foreign Employment Income Total Amount","Numeric response ($)","2019-20;2020-21;2021-22;2022-23;2023-24;2024-25;2025-26"
"blade","BLADE","blade-table-07-single-touch-payroll-stp","ed_forgn_incm_exmt","integer",500,0,0,2,"0.0 / 0.0 / 0.5 / 1.0 / 1.0","0; 1","no PLIDA metadata match by dataset+variable","","","Foreign Income Exempt Amount","Numeric response ($)","2019-20;2020-21;2021-22;2022-23;2023-24;2024-25;2025-26"
"blade","BLADE","blade-table-07-single-touch-payroll-stp","ed_idv_wrkplc_gving_totl","numeric",500,0,0,500,"42145.75 / 224591.82 / 299312.26 / 366039.67 / 722334.26","","no PLIDA metadata match by dataset+variable","","","Payee workplace giving amount","Numeric response ($)","2019-20;2020-21;2021-22;2022-23;2023-24;2024-25;2025-26"
"blade","BLADE","blade-table-07-single-touch-payroll-stp","ed_incm_cmnty_dev_emplt_prjct","integer",500,0,0,2,"0.0 / 0.0 / 0.5 / 1.0 / 1.0","0; 1","no PLIDA metadata match by dataset+variable","","","Income Community Development Employment Project Amount","Numeric response ($)","2019-20;2020-21;2021-22;2022-23;2023-24"
"blade","BLADE","blade-table-07-single-touch-payroll-stp","ed_incm_grs","numeric",500,0,0,500,"42145.75 / 224591.82 / 299312.26 / 366039.67 / 722334.26","","no PLIDA metadata match by dataset+variable","","","Gross amount of salary & wages income","Numeric response ($)","2019-20;2020-21;2021-22;2022-23;2023-24;2024-25;2025-26"
"blade","BLADE","blade-table-07-single-touch-payroll-stp","ed_incm_labr_hir_arngmt_grs","numeric",500,0,0,500,"42145.75 / 224591.82 / 299312.26 / 366039.67 / 722334.26","","no PLIDA metadata match by dataset+variable","","","Income Labour Hire Arrangement Gross Amount","Numeric response ($)","2019-20;2020-21;2021-22;2022-23;2023-24;2024-25;2025-26"
"blade","BLADE","blade-table-07-single-touch-payroll-stp","ed_incm_othr","integer",500,0,0,2,"0.0 / 0.0 / 0.5 / 1.0 / 1.0","0; 1","no PLIDA metadata match by dataset+variable","","","Income Other Amount","Numeric response ($)","2019-20;2020-21;2021-22;2022-23;2023-24;2024-25;2025-26"
"blade","BLADE","blade-table-07-single-touch-payroll-stp","ed_incm_va_grs","numeric",500,0,0,500,"42145.75 / 224591.82 / 299312.26 / 366039.67 / 722334.26","","no PLIDA metadata match by dataset+variable","","","Income Voluntary Agreement Gross Amount","Numeric response ($)","2019-20;2020-21;2021-22;2022-23;2023-24;2024-25;2025-26"
"blade","BLADE","blade-table-07-single-touch-payroll-stp","ed_incm_whm_grs","numeric",500,0,0,500,"42145.75 / 224591.82 / 299312.26 / 366039.67 / 722334.26","","no PLIDA metadata match by dataset+variable","","","Income Working Holiday Maker Gross Amount","Numeric response ($)","2019-20;2020-21;2021-22;2022-23;2023-24;2024-25;2025-26"
"blade","BLADE","blade-table-07-single-touch-payroll-stp","ed_labr_hir_totl","numeric",500,0,0,500,"42145.75 / 224591.82 / 299312.26 / 366039.67 / 722334.26","","no PLIDA metadata match by dataset+variable","","","Labour Hire Total Amount","Numeric response ($)","2019-20;2020-21;2021-22;2022-23;2023-24;2024-25;2025-26"
"blade","BLADE","blade-table-07-single-touch-payroll-stp","ed_othr_spcfd_totl","numeric",500,0,0,500,"42145.75 / 224591.82 / 299312.26 / 366039.67 / 722334.26","","no PLIDA metadata match by dataset+variable","","","Other Specified Total Amount","Numeric response ($)","2019-20;2020-21;2021-22;2022-23;2023-24;2024-25;2025-26"
"blade","BLADE","blade-table-07-single-touch-payroll-stp","ed_pmt_sumry_totl_grs_pmt","numeric",500,0,0,500,"42145.75 / 224591.82 / 299312.26 / 366039.67 / 722334.26","","no PLIDA metadata match by dataset+variable","","","Total amount of gross payments an individual has received","Numeric response ($)","2019-20;2020-21;2021-22;2022-23;2023-24;2024-25;2025-26"
"blade","BLADE","blade-table-07-single-touch-payroll-stp","ed_pyr_spntn_cntrbtn_rprtbl","integer",500,0,0,2,"0.0 / 0.0 / 0.5 / 1.0 / 1.0","0; 1","no PLIDA metadata match by dataset+variable","","","Employer Superannuation Contribution Reportable Amount","Numeric response ($)","2019-20;2020-21;2021-22;2022-23;2023-24;2024-25;2025-26"
"blade","BLADE","blade-table-07-single-touch-payroll-stp","ed_rfb_exmt","integer",500,0,0,2,"0.0 / 0.0 / 0.5 / 1.0 / 1.0","0; 1","no PLIDA metadata match by dataset+variable","","","Reportable Fringe Benefits Exempt Amount","Numeric response ($)","2019-20;2020-21;2021-22;2022-23;2023-24;2024-25;2025-26"
"blade","BLADE","blade-table-07-single-touch-payroll-stp","ed_rfb_txbl","integer",500,0,0,2,"0.0 / 0.0 / 0.5 / 1.0 / 1.0","0; 1","no PLIDA metadata match by dataset+variable","","","Reportable Fringe Benefits Taxable Amount","Numeric response ($)","2019-20;2020-21;2021-22;2022-23;2023-24;2024-25;2025-26"
"blade","BLADE","blade-table-07-single-touch-payroll-stp","ed_sg_emplr_cntrbtn","numeric",500,0,0,500,"4846.76 / 25828.06 / 34420.91 / 42094.57 / 83068.44","","no PLIDA metadata match by dataset+variable","","","Superannuation Guarantee Employer Contribution Amount","Numeric response ($)","2019-20;2020-21;2021-22;2022-23;2023-24;2024-25;2025-26"
"blade","BLADE","blade-table-07-single-touch-payroll-stp","ed_tax_wheld_totl","numeric",500,0,0,500,"9272.07 / 49410.20 / 65848.70 / 80528.73 / 158913.54","","no PLIDA metadata match by dataset+variable","","","Total PAYGW Amount","Numeric response ($)","2019-20;2020-21;2021-22;2022-23;2023-24;2024-25;2025-26"
"blade","BLADE","blade-table-07-single-touch-payroll-stp","ed_va_totl","numeric",500,0,0,500,"42145.75 / 224591.82 / 299312.26 / 366039.67 / 722334.26","","no PLIDA metadata match by dataset+variable","","","Voluntary Agreement Total Amount","Numeric response ($)","2019-20;2020-21;2021-22;2022-23;2023-24;2024-25;2025-26"
"blade","BLADE","blade-table-07-single-touch-payroll-stp","ed_wheld","integer",500,0,0,2,"0.0 / 0.0 / 0.5 / 1.0 / 1.0","0; 1","no PLIDA metadata match by dataset+variable","","","Withheld Amount","Numeric response ($)","2019-20;2020-21;2021-22;2022-23;2023-24;2024-25;2025-26"
"blade","BLADE","blade-table-07-single-touch-payroll-stp","ed_whm_totl","numeric",500,0,0,500,"42145.75 / 224591.82 / 299312.26 / 366039.67 / 722334.26","","no PLIDA metadata match by dataset+variable","","","Working Holiday Maker Total Amount","Numeric response ($)","2019-20;2020-21;2021-22;2022-23;2023-24;2024-25;2025-26"
"blade","BLADE","blade-table-07-single-touch-payroll-stp","month_actioned","integer",500,0,0,2,"0.0 / 0.0 / 0.5 / 1.0 / 1.0","0; 1","no PLIDA metadata match by dataset+variable","","","Month data is in reference to*** | The month in which payments are issued to employees under an ABN - derived | Month of the financial year | The calendar month of the insolvency appointment | Month data is in reference to","3 Character Mmm i.e. ""Jan"", ""Feb"" | 3 Character Mmm i.e. ""Nov"" | 3 digit Character Mmm i.e. ""Jan"", ""Feb""","2001-02;2002-03;2003-04;2004-05;2005-06;2006-07;2007-08;2008-09;2009-10;2010-11;2011-12;2012-13;2013-14;2014-15;2015-16;2016-17;2017-18;2018-19;2019-20;2020-21;2021-22;2022-23;2023-24;2024-25;2025-26 | 2019-20;2020-21;2021-22;2022-23;2023-24;2024-25;2025-26 | 2023-24 | 2000-01;2001-02;2002-03;2003-04;2004-05;2005-06;2006-07;2007-08;2008-09;2009-10;2010-11;2011-12;2012-13;2013-14;2014-15;2015-16;2016-17;2017-18;2018-19;2019-20;2020-21;2021-22;2022-23;2023-24;2024-25;2025-26 | 2003-04;2004-05;2005-06;2006-07;2007-08;2008-09;2009-10;2010-11;2011-12;2012-13;2013-14;2014-15;2015-16;2016-17;2017-18;2018-19;2019-20;2020-21;2021-22;2022-23;2023-24;2024-25"
"blade","BLADE","blade-table-07-single-touch-payroll-stp","quarter","character",500,0,0,1,"2526Q4=500","2526Q4","no PLIDA metadata match by dataset+variable","","","Quarter | Financial year quarter data is in reference to** | The quarter of the financial year - derived | Reference Period | The quarter of the SITS record | Quarter of the financial year | The quarter of the JVS record | The quarter of the location record | The quarter of the insolvency appointment | Financial year quarter data is in reference to","6 digit alphanumeric YYYY is a financial year, i.e. 2021, 2122 ""YYYYQ1"" = July to September ""YYYYQ2"" = October to December ""YYYYQ3"" = January to March ""YYYYQ4"" = April to June | 4 digit alphanumeric YYYY is a financial year, i.e. 2021, 2122 ""YYYYQ1"" = July to September ""YYYYQ2"" = October to December ""YYYYQ3"" = January to March ""YYYYQ4"" = April to June | 6 digit alphanumeric ""YYYYQ1"" = July to September ""YYYYQ2"" = October to December ""YYYYQ3"" = January to March ""YYYYQ4"" = April to June example 2001-02 Q2 ""0102Q2"" | 6 digit alphanumeric YYYY is a financial year, i.e. 2324 ""YYYYQ1"" = July to September ""YYYYQ2"" = October to December ""YYYYQ3"" = January to March ""YYYYQ4"" = April to June | 6 alphanumeric ""YYYYQ1"" = July to September ""YYYYQ2"" = October to December ""YYYYQ3"" = January to March ""YYYYQ4"" = April to June example 2024-25 Q2 ""2425Q2"" | Character YYYYQX where 'X' is the financial year quarter (1 to 4) example: Q1(July, August, September) in 2012/13 = '1213Q1' (pre-BLADE equal to YYYYYYQX, the first four digits are the first year in the financial year followed by the last two digits of the last year in the financial year example: Q1 in 1904/05 = '190405Q1')","2001-02;2002-03;2003-04;2004-05;2005-06;2006-07;2007-08;2008-09;2009-10;2010-11;2011-12;2012-13;2013-14;2014-15;2015-16;2016-17;2017-18;2018-19;2019-20;2020-21;2021-22;2022-23;2023-24;2024-25;2025-26 | 2019-20;2020-21;2021-22;2022-23;2023-24;2024-25;2025-26 | 1996-97;1997-98;1998-99;1999-2000;2000-01;2001-02;2002-03;2003-04;2004-05;2005-06;2006-07;2007-08;2008-09;2009-10;2010-11;2011-12;2012-13;2013-14;2014-15;2015-16;2016-17;2017-18;2018-19;2019-20;2020-21;2021-22;2022-23;2023-24;2024-25;2025-26 | 2014-15;2015-16;2016-17;2017-18;2018-19;2019-20;2020-21;2021-22;2022-23;2023-24;2024-25 | 2023-24 | 2011-12;2012-13;2013-14;2014-15;2015-16;2016-17;2017-18;2018-19;2019-20;2020-21;2021-22;2022-23;2023-24;2024-25 | 2001-02;2002-03;2003-04;2004-05;2005-06;2006-07;2007-08;2008-09;2009-10;2010-11;2011-12;2012-13;2013-14;2014-15;2015-16;2016-17;2017-18;2018-19;2019-20;2020-21;2021-22 | 2022-23;2023-24;2024-25 | 2000-01;2001-02;2002-03;2003-04;2004-05;2005-06;2006-07;2007-08;2008-09;2009-10;2010-11;2011-12;2012-13;2013-14;2014-15;2015-16;2016-17;2017-18;2018-19;2019-20;2020-21;2021-22;2022-23;2023-24;2024-25;2025-26 | 2017-18;2018-19;2019-20;2020-21;2021-22;2022-23;2023-24;2024-25;2025-26 | 2003-04;2004-05;2005-06;2006-07;2007-08;2008-09;2009-10;2010-11;2011-12;2012-13;2013-14;2014-15;2015-16;2016-17;2017-18;2018-19;2019-20;2020-21;2021-22;2022-23;2023-24;2024-25"
"blade","BLADE","blade-table-07-single-touch-payroll-stp","stp_version","character",500,0,0,1,"in125_v1=500","in125_v1","no PLIDA metadata match by dataset+variable","","","Integration version of dataset (internal ABS reference)","8 digit alphanumeric example: ""in139_v1""","2019-20;2020-21;2021-22;2022-23;2023-24;2024-25;2025-26"
"blade","BLADE","blade-table-07-single-touch-payroll-stp","tsid","character",500,0,0,1,"26=500","26","no PLIDA metadata match by dataset+variable","","","Time series ID (last 2 digits of end year in a financial year) | Time series identifier (last 2 digits of end year in a financial year) | Time series ID (last 2 digits of end year in a financial year when application arrived for processing to the IP Australia system) | Time series identifier denoting the financial year in which the data was collected | Time series ID (last 2 digits of end year in a financial year when applicant registered R&D activites) | Time Series Identifier","2 digit numeric example: 2020/2021 = '21' | 2 digit numeric example: 2021/2022 = '22' | 2 digit numeric Example: 2020/2021 = '21' | 2 digit numeric example: 2023/2024 = '24' | 2 digit numeric | 2 digit numeric example: 2018/2019 = '19' | 2 digit numeric example: 2020-21 = '21' | 2 digit numeric example: 2019/2020 = '20'","2001-02;2002-03;2003-04;2004-05;2005-06;2006-07;2007-08;2008-09;2009-10;2010-11;2011-12;2012-13;2013-14;2014-15;2015-16;2016-17;2017-18;2018-19;2019-20;2020-21;2021-22;2022-23;2023-24;2024-25;2025-26 | 2001-02;2002-03;2003-04;2004-05;2005-06;2006-07;2007-08;2008-09;2009-10;2010-11;2011-12;2012-13;2013-14;2014-15;2015-16;2016-17;2017-18;2018-19;2019-20;2020-21 | 2010-11;2011-12;2012-13;2013-14;2014-15;2015-16;2016-17;2017-18;2018-19;2019-20;2020-21 | 2001-02;2002-03;2003-04;2004-05;2005-06;2006-07;2007-08;2008-09;2009-10;2010-11;2011-12;2012-13;2013-14;2014-15;2015-16;2016-17;2017-18;2018-19;2019-20;2020-21;2021-22;2022-23;2023-24;2024-25 | 2001-02;2002-03;2003-04;2004-05;2005-06;2006-07;2007-08;2008-09;2009-10;2010-11;2011-12;2012-13;2013-14;2014-15;2015-16;2016-17;2017-18;2018-19;2019-20;2020-21;2021-22;2022-23 | 2019-20;2020-21;2021-22;2022-23;2023-24;2024-25;2025-26 | 2020-21;2022-23 | 2021-22 | 2008-09;2011-12;2012-13;2014-15;2016-17;2018-19;2020-21;2022-23 | 2016-17;2017-18;2018-19;2019-20;2020-21;2021-22;2022-23;2023-24 | 2008-09;2011-12;2017-18 | 2011-12;2013-14;2017-18;2020-21;2022-23 | 1996-97;1997-98;1998-99;1999-2000;2000-01;2001-02;2002-03;2003-04;2004-05;2005-06;2006-07;2007-08;2008-09;2009-10;2010-11;2011-12;2012-13;2013-14;2014-15;2015-16;2016-17;2017-18;2018-19;2019-20;2020-21;2021-22;2022-23;2023-24;2024-25;2025-26 | 2014-15;2015-16;2016-17;2017-18;2018-19;2019-20;2020-21;2021-22;2022-23;2023-24;2024-25 | 2023-24 | 2011-12;2012-13;2013-14;2014-15;2015-16;2016-17;2017-18;2018-19;2019-20;2020-21;2021-22;2022-23;2023-24;2024-25 | 2001-02;2002-03;2003-04;2004-05;2005-06;2006-07;2007-08;2008-09;2009-10;2010-11;2011-12;2012-13;2013-14;2014-15;2015-16;2016-17;2017-18;2018-19;2019-20;2020-21;2021-22 | 2022-23;2023-24;2024-25 | 2000-01;2001-02;2002-03;2003-04;2004-05;2005-06;2006-07;2007-08;2008-09;2009-10;2010-11;2011-12;2012-13;2013-14;2014-15;2015-16;2016-17;2017-18;2018-19;2019-20;2020-21;2021-22;2022-23;2023-24;2024-25;2025-26 | 2000-01;2001-02;2002-03;2003-04;2004-05;2005-06;2006-07;2007-08;2008-09;2009-10;2010-11;2011-12;2012-13;2013-14;2014-15;2015-16;2016-17;2017-18;2018-19;2019-20;2020-21;2021-22;2022-23 | 2007-08;2008-09;2009-10;2010-11;2011-12;2012-13;2013-14;2014-15;2015-16;2016-17;2017-18;2018-19;2019-20 | 2015-16 | 2011-12;2013-14;2015-16;2017-18;2019-20;2021-22 | 2017-18;2018-19;2019-20;2020-21;2021-22;2022-23;2023-24;2024-25;2025-26 | 2010-11;2015-16;2020-21 | 2003-04;2004-05;2005-06;2006-07;2007-08;2008-09;2009-10;2010-11;2011-12;2012-13;2013-14;2014-15;2015-16;2016-17;2017-18;2018-19;2019-20;2020-21;2021-22;2022-23;2023-24;2024-25 | 2013-14;2014-15;2015-16;2016-17;2017-18;2018-19;2019-20;2020-21 | 2000-01;2001-02;2002-03;2003-04;2004-05;2005-06;2006-07;2007-08;2008-09;2009-10;2010-11;2011-12;2012-13;2013-14;2014-15;2015-16;2016-17;2017-18;2018-19;2019-20 | 2019-20;2020-21;2021-22;2022-23;2023-24;2024-25"
"blade","BLADE","blade-table-17-employee-earning-and-hours-eeh","age_eeh","integer",500,0,0,61,"17 / 33 / 43 / 54 / 84","","no PLIDA metadata match by dataset+variable","","","Age","Number (14-99)","2013-14;2017-18;2020-21;2022-23"
"blade","BLADE","blade-table-17-employee-earning-and-hours-eeh","agecat_eeh","integer",500,0,0,6,"1 / 2 / 3 / 4 / 6","1; 2; 3; 4; 5; 6","no PLIDA metadata match by dataset+variable","","","Age Category","1 = Under 18 years","2011-12"
"blade","BLADE","blade-table-17-employee-earning-and-hours-eeh","aj2012_eeh","integer",500,0,0,1,"1 / 1 / 1 / 1 / 1","1","no PLIDA metadata match by dataset+variable","","","Rate of pay concordance pre-2014","1 = Adult rate of pay (pre 2014)","2011-12;2013-14;2017-18;2020-21;2022-23"
"blade","BLADE","blade-table-17-employee-earning-and-hours-eeh","anzsco06_1_eeh","character",500,0,0,8,"2=201; 3=80; 4=57; 5=54; 1=47; 6=31; 7=16; 8=14","2; 3; 4; 5; 1; 6; 7; 8","no PLIDA metadata match by dataset+variable","","","Occupation major groups (1 digit ANZSCO) The following versions of ANZSCO apply to the following years of EEH data: 2011-12 data: ANZSCO F.E. 2006 2013-14 and 2017-18 data: ANZSCO 2013 v1.2 2020-21 data: ANZSCO 2013 v1.3 2022-23 data: ANZSCO 2022","1 - Digit See ANZSCO","2011-12"
"blade","BLADE","blade-table-17-employee-earning-and-hours-eeh","anzsco06_2_eeh","character",500,0,0,40,"25=126; 23=31; 13=28; 31=25; 42=21; 39=20; 59=20; 36=17; 41=13; 45=13; 61=13; 22=12","25; 23; 13; 31; 42; 39; 59; 36; 41; 45; 61; 22; 56; 21; 26; 62; 12; 14; 44; 63; 72; 27; 32; 55; 71; 83; 24; 34; 54; 35","no PLIDA metadata match by dataset+variable","","","Occupation sub-major groups (2 digit ANZSCO) The following versions of ANZSCO apply to the following years of EEH data: 2011-12 data: ANZSCO F.E. 2006 2013-14 and 2017-18 data: ANZSCO 2013 v1.2 2020-21 data: ANZSCO 2013 v1.3 2022-23 data: ANZSCO 2022","2 - Digit See ANZSCO","2011-12"
"blade","BLADE","blade-table-17-employee-earning-and-hours-eeh","anzsco06_3_eeh","character",500,0,0,88,"253=57; 254=41; 251=20; 423=16; 599=15; 234=14; 311=13; 411=13; 399=12; 561=12; 621=10; 121=9","253; 254; 251; 423; 599; 234; 311; 411; 399; 561; 621; 121; 139; 451; 611; 252; 363; 721; 232; 312; 212; 233; 272; 362; 393; 442; 133; 134; 313; 552","no PLIDA metadata match by dataset+variable","","","Occupation minor groups (3 digit ANZSCO) The following versions of ANZSCO apply to the following years of EEH data: 2011-12 data: ANZSCO F.E. 2006 2013-14 and 2017-18 data: ANZSCO 2013 v1.2 2020-21 data: ANZSCO 2013 v1.3 2022-23 data: ANZSCO 2022","3 - Digit See ANZSCO","2011-12"
"blade","BLADE","blade-table-17-employee-earning-and-hours-eeh","anzsco06_4_eeh","character",500,0,0,193,"2544=41; 2531=29; 2539=20; 2512=15; 4231=15; 4117=10; 5995=7; 1213=6; 6113=6; 1399=5; 2524=5; 2535=5","2544; 2531; 2539; 2512; 4231; 4117; 5995; 1213; 6113; 1399; 2524; 2535; 4422; 5611; 5911; 1311; 1342; 2124; 2721; 3113; 3114; 3511; 3625; 3631; 3632; 3995; 4518; 4524; 5523; 5999","no PLIDA metadata match by dataset+variable","","","Occupation unit group (4 digit ANZSCO) The following versions of ANZSCO apply to the following years of EEH data: 2011-12 data: ANZSCO F.E. 2006 2013-14 and 2017-18 data: ANZSCO 2013 v1.2 2020-21 data: ANZSCO 2013 v1.3 2022-23 data: ANZSCO 2022","4 - Digit See ANZSCO","2011-12"
"blade","BLADE","blade-table-17-employee-earning-and-hours-eeh","anzsco13_1_eeh","character",500,0,0,8,"2=201; 3=80; 4=57; 5=54; 1=47; 6=31; 7=16; 8=14","2; 3; 4; 5; 1; 6; 7; 8","no PLIDA metadata match by dataset+variable","","","","","2013-14;2017-18;2020-21"
"blade","BLADE","blade-table-17-employee-earning-and-hours-eeh","anzsco13_2_eeh","character",500,0,0,40,"25=126; 23=31; 13=28; 31=25; 42=21; 39=20; 59=20; 36=17; 41=13; 45=13; 61=13; 22=12","25; 23; 13; 31; 42; 39; 59; 36; 41; 45; 61; 22; 56; 21; 26; 62; 12; 14; 44; 63; 72; 27; 32; 55; 71; 83; 24; 34; 54; 35","no PLIDA metadata match by dataset+variable","","","","","2013-14;2017-18;2020-21"
"blade","BLADE","blade-table-17-employee-earning-and-hours-eeh","anzsco13_3_eeh","character",500,0,0,88,"253=57; 254=41; 251=20; 423=16; 599=15; 234=14; 311=13; 411=13; 399=12; 561=12; 621=10; 121=9","253; 254; 251; 423; 599; 234; 311; 411; 399; 561; 621; 121; 139; 451; 611; 252; 363; 721; 232; 312; 212; 233; 272; 362; 393; 442; 133; 134; 313; 552","no PLIDA metadata match by dataset+variable","","","","","2013-14;2017-18;2020-21"
"blade","BLADE","blade-table-17-employee-earning-and-hours-eeh","anzsco13_4_eeh","character",500,0,0,193,"2544=41; 2531=29; 2539=20; 2512=15; 4231=15; 4117=10; 5995=7; 1213=6; 6113=6; 1399=5; 2524=5; 2535=5","2544; 2531; 2539; 2512; 4231; 4117; 5995; 1213; 6113; 1399; 2524; 2535; 4422; 5611; 5911; 1311; 1342; 2124; 2721; 3113; 3114; 3511; 3625; 3631; 3632; 3995; 4518; 4524; 5523; 5999","no PLIDA metadata match by dataset+variable","","","","","2013-14;2017-18;2020-21"
"blade","BLADE","blade-table-17-employee-earning-and-hours-eeh","anzsco22_1_eeh","character",500,0,0,8,"2=201; 3=80; 4=57; 5=54; 1=47; 6=31; 7=16; 8=14","2; 3; 4; 5; 1; 6; 7; 8","no PLIDA metadata match by dataset+variable","","","","","2022-23"
"blade","BLADE","blade-table-17-employee-earning-and-hours-eeh","anzsco22_2_eeh","character",500,0,0,40,"25=126; 23=31; 13=28; 31=25; 42=21; 39=20; 59=20; 36=17; 41=13; 45=13; 61=13; 22=12","25; 23; 13; 31; 42; 39; 59; 36; 41; 45; 61; 22; 56; 21; 26; 62; 12; 14; 44; 63; 72; 27; 32; 55; 71; 83; 24; 34; 54; 35","no PLIDA metadata match by dataset+variable","","","","","2022-23"
"blade","BLADE","blade-table-17-employee-earning-and-hours-eeh","anzsco22_3_eeh","character",500,0,0,88,"253=57; 254=41; 251=20; 423=16; 599=15; 234=14; 311=13; 411=13; 399=12; 561=12; 621=10; 121=9","253; 254; 251; 423; 599; 234; 311; 411; 399; 561; 621; 121; 139; 451; 611; 252; 363; 721; 232; 312; 212; 233; 272; 362; 393; 442; 133; 134; 313; 552","no PLIDA metadata match by dataset+variable","","","","","2022-23"
"blade","BLADE","blade-table-17-employee-earning-and-hours-eeh","anzsco22_4_eeh","character",500,0,0,193,"2544=41; 2531=29; 2539=20; 2512=15; 4231=15; 4117=10; 5995=7; 1213=6; 6113=6; 1399=5; 2524=5; 2535=5","2544; 2531; 2539; 2512; 4231; 4117; 5995; 1213; 6113; 1399; 2524; 2535; 4422; 5611; 5911; 1311; 1342; 2124; 2721; 3113; 3114; 3511; 3625; 3631; 3632; 3995; 4518; 4524; 5523; 5999","no PLIDA metadata match by dataset+variable","","","","","2022-23"
"blade","BLADE","blade-table-17-employee-earning-and-hours-eeh","casload_eeh","integer",500,0,0,2,"0 / 0 / 0 / 0 / 1","0; 1","no PLIDA metadata match by dataset+variable","","","Casual loading payment indicator","0 = Not applicable (Owner manager of incorporated enterprise)","2011-12;2013-14;2017-18;2020-21;2022-23"
"blade","BLADE","blade-table-17-employee-earning-and-hours-eeh","eeh_version","character",500,0,0,1,"in217_v1=500","in217_v1","no PLIDA metadata match by dataset+variable","","","Integration version (internal ABS reference)","8 digit alphanumeric","2011-12;2013-14;2017-18;2020-21;2022-23"
"blade","BLADE","blade-table-17-employee-earning-and-hours-eeh","eid_eeh","character",500,0,0,500,"P00036723128598=1; P00036745183720=1; P00037023166202=1; P00037094148063=1; P00038647492234=1; P00038676207865=1; P00038850529547=1; P00038865566296=1; P00038891474614=1; P00038927795882=1; P00038966511543=1; P00038980869449=1","P00036723128598; P00036745183720; P00037023166202; P00037094148063; P00038647492234; P00038676207865; P00038850529547; P00038865566296; P00038891474614; P00038927795882; P00038966511543; P00038980869449; P00038987227150; P00039038548463; P00039084456841; P00039096851445; P00039312888797; P00039355815518; P00039387833966; P00040287837209; P00040375461981; P00040393801004; P00040400497674; P00040430800934; P00040457442970; P00040459177415; P00040473534597; P00040485874326; P00040498158456; P00040498231864","no PLIDA metadata match by dataset+variable","","","Identifier - deidentified employee indicator","15 digit alphanumeric","2011-12;2013-14;2017-18;2020-21;2022-23"
"blade","BLADE","blade-table-17-employee-earning-and-hours-eeh","empstate_eeh","integer",500,0,0,8,"1 / 1 / 2 / 3 / 8","1; 2; 3; 4; 5; 6; 7; 8","no PLIDA metadata match by dataset+variable","","","Total state employment for business","Number","2011-12;2013-14;2017-18;2020-21;2022-23"
"blade","BLADE","blade-table-17-employee-earning-and-hours-eeh","ftpt_eeh","integer",500,0,0,2,"1 / 1 / 1 / 1 / 2","1; 2","no PLIDA metadata match by dataset+variable","","","Full-time/Part-time status","1 = Full-time","2011-12;2013-14;2017-18;2020-21;2022-23"
"blade","BLADE","blade-table-17-employee-earning-and-hours-eeh","hovte_eeh","numeric",500,0,0,54,"0.00 / 0.00 / 0.00 / 0.00 / 35.73","","no PLIDA metadata match by dataset+variable","","","Hourly overtime cash earnings","Number ($)","2022-23"
"blade","BLADE","blade-table-17-employee-earning-and-hours-eeh","id","character",500,0,0,331,"E001200107=4; E021500716=4; E033901088=4; E040101274=4; E041301310=4; E004900218=3; E006900278=3; E007700302=3; E009700362=3; E010100374=3; E010300380=3; E010800395=3","E001200107; E021500716; E033901088; E040101274; E041301310; E004900218; E006900278; E007700302; E009700362; E010100374; E010300380; E010800395; E011000401; E011900428; E012000431; E013700482; E013800485; E015300530; E015900548; E020800695; E021200707; E022500746; E024300800; E026300860; E027300890; E028300920; E029600959; E030600989; E030900998; E031201007","no PLIDA metadata match by dataset+variable","","","id - deidentified unit_id | Identifier - deidentified unit_id | Identifier - de-identified unit ID","10 digit alphanumeric","2001-02;2002-03;2003-04;2004-05;2005-06;2006-07;2007-08;2008-09;2009-10;2010-11;2011-12;2012-13;2013-14;2014-15;2015-16;2016-17;2017-18;2018-19;2019-20;2020-21;2021-22;2022-23;2023-24;2024-25;2025-26 | 2001-02;2002-03;2003-04;2004-05;2005-06;2006-07;2007-08;2008-09;2009-10;2010-11;2011-12;2012-13;2013-14;2014-15;2015-16;2016-17;2017-18;2018-19;2019-20;2020-21 | 2005-06;2006-07;2007-08;2008-09;2009-10;2010-11;2011-12;2012-13;2013-14;2014-15;2015-16;2016-17;2017-18;2018-19;2019-20 | 2015-16 | 2020-21;2022-23 | 2021-22 | 2004-05;2005-06;2006-07;2007-08;2008-09;2009-10;2010-11;2011-12;2013-14;2015-16;2017-18;2019-20;2021-22 | 2008-09;2011-12;2012-13;2014-15;2016-17;2018-19;2020-21;2022-23 | 2006-07;2007-08;2008-09;2009-10;2010-11;2011-12;2012-13;2013-14;2014-15;2015-16;2016-17;2017-18;2018-19;2019-20;2020-21;2021-22;2022-23;2023-24 | 2008-09;2011-12;2017-18 | 2011-12;2013-14;2017-18;2020-21;2022-23 | 1996-97;1997-98;1998-99;1999-2000;2000-01;2001-02;2002-03;2003-04;2004-05;2005-06;2006-07;2007-08;2008-09;2009-10;2010-11;2011-12;2012-13;2013-14;2014-15;2015-16;2016-17;2017-18;2018-19;2019-20;2020-21;2021-22;2022-23;2023-24;2024-25;2025-26 | 2020-21 | 2014-15;2015-16;2016-17;2017-18;2018-19;2019-20;2020-21;2021-22;2022-23;2023-24;2024-25 | 2023-24 | 2011-12;2012-13;2013-14;2014-15;2015-16;2016-17;2017-18;2018-19;2019-20;2020-21;2021-22;2022-23;2023-24;2024-25 | 2004;2006;2008;2010;2012;2014;2016;2018;2020*;2022 | 2007-08;2008-09;2009-10;2010-11;2011-12;2012-13;2013-14;2014-15;2015-16;2016-17;2017-18;2018-19;2019-20 | 2011-12;2013-14;2015-16;2017-18;2019-20;2021-22 | 2017-18;2018-19;2019-20;2020-21;2021-22;2022-23;2023-24;2024-25;2025-26 | 2001-02;2002-03;2003-04;2004-05;2005-06;2006-07;2007-08;2008-09;2009-10;2010-11;2011-12;2012-13;2013-14;2014-15;2015-16;2016-17;2017-18;2018-19;2019-20;2020-21;2021-22;2022-23;2023-24;2024-25"
"blade","BLADE","blade-table-17-employee-earning-and-hours-eeh","manage_eeh","integer",500,0,0,2,"0 / 0 / 0 / 0 / 1","0; 1","no PLIDA metadata match by dataset+variable","","","Managerial status","1 = Managerial employee","2011-12;2013-14;2017-18;2020-21;2022-23"
"blade","BLADE","blade-table-17-employee-earning-and-hours-eeh","mannohrs_eeh","integer",500,0,0,2,"0 / 1 / 1 / 1 / 1","0; 1","no PLIDA metadata match by dataset+variable","","","Managerial hours-earnings link indicator","1 = Managerial employee with earnings not linked to hours paid for","2013-14;2017-18;2020-21;2022-23"
"blade","BLADE","blade-table-17-employee-earning-and-hours-eeh","mosp_eeh","integer",500,0,0,6,"1 / 2 / 3 / 5 / 6","1; 2; 3; 4; 5; 6","no PLIDA metadata match by dataset+variable","","","Method of setting pay (detailed)","1 = Award only","2011-12;2013-14;2017-18;2020-21;2022-23"
"blade","BLADE","blade-table-17-employee-earning-and-hours-eeh","ordwhpf_eeh","numeric",500,0,0,2,"8 / 36 / 36 / 36 / 36","36; 8","no PLIDA metadata match by dataset+variable","","","Weekly ordinary time hours paid for","Number","2011-12;2013-14;2017-18;2020-21;2022-23"
"blade","BLADE","blade-table-17-employee-earning-and-hours-eeh","ovtwhpf_eeh","numeric",500,0,0,2,"0 / 2 / 2 / 2 / 2","0; 2","no PLIDA metadata match by dataset+variable","","","Weekly overtime hours paid for","Number","2011-12;2013-14;2017-18;2020-21;2022-23"
"blade","BLADE","blade-table-17-employee-earning-and-hours-eeh","payfreq_eeh","character",500,0,0,1,"W=500","W","no PLIDA metadata match by dataset+variable","","","Pay frequency","1 = Weekly","2011-12;2013-14;2017-18;2020-21;2022-23"
"blade","BLADE","blade-table-17-employee-earning-and-hours-eeh","rop_eeh","character",500,0,0,1,"H=500","H","no PLIDA metadata match by dataset+variable","","","Rate of pay","1 = Adult rate","2013-14;2017-18;2020-21;2022-23"
"blade","BLADE","blade-table-17-employee-earning-and-hours-eeh","s_groupid_eeh","character",500,0,0,244,"BG0000000958=9; BG0000001000=8; BG0000000950=7; BG0000000992=7; BG0000001024=7; BG0000000934=6; BG0000000977=6; BG0000000980=6; BG0000001027=6; BG0000000937=5; BG0000000987=5; BG0000000994=5","BG0000000958; BG0000001000; BG0000000950; BG0000000992; BG0000001024; BG0000000934; BG0000000977; BG0000000980; BG0000001027; BG0000000937; BG0000000987; BG0000000994; BG0000000997; BG0000001007; BG0000001009; BG0000001020; BG0000001032; BG0000001037; BG0000000930; BG0000000947; BG0000000969; BG0000000986; BG0000001010; BG0000001012; BG0000001017; BG0000001041; E001200107; E033901088; BG0000000927; BG0000000932","no PLIDA metadata match by dataset+variable","","","Identifier - deidentified group identifier","10 digit alphanumeric","2011-12;2013-14;2017-18;2020-21;2022-23"
"blade","BLADE","blade-table-17-employee-earning-and-hours-eeh","sahote_eeh","numeric",500,0,0,483,"1.060 / 12.598 / 24.015 / 38.392 / 168.110","","no PLIDA metadata match by dataset+variable","","","Hourly ordinary time cash earnings","Number ($)","2022-23"
"blade","BLADE","blade-table-17-employee-earning-and-hours-eeh","sahte_eeh","numeric",500,0,0,483,"1.060 / 12.598 / 24.015 / 38.392 / 168.110","","no PLIDA metadata match by dataset+variable","","","Hourly total cash earnings","Number ($)","2022-23"
"blade","BLADE","blade-table-17-employee-earning-and-hours-eeh","sawote_eeh","numeric",500,0,0,496,"40.090 / 478.653 / 912.475 / 1458.880 / 6388.250","","no PLIDA metadata match by dataset+variable","","","Weekly ordinary time cash earnings","Number ($)","2011-12;2013-14;2017-18;2020-21;2022-23"
"blade","BLADE","blade-table-17-employee-earning-and-hours-eeh","sex_eeh","integer",500,0,0,2,"1 / 1 / 2 / 2 / 2","1; 2","no PLIDA metadata match by dataset+variable","","","Sex","1 = Male","2011-12;2013-14;2017-18;2020-21;2022-23"
"blade","BLADE","blade-table-17-employee-earning-and-hours-eeh","state_eeh","integer",500,0,0,8,"1 / 1 / 2 / 3 / 8","1; 2; 3; 4; 5; 6; 7; 8","no PLIDA metadata match by dataset+variable","","","State","1 = New South Wales","2011-12;2013-14;2017-18;2020-21;2022-23"
"blade","BLADE","blade-table-17-employee-earning-and-hours-eeh","stateops_eeh","integer",500,0,0,1,"1 / 1 / 1 / 1 / 1","1","no PLIDA metadata match by dataset+variable","","","All states of operations selection indicator","1 = All states of operation selected","2011-12;2013-14;2017-18;2020-21;2022-23"
"blade","BLADE","blade-table-17-employee-earning-and-hours-eeh","swte_eeh","numeric",500,0,0,496,"40.090 / 478.653 / 912.475 / 1458.880 / 6388.250","","no PLIDA metadata match by dataset+variable","","","Weekly total cash earnings","Number ($)","2011-12;2013-14;2017-18;2020-21;2022-23"
"blade","BLADE","blade-table-17-employee-earning-and-hours-eeh","totwhpf_eeh","numeric",500,0,0,2,"8 / 38 / 38 / 38 / 38","38; 8","no PLIDA metadata match by dataset+variable","","","Weekly total hours paid for","Number","2011-12;2013-14;2017-18;2020-21;2022-23"
"blade","BLADE","blade-table-17-employee-earning-and-hours-eeh","tsid","character",500,0,0,1,"23=500","23","no PLIDA metadata match by dataset+variable","","","Time series ID (last 2 digits of end year in a financial year) | Time series identifier (last 2 digits of end year in a financial year) | Time series ID (last 2 digits of end year in a financial year when application arrived for processing to the IP Australia system) | Time series identifier denoting the financial year in which the data was collected | Time series ID (last 2 digits of end year in a financial year when applicant registered R&D activites) | Time Series Identifier","2 digit numeric example: 2020/2021 = '21' | 2 digit numeric example: 2021/2022 = '22' | 2 digit numeric Example: 2020/2021 = '21' | 2 digit numeric example: 2023/2024 = '24' | 2 digit numeric | 2 digit numeric example: 2018/2019 = '19' | 2 digit numeric example: 2020-21 = '21' | 2 digit numeric example: 2019/2020 = '20'","2001-02;2002-03;2003-04;2004-05;2005-06;2006-07;2007-08;2008-09;2009-10;2010-11;2011-12;2012-13;2013-14;2014-15;2015-16;2016-17;2017-18;2018-19;2019-20;2020-21;2021-22;2022-23;2023-24;2024-25;2025-26 | 2001-02;2002-03;2003-04;2004-05;2005-06;2006-07;2007-08;2008-09;2009-10;2010-11;2011-12;2012-13;2013-14;2014-15;2015-16;2016-17;2017-18;2018-19;2019-20;2020-21 | 2010-11;2011-12;2012-13;2013-14;2014-15;2015-16;2016-17;2017-18;2018-19;2019-20;2020-21 | 2001-02;2002-03;2003-04;2004-05;2005-06;2006-07;2007-08;2008-09;2009-10;2010-11;2011-12;2012-13;2013-14;2014-15;2015-16;2016-17;2017-18;2018-19;2019-20;2020-21;2021-22;2022-23;2023-24;2024-25 | 2001-02;2002-03;2003-04;2004-05;2005-06;2006-07;2007-08;2008-09;2009-10;2010-11;2011-12;2012-13;2013-14;2014-15;2015-16;2016-17;2017-18;2018-19;2019-20;2020-21;2021-22;2022-23 | 2019-20;2020-21;2021-22;2022-23;2023-24;2024-25;2025-26 | 2020-21;2022-23 | 2021-22 | 2008-09;2011-12;2012-13;2014-15;2016-17;2018-19;2020-21;2022-23 | 2016-17;2017-18;2018-19;2019-20;2020-21;2021-22;2022-23;2023-24 | 2008-09;2011-12;2017-18 | 2011-12;2013-14;2017-18;2020-21;2022-23 | 1996-97;1997-98;1998-99;1999-2000;2000-01;2001-02;2002-03;2003-04;2004-05;2005-06;2006-07;2007-08;2008-09;2009-10;2010-11;2011-12;2012-13;2013-14;2014-15;2015-16;2016-17;2017-18;2018-19;2019-20;2020-21;2021-22;2022-23;2023-24;2024-25;2025-26 | 2014-15;2015-16;2016-17;2017-18;2018-19;2019-20;2020-21;2021-22;2022-23;2023-24;2024-25 | 2023-24 | 2011-12;2012-13;2013-14;2014-15;2015-16;2016-17;2017-18;2018-19;2019-20;2020-21;2021-22;2022-23;2023-24;2024-25 | 2001-02;2002-03;2003-04;2004-05;2005-06;2006-07;2007-08;2008-09;2009-10;2010-11;2011-12;2012-13;2013-14;2014-15;2015-16;2016-17;2017-18;2018-19;2019-20;2020-21;2021-22 | 2022-23;2023-24;2024-25 | 2000-01;2001-02;2002-03;2003-04;2004-05;2005-06;2006-07;2007-08;2008-09;2009-10;2010-11;2011-12;2012-13;2013-14;2014-15;2015-16;2016-17;2017-18;2018-19;2019-20;2020-21;2021-22;2022-23;2023-24;2024-25;2025-26 | 2000-01;2001-02;2002-03;2003-04;2004-05;2005-06;2006-07;2007-08;2008-09;2009-10;2010-11;2011-12;2012-13;2013-14;2014-15;2015-16;2016-17;2017-18;2018-19;2019-20;2020-21;2021-22;2022-23 | 2007-08;2008-09;2009-10;2010-11;2011-12;2012-13;2013-14;2014-15;2015-16;2016-17;2017-18;2018-19;2019-20 | 2015-16 | 2011-12;2013-14;2015-16;2017-18;2019-20;2021-22 | 2017-18;2018-19;2019-20;2020-21;2021-22;2022-23;2023-24;2024-25;2025-26 | 2010-11;2015-16;2020-21 | 2003-04;2004-05;2005-06;2006-07;2007-08;2008-09;2009-10;2010-11;2011-12;2012-13;2013-14;2014-15;2015-16;2016-17;2017-18;2018-19;2019-20;2020-21;2021-22;2022-23;2023-24;2024-25 | 2013-14;2014-15;2015-16;2016-17;2017-18;2018-19;2019-20;2020-21 | 2000-01;2001-02;2002-03;2003-04;2004-05;2005-06;2006-07;2007-08;2008-09;2009-10;2010-11;2011-12;2012-13;2013-14;2014-15;2015-16;2016-17;2017-18;2018-19;2019-20 | 2019-20;2020-21;2021-22;2022-23;2023-24;2024-25"
"blade","BLADE","blade-table-17-employee-earning-and-hours-eeh","typeemp_eeh","integer",500,0,0,2,"1 / 1 / 1 / 1 / 2","1; 2","no PLIDA metadata match by dataset+variable","","","Type of employee","0 = Not applicable (Owner manager of incorporated enterprise)","2011-12;2013-14;2017-18;2020-21;2022-23"
"blade","BLADE","blade-table-17-employee-earning-and-hours-eeh","wass_eeh","numeric",500,0,0,486,"1.200 / 14.358 / 27.375 / 43.765 / 191.650","","no PLIDA metadata match by dataset+variable","","","Weekly amounts salary sacrificed","Number ($)","2011-12;2013-14;2017-18;2020-21;2022-23"
"blade","BLADE","blade-table-17-employee-earning-and-hours-eeh","wovte_eeh","numeric",500,0,0,55,"0.00 / 0.00 / 0.00 / 0.00 / 135.78","","no PLIDA metadata match by dataset+variable","","","Weekly overtime cash earnings","Number ($)","2011-12;2013-14;2017-18;2020-21;2022-23"
"blade","BLADE","blade-table-27-business-birthdate","bd_version","character",500,0,0,1,"in267_v1=500","in267_v1","no PLIDA metadata match by dataset+variable","","","Integration version (internal ABS reference)","8 digit alphanumeric E.g. ""in150_v1""",""
"blade","BLADE","blade-table-27-business-birthdate","birth_date","character",500,22,4.4,30,"1993-94=52; 2001-02=50; 1992-93=14; 1997-98=14; 2000-01=14; 2004-05=14; 2005-06=14; 2006-07=14; 2009-10=14; 2011-12=14; 2013-14=14; 2016-17=14","1993-94; 2001-02; 1992-93; 1997-98; 2000-01; 2004-05; 2005-06; 2006-07; 2009-10; 2011-12; 2013-14; 2016-17; 2017-18; 2020-21; 2023-24; 1995-96; 1996-97; 1998-99; 2002-03; 2003-04; 2007-08; 2008-09; 2012-13; 2014-15; 2015-16; 2018-19; 2019-20; 2022-23; 2024-25; 1994-95","no PLIDA metadata match by dataset+variable","","","Birth Date (year)","7 digit character in financial year format Eg. 2001-02",""
"blade","BLADE","blade-table-27-business-birthdate","bn","character",500,0,0,500,"BN00001651499=1; BN00002651502=1; BN00003651505=1; BN00004651508=1; BN00005651511=1; BN00006651514=1; BN00007651517=1; BN00008651520=1; BN00009651523=1; BN00010651526=1; BN00011651529=1; BN00012651532=1","BN00001651499; BN00002651502; BN00003651505; BN00004651508; BN00005651511; BN00006651514; BN00007651517; BN00008651520; BN00009651523; BN00010651526; BN00011651529; BN00012651532; BN00013651535; BN00014651538; BN00015651541; BN00016651544; BN00017651547; BN00018651550; BN00019651553; BN00020651556; BN00021651559; BN00022651562; BN00023651565; BN00024651568; BN00025651571; BN00026651574; BN00027651577; BN00028651580; BN00029651583; BN00030651586","no PLIDA metadata match by dataset+variable","","","bn - deidentified ABN | Identifier - deidentified ABN | Identifier bn - deidentified ABN | De-identified ABN | Deidentified abn | Deidentified ABN | Identifier - deidentifed ABN | Identifier - deidentified abn | Identifier - deidentified ABN (Australian Business Number)","10 digit alphanumeric | 10 alphanumeric | 10 alphanumeric categorical | 10 digit alphanumeric Unknown = 9999999999","2001-02;2002-03;2003-04;2004-05;2005-06;2006-07;2007-08;2008-09;2009-10;2010-11;2011-12;2012-13;2013-14;2014-15;2015-16;2016-17;2017-18;2018-19;2019-20;2020-21;2021-22;2022-23;2023-24;2024-25;2025-26 | 2010-11;2011-12;2012-13;2013-14;2014-15;2015-16;2016-17;2017-18;2018-19;2019-20;2020-21 | 2001-02;2002-03;2003-04;2004-05;2005-06;2006-07;2007-08;2008-09;2009-10;2010-11;2011-12;2012-13;2013-14;2014-15;2015-16;2016-17;2017-18;2018-19;2019-20;2020-21;2021-22;2022-23;2023-24;2024-25 | 2001-02;2002-03;2003-04;2004-05;2005-06;2006-07;2007-08;2008-09;2009-10;2010-11;2011-12;2012-13;2013-14;2014-15;2015-16;2016-17;2017-18;2018-19;2019-20;2020-21;2021-22;2022-23 | 2019-20;2020-21;2021-22;2022-23;2023-24;2024-25;2025-26 | 2001-02;2002-03;2003-04;2004-05;2005-06;2006-07;2007-08;2008-09;2009-10;2010-11;2011-12;2012-13;2013-14;2014-15;2015-16;2016-17;2017-18;2018-19;2019-20;2020-21;2021-22 | 2022-23;2023-24;2024-25 | 2000-01;2001-02;2002-03;2003-04;2004-05;2005-06;2006-07;2007-08;2008-09;2009-10;2010-11;2011-12;2012-13;2013-14;2014-15;2015-16;2016-17;2017-18;2018-19;2019-20;2020-21;2021-22;2022-23 | 2010-11;2015-16;2020-21 | 2003-04;2004-05;2005-06;2006-07;2007-08;2008-09;2009-10;2010-11;2011-12;2012-13;2013-14;2014-15;2015-16;2016-17;2017-18;2018-19;2019-20;2020-21;2021-22;2022-23;2023-24;2024-25 | 2013-14;2014-15;2015-16;2016-17;2017-18;2018-19;2019-20;2020-21 | 2000-01;2001-02;2002-03;2003-04;2004-05;2005-06;2006-07;2007-08;2008-09;2009-10;2010-11;2011-12;2012-13;2013-14;2014-15;2015-16;2016-17;2017-18;2018-19;2019-20 | 2025 | 2019-20;2020-21;2021-22;2022-23;2023-24;2024-25"
