"product","variable","frame_id","source_sheet","source_url","source_release_date","workbook_sha256","supported","unsupported_reason"
"madipge-acld11-d-persons-11-16-21","ADCP_21","ACLD001","Person Related Data Items","https://www.abs.gov.au/statistics/microdata-tablebuilder/available-microdata-tablebuilder/australian-census-longitudinal-dataset/ACLD%202011_16_21%20detailed%20microdata.xlsx","2023-12-19","bd0945f639fa8e8dafd59ca0b63df0276a590616063e26619a0eef9852cbecad",TRUE,""
"madipge-acld11-d-persons-11-16-21","ADFP_21","ACLD002","Person Related Data Items","https://www.abs.gov.au/statistics/microdata-tablebuilder/available-microdata-tablebuilder/australian-census-longitudinal-dataset/ACLD%202011_16_21%20detailed%20microdata.xlsx","2023-12-19","bd0945f639fa8e8dafd59ca0b63df0276a590616063e26619a0eef9852cbecad",TRUE,""
"madipge-acld11-d-persons-11-16-21","AGEN_11","ACLD003","Continuous Variables","https://www.abs.gov.au/statistics/microdata-tablebuilder/available-microdata-tablebuilder/australian-census-longitudinal-dataset/ACLD%202011_16_21%20detailed%20microdata.xlsx","2023-12-19","bd0945f639fa8e8dafd59ca0b63df0276a590616063e26619a0eef9852cbecad",TRUE,""
"madipge-acld11-d-persons-11-16-21","AGEN_16","ACLD004","Continuous Variables","https://www.abs.gov.au/statistics/microdata-tablebuilder/available-microdata-tablebuilder/australian-census-longitudinal-dataset/ACLD%202011_16_21%20detailed%20microdata.xlsx","2023-12-19","bd0945f639fa8e8dafd59ca0b63df0276a590616063e26619a0eef9852cbecad",TRUE,""
"madipge-acld11-d-persons-11-16-21","AGEN_21","ACLD004","Continuous Variables","https://www.abs.gov.au/statistics/microdata-tablebuilder/available-microdata-tablebuilder/australian-census-longitudinal-dataset/ACLD%202011_16_21%20detailed%20microdata.xlsx","2023-12-19","bd0945f639fa8e8dafd59ca0b63df0276a590616063e26619a0eef9852cbecad",TRUE,""
"madipge-acld11-d-persons-11-16-21","AGEP_11","ACLD005","Person Related Data Items","https://www.abs.gov.au/statistics/microdata-tablebuilder/available-microdata-tablebuilder/australian-census-longitudinal-dataset/ACLD%202011_16_21%20detailed%20microdata.xlsx","2023-12-19","bd0945f639fa8e8dafd59ca0b63df0276a590616063e26619a0eef9852cbecad",TRUE,""
"madipge-acld11-d-persons-11-16-21","AGEP_16","ACLD005","Person Related Data Items","https://www.abs.gov.au/statistics/microdata-tablebuilder/available-microdata-tablebuilder/australian-census-longitudinal-dataset/ACLD%202011_16_21%20detailed%20microdata.xlsx","2023-12-19","bd0945f639fa8e8dafd59ca0b63df0276a590616063e26619a0eef9852cbecad",TRUE,""
"madipge-acld11-d-persons-11-16-21","AGEP_21","ACLD005","Person Related Data Items","https://www.abs.gov.au/statistics/microdata-tablebuilder/available-microdata-tablebuilder/australian-census-longitudinal-dataset/ACLD%202011_16_21%20detailed%20microdata.xlsx","2023-12-19","bd0945f639fa8e8dafd59ca0b63df0276a590616063e26619a0eef9852cbecad",TRUE,""
"madipge-acld11-d-persons-11-16-21","AGEP_FP_11","ACLD006","Female Parent Related Data","https://www.abs.gov.au/statistics/microdata-tablebuilder/available-microdata-tablebuilder/australian-census-longitudinal-dataset/ACLD%202011_16_21%20detailed%20microdata.xlsx","2023-12-19","bd0945f639fa8e8dafd59ca0b63df0276a590616063e26619a0eef9852cbecad",TRUE,""
"madipge-acld11-d-persons-11-16-21","AGEP_FP_16","ACLD006","Female Parent Related Data","https://www.abs.gov.au/statistics/microdata-tablebuilder/available-microdata-tablebuilder/australian-census-longitudinal-dataset/ACLD%202011_16_21%20detailed%20microdata.xlsx","2023-12-19","bd0945f639fa8e8dafd59ca0b63df0276a590616063e26619a0eef9852cbecad",TRUE,""
"madipge-acld11-d-persons-11-16-21","AGEP_FP_21","ACLD006","Female Parent Related Data","https://www.abs.gov.au/statistics/microdata-tablebuilder/available-microdata-tablebuilder/australian-census-longitudinal-dataset/ACLD%202011_16_21%20detailed%20microdata.xlsx","2023-12-19","bd0945f639fa8e8dafd59ca0b63df0276a590616063e26619a0eef9852cbecad",TRUE,""
"madipge-acld11-d-persons-11-16-21","AGEP_MP_11","ACLD006","Male Parent Related Data Items","https://www.abs.gov.au/statistics/microdata-tablebuilder/available-microdata-tablebuilder/australian-census-longitudinal-dataset/ACLD%202011_16_21%20detailed%20microdata.xlsx","2023-12-19","bd0945f639fa8e8dafd59ca0b63df0276a590616063e26619a0eef9852cbecad",TRUE,""
"madipge-acld11-d-persons-11-16-21","AGEP_MP_16","ACLD006","Male Parent Related Data Items","https://www.abs.gov.au/statistics/microdata-tablebuilder/available-microdata-tablebuilder/australian-census-longitudinal-dataset/ACLD%202011_16_21%20detailed%20microdata.xlsx","2023-12-19","bd0945f639fa8e8dafd59ca0b63df0276a590616063e26619a0eef9852cbecad",TRUE,""
"madipge-acld11-d-persons-11-16-21","AGEP_MP_21","ACLD006","Male Parent Related Data Items","https://www.abs.gov.au/statistics/microdata-tablebuilder/available-microdata-tablebuilder/australian-census-longitudinal-dataset/ACLD%202011_16_21%20detailed%20microdata.xlsx","2023-12-19","bd0945f639fa8e8dafd59ca0b63df0276a590616063e26619a0eef9852cbecad",TRUE,""
"madipge-acld11-d-persons-11-16-21","AGEP_SP_11","ACLD006","Spouse or Partner Data Items","https://www.abs.gov.au/statistics/microdata-tablebuilder/available-microdata-tablebuilder/australian-census-longitudinal-dataset/ACLD%202011_16_21%20detailed%20microdata.xlsx","2023-12-19","bd0945f639fa8e8dafd59ca0b63df0276a590616063e26619a0eef9852cbecad",TRUE,""
"madipge-acld11-d-persons-11-16-21","AGEP_SP_16","ACLD006","Spouse or Partner Data Items","https://www.abs.gov.au/statistics/microdata-tablebuilder/available-microdata-tablebuilder/australian-census-longitudinal-dataset/ACLD%202011_16_21%20detailed%20microdata.xlsx","2023-12-19","bd0945f639fa8e8dafd59ca0b63df0276a590616063e26619a0eef9852cbecad",TRUE,""
"madipge-acld11-d-persons-11-16-21","AGEP_SP_21","ACLD006","Spouse or Partner Data Items","https://www.abs.gov.au/statistics/microdata-tablebuilder/available-microdata-tablebuilder/australian-census-longitudinal-dataset/ACLD%202011_16_21%20detailed%20microdata.xlsx","2023-12-19","bd0945f639fa8e8dafd59ca0b63df0276a590616063e26619a0eef9852cbecad",TRUE,""
"madipge-acld11-d-persons-11-16-21","AGEYARP_11","ACLD007","Person Related Data Items","https://www.abs.gov.au/statistics/microdata-tablebuilder/available-microdata-tablebuilder/australian-census-longitudinal-dataset/ACLD%202011_16_21%20detailed%20microdata.xlsx","2023-12-19","bd0945f639fa8e8dafd59ca0b63df0276a590616063e26619a0eef9852cbecad",TRUE,""
"madipge-acld11-d-persons-11-16-21","AGEYARP_16","ACLD007","Person Related Data Items","https://www.abs.gov.au/statistics/microdata-tablebuilder/available-microdata-tablebuilder/australian-census-longitudinal-dataset/ACLD%202011_16_21%20detailed%20microdata.xlsx","2023-12-19","bd0945f639fa8e8dafd59ca0b63df0276a590616063e26619a0eef9852cbecad",TRUE,""
"madipge-acld11-d-persons-11-16-21","AGEYARP_21","ACLD007","Person Related Data Items","https://www.abs.gov.au/statistics/microdata-tablebuilder/available-microdata-tablebuilder/australian-census-longitudinal-dataset/ACLD%202011_16_21%20detailed%20microdata.xlsx","2023-12-19","bd0945f639fa8e8dafd59ca0b63df0276a590616063e26619a0eef9852cbecad",TRUE,""
"madipge-acld11-d-persons-11-16-21","ANC1P_11","ACLD008","Person Related Data Items","https://www.abs.gov.au/statistics/microdata-tablebuilder/available-microdata-tablebuilder/australian-census-longitudinal-dataset/ACLD%202011_16_21%20detailed%20microdata.xlsx","2023-12-19","bd0945f639fa8e8dafd59ca0b63df0276a590616063e26619a0eef9852cbecad",FALSE,"external_classification_reference_only"
"madipge-acld11-d-persons-11-16-21","ANC1P_16","ACLD009","Person Related Data Items","https://www.abs.gov.au/statistics/microdata-tablebuilder/available-microdata-tablebuilder/australian-census-longitudinal-dataset/ACLD%202011_16_21%20detailed%20microdata.xlsx","2023-12-19","bd0945f639fa8e8dafd59ca0b63df0276a590616063e26619a0eef9852cbecad",FALSE,"external_classification_reference_only"
"madipge-acld11-d-persons-11-16-21","ANC1P_21","ACLD010","Person Related Data Items","https://www.abs.gov.au/statistics/microdata-tablebuilder/available-microdata-tablebuilder/australian-census-longitudinal-dataset/ACLD%202011_16_21%20detailed%20microdata.xlsx","2023-12-19","bd0945f639fa8e8dafd59ca0b63df0276a590616063e26619a0eef9852cbecad",FALSE,"external_classification_reference_only"
"madipge-acld11-d-persons-11-16-21","ANC1P_FP_11","ACLD008","Female Parent Related Data","https://www.abs.gov.au/statistics/microdata-tablebuilder/available-microdata-tablebuilder/australian-census-longitudinal-dataset/ACLD%202011_16_21%20detailed%20microdata.xlsx","2023-12-19","bd0945f639fa8e8dafd59ca0b63df0276a590616063e26619a0eef9852cbecad",FALSE,"external_classification_reference_only"
"madipge-acld11-d-persons-11-16-21","ANC1P_FP_16","ACLD009","Female Parent Related Data","https://www.abs.gov.au/statistics/microdata-tablebuilder/available-microdata-tablebuilder/australian-census-longitudinal-dataset/ACLD%202011_16_21%20detailed%20microdata.xlsx","2023-12-19","bd0945f639fa8e8dafd59ca0b63df0276a590616063e26619a0eef9852cbecad",FALSE,"external_classification_reference_only"
"madipge-acld11-d-persons-11-16-21","ANC1P_FP_21","ACLD010","Female Parent Related Data","https://www.abs.gov.au/statistics/microdata-tablebuilder/available-microdata-tablebuilder/australian-census-longitudinal-dataset/ACLD%202011_16_21%20detailed%20microdata.xlsx","2023-12-19","bd0945f639fa8e8dafd59ca0b63df0276a590616063e26619a0eef9852cbecad",FALSE,"external_classification_reference_only"
"madipge-acld11-d-persons-11-16-21","ANC1P_MP_11","ACLD008","Male Parent Related Data Items","https://www.abs.gov.au/statistics/microdata-tablebuilder/available-microdata-tablebuilder/australian-census-longitudinal-dataset/ACLD%202011_16_21%20detailed%20microdata.xlsx","2023-12-19","bd0945f639fa8e8dafd59ca0b63df0276a590616063e26619a0eef9852cbecad",FALSE,"external_classification_reference_only"
"madipge-acld11-d-persons-11-16-21","ANC1P_MP_16","ACLD009","Male Parent Related Data Items","https://www.abs.gov.au/statistics/microdata-tablebuilder/available-microdata-tablebuilder/australian-census-longitudinal-dataset/ACLD%202011_16_21%20detailed%20microdata.xlsx","2023-12-19","bd0945f639fa8e8dafd59ca0b63df0276a590616063e26619a0eef9852cbecad",FALSE,"external_classification_reference_only"
"madipge-acld11-d-persons-11-16-21","ANC1P_MP_21","ACLD010","Male Parent Related Data Items","https://www.abs.gov.au/statistics/microdata-tablebuilder/available-microdata-tablebuilder/australian-census-longitudinal-dataset/ACLD%202011_16_21%20detailed%20microdata.xlsx","2023-12-19","bd0945f639fa8e8dafd59ca0b63df0276a590616063e26619a0eef9852cbecad",FALSE,"external_classification_reference_only"
"madipge-acld11-d-persons-11-16-21","ANC1P_SP_11","ACLD008","Spouse or Partner Data Items","https://www.abs.gov.au/statistics/microdata-tablebuilder/available-microdata-tablebuilder/australian-census-longitudinal-dataset/ACLD%202011_16_21%20detailed%20microdata.xlsx","2023-12-19","bd0945f639fa8e8dafd59ca0b63df0276a590616063e26619a0eef9852cbecad",FALSE,"external_classification_reference_only"
"madipge-acld11-d-persons-11-16-21","ANC1P_SP_16","ACLD009","Spouse or Partner Data Items","https://www.abs.gov.au/statistics/microdata-tablebuilder/available-microdata-tablebuilder/australian-census-longitudinal-dataset/ACLD%202011_16_21%20detailed%20microdata.xlsx","2023-12-19","bd0945f639fa8e8dafd59ca0b63df0276a590616063e26619a0eef9852cbecad",FALSE,"external_classification_reference_only"
"madipge-acld11-d-persons-11-16-21","ANC1P_SP_21","ACLD010","Spouse or Partner Data Items","https://www.abs.gov.au/statistics/microdata-tablebuilder/available-microdata-tablebuilder/australian-census-longitudinal-dataset/ACLD%202011_16_21%20detailed%20microdata.xlsx","2023-12-19","bd0945f639fa8e8dafd59ca0b63df0276a590616063e26619a0eef9852cbecad",FALSE,"external_classification_reference_only"
"madipge-acld11-d-persons-11-16-21","ANC2P_11","ACLD008","Person Related Data Items","https://www.abs.gov.au/statistics/microdata-tablebuilder/available-microdata-tablebuilder/australian-census-longitudinal-dataset/ACLD%202011_16_21%20detailed%20microdata.xlsx","2023-12-19","bd0945f639fa8e8dafd59ca0b63df0276a590616063e26619a0eef9852cbecad",FALSE,"external_classification_reference_only"
"madipge-acld11-d-persons-11-16-21","ANC2P_16","ACLD009","Person Related Data Items","https://www.abs.gov.au/statistics/microdata-tablebuilder/available-microdata-tablebuilder/australian-census-longitudinal-dataset/ACLD%202011_16_21%20detailed%20microdata.xlsx","2023-12-19","bd0945f639fa8e8dafd59ca0b63df0276a590616063e26619a0eef9852cbecad",FALSE,"external_classification_reference_only"
"madipge-acld11-d-persons-11-16-21","ANC2P_21","ACLD011","Person Related Data Items","https://www.abs.gov.au/statistics/microdata-tablebuilder/available-microdata-tablebuilder/australian-census-longitudinal-dataset/ACLD%202011_16_21%20detailed%20microdata.xlsx","2023-12-19","bd0945f639fa8e8dafd59ca0b63df0276a590616063e26619a0eef9852cbecad",FALSE,"external_classification_reference_only"
"madipge-acld11-d-persons-11-16-21","ANC2P_FP_11","ACLD008","Female Parent Related Data","https://www.abs.gov.au/statistics/microdata-tablebuilder/available-microdata-tablebuilder/australian-census-longitudinal-dataset/ACLD%202011_16_21%20detailed%20microdata.xlsx","2023-12-19","bd0945f639fa8e8dafd59ca0b63df0276a590616063e26619a0eef9852cbecad",FALSE,"external_classification_reference_only"
"madipge-acld11-d-persons-11-16-21","ANC2P_FP_16","ACLD009","Female Parent Related Data","https://www.abs.gov.au/statistics/microdata-tablebuilder/available-microdata-tablebuilder/australian-census-longitudinal-dataset/ACLD%202011_16_21%20detailed%20microdata.xlsx","2023-12-19","bd0945f639fa8e8dafd59ca0b63df0276a590616063e26619a0eef9852cbecad",FALSE,"external_classification_reference_only"
"madipge-acld11-d-persons-11-16-21","ANC2P_FP_21","ACLD011","Female Parent Related Data","https://www.abs.gov.au/statistics/microdata-tablebuilder/available-microdata-tablebuilder/australian-census-longitudinal-dataset/ACLD%202011_16_21%20detailed%20microdata.xlsx","2023-12-19","bd0945f639fa8e8dafd59ca0b63df0276a590616063e26619a0eef9852cbecad",FALSE,"external_classification_reference_only"
"madipge-acld11-d-persons-11-16-21","ANC2P_MP_11","ACLD008","Male Parent Related Data Items","https://www.abs.gov.au/statistics/microdata-tablebuilder/available-microdata-tablebuilder/australian-census-longitudinal-dataset/ACLD%202011_16_21%20detailed%20microdata.xlsx","2023-12-19","bd0945f639fa8e8dafd59ca0b63df0276a590616063e26619a0eef9852cbecad",FALSE,"external_classification_reference_only"
"madipge-acld11-d-persons-11-16-21","ANC2P_MP_16","ACLD009","Male Parent Related Data Items","https://www.abs.gov.au/statistics/microdata-tablebuilder/available-microdata-tablebuilder/australian-census-longitudinal-dataset/ACLD%202011_16_21%20detailed%20microdata.xlsx","2023-12-19","bd0945f639fa8e8dafd59ca0b63df0276a590616063e26619a0eef9852cbecad",FALSE,"external_classification_reference_only"
"madipge-acld11-d-persons-11-16-21","ANC2P_MP_21","ACLD011","Male Parent Related Data Items","https://www.abs.gov.au/statistics/microdata-tablebuilder/available-microdata-tablebuilder/australian-census-longitudinal-dataset/ACLD%202011_16_21%20detailed%20microdata.xlsx","2023-12-19","bd0945f639fa8e8dafd59ca0b63df0276a590616063e26619a0eef9852cbecad",FALSE,"external_classification_reference_only"
"madipge-acld11-d-persons-11-16-21","ANC2P_SP_11","ACLD008","Spouse or Partner Data Items","https://www.abs.gov.au/statistics/microdata-tablebuilder/available-microdata-tablebuilder/australian-census-longitudinal-dataset/ACLD%202011_16_21%20detailed%20microdata.xlsx","2023-12-19","bd0945f639fa8e8dafd59ca0b63df0276a590616063e26619a0eef9852cbecad",FALSE,"external_classification_reference_only"
"madipge-acld11-d-persons-11-16-21","ANC2P_SP_16","ACLD009","Spouse or Partner Data Items","https://www.abs.gov.au/statistics/microdata-tablebuilder/available-microdata-tablebuilder/australian-census-longitudinal-dataset/ACLD%202011_16_21%20detailed%20microdata.xlsx","2023-12-19","bd0945f639fa8e8dafd59ca0b63df0276a590616063e26619a0eef9852cbecad",FALSE,"external_classification_reference_only"
"madipge-acld11-d-persons-11-16-21","ANC2P_SP_21","ACLD011","Spouse or Partner Data Items","https://www.abs.gov.au/statistics/microdata-tablebuilder/available-microdata-tablebuilder/australian-census-longitudinal-dataset/ACLD%202011_16_21%20detailed%20microdata.xlsx","2023-12-19","bd0945f639fa8e8dafd59ca0b63df0276a590616063e26619a0eef9852cbecad",FALSE,"external_classification_reference_only"
"madipge-acld11-d-persons-11-16-21","AOCF_P_11","ACLD012","Family Related Data Items","https://www.abs.gov.au/statistics/microdata-tablebuilder/available-microdata-tablebuilder/australian-census-longitudinal-dataset/ACLD%202011_16_21%20detailed%20microdata.xlsx","2023-12-19","bd0945f639fa8e8dafd59ca0b63df0276a590616063e26619a0eef9852cbecad",TRUE,""
"madipge-acld11-d-persons-11-16-21","AOCF_P_16","ACLD012","Family Related Data Items","https://www.abs.gov.au/statistics/microdata-tablebuilder/available-microdata-tablebuilder/australian-census-longitudinal-dataset/ACLD%202011_16_21%20detailed%20microdata.xlsx","2023-12-19","bd0945f639fa8e8dafd59ca0b63df0276a590616063e26619a0eef9852cbecad",TRUE,""
"madipge-acld11-d-persons-11-16-21","AOCF_P_21","ACLD012","Family Related Data Items","https://www.abs.gov.au/statistics/microdata-tablebuilder/available-microdata-tablebuilder/australian-census-longitudinal-dataset/ACLD%202011_16_21%20detailed%20microdata.xlsx","2023-12-19","bd0945f639fa8e8dafd59ca0b63df0276a590616063e26619a0eef9852cbecad",TRUE,""
"madipge-acld11-d-persons-11-16-21","AOCF_S_P_11","ACLD013","Continuous Variables","https://www.abs.gov.au/statistics/microdata-tablebuilder/available-microdata-tablebuilder/australian-census-longitudinal-dataset/ACLD%202011_16_21%20detailed%20microdata.xlsx","2023-12-19","bd0945f639fa8e8dafd59ca0b63df0276a590616063e26619a0eef9852cbecad",TRUE,""
"madipge-acld11-d-persons-11-16-21","AOCF_S_P_16","ACLD013","Continuous Variables","https://www.abs.gov.au/statistics/microdata-tablebuilder/available-microdata-tablebuilder/australian-census-longitudinal-dataset/ACLD%202011_16_21%20detailed%20microdata.xlsx","2023-12-19","bd0945f639fa8e8dafd59ca0b63df0276a590616063e26619a0eef9852cbecad",TRUE,""
"madipge-acld11-d-persons-11-16-21","AOCF_S_P_21","ACLD013","Continuous Variables","https://www.abs.gov.au/statistics/microdata-tablebuilder/available-microdata-tablebuilder/australian-census-longitudinal-dataset/ACLD%202011_16_21%20detailed%20microdata.xlsx","2023-12-19","bd0945f639fa8e8dafd59ca0b63df0276a590616063e26619a0eef9852cbecad",TRUE,""
"madipge-acld11-d-persons-11-16-21","AOCH_P_11","ACLD014","Household Related Data Items","https://www.abs.gov.au/statistics/microdata-tablebuilder/available-microdata-tablebuilder/australian-census-longitudinal-dataset/ACLD%202011_16_21%20detailed%20microdata.xlsx","2023-12-19","bd0945f639fa8e8dafd59ca0b63df0276a590616063e26619a0eef9852cbecad",TRUE,""
"madipge-acld11-d-persons-11-16-21","AOCH_P_16","ACLD014","Household Related Data Items","https://www.abs.gov.au/statistics/microdata-tablebuilder/available-microdata-tablebuilder/australian-census-longitudinal-dataset/ACLD%202011_16_21%20detailed%20microdata.xlsx","2023-12-19","bd0945f639fa8e8dafd59ca0b63df0276a590616063e26619a0eef9852cbecad",TRUE,""
"madipge-acld11-d-persons-11-16-21","AOCH_P_21","ACLD014","Household Related Data Items","https://www.abs.gov.au/statistics/microdata-tablebuilder/available-microdata-tablebuilder/australian-census-longitudinal-dataset/ACLD%202011_16_21%20detailed%20microdata.xlsx","2023-12-19","bd0945f639fa8e8dafd59ca0b63df0276a590616063e26619a0eef9852cbecad",TRUE,""
"madipge-acld11-d-persons-11-16-21","AOPASSNF_P_11","ACLD015","Family Related Data Items","https://www.abs.gov.au/statistics/microdata-tablebuilder/available-microdata-tablebuilder/australian-census-longitudinal-dataset/ACLD%202011_16_21%20detailed%20microdata.xlsx","2023-12-19","bd0945f639fa8e8dafd59ca0b63df0276a590616063e26619a0eef9852cbecad",TRUE,""
"madipge-acld11-d-persons-11-16-21","AOPASSNF_P_16","ACLD015","Family Related Data Items","https://www.abs.gov.au/statistics/microdata-tablebuilder/available-microdata-tablebuilder/australian-census-longitudinal-dataset/ACLD%202011_16_21%20detailed%20microdata.xlsx","2023-12-19","bd0945f639fa8e8dafd59ca0b63df0276a590616063e26619a0eef9852cbecad",TRUE,""
"madipge-acld11-d-persons-11-16-21","AOPASSNF_P_21","ACLD015","Family Related Data Items","https://www.abs.gov.au/statistics/microdata-tablebuilder/available-microdata-tablebuilder/australian-census-longitudinal-dataset/ACLD%202011_16_21%20detailed%20microdata.xlsx","2023-12-19","bd0945f639fa8e8dafd59ca0b63df0276a590616063e26619a0eef9852cbecad",TRUE,""
"madipge-acld11-d-persons-11-16-21","AOPASSNF_S_P_11","ACLD016","Continuous Variables","https://www.abs.gov.au/statistics/microdata-tablebuilder/available-microdata-tablebuilder/australian-census-longitudinal-dataset/ACLD%202011_16_21%20detailed%20microdata.xlsx","2023-12-19","bd0945f639fa8e8dafd59ca0b63df0276a590616063e26619a0eef9852cbecad",TRUE,""
"madipge-acld11-d-persons-11-16-21","AOPASSNF_S_P_16","ACLD016","Continuous Variables","https://www.abs.gov.au/statistics/microdata-tablebuilder/available-microdata-tablebuilder/australian-census-longitudinal-dataset/ACLD%202011_16_21%20detailed%20microdata.xlsx","2023-12-19","bd0945f639fa8e8dafd59ca0b63df0276a590616063e26619a0eef9852cbecad",TRUE,""
"madipge-acld11-d-persons-11-16-21","AOPASSNF_S_P_21","ACLD016","Continuous Variables","https://www.abs.gov.au/statistics/microdata-tablebuilder/available-microdata-tablebuilder/australian-census-longitudinal-dataset/ACLD%202011_16_21%20detailed%20microdata.xlsx","2023-12-19","bd0945f639fa8e8dafd59ca0b63df0276a590616063e26619a0eef9852cbecad",TRUE,""
"madipge-acld11-d-persons-11-16-21","AOPF_P_11","ACLD017","Family Related Data Items","https://www.abs.gov.au/statistics/microdata-tablebuilder/available-microdata-tablebuilder/australian-census-longitudinal-dataset/ACLD%202011_16_21%20detailed%20microdata.xlsx","2023-12-19","bd0945f639fa8e8dafd59ca0b63df0276a590616063e26619a0eef9852cbecad",TRUE,""
"madipge-acld11-d-persons-11-16-21","AOPF_P_16","ACLD017","Family Related Data Items","https://www.abs.gov.au/statistics/microdata-tablebuilder/available-microdata-tablebuilder/australian-census-longitudinal-dataset/ACLD%202011_16_21%20detailed%20microdata.xlsx","2023-12-19","bd0945f639fa8e8dafd59ca0b63df0276a590616063e26619a0eef9852cbecad",TRUE,""
"madipge-acld11-d-persons-11-16-21","AOPF_P_21","ACLD017","Family Related Data Items","https://www.abs.gov.au/statistics/microdata-tablebuilder/available-microdata-tablebuilder/australian-census-longitudinal-dataset/ACLD%202011_16_21%20detailed%20microdata.xlsx","2023-12-19","bd0945f639fa8e8dafd59ca0b63df0276a590616063e26619a0eef9852cbecad",TRUE,""
"madipge-acld11-d-persons-11-16-21","AOPF_S_P_11","ACLD016","Continuous Variables","https://www.abs.gov.au/statistics/microdata-tablebuilder/available-microdata-tablebuilder/australian-census-longitudinal-dataset/ACLD%202011_16_21%20detailed%20microdata.xlsx","2023-12-19","bd0945f639fa8e8dafd59ca0b63df0276a590616063e26619a0eef9852cbecad",TRUE,""
"madipge-acld11-d-persons-11-16-21","AOPF_S_P_16","ACLD016","Continuous Variables","https://www.abs.gov.au/statistics/microdata-tablebuilder/available-microdata-tablebuilder/australian-census-longitudinal-dataset/ACLD%202011_16_21%20detailed%20microdata.xlsx","2023-12-19","bd0945f639fa8e8dafd59ca0b63df0276a590616063e26619a0eef9852cbecad",TRUE,""
"madipge-acld11-d-persons-11-16-21","AOPF_S_P_21","ACLD016","Continuous Variables","https://www.abs.gov.au/statistics/microdata-tablebuilder/available-microdata-tablebuilder/australian-census-longitudinal-dataset/ACLD%202011_16_21%20detailed%20microdata.xlsx","2023-12-19","bd0945f639fa8e8dafd59ca0b63df0276a590616063e26619a0eef9852cbecad",TRUE,""
"madipge-acld11-d-persons-11-16-21","AOPH_P_11","ACLD006","Household Related Data Items","https://www.abs.gov.au/statistics/microdata-tablebuilder/available-microdata-tablebuilder/australian-census-longitudinal-dataset/ACLD%202011_16_21%20detailed%20microdata.xlsx","2023-12-19","bd0945f639fa8e8dafd59ca0b63df0276a590616063e26619a0eef9852cbecad",TRUE,""
"madipge-acld11-d-persons-11-16-21","AOPH_P_16","ACLD006","Household Related Data Items","https://www.abs.gov.au/statistics/microdata-tablebuilder/available-microdata-tablebuilder/australian-census-longitudinal-dataset/ACLD%202011_16_21%20detailed%20microdata.xlsx","2023-12-19","bd0945f639fa8e8dafd59ca0b63df0276a590616063e26619a0eef9852cbecad",TRUE,""
"madipge-acld11-d-persons-11-16-21","AOPH_P_21","ACLD006","Household Related Data Items","https://www.abs.gov.au/statistics/microdata-tablebuilder/available-microdata-tablebuilder/australian-census-longitudinal-dataset/ACLD%202011_16_21%20detailed%20microdata.xlsx","2023-12-19","bd0945f639fa8e8dafd59ca0b63df0276a590616063e26619a0eef9852cbecad",TRUE,""
"madipge-acld11-d-persons-11-16-21","ASSNP_11","ACLD018","Person Related Data Items","https://www.abs.gov.au/statistics/microdata-tablebuilder/available-microdata-tablebuilder/australian-census-longitudinal-dataset/ACLD%202011_16_21%20detailed%20microdata.xlsx","2023-12-19","bd0945f639fa8e8dafd59ca0b63df0276a590616063e26619a0eef9852cbecad",TRUE,""
"madipge-acld11-d-persons-11-16-21","ASSNP_16","ACLD018","Person Related Data Items","https://www.abs.gov.au/statistics/microdata-tablebuilder/available-microdata-tablebuilder/australian-census-longitudinal-dataset/ACLD%202011_16_21%20detailed%20microdata.xlsx","2023-12-19","bd0945f639fa8e8dafd59ca0b63df0276a590616063e26619a0eef9852cbecad",TRUE,""
"madipge-acld11-d-persons-11-16-21","ASSNP_21","ACLD018","Person Related Data Items","https://www.abs.gov.au/statistics/microdata-tablebuilder/available-microdata-tablebuilder/australian-census-longitudinal-dataset/ACLD%202011_16_21%20detailed%20microdata.xlsx","2023-12-19","bd0945f639fa8e8dafd59ca0b63df0276a590616063e26619a0eef9852cbecad",TRUE,""
"madipge-acld11-d-persons-11-16-21","ASSNP_FP_11","ACLD019","Female Parent Related Data","https://www.abs.gov.au/statistics/microdata-tablebuilder/available-microdata-tablebuilder/australian-census-longitudinal-dataset/ACLD%202011_16_21%20detailed%20microdata.xlsx","2023-12-19","bd0945f639fa8e8dafd59ca0b63df0276a590616063e26619a0eef9852cbecad",TRUE,""
"madipge-acld11-d-persons-11-16-21","ASSNP_FP_16","ACLD019","Female Parent Related Data","https://www.abs.gov.au/statistics/microdata-tablebuilder/available-microdata-tablebuilder/australian-census-longitudinal-dataset/ACLD%202011_16_21%20detailed%20microdata.xlsx","2023-12-19","bd0945f639fa8e8dafd59ca0b63df0276a590616063e26619a0eef9852cbecad",TRUE,""
"madipge-acld11-d-persons-11-16-21","ASSNP_FP_21","ACLD019","Female Parent Related Data","https://www.abs.gov.au/statistics/microdata-tablebuilder/available-microdata-tablebuilder/australian-census-longitudinal-dataset/ACLD%202011_16_21%20detailed%20microdata.xlsx","2023-12-19","bd0945f639fa8e8dafd59ca0b63df0276a590616063e26619a0eef9852cbecad",TRUE,""
"madipge-acld11-d-persons-11-16-21","ASSNP_MP_11","ACLD019","Male Parent Related Data Items","https://www.abs.gov.au/statistics/microdata-tablebuilder/available-microdata-tablebuilder/australian-census-longitudinal-dataset/ACLD%202011_16_21%20detailed%20microdata.xlsx","2023-12-19","bd0945f639fa8e8dafd59ca0b63df0276a590616063e26619a0eef9852cbecad",TRUE,""
"madipge-acld11-d-persons-11-16-21","ASSNP_MP_16","ACLD019","Male Parent Related Data Items","https://www.abs.gov.au/statistics/microdata-tablebuilder/available-microdata-tablebuilder/australian-census-longitudinal-dataset/ACLD%202011_16_21%20detailed%20microdata.xlsx","2023-12-19","bd0945f639fa8e8dafd59ca0b63df0276a590616063e26619a0eef9852cbecad",TRUE,""
"madipge-acld11-d-persons-11-16-21","ASSNP_MP_21","ACLD019","Male Parent Related Data Items","https://www.abs.gov.au/statistics/microdata-tablebuilder/available-microdata-tablebuilder/australian-census-longitudinal-dataset/ACLD%202011_16_21%20detailed%20microdata.xlsx","2023-12-19","bd0945f639fa8e8dafd59ca0b63df0276a590616063e26619a0eef9852cbecad",TRUE,""
"madipge-acld11-d-persons-11-16-21","ASSNP_SP_11","ACLD019","Spouse or Partner Data Items","https://www.abs.gov.au/statistics/microdata-tablebuilder/available-microdata-tablebuilder/australian-census-longitudinal-dataset/ACLD%202011_16_21%20detailed%20microdata.xlsx","2023-12-19","bd0945f639fa8e8dafd59ca0b63df0276a590616063e26619a0eef9852cbecad",TRUE,""
"madipge-acld11-d-persons-11-16-21","ASSNP_SP_16","ACLD019","Spouse or Partner Data Items","https://www.abs.gov.au/statistics/microdata-tablebuilder/available-microdata-tablebuilder/australian-census-longitudinal-dataset/ACLD%202011_16_21%20detailed%20microdata.xlsx","2023-12-19","bd0945f639fa8e8dafd59ca0b63df0276a590616063e26619a0eef9852cbecad",TRUE,""
"madipge-acld11-d-persons-11-16-21","ASSNP_SP_21","ACLD019","Spouse or Partner Data Items","https://www.abs.gov.au/statistics/microdata-tablebuilder/available-microdata-tablebuilder/australian-census-longitudinal-dataset/ACLD%202011_16_21%20detailed%20microdata.xlsx","2023-12-19","bd0945f639fa8e8dafd59ca0b63df0276a590616063e26619a0eef9852cbecad",TRUE,""
"madipge-acld11-d-persons-11-16-21","AYCF_P_11","ACLD012","Family Related Data Items","https://www.abs.gov.au/statistics/microdata-tablebuilder/available-microdata-tablebuilder/australian-census-longitudinal-dataset/ACLD%202011_16_21%20detailed%20microdata.xlsx","2023-12-19","bd0945f639fa8e8dafd59ca0b63df0276a590616063e26619a0eef9852cbecad",TRUE,""
"madipge-acld11-d-persons-11-16-21","AYCF_P_16","ACLD012","Family Related Data Items","https://www.abs.gov.au/statistics/microdata-tablebuilder/available-microdata-tablebuilder/australian-census-longitudinal-dataset/ACLD%202011_16_21%20detailed%20microdata.xlsx","2023-12-19","bd0945f639fa8e8dafd59ca0b63df0276a590616063e26619a0eef9852cbecad",TRUE,""
"madipge-acld11-d-persons-11-16-21","AYCF_P_21","ACLD012","Family Related Data Items","https://www.abs.gov.au/statistics/microdata-tablebuilder/available-microdata-tablebuilder/australian-census-longitudinal-dataset/ACLD%202011_16_21%20detailed%20microdata.xlsx","2023-12-19","bd0945f639fa8e8dafd59ca0b63df0276a590616063e26619a0eef9852cbecad",TRUE,""
"madipge-acld11-d-persons-11-16-21","AYCF_S_P_11","ACLD013","Continuous Variables","https://www.abs.gov.au/statistics/microdata-tablebuilder/available-microdata-tablebuilder/australian-census-longitudinal-dataset/ACLD%202011_16_21%20detailed%20microdata.xlsx","2023-12-19","bd0945f639fa8e8dafd59ca0b63df0276a590616063e26619a0eef9852cbecad",TRUE,""
"madipge-acld11-d-persons-11-16-21","AYCF_S_P_16","ACLD013","Continuous Variables","https://www.abs.gov.au/statistics/microdata-tablebuilder/available-microdata-tablebuilder/australian-census-longitudinal-dataset/ACLD%202011_16_21%20detailed%20microdata.xlsx","2023-12-19","bd0945f639fa8e8dafd59ca0b63df0276a590616063e26619a0eef9852cbecad",TRUE,""
"madipge-acld11-d-persons-11-16-21","AYCF_S_P_21","ACLD013","Continuous Variables","https://www.abs.gov.au/statistics/microdata-tablebuilder/available-microdata-tablebuilder/australian-census-longitudinal-dataset/ACLD%202011_16_21%20detailed%20microdata.xlsx","2023-12-19","bd0945f639fa8e8dafd59ca0b63df0276a590616063e26619a0eef9852cbecad",TRUE,""
"madipge-acld11-d-persons-11-16-21","AYPASSNF_P_11","ACLD015","Family Related Data Items","https://www.abs.gov.au/statistics/microdata-tablebuilder/available-microdata-tablebuilder/australian-census-longitudinal-dataset/ACLD%202011_16_21%20detailed%20microdata.xlsx","2023-12-19","bd0945f639fa8e8dafd59ca0b63df0276a590616063e26619a0eef9852cbecad",TRUE,""
"madipge-acld11-d-persons-11-16-21","AYPASSNF_P_16","ACLD015","Family Related Data Items","https://www.abs.gov.au/statistics/microdata-tablebuilder/available-microdata-tablebuilder/australian-census-longitudinal-dataset/ACLD%202011_16_21%20detailed%20microdata.xlsx","2023-12-19","bd0945f639fa8e8dafd59ca0b63df0276a590616063e26619a0eef9852cbecad",TRUE,""
"madipge-acld11-d-persons-11-16-21","AYPASSNF_P_21","ACLD015","Family Related Data Items","https://www.abs.gov.au/statistics/microdata-tablebuilder/available-microdata-tablebuilder/australian-census-longitudinal-dataset/ACLD%202011_16_21%20detailed%20microdata.xlsx","2023-12-19","bd0945f639fa8e8dafd59ca0b63df0276a590616063e26619a0eef9852cbecad",TRUE,""
"madipge-acld11-d-persons-11-16-21","AYPASSNF_S_P_11","ACLD016","Continuous Variables","https://www.abs.gov.au/statistics/microdata-tablebuilder/available-microdata-tablebuilder/australian-census-longitudinal-dataset/ACLD%202011_16_21%20detailed%20microdata.xlsx","2023-12-19","bd0945f639fa8e8dafd59ca0b63df0276a590616063e26619a0eef9852cbecad",TRUE,""
"madipge-acld11-d-persons-11-16-21","AYPASSNF_S_P_16","ACLD016","Continuous Variables","https://www.abs.gov.au/statistics/microdata-tablebuilder/available-microdata-tablebuilder/australian-census-longitudinal-dataset/ACLD%202011_16_21%20detailed%20microdata.xlsx","2023-12-19","bd0945f639fa8e8dafd59ca0b63df0276a590616063e26619a0eef9852cbecad",TRUE,""
"madipge-acld11-d-persons-11-16-21","AYPASSNF_S_P_21","ACLD016","Continuous Variables","https://www.abs.gov.au/statistics/microdata-tablebuilder/available-microdata-tablebuilder/australian-census-longitudinal-dataset/ACLD%202011_16_21%20detailed%20microdata.xlsx","2023-12-19","bd0945f639fa8e8dafd59ca0b63df0276a590616063e26619a0eef9852cbecad",TRUE,""
"madipge-acld11-d-persons-11-16-21","AYPF_P_11","ACLD020","Family Related Data Items","https://www.abs.gov.au/statistics/microdata-tablebuilder/available-microdata-tablebuilder/australian-census-longitudinal-dataset/ACLD%202011_16_21%20detailed%20microdata.xlsx","2023-12-19","bd0945f639fa8e8dafd59ca0b63df0276a590616063e26619a0eef9852cbecad",TRUE,""
"madipge-acld11-d-persons-11-16-21","AYPF_P_16","ACLD020","Family Related Data Items","https://www.abs.gov.au/statistics/microdata-tablebuilder/available-microdata-tablebuilder/australian-census-longitudinal-dataset/ACLD%202011_16_21%20detailed%20microdata.xlsx","2023-12-19","bd0945f639fa8e8dafd59ca0b63df0276a590616063e26619a0eef9852cbecad",TRUE,""
"madipge-acld11-d-persons-11-16-21","AYPF_P_21","ACLD020","Family Related Data Items","https://www.abs.gov.au/statistics/microdata-tablebuilder/available-microdata-tablebuilder/australian-census-longitudinal-dataset/ACLD%202011_16_21%20detailed%20microdata.xlsx","2023-12-19","bd0945f639fa8e8dafd59ca0b63df0276a590616063e26619a0eef9852cbecad",TRUE,""
"madipge-acld11-d-persons-11-16-21","AYPF_S_P_11","ACLD016","Continuous Variables","https://www.abs.gov.au/statistics/microdata-tablebuilder/available-microdata-tablebuilder/australian-census-longitudinal-dataset/ACLD%202011_16_21%20detailed%20microdata.xlsx","2023-12-19","bd0945f639fa8e8dafd59ca0b63df0276a590616063e26619a0eef9852cbecad",TRUE,""
"madipge-acld11-d-persons-11-16-21","AYPF_S_P_16","ACLD016","Continuous Variables","https://www.abs.gov.au/statistics/microdata-tablebuilder/available-microdata-tablebuilder/australian-census-longitudinal-dataset/ACLD%202011_16_21%20detailed%20microdata.xlsx","2023-12-19","bd0945f639fa8e8dafd59ca0b63df0276a590616063e26619a0eef9852cbecad",TRUE,""
"madipge-acld11-d-persons-11-16-21","AYPF_S_P_21","ACLD016","Continuous Variables","https://www.abs.gov.au/statistics/microdata-tablebuilder/available-microdata-tablebuilder/australian-census-longitudinal-dataset/ACLD%202011_16_21%20detailed%20microdata.xlsx","2023-12-19","bd0945f639fa8e8dafd59ca0b63df0276a590616063e26619a0eef9852cbecad",TRUE,""
"madipge-acld11-d-persons-11-16-21","AYPH_P_11","ACLD020","Household Related Data Items","https://www.abs.gov.au/statistics/microdata-tablebuilder/available-microdata-tablebuilder/australian-census-longitudinal-dataset/ACLD%202011_16_21%20detailed%20microdata.xlsx","2023-12-19","bd0945f639fa8e8dafd59ca0b63df0276a590616063e26619a0eef9852cbecad",TRUE,""
"madipge-acld11-d-persons-11-16-21","AYPH_P_16","ACLD020","Household Related Data Items","https://www.abs.gov.au/statistics/microdata-tablebuilder/available-microdata-tablebuilder/australian-census-longitudinal-dataset/ACLD%202011_16_21%20detailed%20microdata.xlsx","2023-12-19","bd0945f639fa8e8dafd59ca0b63df0276a590616063e26619a0eef9852cbecad",TRUE,""
"madipge-acld11-d-persons-11-16-21","AYPH_P_21","ACLD020","Household Related Data Items","https://www.abs.gov.au/statistics/microdata-tablebuilder/available-microdata-tablebuilder/australian-census-longitudinal-dataset/ACLD%202011_16_21%20detailed%20microdata.xlsx","2023-12-19","bd0945f639fa8e8dafd59ca0b63df0276a590616063e26619a0eef9852cbecad",TRUE,""
"madipge-acld11-d-persons-11-16-21","BEDRD_P_11","ACLD021","Dwelling Related Data Items","https://www.abs.gov.au/statistics/microdata-tablebuilder/available-microdata-tablebuilder/australian-census-longitudinal-dataset/ACLD%202011_16_21%20detailed%20microdata.xlsx","2023-12-19","bd0945f639fa8e8dafd59ca0b63df0276a590616063e26619a0eef9852cbecad",TRUE,""
"madipge-acld11-d-persons-11-16-21","BEDRD_P_16","ACLD021","Dwelling Related Data Items","https://www.abs.gov.au/statistics/microdata-tablebuilder/available-microdata-tablebuilder/australian-census-longitudinal-dataset/ACLD%202011_16_21%20detailed%20microdata.xlsx","2023-12-19","bd0945f639fa8e8dafd59ca0b63df0276a590616063e26619a0eef9852cbecad",TRUE,""
"madipge-acld11-d-persons-11-16-21","BEDRD_P_21","ACLD021","Dwelling Related Data Items","https://www.abs.gov.au/statistics/microdata-tablebuilder/available-microdata-tablebuilder/australian-census-longitudinal-dataset/ACLD%202011_16_21%20detailed%20microdata.xlsx","2023-12-19","bd0945f639fa8e8dafd59ca0b63df0276a590616063e26619a0eef9852cbecad",TRUE,""
"madipge-acld11-d-persons-11-16-21","BPFP_11","ACLD022","Person Related Data Items","https://www.abs.gov.au/statistics/microdata-tablebuilder/available-microdata-tablebuilder/australian-census-longitudinal-dataset/ACLD%202011_16_21%20detailed%20microdata.xlsx","2023-12-19","bd0945f639fa8e8dafd59ca0b63df0276a590616063e26619a0eef9852cbecad",TRUE,""
"madipge-acld11-d-persons-11-16-21","BPFP_16","ACLD022","Person Related Data Items","https://www.abs.gov.au/statistics/microdata-tablebuilder/available-microdata-tablebuilder/australian-census-longitudinal-dataset/ACLD%202011_16_21%20detailed%20microdata.xlsx","2023-12-19","bd0945f639fa8e8dafd59ca0b63df0276a590616063e26619a0eef9852cbecad",TRUE,""
"madipge-acld11-d-persons-11-16-21","BPFP_21","ACLD022","Person Related Data Items","https://www.abs.gov.au/statistics/microdata-tablebuilder/available-microdata-tablebuilder/australian-census-longitudinal-dataset/ACLD%202011_16_21%20detailed%20microdata.xlsx","2023-12-19","bd0945f639fa8e8dafd59ca0b63df0276a590616063e26619a0eef9852cbecad",TRUE,""
"madipge-acld11-d-persons-11-16-21","BPFPR_16","ACLD023","Person Related Data Items","https://www.abs.gov.au/statistics/microdata-tablebuilder/available-microdata-tablebuilder/australian-census-longitudinal-dataset/ACLD%202011_16_21%20detailed%20microdata.xlsx","2023-12-19","bd0945f639fa8e8dafd59ca0b63df0276a590616063e26619a0eef9852cbecad",FALSE,"external_classification_reference_only"
"madipge-acld11-d-persons-11-16-21","BPFPR_21","ACLD024","Person Related Data Items","https://www.abs.gov.au/statistics/microdata-tablebuilder/available-microdata-tablebuilder/australian-census-longitudinal-dataset/ACLD%202011_16_21%20detailed%20microdata.xlsx","2023-12-19","bd0945f639fa8e8dafd59ca0b63df0276a590616063e26619a0eef9852cbecad",FALSE,"external_classification_reference_only"
"madipge-acld11-d-persons-11-16-21","BPLH_P_11","ACLD025","Household Related Data Items","https://www.abs.gov.au/statistics/microdata-tablebuilder/available-microdata-tablebuilder/australian-census-longitudinal-dataset/ACLD%202011_16_21%20detailed%20microdata.xlsx","2023-12-19","bd0945f639fa8e8dafd59ca0b63df0276a590616063e26619a0eef9852cbecad",TRUE,""
"madipge-acld11-d-persons-11-16-21","BPLH_P_16","ACLD025","Household Related Data Items","https://www.abs.gov.au/statistics/microdata-tablebuilder/available-microdata-tablebuilder/australian-census-longitudinal-dataset/ACLD%202011_16_21%20detailed%20microdata.xlsx","2023-12-19","bd0945f639fa8e8dafd59ca0b63df0276a590616063e26619a0eef9852cbecad",TRUE,""
"madipge-acld11-d-persons-11-16-21","BPLH_P_21","ACLD025","Household Related Data Items","https://www.abs.gov.au/statistics/microdata-tablebuilder/available-microdata-tablebuilder/australian-census-longitudinal-dataset/ACLD%202011_16_21%20detailed%20microdata.xlsx","2023-12-19","bd0945f639fa8e8dafd59ca0b63df0276a590616063e26619a0eef9852cbecad",TRUE,""
"madipge-acld11-d-persons-11-16-21","BPLP_11","ACLD026","Person Related Data Items","https://www.abs.gov.au/statistics/microdata-tablebuilder/available-microdata-tablebuilder/australian-census-longitudinal-dataset/ACLD%202011_16_21%20detailed%20microdata.xlsx","2023-12-19","bd0945f639fa8e8dafd59ca0b63df0276a590616063e26619a0eef9852cbecad",FALSE,"external_classification_reference_only"
"madipge-acld11-d-persons-11-16-21","BPLP_16","ACLD027","Person Related Data Items","https://www.abs.gov.au/statistics/microdata-tablebuilder/available-microdata-tablebuilder/australian-census-longitudinal-dataset/ACLD%202011_16_21%20detailed%20microdata.xlsx","2023-12-19","bd0945f639fa8e8dafd59ca0b63df0276a590616063e26619a0eef9852cbecad",FALSE,"external_classification_reference_only"
"madipge-acld11-d-persons-11-16-21","BPLP_21","ACLD028","Person Related Data Items","https://www.abs.gov.au/statistics/microdata-tablebuilder/available-microdata-tablebuilder/australian-census-longitudinal-dataset/ACLD%202011_16_21%20detailed%20microdata.xlsx","2023-12-19","bd0945f639fa8e8dafd59ca0b63df0276a590616063e26619a0eef9852cbecad",FALSE,"external_classification_reference_only"
"madipge-acld11-d-persons-11-16-21","BPLP_FP_11","ACLD026","Female Parent Related Data","https://www.abs.gov.au/statistics/microdata-tablebuilder/available-microdata-tablebuilder/australian-census-longitudinal-dataset/ACLD%202011_16_21%20detailed%20microdata.xlsx","2023-12-19","bd0945f639fa8e8dafd59ca0b63df0276a590616063e26619a0eef9852cbecad",FALSE,"external_classification_reference_only"
"madipge-acld11-d-persons-11-16-21","BPLP_FP_16","ACLD027","Female Parent Related Data","https://www.abs.gov.au/statistics/microdata-tablebuilder/available-microdata-tablebuilder/australian-census-longitudinal-dataset/ACLD%202011_16_21%20detailed%20microdata.xlsx","2023-12-19","bd0945f639fa8e8dafd59ca0b63df0276a590616063e26619a0eef9852cbecad",FALSE,"external_classification_reference_only"
"madipge-acld11-d-persons-11-16-21","BPLP_FP_21","ACLD028","Female Parent Related Data","https://www.abs.gov.au/statistics/microdata-tablebuilder/available-microdata-tablebuilder/australian-census-longitudinal-dataset/ACLD%202011_16_21%20detailed%20microdata.xlsx","2023-12-19","bd0945f639fa8e8dafd59ca0b63df0276a590616063e26619a0eef9852cbecad",FALSE,"external_classification_reference_only"
"madipge-acld11-d-persons-11-16-21","BPLP_MP_11","ACLD026","Male Parent Related Data Items","https://www.abs.gov.au/statistics/microdata-tablebuilder/available-microdata-tablebuilder/australian-census-longitudinal-dataset/ACLD%202011_16_21%20detailed%20microdata.xlsx","2023-12-19","bd0945f639fa8e8dafd59ca0b63df0276a590616063e26619a0eef9852cbecad",FALSE,"external_classification_reference_only"
"madipge-acld11-d-persons-11-16-21","BPLP_MP_16","ACLD027","Male Parent Related Data Items","https://www.abs.gov.au/statistics/microdata-tablebuilder/available-microdata-tablebuilder/australian-census-longitudinal-dataset/ACLD%202011_16_21%20detailed%20microdata.xlsx","2023-12-19","bd0945f639fa8e8dafd59ca0b63df0276a590616063e26619a0eef9852cbecad",FALSE,"external_classification_reference_only"
"madipge-acld11-d-persons-11-16-21","BPLP_MP_21","ACLD028","Male Parent Related Data Items","https://www.abs.gov.au/statistics/microdata-tablebuilder/available-microdata-tablebuilder/australian-census-longitudinal-dataset/ACLD%202011_16_21%20detailed%20microdata.xlsx","2023-12-19","bd0945f639fa8e8dafd59ca0b63df0276a590616063e26619a0eef9852cbecad",FALSE,"external_classification_reference_only"
"madipge-acld11-d-persons-11-16-21","BPLP_SP_11","ACLD026","Spouse or Partner Data Items","https://www.abs.gov.au/statistics/microdata-tablebuilder/available-microdata-tablebuilder/australian-census-longitudinal-dataset/ACLD%202011_16_21%20detailed%20microdata.xlsx","2023-12-19","bd0945f639fa8e8dafd59ca0b63df0276a590616063e26619a0eef9852cbecad",FALSE,"external_classification_reference_only"
"madipge-acld11-d-persons-11-16-21","BPLP_SP_16","ACLD027","Spouse or Partner Data Items","https://www.abs.gov.au/statistics/microdata-tablebuilder/available-microdata-tablebuilder/australian-census-longitudinal-dataset/ACLD%202011_16_21%20detailed%20microdata.xlsx","2023-12-19","bd0945f639fa8e8dafd59ca0b63df0276a590616063e26619a0eef9852cbecad",FALSE,"external_classification_reference_only"
"madipge-acld11-d-persons-11-16-21","BPLP_SP_21","ACLD028","Spouse or Partner Data Items","https://www.abs.gov.au/statistics/microdata-tablebuilder/available-microdata-tablebuilder/australian-census-longitudinal-dataset/ACLD%202011_16_21%20detailed%20microdata.xlsx","2023-12-19","bd0945f639fa8e8dafd59ca0b63df0276a590616063e26619a0eef9852cbecad",FALSE,"external_classification_reference_only"
"madipge-acld11-d-persons-11-16-21","BPMP_11","ACLD022","Person Related Data Items","https://www.abs.gov.au/statistics/microdata-tablebuilder/available-microdata-tablebuilder/australian-census-longitudinal-dataset/ACLD%202011_16_21%20detailed%20microdata.xlsx","2023-12-19","bd0945f639fa8e8dafd59ca0b63df0276a590616063e26619a0eef9852cbecad",TRUE,""
"madipge-acld11-d-persons-11-16-21","BPMP_16","ACLD022","Person Related Data Items","https://www.abs.gov.au/statistics/microdata-tablebuilder/available-microdata-tablebuilder/australian-census-longitudinal-dataset/ACLD%202011_16_21%20detailed%20microdata.xlsx","2023-12-19","bd0945f639fa8e8dafd59ca0b63df0276a590616063e26619a0eef9852cbecad",TRUE,""
"madipge-acld11-d-persons-11-16-21","BPMP_21","ACLD022","Person Related Data Items","https://www.abs.gov.au/statistics/microdata-tablebuilder/available-microdata-tablebuilder/australian-census-longitudinal-dataset/ACLD%202011_16_21%20detailed%20microdata.xlsx","2023-12-19","bd0945f639fa8e8dafd59ca0b63df0276a590616063e26619a0eef9852cbecad",TRUE,""
"madipge-acld11-d-persons-11-16-21","BPMPR_16","ACLD029","Person Related Data Items","https://www.abs.gov.au/statistics/microdata-tablebuilder/available-microdata-tablebuilder/australian-census-longitudinal-dataset/ACLD%202011_16_21%20detailed%20microdata.xlsx","2023-12-19","bd0945f639fa8e8dafd59ca0b63df0276a590616063e26619a0eef9852cbecad",FALSE,"external_classification_reference_only"
"madipge-acld11-d-persons-11-16-21","BPMPR_21","ACLD030","Person Related Data Items","https://www.abs.gov.au/statistics/microdata-tablebuilder/available-microdata-tablebuilder/australian-census-longitudinal-dataset/ACLD%202011_16_21%20detailed%20microdata.xlsx","2023-12-19","bd0945f639fa8e8dafd59ca0b63df0276a590616063e26619a0eef9852cbecad",FALSE,"external_classification_reference_only"
"madipge-acld11-d-persons-11-16-21","CACF_P_11","ACLD031","Family Related Data Items","https://www.abs.gov.au/statistics/microdata-tablebuilder/available-microdata-tablebuilder/australian-census-longitudinal-dataset/ACLD%202011_16_21%20detailed%20microdata.xlsx","2023-12-19","bd0945f639fa8e8dafd59ca0b63df0276a590616063e26619a0eef9852cbecad",TRUE,""
"madipge-acld11-d-persons-11-16-21","CACF_P_16","ACLD031","Family Related Data Items","https://www.abs.gov.au/statistics/microdata-tablebuilder/available-microdata-tablebuilder/australian-census-longitudinal-dataset/ACLD%202011_16_21%20detailed%20microdata.xlsx","2023-12-19","bd0945f639fa8e8dafd59ca0b63df0276a590616063e26619a0eef9852cbecad",TRUE,""
"madipge-acld11-d-persons-11-16-21","CACF_P_21","ACLD032","Family Related Data Items","https://www.abs.gov.au/statistics/microdata-tablebuilder/available-microdata-tablebuilder/australian-census-longitudinal-dataset/ACLD%202011_16_21%20detailed%20microdata.xlsx","2023-12-19","bd0945f639fa8e8dafd59ca0b63df0276a590616063e26619a0eef9852cbecad",TRUE,""
"madipge-acld11-d-persons-11-16-21","CASSNF_P_11","ACLD033","Family Related Data Items","https://www.abs.gov.au/statistics/microdata-tablebuilder/available-microdata-tablebuilder/australian-census-longitudinal-dataset/ACLD%202011_16_21%20detailed%20microdata.xlsx","2023-12-19","bd0945f639fa8e8dafd59ca0b63df0276a590616063e26619a0eef9852cbecad",TRUE,""
"madipge-acld11-d-persons-11-16-21","CASSNF_P_16","ACLD033","Family Related Data Items","https://www.abs.gov.au/statistics/microdata-tablebuilder/available-microdata-tablebuilder/australian-census-longitudinal-dataset/ACLD%202011_16_21%20detailed%20microdata.xlsx","2023-12-19","bd0945f639fa8e8dafd59ca0b63df0276a590616063e26619a0eef9852cbecad",TRUE,""
"madipge-acld11-d-persons-11-16-21","CASSNF_P_21","ACLD033","Family Related Data Items","https://www.abs.gov.au/statistics/microdata-tablebuilder/available-microdata-tablebuilder/australian-census-longitudinal-dataset/ACLD%202011_16_21%20detailed%20microdata.xlsx","2023-12-19","bd0945f639fa8e8dafd59ca0b63df0276a590616063e26619a0eef9852cbecad",TRUE,""
"madipge-acld11-d-persons-11-16-21","CASSNH_P_11","ACLD034","Household Related Data Items","https://www.abs.gov.au/statistics/microdata-tablebuilder/available-microdata-tablebuilder/australian-census-longitudinal-dataset/ACLD%202011_16_21%20detailed%20microdata.xlsx","2023-12-19","bd0945f639fa8e8dafd59ca0b63df0276a590616063e26619a0eef9852cbecad",TRUE,""
"madipge-acld11-d-persons-11-16-21","CASSNH_P_16","ACLD034","Household Related Data Items","https://www.abs.gov.au/statistics/microdata-tablebuilder/available-microdata-tablebuilder/australian-census-longitudinal-dataset/ACLD%202011_16_21%20detailed%20microdata.xlsx","2023-12-19","bd0945f639fa8e8dafd59ca0b63df0276a590616063e26619a0eef9852cbecad",TRUE,""
"madipge-acld11-d-persons-11-16-21","CASSNH_P_21","ACLD034","Household Related Data Items","https://www.abs.gov.au/statistics/microdata-tablebuilder/available-microdata-tablebuilder/australian-census-longitudinal-dataset/ACLD%202011_16_21%20detailed%20microdata.xlsx","2023-12-19","bd0945f639fa8e8dafd59ca0b63df0276a590616063e26619a0eef9852cbecad",TRUE,""
"madipge-acld11-d-persons-11-16-21","CDC05H_P_11","ACLD035","Household Related Data Items","https://www.abs.gov.au/statistics/microdata-tablebuilder/available-microdata-tablebuilder/australian-census-longitudinal-dataset/ACLD%202011_16_21%20detailed%20microdata.xlsx","2023-12-19","bd0945f639fa8e8dafd59ca0b63df0276a590616063e26619a0eef9852cbecad",TRUE,""
"madipge-acld11-d-persons-11-16-21","CDC05H_P_16","ACLD035","Household Related Data Items","https://www.abs.gov.au/statistics/microdata-tablebuilder/available-microdata-tablebuilder/australian-census-longitudinal-dataset/ACLD%202011_16_21%20detailed%20microdata.xlsx","2023-12-19","bd0945f639fa8e8dafd59ca0b63df0276a590616063e26619a0eef9852cbecad",TRUE,""
"madipge-acld11-d-persons-11-16-21","CDC05H_P_21","ACLD035","Household Related Data Items","https://www.abs.gov.au/statistics/microdata-tablebuilder/available-microdata-tablebuilder/australian-census-longitudinal-dataset/ACLD%202011_16_21%20detailed%20microdata.xlsx","2023-12-19","bd0945f639fa8e8dafd59ca0b63df0276a590616063e26619a0eef9852cbecad",TRUE,""
"madipge-acld11-d-persons-11-16-21","CDC0F_P_11","ACLD036","Family Related Data Items","https://www.abs.gov.au/statistics/microdata-tablebuilder/available-microdata-tablebuilder/australian-census-longitudinal-dataset/ACLD%202011_16_21%20detailed%20microdata.xlsx","2023-12-19","bd0945f639fa8e8dafd59ca0b63df0276a590616063e26619a0eef9852cbecad",TRUE,""
"madipge-acld11-d-persons-11-16-21","CDC0F_P_16","ACLD036","Family Related Data Items","https://www.abs.gov.au/statistics/microdata-tablebuilder/available-microdata-tablebuilder/australian-census-longitudinal-dataset/ACLD%202011_16_21%20detailed%20microdata.xlsx","2023-12-19","bd0945f639fa8e8dafd59ca0b63df0276a590616063e26619a0eef9852cbecad",TRUE,""
"madipge-acld11-d-persons-11-16-21","CDC0F_P_21","ACLD036","Family Related Data Items","https://www.abs.gov.au/statistics/microdata-tablebuilder/available-microdata-tablebuilder/australian-census-longitudinal-dataset/ACLD%202011_16_21%20detailed%20microdata.xlsx","2023-12-19","bd0945f639fa8e8dafd59ca0b63df0276a590616063e26619a0eef9852cbecad",TRUE,""
"madipge-acld11-d-persons-11-16-21","CDC0H_P_11","ACLD037","Household Related Data Items","https://www.abs.gov.au/statistics/microdata-tablebuilder/available-microdata-tablebuilder/australian-census-longitudinal-dataset/ACLD%202011_16_21%20detailed%20microdata.xlsx","2023-12-19","bd0945f639fa8e8dafd59ca0b63df0276a590616063e26619a0eef9852cbecad",TRUE,""
"madipge-acld11-d-persons-11-16-21","CDC0H_P_16","ACLD037","Household Related Data Items","https://www.abs.gov.au/statistics/microdata-tablebuilder/available-microdata-tablebuilder/australian-census-longitudinal-dataset/ACLD%202011_16_21%20detailed%20microdata.xlsx","2023-12-19","bd0945f639fa8e8dafd59ca0b63df0276a590616063e26619a0eef9852cbecad",TRUE,""
"madipge-acld11-d-persons-11-16-21","CDC0H_P_21","ACLD037","Household Related Data Items","https://www.abs.gov.au/statistics/microdata-tablebuilder/available-microdata-tablebuilder/australian-census-longitudinal-dataset/ACLD%202011_16_21%20detailed%20microdata.xlsx","2023-12-19","bd0945f639fa8e8dafd59ca0b63df0276a590616063e26619a0eef9852cbecad",TRUE,""
"madipge-acld11-d-persons-11-16-21","CDC10F_P_11","ACLD038","Family Related Data Items","https://www.abs.gov.au/statistics/microdata-tablebuilder/available-microdata-tablebuilder/australian-census-longitudinal-dataset/ACLD%202011_16_21%20detailed%20microdata.xlsx","2023-12-19","bd0945f639fa8e8dafd59ca0b63df0276a590616063e26619a0eef9852cbecad",TRUE,""
"madipge-acld11-d-persons-11-16-21","CDC10F_P_16","ACLD038","Family Related Data Items","https://www.abs.gov.au/statistics/microdata-tablebuilder/available-microdata-tablebuilder/australian-census-longitudinal-dataset/ACLD%202011_16_21%20detailed%20microdata.xlsx","2023-12-19","bd0945f639fa8e8dafd59ca0b63df0276a590616063e26619a0eef9852cbecad",TRUE,""
"madipge-acld11-d-persons-11-16-21","CDC10F_P_21","ACLD038","Family Related Data Items","https://www.abs.gov.au/statistics/microdata-tablebuilder/available-microdata-tablebuilder/australian-census-longitudinal-dataset/ACLD%202011_16_21%20detailed%20microdata.xlsx","2023-12-19","bd0945f639fa8e8dafd59ca0b63df0276a590616063e26619a0eef9852cbecad",TRUE,""
"madipge-acld11-d-persons-11-16-21","CDC10H_P_11","ACLD039","Household Related Data Items","https://www.abs.gov.au/statistics/microdata-tablebuilder/available-microdata-tablebuilder/australian-census-longitudinal-dataset/ACLD%202011_16_21%20detailed%20microdata.xlsx","2023-12-19","bd0945f639fa8e8dafd59ca0b63df0276a590616063e26619a0eef9852cbecad",TRUE,""
"madipge-acld11-d-persons-11-16-21","CDC10H_P_16","ACLD039","Household Related Data Items","https://www.abs.gov.au/statistics/microdata-tablebuilder/available-microdata-tablebuilder/australian-census-longitudinal-dataset/ACLD%202011_16_21%20detailed%20microdata.xlsx","2023-12-19","bd0945f639fa8e8dafd59ca0b63df0276a590616063e26619a0eef9852cbecad",TRUE,""
"madipge-acld11-d-persons-11-16-21","CDC10H_P_21","ACLD039","Household Related Data Items","https://www.abs.gov.au/statistics/microdata-tablebuilder/available-microdata-tablebuilder/australian-census-longitudinal-dataset/ACLD%202011_16_21%20detailed%20microdata.xlsx","2023-12-19","bd0945f639fa8e8dafd59ca0b63df0276a590616063e26619a0eef9852cbecad",TRUE,""
"madipge-acld11-d-persons-11-16-21","CDC13F_P_11","ACLD040","Family Related Data Items","https://www.abs.gov.au/statistics/microdata-tablebuilder/available-microdata-tablebuilder/australian-census-longitudinal-dataset/ACLD%202011_16_21%20detailed%20microdata.xlsx","2023-12-19","bd0945f639fa8e8dafd59ca0b63df0276a590616063e26619a0eef9852cbecad",TRUE,""
"madipge-acld11-d-persons-11-16-21","CDC13F_P_16","ACLD040","Family Related Data Items","https://www.abs.gov.au/statistics/microdata-tablebuilder/available-microdata-tablebuilder/australian-census-longitudinal-dataset/ACLD%202011_16_21%20detailed%20microdata.xlsx","2023-12-19","bd0945f639fa8e8dafd59ca0b63df0276a590616063e26619a0eef9852cbecad",TRUE,""
"madipge-acld11-d-persons-11-16-21","CDC13F_P_21","ACLD040","Family Related Data Items","https://www.abs.gov.au/statistics/microdata-tablebuilder/available-microdata-tablebuilder/australian-census-longitudinal-dataset/ACLD%202011_16_21%20detailed%20microdata.xlsx","2023-12-19","bd0945f639fa8e8dafd59ca0b63df0276a590616063e26619a0eef9852cbecad",TRUE,""
"madipge-acld11-d-persons-11-16-21","CDC13H_P_11","ACLD041","Household Related Data Items","https://www.abs.gov.au/statistics/microdata-tablebuilder/available-microdata-tablebuilder/australian-census-longitudinal-dataset/ACLD%202011_16_21%20detailed%20microdata.xlsx","2023-12-19","bd0945f639fa8e8dafd59ca0b63df0276a590616063e26619a0eef9852cbecad",TRUE,""
"madipge-acld11-d-persons-11-16-21","CDC13H_P_16","ACLD041","Household Related Data Items","https://www.abs.gov.au/statistics/microdata-tablebuilder/available-microdata-tablebuilder/australian-census-longitudinal-dataset/ACLD%202011_16_21%20detailed%20microdata.xlsx","2023-12-19","bd0945f639fa8e8dafd59ca0b63df0276a590616063e26619a0eef9852cbecad",TRUE,""
"madipge-acld11-d-persons-11-16-21","CDC13H_P_21","ACLD041","Household Related Data Items","https://www.abs.gov.au/statistics/microdata-tablebuilder/available-microdata-tablebuilder/australian-census-longitudinal-dataset/ACLD%202011_16_21%20detailed%20microdata.xlsx","2023-12-19","bd0945f639fa8e8dafd59ca0b63df0276a590616063e26619a0eef9852cbecad",TRUE,""
"madipge-acld11-d-persons-11-16-21","CDC5F_P_11","ACLD042","Family Related Data Items","https://www.abs.gov.au/statistics/microdata-tablebuilder/available-microdata-tablebuilder/australian-census-longitudinal-dataset/ACLD%202011_16_21%20detailed%20microdata.xlsx","2023-12-19","bd0945f639fa8e8dafd59ca0b63df0276a590616063e26619a0eef9852cbecad",TRUE,""
"madipge-acld11-d-persons-11-16-21","CDC5F_P_16","ACLD042","Family Related Data Items","https://www.abs.gov.au/statistics/microdata-tablebuilder/available-microdata-tablebuilder/australian-census-longitudinal-dataset/ACLD%202011_16_21%20detailed%20microdata.xlsx","2023-12-19","bd0945f639fa8e8dafd59ca0b63df0276a590616063e26619a0eef9852cbecad",TRUE,""
"madipge-acld11-d-persons-11-16-21","CDC5F_P_21","ACLD042","Family Related Data Items","https://www.abs.gov.au/statistics/microdata-tablebuilder/available-microdata-tablebuilder/australian-census-longitudinal-dataset/ACLD%202011_16_21%20detailed%20microdata.xlsx","2023-12-19","bd0945f639fa8e8dafd59ca0b63df0276a590616063e26619a0eef9852cbecad",TRUE,""
"madipge-acld11-d-persons-11-16-21","CDCF_P_11","ACLD043","Family Related Data Items","https://www.abs.gov.au/statistics/microdata-tablebuilder/available-microdata-tablebuilder/australian-census-longitudinal-dataset/ACLD%202011_16_21%20detailed%20microdata.xlsx","2023-12-19","bd0945f639fa8e8dafd59ca0b63df0276a590616063e26619a0eef9852cbecad",TRUE,""
"madipge-acld11-d-persons-11-16-21","CDCF_P_16","ACLD043","Family Related Data Items","https://www.abs.gov.au/statistics/microdata-tablebuilder/available-microdata-tablebuilder/australian-census-longitudinal-dataset/ACLD%202011_16_21%20detailed%20microdata.xlsx","2023-12-19","bd0945f639fa8e8dafd59ca0b63df0276a590616063e26619a0eef9852cbecad",TRUE,""
"madipge-acld11-d-persons-11-16-21","CDCF_P_21","ACLD043","Family Related Data Items","https://www.abs.gov.au/statistics/microdata-tablebuilder/available-microdata-tablebuilder/australian-census-longitudinal-dataset/ACLD%202011_16_21%20detailed%20microdata.xlsx","2023-12-19","bd0945f639fa8e8dafd59ca0b63df0276a590616063e26619a0eef9852cbecad",TRUE,""
"madipge-acld11-d-persons-11-16-21","CDSF_P_11","ACLD044","Family Related Data Items","https://www.abs.gov.au/statistics/microdata-tablebuilder/available-microdata-tablebuilder/australian-census-longitudinal-dataset/ACLD%202011_16_21%20detailed%20microdata.xlsx","2023-12-19","bd0945f639fa8e8dafd59ca0b63df0276a590616063e26619a0eef9852cbecad",TRUE,""
"madipge-acld11-d-persons-11-16-21","CDSF_P_16","ACLD044","Family Related Data Items","https://www.abs.gov.au/statistics/microdata-tablebuilder/available-microdata-tablebuilder/australian-census-longitudinal-dataset/ACLD%202011_16_21%20detailed%20microdata.xlsx","2023-12-19","bd0945f639fa8e8dafd59ca0b63df0276a590616063e26619a0eef9852cbecad",TRUE,""
"madipge-acld11-d-persons-11-16-21","CDSF_P_21","ACLD044","Family Related Data Items","https://www.abs.gov.au/statistics/microdata-tablebuilder/available-microdata-tablebuilder/australian-census-longitudinal-dataset/ACLD%202011_16_21%20detailed%20microdata.xlsx","2023-12-19","bd0945f639fa8e8dafd59ca0b63df0276a590616063e26619a0eef9852cbecad",TRUE,""
"madipge-acld11-d-persons-11-16-21","CDSH_P_11","ACLD044","Household Related Data Items","https://www.abs.gov.au/statistics/microdata-tablebuilder/available-microdata-tablebuilder/australian-census-longitudinal-dataset/ACLD%202011_16_21%20detailed%20microdata.xlsx","2023-12-19","bd0945f639fa8e8dafd59ca0b63df0276a590616063e26619a0eef9852cbecad",TRUE,""
"madipge-acld11-d-persons-11-16-21","CDSH_P_16","ACLD044","Household Related Data Items","https://www.abs.gov.au/statistics/microdata-tablebuilder/available-microdata-tablebuilder/australian-census-longitudinal-dataset/ACLD%202011_16_21%20detailed%20microdata.xlsx","2023-12-19","bd0945f639fa8e8dafd59ca0b63df0276a590616063e26619a0eef9852cbecad",TRUE,""
"madipge-acld11-d-persons-11-16-21","CDSH_P_21","ACLD044","Household Related Data Items","https://www.abs.gov.au/statistics/microdata-tablebuilder/available-microdata-tablebuilder/australian-census-longitudinal-dataset/ACLD%202011_16_21%20detailed%20microdata.xlsx","2023-12-19","bd0945f639fa8e8dafd59ca0b63df0276a590616063e26619a0eef9852cbecad",TRUE,""
"madipge-acld11-d-persons-11-16-21","CFAGEP_11_16","ACLD045","Quality Indicators","https://www.abs.gov.au/statistics/microdata-tablebuilder/available-microdata-tablebuilder/australian-census-longitudinal-dataset/ACLD%202011_16_21%20detailed%20microdata.xlsx","2023-12-19","bd0945f639fa8e8dafd59ca0b63df0276a590616063e26619a0eef9852cbecad",TRUE,""
"madipge-acld11-d-persons-11-16-21","CFAGEP_16_21","ACLD045","Quality Indicators","https://www.abs.gov.au/statistics/microdata-tablebuilder/available-microdata-tablebuilder/australian-census-longitudinal-dataset/ACLD%202011_16_21%20detailed%20microdata.xlsx","2023-12-19","bd0945f639fa8e8dafd59ca0b63df0276a590616063e26619a0eef9852cbecad",TRUE,""
"madipge-acld11-d-persons-11-16-21","CFBPFP_11_16","ACLD046","Quality Indicators","https://www.abs.gov.au/statistics/microdata-tablebuilder/available-microdata-tablebuilder/australian-census-longitudinal-dataset/ACLD%202011_16_21%20detailed%20microdata.xlsx","2023-12-19","bd0945f639fa8e8dafd59ca0b63df0276a590616063e26619a0eef9852cbecad",TRUE,""
"madipge-acld11-d-persons-11-16-21","CFBPFP_16_21","ACLD046","Quality Indicators","https://www.abs.gov.au/statistics/microdata-tablebuilder/available-microdata-tablebuilder/australian-census-longitudinal-dataset/ACLD%202011_16_21%20detailed%20microdata.xlsx","2023-12-19","bd0945f639fa8e8dafd59ca0b63df0276a590616063e26619a0eef9852cbecad",TRUE,""
"madipge-acld11-d-persons-11-16-21","CFBPLP_11_16","ACLD047","Quality Indicators","https://www.abs.gov.au/statistics/microdata-tablebuilder/available-microdata-tablebuilder/australian-census-longitudinal-dataset/ACLD%202011_16_21%20detailed%20microdata.xlsx","2023-12-19","bd0945f639fa8e8dafd59ca0b63df0276a590616063e26619a0eef9852cbecad",TRUE,""
"madipge-acld11-d-persons-11-16-21","CFBPLP_16_21","ACLD047","Quality Indicators","https://www.abs.gov.au/statistics/microdata-tablebuilder/available-microdata-tablebuilder/australian-census-longitudinal-dataset/ACLD%202011_16_21%20detailed%20microdata.xlsx","2023-12-19","bd0945f639fa8e8dafd59ca0b63df0276a590616063e26619a0eef9852cbecad",TRUE,""
"madipge-acld11-d-persons-11-16-21","CFBPMP_11_16","ACLD048","Quality Indicators","https://www.abs.gov.au/statistics/microdata-tablebuilder/available-microdata-tablebuilder/australian-census-longitudinal-dataset/ACLD%202011_16_21%20detailed%20microdata.xlsx","2023-12-19","bd0945f639fa8e8dafd59ca0b63df0276a590616063e26619a0eef9852cbecad",TRUE,""
"madipge-acld11-d-persons-11-16-21","CFBPMP_16_21","ACLD048","Quality Indicators","https://www.abs.gov.au/statistics/microdata-tablebuilder/available-microdata-tablebuilder/australian-census-longitudinal-dataset/ACLD%202011_16_21%20detailed%20microdata.xlsx","2023-12-19","bd0945f639fa8e8dafd59ca0b63df0276a590616063e26619a0eef9852cbecad",TRUE,""
"madipge-acld11-d-persons-11-16-21","CFBPSP_11_16","ACLD049","Quality Indicators","https://www.abs.gov.au/statistics/microdata-tablebuilder/available-microdata-tablebuilder/australian-census-longitudinal-dataset/ACLD%202011_16_21%20detailed%20microdata.xlsx","2023-12-19","bd0945f639fa8e8dafd59ca0b63df0276a590616063e26619a0eef9852cbecad",TRUE,""
"madipge-acld11-d-persons-11-16-21","CFBPSP_16_21","ACLD049","Quality Indicators","https://www.abs.gov.au/statistics/microdata-tablebuilder/available-microdata-tablebuilder/australian-census-longitudinal-dataset/ACLD%202011_16_21%20detailed%20microdata.xlsx","2023-12-19","bd0945f639fa8e8dafd59ca0b63df0276a590616063e26619a0eef9852cbecad",TRUE,""
"madipge-acld11-d-persons-11-16-21","CFHSCP_11_16","ACLD050","Quality Indicators","https://www.abs.gov.au/statistics/microdata-tablebuilder/available-microdata-tablebuilder/australian-census-longitudinal-dataset/ACLD%202011_16_21%20detailed%20microdata.xlsx","2023-12-19","bd0945f639fa8e8dafd59ca0b63df0276a590616063e26619a0eef9852cbecad",TRUE,""
"madipge-acld11-d-persons-11-16-21","CFHSCP_16_21","ACLD050","Quality Indicators","https://www.abs.gov.au/statistics/microdata-tablebuilder/available-microdata-tablebuilder/australian-census-longitudinal-dataset/ACLD%202011_16_21%20detailed%20microdata.xlsx","2023-12-19","bd0945f639fa8e8dafd59ca0b63df0276a590616063e26619a0eef9852cbecad",TRUE,""
"madipge-acld11-d-persons-11-16-21","CFINGP_11_16","ACLD051","Quality Indicators","https://www.abs.gov.au/statistics/microdata-tablebuilder/available-microdata-tablebuilder/australian-census-longitudinal-dataset/ACLD%202011_16_21%20detailed%20microdata.xlsx","2023-12-19","bd0945f639fa8e8dafd59ca0b63df0276a590616063e26619a0eef9852cbecad",TRUE,""
"madipge-acld11-d-persons-11-16-21","CFINGP_16_21","ACLD051","Quality Indicators","https://www.abs.gov.au/statistics/microdata-tablebuilder/available-microdata-tablebuilder/australian-census-longitudinal-dataset/ACLD%202011_16_21%20detailed%20microdata.xlsx","2023-12-19","bd0945f639fa8e8dafd59ca0b63df0276a590616063e26619a0eef9852cbecad",TRUE,""
"madipge-acld11-d-persons-11-16-21","CFMSTP_11_16","ACLD052","Quality Indicators","https://www.abs.gov.au/statistics/microdata-tablebuilder/available-microdata-tablebuilder/australian-census-longitudinal-dataset/ACLD%202011_16_21%20detailed%20microdata.xlsx","2023-12-19","bd0945f639fa8e8dafd59ca0b63df0276a590616063e26619a0eef9852cbecad",TRUE,""
"madipge-acld11-d-persons-11-16-21","CFMSTP_16_21","ACLD052","Quality Indicators","https://www.abs.gov.au/statistics/microdata-tablebuilder/available-microdata-tablebuilder/australian-census-longitudinal-dataset/ACLD%202011_16_21%20detailed%20microdata.xlsx","2023-12-19","bd0945f639fa8e8dafd59ca0b63df0276a590616063e26619a0eef9852cbecad",TRUE,""
"madipge-acld11-d-persons-11-16-21","CFQALLP_11_16","ACLD053","Quality Indicators","https://www.abs.gov.au/statistics/microdata-tablebuilder/available-microdata-tablebuilder/australian-census-longitudinal-dataset/ACLD%202011_16_21%20detailed%20microdata.xlsx","2023-12-19","bd0945f639fa8e8dafd59ca0b63df0276a590616063e26619a0eef9852cbecad",TRUE,""
"madipge-acld11-d-persons-11-16-21","CFQALLP_16_21","ACLD053","Quality Indicators","https://www.abs.gov.au/statistics/microdata-tablebuilder/available-microdata-tablebuilder/australian-census-longitudinal-dataset/ACLD%202011_16_21%20detailed%20microdata.xlsx","2023-12-19","bd0945f639fa8e8dafd59ca0b63df0276a590616063e26619a0eef9852cbecad",TRUE,""
"madipge-acld11-d-persons-11-16-21","CFSEXP_11_16","ACLD054","Quality Indicators","https://www.abs.gov.au/statistics/microdata-tablebuilder/available-microdata-tablebuilder/australian-census-longitudinal-dataset/ACLD%202011_16_21%20detailed%20microdata.xlsx","2023-12-19","bd0945f639fa8e8dafd59ca0b63df0276a590616063e26619a0eef9852cbecad",TRUE,""
"madipge-acld11-d-persons-11-16-21","CFSEXP_16_21","ACLD054","Quality Indicators","https://www.abs.gov.au/statistics/microdata-tablebuilder/available-microdata-tablebuilder/australian-census-longitudinal-dataset/ACLD%202011_16_21%20detailed%20microdata.xlsx","2023-12-19","bd0945f639fa8e8dafd59ca0b63df0276a590616063e26619a0eef9852cbecad",TRUE,""
"madipge-acld11-d-persons-11-16-21","CFTISP_11_16","ACLD055","Quality Indicators","https://www.abs.gov.au/statistics/microdata-tablebuilder/available-microdata-tablebuilder/australian-census-longitudinal-dataset/ACLD%202011_16_21%20detailed%20microdata.xlsx","2023-12-19","bd0945f639fa8e8dafd59ca0b63df0276a590616063e26619a0eef9852cbecad",TRUE,""
"madipge-acld11-d-persons-11-16-21","CFTISP_16_21","ACLD055","Quality Indicators","https://www.abs.gov.au/statistics/microdata-tablebuilder/available-microdata-tablebuilder/australian-census-longitudinal-dataset/ACLD%202011_16_21%20detailed%20microdata.xlsx","2023-12-19","bd0945f639fa8e8dafd59ca0b63df0276a590616063e26619a0eef9852cbecad",TRUE,""
"madipge-acld11-d-persons-11-16-21","CFYARP_11_16","ACLD056","Quality Indicators","https://www.abs.gov.au/statistics/microdata-tablebuilder/available-microdata-tablebuilder/australian-census-longitudinal-dataset/ACLD%202011_16_21%20detailed%20microdata.xlsx","2023-12-19","bd0945f639fa8e8dafd59ca0b63df0276a590616063e26619a0eef9852cbecad",TRUE,""
"madipge-acld11-d-persons-11-16-21","CFYARP_16_21","ACLD056","Quality Indicators","https://www.abs.gov.au/statistics/microdata-tablebuilder/available-microdata-tablebuilder/australian-census-longitudinal-dataset/ACLD%202011_16_21%20detailed%20microdata.xlsx","2023-12-19","bd0945f639fa8e8dafd59ca0b63df0276a590616063e26619a0eef9852cbecad",TRUE,""
"madipge-acld11-d-persons-11-16-21","CHCAREP_11","ACLD057","Person Related Data Items","https://www.abs.gov.au/statistics/microdata-tablebuilder/available-microdata-tablebuilder/australian-census-longitudinal-dataset/ACLD%202011_16_21%20detailed%20microdata.xlsx","2023-12-19","bd0945f639fa8e8dafd59ca0b63df0276a590616063e26619a0eef9852cbecad",TRUE,""
"madipge-acld11-d-persons-11-16-21","CHCAREP_16","ACLD057","Person Related Data Items","https://www.abs.gov.au/statistics/microdata-tablebuilder/available-microdata-tablebuilder/australian-census-longitudinal-dataset/ACLD%202011_16_21%20detailed%20microdata.xlsx","2023-12-19","bd0945f639fa8e8dafd59ca0b63df0276a590616063e26619a0eef9852cbecad",TRUE,""
"madipge-acld11-d-persons-11-16-21","CHCAREP_21","ACLD057","Person Related Data Items","https://www.abs.gov.au/statistics/microdata-tablebuilder/available-microdata-tablebuilder/australian-census-longitudinal-dataset/ACLD%202011_16_21%20detailed%20microdata.xlsx","2023-12-19","bd0945f639fa8e8dafd59ca0b63df0276a590616063e26619a0eef9852cbecad",TRUE,""
"madipge-acld11-d-persons-11-16-21","CHCAREP_FP_11","ACLD057","Female Parent Related Data","https://www.abs.gov.au/statistics/microdata-tablebuilder/available-microdata-tablebuilder/australian-census-longitudinal-dataset/ACLD%202011_16_21%20detailed%20microdata.xlsx","2023-12-19","bd0945f639fa8e8dafd59ca0b63df0276a590616063e26619a0eef9852cbecad",TRUE,""
"madipge-acld11-d-persons-11-16-21","CHCAREP_FP_16","ACLD057","Female Parent Related Data","https://www.abs.gov.au/statistics/microdata-tablebuilder/available-microdata-tablebuilder/australian-census-longitudinal-dataset/ACLD%202011_16_21%20detailed%20microdata.xlsx","2023-12-19","bd0945f639fa8e8dafd59ca0b63df0276a590616063e26619a0eef9852cbecad",TRUE,""
"madipge-acld11-d-persons-11-16-21","CHCAREP_FP_21","ACLD057","Female Parent Related Data","https://www.abs.gov.au/statistics/microdata-tablebuilder/available-microdata-tablebuilder/australian-census-longitudinal-dataset/ACLD%202011_16_21%20detailed%20microdata.xlsx","2023-12-19","bd0945f639fa8e8dafd59ca0b63df0276a590616063e26619a0eef9852cbecad",TRUE,""
"madipge-acld11-d-persons-11-16-21","CHCAREP_MP_11","ACLD057","Male Parent Related Data Items","https://www.abs.gov.au/statistics/microdata-tablebuilder/available-microdata-tablebuilder/australian-census-longitudinal-dataset/ACLD%202011_16_21%20detailed%20microdata.xlsx","2023-12-19","bd0945f639fa8e8dafd59ca0b63df0276a590616063e26619a0eef9852cbecad",TRUE,""
"madipge-acld11-d-persons-11-16-21","CHCAREP_MP_16","ACLD057","Male Parent Related Data Items","https://www.abs.gov.au/statistics/microdata-tablebuilder/available-microdata-tablebuilder/australian-census-longitudinal-dataset/ACLD%202011_16_21%20detailed%20microdata.xlsx","2023-12-19","bd0945f639fa8e8dafd59ca0b63df0276a590616063e26619a0eef9852cbecad",TRUE,""
"madipge-acld11-d-persons-11-16-21","CHCAREP_MP_21","ACLD057","Male Parent Related Data Items","https://www.abs.gov.au/statistics/microdata-tablebuilder/available-microdata-tablebuilder/australian-census-longitudinal-dataset/ACLD%202011_16_21%20detailed%20microdata.xlsx","2023-12-19","bd0945f639fa8e8dafd59ca0b63df0276a590616063e26619a0eef9852cbecad",TRUE,""
"madipge-acld11-d-persons-11-16-21","CHCAREP_SP_11","ACLD057","Spouse or Partner Data Items","https://www.abs.gov.au/statistics/microdata-tablebuilder/available-microdata-tablebuilder/australian-census-longitudinal-dataset/ACLD%202011_16_21%20detailed%20microdata.xlsx","2023-12-19","bd0945f639fa8e8dafd59ca0b63df0276a590616063e26619a0eef9852cbecad",TRUE,""
"madipge-acld11-d-persons-11-16-21","CHCAREP_SP_16","ACLD057","Spouse or Partner Data Items","https://www.abs.gov.au/statistics/microdata-tablebuilder/available-microdata-tablebuilder/australian-census-longitudinal-dataset/ACLD%202011_16_21%20detailed%20microdata.xlsx","2023-12-19","bd0945f639fa8e8dafd59ca0b63df0276a590616063e26619a0eef9852cbecad",TRUE,""
"madipge-acld11-d-persons-11-16-21","CHCAREP_SP_21","ACLD057","Spouse or Partner Data Items","https://www.abs.gov.au/statistics/microdata-tablebuilder/available-microdata-tablebuilder/australian-census-longitudinal-dataset/ACLD%202011_16_21%20detailed%20microdata.xlsx","2023-12-19","bd0945f639fa8e8dafd59ca0b63df0276a590616063e26619a0eef9852cbecad",TRUE,""
"madipge-acld11-d-persons-11-16-21","CITP_11","ACLD058","Person Related Data Items","https://www.abs.gov.au/statistics/microdata-tablebuilder/available-microdata-tablebuilder/australian-census-longitudinal-dataset/ACLD%202011_16_21%20detailed%20microdata.xlsx","2023-12-19","bd0945f639fa8e8dafd59ca0b63df0276a590616063e26619a0eef9852cbecad",TRUE,""
"madipge-acld11-d-persons-11-16-21","CITP_16","ACLD058","Person Related Data Items","https://www.abs.gov.au/statistics/microdata-tablebuilder/available-microdata-tablebuilder/australian-census-longitudinal-dataset/ACLD%202011_16_21%20detailed%20microdata.xlsx","2023-12-19","bd0945f639fa8e8dafd59ca0b63df0276a590616063e26619a0eef9852cbecad",TRUE,""
"madipge-acld11-d-persons-11-16-21","CITP_21","ACLD058","Person Related Data Items","https://www.abs.gov.au/statistics/microdata-tablebuilder/available-microdata-tablebuilder/australian-census-longitudinal-dataset/ACLD%202011_16_21%20detailed%20microdata.xlsx","2023-12-19","bd0945f639fa8e8dafd59ca0b63df0276a590616063e26619a0eef9852cbecad",TRUE,""
"madipge-acld11-d-persons-11-16-21","CITP_FP_11","ACLD059","Female Parent Related Data","https://www.abs.gov.au/statistics/microdata-tablebuilder/available-microdata-tablebuilder/australian-census-longitudinal-dataset/ACLD%202011_16_21%20detailed%20microdata.xlsx","2023-12-19","bd0945f639fa8e8dafd59ca0b63df0276a590616063e26619a0eef9852cbecad",TRUE,""
"madipge-acld11-d-persons-11-16-21","CITP_FP_16","ACLD059","Female Parent Related Data","https://www.abs.gov.au/statistics/microdata-tablebuilder/available-microdata-tablebuilder/australian-census-longitudinal-dataset/ACLD%202011_16_21%20detailed%20microdata.xlsx","2023-12-19","bd0945f639fa8e8dafd59ca0b63df0276a590616063e26619a0eef9852cbecad",TRUE,""
"madipge-acld11-d-persons-11-16-21","CITP_FP_21","ACLD059","Female Parent Related Data","https://www.abs.gov.au/statistics/microdata-tablebuilder/available-microdata-tablebuilder/australian-census-longitudinal-dataset/ACLD%202011_16_21%20detailed%20microdata.xlsx","2023-12-19","bd0945f639fa8e8dafd59ca0b63df0276a590616063e26619a0eef9852cbecad",TRUE,""
"madipge-acld11-d-persons-11-16-21","CITP_MP_11","ACLD059","Male Parent Related Data Items","https://www.abs.gov.au/statistics/microdata-tablebuilder/available-microdata-tablebuilder/australian-census-longitudinal-dataset/ACLD%202011_16_21%20detailed%20microdata.xlsx","2023-12-19","bd0945f639fa8e8dafd59ca0b63df0276a590616063e26619a0eef9852cbecad",TRUE,""
"madipge-acld11-d-persons-11-16-21","CITP_MP_16","ACLD059","Male Parent Related Data Items","https://www.abs.gov.au/statistics/microdata-tablebuilder/available-microdata-tablebuilder/australian-census-longitudinal-dataset/ACLD%202011_16_21%20detailed%20microdata.xlsx","2023-12-19","bd0945f639fa8e8dafd59ca0b63df0276a590616063e26619a0eef9852cbecad",TRUE,""
"madipge-acld11-d-persons-11-16-21","CITP_MP_21","ACLD059","Male Parent Related Data Items","https://www.abs.gov.au/statistics/microdata-tablebuilder/available-microdata-tablebuilder/australian-census-longitudinal-dataset/ACLD%202011_16_21%20detailed%20microdata.xlsx","2023-12-19","bd0945f639fa8e8dafd59ca0b63df0276a590616063e26619a0eef9852cbecad",TRUE,""
"madipge-acld11-d-persons-11-16-21","CITP_SP_11","ACLD059","Spouse or Partner Data Items","https://www.abs.gov.au/statistics/microdata-tablebuilder/available-microdata-tablebuilder/australian-census-longitudinal-dataset/ACLD%202011_16_21%20detailed%20microdata.xlsx","2023-12-19","bd0945f639fa8e8dafd59ca0b63df0276a590616063e26619a0eef9852cbecad",TRUE,""
"madipge-acld11-d-persons-11-16-21","CITP_SP_16","ACLD059","Spouse or Partner Data Items","https://www.abs.gov.au/statistics/microdata-tablebuilder/available-microdata-tablebuilder/australian-census-longitudinal-dataset/ACLD%202011_16_21%20detailed%20microdata.xlsx","2023-12-19","bd0945f639fa8e8dafd59ca0b63df0276a590616063e26619a0eef9852cbecad",TRUE,""
"madipge-acld11-d-persons-11-16-21","CITP_SP_21","ACLD059","Spouse or Partner Data Items","https://www.abs.gov.au/statistics/microdata-tablebuilder/available-microdata-tablebuilder/australian-census-longitudinal-dataset/ACLD%202011_16_21%20detailed%20microdata.xlsx","2023-12-19","bd0945f639fa8e8dafd59ca0b63df0276a590616063e26619a0eef9852cbecad",TRUE,""
"madipge-acld11-d-persons-11-16-21","CLFEF_P_11","ACLD060","Family Related Data Items","https://www.abs.gov.au/statistics/microdata-tablebuilder/available-microdata-tablebuilder/australian-census-longitudinal-dataset/ACLD%202011_16_21%20detailed%20microdata.xlsx","2023-12-19","bd0945f639fa8e8dafd59ca0b63df0276a590616063e26619a0eef9852cbecad",TRUE,""
"madipge-acld11-d-persons-11-16-21","CLFEF_P_16","ACLD060","Family Related Data Items","https://www.abs.gov.au/statistics/microdata-tablebuilder/available-microdata-tablebuilder/australian-census-longitudinal-dataset/ACLD%202011_16_21%20detailed%20microdata.xlsx","2023-12-19","bd0945f639fa8e8dafd59ca0b63df0276a590616063e26619a0eef9852cbecad",TRUE,""
"madipge-acld11-d-persons-11-16-21","CLFEF_P_21","ACLD060","Family Related Data Items","https://www.abs.gov.au/statistics/microdata-tablebuilder/available-microdata-tablebuilder/australian-census-longitudinal-dataset/ACLD%202011_16_21%20detailed%20microdata.xlsx","2023-12-19","bd0945f639fa8e8dafd59ca0b63df0276a590616063e26619a0eef9852cbecad",TRUE,""
"madipge-acld11-d-persons-11-16-21","CLFEH_P_11","ACLD061","Household Related Data Items","https://www.abs.gov.au/statistics/microdata-tablebuilder/available-microdata-tablebuilder/australian-census-longitudinal-dataset/ACLD%202011_16_21%20detailed%20microdata.xlsx","2023-12-19","bd0945f639fa8e8dafd59ca0b63df0276a590616063e26619a0eef9852cbecad",TRUE,""
"madipge-acld11-d-persons-11-16-21","CLFEH_P_16","ACLD061","Household Related Data Items","https://www.abs.gov.au/statistics/microdata-tablebuilder/available-microdata-tablebuilder/australian-census-longitudinal-dataset/ACLD%202011_16_21%20detailed%20microdata.xlsx","2023-12-19","bd0945f639fa8e8dafd59ca0b63df0276a590616063e26619a0eef9852cbecad",TRUE,""
"madipge-acld11-d-persons-11-16-21","CLFEH_P_21","ACLD061","Household Related Data Items","https://www.abs.gov.au/statistics/microdata-tablebuilder/available-microdata-tablebuilder/australian-census-longitudinal-dataset/ACLD%202011_16_21%20detailed%20microdata.xlsx","2023-12-19","bd0945f639fa8e8dafd59ca0b63df0276a590616063e26619a0eef9852cbecad",TRUE,""
"madipge-acld11-d-persons-11-16-21","CLFNF_P_11","ACLD062","Family Related Data Items","https://www.abs.gov.au/statistics/microdata-tablebuilder/available-microdata-tablebuilder/australian-census-longitudinal-dataset/ACLD%202011_16_21%20detailed%20microdata.xlsx","2023-12-19","bd0945f639fa8e8dafd59ca0b63df0276a590616063e26619a0eef9852cbecad",TRUE,""
"madipge-acld11-d-persons-11-16-21","CLFNF_P_16","ACLD062","Family Related Data Items","https://www.abs.gov.au/statistics/microdata-tablebuilder/available-microdata-tablebuilder/australian-census-longitudinal-dataset/ACLD%202011_16_21%20detailed%20microdata.xlsx","2023-12-19","bd0945f639fa8e8dafd59ca0b63df0276a590616063e26619a0eef9852cbecad",TRUE,""
"madipge-acld11-d-persons-11-16-21","CLFNF_P_21","ACLD062","Family Related Data Items","https://www.abs.gov.au/statistics/microdata-tablebuilder/available-microdata-tablebuilder/australian-census-longitudinal-dataset/ACLD%202011_16_21%20detailed%20microdata.xlsx","2023-12-19","bd0945f639fa8e8dafd59ca0b63df0276a590616063e26619a0eef9852cbecad",TRUE,""
"madipge-acld11-d-persons-11-16-21","CLFNH_P_11","ACLD063","Household Related Data Items","https://www.abs.gov.au/statistics/microdata-tablebuilder/available-microdata-tablebuilder/australian-census-longitudinal-dataset/ACLD%202011_16_21%20detailed%20microdata.xlsx","2023-12-19","bd0945f639fa8e8dafd59ca0b63df0276a590616063e26619a0eef9852cbecad",TRUE,""
"madipge-acld11-d-persons-11-16-21","CLFNH_P_16","ACLD063","Household Related Data Items","https://www.abs.gov.au/statistics/microdata-tablebuilder/available-microdata-tablebuilder/australian-census-longitudinal-dataset/ACLD%202011_16_21%20detailed%20microdata.xlsx","2023-12-19","bd0945f639fa8e8dafd59ca0b63df0276a590616063e26619a0eef9852cbecad",TRUE,""
"madipge-acld11-d-persons-11-16-21","CLFNH_P_21","ACLD063","Household Related Data Items","https://www.abs.gov.au/statistics/microdata-tablebuilder/available-microdata-tablebuilder/australian-census-longitudinal-dataset/ACLD%202011_16_21%20detailed%20microdata.xlsx","2023-12-19","bd0945f639fa8e8dafd59ca0b63df0276a590616063e26619a0eef9852cbecad",TRUE,""
"madipge-acld11-d-persons-11-16-21","CLFUF_P_11","ACLD064","Family Related Data Items","https://www.abs.gov.au/statistics/microdata-tablebuilder/available-microdata-tablebuilder/australian-census-longitudinal-dataset/ACLD%202011_16_21%20detailed%20microdata.xlsx","2023-12-19","bd0945f639fa8e8dafd59ca0b63df0276a590616063e26619a0eef9852cbecad",TRUE,""
"madipge-acld11-d-persons-11-16-21","CLFUF_P_16","ACLD064","Family Related Data Items","https://www.abs.gov.au/statistics/microdata-tablebuilder/available-microdata-tablebuilder/australian-census-longitudinal-dataset/ACLD%202011_16_21%20detailed%20microdata.xlsx","2023-12-19","bd0945f639fa8e8dafd59ca0b63df0276a590616063e26619a0eef9852cbecad",TRUE,""
"madipge-acld11-d-persons-11-16-21","CLFUF_P_21","ACLD064","Family Related Data Items","https://www.abs.gov.au/statistics/microdata-tablebuilder/available-microdata-tablebuilder/australian-census-longitudinal-dataset/ACLD%202011_16_21%20detailed%20microdata.xlsx","2023-12-19","bd0945f639fa8e8dafd59ca0b63df0276a590616063e26619a0eef9852cbecad",TRUE,""
"madipge-acld11-d-persons-11-16-21","CLFUH_P_11","ACLD065","Household Related Data Items","https://www.abs.gov.au/statistics/microdata-tablebuilder/available-microdata-tablebuilder/australian-census-longitudinal-dataset/ACLD%202011_16_21%20detailed%20microdata.xlsx","2023-12-19","bd0945f639fa8e8dafd59ca0b63df0276a590616063e26619a0eef9852cbecad",TRUE,""
"madipge-acld11-d-persons-11-16-21","CLFUH_P_16","ACLD065","Household Related Data Items","https://www.abs.gov.au/statistics/microdata-tablebuilder/available-microdata-tablebuilder/australian-census-longitudinal-dataset/ACLD%202011_16_21%20detailed%20microdata.xlsx","2023-12-19","bd0945f639fa8e8dafd59ca0b63df0276a590616063e26619a0eef9852cbecad",TRUE,""
"madipge-acld11-d-persons-11-16-21","CLFUH_P_21","ACLD065","Household Related Data Items","https://www.abs.gov.au/statistics/microdata-tablebuilder/available-microdata-tablebuilder/australian-census-longitudinal-dataset/ACLD%202011_16_21%20detailed%20microdata.xlsx","2023-12-19","bd0945f639fa8e8dafd59ca0b63df0276a590616063e26619a0eef9852cbecad",TRUE,""
"madipge-acld11-d-persons-11-16-21","CLTHP_P_21","","","https://www.abs.gov.au/statistics/microdata-tablebuilder/available-microdata-tablebuilder/australian-census-longitudinal-dataset/ACLD%202011_16_21%20detailed%20microdata.xlsx","2023-12-19","bd0945f639fa8e8dafd59ca0b63df0276a590616063e26619a0eef9852cbecad",FALSE,"not_enumerated_in_workbook"
"madipge-acld11-d-persons-11-16-21","CNDCF_P_11","ACLD066","Family Related Data Items","https://www.abs.gov.au/statistics/microdata-tablebuilder/available-microdata-tablebuilder/australian-census-longitudinal-dataset/ACLD%202011_16_21%20detailed%20microdata.xlsx","2023-12-19","bd0945f639fa8e8dafd59ca0b63df0276a590616063e26619a0eef9852cbecad",TRUE,""
"madipge-acld11-d-persons-11-16-21","CNDCF_P_16","ACLD066","Family Related Data Items","https://www.abs.gov.au/statistics/microdata-tablebuilder/available-microdata-tablebuilder/australian-census-longitudinal-dataset/ACLD%202011_16_21%20detailed%20microdata.xlsx","2023-12-19","bd0945f639fa8e8dafd59ca0b63df0276a590616063e26619a0eef9852cbecad",TRUE,""
"madipge-acld11-d-persons-11-16-21","CNDCF_P_21","ACLD066","Family Related Data Items","https://www.abs.gov.au/statistics/microdata-tablebuilder/available-microdata-tablebuilder/australian-census-longitudinal-dataset/ACLD%202011_16_21%20detailed%20microdata.xlsx","2023-12-19","bd0945f639fa8e8dafd59ca0b63df0276a590616063e26619a0eef9852cbecad",TRUE,""
"madipge-acld11-d-persons-11-16-21","CNDCH_P_11","ACLD066","Household Related Data Items","https://www.abs.gov.au/statistics/microdata-tablebuilder/available-microdata-tablebuilder/australian-census-longitudinal-dataset/ACLD%202011_16_21%20detailed%20microdata.xlsx","2023-12-19","bd0945f639fa8e8dafd59ca0b63df0276a590616063e26619a0eef9852cbecad",TRUE,""
"madipge-acld11-d-persons-11-16-21","CNDCH_P_16","ACLD066","Household Related Data Items","https://www.abs.gov.au/statistics/microdata-tablebuilder/available-microdata-tablebuilder/australian-census-longitudinal-dataset/ACLD%202011_16_21%20detailed%20microdata.xlsx","2023-12-19","bd0945f639fa8e8dafd59ca0b63df0276a590616063e26619a0eef9852cbecad",TRUE,""
"madipge-acld11-d-persons-11-16-21","CNDCH_P_21","ACLD066","Household Related Data Items","https://www.abs.gov.au/statistics/microdata-tablebuilder/available-microdata-tablebuilder/australian-census-longitudinal-dataset/ACLD%202011_16_21%20detailed%20microdata.xlsx","2023-12-19","bd0945f639fa8e8dafd59ca0b63df0276a590616063e26619a0eef9852cbecad",TRUE,""
"madipge-acld11-d-persons-11-16-21","CNOSH_P_11","ACLD067","Household Related Data Items","https://www.abs.gov.au/statistics/microdata-tablebuilder/available-microdata-tablebuilder/australian-census-longitudinal-dataset/ACLD%202011_16_21%20detailed%20microdata.xlsx","2023-12-19","bd0945f639fa8e8dafd59ca0b63df0276a590616063e26619a0eef9852cbecad",TRUE,""
"madipge-acld11-d-persons-11-16-21","CNOSH_P_16","ACLD067","Household Related Data Items","https://www.abs.gov.au/statistics/microdata-tablebuilder/available-microdata-tablebuilder/australian-census-longitudinal-dataset/ACLD%202011_16_21%20detailed%20microdata.xlsx","2023-12-19","bd0945f639fa8e8dafd59ca0b63df0276a590616063e26619a0eef9852cbecad",TRUE,""
"madipge-acld11-d-persons-11-16-21","CNOSH_P_21","ACLD067","Household Related Data Items","https://www.abs.gov.au/statistics/microdata-tablebuilder/available-microdata-tablebuilder/australian-census-longitudinal-dataset/ACLD%202011_16_21%20detailed%20microdata.xlsx","2023-12-19","bd0945f639fa8e8dafd59ca0b63df0276a590616063e26619a0eef9852cbecad",TRUE,""
"madipge-acld11-d-persons-11-16-21","CPR65D_P_11","ACLD068","Household Related Data Items","https://www.abs.gov.au/statistics/microdata-tablebuilder/available-microdata-tablebuilder/australian-census-longitudinal-dataset/ACLD%202011_16_21%20detailed%20microdata.xlsx","2023-12-19","bd0945f639fa8e8dafd59ca0b63df0276a590616063e26619a0eef9852cbecad",TRUE,""
"madipge-acld11-d-persons-11-16-21","CPR65D_P_16","ACLD068","Household Related Data Items","https://www.abs.gov.au/statistics/microdata-tablebuilder/available-microdata-tablebuilder/australian-census-longitudinal-dataset/ACLD%202011_16_21%20detailed%20microdata.xlsx","2023-12-19","bd0945f639fa8e8dafd59ca0b63df0276a590616063e26619a0eef9852cbecad",TRUE,""
"madipge-acld11-d-persons-11-16-21","CPR65D_P_21","ACLD068","Household Related Data Items","https://www.abs.gov.au/statistics/microdata-tablebuilder/available-microdata-tablebuilder/australian-census-longitudinal-dataset/ACLD%202011_16_21%20detailed%20microdata.xlsx","2023-12-19","bd0945f639fa8e8dafd59ca0b63df0276a590616063e26619a0eef9852cbecad",TRUE,""
"madipge-acld11-d-persons-11-16-21","CPR75D_P_11","ACLD069","Household Related Data Items","https://www.abs.gov.au/statistics/microdata-tablebuilder/available-microdata-tablebuilder/australian-census-longitudinal-dataset/ACLD%202011_16_21%20detailed%20microdata.xlsx","2023-12-19","bd0945f639fa8e8dafd59ca0b63df0276a590616063e26619a0eef9852cbecad",TRUE,""
"madipge-acld11-d-persons-11-16-21","CPR75D_P_16","ACLD069","Household Related Data Items","https://www.abs.gov.au/statistics/microdata-tablebuilder/available-microdata-tablebuilder/australian-census-longitudinal-dataset/ACLD%202011_16_21%20detailed%20microdata.xlsx","2023-12-19","bd0945f639fa8e8dafd59ca0b63df0276a590616063e26619a0eef9852cbecad",TRUE,""
"madipge-acld11-d-persons-11-16-21","CPR75D_P_21","ACLD069","Household Related Data Items","https://www.abs.gov.au/statistics/microdata-tablebuilder/available-microdata-tablebuilder/australian-census-longitudinal-dataset/ACLD%202011_16_21%20detailed%20microdata.xlsx","2023-12-19","bd0945f639fa8e8dafd59ca0b63df0276a590616063e26619a0eef9852cbecad",TRUE,""
"madipge-acld11-d-persons-11-16-21","CPR85D_P_11","ACLD070","Household Related Data Items","https://www.abs.gov.au/statistics/microdata-tablebuilder/available-microdata-tablebuilder/australian-census-longitudinal-dataset/ACLD%202011_16_21%20detailed%20microdata.xlsx","2023-12-19","bd0945f639fa8e8dafd59ca0b63df0276a590616063e26619a0eef9852cbecad",TRUE,""
"madipge-acld11-d-persons-11-16-21","CPR85D_P_16","ACLD070","Household Related Data Items","https://www.abs.gov.au/statistics/microdata-tablebuilder/available-microdata-tablebuilder/australian-census-longitudinal-dataset/ACLD%202011_16_21%20detailed%20microdata.xlsx","2023-12-19","bd0945f639fa8e8dafd59ca0b63df0276a590616063e26619a0eef9852cbecad",TRUE,""
"madipge-acld11-d-persons-11-16-21","CPR85D_P_21","ACLD070","Household Related Data Items","https://www.abs.gov.au/statistics/microdata-tablebuilder/available-microdata-tablebuilder/australian-census-longitudinal-dataset/ACLD%202011_16_21%20detailed%20microdata.xlsx","2023-12-19","bd0945f639fa8e8dafd59ca0b63df0276a590616063e26619a0eef9852cbecad",TRUE,""
"madipge-acld11-d-persons-11-16-21","CPRF_P_11","ACLD071","Family Related Data Items","https://www.abs.gov.au/statistics/microdata-tablebuilder/available-microdata-tablebuilder/australian-census-longitudinal-dataset/ACLD%202011_16_21%20detailed%20microdata.xlsx","2023-12-19","bd0945f639fa8e8dafd59ca0b63df0276a590616063e26619a0eef9852cbecad",TRUE,""
"madipge-acld11-d-persons-11-16-21","CPRF_P_16","ACLD071","Family Related Data Items","https://www.abs.gov.au/statistics/microdata-tablebuilder/available-microdata-tablebuilder/australian-census-longitudinal-dataset/ACLD%202011_16_21%20detailed%20microdata.xlsx","2023-12-19","bd0945f639fa8e8dafd59ca0b63df0276a590616063e26619a0eef9852cbecad",TRUE,""
"madipge-acld11-d-persons-11-16-21","CPRF_P_21","ACLD071","Family Related Data Items","https://www.abs.gov.au/statistics/microdata-tablebuilder/available-microdata-tablebuilder/australian-census-longitudinal-dataset/ACLD%202011_16_21%20detailed%20microdata.xlsx","2023-12-19","bd0945f639fa8e8dafd59ca0b63df0276a590616063e26619a0eef9852cbecad",TRUE,""
"madipge-acld11-d-persons-11-16-21","CTGP_11","ACLD072","Person Related Data Items","https://www.abs.gov.au/statistics/microdata-tablebuilder/available-microdata-tablebuilder/australian-census-longitudinal-dataset/ACLD%202011_16_21%20detailed%20microdata.xlsx","2023-12-19","bd0945f639fa8e8dafd59ca0b63df0276a590616063e26619a0eef9852cbecad",TRUE,""
"madipge-acld11-d-persons-11-16-21","CTGP_16","ACLD072","Person Related Data Items","https://www.abs.gov.au/statistics/microdata-tablebuilder/available-microdata-tablebuilder/australian-census-longitudinal-dataset/ACLD%202011_16_21%20detailed%20microdata.xlsx","2023-12-19","bd0945f639fa8e8dafd59ca0b63df0276a590616063e26619a0eef9852cbecad",TRUE,""
"madipge-acld11-d-persons-11-16-21","CTGP_21","ACLD073","Person Related Data Items","https://www.abs.gov.au/statistics/microdata-tablebuilder/available-microdata-tablebuilder/australian-census-longitudinal-dataset/ACLD%202011_16_21%20detailed%20microdata.xlsx","2023-12-19","bd0945f639fa8e8dafd59ca0b63df0276a590616063e26619a0eef9852cbecad",TRUE,""
"madipge-acld11-d-persons-11-16-21","CTPP_11","ACLD074","Person Related Data Items","https://www.abs.gov.au/statistics/microdata-tablebuilder/available-microdata-tablebuilder/australian-census-longitudinal-dataset/ACLD%202011_16_21%20detailed%20microdata.xlsx","2023-12-19","bd0945f639fa8e8dafd59ca0b63df0276a590616063e26619a0eef9852cbecad",TRUE,""
"madipge-acld11-d-persons-11-16-21","CTPP_16","ACLD074","Person Related Data Items","https://www.abs.gov.au/statistics/microdata-tablebuilder/available-microdata-tablebuilder/australian-census-longitudinal-dataset/ACLD%202011_16_21%20detailed%20microdata.xlsx","2023-12-19","bd0945f639fa8e8dafd59ca0b63df0276a590616063e26619a0eef9852cbecad",TRUE,""
"madipge-acld11-d-persons-11-16-21","CTPP_21","ACLD075","Person Related Data Items","https://www.abs.gov.au/statistics/microdata-tablebuilder/available-microdata-tablebuilder/australian-census-longitudinal-dataset/ACLD%202011_16_21%20detailed%20microdata.xlsx","2023-12-19","bd0945f639fa8e8dafd59ca0b63df0276a590616063e26619a0eef9852cbecad",TRUE,""
"madipge-acld11-d-persons-11-16-21","CUNCAREF_P_11","ACLD076","Family Related Data Items","https://www.abs.gov.au/statistics/microdata-tablebuilder/available-microdata-tablebuilder/australian-census-longitudinal-dataset/ACLD%202011_16_21%20detailed%20microdata.xlsx","2023-12-19","bd0945f639fa8e8dafd59ca0b63df0276a590616063e26619a0eef9852cbecad",TRUE,""
"madipge-acld11-d-persons-11-16-21","CUNCAREF_P_16","ACLD076","Family Related Data Items","https://www.abs.gov.au/statistics/microdata-tablebuilder/available-microdata-tablebuilder/australian-census-longitudinal-dataset/ACLD%202011_16_21%20detailed%20microdata.xlsx","2023-12-19","bd0945f639fa8e8dafd59ca0b63df0276a590616063e26619a0eef9852cbecad",TRUE,""
"madipge-acld11-d-persons-11-16-21","CUNCAREF_P_21","ACLD076","Family Related Data Items","https://www.abs.gov.au/statistics/microdata-tablebuilder/available-microdata-tablebuilder/australian-census-longitudinal-dataset/ACLD%202011_16_21%20detailed%20microdata.xlsx","2023-12-19","bd0945f639fa8e8dafd59ca0b63df0276a590616063e26619a0eef9852cbecad",TRUE,""
"madipge-acld11-d-persons-11-16-21","CUNCAREH_P_11","ACLD077","Household Related Data Items","https://www.abs.gov.au/statistics/microdata-tablebuilder/available-microdata-tablebuilder/australian-census-longitudinal-dataset/ACLD%202011_16_21%20detailed%20microdata.xlsx","2023-12-19","bd0945f639fa8e8dafd59ca0b63df0276a590616063e26619a0eef9852cbecad",TRUE,""
"madipge-acld11-d-persons-11-16-21","CUNCAREH_P_16","ACLD077","Household Related Data Items","https://www.abs.gov.au/statistics/microdata-tablebuilder/available-microdata-tablebuilder/australian-census-longitudinal-dataset/ACLD%202011_16_21%20detailed%20microdata.xlsx","2023-12-19","bd0945f639fa8e8dafd59ca0b63df0276a590616063e26619a0eef9852cbecad",TRUE,""
"madipge-acld11-d-persons-11-16-21","CUNCAREH_P_21","ACLD077","Household Related Data Items","https://www.abs.gov.au/statistics/microdata-tablebuilder/available-microdata-tablebuilder/australian-census-longitudinal-dataset/ACLD%202011_16_21%20detailed%20microdata.xlsx","2023-12-19","bd0945f639fa8e8dafd59ca0b63df0276a590616063e26619a0eef9852cbecad",TRUE,""
"madipge-acld11-d-persons-11-16-21","DLOD_P_11","ACLD078","Dwelling Related Data Items","https://www.abs.gov.au/statistics/microdata-tablebuilder/available-microdata-tablebuilder/australian-census-longitudinal-dataset/ACLD%202011_16_21%20detailed%20microdata.xlsx","2023-12-19","bd0945f639fa8e8dafd59ca0b63df0276a590616063e26619a0eef9852cbecad",TRUE,""
"madipge-acld11-d-persons-11-16-21","DLOD_P_16","ACLD078","Dwelling Related Data Items","https://www.abs.gov.au/statistics/microdata-tablebuilder/available-microdata-tablebuilder/australian-census-longitudinal-dataset/ACLD%202011_16_21%20detailed%20microdata.xlsx","2023-12-19","bd0945f639fa8e8dafd59ca0b63df0276a590616063e26619a0eef9852cbecad",TRUE,""
"madipge-acld11-d-persons-11-16-21","DLOD_P_21","ACLD078","Dwelling Related Data Items","https://www.abs.gov.au/statistics/microdata-tablebuilder/available-microdata-tablebuilder/australian-census-longitudinal-dataset/ACLD%202011_16_21%20detailed%20microdata.xlsx","2023-12-19","bd0945f639fa8e8dafd59ca0b63df0276a590616063e26619a0eef9852cbecad",TRUE,""
"madipge-acld11-d-persons-11-16-21","DOMP_11","ACLD079","Person Related Data Items","https://www.abs.gov.au/statistics/microdata-tablebuilder/available-microdata-tablebuilder/australian-census-longitudinal-dataset/ACLD%202011_16_21%20detailed%20microdata.xlsx","2023-12-19","bd0945f639fa8e8dafd59ca0b63df0276a590616063e26619a0eef9852cbecad",TRUE,""
"madipge-acld11-d-persons-11-16-21","DOMP_16","ACLD079","Person Related Data Items","https://www.abs.gov.au/statistics/microdata-tablebuilder/available-microdata-tablebuilder/australian-census-longitudinal-dataset/ACLD%202011_16_21%20detailed%20microdata.xlsx","2023-12-19","bd0945f639fa8e8dafd59ca0b63df0276a590616063e26619a0eef9852cbecad",TRUE,""
"madipge-acld11-d-persons-11-16-21","DOMP_21","ACLD079","Person Related Data Items","https://www.abs.gov.au/statistics/microdata-tablebuilder/available-microdata-tablebuilder/australian-census-longitudinal-dataset/ACLD%202011_16_21%20detailed%20microdata.xlsx","2023-12-19","bd0945f639fa8e8dafd59ca0b63df0276a590616063e26619a0eef9852cbecad",TRUE,""
"madipge-acld11-d-persons-11-16-21","DOMP_FP_11","ACLD079","Female Parent Related Data","https://www.abs.gov.au/statistics/microdata-tablebuilder/available-microdata-tablebuilder/australian-census-longitudinal-dataset/ACLD%202011_16_21%20detailed%20microdata.xlsx","2023-12-19","bd0945f639fa8e8dafd59ca0b63df0276a590616063e26619a0eef9852cbecad",TRUE,""
"madipge-acld11-d-persons-11-16-21","DOMP_FP_16","ACLD079","Female Parent Related Data","https://www.abs.gov.au/statistics/microdata-tablebuilder/available-microdata-tablebuilder/australian-census-longitudinal-dataset/ACLD%202011_16_21%20detailed%20microdata.xlsx","2023-12-19","bd0945f639fa8e8dafd59ca0b63df0276a590616063e26619a0eef9852cbecad",TRUE,""
"madipge-acld11-d-persons-11-16-21","DOMP_FP_21","ACLD079","Female Parent Related Data","https://www.abs.gov.au/statistics/microdata-tablebuilder/available-microdata-tablebuilder/australian-census-longitudinal-dataset/ACLD%202011_16_21%20detailed%20microdata.xlsx","2023-12-19","bd0945f639fa8e8dafd59ca0b63df0276a590616063e26619a0eef9852cbecad",TRUE,""
"madipge-acld11-d-persons-11-16-21","DOMP_MP_11","ACLD079","Male Parent Related Data Items","https://www.abs.gov.au/statistics/microdata-tablebuilder/available-microdata-tablebuilder/australian-census-longitudinal-dataset/ACLD%202011_16_21%20detailed%20microdata.xlsx","2023-12-19","bd0945f639fa8e8dafd59ca0b63df0276a590616063e26619a0eef9852cbecad",TRUE,""
"madipge-acld11-d-persons-11-16-21","DOMP_MP_16","ACLD079","Male Parent Related Data Items","https://www.abs.gov.au/statistics/microdata-tablebuilder/available-microdata-tablebuilder/australian-census-longitudinal-dataset/ACLD%202011_16_21%20detailed%20microdata.xlsx","2023-12-19","bd0945f639fa8e8dafd59ca0b63df0276a590616063e26619a0eef9852cbecad",TRUE,""
"madipge-acld11-d-persons-11-16-21","DOMP_MP_21","ACLD079","Male Parent Related Data Items","https://www.abs.gov.au/statistics/microdata-tablebuilder/available-microdata-tablebuilder/australian-census-longitudinal-dataset/ACLD%202011_16_21%20detailed%20microdata.xlsx","2023-12-19","bd0945f639fa8e8dafd59ca0b63df0276a590616063e26619a0eef9852cbecad",TRUE,""
"madipge-acld11-d-persons-11-16-21","DOMP_SP_11","ACLD079","Spouse or Partner Data Items","https://www.abs.gov.au/statistics/microdata-tablebuilder/available-microdata-tablebuilder/australian-census-longitudinal-dataset/ACLD%202011_16_21%20detailed%20microdata.xlsx","2023-12-19","bd0945f639fa8e8dafd59ca0b63df0276a590616063e26619a0eef9852cbecad",TRUE,""
"madipge-acld11-d-persons-11-16-21","DOMP_SP_16","ACLD079","Spouse or Partner Data Items","https://www.abs.gov.au/statistics/microdata-tablebuilder/available-microdata-tablebuilder/australian-census-longitudinal-dataset/ACLD%202011_16_21%20detailed%20microdata.xlsx","2023-12-19","bd0945f639fa8e8dafd59ca0b63df0276a590616063e26619a0eef9852cbecad",TRUE,""
"madipge-acld11-d-persons-11-16-21","DOMP_SP_21","ACLD079","Spouse or Partner Data Items","https://www.abs.gov.au/statistics/microdata-tablebuilder/available-microdata-tablebuilder/australian-census-longitudinal-dataset/ACLD%202011_16_21%20detailed%20microdata.xlsx","2023-12-19","bd0945f639fa8e8dafd59ca0b63df0276a590616063e26619a0eef9852cbecad",TRUE,""
"madipge-acld11-d-persons-11-16-21","DWTD_P_11","ACLD080","Dwelling Related Data Items","https://www.abs.gov.au/statistics/microdata-tablebuilder/available-microdata-tablebuilder/australian-census-longitudinal-dataset/ACLD%202011_16_21%20detailed%20microdata.xlsx","2023-12-19","bd0945f639fa8e8dafd59ca0b63df0276a590616063e26619a0eef9852cbecad",TRUE,""
"madipge-acld11-d-persons-11-16-21","DWTD_P_16","ACLD080","Dwelling Related Data Items","https://www.abs.gov.au/statistics/microdata-tablebuilder/available-microdata-tablebuilder/australian-census-longitudinal-dataset/ACLD%202011_16_21%20detailed%20microdata.xlsx","2023-12-19","bd0945f639fa8e8dafd59ca0b63df0276a590616063e26619a0eef9852cbecad",TRUE,""
"madipge-acld11-d-persons-11-16-21","DWTD_P_21","ACLD080","Dwelling Related Data Items","https://www.abs.gov.au/statistics/microdata-tablebuilder/available-microdata-tablebuilder/australian-census-longitudinal-dataset/ACLD%202011_16_21%20detailed%20microdata.xlsx","2023-12-19","bd0945f639fa8e8dafd59ca0b63df0276a590616063e26619a0eef9852cbecad",TRUE,""
"madipge-acld11-d-persons-11-16-21","EETP_16","","","https://www.abs.gov.au/statistics/microdata-tablebuilder/available-microdata-tablebuilder/australian-census-longitudinal-dataset/ACLD%202011_16_21%20detailed%20microdata.xlsx","2023-12-19","bd0945f639fa8e8dafd59ca0b63df0276a590616063e26619a0eef9852cbecad",FALSE,"not_enumerated_in_workbook"
"madipge-acld11-d-persons-11-16-21","EETP_21","","","https://www.abs.gov.au/statistics/microdata-tablebuilder/available-microdata-tablebuilder/australian-census-longitudinal-dataset/ACLD%202011_16_21%20detailed%20microdata.xlsx","2023-12-19","bd0945f639fa8e8dafd59ca0b63df0276a590616063e26619a0eef9852cbecad",FALSE,"not_enumerated_in_workbook"
"madipge-acld11-d-persons-11-16-21","EETP_FP_16","ACLD081","Female Parent Related Data","https://www.abs.gov.au/statistics/microdata-tablebuilder/available-microdata-tablebuilder/australian-census-longitudinal-dataset/ACLD%202011_16_21%20detailed%20microdata.xlsx","2023-12-19","bd0945f639fa8e8dafd59ca0b63df0276a590616063e26619a0eef9852cbecad",TRUE,""
"madipge-acld11-d-persons-11-16-21","EETP_FP_21","ACLD081","Female Parent Related Data","https://www.abs.gov.au/statistics/microdata-tablebuilder/available-microdata-tablebuilder/australian-census-longitudinal-dataset/ACLD%202011_16_21%20detailed%20microdata.xlsx","2023-12-19","bd0945f639fa8e8dafd59ca0b63df0276a590616063e26619a0eef9852cbecad",TRUE,""
"madipge-acld11-d-persons-11-16-21","EETP_MP_16","ACLD081","Male Parent Related Data Items","https://www.abs.gov.au/statistics/microdata-tablebuilder/available-microdata-tablebuilder/australian-census-longitudinal-dataset/ACLD%202011_16_21%20detailed%20microdata.xlsx","2023-12-19","bd0945f639fa8e8dafd59ca0b63df0276a590616063e26619a0eef9852cbecad",TRUE,""
"madipge-acld11-d-persons-11-16-21","EETP_MP_21","ACLD081","Male Parent Related Data Items","https://www.abs.gov.au/statistics/microdata-tablebuilder/available-microdata-tablebuilder/australian-census-longitudinal-dataset/ACLD%202011_16_21%20detailed%20microdata.xlsx","2023-12-19","bd0945f639fa8e8dafd59ca0b63df0276a590616063e26619a0eef9852cbecad",TRUE,""
"madipge-acld11-d-persons-11-16-21","EETP_SP_16","ACLD081","Spouse or Partner Data Items","https://www.abs.gov.au/statistics/microdata-tablebuilder/available-microdata-tablebuilder/australian-census-longitudinal-dataset/ACLD%202011_16_21%20detailed%20microdata.xlsx","2023-12-19","bd0945f639fa8e8dafd59ca0b63df0276a590616063e26619a0eef9852cbecad",TRUE,""
"madipge-acld11-d-persons-11-16-21","EETP_SP_21","ACLD081","Spouse or Partner Data Items","https://www.abs.gov.au/statistics/microdata-tablebuilder/available-microdata-tablebuilder/australian-census-longitudinal-dataset/ACLD%202011_16_21%20detailed%20microdata.xlsx","2023-12-19","bd0945f639fa8e8dafd59ca0b63df0276a590616063e26619a0eef9852cbecad",TRUE,""
"madipge-acld11-d-persons-11-16-21","EMPP_11","ACLD082","Person Related Data Items","https://www.abs.gov.au/statistics/microdata-tablebuilder/available-microdata-tablebuilder/australian-census-longitudinal-dataset/ACLD%202011_16_21%20detailed%20microdata.xlsx","2023-12-19","bd0945f639fa8e8dafd59ca0b63df0276a590616063e26619a0eef9852cbecad",TRUE,""
"madipge-acld11-d-persons-11-16-21","EMPP_16","ACLD082","Person Related Data Items","https://www.abs.gov.au/statistics/microdata-tablebuilder/available-microdata-tablebuilder/australian-census-longitudinal-dataset/ACLD%202011_16_21%20detailed%20microdata.xlsx","2023-12-19","bd0945f639fa8e8dafd59ca0b63df0276a590616063e26619a0eef9852cbecad",TRUE,""
"madipge-acld11-d-persons-11-16-21","EMPP_21","ACLD082","Person Related Data Items","https://www.abs.gov.au/statistics/microdata-tablebuilder/available-microdata-tablebuilder/australian-census-longitudinal-dataset/ACLD%202011_16_21%20detailed%20microdata.xlsx","2023-12-19","bd0945f639fa8e8dafd59ca0b63df0276a590616063e26619a0eef9852cbecad",TRUE,""
"madipge-acld11-d-persons-11-16-21","EMTP_11","ACLD083","Person Related Data Items","https://www.abs.gov.au/statistics/microdata-tablebuilder/available-microdata-tablebuilder/australian-census-longitudinal-dataset/ACLD%202011_16_21%20detailed%20microdata.xlsx","2023-12-19","bd0945f639fa8e8dafd59ca0b63df0276a590616063e26619a0eef9852cbecad",TRUE,""
"madipge-acld11-d-persons-11-16-21","EMTP_16","ACLD083","Person Related Data Items","https://www.abs.gov.au/statistics/microdata-tablebuilder/available-microdata-tablebuilder/australian-census-longitudinal-dataset/ACLD%202011_16_21%20detailed%20microdata.xlsx","2023-12-19","bd0945f639fa8e8dafd59ca0b63df0276a590616063e26619a0eef9852cbecad",TRUE,""
"madipge-acld11-d-persons-11-16-21","EMTP_21","ACLD083","Person Related Data Items","https://www.abs.gov.au/statistics/microdata-tablebuilder/available-microdata-tablebuilder/australian-census-longitudinal-dataset/ACLD%202011_16_21%20detailed%20microdata.xlsx","2023-12-19","bd0945f639fa8e8dafd59ca0b63df0276a590616063e26619a0eef9852cbecad",TRUE,""
"madipge-acld11-d-persons-11-16-21","EMTP_FP_11","ACLD083","Female Parent Related Data","https://www.abs.gov.au/statistics/microdata-tablebuilder/available-microdata-tablebuilder/australian-census-longitudinal-dataset/ACLD%202011_16_21%20detailed%20microdata.xlsx","2023-12-19","bd0945f639fa8e8dafd59ca0b63df0276a590616063e26619a0eef9852cbecad",TRUE,""
"madipge-acld11-d-persons-11-16-21","EMTP_FP_16","ACLD083","Female Parent Related Data","https://www.abs.gov.au/statistics/microdata-tablebuilder/available-microdata-tablebuilder/australian-census-longitudinal-dataset/ACLD%202011_16_21%20detailed%20microdata.xlsx","2023-12-19","bd0945f639fa8e8dafd59ca0b63df0276a590616063e26619a0eef9852cbecad",TRUE,""
"madipge-acld11-d-persons-11-16-21","EMTP_FP_21","ACLD083","Female Parent Related Data","https://www.abs.gov.au/statistics/microdata-tablebuilder/available-microdata-tablebuilder/australian-census-longitudinal-dataset/ACLD%202011_16_21%20detailed%20microdata.xlsx","2023-12-19","bd0945f639fa8e8dafd59ca0b63df0276a590616063e26619a0eef9852cbecad",TRUE,""
"madipge-acld11-d-persons-11-16-21","EMTP_MP_11","ACLD083","Male Parent Related Data Items","https://www.abs.gov.au/statistics/microdata-tablebuilder/available-microdata-tablebuilder/australian-census-longitudinal-dataset/ACLD%202011_16_21%20detailed%20microdata.xlsx","2023-12-19","bd0945f639fa8e8dafd59ca0b63df0276a590616063e26619a0eef9852cbecad",TRUE,""
"madipge-acld11-d-persons-11-16-21","EMTP_MP_16","ACLD083","Male Parent Related Data Items","https://www.abs.gov.au/statistics/microdata-tablebuilder/available-microdata-tablebuilder/australian-census-longitudinal-dataset/ACLD%202011_16_21%20detailed%20microdata.xlsx","2023-12-19","bd0945f639fa8e8dafd59ca0b63df0276a590616063e26619a0eef9852cbecad",TRUE,""
"madipge-acld11-d-persons-11-16-21","EMTP_MP_21","ACLD083","Male Parent Related Data Items","https://www.abs.gov.au/statistics/microdata-tablebuilder/available-microdata-tablebuilder/australian-census-longitudinal-dataset/ACLD%202011_16_21%20detailed%20microdata.xlsx","2023-12-19","bd0945f639fa8e8dafd59ca0b63df0276a590616063e26619a0eef9852cbecad",TRUE,""
"madipge-acld11-d-persons-11-16-21","EMTP_SP_11","ACLD083","Spouse or Partner Data Items","https://www.abs.gov.au/statistics/microdata-tablebuilder/available-microdata-tablebuilder/australian-census-longitudinal-dataset/ACLD%202011_16_21%20detailed%20microdata.xlsx","2023-12-19","bd0945f639fa8e8dafd59ca0b63df0276a590616063e26619a0eef9852cbecad",TRUE,""
"madipge-acld11-d-persons-11-16-21","EMTP_SP_16","ACLD083","Spouse or Partner Data Items","https://www.abs.gov.au/statistics/microdata-tablebuilder/available-microdata-tablebuilder/australian-census-longitudinal-dataset/ACLD%202011_16_21%20detailed%20microdata.xlsx","2023-12-19","bd0945f639fa8e8dafd59ca0b63df0276a590616063e26619a0eef9852cbecad",TRUE,""
"madipge-acld11-d-persons-11-16-21","EMTP_SP_21","ACLD083","Spouse or Partner Data Items","https://www.abs.gov.au/statistics/microdata-tablebuilder/available-microdata-tablebuilder/australian-census-longitudinal-dataset/ACLD%202011_16_21%20detailed%20microdata.xlsx","2023-12-19","bd0945f639fa8e8dafd59ca0b63df0276a590616063e26619a0eef9852cbecad",TRUE,""
"madipge-acld11-d-persons-11-16-21","ENGLP_11","ACLD084","Person Related Data Items","https://www.abs.gov.au/statistics/microdata-tablebuilder/available-microdata-tablebuilder/australian-census-longitudinal-dataset/ACLD%202011_16_21%20detailed%20microdata.xlsx","2023-12-19","bd0945f639fa8e8dafd59ca0b63df0276a590616063e26619a0eef9852cbecad",TRUE,""
"madipge-acld11-d-persons-11-16-21","ENGLP_16","ACLD084","Person Related Data Items","https://www.abs.gov.au/statistics/microdata-tablebuilder/available-microdata-tablebuilder/australian-census-longitudinal-dataset/ACLD%202011_16_21%20detailed%20microdata.xlsx","2023-12-19","bd0945f639fa8e8dafd59ca0b63df0276a590616063e26619a0eef9852cbecad",TRUE,""
"madipge-acld11-d-persons-11-16-21","ENGLP_21","ACLD085","Person Related Data Items","https://www.abs.gov.au/statistics/microdata-tablebuilder/available-microdata-tablebuilder/australian-census-longitudinal-dataset/ACLD%202011_16_21%20detailed%20microdata.xlsx","2023-12-19","bd0945f639fa8e8dafd59ca0b63df0276a590616063e26619a0eef9852cbecad",TRUE,""
"madipge-acld11-d-persons-11-16-21","ENGP_11","ACLD086","Person Related Data Items","https://www.abs.gov.au/statistics/microdata-tablebuilder/available-microdata-tablebuilder/australian-census-longitudinal-dataset/ACLD%202011_16_21%20detailed%20microdata.xlsx","2023-12-19","bd0945f639fa8e8dafd59ca0b63df0276a590616063e26619a0eef9852cbecad",TRUE,""
"madipge-acld11-d-persons-11-16-21","ENGP_16","ACLD086","Person Related Data Items","https://www.abs.gov.au/statistics/microdata-tablebuilder/available-microdata-tablebuilder/australian-census-longitudinal-dataset/ACLD%202011_16_21%20detailed%20microdata.xlsx","2023-12-19","bd0945f639fa8e8dafd59ca0b63df0276a590616063e26619a0eef9852cbecad",TRUE,""
"madipge-acld11-d-persons-11-16-21","ENGP_21","ACLD086","Person Related Data Items","https://www.abs.gov.au/statistics/microdata-tablebuilder/available-microdata-tablebuilder/australian-census-longitudinal-dataset/ACLD%202011_16_21%20detailed%20microdata.xlsx","2023-12-19","bd0945f639fa8e8dafd59ca0b63df0276a590616063e26619a0eef9852cbecad",TRUE,""
"madipge-acld11-d-persons-11-16-21","ENGP_FP_11","ACLD086","Female Parent Related Data","https://www.abs.gov.au/statistics/microdata-tablebuilder/available-microdata-tablebuilder/australian-census-longitudinal-dataset/ACLD%202011_16_21%20detailed%20microdata.xlsx","2023-12-19","bd0945f639fa8e8dafd59ca0b63df0276a590616063e26619a0eef9852cbecad",TRUE,""
"madipge-acld11-d-persons-11-16-21","ENGP_FP_16","ACLD086","Female Parent Related Data","https://www.abs.gov.au/statistics/microdata-tablebuilder/available-microdata-tablebuilder/australian-census-longitudinal-dataset/ACLD%202011_16_21%20detailed%20microdata.xlsx","2023-12-19","bd0945f639fa8e8dafd59ca0b63df0276a590616063e26619a0eef9852cbecad",TRUE,""
"madipge-acld11-d-persons-11-16-21","ENGP_FP_21","ACLD086","Female Parent Related Data","https://www.abs.gov.au/statistics/microdata-tablebuilder/available-microdata-tablebuilder/australian-census-longitudinal-dataset/ACLD%202011_16_21%20detailed%20microdata.xlsx","2023-12-19","bd0945f639fa8e8dafd59ca0b63df0276a590616063e26619a0eef9852cbecad",TRUE,""
"madipge-acld11-d-persons-11-16-21","ENGP_MP_11","ACLD086","Male Parent Related Data Items","https://www.abs.gov.au/statistics/microdata-tablebuilder/available-microdata-tablebuilder/australian-census-longitudinal-dataset/ACLD%202011_16_21%20detailed%20microdata.xlsx","2023-12-19","bd0945f639fa8e8dafd59ca0b63df0276a590616063e26619a0eef9852cbecad",TRUE,""
"madipge-acld11-d-persons-11-16-21","ENGP_MP_16","ACLD086","Male Parent Related Data Items","https://www.abs.gov.au/statistics/microdata-tablebuilder/available-microdata-tablebuilder/australian-census-longitudinal-dataset/ACLD%202011_16_21%20detailed%20microdata.xlsx","2023-12-19","bd0945f639fa8e8dafd59ca0b63df0276a590616063e26619a0eef9852cbecad",TRUE,""
"madipge-acld11-d-persons-11-16-21","ENGP_MP_21","ACLD086","Male Parent Related Data Items","https://www.abs.gov.au/statistics/microdata-tablebuilder/available-microdata-tablebuilder/australian-census-longitudinal-dataset/ACLD%202011_16_21%20detailed%20microdata.xlsx","2023-12-19","bd0945f639fa8e8dafd59ca0b63df0276a590616063e26619a0eef9852cbecad",TRUE,""
"madipge-acld11-d-persons-11-16-21","ENGP_SP_11","ACLD086","Spouse or Partner Data Items","https://www.abs.gov.au/statistics/microdata-tablebuilder/available-microdata-tablebuilder/australian-census-longitudinal-dataset/ACLD%202011_16_21%20detailed%20microdata.xlsx","2023-12-19","bd0945f639fa8e8dafd59ca0b63df0276a590616063e26619a0eef9852cbecad",TRUE,""
"madipge-acld11-d-persons-11-16-21","ENGP_SP_16","ACLD086","Spouse or Partner Data Items","https://www.abs.gov.au/statistics/microdata-tablebuilder/available-microdata-tablebuilder/australian-census-longitudinal-dataset/ACLD%202011_16_21%20detailed%20microdata.xlsx","2023-12-19","bd0945f639fa8e8dafd59ca0b63df0276a590616063e26619a0eef9852cbecad",TRUE,""
"madipge-acld11-d-persons-11-16-21","ENGP_SP_21","ACLD086","Spouse or Partner Data Items","https://www.abs.gov.au/statistics/microdata-tablebuilder/available-microdata-tablebuilder/australian-census-longitudinal-dataset/ACLD%202011_16_21%20detailed%20microdata.xlsx","2023-12-19","bd0945f639fa8e8dafd59ca0b63df0276a590616063e26619a0eef9852cbecad",TRUE,""
"madipge-acld11-d-persons-11-16-21","FBLF_P_11","ACLD087","Family Related Data Items","https://www.abs.gov.au/statistics/microdata-tablebuilder/available-microdata-tablebuilder/australian-census-longitudinal-dataset/ACLD%202011_16_21%20detailed%20microdata.xlsx","2023-12-19","bd0945f639fa8e8dafd59ca0b63df0276a590616063e26619a0eef9852cbecad",TRUE,""
"madipge-acld11-d-persons-11-16-21","FBLF_P_16","ACLD087","Family Related Data Items","https://www.abs.gov.au/statistics/microdata-tablebuilder/available-microdata-tablebuilder/australian-census-longitudinal-dataset/ACLD%202011_16_21%20detailed%20microdata.xlsx","2023-12-19","bd0945f639fa8e8dafd59ca0b63df0276a590616063e26619a0eef9852cbecad",TRUE,""
"madipge-acld11-d-persons-11-16-21","FBLF_P_21","ACLD087","Family Related Data Items","https://www.abs.gov.au/statistics/microdata-tablebuilder/available-microdata-tablebuilder/australian-census-longitudinal-dataset/ACLD%202011_16_21%20detailed%20microdata.xlsx","2023-12-19","bd0945f639fa8e8dafd59ca0b63df0276a590616063e26619a0eef9852cbecad",TRUE,""
"madipge-acld11-d-persons-11-16-21","FIDF_P_11","ACLD088","Family Related Data Items","https://www.abs.gov.au/statistics/microdata-tablebuilder/available-microdata-tablebuilder/australian-census-longitudinal-dataset/ACLD%202011_16_21%20detailed%20microdata.xlsx","2023-12-19","bd0945f639fa8e8dafd59ca0b63df0276a590616063e26619a0eef9852cbecad",TRUE,""
"madipge-acld11-d-persons-11-16-21","FIDF_P_16","ACLD088","Family Related Data Items","https://www.abs.gov.au/statistics/microdata-tablebuilder/available-microdata-tablebuilder/australian-census-longitudinal-dataset/ACLD%202011_16_21%20detailed%20microdata.xlsx","2023-12-19","bd0945f639fa8e8dafd59ca0b63df0276a590616063e26619a0eef9852cbecad",TRUE,""
"madipge-acld11-d-persons-11-16-21","FIDF_P_21","ACLD089","Family Related Data Items","https://www.abs.gov.au/statistics/microdata-tablebuilder/available-microdata-tablebuilder/australian-census-longitudinal-dataset/ACLD%202011_16_21%20detailed%20microdata.xlsx","2023-12-19","bd0945f639fa8e8dafd59ca0b63df0276a590616063e26619a0eef9852cbecad",TRUE,""
"madipge-acld11-d-persons-11-16-21","FINASF_P_11","ACLD090","Family Related Data Items","https://www.abs.gov.au/statistics/microdata-tablebuilder/available-microdata-tablebuilder/australian-census-longitudinal-dataset/ACLD%202011_16_21%20detailed%20microdata.xlsx","2023-12-19","bd0945f639fa8e8dafd59ca0b63df0276a590616063e26619a0eef9852cbecad",TRUE,""
"madipge-acld11-d-persons-11-16-21","FINASF_P_16","ACLD091","Family Related Data Items","https://www.abs.gov.au/statistics/microdata-tablebuilder/available-microdata-tablebuilder/australian-census-longitudinal-dataset/ACLD%202011_16_21%20detailed%20microdata.xlsx","2023-12-19","bd0945f639fa8e8dafd59ca0b63df0276a590616063e26619a0eef9852cbecad",TRUE,""
"madipge-acld11-d-persons-11-16-21","FINASF_P_21","ACLD091","Family Related Data Items","https://www.abs.gov.au/statistics/microdata-tablebuilder/available-microdata-tablebuilder/australian-census-longitudinal-dataset/ACLD%202011_16_21%20detailed%20microdata.xlsx","2023-12-19","bd0945f639fa8e8dafd59ca0b63df0276a590616063e26619a0eef9852cbecad",TRUE,""
"madipge-acld11-d-persons-11-16-21","FINF_P_11","ACLD092","Family Related Data Items","https://www.abs.gov.au/statistics/microdata-tablebuilder/available-microdata-tablebuilder/australian-census-longitudinal-dataset/ACLD%202011_16_21%20detailed%20microdata.xlsx","2023-12-19","bd0945f639fa8e8dafd59ca0b63df0276a590616063e26619a0eef9852cbecad",TRUE,""
"madipge-acld11-d-persons-11-16-21","FINF_P_16","ACLD093","Family Related Data Items","https://www.abs.gov.au/statistics/microdata-tablebuilder/available-microdata-tablebuilder/australian-census-longitudinal-dataset/ACLD%202011_16_21%20detailed%20microdata.xlsx","2023-12-19","bd0945f639fa8e8dafd59ca0b63df0276a590616063e26619a0eef9852cbecad",TRUE,""
"madipge-acld11-d-persons-11-16-21","FINF_P_21","ACLD093","Family Related Data Items","https://www.abs.gov.au/statistics/microdata-tablebuilder/available-microdata-tablebuilder/australian-census-longitudinal-dataset/ACLD%202011_16_21%20detailed%20microdata.xlsx","2023-12-19","bd0945f639fa8e8dafd59ca0b63df0276a590616063e26619a0eef9852cbecad",TRUE,""
"madipge-acld11-d-persons-11-16-21","FMCF_P_11","ACLD094","Family Related Data Items","https://www.abs.gov.au/statistics/microdata-tablebuilder/available-microdata-tablebuilder/australian-census-longitudinal-dataset/ACLD%202011_16_21%20detailed%20microdata.xlsx","2023-12-19","bd0945f639fa8e8dafd59ca0b63df0276a590616063e26619a0eef9852cbecad",TRUE,""
"madipge-acld11-d-persons-11-16-21","FMCF_P_16","ACLD094","Family Related Data Items","https://www.abs.gov.au/statistics/microdata-tablebuilder/available-microdata-tablebuilder/australian-census-longitudinal-dataset/ACLD%202011_16_21%20detailed%20microdata.xlsx","2023-12-19","bd0945f639fa8e8dafd59ca0b63df0276a590616063e26619a0eef9852cbecad",TRUE,""
"madipge-acld11-d-persons-11-16-21","FMCF_P_21","ACLD094","Family Related Data Items","https://www.abs.gov.au/statistics/microdata-tablebuilder/available-microdata-tablebuilder/australian-census-longitudinal-dataset/ACLD%202011_16_21%20detailed%20microdata.xlsx","2023-12-19","bd0945f639fa8e8dafd59ca0b63df0276a590616063e26619a0eef9852cbecad",TRUE,""
"madipge-acld11-d-persons-11-16-21","FMGF_P_11","ACLD095","Family Related Data Items","https://www.abs.gov.au/statistics/microdata-tablebuilder/available-microdata-tablebuilder/australian-census-longitudinal-dataset/ACLD%202011_16_21%20detailed%20microdata.xlsx","2023-12-19","bd0945f639fa8e8dafd59ca0b63df0276a590616063e26619a0eef9852cbecad",TRUE,""
"madipge-acld11-d-persons-11-16-21","FMGF_P_16","ACLD095","Family Related Data Items","https://www.abs.gov.au/statistics/microdata-tablebuilder/available-microdata-tablebuilder/australian-census-longitudinal-dataset/ACLD%202011_16_21%20detailed%20microdata.xlsx","2023-12-19","bd0945f639fa8e8dafd59ca0b63df0276a590616063e26619a0eef9852cbecad",TRUE,""
"madipge-acld11-d-persons-11-16-21","FMGF_P_21","ACLD095","Family Related Data Items","https://www.abs.gov.au/statistics/microdata-tablebuilder/available-microdata-tablebuilder/australian-census-longitudinal-dataset/ACLD%202011_16_21%20detailed%20microdata.xlsx","2023-12-19","bd0945f639fa8e8dafd59ca0b63df0276a590616063e26619a0eef9852cbecad",TRUE,""
"madipge-acld11-d-persons-11-16-21","FTPP_16","ACLD096","Person Related Data Items","https://www.abs.gov.au/statistics/microdata-tablebuilder/available-microdata-tablebuilder/australian-census-longitudinal-dataset/ACLD%202011_16_21%20detailed%20microdata.xlsx","2023-12-19","bd0945f639fa8e8dafd59ca0b63df0276a590616063e26619a0eef9852cbecad",TRUE,""
"madipge-acld11-d-persons-11-16-21","FTPP_21","ACLD097","Person Related Data Items","https://www.abs.gov.au/statistics/microdata-tablebuilder/available-microdata-tablebuilder/australian-census-longitudinal-dataset/ACLD%202011_16_21%20detailed%20microdata.xlsx","2023-12-19","bd0945f639fa8e8dafd59ca0b63df0276a590616063e26619a0eef9852cbecad",TRUE,""
"madipge-acld11-d-persons-11-16-21","GNGP_11","ACLD098","Person Related Data Items","https://www.abs.gov.au/statistics/microdata-tablebuilder/available-microdata-tablebuilder/australian-census-longitudinal-dataset/ACLD%202011_16_21%20detailed%20microdata.xlsx","2023-12-19","bd0945f639fa8e8dafd59ca0b63df0276a590616063e26619a0eef9852cbecad",TRUE,""
"madipge-acld11-d-persons-11-16-21","GNGP_16","ACLD098","Person Related Data Items","https://www.abs.gov.au/statistics/microdata-tablebuilder/available-microdata-tablebuilder/australian-census-longitudinal-dataset/ACLD%202011_16_21%20detailed%20microdata.xlsx","2023-12-19","bd0945f639fa8e8dafd59ca0b63df0276a590616063e26619a0eef9852cbecad",TRUE,""
"madipge-acld11-d-persons-11-16-21","GNGP_21","ACLD098","Person Related Data Items","https://www.abs.gov.au/statistics/microdata-tablebuilder/available-microdata-tablebuilder/australian-census-longitudinal-dataset/ACLD%202011_16_21%20detailed%20microdata.xlsx","2023-12-19","bd0945f639fa8e8dafd59ca0b63df0276a590616063e26619a0eef9852cbecad",TRUE,""
"madipge-acld11-d-persons-11-16-21","GNGP_FP_11","ACLD098","Female Parent Related Data","https://www.abs.gov.au/statistics/microdata-tablebuilder/available-microdata-tablebuilder/australian-census-longitudinal-dataset/ACLD%202011_16_21%20detailed%20microdata.xlsx","2023-12-19","bd0945f639fa8e8dafd59ca0b63df0276a590616063e26619a0eef9852cbecad",TRUE,""
"madipge-acld11-d-persons-11-16-21","GNGP_FP_16","ACLD098","Female Parent Related Data","https://www.abs.gov.au/statistics/microdata-tablebuilder/available-microdata-tablebuilder/australian-census-longitudinal-dataset/ACLD%202011_16_21%20detailed%20microdata.xlsx","2023-12-19","bd0945f639fa8e8dafd59ca0b63df0276a590616063e26619a0eef9852cbecad",TRUE,""
"madipge-acld11-d-persons-11-16-21","GNGP_FP_21","ACLD098","Female Parent Related Data","https://www.abs.gov.au/statistics/microdata-tablebuilder/available-microdata-tablebuilder/australian-census-longitudinal-dataset/ACLD%202011_16_21%20detailed%20microdata.xlsx","2023-12-19","bd0945f639fa8e8dafd59ca0b63df0276a590616063e26619a0eef9852cbecad",TRUE,""
"madipge-acld11-d-persons-11-16-21","GNGP_MP_11","ACLD098","Male Parent Related Data Items","https://www.abs.gov.au/statistics/microdata-tablebuilder/available-microdata-tablebuilder/australian-census-longitudinal-dataset/ACLD%202011_16_21%20detailed%20microdata.xlsx","2023-12-19","bd0945f639fa8e8dafd59ca0b63df0276a590616063e26619a0eef9852cbecad",TRUE,""
"madipge-acld11-d-persons-11-16-21","GNGP_MP_16","ACLD098","Male Parent Related Data Items","https://www.abs.gov.au/statistics/microdata-tablebuilder/available-microdata-tablebuilder/australian-census-longitudinal-dataset/ACLD%202011_16_21%20detailed%20microdata.xlsx","2023-12-19","bd0945f639fa8e8dafd59ca0b63df0276a590616063e26619a0eef9852cbecad",TRUE,""
"madipge-acld11-d-persons-11-16-21","GNGP_MP_21","ACLD098","Male Parent Related Data Items","https://www.abs.gov.au/statistics/microdata-tablebuilder/available-microdata-tablebuilder/australian-census-longitudinal-dataset/ACLD%202011_16_21%20detailed%20microdata.xlsx","2023-12-19","bd0945f639fa8e8dafd59ca0b63df0276a590616063e26619a0eef9852cbecad",TRUE,""
"madipge-acld11-d-persons-11-16-21","GNGP_SP_11","ACLD098","Spouse or Partner Data Items","https://www.abs.gov.au/statistics/microdata-tablebuilder/available-microdata-tablebuilder/australian-census-longitudinal-dataset/ACLD%202011_16_21%20detailed%20microdata.xlsx","2023-12-19","bd0945f639fa8e8dafd59ca0b63df0276a590616063e26619a0eef9852cbecad",TRUE,""
"madipge-acld11-d-persons-11-16-21","GNGP_SP_16","ACLD098","Spouse or Partner Data Items","https://www.abs.gov.au/statistics/microdata-tablebuilder/available-microdata-tablebuilder/australian-census-longitudinal-dataset/ACLD%202011_16_21%20detailed%20microdata.xlsx","2023-12-19","bd0945f639fa8e8dafd59ca0b63df0276a590616063e26619a0eef9852cbecad",TRUE,""
"madipge-acld11-d-persons-11-16-21","GNGP_SP_21","ACLD098","Spouse or Partner Data Items","https://www.abs.gov.au/statistics/microdata-tablebuilder/available-microdata-tablebuilder/australian-census-longitudinal-dataset/ACLD%202011_16_21%20detailed%20microdata.xlsx","2023-12-19","bd0945f639fa8e8dafd59ca0b63df0276a590616063e26619a0eef9852cbecad",TRUE,""
"madipge-acld11-d-persons-11-16-21","HCFMD_P_11","ACLD099","Dwelling Related Data Items","https://www.abs.gov.au/statistics/microdata-tablebuilder/available-microdata-tablebuilder/australian-census-longitudinal-dataset/ACLD%202011_16_21%20detailed%20microdata.xlsx","2023-12-19","bd0945f639fa8e8dafd59ca0b63df0276a590616063e26619a0eef9852cbecad",TRUE,""
"madipge-acld11-d-persons-11-16-21","HCFMD_P_16","ACLD099","Dwelling Related Data Items","https://www.abs.gov.au/statistics/microdata-tablebuilder/available-microdata-tablebuilder/australian-census-longitudinal-dataset/ACLD%202011_16_21%20detailed%20microdata.xlsx","2023-12-19","bd0945f639fa8e8dafd59ca0b63df0276a590616063e26619a0eef9852cbecad",TRUE,""
"madipge-acld11-d-persons-11-16-21","HCFMD_P_21","ACLD100","Dwelling Related Data Items","https://www.abs.gov.au/statistics/microdata-tablebuilder/available-microdata-tablebuilder/australian-census-longitudinal-dataset/ACLD%202011_16_21%20detailed%20microdata.xlsx","2023-12-19","bd0945f639fa8e8dafd59ca0b63df0276a590616063e26619a0eef9852cbecad",TRUE,""
"madipge-acld11-d-persons-11-16-21","HEAF_P_11","ACLD101","Family Related Data Items","https://www.abs.gov.au/statistics/microdata-tablebuilder/available-microdata-tablebuilder/australian-census-longitudinal-dataset/ACLD%202011_16_21%20detailed%20microdata.xlsx","2023-12-19","bd0945f639fa8e8dafd59ca0b63df0276a590616063e26619a0eef9852cbecad",TRUE,""
"madipge-acld11-d-persons-11-16-21","HEAF_P_16","ACLD101","Family Related Data Items","https://www.abs.gov.au/statistics/microdata-tablebuilder/available-microdata-tablebuilder/australian-census-longitudinal-dataset/ACLD%202011_16_21%20detailed%20microdata.xlsx","2023-12-19","bd0945f639fa8e8dafd59ca0b63df0276a590616063e26619a0eef9852cbecad",TRUE,""
"madipge-acld11-d-persons-11-16-21","HEAF_P_21","ACLD101","Family Related Data Items","https://www.abs.gov.au/statistics/microdata-tablebuilder/available-microdata-tablebuilder/australian-census-longitudinal-dataset/ACLD%202011_16_21%20detailed%20microdata.xlsx","2023-12-19","bd0945f639fa8e8dafd59ca0b63df0276a590616063e26619a0eef9852cbecad",TRUE,""
"madipge-acld11-d-persons-11-16-21","HEAH_P_11","ACLD101","Household Related Data Items","https://www.abs.gov.au/statistics/microdata-tablebuilder/available-microdata-tablebuilder/australian-census-longitudinal-dataset/ACLD%202011_16_21%20detailed%20microdata.xlsx","2023-12-19","bd0945f639fa8e8dafd59ca0b63df0276a590616063e26619a0eef9852cbecad",TRUE,""
"madipge-acld11-d-persons-11-16-21","HEAH_P_16","ACLD101","Household Related Data Items","https://www.abs.gov.au/statistics/microdata-tablebuilder/available-microdata-tablebuilder/australian-census-longitudinal-dataset/ACLD%202011_16_21%20detailed%20microdata.xlsx","2023-12-19","bd0945f639fa8e8dafd59ca0b63df0276a590616063e26619a0eef9852cbecad",TRUE,""
"madipge-acld11-d-persons-11-16-21","HEAH_P_21","ACLD101","Household Related Data Items","https://www.abs.gov.au/statistics/microdata-tablebuilder/available-microdata-tablebuilder/australian-census-longitudinal-dataset/ACLD%202011_16_21%20detailed%20microdata.xlsx","2023-12-19","bd0945f639fa8e8dafd59ca0b63df0276a590616063e26619a0eef9852cbecad",TRUE,""
"madipge-acld11-d-persons-11-16-21","HEAP_11","ACLD102","Person Related Data Items","https://www.abs.gov.au/statistics/microdata-tablebuilder/available-microdata-tablebuilder/australian-census-longitudinal-dataset/ACLD%202011_16_21%20detailed%20microdata.xlsx","2023-12-19","bd0945f639fa8e8dafd59ca0b63df0276a590616063e26619a0eef9852cbecad",TRUE,""
"madipge-acld11-d-persons-11-16-21","HEAP_16","ACLD102","Person Related Data Items","https://www.abs.gov.au/statistics/microdata-tablebuilder/available-microdata-tablebuilder/australian-census-longitudinal-dataset/ACLD%202011_16_21%20detailed%20microdata.xlsx","2023-12-19","bd0945f639fa8e8dafd59ca0b63df0276a590616063e26619a0eef9852cbecad",TRUE,""
"madipge-acld11-d-persons-11-16-21","HEAP_21","ACLD102","Person Related Data Items","https://www.abs.gov.au/statistics/microdata-tablebuilder/available-microdata-tablebuilder/australian-census-longitudinal-dataset/ACLD%202011_16_21%20detailed%20microdata.xlsx","2023-12-19","bd0945f639fa8e8dafd59ca0b63df0276a590616063e26619a0eef9852cbecad",TRUE,""
"madipge-acld11-d-persons-11-16-21","HEAP_FP_11","ACLD102","Female Parent Related Data","https://www.abs.gov.au/statistics/microdata-tablebuilder/available-microdata-tablebuilder/australian-census-longitudinal-dataset/ACLD%202011_16_21%20detailed%20microdata.xlsx","2023-12-19","bd0945f639fa8e8dafd59ca0b63df0276a590616063e26619a0eef9852cbecad",TRUE,""
"madipge-acld11-d-persons-11-16-21","HEAP_FP_16","ACLD102","Female Parent Related Data","https://www.abs.gov.au/statistics/microdata-tablebuilder/available-microdata-tablebuilder/australian-census-longitudinal-dataset/ACLD%202011_16_21%20detailed%20microdata.xlsx","2023-12-19","bd0945f639fa8e8dafd59ca0b63df0276a590616063e26619a0eef9852cbecad",TRUE,""
"madipge-acld11-d-persons-11-16-21","HEAP_FP_21","ACLD102","Female Parent Related Data","https://www.abs.gov.au/statistics/microdata-tablebuilder/available-microdata-tablebuilder/australian-census-longitudinal-dataset/ACLD%202011_16_21%20detailed%20microdata.xlsx","2023-12-19","bd0945f639fa8e8dafd59ca0b63df0276a590616063e26619a0eef9852cbecad",TRUE,""
"madipge-acld11-d-persons-11-16-21","HEAP_MP_11","ACLD102","Male Parent Related Data Items","https://www.abs.gov.au/statistics/microdata-tablebuilder/available-microdata-tablebuilder/australian-census-longitudinal-dataset/ACLD%202011_16_21%20detailed%20microdata.xlsx","2023-12-19","bd0945f639fa8e8dafd59ca0b63df0276a590616063e26619a0eef9852cbecad",TRUE,""
"madipge-acld11-d-persons-11-16-21","HEAP_MP_16","ACLD102","Male Parent Related Data Items","https://www.abs.gov.au/statistics/microdata-tablebuilder/available-microdata-tablebuilder/australian-census-longitudinal-dataset/ACLD%202011_16_21%20detailed%20microdata.xlsx","2023-12-19","bd0945f639fa8e8dafd59ca0b63df0276a590616063e26619a0eef9852cbecad",TRUE,""
"madipge-acld11-d-persons-11-16-21","HEAP_MP_21","ACLD102","Male Parent Related Data Items","https://www.abs.gov.au/statistics/microdata-tablebuilder/available-microdata-tablebuilder/australian-census-longitudinal-dataset/ACLD%202011_16_21%20detailed%20microdata.xlsx","2023-12-19","bd0945f639fa8e8dafd59ca0b63df0276a590616063e26619a0eef9852cbecad",TRUE,""
"madipge-acld11-d-persons-11-16-21","HEAP_SP_11","ACLD102","Spouse or Partner Data Items","https://www.abs.gov.au/statistics/microdata-tablebuilder/available-microdata-tablebuilder/australian-census-longitudinal-dataset/ACLD%202011_16_21%20detailed%20microdata.xlsx","2023-12-19","bd0945f639fa8e8dafd59ca0b63df0276a590616063e26619a0eef9852cbecad",TRUE,""
"madipge-acld11-d-persons-11-16-21","HEAP_SP_16","ACLD102","Spouse or Partner Data Items","https://www.abs.gov.au/statistics/microdata-tablebuilder/available-microdata-tablebuilder/australian-census-longitudinal-dataset/ACLD%202011_16_21%20detailed%20microdata.xlsx","2023-12-19","bd0945f639fa8e8dafd59ca0b63df0276a590616063e26619a0eef9852cbecad",TRUE,""
"madipge-acld11-d-persons-11-16-21","HEAP_SP_21","ACLD102","Spouse or Partner Data Items","https://www.abs.gov.au/statistics/microdata-tablebuilder/available-microdata-tablebuilder/australian-census-longitudinal-dataset/ACLD%202011_16_21%20detailed%20microdata.xlsx","2023-12-19","bd0945f639fa8e8dafd59ca0b63df0276a590616063e26619a0eef9852cbecad",TRUE,""
"madipge-acld11-d-persons-11-16-21","HHCD_P_11","ACLD103","Household Related Data Items","https://www.abs.gov.au/statistics/microdata-tablebuilder/available-microdata-tablebuilder/australian-census-longitudinal-dataset/ACLD%202011_16_21%20detailed%20microdata.xlsx","2023-12-19","bd0945f639fa8e8dafd59ca0b63df0276a590616063e26619a0eef9852cbecad",TRUE,""
"madipge-acld11-d-persons-11-16-21","HHCD_P_16","ACLD103","Household Related Data Items","https://www.abs.gov.au/statistics/microdata-tablebuilder/available-microdata-tablebuilder/australian-census-longitudinal-dataset/ACLD%202011_16_21%20detailed%20microdata.xlsx","2023-12-19","bd0945f639fa8e8dafd59ca0b63df0276a590616063e26619a0eef9852cbecad",TRUE,""
"madipge-acld11-d-persons-11-16-21","HHCD_P_21","ACLD103","Household Related Data Items","https://www.abs.gov.au/statistics/microdata-tablebuilder/available-microdata-tablebuilder/australian-census-longitudinal-dataset/ACLD%202011_16_21%20detailed%20microdata.xlsx","2023-12-19","bd0945f639fa8e8dafd59ca0b63df0276a590616063e26619a0eef9852cbecad",TRUE,""
"madipge-acld11-d-persons-11-16-21","HIDD_P_11","ACLD104","Household Related Data Items","https://www.abs.gov.au/statistics/microdata-tablebuilder/available-microdata-tablebuilder/australian-census-longitudinal-dataset/ACLD%202011_16_21%20detailed%20microdata.xlsx","2023-12-19","bd0945f639fa8e8dafd59ca0b63df0276a590616063e26619a0eef9852cbecad",TRUE,""
"madipge-acld11-d-persons-11-16-21","HIDD_P_16","ACLD104","Household Related Data Items","https://www.abs.gov.au/statistics/microdata-tablebuilder/available-microdata-tablebuilder/australian-census-longitudinal-dataset/ACLD%202011_16_21%20detailed%20microdata.xlsx","2023-12-19","bd0945f639fa8e8dafd59ca0b63df0276a590616063e26619a0eef9852cbecad",TRUE,""
"madipge-acld11-d-persons-11-16-21","HIDD_P_21","ACLD104","Household Related Data Items","https://www.abs.gov.au/statistics/microdata-tablebuilder/available-microdata-tablebuilder/australian-census-longitudinal-dataset/ACLD%202011_16_21%20detailed%20microdata.xlsx","2023-12-19","bd0945f639fa8e8dafd59ca0b63df0276a590616063e26619a0eef9852cbecad",TRUE,""
"madipge-acld11-d-persons-11-16-21","HIED_P_11","ACLD105","Household Related Data Items","https://www.abs.gov.au/statistics/microdata-tablebuilder/available-microdata-tablebuilder/australian-census-longitudinal-dataset/ACLD%202011_16_21%20detailed%20microdata.xlsx","2023-12-19","bd0945f639fa8e8dafd59ca0b63df0276a590616063e26619a0eef9852cbecad",TRUE,""
"madipge-acld11-d-persons-11-16-21","HIED_P_16","ACLD106","Household Related Data Items","https://www.abs.gov.au/statistics/microdata-tablebuilder/available-microdata-tablebuilder/australian-census-longitudinal-dataset/ACLD%202011_16_21%20detailed%20microdata.xlsx","2023-12-19","bd0945f639fa8e8dafd59ca0b63df0276a590616063e26619a0eef9852cbecad",TRUE,""
"madipge-acld11-d-persons-11-16-21","HIED_P_21","ACLD107","Household Related Data Items","https://www.abs.gov.au/statistics/microdata-tablebuilder/available-microdata-tablebuilder/australian-census-longitudinal-dataset/ACLD%202011_16_21%20detailed%20microdata.xlsx","2023-12-19","bd0945f639fa8e8dafd59ca0b63df0276a590616063e26619a0eef9852cbecad",TRUE,""
"madipge-acld11-d-persons-11-16-21","HINASD_P_11","ACLD108","Household Related Data Items","https://www.abs.gov.au/statistics/microdata-tablebuilder/available-microdata-tablebuilder/australian-census-longitudinal-dataset/ACLD%202011_16_21%20detailed%20microdata.xlsx","2023-12-19","bd0945f639fa8e8dafd59ca0b63df0276a590616063e26619a0eef9852cbecad",TRUE,""
"madipge-acld11-d-persons-11-16-21","HINASD_P_16","ACLD109","Household Related Data Items","https://www.abs.gov.au/statistics/microdata-tablebuilder/available-microdata-tablebuilder/australian-census-longitudinal-dataset/ACLD%202011_16_21%20detailed%20microdata.xlsx","2023-12-19","bd0945f639fa8e8dafd59ca0b63df0276a590616063e26619a0eef9852cbecad",TRUE,""
"madipge-acld11-d-persons-11-16-21","HINASD_P_21","ACLD109","Household Related Data Items","https://www.abs.gov.au/statistics/microdata-tablebuilder/available-microdata-tablebuilder/australian-census-longitudinal-dataset/ACLD%202011_16_21%20detailed%20microdata.xlsx","2023-12-19","bd0945f639fa8e8dafd59ca0b63df0276a590616063e26619a0eef9852cbecad",TRUE,""
"madipge-acld11-d-persons-11-16-21","HIND_P_11","ACLD092","Household Related Data Items","https://www.abs.gov.au/statistics/microdata-tablebuilder/available-microdata-tablebuilder/australian-census-longitudinal-dataset/ACLD%202011_16_21%20detailed%20microdata.xlsx","2023-12-19","bd0945f639fa8e8dafd59ca0b63df0276a590616063e26619a0eef9852cbecad",TRUE,""
"madipge-acld11-d-persons-11-16-21","HIND_P_16","ACLD110","Household Related Data Items","https://www.abs.gov.au/statistics/microdata-tablebuilder/available-microdata-tablebuilder/australian-census-longitudinal-dataset/ACLD%202011_16_21%20detailed%20microdata.xlsx","2023-12-19","bd0945f639fa8e8dafd59ca0b63df0276a590616063e26619a0eef9852cbecad",TRUE,""
"madipge-acld11-d-persons-11-16-21","HIND_P_21","ACLD110","Household Related Data Items","https://www.abs.gov.au/statistics/microdata-tablebuilder/available-microdata-tablebuilder/australian-census-longitudinal-dataset/ACLD%202011_16_21%20detailed%20microdata.xlsx","2023-12-19","bd0945f639fa8e8dafd59ca0b63df0276a590616063e26619a0eef9852cbecad",TRUE,""
"madipge-acld11-d-persons-11-16-21","HLTHP_P_21","","","https://www.abs.gov.au/statistics/microdata-tablebuilder/available-microdata-tablebuilder/australian-census-longitudinal-dataset/ACLD%202011_16_21%20detailed%20microdata.xlsx","2023-12-19","bd0945f639fa8e8dafd59ca0b63df0276a590616063e26619a0eef9852cbecad",FALSE,"not_enumerated_in_workbook"
"madipge-acld11-d-persons-11-16-21","HRSP_11","ACLD111","Continuous Variables","https://www.abs.gov.au/statistics/microdata-tablebuilder/available-microdata-tablebuilder/australian-census-longitudinal-dataset/ACLD%202011_16_21%20detailed%20microdata.xlsx","2023-12-19","bd0945f639fa8e8dafd59ca0b63df0276a590616063e26619a0eef9852cbecad",TRUE,""
"madipge-acld11-d-persons-11-16-21","HRSP_16","ACLD111","Continuous Variables","https://www.abs.gov.au/statistics/microdata-tablebuilder/available-microdata-tablebuilder/australian-census-longitudinal-dataset/ACLD%202011_16_21%20detailed%20microdata.xlsx","2023-12-19","bd0945f639fa8e8dafd59ca0b63df0276a590616063e26619a0eef9852cbecad",TRUE,""
"madipge-acld11-d-persons-11-16-21","HRSP_21","ACLD111","Continuous Variables","https://www.abs.gov.au/statistics/microdata-tablebuilder/available-microdata-tablebuilder/australian-census-longitudinal-dataset/ACLD%202011_16_21%20detailed%20microdata.xlsx","2023-12-19","bd0945f639fa8e8dafd59ca0b63df0276a590616063e26619a0eef9852cbecad",TRUE,""
"madipge-acld11-d-persons-11-16-21","HRWF_P_11","ACLD112","Family Related Data Items","https://www.abs.gov.au/statistics/microdata-tablebuilder/available-microdata-tablebuilder/australian-census-longitudinal-dataset/ACLD%202011_16_21%20detailed%20microdata.xlsx","2023-12-19","bd0945f639fa8e8dafd59ca0b63df0276a590616063e26619a0eef9852cbecad",TRUE,""
"madipge-acld11-d-persons-11-16-21","HRWF_P_16","ACLD112","Family Related Data Items","https://www.abs.gov.au/statistics/microdata-tablebuilder/available-microdata-tablebuilder/australian-census-longitudinal-dataset/ACLD%202011_16_21%20detailed%20microdata.xlsx","2023-12-19","bd0945f639fa8e8dafd59ca0b63df0276a590616063e26619a0eef9852cbecad",TRUE,""
"madipge-acld11-d-persons-11-16-21","HRWF_P_21","ACLD112","Family Related Data Items","https://www.abs.gov.au/statistics/microdata-tablebuilder/available-microdata-tablebuilder/australian-census-longitudinal-dataset/ACLD%202011_16_21%20detailed%20microdata.xlsx","2023-12-19","bd0945f639fa8e8dafd59ca0b63df0276a590616063e26619a0eef9852cbecad",TRUE,""
"madipge-acld11-d-persons-11-16-21","HRWH_P_11","ACLD112","Household Related Data Items","https://www.abs.gov.au/statistics/microdata-tablebuilder/available-microdata-tablebuilder/australian-census-longitudinal-dataset/ACLD%202011_16_21%20detailed%20microdata.xlsx","2023-12-19","bd0945f639fa8e8dafd59ca0b63df0276a590616063e26619a0eef9852cbecad",TRUE,""
"madipge-acld11-d-persons-11-16-21","HRWH_P_16","ACLD112","Household Related Data Items","https://www.abs.gov.au/statistics/microdata-tablebuilder/available-microdata-tablebuilder/australian-census-longitudinal-dataset/ACLD%202011_16_21%20detailed%20microdata.xlsx","2023-12-19","bd0945f639fa8e8dafd59ca0b63df0276a590616063e26619a0eef9852cbecad",TRUE,""
"madipge-acld11-d-persons-11-16-21","HRWH_P_21","ACLD112","Household Related Data Items","https://www.abs.gov.au/statistics/microdata-tablebuilder/available-microdata-tablebuilder/australian-census-longitudinal-dataset/ACLD%202011_16_21%20detailed%20microdata.xlsx","2023-12-19","bd0945f639fa8e8dafd59ca0b63df0276a590616063e26619a0eef9852cbecad",TRUE,""
"madipge-acld11-d-persons-11-16-21","HRWRP_11","ACLD113","Person Related Data Items","https://www.abs.gov.au/statistics/microdata-tablebuilder/available-microdata-tablebuilder/australian-census-longitudinal-dataset/ACLD%202011_16_21%20detailed%20microdata.xlsx","2023-12-19","bd0945f639fa8e8dafd59ca0b63df0276a590616063e26619a0eef9852cbecad",TRUE,""
"madipge-acld11-d-persons-11-16-21","HRWRP_16","ACLD113","Person Related Data Items","https://www.abs.gov.au/statistics/microdata-tablebuilder/available-microdata-tablebuilder/australian-census-longitudinal-dataset/ACLD%202011_16_21%20detailed%20microdata.xlsx","2023-12-19","bd0945f639fa8e8dafd59ca0b63df0276a590616063e26619a0eef9852cbecad",TRUE,""
"madipge-acld11-d-persons-11-16-21","HRWRP_21","ACLD113","Person Related Data Items","https://www.abs.gov.au/statistics/microdata-tablebuilder/available-microdata-tablebuilder/australian-census-longitudinal-dataset/ACLD%202011_16_21%20detailed%20microdata.xlsx","2023-12-19","bd0945f639fa8e8dafd59ca0b63df0276a590616063e26619a0eef9852cbecad",TRUE,""
"madipge-acld11-d-persons-11-16-21","HRWRP_FP_11","ACLD113","Female Parent Related Data","https://www.abs.gov.au/statistics/microdata-tablebuilder/available-microdata-tablebuilder/australian-census-longitudinal-dataset/ACLD%202011_16_21%20detailed%20microdata.xlsx","2023-12-19","bd0945f639fa8e8dafd59ca0b63df0276a590616063e26619a0eef9852cbecad",TRUE,""
"madipge-acld11-d-persons-11-16-21","HRWRP_FP_16","ACLD113","Female Parent Related Data","https://www.abs.gov.au/statistics/microdata-tablebuilder/available-microdata-tablebuilder/australian-census-longitudinal-dataset/ACLD%202011_16_21%20detailed%20microdata.xlsx","2023-12-19","bd0945f639fa8e8dafd59ca0b63df0276a590616063e26619a0eef9852cbecad",TRUE,""
"madipge-acld11-d-persons-11-16-21","HRWRP_FP_21","ACLD113","Female Parent Related Data","https://www.abs.gov.au/statistics/microdata-tablebuilder/available-microdata-tablebuilder/australian-census-longitudinal-dataset/ACLD%202011_16_21%20detailed%20microdata.xlsx","2023-12-19","bd0945f639fa8e8dafd59ca0b63df0276a590616063e26619a0eef9852cbecad",TRUE,""
"madipge-acld11-d-persons-11-16-21","HRWRP_MP_11","ACLD113","Male Parent Related Data Items","https://www.abs.gov.au/statistics/microdata-tablebuilder/available-microdata-tablebuilder/australian-census-longitudinal-dataset/ACLD%202011_16_21%20detailed%20microdata.xlsx","2023-12-19","bd0945f639fa8e8dafd59ca0b63df0276a590616063e26619a0eef9852cbecad",TRUE,""
"madipge-acld11-d-persons-11-16-21","HRWRP_MP_16","ACLD113","Male Parent Related Data Items","https://www.abs.gov.au/statistics/microdata-tablebuilder/available-microdata-tablebuilder/australian-census-longitudinal-dataset/ACLD%202011_16_21%20detailed%20microdata.xlsx","2023-12-19","bd0945f639fa8e8dafd59ca0b63df0276a590616063e26619a0eef9852cbecad",TRUE,""
"madipge-acld11-d-persons-11-16-21","HRWRP_MP_21","ACLD113","Male Parent Related Data Items","https://www.abs.gov.au/statistics/microdata-tablebuilder/available-microdata-tablebuilder/australian-census-longitudinal-dataset/ACLD%202011_16_21%20detailed%20microdata.xlsx","2023-12-19","bd0945f639fa8e8dafd59ca0b63df0276a590616063e26619a0eef9852cbecad",TRUE,""
"madipge-acld11-d-persons-11-16-21","HRWRP_SP_11","ACLD113","Spouse or Partner Data Items","https://www.abs.gov.au/statistics/microdata-tablebuilder/available-microdata-tablebuilder/australian-census-longitudinal-dataset/ACLD%202011_16_21%20detailed%20microdata.xlsx","2023-12-19","bd0945f639fa8e8dafd59ca0b63df0276a590616063e26619a0eef9852cbecad",TRUE,""
"madipge-acld11-d-persons-11-16-21","HRWRP_SP_16","ACLD113","Spouse or Partner Data Items","https://www.abs.gov.au/statistics/microdata-tablebuilder/available-microdata-tablebuilder/australian-census-longitudinal-dataset/ACLD%202011_16_21%20detailed%20microdata.xlsx","2023-12-19","bd0945f639fa8e8dafd59ca0b63df0276a590616063e26619a0eef9852cbecad",TRUE,""
"madipge-acld11-d-persons-11-16-21","HRWRP_SP_21","ACLD113","Spouse or Partner Data Items","https://www.abs.gov.au/statistics/microdata-tablebuilder/available-microdata-tablebuilder/australian-census-longitudinal-dataset/ACLD%202011_16_21%20detailed%20microdata.xlsx","2023-12-19","bd0945f639fa8e8dafd59ca0b63df0276a590616063e26619a0eef9852cbecad",TRUE,""
"madipge-acld11-d-persons-11-16-21","HSCF_P_11","ACLD114","Family Related Data Items","https://www.abs.gov.au/statistics/microdata-tablebuilder/available-microdata-tablebuilder/australian-census-longitudinal-dataset/ACLD%202011_16_21%20detailed%20microdata.xlsx","2023-12-19","bd0945f639fa8e8dafd59ca0b63df0276a590616063e26619a0eef9852cbecad",TRUE,""
"madipge-acld11-d-persons-11-16-21","HSCF_P_16","ACLD114","Family Related Data Items","https://www.abs.gov.au/statistics/microdata-tablebuilder/available-microdata-tablebuilder/australian-census-longitudinal-dataset/ACLD%202011_16_21%20detailed%20microdata.xlsx","2023-12-19","bd0945f639fa8e8dafd59ca0b63df0276a590616063e26619a0eef9852cbecad",TRUE,""
"madipge-acld11-d-persons-11-16-21","HSCF_P_21","ACLD114","Family Related Data Items","https://www.abs.gov.au/statistics/microdata-tablebuilder/available-microdata-tablebuilder/australian-census-longitudinal-dataset/ACLD%202011_16_21%20detailed%20microdata.xlsx","2023-12-19","bd0945f639fa8e8dafd59ca0b63df0276a590616063e26619a0eef9852cbecad",TRUE,""
"madipge-acld11-d-persons-11-16-21","HSCH_P_11","ACLD114","Household Related Data Items","https://www.abs.gov.au/statistics/microdata-tablebuilder/available-microdata-tablebuilder/australian-census-longitudinal-dataset/ACLD%202011_16_21%20detailed%20microdata.xlsx","2023-12-19","bd0945f639fa8e8dafd59ca0b63df0276a590616063e26619a0eef9852cbecad",TRUE,""
"madipge-acld11-d-persons-11-16-21","HSCH_P_16","ACLD114","Household Related Data Items","https://www.abs.gov.au/statistics/microdata-tablebuilder/available-microdata-tablebuilder/australian-census-longitudinal-dataset/ACLD%202011_16_21%20detailed%20microdata.xlsx","2023-12-19","bd0945f639fa8e8dafd59ca0b63df0276a590616063e26619a0eef9852cbecad",TRUE,""
"madipge-acld11-d-persons-11-16-21","HSCH_P_21","ACLD114","Household Related Data Items","https://www.abs.gov.au/statistics/microdata-tablebuilder/available-microdata-tablebuilder/australian-census-longitudinal-dataset/ACLD%202011_16_21%20detailed%20microdata.xlsx","2023-12-19","bd0945f639fa8e8dafd59ca0b63df0276a590616063e26619a0eef9852cbecad",TRUE,""
"madipge-acld11-d-persons-11-16-21","HSCP_11","ACLD114","Person Related Data Items","https://www.abs.gov.au/statistics/microdata-tablebuilder/available-microdata-tablebuilder/australian-census-longitudinal-dataset/ACLD%202011_16_21%20detailed%20microdata.xlsx","2023-12-19","bd0945f639fa8e8dafd59ca0b63df0276a590616063e26619a0eef9852cbecad",TRUE,""
"madipge-acld11-d-persons-11-16-21","HSCP_16","ACLD114","Person Related Data Items","https://www.abs.gov.au/statistics/microdata-tablebuilder/available-microdata-tablebuilder/australian-census-longitudinal-dataset/ACLD%202011_16_21%20detailed%20microdata.xlsx","2023-12-19","bd0945f639fa8e8dafd59ca0b63df0276a590616063e26619a0eef9852cbecad",TRUE,""
"madipge-acld11-d-persons-11-16-21","HSCP_21","ACLD114","Person Related Data Items","https://www.abs.gov.au/statistics/microdata-tablebuilder/available-microdata-tablebuilder/australian-census-longitudinal-dataset/ACLD%202011_16_21%20detailed%20microdata.xlsx","2023-12-19","bd0945f639fa8e8dafd59ca0b63df0276a590616063e26619a0eef9852cbecad",TRUE,""
"madipge-acld11-d-persons-11-16-21","HSCP_FP_11","ACLD114","Female Parent Related Data","https://www.abs.gov.au/statistics/microdata-tablebuilder/available-microdata-tablebuilder/australian-census-longitudinal-dataset/ACLD%202011_16_21%20detailed%20microdata.xlsx","2023-12-19","bd0945f639fa8e8dafd59ca0b63df0276a590616063e26619a0eef9852cbecad",TRUE,""
"madipge-acld11-d-persons-11-16-21","HSCP_FP_16","ACLD114","Female Parent Related Data","https://www.abs.gov.au/statistics/microdata-tablebuilder/available-microdata-tablebuilder/australian-census-longitudinal-dataset/ACLD%202011_16_21%20detailed%20microdata.xlsx","2023-12-19","bd0945f639fa8e8dafd59ca0b63df0276a590616063e26619a0eef9852cbecad",TRUE,""
"madipge-acld11-d-persons-11-16-21","HSCP_FP_21","ACLD114","Female Parent Related Data","https://www.abs.gov.au/statistics/microdata-tablebuilder/available-microdata-tablebuilder/australian-census-longitudinal-dataset/ACLD%202011_16_21%20detailed%20microdata.xlsx","2023-12-19","bd0945f639fa8e8dafd59ca0b63df0276a590616063e26619a0eef9852cbecad",TRUE,""
"madipge-acld11-d-persons-11-16-21","HSCP_MP_11","ACLD114","Male Parent Related Data Items","https://www.abs.gov.au/statistics/microdata-tablebuilder/available-microdata-tablebuilder/australian-census-longitudinal-dataset/ACLD%202011_16_21%20detailed%20microdata.xlsx","2023-12-19","bd0945f639fa8e8dafd59ca0b63df0276a590616063e26619a0eef9852cbecad",TRUE,""
"madipge-acld11-d-persons-11-16-21","HSCP_MP_16","ACLD114","Male Parent Related Data Items","https://www.abs.gov.au/statistics/microdata-tablebuilder/available-microdata-tablebuilder/australian-census-longitudinal-dataset/ACLD%202011_16_21%20detailed%20microdata.xlsx","2023-12-19","bd0945f639fa8e8dafd59ca0b63df0276a590616063e26619a0eef9852cbecad",TRUE,""
"madipge-acld11-d-persons-11-16-21","HSCP_MP_21","ACLD114","Male Parent Related Data Items","https://www.abs.gov.au/statistics/microdata-tablebuilder/available-microdata-tablebuilder/australian-census-longitudinal-dataset/ACLD%202011_16_21%20detailed%20microdata.xlsx","2023-12-19","bd0945f639fa8e8dafd59ca0b63df0276a590616063e26619a0eef9852cbecad",TRUE,""
"madipge-acld11-d-persons-11-16-21","HSCP_SP_11","ACLD114","Spouse or Partner Data Items","https://www.abs.gov.au/statistics/microdata-tablebuilder/available-microdata-tablebuilder/australian-census-longitudinal-dataset/ACLD%202011_16_21%20detailed%20microdata.xlsx","2023-12-19","bd0945f639fa8e8dafd59ca0b63df0276a590616063e26619a0eef9852cbecad",TRUE,""
"madipge-acld11-d-persons-11-16-21","HSCP_SP_16","ACLD114","Spouse or Partner Data Items","https://www.abs.gov.au/statistics/microdata-tablebuilder/available-microdata-tablebuilder/australian-census-longitudinal-dataset/ACLD%202011_16_21%20detailed%20microdata.xlsx","2023-12-19","bd0945f639fa8e8dafd59ca0b63df0276a590616063e26619a0eef9852cbecad",TRUE,""
"madipge-acld11-d-persons-11-16-21","HSCP_SP_21","ACLD114","Spouse or Partner Data Items","https://www.abs.gov.au/statistics/microdata-tablebuilder/available-microdata-tablebuilder/australian-census-longitudinal-dataset/ACLD%202011_16_21%20detailed%20microdata.xlsx","2023-12-19","bd0945f639fa8e8dafd59ca0b63df0276a590616063e26619a0eef9852cbecad",TRUE,""
"madipge-acld11-d-persons-11-16-21","HSKD_P_11","ACLD115","Household Related Data Items","https://www.abs.gov.au/statistics/microdata-tablebuilder/available-microdata-tablebuilder/australian-census-longitudinal-dataset/ACLD%202011_16_21%20detailed%20microdata.xlsx","2023-12-19","bd0945f639fa8e8dafd59ca0b63df0276a590616063e26619a0eef9852cbecad",TRUE,""
"madipge-acld11-d-persons-11-16-21","HSKD_P_16","ACLD115","Household Related Data Items","https://www.abs.gov.au/statistics/microdata-tablebuilder/available-microdata-tablebuilder/australian-census-longitudinal-dataset/ACLD%202011_16_21%20detailed%20microdata.xlsx","2023-12-19","bd0945f639fa8e8dafd59ca0b63df0276a590616063e26619a0eef9852cbecad",TRUE,""
"madipge-acld11-d-persons-11-16-21","HSKD_P_21","ACLD115","Household Related Data Items","https://www.abs.gov.au/statistics/microdata-tablebuilder/available-microdata-tablebuilder/australian-census-longitudinal-dataset/ACLD%202011_16_21%20detailed%20microdata.xlsx","2023-12-19","bd0945f639fa8e8dafd59ca0b63df0276a590616063e26619a0eef9852cbecad",TRUE,""
"madipge-acld11-d-persons-11-16-21","IAREA_UR_11","ACLD116","Geographical Areas","https://www.abs.gov.au/statistics/microdata-tablebuilder/available-microdata-tablebuilder/australian-census-longitudinal-dataset/ACLD%202011_16_21%20detailed%20microdata.xlsx","2023-12-19","bd0945f639fa8e8dafd59ca0b63df0276a590616063e26619a0eef9852cbecad",FALSE,"external_classification_reference_only"
"madipge-acld11-d-persons-11-16-21","IAREA_UR_16","ACLD117","Geographical Areas","https://www.abs.gov.au/statistics/microdata-tablebuilder/available-microdata-tablebuilder/australian-census-longitudinal-dataset/ACLD%202011_16_21%20detailed%20microdata.xlsx","2023-12-19","bd0945f639fa8e8dafd59ca0b63df0276a590616063e26619a0eef9852cbecad",FALSE,"external_classification_reference_only"
"madipge-acld11-d-persons-11-16-21","IAREA_UR_21","ACLD118","Geographical Areas","https://www.abs.gov.au/statistics/microdata-tablebuilder/available-microdata-tablebuilder/australian-census-longitudinal-dataset/ACLD%202011_16_21%20detailed%20microdata.xlsx","2023-12-19","bd0945f639fa8e8dafd59ca0b63df0276a590616063e26619a0eef9852cbecad",FALSE,"external_classification_reference_only"
"madipge-acld11-d-persons-11-16-21","IEO_UR_11","ACLD119","Geographical Areas","https://www.abs.gov.au/statistics/microdata-tablebuilder/available-microdata-tablebuilder/australian-census-longitudinal-dataset/ACLD%202011_16_21%20detailed%20microdata.xlsx","2023-12-19","bd0945f639fa8e8dafd59ca0b63df0276a590616063e26619a0eef9852cbecad",TRUE,""
"madipge-acld11-d-persons-11-16-21","IEO_UR_16","ACLD119","Geographical Areas","https://www.abs.gov.au/statistics/microdata-tablebuilder/available-microdata-tablebuilder/australian-census-longitudinal-dataset/ACLD%202011_16_21%20detailed%20microdata.xlsx","2023-12-19","bd0945f639fa8e8dafd59ca0b63df0276a590616063e26619a0eef9852cbecad",TRUE,""
"madipge-acld11-d-persons-11-16-21","IEO_UR_21","","","https://www.abs.gov.au/statistics/microdata-tablebuilder/available-microdata-tablebuilder/australian-census-longitudinal-dataset/ACLD%202011_16_21%20detailed%20microdata.xlsx","2023-12-19","bd0945f639fa8e8dafd59ca0b63df0276a590616063e26619a0eef9852cbecad",FALSE,"not_enumerated_in_workbook"
"madipge-acld11-d-persons-11-16-21","IER_UR_11","ACLD120","Geographical Areas","https://www.abs.gov.au/statistics/microdata-tablebuilder/available-microdata-tablebuilder/australian-census-longitudinal-dataset/ACLD%202011_16_21%20detailed%20microdata.xlsx","2023-12-19","bd0945f639fa8e8dafd59ca0b63df0276a590616063e26619a0eef9852cbecad",TRUE,""
"madipge-acld11-d-persons-11-16-21","IER_UR_16","ACLD120","Geographical Areas","https://www.abs.gov.au/statistics/microdata-tablebuilder/available-microdata-tablebuilder/australian-census-longitudinal-dataset/ACLD%202011_16_21%20detailed%20microdata.xlsx","2023-12-19","bd0945f639fa8e8dafd59ca0b63df0276a590616063e26619a0eef9852cbecad",TRUE,""
"madipge-acld11-d-persons-11-16-21","IER_UR_21","ACLD120","Geographical Areas","https://www.abs.gov.au/statistics/microdata-tablebuilder/available-microdata-tablebuilder/australian-census-longitudinal-dataset/ACLD%202011_16_21%20detailed%20microdata.xlsx","2023-12-19","bd0945f639fa8e8dafd59ca0b63df0276a590616063e26619a0eef9852cbecad",TRUE,""
"madipge-acld11-d-persons-11-16-21","IFAGEP_11","ACLD121","Quality Indicators","https://www.abs.gov.au/statistics/microdata-tablebuilder/available-microdata-tablebuilder/australian-census-longitudinal-dataset/ACLD%202011_16_21%20detailed%20microdata.xlsx","2023-12-19","bd0945f639fa8e8dafd59ca0b63df0276a590616063e26619a0eef9852cbecad",TRUE,""
"madipge-acld11-d-persons-11-16-21","IFAGEP_16","ACLD121","Quality Indicators","https://www.abs.gov.au/statistics/microdata-tablebuilder/available-microdata-tablebuilder/australian-census-longitudinal-dataset/ACLD%202011_16_21%20detailed%20microdata.xlsx","2023-12-19","bd0945f639fa8e8dafd59ca0b63df0276a590616063e26619a0eef9852cbecad",TRUE,""
"madipge-acld11-d-persons-11-16-21","IFAGEP_21","ACLD121","Quality Indicators","https://www.abs.gov.au/statistics/microdata-tablebuilder/available-microdata-tablebuilder/australian-census-longitudinal-dataset/ACLD%202011_16_21%20detailed%20microdata.xlsx","2023-12-19","bd0945f639fa8e8dafd59ca0b63df0276a590616063e26619a0eef9852cbecad",TRUE,""
"madipge-acld11-d-persons-11-16-21","IFMSTP_11","ACLD122","Quality Indicators","https://www.abs.gov.au/statistics/microdata-tablebuilder/available-microdata-tablebuilder/australian-census-longitudinal-dataset/ACLD%202011_16_21%20detailed%20microdata.xlsx","2023-12-19","bd0945f639fa8e8dafd59ca0b63df0276a590616063e26619a0eef9852cbecad",TRUE,""
"madipge-acld11-d-persons-11-16-21","IFMSTP_16","ACLD122","Quality Indicators","https://www.abs.gov.au/statistics/microdata-tablebuilder/available-microdata-tablebuilder/australian-census-longitudinal-dataset/ACLD%202011_16_21%20detailed%20microdata.xlsx","2023-12-19","bd0945f639fa8e8dafd59ca0b63df0276a590616063e26619a0eef9852cbecad",TRUE,""
"madipge-acld11-d-persons-11-16-21","IFMSTP_21","ACLD122","Quality Indicators","https://www.abs.gov.au/statistics/microdata-tablebuilder/available-microdata-tablebuilder/australian-census-longitudinal-dataset/ACLD%202011_16_21%20detailed%20microdata.xlsx","2023-12-19","bd0945f639fa8e8dafd59ca0b63df0276a590616063e26619a0eef9852cbecad",TRUE,""
"madipge-acld11-d-persons-11-16-21","IFNMFD_P_11","","","https://www.abs.gov.au/statistics/microdata-tablebuilder/available-microdata-tablebuilder/australian-census-longitudinal-dataset/ACLD%202011_16_21%20detailed%20microdata.xlsx","2023-12-19","bd0945f639fa8e8dafd59ca0b63df0276a590616063e26619a0eef9852cbecad",FALSE,"not_enumerated_in_workbook"
"madipge-acld11-d-persons-11-16-21","IFNMFD_P_16","","","https://www.abs.gov.au/statistics/microdata-tablebuilder/available-microdata-tablebuilder/australian-census-longitudinal-dataset/ACLD%202011_16_21%20detailed%20microdata.xlsx","2023-12-19","bd0945f639fa8e8dafd59ca0b63df0276a590616063e26619a0eef9852cbecad",FALSE,"not_enumerated_in_workbook"
"madipge-acld11-d-persons-11-16-21","IFNMFD_P_21","","","https://www.abs.gov.au/statistics/microdata-tablebuilder/available-microdata-tablebuilder/australian-census-longitudinal-dataset/ACLD%202011_16_21%20detailed%20microdata.xlsx","2023-12-19","bd0945f639fa8e8dafd59ca0b63df0276a590616063e26619a0eef9852cbecad",FALSE,"not_enumerated_in_workbook"
"madipge-acld11-d-persons-11-16-21","IFPOWP_16","ACLD123","Quality Indicators","https://www.abs.gov.au/statistics/microdata-tablebuilder/available-microdata-tablebuilder/australian-census-longitudinal-dataset/ACLD%202011_16_21%20detailed%20microdata.xlsx","2023-12-19","bd0945f639fa8e8dafd59ca0b63df0276a590616063e26619a0eef9852cbecad",TRUE,""
"madipge-acld11-d-persons-11-16-21","IFPOWP_21","ACLD123","Quality Indicators","https://www.abs.gov.au/statistics/microdata-tablebuilder/available-microdata-tablebuilder/australian-census-longitudinal-dataset/ACLD%202011_16_21%20detailed%20microdata.xlsx","2023-12-19","bd0945f639fa8e8dafd59ca0b63df0276a590616063e26619a0eef9852cbecad",TRUE,""
"madipge-acld11-d-persons-11-16-21","IFPURP_11","ACLD124","Quality Indicators","https://www.abs.gov.au/statistics/microdata-tablebuilder/available-microdata-tablebuilder/australian-census-longitudinal-dataset/ACLD%202011_16_21%20detailed%20microdata.xlsx","2023-12-19","bd0945f639fa8e8dafd59ca0b63df0276a590616063e26619a0eef9852cbecad",TRUE,""
"madipge-acld11-d-persons-11-16-21","IFPURP_16","ACLD124","Quality Indicators","https://www.abs.gov.au/statistics/microdata-tablebuilder/available-microdata-tablebuilder/australian-census-longitudinal-dataset/ACLD%202011_16_21%20detailed%20microdata.xlsx","2023-12-19","bd0945f639fa8e8dafd59ca0b63df0276a590616063e26619a0eef9852cbecad",TRUE,""
"madipge-acld11-d-persons-11-16-21","IFPURP_21","ACLD124","Quality Indicators","https://www.abs.gov.au/statistics/microdata-tablebuilder/available-microdata-tablebuilder/australian-census-longitudinal-dataset/ACLD%202011_16_21%20detailed%20microdata.xlsx","2023-12-19","bd0945f639fa8e8dafd59ca0b63df0276a590616063e26619a0eef9852cbecad",TRUE,""
"madipge-acld11-d-persons-11-16-21","IFSEXP_16","ACLD125","Quality Indicators","https://www.abs.gov.au/statistics/microdata-tablebuilder/available-microdata-tablebuilder/australian-census-longitudinal-dataset/ACLD%202011_16_21%20detailed%20microdata.xlsx","2023-12-19","bd0945f639fa8e8dafd59ca0b63df0276a590616063e26619a0eef9852cbecad",TRUE,""
"madipge-acld11-d-persons-11-16-21","IFSEXP_21","ACLD125","Quality Indicators","https://www.abs.gov.au/statistics/microdata-tablebuilder/available-microdata-tablebuilder/australian-census-longitudinal-dataset/ACLD%202011_16_21%20detailed%20microdata.xlsx","2023-12-19","bd0945f639fa8e8dafd59ca0b63df0276a590616063e26619a0eef9852cbecad",TRUE,""
"madipge-acld11-d-persons-11-16-21","INCP_11","ACLD126","Person Related Data Items","https://www.abs.gov.au/statistics/microdata-tablebuilder/available-microdata-tablebuilder/australian-census-longitudinal-dataset/ACLD%202011_16_21%20detailed%20microdata.xlsx","2023-12-19","bd0945f639fa8e8dafd59ca0b63df0276a590616063e26619a0eef9852cbecad",TRUE,""
"madipge-acld11-d-persons-11-16-21","INCP_16","ACLD127","Person Related Data Items","https://www.abs.gov.au/statistics/microdata-tablebuilder/available-microdata-tablebuilder/australian-census-longitudinal-dataset/ACLD%202011_16_21%20detailed%20microdata.xlsx","2023-12-19","bd0945f639fa8e8dafd59ca0b63df0276a590616063e26619a0eef9852cbecad",TRUE,""
"madipge-acld11-d-persons-11-16-21","INCP_21","ACLD128","Person Related Data Items","https://www.abs.gov.au/statistics/microdata-tablebuilder/available-microdata-tablebuilder/australian-census-longitudinal-dataset/ACLD%202011_16_21%20detailed%20microdata.xlsx","2023-12-19","bd0945f639fa8e8dafd59ca0b63df0276a590616063e26619a0eef9852cbecad",TRUE,""
"madipge-acld11-d-persons-11-16-21","INCP_FP_11","ACLD129","Female Parent Related Data","https://www.abs.gov.au/statistics/microdata-tablebuilder/available-microdata-tablebuilder/australian-census-longitudinal-dataset/ACLD%202011_16_21%20detailed%20microdata.xlsx","2023-12-19","bd0945f639fa8e8dafd59ca0b63df0276a590616063e26619a0eef9852cbecad",TRUE,""
"madipge-acld11-d-persons-11-16-21","INCP_FP_16","ACLD130","Female Parent Related Data","https://www.abs.gov.au/statistics/microdata-tablebuilder/available-microdata-tablebuilder/australian-census-longitudinal-dataset/ACLD%202011_16_21%20detailed%20microdata.xlsx","2023-12-19","bd0945f639fa8e8dafd59ca0b63df0276a590616063e26619a0eef9852cbecad",TRUE,""
"madipge-acld11-d-persons-11-16-21","INCP_FP_21","ACLD131","Female Parent Related Data","https://www.abs.gov.au/statistics/microdata-tablebuilder/available-microdata-tablebuilder/australian-census-longitudinal-dataset/ACLD%202011_16_21%20detailed%20microdata.xlsx","2023-12-19","bd0945f639fa8e8dafd59ca0b63df0276a590616063e26619a0eef9852cbecad",TRUE,""
"madipge-acld11-d-persons-11-16-21","INCP_MP_11","ACLD126","Male Parent Related Data Items","https://www.abs.gov.au/statistics/microdata-tablebuilder/available-microdata-tablebuilder/australian-census-longitudinal-dataset/ACLD%202011_16_21%20detailed%20microdata.xlsx","2023-12-19","bd0945f639fa8e8dafd59ca0b63df0276a590616063e26619a0eef9852cbecad",TRUE,""
"madipge-acld11-d-persons-11-16-21","INCP_MP_16","ACLD127","Male Parent Related Data Items","https://www.abs.gov.au/statistics/microdata-tablebuilder/available-microdata-tablebuilder/australian-census-longitudinal-dataset/ACLD%202011_16_21%20detailed%20microdata.xlsx","2023-12-19","bd0945f639fa8e8dafd59ca0b63df0276a590616063e26619a0eef9852cbecad",TRUE,""
"madipge-acld11-d-persons-11-16-21","INCP_MP_21","ACLD131","Male Parent Related Data Items","https://www.abs.gov.au/statistics/microdata-tablebuilder/available-microdata-tablebuilder/australian-census-longitudinal-dataset/ACLD%202011_16_21%20detailed%20microdata.xlsx","2023-12-19","bd0945f639fa8e8dafd59ca0b63df0276a590616063e26619a0eef9852cbecad",TRUE,""
"madipge-acld11-d-persons-11-16-21","INCP_SP_11","ACLD126","Spouse or Partner Data Items","https://www.abs.gov.au/statistics/microdata-tablebuilder/available-microdata-tablebuilder/australian-census-longitudinal-dataset/ACLD%202011_16_21%20detailed%20microdata.xlsx","2023-12-19","bd0945f639fa8e8dafd59ca0b63df0276a590616063e26619a0eef9852cbecad",TRUE,""
"madipge-acld11-d-persons-11-16-21","INCP_SP_16","ACLD127","Spouse or Partner Data Items","https://www.abs.gov.au/statistics/microdata-tablebuilder/available-microdata-tablebuilder/australian-census-longitudinal-dataset/ACLD%202011_16_21%20detailed%20microdata.xlsx","2023-12-19","bd0945f639fa8e8dafd59ca0b63df0276a590616063e26619a0eef9852cbecad",TRUE,""
"madipge-acld11-d-persons-11-16-21","INCP_SP_21","ACLD131","Spouse or Partner Data Items","https://www.abs.gov.au/statistics/microdata-tablebuilder/available-microdata-tablebuilder/australian-census-longitudinal-dataset/ACLD%202011_16_21%20detailed%20microdata.xlsx","2023-12-19","bd0945f639fa8e8dafd59ca0b63df0276a590616063e26619a0eef9852cbecad",TRUE,""
"madipge-acld11-d-persons-11-16-21","INDP_11","ACLD132","Person Related Data Items","https://www.abs.gov.au/statistics/microdata-tablebuilder/available-microdata-tablebuilder/australian-census-longitudinal-dataset/ACLD%202011_16_21%20detailed%20microdata.xlsx","2023-12-19","bd0945f639fa8e8dafd59ca0b63df0276a590616063e26619a0eef9852cbecad",FALSE,"external_classification_reference_only"
"madipge-acld11-d-persons-11-16-21","INDP_16","ACLD133","Person Related Data Items","https://www.abs.gov.au/statistics/microdata-tablebuilder/available-microdata-tablebuilder/australian-census-longitudinal-dataset/ACLD%202011_16_21%20detailed%20microdata.xlsx","2023-12-19","bd0945f639fa8e8dafd59ca0b63df0276a590616063e26619a0eef9852cbecad",FALSE,"external_classification_reference_only"
"madipge-acld11-d-persons-11-16-21","INDP_1DIG_11","ACLD134","Person Related Data Items","https://www.abs.gov.au/statistics/microdata-tablebuilder/available-microdata-tablebuilder/australian-census-longitudinal-dataset/ACLD%202011_16_21%20detailed%20microdata.xlsx","2023-12-19","bd0945f639fa8e8dafd59ca0b63df0276a590616063e26619a0eef9852cbecad",FALSE,"external_classification_reference_only"
"madipge-acld11-d-persons-11-16-21","INDP_1DIG_16","ACLD134","Person Related Data Items","https://www.abs.gov.au/statistics/microdata-tablebuilder/available-microdata-tablebuilder/australian-census-longitudinal-dataset/ACLD%202011_16_21%20detailed%20microdata.xlsx","2023-12-19","bd0945f639fa8e8dafd59ca0b63df0276a590616063e26619a0eef9852cbecad",FALSE,"external_classification_reference_only"
"madipge-acld11-d-persons-11-16-21","INDP_1DIG_21","ACLD134","Person Related Data Items","https://www.abs.gov.au/statistics/microdata-tablebuilder/available-microdata-tablebuilder/australian-census-longitudinal-dataset/ACLD%202011_16_21%20detailed%20microdata.xlsx","2023-12-19","bd0945f639fa8e8dafd59ca0b63df0276a590616063e26619a0eef9852cbecad",FALSE,"external_classification_reference_only"
"madipge-acld11-d-persons-11-16-21","INDP_21","ACLD135","Person Related Data Items","https://www.abs.gov.au/statistics/microdata-tablebuilder/available-microdata-tablebuilder/australian-census-longitudinal-dataset/ACLD%202011_16_21%20detailed%20microdata.xlsx","2023-12-19","bd0945f639fa8e8dafd59ca0b63df0276a590616063e26619a0eef9852cbecad",FALSE,"external_classification_reference_only"
"madipge-acld11-d-persons-11-16-21","INDP_2DIG_11","ACLD136","Person Related Data Items","https://www.abs.gov.au/statistics/microdata-tablebuilder/available-microdata-tablebuilder/australian-census-longitudinal-dataset/ACLD%202011_16_21%20detailed%20microdata.xlsx","2023-12-19","bd0945f639fa8e8dafd59ca0b63df0276a590616063e26619a0eef9852cbecad",FALSE,"external_classification_reference_only"
"madipge-acld11-d-persons-11-16-21","INDP_2DIG_16","ACLD136","Person Related Data Items","https://www.abs.gov.au/statistics/microdata-tablebuilder/available-microdata-tablebuilder/australian-census-longitudinal-dataset/ACLD%202011_16_21%20detailed%20microdata.xlsx","2023-12-19","bd0945f639fa8e8dafd59ca0b63df0276a590616063e26619a0eef9852cbecad",FALSE,"external_classification_reference_only"
"madipge-acld11-d-persons-11-16-21","INDP_2DIG_21","ACLD136","Person Related Data Items","https://www.abs.gov.au/statistics/microdata-tablebuilder/available-microdata-tablebuilder/australian-census-longitudinal-dataset/ACLD%202011_16_21%20detailed%20microdata.xlsx","2023-12-19","bd0945f639fa8e8dafd59ca0b63df0276a590616063e26619a0eef9852cbecad",FALSE,"external_classification_reference_only"
"madipge-acld11-d-persons-11-16-21","INDP_3DIG_11","ACLD137","Person Related Data Items","https://www.abs.gov.au/statistics/microdata-tablebuilder/available-microdata-tablebuilder/australian-census-longitudinal-dataset/ACLD%202011_16_21%20detailed%20microdata.xlsx","2023-12-19","bd0945f639fa8e8dafd59ca0b63df0276a590616063e26619a0eef9852cbecad",FALSE,"external_classification_reference_only"
"madipge-acld11-d-persons-11-16-21","INDP_3DIG_16","ACLD137","Person Related Data Items","https://www.abs.gov.au/statistics/microdata-tablebuilder/available-microdata-tablebuilder/australian-census-longitudinal-dataset/ACLD%202011_16_21%20detailed%20microdata.xlsx","2023-12-19","bd0945f639fa8e8dafd59ca0b63df0276a590616063e26619a0eef9852cbecad",FALSE,"external_classification_reference_only"
"madipge-acld11-d-persons-11-16-21","INDP_3DIG_21","ACLD137","Person Related Data Items","https://www.abs.gov.au/statistics/microdata-tablebuilder/available-microdata-tablebuilder/australian-census-longitudinal-dataset/ACLD%202011_16_21%20detailed%20microdata.xlsx","2023-12-19","bd0945f639fa8e8dafd59ca0b63df0276a590616063e26619a0eef9852cbecad",FALSE,"external_classification_reference_only"
"madipge-acld11-d-persons-11-16-21","INDP_FP_11","ACLD138","Female Parent Related Data","https://www.abs.gov.au/statistics/microdata-tablebuilder/available-microdata-tablebuilder/australian-census-longitudinal-dataset/ACLD%202011_16_21%20detailed%20microdata.xlsx","2023-12-19","bd0945f639fa8e8dafd59ca0b63df0276a590616063e26619a0eef9852cbecad",TRUE,""
"madipge-acld11-d-persons-11-16-21","INDP_FP_16","ACLD138","Female Parent Related Data","https://www.abs.gov.au/statistics/microdata-tablebuilder/available-microdata-tablebuilder/australian-census-longitudinal-dataset/ACLD%202011_16_21%20detailed%20microdata.xlsx","2023-12-19","bd0945f639fa8e8dafd59ca0b63df0276a590616063e26619a0eef9852cbecad",TRUE,""
"madipge-acld11-d-persons-11-16-21","INDP_FP_21","ACLD138","Female Parent Related Data","https://www.abs.gov.au/statistics/microdata-tablebuilder/available-microdata-tablebuilder/australian-census-longitudinal-dataset/ACLD%202011_16_21%20detailed%20microdata.xlsx","2023-12-19","bd0945f639fa8e8dafd59ca0b63df0276a590616063e26619a0eef9852cbecad",TRUE,""
"madipge-acld11-d-persons-11-16-21","INDP_MP_11","ACLD138","Male Parent Related Data Items","https://www.abs.gov.au/statistics/microdata-tablebuilder/available-microdata-tablebuilder/australian-census-longitudinal-dataset/ACLD%202011_16_21%20detailed%20microdata.xlsx","2023-12-19","bd0945f639fa8e8dafd59ca0b63df0276a590616063e26619a0eef9852cbecad",TRUE,""
"madipge-acld11-d-persons-11-16-21","INDP_MP_16","ACLD138","Male Parent Related Data Items","https://www.abs.gov.au/statistics/microdata-tablebuilder/available-microdata-tablebuilder/australian-census-longitudinal-dataset/ACLD%202011_16_21%20detailed%20microdata.xlsx","2023-12-19","bd0945f639fa8e8dafd59ca0b63df0276a590616063e26619a0eef9852cbecad",TRUE,""
"madipge-acld11-d-persons-11-16-21","INDP_MP_21","ACLD138","Male Parent Related Data Items","https://www.abs.gov.au/statistics/microdata-tablebuilder/available-microdata-tablebuilder/australian-census-longitudinal-dataset/ACLD%202011_16_21%20detailed%20microdata.xlsx","2023-12-19","bd0945f639fa8e8dafd59ca0b63df0276a590616063e26619a0eef9852cbecad",TRUE,""
"madipge-acld11-d-persons-11-16-21","INDP_SP_11","ACLD138","Spouse or Partner Data Items","https://www.abs.gov.au/statistics/microdata-tablebuilder/available-microdata-tablebuilder/australian-census-longitudinal-dataset/ACLD%202011_16_21%20detailed%20microdata.xlsx","2023-12-19","bd0945f639fa8e8dafd59ca0b63df0276a590616063e26619a0eef9852cbecad",TRUE,""
"madipge-acld11-d-persons-11-16-21","INDP_SP_16","ACLD138","Spouse or Partner Data Items","https://www.abs.gov.au/statistics/microdata-tablebuilder/available-microdata-tablebuilder/australian-census-longitudinal-dataset/ACLD%202011_16_21%20detailed%20microdata.xlsx","2023-12-19","bd0945f639fa8e8dafd59ca0b63df0276a590616063e26619a0eef9852cbecad",TRUE,""
"madipge-acld11-d-persons-11-16-21","INDP_SP_21","ACLD138","Spouse or Partner Data Items","https://www.abs.gov.au/statistics/microdata-tablebuilder/available-microdata-tablebuilder/australian-census-longitudinal-dataset/ACLD%202011_16_21%20detailed%20microdata.xlsx","2023-12-19","bd0945f639fa8e8dafd59ca0b63df0276a590616063e26619a0eef9852cbecad",TRUE,""
"madipge-acld11-d-persons-11-16-21","INGDWTD_P_11","ACLD139","Household Related Data Items","https://www.abs.gov.au/statistics/microdata-tablebuilder/available-microdata-tablebuilder/australian-census-longitudinal-dataset/ACLD%202011_16_21%20detailed%20microdata.xlsx","2023-12-19","bd0945f639fa8e8dafd59ca0b63df0276a590616063e26619a0eef9852cbecad",TRUE,""
"madipge-acld11-d-persons-11-16-21","INGDWTD_P_16","ACLD139","Household Related Data Items","https://www.abs.gov.au/statistics/microdata-tablebuilder/available-microdata-tablebuilder/australian-census-longitudinal-dataset/ACLD%202011_16_21%20detailed%20microdata.xlsx","2023-12-19","bd0945f639fa8e8dafd59ca0b63df0276a590616063e26619a0eef9852cbecad",TRUE,""
"madipge-acld11-d-persons-11-16-21","INGDWTD_P_21","ACLD140","Household Related Data Items","https://www.abs.gov.au/statistics/microdata-tablebuilder/available-microdata-tablebuilder/australian-census-longitudinal-dataset/ACLD%202011_16_21%20detailed%20microdata.xlsx","2023-12-19","bd0945f639fa8e8dafd59ca0b63df0276a590616063e26619a0eef9852cbecad",TRUE,""
"madipge-acld11-d-persons-11-16-21","INGP_11","ACLD141","Person Related Data Items","https://www.abs.gov.au/statistics/microdata-tablebuilder/available-microdata-tablebuilder/australian-census-longitudinal-dataset/ACLD%202011_16_21%20detailed%20microdata.xlsx","2023-12-19","bd0945f639fa8e8dafd59ca0b63df0276a590616063e26619a0eef9852cbecad",TRUE,""
"madipge-acld11-d-persons-11-16-21","INGP_16","ACLD141","Person Related Data Items","https://www.abs.gov.au/statistics/microdata-tablebuilder/available-microdata-tablebuilder/australian-census-longitudinal-dataset/ACLD%202011_16_21%20detailed%20microdata.xlsx","2023-12-19","bd0945f639fa8e8dafd59ca0b63df0276a590616063e26619a0eef9852cbecad",TRUE,""
"madipge-acld11-d-persons-11-16-21","INGP_21","ACLD141","Person Related Data Items","https://www.abs.gov.au/statistics/microdata-tablebuilder/available-microdata-tablebuilder/australian-census-longitudinal-dataset/ACLD%202011_16_21%20detailed%20microdata.xlsx","2023-12-19","bd0945f639fa8e8dafd59ca0b63df0276a590616063e26619a0eef9852cbecad",TRUE,""
"madipge-acld11-d-persons-11-16-21","INGP_FP_11","ACLD142","Female Parent Related Data","https://www.abs.gov.au/statistics/microdata-tablebuilder/available-microdata-tablebuilder/australian-census-longitudinal-dataset/ACLD%202011_16_21%20detailed%20microdata.xlsx","2023-12-19","bd0945f639fa8e8dafd59ca0b63df0276a590616063e26619a0eef9852cbecad",TRUE,""
"madipge-acld11-d-persons-11-16-21","INGP_FP_16","ACLD142","Female Parent Related Data","https://www.abs.gov.au/statistics/microdata-tablebuilder/available-microdata-tablebuilder/australian-census-longitudinal-dataset/ACLD%202011_16_21%20detailed%20microdata.xlsx","2023-12-19","bd0945f639fa8e8dafd59ca0b63df0276a590616063e26619a0eef9852cbecad",TRUE,""
"madipge-acld11-d-persons-11-16-21","INGP_FP_21","ACLD142","Female Parent Related Data","https://www.abs.gov.au/statistics/microdata-tablebuilder/available-microdata-tablebuilder/australian-census-longitudinal-dataset/ACLD%202011_16_21%20detailed%20microdata.xlsx","2023-12-19","bd0945f639fa8e8dafd59ca0b63df0276a590616063e26619a0eef9852cbecad",TRUE,""
"madipge-acld11-d-persons-11-16-21","INGP_MP_11","ACLD142","Male Parent Related Data Items","https://www.abs.gov.au/statistics/microdata-tablebuilder/available-microdata-tablebuilder/australian-census-longitudinal-dataset/ACLD%202011_16_21%20detailed%20microdata.xlsx","2023-12-19","bd0945f639fa8e8dafd59ca0b63df0276a590616063e26619a0eef9852cbecad",TRUE,""
"madipge-acld11-d-persons-11-16-21","INGP_MP_16","ACLD142","Male Parent Related Data Items","https://www.abs.gov.au/statistics/microdata-tablebuilder/available-microdata-tablebuilder/australian-census-longitudinal-dataset/ACLD%202011_16_21%20detailed%20microdata.xlsx","2023-12-19","bd0945f639fa8e8dafd59ca0b63df0276a590616063e26619a0eef9852cbecad",TRUE,""
"madipge-acld11-d-persons-11-16-21","INGP_MP_21","ACLD142","Male Parent Related Data Items","https://www.abs.gov.au/statistics/microdata-tablebuilder/available-microdata-tablebuilder/australian-census-longitudinal-dataset/ACLD%202011_16_21%20detailed%20microdata.xlsx","2023-12-19","bd0945f639fa8e8dafd59ca0b63df0276a590616063e26619a0eef9852cbecad",TRUE,""
"madipge-acld11-d-persons-11-16-21","INGP_SP_11","ACLD142","Spouse or Partner Data Items","https://www.abs.gov.au/statistics/microdata-tablebuilder/available-microdata-tablebuilder/australian-census-longitudinal-dataset/ACLD%202011_16_21%20detailed%20microdata.xlsx","2023-12-19","bd0945f639fa8e8dafd59ca0b63df0276a590616063e26619a0eef9852cbecad",TRUE,""
"madipge-acld11-d-persons-11-16-21","INGP_SP_16","ACLD142","Spouse or Partner Data Items","https://www.abs.gov.au/statistics/microdata-tablebuilder/available-microdata-tablebuilder/australian-census-longitudinal-dataset/ACLD%202011_16_21%20detailed%20microdata.xlsx","2023-12-19","bd0945f639fa8e8dafd59ca0b63df0276a590616063e26619a0eef9852cbecad",TRUE,""
"madipge-acld11-d-persons-11-16-21","INGP_SP_21","ACLD142","Spouse or Partner Data Items","https://www.abs.gov.au/statistics/microdata-tablebuilder/available-microdata-tablebuilder/australian-census-longitudinal-dataset/ACLD%202011_16_21%20detailed%20microdata.xlsx","2023-12-19","bd0945f639fa8e8dafd59ca0b63df0276a590616063e26619a0eef9852cbecad",TRUE,""
"madipge-acld11-d-persons-11-16-21","IRSAD_UR_11","ACLD120","Geographical Areas","https://www.abs.gov.au/statistics/microdata-tablebuilder/available-microdata-tablebuilder/australian-census-longitudinal-dataset/ACLD%202011_16_21%20detailed%20microdata.xlsx","2023-12-19","bd0945f639fa8e8dafd59ca0b63df0276a590616063e26619a0eef9852cbecad",TRUE,""
"madipge-acld11-d-persons-11-16-21","IRSAD_UR_16","ACLD120","Geographical Areas","https://www.abs.gov.au/statistics/microdata-tablebuilder/available-microdata-tablebuilder/australian-census-longitudinal-dataset/ACLD%202011_16_21%20detailed%20microdata.xlsx","2023-12-19","bd0945f639fa8e8dafd59ca0b63df0276a590616063e26619a0eef9852cbecad",TRUE,""
"madipge-acld11-d-persons-11-16-21","IRSAD_UR_21","ACLD120","Geographical Areas","https://www.abs.gov.au/statistics/microdata-tablebuilder/available-microdata-tablebuilder/australian-census-longitudinal-dataset/ACLD%202011_16_21%20detailed%20microdata.xlsx","2023-12-19","bd0945f639fa8e8dafd59ca0b63df0276a590616063e26619a0eef9852cbecad",TRUE,""
"madipge-acld11-d-persons-11-16-21","IRSD_UR_11","ACLD119","Geographical Areas","https://www.abs.gov.au/statistics/microdata-tablebuilder/available-microdata-tablebuilder/australian-census-longitudinal-dataset/ACLD%202011_16_21%20detailed%20microdata.xlsx","2023-12-19","bd0945f639fa8e8dafd59ca0b63df0276a590616063e26619a0eef9852cbecad",TRUE,""
"madipge-acld11-d-persons-11-16-21","IRSD_UR_16","ACLD119","Geographical Areas","https://www.abs.gov.au/statistics/microdata-tablebuilder/available-microdata-tablebuilder/australian-census-longitudinal-dataset/ACLD%202011_16_21%20detailed%20microdata.xlsx","2023-12-19","bd0945f639fa8e8dafd59ca0b63df0276a590616063e26619a0eef9852cbecad",TRUE,""
"madipge-acld11-d-persons-11-16-21","IRSD_UR_21","ACLD119","Geographical Areas","https://www.abs.gov.au/statistics/microdata-tablebuilder/available-microdata-tablebuilder/australian-census-longitudinal-dataset/ACLD%202011_16_21%20detailed%20microdata.xlsx","2023-12-19","bd0945f639fa8e8dafd59ca0b63df0276a590616063e26619a0eef9852cbecad",TRUE,""
"madipge-acld11-d-persons-11-16-21","ISPH_P_11","ACLD143","Household Related Data Items","https://www.abs.gov.au/statistics/microdata-tablebuilder/available-microdata-tablebuilder/australian-census-longitudinal-dataset/ACLD%202011_16_21%20detailed%20microdata.xlsx","2023-12-19","bd0945f639fa8e8dafd59ca0b63df0276a590616063e26619a0eef9852cbecad",TRUE,""
"madipge-acld11-d-persons-11-16-21","ISPH_P_16","ACLD143","Household Related Data Items","https://www.abs.gov.au/statistics/microdata-tablebuilder/available-microdata-tablebuilder/australian-census-longitudinal-dataset/ACLD%202011_16_21%20detailed%20microdata.xlsx","2023-12-19","bd0945f639fa8e8dafd59ca0b63df0276a590616063e26619a0eef9852cbecad",TRUE,""
"madipge-acld11-d-persons-11-16-21","ISPH_P_21","ACLD143","Household Related Data Items","https://www.abs.gov.au/statistics/microdata-tablebuilder/available-microdata-tablebuilder/australian-census-longitudinal-dataset/ACLD%202011_16_21%20detailed%20microdata.xlsx","2023-12-19","bd0945f639fa8e8dafd59ca0b63df0276a590616063e26619a0eef9852cbecad",TRUE,""
"madipge-acld11-d-persons-11-16-21","LANP_11","ACLD144","Person Related Data Items","https://www.abs.gov.au/statistics/microdata-tablebuilder/available-microdata-tablebuilder/australian-census-longitudinal-dataset/ACLD%202011_16_21%20detailed%20microdata.xlsx","2023-12-19","bd0945f639fa8e8dafd59ca0b63df0276a590616063e26619a0eef9852cbecad",FALSE,"external_classification_reference_only"
"madipge-acld11-d-persons-11-16-21","LANP_16","ACLD145","Person Related Data Items","https://www.abs.gov.au/statistics/microdata-tablebuilder/available-microdata-tablebuilder/australian-census-longitudinal-dataset/ACLD%202011_16_21%20detailed%20microdata.xlsx","2023-12-19","bd0945f639fa8e8dafd59ca0b63df0276a590616063e26619a0eef9852cbecad",FALSE,"external_classification_reference_only"
"madipge-acld11-d-persons-11-16-21","LANP_21","ACLD146","Person Related Data Items","https://www.abs.gov.au/statistics/microdata-tablebuilder/available-microdata-tablebuilder/australian-census-longitudinal-dataset/ACLD%202011_16_21%20detailed%20microdata.xlsx","2023-12-19","bd0945f639fa8e8dafd59ca0b63df0276a590616063e26619a0eef9852cbecad",FALSE,"external_classification_reference_only"
"madipge-acld11-d-persons-11-16-21","LANP_FP_11","ACLD144","Female Parent Related Data","https://www.abs.gov.au/statistics/microdata-tablebuilder/available-microdata-tablebuilder/australian-census-longitudinal-dataset/ACLD%202011_16_21%20detailed%20microdata.xlsx","2023-12-19","bd0945f639fa8e8dafd59ca0b63df0276a590616063e26619a0eef9852cbecad",FALSE,"external_classification_reference_only"
"madipge-acld11-d-persons-11-16-21","LANP_FP_16","ACLD145","Female Parent Related Data","https://www.abs.gov.au/statistics/microdata-tablebuilder/available-microdata-tablebuilder/australian-census-longitudinal-dataset/ACLD%202011_16_21%20detailed%20microdata.xlsx","2023-12-19","bd0945f639fa8e8dafd59ca0b63df0276a590616063e26619a0eef9852cbecad",FALSE,"external_classification_reference_only"
"madipge-acld11-d-persons-11-16-21","LANP_FP_21","ACLD146","Female Parent Related Data","https://www.abs.gov.au/statistics/microdata-tablebuilder/available-microdata-tablebuilder/australian-census-longitudinal-dataset/ACLD%202011_16_21%20detailed%20microdata.xlsx","2023-12-19","bd0945f639fa8e8dafd59ca0b63df0276a590616063e26619a0eef9852cbecad",FALSE,"external_classification_reference_only"
"madipge-acld11-d-persons-11-16-21","LANP_MP_11","ACLD144","Male Parent Related Data Items","https://www.abs.gov.au/statistics/microdata-tablebuilder/available-microdata-tablebuilder/australian-census-longitudinal-dataset/ACLD%202011_16_21%20detailed%20microdata.xlsx","2023-12-19","bd0945f639fa8e8dafd59ca0b63df0276a590616063e26619a0eef9852cbecad",FALSE,"external_classification_reference_only"
"madipge-acld11-d-persons-11-16-21","LANP_MP_16","ACLD145","Male Parent Related Data Items","https://www.abs.gov.au/statistics/microdata-tablebuilder/available-microdata-tablebuilder/australian-census-longitudinal-dataset/ACLD%202011_16_21%20detailed%20microdata.xlsx","2023-12-19","bd0945f639fa8e8dafd59ca0b63df0276a590616063e26619a0eef9852cbecad",FALSE,"external_classification_reference_only"
"madipge-acld11-d-persons-11-16-21","LANP_MP_21","ACLD146","Male Parent Related Data Items","https://www.abs.gov.au/statistics/microdata-tablebuilder/available-microdata-tablebuilder/australian-census-longitudinal-dataset/ACLD%202011_16_21%20detailed%20microdata.xlsx","2023-12-19","bd0945f639fa8e8dafd59ca0b63df0276a590616063e26619a0eef9852cbecad",FALSE,"external_classification_reference_only"
"madipge-acld11-d-persons-11-16-21","LANP_SP_11","ACLD144","Spouse or Partner Data Items","https://www.abs.gov.au/statistics/microdata-tablebuilder/available-microdata-tablebuilder/australian-census-longitudinal-dataset/ACLD%202011_16_21%20detailed%20microdata.xlsx","2023-12-19","bd0945f639fa8e8dafd59ca0b63df0276a590616063e26619a0eef9852cbecad",FALSE,"external_classification_reference_only"
"madipge-acld11-d-persons-11-16-21","LANP_SP_16","ACLD145","Spouse or Partner Data Items","https://www.abs.gov.au/statistics/microdata-tablebuilder/available-microdata-tablebuilder/australian-census-longitudinal-dataset/ACLD%202011_16_21%20detailed%20microdata.xlsx","2023-12-19","bd0945f639fa8e8dafd59ca0b63df0276a590616063e26619a0eef9852cbecad",FALSE,"external_classification_reference_only"
"madipge-acld11-d-persons-11-16-21","LANP_SP_21","ACLD146","Spouse or Partner Data Items","https://www.abs.gov.au/statistics/microdata-tablebuilder/available-microdata-tablebuilder/australian-census-longitudinal-dataset/ACLD%202011_16_21%20detailed%20microdata.xlsx","2023-12-19","bd0945f639fa8e8dafd59ca0b63df0276a590616063e26619a0eef9852cbecad",FALSE,"external_classification_reference_only"
"madipge-acld11-d-persons-11-16-21","LEVEL","","","https://www.abs.gov.au/statistics/microdata-tablebuilder/available-microdata-tablebuilder/australian-census-longitudinal-dataset/ACLD%202011_16_21%20detailed%20microdata.xlsx","2023-12-19","bd0945f639fa8e8dafd59ca0b63df0276a590616063e26619a0eef9852cbecad",FALSE,"not_enumerated_in_workbook"
"madipge-acld11-d-persons-11-16-21","LFDIF_P_11","ACLD147","Family Related Data Items","https://www.abs.gov.au/statistics/microdata-tablebuilder/available-microdata-tablebuilder/australian-census-longitudinal-dataset/ACLD%202011_16_21%20detailed%20microdata.xlsx","2023-12-19","bd0945f639fa8e8dafd59ca0b63df0276a590616063e26619a0eef9852cbecad",TRUE,""
"madipge-acld11-d-persons-11-16-21","LFDIF_P_16","ACLD147","Family Related Data Items","https://www.abs.gov.au/statistics/microdata-tablebuilder/available-microdata-tablebuilder/australian-census-longitudinal-dataset/ACLD%202011_16_21%20detailed%20microdata.xlsx","2023-12-19","bd0945f639fa8e8dafd59ca0b63df0276a590616063e26619a0eef9852cbecad",TRUE,""
"madipge-acld11-d-persons-11-16-21","LFDIF_P_21","ACLD147","Family Related Data Items","https://www.abs.gov.au/statistics/microdata-tablebuilder/available-microdata-tablebuilder/australian-census-longitudinal-dataset/ACLD%202011_16_21%20detailed%20microdata.xlsx","2023-12-19","bd0945f639fa8e8dafd59ca0b63df0276a590616063e26619a0eef9852cbecad",TRUE,""
"madipge-acld11-d-persons-11-16-21","LFHRP_11","ACLD148","Person Related Data Items","https://www.abs.gov.au/statistics/microdata-tablebuilder/available-microdata-tablebuilder/australian-census-longitudinal-dataset/ACLD%202011_16_21%20detailed%20microdata.xlsx","2023-12-19","bd0945f639fa8e8dafd59ca0b63df0276a590616063e26619a0eef9852cbecad",TRUE,""
"madipge-acld11-d-persons-11-16-21","LFHRP_16","ACLD148","Person Related Data Items","https://www.abs.gov.au/statistics/microdata-tablebuilder/available-microdata-tablebuilder/australian-census-longitudinal-dataset/ACLD%202011_16_21%20detailed%20microdata.xlsx","2023-12-19","bd0945f639fa8e8dafd59ca0b63df0276a590616063e26619a0eef9852cbecad",TRUE,""
"madipge-acld11-d-persons-11-16-21","LFHRP_21","ACLD148","Person Related Data Items","https://www.abs.gov.au/statistics/microdata-tablebuilder/available-microdata-tablebuilder/australian-census-longitudinal-dataset/ACLD%202011_16_21%20detailed%20microdata.xlsx","2023-12-19","bd0945f639fa8e8dafd59ca0b63df0276a590616063e26619a0eef9852cbecad",TRUE,""
"madipge-acld11-d-persons-11-16-21","LFSF_P_11","ACLD149","Family Related Data Items","https://www.abs.gov.au/statistics/microdata-tablebuilder/available-microdata-tablebuilder/australian-census-longitudinal-dataset/ACLD%202011_16_21%20detailed%20microdata.xlsx","2023-12-19","bd0945f639fa8e8dafd59ca0b63df0276a590616063e26619a0eef9852cbecad",TRUE,""
"madipge-acld11-d-persons-11-16-21","LFSF_P_16","","","https://www.abs.gov.au/statistics/microdata-tablebuilder/available-microdata-tablebuilder/australian-census-longitudinal-dataset/ACLD%202011_16_21%20detailed%20microdata.xlsx","2023-12-19","bd0945f639fa8e8dafd59ca0b63df0276a590616063e26619a0eef9852cbecad",FALSE,"not_enumerated_in_workbook"
"madipge-acld11-d-persons-11-16-21","LFSF_P_21","","","https://www.abs.gov.au/statistics/microdata-tablebuilder/available-microdata-tablebuilder/australian-census-longitudinal-dataset/ACLD%202011_16_21%20detailed%20microdata.xlsx","2023-12-19","bd0945f639fa8e8dafd59ca0b63df0276a590616063e26619a0eef9852cbecad",FALSE,"not_enumerated_in_workbook"
"madipge-acld11-d-persons-11-16-21","LFSP_11","ACLD150","Person Related Data Items","https://www.abs.gov.au/statistics/microdata-tablebuilder/available-microdata-tablebuilder/australian-census-longitudinal-dataset/ACLD%202011_16_21%20detailed%20microdata.xlsx","2023-12-19","bd0945f639fa8e8dafd59ca0b63df0276a590616063e26619a0eef9852cbecad",TRUE,""
"madipge-acld11-d-persons-11-16-21","LFSP_16","ACLD150","Person Related Data Items","https://www.abs.gov.au/statistics/microdata-tablebuilder/available-microdata-tablebuilder/australian-census-longitudinal-dataset/ACLD%202011_16_21%20detailed%20microdata.xlsx","2023-12-19","bd0945f639fa8e8dafd59ca0b63df0276a590616063e26619a0eef9852cbecad",TRUE,""
"madipge-acld11-d-persons-11-16-21","LFSP_21","ACLD150","Person Related Data Items","https://www.abs.gov.au/statistics/microdata-tablebuilder/available-microdata-tablebuilder/australian-census-longitudinal-dataset/ACLD%202011_16_21%20detailed%20microdata.xlsx","2023-12-19","bd0945f639fa8e8dafd59ca0b63df0276a590616063e26619a0eef9852cbecad",TRUE,""
"madipge-acld11-d-persons-11-16-21","LFSP_FP_11","ACLD150","Female Parent Related Data","https://www.abs.gov.au/statistics/microdata-tablebuilder/available-microdata-tablebuilder/australian-census-longitudinal-dataset/ACLD%202011_16_21%20detailed%20microdata.xlsx","2023-12-19","bd0945f639fa8e8dafd59ca0b63df0276a590616063e26619a0eef9852cbecad",TRUE,""
"madipge-acld11-d-persons-11-16-21","LFSP_FP_16","ACLD150","Female Parent Related Data","https://www.abs.gov.au/statistics/microdata-tablebuilder/available-microdata-tablebuilder/australian-census-longitudinal-dataset/ACLD%202011_16_21%20detailed%20microdata.xlsx","2023-12-19","bd0945f639fa8e8dafd59ca0b63df0276a590616063e26619a0eef9852cbecad",TRUE,""
"madipge-acld11-d-persons-11-16-21","LFSP_FP_21","ACLD150","Female Parent Related Data","https://www.abs.gov.au/statistics/microdata-tablebuilder/available-microdata-tablebuilder/australian-census-longitudinal-dataset/ACLD%202011_16_21%20detailed%20microdata.xlsx","2023-12-19","bd0945f639fa8e8dafd59ca0b63df0276a590616063e26619a0eef9852cbecad",TRUE,""
"madipge-acld11-d-persons-11-16-21","LFSP_MP_11","ACLD150","Male Parent Related Data Items","https://www.abs.gov.au/statistics/microdata-tablebuilder/available-microdata-tablebuilder/australian-census-longitudinal-dataset/ACLD%202011_16_21%20detailed%20microdata.xlsx","2023-12-19","bd0945f639fa8e8dafd59ca0b63df0276a590616063e26619a0eef9852cbecad",TRUE,""
"madipge-acld11-d-persons-11-16-21","LFSP_MP_16","ACLD150","Male Parent Related Data Items","https://www.abs.gov.au/statistics/microdata-tablebuilder/available-microdata-tablebuilder/australian-census-longitudinal-dataset/ACLD%202011_16_21%20detailed%20microdata.xlsx","2023-12-19","bd0945f639fa8e8dafd59ca0b63df0276a590616063e26619a0eef9852cbecad",TRUE,""
"madipge-acld11-d-persons-11-16-21","LFSP_MP_21","ACLD150","Male Parent Related Data Items","https://www.abs.gov.au/statistics/microdata-tablebuilder/available-microdata-tablebuilder/australian-census-longitudinal-dataset/ACLD%202011_16_21%20detailed%20microdata.xlsx","2023-12-19","bd0945f639fa8e8dafd59ca0b63df0276a590616063e26619a0eef9852cbecad",TRUE,""
"madipge-acld11-d-persons-11-16-21","LFSP_SP_11","ACLD150","Spouse or Partner Data Items","https://www.abs.gov.au/statistics/microdata-tablebuilder/available-microdata-tablebuilder/australian-census-longitudinal-dataset/ACLD%202011_16_21%20detailed%20microdata.xlsx","2023-12-19","bd0945f639fa8e8dafd59ca0b63df0276a590616063e26619a0eef9852cbecad",TRUE,""
"madipge-acld11-d-persons-11-16-21","LFSP_SP_16","ACLD150","Spouse or Partner Data Items","https://www.abs.gov.au/statistics/microdata-tablebuilder/available-microdata-tablebuilder/australian-census-longitudinal-dataset/ACLD%202011_16_21%20detailed%20microdata.xlsx","2023-12-19","bd0945f639fa8e8dafd59ca0b63df0276a590616063e26619a0eef9852cbecad",TRUE,""
"madipge-acld11-d-persons-11-16-21","LFSP_SP_21","ACLD150","Spouse or Partner Data Items","https://www.abs.gov.au/statistics/microdata-tablebuilder/available-microdata-tablebuilder/australian-census-longitudinal-dataset/ACLD%202011_16_21%20detailed%20microdata.xlsx","2023-12-19","bd0945f639fa8e8dafd59ca0b63df0276a590616063e26619a0eef9852cbecad",TRUE,""
"madipge-acld11-d-persons-11-16-21","LGA_UR_11","ACLD151","Geographical Areas","https://www.abs.gov.au/statistics/microdata-tablebuilder/available-microdata-tablebuilder/australian-census-longitudinal-dataset/ACLD%202011_16_21%20detailed%20microdata.xlsx","2023-12-19","bd0945f639fa8e8dafd59ca0b63df0276a590616063e26619a0eef9852cbecad",FALSE,"external_classification_reference_only"
"madipge-acld11-d-persons-11-16-21","LGA_UR_16","ACLD152","Geographical Areas","https://www.abs.gov.au/statistics/microdata-tablebuilder/available-microdata-tablebuilder/australian-census-longitudinal-dataset/ACLD%202011_16_21%20detailed%20microdata.xlsx","2023-12-19","bd0945f639fa8e8dafd59ca0b63df0276a590616063e26619a0eef9852cbecad",FALSE,"external_classification_reference_only"
"madipge-acld11-d-persons-11-16-21","LGA_UR_21","ACLD153","Geographical Areas","https://www.abs.gov.au/statistics/microdata-tablebuilder/available-microdata-tablebuilder/australian-census-longitudinal-dataset/ACLD%202011_16_21%20detailed%20microdata.xlsx","2023-12-19","bd0945f639fa8e8dafd59ca0b63df0276a590616063e26619a0eef9852cbecad",FALSE,"external_classification_reference_only"
"madipge-acld11-d-persons-11-16-21","LINKFLAG_16","ACLD154","Quality Indicators","https://www.abs.gov.au/statistics/microdata-tablebuilder/available-microdata-tablebuilder/australian-census-longitudinal-dataset/ACLD%202011_16_21%20detailed%20microdata.xlsx","2023-12-19","bd0945f639fa8e8dafd59ca0b63df0276a590616063e26619a0eef9852cbecad",TRUE,""
"madipge-acld11-d-persons-11-16-21","LINKFLAG_21","ACLD155","Quality Indicators","https://www.abs.gov.au/statistics/microdata-tablebuilder/available-microdata-tablebuilder/australian-census-longitudinal-dataset/ACLD%202011_16_21%20detailed%20microdata.xlsx","2023-12-19","bd0945f639fa8e8dafd59ca0b63df0276a590616063e26619a0eef9852cbecad",TRUE,""
"madipge-acld11-d-persons-11-16-21","LLDD_P_11","ACLD156","Dwelling Related Data Items","https://www.abs.gov.au/statistics/microdata-tablebuilder/available-microdata-tablebuilder/australian-census-longitudinal-dataset/ACLD%202011_16_21%20detailed%20microdata.xlsx","2023-12-19","bd0945f639fa8e8dafd59ca0b63df0276a590616063e26619a0eef9852cbecad",TRUE,""
"madipge-acld11-d-persons-11-16-21","LLDD_P_16","ACLD156","Dwelling Related Data Items","https://www.abs.gov.au/statistics/microdata-tablebuilder/available-microdata-tablebuilder/australian-census-longitudinal-dataset/ACLD%202011_16_21%20detailed%20microdata.xlsx","2023-12-19","bd0945f639fa8e8dafd59ca0b63df0276a590616063e26619a0eef9852cbecad",TRUE,""
"madipge-acld11-d-persons-11-16-21","LLDD_P_21","ACLD157","Dwelling Related Data Items","https://www.abs.gov.au/statistics/microdata-tablebuilder/available-microdata-tablebuilder/australian-census-longitudinal-dataset/ACLD%202011_16_21%20detailed%20microdata.xlsx","2023-12-19","bd0945f639fa8e8dafd59ca0b63df0276a590616063e26619a0eef9852cbecad",TRUE,""
"madipge-acld11-d-persons-11-16-21","MBUCD_11","ACLD158","Geographical Areas","https://www.abs.gov.au/statistics/microdata-tablebuilder/available-microdata-tablebuilder/australian-census-longitudinal-dataset/ACLD%202011_16_21%20detailed%20microdata.xlsx","2023-12-19","bd0945f639fa8e8dafd59ca0b63df0276a590616063e26619a0eef9852cbecad",FALSE,"external_classification_reference_only"
"madipge-acld11-d-persons-11-16-21","MBUCD_16","ACLD159","Geographical Areas","https://www.abs.gov.au/statistics/microdata-tablebuilder/available-microdata-tablebuilder/australian-census-longitudinal-dataset/ACLD%202011_16_21%20detailed%20microdata.xlsx","2023-12-19","bd0945f639fa8e8dafd59ca0b63df0276a590616063e26619a0eef9852cbecad",FALSE,"external_classification_reference_only"
"madipge-acld11-d-persons-11-16-21","MBUCD_21","ACLD160","Geographical Areas","https://www.abs.gov.au/statistics/microdata-tablebuilder/available-microdata-tablebuilder/australian-census-longitudinal-dataset/ACLD%202011_16_21%20detailed%20microdata.xlsx","2023-12-19","bd0945f639fa8e8dafd59ca0b63df0276a590616063e26619a0eef9852cbecad",FALSE,"external_classification_reference_only"
"madipge-acld11-d-persons-11-16-21","MBUCP_11","ACLD158","Geographical Areas","https://www.abs.gov.au/statistics/microdata-tablebuilder/available-microdata-tablebuilder/australian-census-longitudinal-dataset/ACLD%202011_16_21%20detailed%20microdata.xlsx","2023-12-19","bd0945f639fa8e8dafd59ca0b63df0276a590616063e26619a0eef9852cbecad",FALSE,"external_classification_reference_only"
"madipge-acld11-d-persons-11-16-21","MBUCP_16","ACLD159","Geographical Areas","https://www.abs.gov.au/statistics/microdata-tablebuilder/available-microdata-tablebuilder/australian-census-longitudinal-dataset/ACLD%202011_16_21%20detailed%20microdata.xlsx","2023-12-19","bd0945f639fa8e8dafd59ca0b63df0276a590616063e26619a0eef9852cbecad",FALSE,"external_classification_reference_only"
"madipge-acld11-d-persons-11-16-21","MBUCP_21","ACLD160","Geographical Areas","https://www.abs.gov.au/statistics/microdata-tablebuilder/available-microdata-tablebuilder/australian-census-longitudinal-dataset/ACLD%202011_16_21%20detailed%20microdata.xlsx","2023-12-19","bd0945f639fa8e8dafd59ca0b63df0276a590616063e26619a0eef9852cbecad",FALSE,"external_classification_reference_only"
"madipge-acld11-d-persons-11-16-21","MDCP_11","ACLD161","Person Related Data Items","https://www.abs.gov.au/statistics/microdata-tablebuilder/available-microdata-tablebuilder/australian-census-longitudinal-dataset/ACLD%202011_16_21%20detailed%20microdata.xlsx","2023-12-19","bd0945f639fa8e8dafd59ca0b63df0276a590616063e26619a0eef9852cbecad",TRUE,""
"madipge-acld11-d-persons-11-16-21","MDCP_16","ACLD161","Person Related Data Items","https://www.abs.gov.au/statistics/microdata-tablebuilder/available-microdata-tablebuilder/australian-census-longitudinal-dataset/ACLD%202011_16_21%20detailed%20microdata.xlsx","2023-12-19","bd0945f639fa8e8dafd59ca0b63df0276a590616063e26619a0eef9852cbecad",TRUE,""
"madipge-acld11-d-persons-11-16-21","MDCP_21","ACLD161","Person Related Data Items","https://www.abs.gov.au/statistics/microdata-tablebuilder/available-microdata-tablebuilder/australian-census-longitudinal-dataset/ACLD%202011_16_21%20detailed%20microdata.xlsx","2023-12-19","bd0945f639fa8e8dafd59ca0b63df0276a590616063e26619a0eef9852cbecad",TRUE,""
"madipge-acld11-d-persons-11-16-21","MDCP_FP_11","ACLD161","Female Parent Related Data","https://www.abs.gov.au/statistics/microdata-tablebuilder/available-microdata-tablebuilder/australian-census-longitudinal-dataset/ACLD%202011_16_21%20detailed%20microdata.xlsx","2023-12-19","bd0945f639fa8e8dafd59ca0b63df0276a590616063e26619a0eef9852cbecad",TRUE,""
"madipge-acld11-d-persons-11-16-21","MDCP_FP_16","ACLD161","Female Parent Related Data","https://www.abs.gov.au/statistics/microdata-tablebuilder/available-microdata-tablebuilder/australian-census-longitudinal-dataset/ACLD%202011_16_21%20detailed%20microdata.xlsx","2023-12-19","bd0945f639fa8e8dafd59ca0b63df0276a590616063e26619a0eef9852cbecad",TRUE,""
"madipge-acld11-d-persons-11-16-21","MDCP_FP_21","ACLD161","Female Parent Related Data","https://www.abs.gov.au/statistics/microdata-tablebuilder/available-microdata-tablebuilder/australian-census-longitudinal-dataset/ACLD%202011_16_21%20detailed%20microdata.xlsx","2023-12-19","bd0945f639fa8e8dafd59ca0b63df0276a590616063e26619a0eef9852cbecad",TRUE,""
"madipge-acld11-d-persons-11-16-21","MDCP_MP_11","ACLD161","Male Parent Related Data Items","https://www.abs.gov.au/statistics/microdata-tablebuilder/available-microdata-tablebuilder/australian-census-longitudinal-dataset/ACLD%202011_16_21%20detailed%20microdata.xlsx","2023-12-19","bd0945f639fa8e8dafd59ca0b63df0276a590616063e26619a0eef9852cbecad",TRUE,""
"madipge-acld11-d-persons-11-16-21","MDCP_MP_16","ACLD161","Male Parent Related Data Items","https://www.abs.gov.au/statistics/microdata-tablebuilder/available-microdata-tablebuilder/australian-census-longitudinal-dataset/ACLD%202011_16_21%20detailed%20microdata.xlsx","2023-12-19","bd0945f639fa8e8dafd59ca0b63df0276a590616063e26619a0eef9852cbecad",TRUE,""
"madipge-acld11-d-persons-11-16-21","MDCP_MP_21","ACLD161","Male Parent Related Data Items","https://www.abs.gov.au/statistics/microdata-tablebuilder/available-microdata-tablebuilder/australian-census-longitudinal-dataset/ACLD%202011_16_21%20detailed%20microdata.xlsx","2023-12-19","bd0945f639fa8e8dafd59ca0b63df0276a590616063e26619a0eef9852cbecad",TRUE,""
"madipge-acld11-d-persons-11-16-21","MDCP_SP_11","ACLD161","Spouse or Partner Data Items","https://www.abs.gov.au/statistics/microdata-tablebuilder/available-microdata-tablebuilder/australian-census-longitudinal-dataset/ACLD%202011_16_21%20detailed%20microdata.xlsx","2023-12-19","bd0945f639fa8e8dafd59ca0b63df0276a590616063e26619a0eef9852cbecad",TRUE,""
"madipge-acld11-d-persons-11-16-21","MDCP_SP_16","ACLD161","Spouse or Partner Data Items","https://www.abs.gov.au/statistics/microdata-tablebuilder/available-microdata-tablebuilder/australian-census-longitudinal-dataset/ACLD%202011_16_21%20detailed%20microdata.xlsx","2023-12-19","bd0945f639fa8e8dafd59ca0b63df0276a590616063e26619a0eef9852cbecad",TRUE,""
"madipge-acld11-d-persons-11-16-21","MDCP_SP_21","ACLD161","Spouse or Partner Data Items","https://www.abs.gov.au/statistics/microdata-tablebuilder/available-microdata-tablebuilder/australian-census-longitudinal-dataset/ACLD%202011_16_21%20detailed%20microdata.xlsx","2023-12-19","bd0945f639fa8e8dafd59ca0b63df0276a590616063e26619a0eef9852cbecad",TRUE,""
"madipge-acld11-d-persons-11-16-21","MRERD_P_11","ACLD162","Dwelling Related Data Items","https://www.abs.gov.au/statistics/microdata-tablebuilder/available-microdata-tablebuilder/australian-census-longitudinal-dataset/ACLD%202011_16_21%20detailed%20microdata.xlsx","2023-12-19","bd0945f639fa8e8dafd59ca0b63df0276a590616063e26619a0eef9852cbecad",TRUE,""
"madipge-acld11-d-persons-11-16-21","MRERD_P_16","ACLD162","Dwelling Related Data Items","https://www.abs.gov.au/statistics/microdata-tablebuilder/available-microdata-tablebuilder/australian-census-longitudinal-dataset/ACLD%202011_16_21%20detailed%20microdata.xlsx","2023-12-19","bd0945f639fa8e8dafd59ca0b63df0276a590616063e26619a0eef9852cbecad",TRUE,""
"madipge-acld11-d-persons-11-16-21","MRERD_P_21","ACLD163","Dwelling Related Data Items","https://www.abs.gov.au/statistics/microdata-tablebuilder/available-microdata-tablebuilder/australian-census-longitudinal-dataset/ACLD%202011_16_21%20detailed%20microdata.xlsx","2023-12-19","bd0945f639fa8e8dafd59ca0b63df0276a590616063e26619a0eef9852cbecad",TRUE,""
"madipge-acld11-d-persons-11-16-21","MSTP_11","ACLD164","Person Related Data Items","https://www.abs.gov.au/statistics/microdata-tablebuilder/available-microdata-tablebuilder/australian-census-longitudinal-dataset/ACLD%202011_16_21%20detailed%20microdata.xlsx","2023-12-19","bd0945f639fa8e8dafd59ca0b63df0276a590616063e26619a0eef9852cbecad",TRUE,""
"madipge-acld11-d-persons-11-16-21","MSTP_16","ACLD164","Person Related Data Items","https://www.abs.gov.au/statistics/microdata-tablebuilder/available-microdata-tablebuilder/australian-census-longitudinal-dataset/ACLD%202011_16_21%20detailed%20microdata.xlsx","2023-12-19","bd0945f639fa8e8dafd59ca0b63df0276a590616063e26619a0eef9852cbecad",TRUE,""
"madipge-acld11-d-persons-11-16-21","MSTP_21","ACLD164","Person Related Data Items","https://www.abs.gov.au/statistics/microdata-tablebuilder/available-microdata-tablebuilder/australian-census-longitudinal-dataset/ACLD%202011_16_21%20detailed%20microdata.xlsx","2023-12-19","bd0945f639fa8e8dafd59ca0b63df0276a590616063e26619a0eef9852cbecad",TRUE,""
"madipge-acld11-d-persons-11-16-21","MSTP_FP_11","ACLD165","Female Parent Related Data","https://www.abs.gov.au/statistics/microdata-tablebuilder/available-microdata-tablebuilder/australian-census-longitudinal-dataset/ACLD%202011_16_21%20detailed%20microdata.xlsx","2023-12-19","bd0945f639fa8e8dafd59ca0b63df0276a590616063e26619a0eef9852cbecad",TRUE,""
"madipge-acld11-d-persons-11-16-21","MSTP_FP_16","ACLD165","Female Parent Related Data","https://www.abs.gov.au/statistics/microdata-tablebuilder/available-microdata-tablebuilder/australian-census-longitudinal-dataset/ACLD%202011_16_21%20detailed%20microdata.xlsx","2023-12-19","bd0945f639fa8e8dafd59ca0b63df0276a590616063e26619a0eef9852cbecad",TRUE,""
"madipge-acld11-d-persons-11-16-21","MSTP_FP_21","ACLD165","Female Parent Related Data","https://www.abs.gov.au/statistics/microdata-tablebuilder/available-microdata-tablebuilder/australian-census-longitudinal-dataset/ACLD%202011_16_21%20detailed%20microdata.xlsx","2023-12-19","bd0945f639fa8e8dafd59ca0b63df0276a590616063e26619a0eef9852cbecad",TRUE,""
"madipge-acld11-d-persons-11-16-21","MSTP_MP_11","ACLD165","Male Parent Related Data Items","https://www.abs.gov.au/statistics/microdata-tablebuilder/available-microdata-tablebuilder/australian-census-longitudinal-dataset/ACLD%202011_16_21%20detailed%20microdata.xlsx","2023-12-19","bd0945f639fa8e8dafd59ca0b63df0276a590616063e26619a0eef9852cbecad",TRUE,""
"madipge-acld11-d-persons-11-16-21","MSTP_MP_16","ACLD165","Male Parent Related Data Items","https://www.abs.gov.au/statistics/microdata-tablebuilder/available-microdata-tablebuilder/australian-census-longitudinal-dataset/ACLD%202011_16_21%20detailed%20microdata.xlsx","2023-12-19","bd0945f639fa8e8dafd59ca0b63df0276a590616063e26619a0eef9852cbecad",TRUE,""
"madipge-acld11-d-persons-11-16-21","MSTP_MP_21","ACLD165","Male Parent Related Data Items","https://www.abs.gov.au/statistics/microdata-tablebuilder/available-microdata-tablebuilder/australian-census-longitudinal-dataset/ACLD%202011_16_21%20detailed%20microdata.xlsx","2023-12-19","bd0945f639fa8e8dafd59ca0b63df0276a590616063e26619a0eef9852cbecad",TRUE,""
"madipge-acld11-d-persons-11-16-21","MSTP_SP_11","ACLD165","Spouse or Partner Data Items","https://www.abs.gov.au/statistics/microdata-tablebuilder/available-microdata-tablebuilder/australian-census-longitudinal-dataset/ACLD%202011_16_21%20detailed%20microdata.xlsx","2023-12-19","bd0945f639fa8e8dafd59ca0b63df0276a590616063e26619a0eef9852cbecad",TRUE,""
"madipge-acld11-d-persons-11-16-21","MSTP_SP_16","ACLD165","Spouse or Partner Data Items","https://www.abs.gov.au/statistics/microdata-tablebuilder/available-microdata-tablebuilder/australian-census-longitudinal-dataset/ACLD%202011_16_21%20detailed%20microdata.xlsx","2023-12-19","bd0945f639fa8e8dafd59ca0b63df0276a590616063e26619a0eef9852cbecad",TRUE,""
"madipge-acld11-d-persons-11-16-21","MSTP_SP_21","ACLD165","Spouse or Partner Data Items","https://www.abs.gov.au/statistics/microdata-tablebuilder/available-microdata-tablebuilder/australian-census-longitudinal-dataset/ACLD%202011_16_21%20detailed%20microdata.xlsx","2023-12-19","bd0945f639fa8e8dafd59ca0b63df0276a590616063e26619a0eef9852cbecad",TRUE,""
"madipge-acld11-d-persons-11-16-21","MTWP_11","ACLD166","Person Related Data Items","https://www.abs.gov.au/statistics/microdata-tablebuilder/available-microdata-tablebuilder/australian-census-longitudinal-dataset/ACLD%202011_16_21%20detailed%20microdata.xlsx","2023-12-19","bd0945f639fa8e8dafd59ca0b63df0276a590616063e26619a0eef9852cbecad",TRUE,""
"madipge-acld11-d-persons-11-16-21","MTWP_16","ACLD166","Person Related Data Items","https://www.abs.gov.au/statistics/microdata-tablebuilder/available-microdata-tablebuilder/australian-census-longitudinal-dataset/ACLD%202011_16_21%20detailed%20microdata.xlsx","2023-12-19","bd0945f639fa8e8dafd59ca0b63df0276a590616063e26619a0eef9852cbecad",TRUE,""
"madipge-acld11-d-persons-11-16-21","MTWP_21","ACLD167","Person Related Data Items","https://www.abs.gov.au/statistics/microdata-tablebuilder/available-microdata-tablebuilder/australian-census-longitudinal-dataset/ACLD%202011_16_21%20detailed%20microdata.xlsx","2023-12-19","bd0945f639fa8e8dafd59ca0b63df0276a590616063e26619a0eef9852cbecad",TRUE,""
"madipge-acld11-d-persons-11-16-21","MV1D_P_11","ACLD168","Household Related Data Items","https://www.abs.gov.au/statistics/microdata-tablebuilder/available-microdata-tablebuilder/australian-census-longitudinal-dataset/ACLD%202011_16_21%20detailed%20microdata.xlsx","2023-12-19","bd0945f639fa8e8dafd59ca0b63df0276a590616063e26619a0eef9852cbecad",TRUE,""
"madipge-acld11-d-persons-11-16-21","MV1D_P_16","ACLD168","Household Related Data Items","https://www.abs.gov.au/statistics/microdata-tablebuilder/available-microdata-tablebuilder/australian-census-longitudinal-dataset/ACLD%202011_16_21%20detailed%20microdata.xlsx","2023-12-19","bd0945f639fa8e8dafd59ca0b63df0276a590616063e26619a0eef9852cbecad",TRUE,""
"madipge-acld11-d-persons-11-16-21","MV1D_P_21","ACLD168","Household Related Data Items","https://www.abs.gov.au/statistics/microdata-tablebuilder/available-microdata-tablebuilder/australian-census-longitudinal-dataset/ACLD%202011_16_21%20detailed%20microdata.xlsx","2023-12-19","bd0945f639fa8e8dafd59ca0b63df0276a590616063e26619a0eef9852cbecad",TRUE,""
"madipge-acld11-d-persons-11-16-21","MV5D_P_11","ACLD169","Household Related Data Items","https://www.abs.gov.au/statistics/microdata-tablebuilder/available-microdata-tablebuilder/australian-census-longitudinal-dataset/ACLD%202011_16_21%20detailed%20microdata.xlsx","2023-12-19","bd0945f639fa8e8dafd59ca0b63df0276a590616063e26619a0eef9852cbecad",TRUE,""
"madipge-acld11-d-persons-11-16-21","MV5D_P_16","ACLD169","Household Related Data Items","https://www.abs.gov.au/statistics/microdata-tablebuilder/available-microdata-tablebuilder/australian-census-longitudinal-dataset/ACLD%202011_16_21%20detailed%20microdata.xlsx","2023-12-19","bd0945f639fa8e8dafd59ca0b63df0276a590616063e26619a0eef9852cbecad",TRUE,""
"madipge-acld11-d-persons-11-16-21","MV5D_P_21","ACLD169","Household Related Data Items","https://www.abs.gov.au/statistics/microdata-tablebuilder/available-microdata-tablebuilder/australian-census-longitudinal-dataset/ACLD%202011_16_21%20detailed%20microdata.xlsx","2023-12-19","bd0945f639fa8e8dafd59ca0b63df0276a590616063e26619a0eef9852cbecad",TRUE,""
"madipge-acld11-d-persons-11-16-21","NEDD_P_11","ACLD170","Dwelling Related Data Items","https://www.abs.gov.au/statistics/microdata-tablebuilder/available-microdata-tablebuilder/australian-census-longitudinal-dataset/ACLD%202011_16_21%20detailed%20microdata.xlsx","2023-12-19","bd0945f639fa8e8dafd59ca0b63df0276a590616063e26619a0eef9852cbecad",TRUE,""
"madipge-acld11-d-persons-11-16-21","NEDD_P_16","ACLD171","Dwelling Related Data Items","https://www.abs.gov.au/statistics/microdata-tablebuilder/available-microdata-tablebuilder/australian-census-longitudinal-dataset/ACLD%202011_16_21%20detailed%20microdata.xlsx","2023-12-19","bd0945f639fa8e8dafd59ca0b63df0276a590616063e26619a0eef9852cbecad",TRUE,""
"madipge-acld11-d-persons-11-16-21","NLFDIH_P_11","ACLD172","Household Related Data Items","https://www.abs.gov.au/statistics/microdata-tablebuilder/available-microdata-tablebuilder/australian-census-longitudinal-dataset/ACLD%202011_16_21%20detailed%20microdata.xlsx","2023-12-19","bd0945f639fa8e8dafd59ca0b63df0276a590616063e26619a0eef9852cbecad",TRUE,""
"madipge-acld11-d-persons-11-16-21","NLFDIH_P_16","ACLD172","Household Related Data Items","https://www.abs.gov.au/statistics/microdata-tablebuilder/available-microdata-tablebuilder/australian-census-longitudinal-dataset/ACLD%202011_16_21%20detailed%20microdata.xlsx","2023-12-19","bd0945f639fa8e8dafd59ca0b63df0276a590616063e26619a0eef9852cbecad",TRUE,""
"madipge-acld11-d-persons-11-16-21","NLFDIH_P_21","ACLD172","Household Related Data Items","https://www.abs.gov.au/statistics/microdata-tablebuilder/available-microdata-tablebuilder/australian-census-longitudinal-dataset/ACLD%202011_16_21%20detailed%20microdata.xlsx","2023-12-19","bd0945f639fa8e8dafd59ca0b63df0276a590616063e26619a0eef9852cbecad",TRUE,""
"madipge-acld11-d-persons-11-16-21","NPDD_P_11","ACLD173","Dwelling Related Data Items","https://www.abs.gov.au/statistics/microdata-tablebuilder/available-microdata-tablebuilder/australian-census-longitudinal-dataset/ACLD%202011_16_21%20detailed%20microdata.xlsx","2023-12-19","bd0945f639fa8e8dafd59ca0b63df0276a590616063e26619a0eef9852cbecad",TRUE,""
"madipge-acld11-d-persons-11-16-21","NPDD_P_16","ACLD173","Dwelling Related Data Items","https://www.abs.gov.au/statistics/microdata-tablebuilder/available-microdata-tablebuilder/australian-census-longitudinal-dataset/ACLD%202011_16_21%20detailed%20microdata.xlsx","2023-12-19","bd0945f639fa8e8dafd59ca0b63df0276a590616063e26619a0eef9852cbecad",TRUE,""
"madipge-acld11-d-persons-11-16-21","NPDD_P_21","ACLD173","Dwelling Related Data Items","https://www.abs.gov.au/statistics/microdata-tablebuilder/available-microdata-tablebuilder/australian-census-longitudinal-dataset/ACLD%202011_16_21%20detailed%20microdata.xlsx","2023-12-19","bd0945f639fa8e8dafd59ca0b63df0276a590616063e26619a0eef9852cbecad",TRUE,""
"madipge-acld11-d-persons-11-16-21","NPRD_P_11","ACLD174","Household Related Data Items","https://www.abs.gov.au/statistics/microdata-tablebuilder/available-microdata-tablebuilder/australian-census-longitudinal-dataset/ACLD%202011_16_21%20detailed%20microdata.xlsx","2023-12-19","bd0945f639fa8e8dafd59ca0b63df0276a590616063e26619a0eef9852cbecad",TRUE,""
"madipge-acld11-d-persons-11-16-21","NPRD_P_16","ACLD174","Household Related Data Items","https://www.abs.gov.au/statistics/microdata-tablebuilder/available-microdata-tablebuilder/australian-census-longitudinal-dataset/ACLD%202011_16_21%20detailed%20microdata.xlsx","2023-12-19","bd0945f639fa8e8dafd59ca0b63df0276a590616063e26619a0eef9852cbecad",TRUE,""
"madipge-acld11-d-persons-11-16-21","NPRD_P_21","ACLD174","Household Related Data Items","https://www.abs.gov.au/statistics/microdata-tablebuilder/available-microdata-tablebuilder/australian-census-longitudinal-dataset/ACLD%202011_16_21%20detailed%20microdata.xlsx","2023-12-19","bd0945f639fa8e8dafd59ca0b63df0276a590616063e26619a0eef9852cbecad",TRUE,""
"madipge-acld11-d-persons-11-16-21","OCCP_11","ACLD175","Person Related Data Items","https://www.abs.gov.au/statistics/microdata-tablebuilder/available-microdata-tablebuilder/australian-census-longitudinal-dataset/ACLD%202011_16_21%20detailed%20microdata.xlsx","2023-12-19","bd0945f639fa8e8dafd59ca0b63df0276a590616063e26619a0eef9852cbecad",FALSE,"external_classification_reference_only"
"madipge-acld11-d-persons-11-16-21","OCCP_16","ACLD176","Person Related Data Items","https://www.abs.gov.au/statistics/microdata-tablebuilder/available-microdata-tablebuilder/australian-census-longitudinal-dataset/ACLD%202011_16_21%20detailed%20microdata.xlsx","2023-12-19","bd0945f639fa8e8dafd59ca0b63df0276a590616063e26619a0eef9852cbecad",FALSE,"external_classification_reference_only"
"madipge-acld11-d-persons-11-16-21","OCCP_21","ACLD177","Person Related Data Items","https://www.abs.gov.au/statistics/microdata-tablebuilder/available-microdata-tablebuilder/australian-census-longitudinal-dataset/ACLD%202011_16_21%20detailed%20microdata.xlsx","2023-12-19","bd0945f639fa8e8dafd59ca0b63df0276a590616063e26619a0eef9852cbecad",FALSE,"external_classification_reference_only"
"madipge-acld11-d-persons-11-16-21","OCCP_FP_11","ACLD178","Female Parent Related Data","https://www.abs.gov.au/statistics/microdata-tablebuilder/available-microdata-tablebuilder/australian-census-longitudinal-dataset/ACLD%202011_16_21%20detailed%20microdata.xlsx","2023-12-19","bd0945f639fa8e8dafd59ca0b63df0276a590616063e26619a0eef9852cbecad",TRUE,""
"madipge-acld11-d-persons-11-16-21","OCCP_FP_16","ACLD178","Female Parent Related Data","https://www.abs.gov.au/statistics/microdata-tablebuilder/available-microdata-tablebuilder/australian-census-longitudinal-dataset/ACLD%202011_16_21%20detailed%20microdata.xlsx","2023-12-19","bd0945f639fa8e8dafd59ca0b63df0276a590616063e26619a0eef9852cbecad",TRUE,""
"madipge-acld11-d-persons-11-16-21","OCCP_FP_21","ACLD178","Female Parent Related Data","https://www.abs.gov.au/statistics/microdata-tablebuilder/available-microdata-tablebuilder/australian-census-longitudinal-dataset/ACLD%202011_16_21%20detailed%20microdata.xlsx","2023-12-19","bd0945f639fa8e8dafd59ca0b63df0276a590616063e26619a0eef9852cbecad",TRUE,""
"madipge-acld11-d-persons-11-16-21","OCCP_MP_11","ACLD178","Male Parent Related Data Items","https://www.abs.gov.au/statistics/microdata-tablebuilder/available-microdata-tablebuilder/australian-census-longitudinal-dataset/ACLD%202011_16_21%20detailed%20microdata.xlsx","2023-12-19","bd0945f639fa8e8dafd59ca0b63df0276a590616063e26619a0eef9852cbecad",TRUE,""
"madipge-acld11-d-persons-11-16-21","OCCP_MP_16","ACLD178","Male Parent Related Data Items","https://www.abs.gov.au/statistics/microdata-tablebuilder/available-microdata-tablebuilder/australian-census-longitudinal-dataset/ACLD%202011_16_21%20detailed%20microdata.xlsx","2023-12-19","bd0945f639fa8e8dafd59ca0b63df0276a590616063e26619a0eef9852cbecad",TRUE,""
"madipge-acld11-d-persons-11-16-21","OCCP_MP_21","ACLD178","Male Parent Related Data Items","https://www.abs.gov.au/statistics/microdata-tablebuilder/available-microdata-tablebuilder/australian-census-longitudinal-dataset/ACLD%202011_16_21%20detailed%20microdata.xlsx","2023-12-19","bd0945f639fa8e8dafd59ca0b63df0276a590616063e26619a0eef9852cbecad",TRUE,""
"madipge-acld11-d-persons-11-16-21","OCCP_SP_11","ACLD178","Spouse or Partner Data Items","https://www.abs.gov.au/statistics/microdata-tablebuilder/available-microdata-tablebuilder/australian-census-longitudinal-dataset/ACLD%202011_16_21%20detailed%20microdata.xlsx","2023-12-19","bd0945f639fa8e8dafd59ca0b63df0276a590616063e26619a0eef9852cbecad",TRUE,""
"madipge-acld11-d-persons-11-16-21","OCCP_SP_16","ACLD178","Spouse or Partner Data Items","https://www.abs.gov.au/statistics/microdata-tablebuilder/available-microdata-tablebuilder/australian-census-longitudinal-dataset/ACLD%202011_16_21%20detailed%20microdata.xlsx","2023-12-19","bd0945f639fa8e8dafd59ca0b63df0276a590616063e26619a0eef9852cbecad",TRUE,""
"madipge-acld11-d-persons-11-16-21","OCCP_SP_21","ACLD178","Spouse or Partner Data Items","https://www.abs.gov.au/statistics/microdata-tablebuilder/available-microdata-tablebuilder/australian-census-longitudinal-dataset/ACLD%202011_16_21%20detailed%20microdata.xlsx","2023-12-19","bd0945f639fa8e8dafd59ca0b63df0276a590616063e26619a0eef9852cbecad",TRUE,""
"madipge-acld11-d-persons-11-16-21","OCSKP_11","ACLD179","Person Related Data Items","https://www.abs.gov.au/statistics/microdata-tablebuilder/available-microdata-tablebuilder/australian-census-longitudinal-dataset/ACLD%202011_16_21%20detailed%20microdata.xlsx","2023-12-19","bd0945f639fa8e8dafd59ca0b63df0276a590616063e26619a0eef9852cbecad",TRUE,""
"madipge-acld11-d-persons-11-16-21","OCSKP_16","ACLD179","Person Related Data Items","https://www.abs.gov.au/statistics/microdata-tablebuilder/available-microdata-tablebuilder/australian-census-longitudinal-dataset/ACLD%202011_16_21%20detailed%20microdata.xlsx","2023-12-19","bd0945f639fa8e8dafd59ca0b63df0276a590616063e26619a0eef9852cbecad",TRUE,""
"madipge-acld11-d-persons-11-16-21","OCSKP_21","ACLD180","Person Related Data Items","https://www.abs.gov.au/statistics/microdata-tablebuilder/available-microdata-tablebuilder/australian-census-longitudinal-dataset/ACLD%202011_16_21%20detailed%20microdata.xlsx","2023-12-19","bd0945f639fa8e8dafd59ca0b63df0276a590616063e26619a0eef9852cbecad",TRUE,""
"madipge-acld11-d-persons-11-16-21","OCSKP_FP_11","ACLD179","Female Parent Related Data","https://www.abs.gov.au/statistics/microdata-tablebuilder/available-microdata-tablebuilder/australian-census-longitudinal-dataset/ACLD%202011_16_21%20detailed%20microdata.xlsx","2023-12-19","bd0945f639fa8e8dafd59ca0b63df0276a590616063e26619a0eef9852cbecad",TRUE,""
"madipge-acld11-d-persons-11-16-21","OCSKP_FP_16","ACLD179","Female Parent Related Data","https://www.abs.gov.au/statistics/microdata-tablebuilder/available-microdata-tablebuilder/australian-census-longitudinal-dataset/ACLD%202011_16_21%20detailed%20microdata.xlsx","2023-12-19","bd0945f639fa8e8dafd59ca0b63df0276a590616063e26619a0eef9852cbecad",TRUE,""
"madipge-acld11-d-persons-11-16-21","OCSKP_FP_21","ACLD179","Female Parent Related Data","https://www.abs.gov.au/statistics/microdata-tablebuilder/available-microdata-tablebuilder/australian-census-longitudinal-dataset/ACLD%202011_16_21%20detailed%20microdata.xlsx","2023-12-19","bd0945f639fa8e8dafd59ca0b63df0276a590616063e26619a0eef9852cbecad",TRUE,""
"madipge-acld11-d-persons-11-16-21","OCSKP_MP_11","ACLD181","Male Parent Related Data Items","https://www.abs.gov.au/statistics/microdata-tablebuilder/available-microdata-tablebuilder/australian-census-longitudinal-dataset/ACLD%202011_16_21%20detailed%20microdata.xlsx","2023-12-19","bd0945f639fa8e8dafd59ca0b63df0276a590616063e26619a0eef9852cbecad",TRUE,""
"madipge-acld11-d-persons-11-16-21","OCSKP_MP_16","ACLD181","Male Parent Related Data Items","https://www.abs.gov.au/statistics/microdata-tablebuilder/available-microdata-tablebuilder/australian-census-longitudinal-dataset/ACLD%202011_16_21%20detailed%20microdata.xlsx","2023-12-19","bd0945f639fa8e8dafd59ca0b63df0276a590616063e26619a0eef9852cbecad",TRUE,""
"madipge-acld11-d-persons-11-16-21","OCSKP_MP_21","ACLD181","Male Parent Related Data Items","https://www.abs.gov.au/statistics/microdata-tablebuilder/available-microdata-tablebuilder/australian-census-longitudinal-dataset/ACLD%202011_16_21%20detailed%20microdata.xlsx","2023-12-19","bd0945f639fa8e8dafd59ca0b63df0276a590616063e26619a0eef9852cbecad",TRUE,""
"madipge-acld11-d-persons-11-16-21","OCSKP_SP_11","ACLD179","Spouse or Partner Data Items","https://www.abs.gov.au/statistics/microdata-tablebuilder/available-microdata-tablebuilder/australian-census-longitudinal-dataset/ACLD%202011_16_21%20detailed%20microdata.xlsx","2023-12-19","bd0945f639fa8e8dafd59ca0b63df0276a590616063e26619a0eef9852cbecad",TRUE,""
"madipge-acld11-d-persons-11-16-21","OCSKP_SP_16","ACLD179","Spouse or Partner Data Items","https://www.abs.gov.au/statistics/microdata-tablebuilder/available-microdata-tablebuilder/australian-census-longitudinal-dataset/ACLD%202011_16_21%20detailed%20microdata.xlsx","2023-12-19","bd0945f639fa8e8dafd59ca0b63df0276a590616063e26619a0eef9852cbecad",TRUE,""
"madipge-acld11-d-persons-11-16-21","OCSKP_SP_21","ACLD179","Spouse or Partner Data Items","https://www.abs.gov.au/statistics/microdata-tablebuilder/available-microdata-tablebuilder/australian-census-longitudinal-dataset/ACLD%202011_16_21%20detailed%20microdata.xlsx","2023-12-19","bd0945f639fa8e8dafd59ca0b63df0276a590616063e26619a0eef9852cbecad",TRUE,""
"madipge-acld11-d-persons-11-16-21","POWP_11","ACLD182","Geographical Areas","https://www.abs.gov.au/statistics/microdata-tablebuilder/available-microdata-tablebuilder/australian-census-longitudinal-dataset/ACLD%202011_16_21%20detailed%20microdata.xlsx","2023-12-19","bd0945f639fa8e8dafd59ca0b63df0276a590616063e26619a0eef9852cbecad",FALSE,"external_classification_reference_only"
"madipge-acld11-d-persons-11-16-21","POWP_16","ACLD183","Geographical Areas","https://www.abs.gov.au/statistics/microdata-tablebuilder/available-microdata-tablebuilder/australian-census-longitudinal-dataset/ACLD%202011_16_21%20detailed%20microdata.xlsx","2023-12-19","bd0945f639fa8e8dafd59ca0b63df0276a590616063e26619a0eef9852cbecad",FALSE,"external_classification_reference_only"
"madipge-acld11-d-persons-11-16-21","POWP_21","ACLD184","Geographical Areas","https://www.abs.gov.au/statistics/microdata-tablebuilder/available-microdata-tablebuilder/australian-census-longitudinal-dataset/ACLD%202011_16_21%20detailed%20microdata.xlsx","2023-12-19","bd0945f639fa8e8dafd59ca0b63df0276a590616063e26619a0eef9852cbecad",FALSE,"external_classification_reference_only"
"madipge-acld11-d-persons-11-16-21","POWP_SA2_11","ACLD182","Geographical Areas","https://www.abs.gov.au/statistics/microdata-tablebuilder/available-microdata-tablebuilder/australian-census-longitudinal-dataset/ACLD%202011_16_21%20detailed%20microdata.xlsx","2023-12-19","bd0945f639fa8e8dafd59ca0b63df0276a590616063e26619a0eef9852cbecad",FALSE,"external_classification_reference_only"
"madipge-acld11-d-persons-11-16-21","POWP_SA2_16","ACLD183","Geographical Areas","https://www.abs.gov.au/statistics/microdata-tablebuilder/available-microdata-tablebuilder/australian-census-longitudinal-dataset/ACLD%202011_16_21%20detailed%20microdata.xlsx","2023-12-19","bd0945f639fa8e8dafd59ca0b63df0276a590616063e26619a0eef9852cbecad",FALSE,"external_classification_reference_only"
"madipge-acld11-d-persons-11-16-21","POWP_SA2_21","ACLD184","Geographical Areas","https://www.abs.gov.au/statistics/microdata-tablebuilder/available-microdata-tablebuilder/australian-census-longitudinal-dataset/ACLD%202011_16_21%20detailed%20microdata.xlsx","2023-12-19","bd0945f639fa8e8dafd59ca0b63df0276a590616063e26619a0eef9852cbecad",FALSE,"external_classification_reference_only"
"madipge-acld11-d-persons-11-16-21","PUR1P_16","ACLD185","Person Related Data Items","https://www.abs.gov.au/statistics/microdata-tablebuilder/available-microdata-tablebuilder/australian-census-longitudinal-dataset/ACLD%202011_16_21%20detailed%20microdata.xlsx","2023-12-19","bd0945f639fa8e8dafd59ca0b63df0276a590616063e26619a0eef9852cbecad",TRUE,""
"madipge-acld11-d-persons-11-16-21","PUR1P_21","ACLD185","Person Related Data Items","https://www.abs.gov.au/statistics/microdata-tablebuilder/available-microdata-tablebuilder/australian-census-longitudinal-dataset/ACLD%202011_16_21%20detailed%20microdata.xlsx","2023-12-19","bd0945f639fa8e8dafd59ca0b63df0276a590616063e26619a0eef9852cbecad",TRUE,""
"madipge-acld11-d-persons-11-16-21","PUR5P_16","ACLD185","Person Related Data Items","https://www.abs.gov.au/statistics/microdata-tablebuilder/available-microdata-tablebuilder/australian-census-longitudinal-dataset/ACLD%202011_16_21%20detailed%20microdata.xlsx","2023-12-19","bd0945f639fa8e8dafd59ca0b63df0276a590616063e26619a0eef9852cbecad",TRUE,""
"madipge-acld11-d-persons-11-16-21","PUR5P_21","ACLD185","Person Related Data Items","https://www.abs.gov.au/statistics/microdata-tablebuilder/available-microdata-tablebuilder/australian-census-longitudinal-dataset/ACLD%202011_16_21%20detailed%20microdata.xlsx","2023-12-19","bd0945f639fa8e8dafd59ca0b63df0276a590616063e26619a0eef9852cbecad",TRUE,""
"madipge-acld11-d-persons-11-16-21","QALFP_11","ACLD186","Person Related Data Items","https://www.abs.gov.au/statistics/microdata-tablebuilder/available-microdata-tablebuilder/australian-census-longitudinal-dataset/ACLD%202011_16_21%20detailed%20microdata.xlsx","2023-12-19","bd0945f639fa8e8dafd59ca0b63df0276a590616063e26619a0eef9852cbecad",FALSE,"external_classification_reference_only"
"madipge-acld11-d-persons-11-16-21","QALFP_16","ACLD187","Person Related Data Items","https://www.abs.gov.au/statistics/microdata-tablebuilder/available-microdata-tablebuilder/australian-census-longitudinal-dataset/ACLD%202011_16_21%20detailed%20microdata.xlsx","2023-12-19","bd0945f639fa8e8dafd59ca0b63df0276a590616063e26619a0eef9852cbecad",FALSE,"external_classification_reference_only"
"madipge-acld11-d-persons-11-16-21","QALFP_21","ACLD188","Person Related Data Items","https://www.abs.gov.au/statistics/microdata-tablebuilder/available-microdata-tablebuilder/australian-census-longitudinal-dataset/ACLD%202011_16_21%20detailed%20microdata.xlsx","2023-12-19","bd0945f639fa8e8dafd59ca0b63df0276a590616063e26619a0eef9852cbecad",FALSE,"external_classification_reference_only"
"madipge-acld11-d-persons-11-16-21","QALFP_FP_11","ACLD189","Female Parent Related Data","https://www.abs.gov.au/statistics/microdata-tablebuilder/available-microdata-tablebuilder/australian-census-longitudinal-dataset/ACLD%202011_16_21%20detailed%20microdata.xlsx","2023-12-19","bd0945f639fa8e8dafd59ca0b63df0276a590616063e26619a0eef9852cbecad",TRUE,""
"madipge-acld11-d-persons-11-16-21","QALFP_FP_16","ACLD189","Female Parent Related Data","https://www.abs.gov.au/statistics/microdata-tablebuilder/available-microdata-tablebuilder/australian-census-longitudinal-dataset/ACLD%202011_16_21%20detailed%20microdata.xlsx","2023-12-19","bd0945f639fa8e8dafd59ca0b63df0276a590616063e26619a0eef9852cbecad",TRUE,""
"madipge-acld11-d-persons-11-16-21","QALFP_FP_21","ACLD189","Female Parent Related Data","https://www.abs.gov.au/statistics/microdata-tablebuilder/available-microdata-tablebuilder/australian-census-longitudinal-dataset/ACLD%202011_16_21%20detailed%20microdata.xlsx","2023-12-19","bd0945f639fa8e8dafd59ca0b63df0276a590616063e26619a0eef9852cbecad",TRUE,""
"madipge-acld11-d-persons-11-16-21","QALFP_MP_11","ACLD189","Male Parent Related Data Items","https://www.abs.gov.au/statistics/microdata-tablebuilder/available-microdata-tablebuilder/australian-census-longitudinal-dataset/ACLD%202011_16_21%20detailed%20microdata.xlsx","2023-12-19","bd0945f639fa8e8dafd59ca0b63df0276a590616063e26619a0eef9852cbecad",TRUE,""
"madipge-acld11-d-persons-11-16-21","QALFP_MP_16","ACLD189","Male Parent Related Data Items","https://www.abs.gov.au/statistics/microdata-tablebuilder/available-microdata-tablebuilder/australian-census-longitudinal-dataset/ACLD%202011_16_21%20detailed%20microdata.xlsx","2023-12-19","bd0945f639fa8e8dafd59ca0b63df0276a590616063e26619a0eef9852cbecad",TRUE,""
"madipge-acld11-d-persons-11-16-21","QALFP_MP_21","ACLD189","Male Parent Related Data Items","https://www.abs.gov.au/statistics/microdata-tablebuilder/available-microdata-tablebuilder/australian-census-longitudinal-dataset/ACLD%202011_16_21%20detailed%20microdata.xlsx","2023-12-19","bd0945f639fa8e8dafd59ca0b63df0276a590616063e26619a0eef9852cbecad",TRUE,""
"madipge-acld11-d-persons-11-16-21","QALFP_SP_11","ACLD189","Spouse or Partner Data Items","https://www.abs.gov.au/statistics/microdata-tablebuilder/available-microdata-tablebuilder/australian-census-longitudinal-dataset/ACLD%202011_16_21%20detailed%20microdata.xlsx","2023-12-19","bd0945f639fa8e8dafd59ca0b63df0276a590616063e26619a0eef9852cbecad",TRUE,""
"madipge-acld11-d-persons-11-16-21","QALFP_SP_16","ACLD189","Spouse or Partner Data Items","https://www.abs.gov.au/statistics/microdata-tablebuilder/available-microdata-tablebuilder/australian-census-longitudinal-dataset/ACLD%202011_16_21%20detailed%20microdata.xlsx","2023-12-19","bd0945f639fa8e8dafd59ca0b63df0276a590616063e26619a0eef9852cbecad",TRUE,""
"madipge-acld11-d-persons-11-16-21","QALFP_SP_21","ACLD189","Spouse or Partner Data Items","https://www.abs.gov.au/statistics/microdata-tablebuilder/available-microdata-tablebuilder/australian-census-longitudinal-dataset/ACLD%202011_16_21%20detailed%20microdata.xlsx","2023-12-19","bd0945f639fa8e8dafd59ca0b63df0276a590616063e26619a0eef9852cbecad",TRUE,""
"madipge-acld11-d-persons-11-16-21","QALLP_11","ACLD190","Person Related Data Items","https://www.abs.gov.au/statistics/microdata-tablebuilder/available-microdata-tablebuilder/australian-census-longitudinal-dataset/ACLD%202011_16_21%20detailed%20microdata.xlsx","2023-12-19","bd0945f639fa8e8dafd59ca0b63df0276a590616063e26619a0eef9852cbecad",TRUE,""
"madipge-acld11-d-persons-11-16-21","QALLP_16","ACLD190","Person Related Data Items","https://www.abs.gov.au/statistics/microdata-tablebuilder/available-microdata-tablebuilder/australian-census-longitudinal-dataset/ACLD%202011_16_21%20detailed%20microdata.xlsx","2023-12-19","bd0945f639fa8e8dafd59ca0b63df0276a590616063e26619a0eef9852cbecad",TRUE,""
"madipge-acld11-d-persons-11-16-21","QALLP_21","ACLD190","Person Related Data Items","https://www.abs.gov.au/statistics/microdata-tablebuilder/available-microdata-tablebuilder/australian-census-longitudinal-dataset/ACLD%202011_16_21%20detailed%20microdata.xlsx","2023-12-19","bd0945f639fa8e8dafd59ca0b63df0276a590616063e26619a0eef9852cbecad",TRUE,""
"madipge-acld11-d-persons-11-16-21","QALLP_FP_11","ACLD190","Female Parent Related Data","https://www.abs.gov.au/statistics/microdata-tablebuilder/available-microdata-tablebuilder/australian-census-longitudinal-dataset/ACLD%202011_16_21%20detailed%20microdata.xlsx","2023-12-19","bd0945f639fa8e8dafd59ca0b63df0276a590616063e26619a0eef9852cbecad",TRUE,""
"madipge-acld11-d-persons-11-16-21","QALLP_FP_16","ACLD190","Female Parent Related Data","https://www.abs.gov.au/statistics/microdata-tablebuilder/available-microdata-tablebuilder/australian-census-longitudinal-dataset/ACLD%202011_16_21%20detailed%20microdata.xlsx","2023-12-19","bd0945f639fa8e8dafd59ca0b63df0276a590616063e26619a0eef9852cbecad",TRUE,""
"madipge-acld11-d-persons-11-16-21","QALLP_FP_21","ACLD190","Female Parent Related Data","https://www.abs.gov.au/statistics/microdata-tablebuilder/available-microdata-tablebuilder/australian-census-longitudinal-dataset/ACLD%202011_16_21%20detailed%20microdata.xlsx","2023-12-19","bd0945f639fa8e8dafd59ca0b63df0276a590616063e26619a0eef9852cbecad",TRUE,""
"madipge-acld11-d-persons-11-16-21","QALLP_MP_11","ACLD190","Male Parent Related Data Items","https://www.abs.gov.au/statistics/microdata-tablebuilder/available-microdata-tablebuilder/australian-census-longitudinal-dataset/ACLD%202011_16_21%20detailed%20microdata.xlsx","2023-12-19","bd0945f639fa8e8dafd59ca0b63df0276a590616063e26619a0eef9852cbecad",TRUE,""
"madipge-acld11-d-persons-11-16-21","QALLP_MP_16","ACLD190","Male Parent Related Data Items","https://www.abs.gov.au/statistics/microdata-tablebuilder/available-microdata-tablebuilder/australian-census-longitudinal-dataset/ACLD%202011_16_21%20detailed%20microdata.xlsx","2023-12-19","bd0945f639fa8e8dafd59ca0b63df0276a590616063e26619a0eef9852cbecad",TRUE,""
"madipge-acld11-d-persons-11-16-21","QALLP_MP_21","ACLD190","Male Parent Related Data Items","https://www.abs.gov.au/statistics/microdata-tablebuilder/available-microdata-tablebuilder/australian-census-longitudinal-dataset/ACLD%202011_16_21%20detailed%20microdata.xlsx","2023-12-19","bd0945f639fa8e8dafd59ca0b63df0276a590616063e26619a0eef9852cbecad",TRUE,""
"madipge-acld11-d-persons-11-16-21","QALLP_SP_11","ACLD190","Spouse or Partner Data Items","https://www.abs.gov.au/statistics/microdata-tablebuilder/available-microdata-tablebuilder/australian-census-longitudinal-dataset/ACLD%202011_16_21%20detailed%20microdata.xlsx","2023-12-19","bd0945f639fa8e8dafd59ca0b63df0276a590616063e26619a0eef9852cbecad",TRUE,""
"madipge-acld11-d-persons-11-16-21","QALLP_SP_16","ACLD190","Spouse or Partner Data Items","https://www.abs.gov.au/statistics/microdata-tablebuilder/available-microdata-tablebuilder/australian-census-longitudinal-dataset/ACLD%202011_16_21%20detailed%20microdata.xlsx","2023-12-19","bd0945f639fa8e8dafd59ca0b63df0276a590616063e26619a0eef9852cbecad",TRUE,""
"madipge-acld11-d-persons-11-16-21","QALLP_SP_21","ACLD190","Spouse or Partner Data Items","https://www.abs.gov.au/statistics/microdata-tablebuilder/available-microdata-tablebuilder/australian-census-longitudinal-dataset/ACLD%202011_16_21%20detailed%20microdata.xlsx","2023-12-19","bd0945f639fa8e8dafd59ca0b63df0276a590616063e26619a0eef9852cbecad",TRUE,""
"madipge-acld11-d-persons-11-16-21","RA_UR_11","ACLD191","Geographical Areas","https://www.abs.gov.au/statistics/microdata-tablebuilder/available-microdata-tablebuilder/australian-census-longitudinal-dataset/ACLD%202011_16_21%20detailed%20microdata.xlsx","2023-12-19","bd0945f639fa8e8dafd59ca0b63df0276a590616063e26619a0eef9852cbecad",FALSE,"external_classification_reference_only"
"madipge-acld11-d-persons-11-16-21","RA_UR_16","ACLD191","Geographical Areas","https://www.abs.gov.au/statistics/microdata-tablebuilder/available-microdata-tablebuilder/australian-census-longitudinal-dataset/ACLD%202011_16_21%20detailed%20microdata.xlsx","2023-12-19","bd0945f639fa8e8dafd59ca0b63df0276a590616063e26619a0eef9852cbecad",FALSE,"external_classification_reference_only"
"madipge-acld11-d-persons-11-16-21","RA_UR_21","ACLD192","Geographical Areas","https://www.abs.gov.au/statistics/microdata-tablebuilder/available-microdata-tablebuilder/australian-census-longitudinal-dataset/ACLD%202011_16_21%20detailed%20microdata.xlsx","2023-12-19","bd0945f639fa8e8dafd59ca0b63df0276a590616063e26619a0eef9852cbecad",FALSE,"external_classification_reference_only"
"madipge-acld11-d-persons-11-16-21","RELP_11","ACLD193","Person Related Data Items","https://www.abs.gov.au/statistics/microdata-tablebuilder/available-microdata-tablebuilder/australian-census-longitudinal-dataset/ACLD%202011_16_21%20detailed%20microdata.xlsx","2023-12-19","bd0945f639fa8e8dafd59ca0b63df0276a590616063e26619a0eef9852cbecad",TRUE,""
"madipge-acld11-d-persons-11-16-21","RELP_16","ACLD194","Person Related Data Items","https://www.abs.gov.au/statistics/microdata-tablebuilder/available-microdata-tablebuilder/australian-census-longitudinal-dataset/ACLD%202011_16_21%20detailed%20microdata.xlsx","2023-12-19","bd0945f639fa8e8dafd59ca0b63df0276a590616063e26619a0eef9852cbecad",TRUE,""
"madipge-acld11-d-persons-11-16-21","RELP_21","ACLD194","Person Related Data Items","https://www.abs.gov.au/statistics/microdata-tablebuilder/available-microdata-tablebuilder/australian-census-longitudinal-dataset/ACLD%202011_16_21%20detailed%20microdata.xlsx","2023-12-19","bd0945f639fa8e8dafd59ca0b63df0276a590616063e26619a0eef9852cbecad",TRUE,""
"madipge-acld11-d-persons-11-16-21","RELP_FP_11","ACLD195","Female Parent Related Data","https://www.abs.gov.au/statistics/microdata-tablebuilder/available-microdata-tablebuilder/australian-census-longitudinal-dataset/ACLD%202011_16_21%20detailed%20microdata.xlsx","2023-12-19","bd0945f639fa8e8dafd59ca0b63df0276a590616063e26619a0eef9852cbecad",TRUE,""
"madipge-acld11-d-persons-11-16-21","RELP_FP_16","ACLD196","Female Parent Related Data","https://www.abs.gov.au/statistics/microdata-tablebuilder/available-microdata-tablebuilder/australian-census-longitudinal-dataset/ACLD%202011_16_21%20detailed%20microdata.xlsx","2023-12-19","bd0945f639fa8e8dafd59ca0b63df0276a590616063e26619a0eef9852cbecad",TRUE,""
"madipge-acld11-d-persons-11-16-21","RELP_FP_21","ACLD196","Female Parent Related Data","https://www.abs.gov.au/statistics/microdata-tablebuilder/available-microdata-tablebuilder/australian-census-longitudinal-dataset/ACLD%202011_16_21%20detailed%20microdata.xlsx","2023-12-19","bd0945f639fa8e8dafd59ca0b63df0276a590616063e26619a0eef9852cbecad",TRUE,""
"madipge-acld11-d-persons-11-16-21","RELP_MP_11","ACLD197","Male Parent Related Data Items","https://www.abs.gov.au/statistics/microdata-tablebuilder/available-microdata-tablebuilder/australian-census-longitudinal-dataset/ACLD%202011_16_21%20detailed%20microdata.xlsx","2023-12-19","bd0945f639fa8e8dafd59ca0b63df0276a590616063e26619a0eef9852cbecad",TRUE,""
"madipge-acld11-d-persons-11-16-21","RELP_MP_16","ACLD198","Male Parent Related Data Items","https://www.abs.gov.au/statistics/microdata-tablebuilder/available-microdata-tablebuilder/australian-census-longitudinal-dataset/ACLD%202011_16_21%20detailed%20microdata.xlsx","2023-12-19","bd0945f639fa8e8dafd59ca0b63df0276a590616063e26619a0eef9852cbecad",TRUE,""
"madipge-acld11-d-persons-11-16-21","RELP_MP_21","ACLD198","Male Parent Related Data Items","https://www.abs.gov.au/statistics/microdata-tablebuilder/available-microdata-tablebuilder/australian-census-longitudinal-dataset/ACLD%202011_16_21%20detailed%20microdata.xlsx","2023-12-19","bd0945f639fa8e8dafd59ca0b63df0276a590616063e26619a0eef9852cbecad",TRUE,""
"madipge-acld11-d-persons-11-16-21","RELP_SP_11","ACLD197","Spouse or Partner Data Items","https://www.abs.gov.au/statistics/microdata-tablebuilder/available-microdata-tablebuilder/australian-census-longitudinal-dataset/ACLD%202011_16_21%20detailed%20microdata.xlsx","2023-12-19","bd0945f639fa8e8dafd59ca0b63df0276a590616063e26619a0eef9852cbecad",TRUE,""
"madipge-acld11-d-persons-11-16-21","RELP_SP_16","ACLD198","Spouse or Partner Data Items","https://www.abs.gov.au/statistics/microdata-tablebuilder/available-microdata-tablebuilder/australian-census-longitudinal-dataset/ACLD%202011_16_21%20detailed%20microdata.xlsx","2023-12-19","bd0945f639fa8e8dafd59ca0b63df0276a590616063e26619a0eef9852cbecad",TRUE,""
"madipge-acld11-d-persons-11-16-21","RELP_SP_21","ACLD198","Spouse or Partner Data Items","https://www.abs.gov.au/statistics/microdata-tablebuilder/available-microdata-tablebuilder/australian-census-longitudinal-dataset/ACLD%202011_16_21%20detailed%20microdata.xlsx","2023-12-19","bd0945f639fa8e8dafd59ca0b63df0276a590616063e26619a0eef9852cbecad",TRUE,""
"madipge-acld11-d-persons-11-16-21","RLGP_11","ACLD199","Person Related Data Items","https://www.abs.gov.au/statistics/microdata-tablebuilder/available-microdata-tablebuilder/australian-census-longitudinal-dataset/ACLD%202011_16_21%20detailed%20microdata.xlsx","2023-12-19","bd0945f639fa8e8dafd59ca0b63df0276a590616063e26619a0eef9852cbecad",TRUE,""
"madipge-acld11-d-persons-11-16-21","RLGP_16","ACLD199","Person Related Data Items","https://www.abs.gov.au/statistics/microdata-tablebuilder/available-microdata-tablebuilder/australian-census-longitudinal-dataset/ACLD%202011_16_21%20detailed%20microdata.xlsx","2023-12-19","bd0945f639fa8e8dafd59ca0b63df0276a590616063e26619a0eef9852cbecad",TRUE,""
"madipge-acld11-d-persons-11-16-21","RLGP_21","ACLD199","Person Related Data Items","https://www.abs.gov.au/statistics/microdata-tablebuilder/available-microdata-tablebuilder/australian-census-longitudinal-dataset/ACLD%202011_16_21%20detailed%20microdata.xlsx","2023-12-19","bd0945f639fa8e8dafd59ca0b63df0276a590616063e26619a0eef9852cbecad",TRUE,""
"madipge-acld11-d-persons-11-16-21","RLHP_11","ACLD200","Person Related Data Items","https://www.abs.gov.au/statistics/microdata-tablebuilder/available-microdata-tablebuilder/australian-census-longitudinal-dataset/ACLD%202011_16_21%20detailed%20microdata.xlsx","2023-12-19","bd0945f639fa8e8dafd59ca0b63df0276a590616063e26619a0eef9852cbecad",TRUE,""
"madipge-acld11-d-persons-11-16-21","RLHP_16","ACLD200","Person Related Data Items","https://www.abs.gov.au/statistics/microdata-tablebuilder/available-microdata-tablebuilder/australian-census-longitudinal-dataset/ACLD%202011_16_21%20detailed%20microdata.xlsx","2023-12-19","bd0945f639fa8e8dafd59ca0b63df0276a590616063e26619a0eef9852cbecad",TRUE,""
"madipge-acld11-d-persons-11-16-21","RLHP_21","ACLD200","Person Related Data Items","https://www.abs.gov.au/statistics/microdata-tablebuilder/available-microdata-tablebuilder/australian-census-longitudinal-dataset/ACLD%202011_16_21%20detailed%20microdata.xlsx","2023-12-19","bd0945f639fa8e8dafd59ca0b63df0276a590616063e26619a0eef9852cbecad",TRUE,""
"madipge-acld11-d-persons-11-16-21","RLNP_11","ACLD201","Dwelling Related Data Items","https://www.abs.gov.au/statistics/microdata-tablebuilder/available-microdata-tablebuilder/australian-census-longitudinal-dataset/ACLD%202011_16_21%20detailed%20microdata.xlsx","2023-12-19","bd0945f639fa8e8dafd59ca0b63df0276a590616063e26619a0eef9852cbecad",TRUE,""
"madipge-acld11-d-persons-11-16-21","RLNP_16","ACLD201","Dwelling Related Data Items","https://www.abs.gov.au/statistics/microdata-tablebuilder/available-microdata-tablebuilder/australian-census-longitudinal-dataset/ACLD%202011_16_21%20detailed%20microdata.xlsx","2023-12-19","bd0945f639fa8e8dafd59ca0b63df0276a590616063e26619a0eef9852cbecad",TRUE,""
"madipge-acld11-d-persons-11-16-21","RLNP_21","ACLD201","Dwelling Related Data Items","https://www.abs.gov.au/statistics/microdata-tablebuilder/available-microdata-tablebuilder/australian-census-longitudinal-dataset/ACLD%202011_16_21%20detailed%20microdata.xlsx","2023-12-19","bd0945f639fa8e8dafd59ca0b63df0276a590616063e26619a0eef9852cbecad",TRUE,""
"madipge-acld11-d-persons-11-16-21","RNTRD_P_11","ACLD202","Dwelling Related Data Items","https://www.abs.gov.au/statistics/microdata-tablebuilder/available-microdata-tablebuilder/australian-census-longitudinal-dataset/ACLD%202011_16_21%20detailed%20microdata.xlsx","2023-12-19","bd0945f639fa8e8dafd59ca0b63df0276a590616063e26619a0eef9852cbecad",TRUE,""
"madipge-acld11-d-persons-11-16-21","RNTRD_P_16","ACLD203","Dwelling Related Data Items","https://www.abs.gov.au/statistics/microdata-tablebuilder/available-microdata-tablebuilder/australian-census-longitudinal-dataset/ACLD%202011_16_21%20detailed%20microdata.xlsx","2023-12-19","bd0945f639fa8e8dafd59ca0b63df0276a590616063e26619a0eef9852cbecad",TRUE,""
"madipge-acld11-d-persons-11-16-21","RNTRD_P_21","ACLD204","Dwelling Related Data Items","https://www.abs.gov.au/statistics/microdata-tablebuilder/available-microdata-tablebuilder/australian-census-longitudinal-dataset/ACLD%202011_16_21%20detailed%20microdata.xlsx","2023-12-19","bd0945f639fa8e8dafd59ca0b63df0276a590616063e26619a0eef9852cbecad",TRUE,""
"madipge-acld11-d-persons-11-16-21","SA1UCD_11","ACLD205","Geographical Areas","https://www.abs.gov.au/statistics/microdata-tablebuilder/available-microdata-tablebuilder/australian-census-longitudinal-dataset/ACLD%202011_16_21%20detailed%20microdata.xlsx","2023-12-19","bd0945f639fa8e8dafd59ca0b63df0276a590616063e26619a0eef9852cbecad",FALSE,"external_classification_reference_only"
"madipge-acld11-d-persons-11-16-21","SA1UCD_16","ACLD206","Geographical Areas","https://www.abs.gov.au/statistics/microdata-tablebuilder/available-microdata-tablebuilder/australian-census-longitudinal-dataset/ACLD%202011_16_21%20detailed%20microdata.xlsx","2023-12-19","bd0945f639fa8e8dafd59ca0b63df0276a590616063e26619a0eef9852cbecad",FALSE,"external_classification_reference_only"
"madipge-acld11-d-persons-11-16-21","SA1UCD_21","ACLD207","Geographical Areas","https://www.abs.gov.au/statistics/microdata-tablebuilder/available-microdata-tablebuilder/australian-census-longitudinal-dataset/ACLD%202011_16_21%20detailed%20microdata.xlsx","2023-12-19","bd0945f639fa8e8dafd59ca0b63df0276a590616063e26619a0eef9852cbecad",FALSE,"external_classification_reference_only"
"madipge-acld11-d-persons-11-16-21","SA1UCP_11","ACLD205","Geographical Areas","https://www.abs.gov.au/statistics/microdata-tablebuilder/available-microdata-tablebuilder/australian-census-longitudinal-dataset/ACLD%202011_16_21%20detailed%20microdata.xlsx","2023-12-19","bd0945f639fa8e8dafd59ca0b63df0276a590616063e26619a0eef9852cbecad",FALSE,"external_classification_reference_only"
"madipge-acld11-d-persons-11-16-21","SA1UCP_16","ACLD206","Geographical Areas","https://www.abs.gov.au/statistics/microdata-tablebuilder/available-microdata-tablebuilder/australian-census-longitudinal-dataset/ACLD%202011_16_21%20detailed%20microdata.xlsx","2023-12-19","bd0945f639fa8e8dafd59ca0b63df0276a590616063e26619a0eef9852cbecad",FALSE,"external_classification_reference_only"
"madipge-acld11-d-persons-11-16-21","SA1UCP_21","ACLD208","Geographical Areas","https://www.abs.gov.au/statistics/microdata-tablebuilder/available-microdata-tablebuilder/australian-census-longitudinal-dataset/ACLD%202011_16_21%20detailed%20microdata.xlsx","2023-12-19","bd0945f639fa8e8dafd59ca0b63df0276a590616063e26619a0eef9852cbecad",FALSE,"external_classification_reference_only"
"madipge-acld11-d-persons-11-16-21","SA2_MOVE_1YR_16","ACLD209","Quality Indicators","https://www.abs.gov.au/statistics/microdata-tablebuilder/available-microdata-tablebuilder/australian-census-longitudinal-dataset/ACLD%202011_16_21%20detailed%20microdata.xlsx","2023-12-19","bd0945f639fa8e8dafd59ca0b63df0276a590616063e26619a0eef9852cbecad",TRUE,""
"madipge-acld11-d-persons-11-16-21","SA2_MOVE_1YR_21","ACLD210","Quality Indicators","https://www.abs.gov.au/statistics/microdata-tablebuilder/available-microdata-tablebuilder/australian-census-longitudinal-dataset/ACLD%202011_16_21%20detailed%20microdata.xlsx","2023-12-19","bd0945f639fa8e8dafd59ca0b63df0276a590616063e26619a0eef9852cbecad",TRUE,""
"madipge-acld11-d-persons-11-16-21","SA2_MOVE_5YR_16","ACLD211","Quality Indicators","https://www.abs.gov.au/statistics/microdata-tablebuilder/available-microdata-tablebuilder/australian-census-longitudinal-dataset/ACLD%202011_16_21%20detailed%20microdata.xlsx","2023-12-19","bd0945f639fa8e8dafd59ca0b63df0276a590616063e26619a0eef9852cbecad",TRUE,""
"madipge-acld11-d-persons-11-16-21","SA2_MOVE_5YR_21","ACLD212","Quality Indicators","https://www.abs.gov.au/statistics/microdata-tablebuilder/available-microdata-tablebuilder/australian-census-longitudinal-dataset/ACLD%202011_16_21%20detailed%20microdata.xlsx","2023-12-19","bd0945f639fa8e8dafd59ca0b63df0276a590616063e26619a0eef9852cbecad",TRUE,""
"madipge-acld11-d-persons-11-16-21","SA2UCD_11","ACLD182","Geographical Areas","https://www.abs.gov.au/statistics/microdata-tablebuilder/available-microdata-tablebuilder/australian-census-longitudinal-dataset/ACLD%202011_16_21%20detailed%20microdata.xlsx","2023-12-19","bd0945f639fa8e8dafd59ca0b63df0276a590616063e26619a0eef9852cbecad",FALSE,"external_classification_reference_only"
"madipge-acld11-d-persons-11-16-21","SA2UCD_11_ASGS16","ACLD182","Geographical Concordance","https://www.abs.gov.au/statistics/microdata-tablebuilder/available-microdata-tablebuilder/australian-census-longitudinal-dataset/ACLD%202011_16_21%20detailed%20microdata.xlsx","2023-12-19","bd0945f639fa8e8dafd59ca0b63df0276a590616063e26619a0eef9852cbecad",FALSE,"external_classification_reference_only"
"madipge-acld11-d-persons-11-16-21","SA2UCD_11_ASGS21","ACLD182","Geographical Concordance","https://www.abs.gov.au/statistics/microdata-tablebuilder/available-microdata-tablebuilder/australian-census-longitudinal-dataset/ACLD%202011_16_21%20detailed%20microdata.xlsx","2023-12-19","bd0945f639fa8e8dafd59ca0b63df0276a590616063e26619a0eef9852cbecad",FALSE,"external_classification_reference_only"
"madipge-acld11-d-persons-11-16-21","SA2UCD_16","ACLD183","Geographical Areas","https://www.abs.gov.au/statistics/microdata-tablebuilder/available-microdata-tablebuilder/australian-census-longitudinal-dataset/ACLD%202011_16_21%20detailed%20microdata.xlsx","2023-12-19","bd0945f639fa8e8dafd59ca0b63df0276a590616063e26619a0eef9852cbecad",FALSE,"external_classification_reference_only"
"madipge-acld11-d-persons-11-16-21","SA2UCD_16_ASGS21","ACLD183","Geographical Concordance","https://www.abs.gov.au/statistics/microdata-tablebuilder/available-microdata-tablebuilder/australian-census-longitudinal-dataset/ACLD%202011_16_21%20detailed%20microdata.xlsx","2023-12-19","bd0945f639fa8e8dafd59ca0b63df0276a590616063e26619a0eef9852cbecad",FALSE,"external_classification_reference_only"
"madipge-acld11-d-persons-11-16-21","SA2UCD_21","ACLD184","Geographical Areas","https://www.abs.gov.au/statistics/microdata-tablebuilder/available-microdata-tablebuilder/australian-census-longitudinal-dataset/ACLD%202011_16_21%20detailed%20microdata.xlsx","2023-12-19","bd0945f639fa8e8dafd59ca0b63df0276a590616063e26619a0eef9852cbecad",FALSE,"external_classification_reference_only"
"madipge-acld11-d-persons-11-16-21","SA2UCP_11","ACLD182","Geographical Areas","https://www.abs.gov.au/statistics/microdata-tablebuilder/available-microdata-tablebuilder/australian-census-longitudinal-dataset/ACLD%202011_16_21%20detailed%20microdata.xlsx","2023-12-19","bd0945f639fa8e8dafd59ca0b63df0276a590616063e26619a0eef9852cbecad",FALSE,"external_classification_reference_only"
"madipge-acld11-d-persons-11-16-21","SA2UCP_11_ASGS16","ACLD182","Geographical Concordance","https://www.abs.gov.au/statistics/microdata-tablebuilder/available-microdata-tablebuilder/australian-census-longitudinal-dataset/ACLD%202011_16_21%20detailed%20microdata.xlsx","2023-12-19","bd0945f639fa8e8dafd59ca0b63df0276a590616063e26619a0eef9852cbecad",FALSE,"external_classification_reference_only"
"madipge-acld11-d-persons-11-16-21","SA2UCP_11_ASGS21","","","https://www.abs.gov.au/statistics/microdata-tablebuilder/available-microdata-tablebuilder/australian-census-longitudinal-dataset/ACLD%202011_16_21%20detailed%20microdata.xlsx","2023-12-19","bd0945f639fa8e8dafd59ca0b63df0276a590616063e26619a0eef9852cbecad",FALSE,"not_enumerated_in_workbook"
"madipge-acld11-d-persons-11-16-21","SA2UCP_16","ACLD183","Geographical Areas","https://www.abs.gov.au/statistics/microdata-tablebuilder/available-microdata-tablebuilder/australian-census-longitudinal-dataset/ACLD%202011_16_21%20detailed%20microdata.xlsx","2023-12-19","bd0945f639fa8e8dafd59ca0b63df0276a590616063e26619a0eef9852cbecad",FALSE,"external_classification_reference_only"
"madipge-acld11-d-persons-11-16-21","SA2UCP_16_ASGS21","ACLD183","Geographical Concordance","https://www.abs.gov.au/statistics/microdata-tablebuilder/available-microdata-tablebuilder/australian-census-longitudinal-dataset/ACLD%202011_16_21%20detailed%20microdata.xlsx","2023-12-19","bd0945f639fa8e8dafd59ca0b63df0276a590616063e26619a0eef9852cbecad",FALSE,"external_classification_reference_only"
"madipge-acld11-d-persons-11-16-21","SA2UCP_21","ACLD184","Geographical Areas","https://www.abs.gov.au/statistics/microdata-tablebuilder/available-microdata-tablebuilder/australian-census-longitudinal-dataset/ACLD%202011_16_21%20detailed%20microdata.xlsx","2023-12-19","bd0945f639fa8e8dafd59ca0b63df0276a590616063e26619a0eef9852cbecad",FALSE,"external_classification_reference_only"
"madipge-acld11-d-persons-11-16-21","SEXP_11","ACLD213","Person Related Data Items","https://www.abs.gov.au/statistics/microdata-tablebuilder/available-microdata-tablebuilder/australian-census-longitudinal-dataset/ACLD%202011_16_21%20detailed%20microdata.xlsx","2023-12-19","bd0945f639fa8e8dafd59ca0b63df0276a590616063e26619a0eef9852cbecad",TRUE,""
"madipge-acld11-d-persons-11-16-21","SEXP_16","ACLD213","Person Related Data Items","https://www.abs.gov.au/statistics/microdata-tablebuilder/available-microdata-tablebuilder/australian-census-longitudinal-dataset/ACLD%202011_16_21%20detailed%20microdata.xlsx","2023-12-19","bd0945f639fa8e8dafd59ca0b63df0276a590616063e26619a0eef9852cbecad",TRUE,""
"madipge-acld11-d-persons-11-16-21","SEXP_21","ACLD213","Person Related Data Items","https://www.abs.gov.au/statistics/microdata-tablebuilder/available-microdata-tablebuilder/australian-census-longitudinal-dataset/ACLD%202011_16_21%20detailed%20microdata.xlsx","2023-12-19","bd0945f639fa8e8dafd59ca0b63df0276a590616063e26619a0eef9852cbecad",TRUE,""
"madipge-acld11-d-persons-11-16-21","SIEMP_11","ACLD214","Person Related Data Items","https://www.abs.gov.au/statistics/microdata-tablebuilder/available-microdata-tablebuilder/australian-census-longitudinal-dataset/ACLD%202011_16_21%20detailed%20microdata.xlsx","2023-12-19","bd0945f639fa8e8dafd59ca0b63df0276a590616063e26619a0eef9852cbecad",TRUE,""
"madipge-acld11-d-persons-11-16-21","SIEMP_16","ACLD214","Person Related Data Items","https://www.abs.gov.au/statistics/microdata-tablebuilder/available-microdata-tablebuilder/australian-census-longitudinal-dataset/ACLD%202011_16_21%20detailed%20microdata.xlsx","2023-12-19","bd0945f639fa8e8dafd59ca0b63df0276a590616063e26619a0eef9852cbecad",TRUE,""
"madipge-acld11-d-persons-11-16-21","SIEMP_21","ACLD214","Person Related Data Items","https://www.abs.gov.au/statistics/microdata-tablebuilder/available-microdata-tablebuilder/australian-census-longitudinal-dataset/ACLD%202011_16_21%20detailed%20microdata.xlsx","2023-12-19","bd0945f639fa8e8dafd59ca0b63df0276a590616063e26619a0eef9852cbecad",TRUE,""
"madipge-acld11-d-persons-11-16-21","SIEMP_FP_11","ACLD214","Female Parent Related Data","https://www.abs.gov.au/statistics/microdata-tablebuilder/available-microdata-tablebuilder/australian-census-longitudinal-dataset/ACLD%202011_16_21%20detailed%20microdata.xlsx","2023-12-19","bd0945f639fa8e8dafd59ca0b63df0276a590616063e26619a0eef9852cbecad",TRUE,""
"madipge-acld11-d-persons-11-16-21","SIEMP_FP_16","ACLD214","Female Parent Related Data","https://www.abs.gov.au/statistics/microdata-tablebuilder/available-microdata-tablebuilder/australian-census-longitudinal-dataset/ACLD%202011_16_21%20detailed%20microdata.xlsx","2023-12-19","bd0945f639fa8e8dafd59ca0b63df0276a590616063e26619a0eef9852cbecad",TRUE,""
"madipge-acld11-d-persons-11-16-21","SIEMP_FP_21","ACLD214","Female Parent Related Data","https://www.abs.gov.au/statistics/microdata-tablebuilder/available-microdata-tablebuilder/australian-census-longitudinal-dataset/ACLD%202011_16_21%20detailed%20microdata.xlsx","2023-12-19","bd0945f639fa8e8dafd59ca0b63df0276a590616063e26619a0eef9852cbecad",TRUE,""
"madipge-acld11-d-persons-11-16-21","SIEMP_MP_11","ACLD214","Male Parent Related Data Items","https://www.abs.gov.au/statistics/microdata-tablebuilder/available-microdata-tablebuilder/australian-census-longitudinal-dataset/ACLD%202011_16_21%20detailed%20microdata.xlsx","2023-12-19","bd0945f639fa8e8dafd59ca0b63df0276a590616063e26619a0eef9852cbecad",TRUE,""
"madipge-acld11-d-persons-11-16-21","SIEMP_MP_16","ACLD214","Male Parent Related Data Items","https://www.abs.gov.au/statistics/microdata-tablebuilder/available-microdata-tablebuilder/australian-census-longitudinal-dataset/ACLD%202011_16_21%20detailed%20microdata.xlsx","2023-12-19","bd0945f639fa8e8dafd59ca0b63df0276a590616063e26619a0eef9852cbecad",TRUE,""
"madipge-acld11-d-persons-11-16-21","SIEMP_MP_21","ACLD214","Male Parent Related Data Items","https://www.abs.gov.au/statistics/microdata-tablebuilder/available-microdata-tablebuilder/australian-census-longitudinal-dataset/ACLD%202011_16_21%20detailed%20microdata.xlsx","2023-12-19","bd0945f639fa8e8dafd59ca0b63df0276a590616063e26619a0eef9852cbecad",TRUE,""
"madipge-acld11-d-persons-11-16-21","SIEMP_SP_11","ACLD214","Spouse or Partner Data Items","https://www.abs.gov.au/statistics/microdata-tablebuilder/available-microdata-tablebuilder/australian-census-longitudinal-dataset/ACLD%202011_16_21%20detailed%20microdata.xlsx","2023-12-19","bd0945f639fa8e8dafd59ca0b63df0276a590616063e26619a0eef9852cbecad",TRUE,""
"madipge-acld11-d-persons-11-16-21","SIEMP_SP_16","ACLD214","Spouse or Partner Data Items","https://www.abs.gov.au/statistics/microdata-tablebuilder/available-microdata-tablebuilder/australian-census-longitudinal-dataset/ACLD%202011_16_21%20detailed%20microdata.xlsx","2023-12-19","bd0945f639fa8e8dafd59ca0b63df0276a590616063e26619a0eef9852cbecad",TRUE,""
"madipge-acld11-d-persons-11-16-21","SIEMP_SP_21","ACLD214","Spouse or Partner Data Items","https://www.abs.gov.au/statistics/microdata-tablebuilder/available-microdata-tablebuilder/australian-census-longitudinal-dataset/ACLD%202011_16_21%20detailed%20microdata.xlsx","2023-12-19","bd0945f639fa8e8dafd59ca0b63df0276a590616063e26619a0eef9852cbecad",TRUE,""
"madipge-acld11-d-persons-11-16-21","STATE_MOVE_1YR_16","ACLD215","Quality Indicators","https://www.abs.gov.au/statistics/microdata-tablebuilder/available-microdata-tablebuilder/australian-census-longitudinal-dataset/ACLD%202011_16_21%20detailed%20microdata.xlsx","2023-12-19","bd0945f639fa8e8dafd59ca0b63df0276a590616063e26619a0eef9852cbecad",TRUE,""
"madipge-acld11-d-persons-11-16-21","STATE_MOVE_1YR_21","ACLD216","Quality Indicators","https://www.abs.gov.au/statistics/microdata-tablebuilder/available-microdata-tablebuilder/australian-census-longitudinal-dataset/ACLD%202011_16_21%20detailed%20microdata.xlsx","2023-12-19","bd0945f639fa8e8dafd59ca0b63df0276a590616063e26619a0eef9852cbecad",TRUE,""
"madipge-acld11-d-persons-11-16-21","STATE_MOVE_5YR_16","ACLD217","Quality Indicators","https://www.abs.gov.au/statistics/microdata-tablebuilder/available-microdata-tablebuilder/australian-census-longitudinal-dataset/ACLD%202011_16_21%20detailed%20microdata.xlsx","2023-12-19","bd0945f639fa8e8dafd59ca0b63df0276a590616063e26619a0eef9852cbecad",TRUE,""
"madipge-acld11-d-persons-11-16-21","STATE_MOVE_5YR_21","ACLD218","Quality Indicators","https://www.abs.gov.au/statistics/microdata-tablebuilder/available-microdata-tablebuilder/australian-census-longitudinal-dataset/ACLD%202011_16_21%20detailed%20microdata.xlsx","2023-12-19","bd0945f639fa8e8dafd59ca0b63df0276a590616063e26619a0eef9852cbecad",TRUE,""
"madipge-acld11-d-persons-11-16-21","STRD_P_11","ACLD219","Dwelling Related Data Items","https://www.abs.gov.au/statistics/microdata-tablebuilder/available-microdata-tablebuilder/australian-census-longitudinal-dataset/ACLD%202011_16_21%20detailed%20microdata.xlsx","2023-12-19","bd0945f639fa8e8dafd59ca0b63df0276a590616063e26619a0eef9852cbecad",TRUE,""
"madipge-acld11-d-persons-11-16-21","STRD_P_16","ACLD219","Dwelling Related Data Items","https://www.abs.gov.au/statistics/microdata-tablebuilder/available-microdata-tablebuilder/australian-census-longitudinal-dataset/ACLD%202011_16_21%20detailed%20microdata.xlsx","2023-12-19","bd0945f639fa8e8dafd59ca0b63df0276a590616063e26619a0eef9852cbecad",TRUE,""
"madipge-acld11-d-persons-11-16-21","STRD_P_21","ACLD219","Dwelling Related Data Items","https://www.abs.gov.au/statistics/microdata-tablebuilder/available-microdata-tablebuilder/australian-census-longitudinal-dataset/ACLD%202011_16_21%20detailed%20microdata.xlsx","2023-12-19","bd0945f639fa8e8dafd59ca0b63df0276a590616063e26619a0eef9852cbecad",TRUE,""
"madipge-acld11-d-persons-11-16-21","STUP_11","ACLD220","Person Related Data Items","https://www.abs.gov.au/statistics/microdata-tablebuilder/available-microdata-tablebuilder/australian-census-longitudinal-dataset/ACLD%202011_16_21%20detailed%20microdata.xlsx","2023-12-19","bd0945f639fa8e8dafd59ca0b63df0276a590616063e26619a0eef9852cbecad",TRUE,""
"madipge-acld11-d-persons-11-16-21","STUP_16","ACLD220","Person Related Data Items","https://www.abs.gov.au/statistics/microdata-tablebuilder/available-microdata-tablebuilder/australian-census-longitudinal-dataset/ACLD%202011_16_21%20detailed%20microdata.xlsx","2023-12-19","bd0945f639fa8e8dafd59ca0b63df0276a590616063e26619a0eef9852cbecad",TRUE,""
"madipge-acld11-d-persons-11-16-21","STUP_21","ACLD220","Person Related Data Items","https://www.abs.gov.au/statistics/microdata-tablebuilder/available-microdata-tablebuilder/australian-census-longitudinal-dataset/ACLD%202011_16_21%20detailed%20microdata.xlsx","2023-12-19","bd0945f639fa8e8dafd59ca0b63df0276a590616063e26619a0eef9852cbecad",TRUE,""
"madipge-acld11-d-persons-11-16-21","STUP_FP_11","ACLD221","Female Parent Related Data","https://www.abs.gov.au/statistics/microdata-tablebuilder/available-microdata-tablebuilder/australian-census-longitudinal-dataset/ACLD%202011_16_21%20detailed%20microdata.xlsx","2023-12-19","bd0945f639fa8e8dafd59ca0b63df0276a590616063e26619a0eef9852cbecad",TRUE,""
"madipge-acld11-d-persons-11-16-21","STUP_FP_16","ACLD221","Female Parent Related Data","https://www.abs.gov.au/statistics/microdata-tablebuilder/available-microdata-tablebuilder/australian-census-longitudinal-dataset/ACLD%202011_16_21%20detailed%20microdata.xlsx","2023-12-19","bd0945f639fa8e8dafd59ca0b63df0276a590616063e26619a0eef9852cbecad",TRUE,""
"madipge-acld11-d-persons-11-16-21","STUP_FP_21","ACLD221","Female Parent Related Data","https://www.abs.gov.au/statistics/microdata-tablebuilder/available-microdata-tablebuilder/australian-census-longitudinal-dataset/ACLD%202011_16_21%20detailed%20microdata.xlsx","2023-12-19","bd0945f639fa8e8dafd59ca0b63df0276a590616063e26619a0eef9852cbecad",TRUE,""
"madipge-acld11-d-persons-11-16-21","STUP_MP_11","ACLD221","Male Parent Related Data Items","https://www.abs.gov.au/statistics/microdata-tablebuilder/available-microdata-tablebuilder/australian-census-longitudinal-dataset/ACLD%202011_16_21%20detailed%20microdata.xlsx","2023-12-19","bd0945f639fa8e8dafd59ca0b63df0276a590616063e26619a0eef9852cbecad",TRUE,""
"madipge-acld11-d-persons-11-16-21","STUP_MP_16","ACLD221","Male Parent Related Data Items","https://www.abs.gov.au/statistics/microdata-tablebuilder/available-microdata-tablebuilder/australian-census-longitudinal-dataset/ACLD%202011_16_21%20detailed%20microdata.xlsx","2023-12-19","bd0945f639fa8e8dafd59ca0b63df0276a590616063e26619a0eef9852cbecad",TRUE,""
"madipge-acld11-d-persons-11-16-21","STUP_MP_21","ACLD221","Male Parent Related Data Items","https://www.abs.gov.au/statistics/microdata-tablebuilder/available-microdata-tablebuilder/australian-census-longitudinal-dataset/ACLD%202011_16_21%20detailed%20microdata.xlsx","2023-12-19","bd0945f639fa8e8dafd59ca0b63df0276a590616063e26619a0eef9852cbecad",TRUE,""
"madipge-acld11-d-persons-11-16-21","STUP_SP_11","ACLD221","Spouse or Partner Data Items","https://www.abs.gov.au/statistics/microdata-tablebuilder/available-microdata-tablebuilder/australian-census-longitudinal-dataset/ACLD%202011_16_21%20detailed%20microdata.xlsx","2023-12-19","bd0945f639fa8e8dafd59ca0b63df0276a590616063e26619a0eef9852cbecad",TRUE,""
"madipge-acld11-d-persons-11-16-21","STUP_SP_16","ACLD221","Spouse or Partner Data Items","https://www.abs.gov.au/statistics/microdata-tablebuilder/available-microdata-tablebuilder/australian-census-longitudinal-dataset/ACLD%202011_16_21%20detailed%20microdata.xlsx","2023-12-19","bd0945f639fa8e8dafd59ca0b63df0276a590616063e26619a0eef9852cbecad",TRUE,""
"madipge-acld11-d-persons-11-16-21","STUP_SP_21","ACLD221","Spouse or Partner Data Items","https://www.abs.gov.au/statistics/microdata-tablebuilder/available-microdata-tablebuilder/australian-census-longitudinal-dataset/ACLD%202011_16_21%20detailed%20microdata.xlsx","2023-12-19","bd0945f639fa8e8dafd59ca0b63df0276a590616063e26619a0eef9852cbecad",TRUE,""
"madipge-acld11-d-persons-11-16-21","SYNTHETIC_AEUID","","","https://www.abs.gov.au/statistics/microdata-tablebuilder/available-microdata-tablebuilder/australian-census-longitudinal-dataset/ACLD%202011_16_21%20detailed%20microdata.xlsx","2023-12-19","bd0945f639fa8e8dafd59ca0b63df0276a590616063e26619a0eef9852cbecad",FALSE,"not_enumerated_in_workbook"
"madipge-acld11-d-persons-11-16-21","TEND_P_11","ACLD222","Dwelling Related Data Items","https://www.abs.gov.au/statistics/microdata-tablebuilder/available-microdata-tablebuilder/australian-census-longitudinal-dataset/ACLD%202011_16_21%20detailed%20microdata.xlsx","2023-12-19","bd0945f639fa8e8dafd59ca0b63df0276a590616063e26619a0eef9852cbecad",TRUE,""
"madipge-acld11-d-persons-11-16-21","TEND_P_16","ACLD222","Dwelling Related Data Items","https://www.abs.gov.au/statistics/microdata-tablebuilder/available-microdata-tablebuilder/australian-census-longitudinal-dataset/ACLD%202011_16_21%20detailed%20microdata.xlsx","2023-12-19","bd0945f639fa8e8dafd59ca0b63df0276a590616063e26619a0eef9852cbecad",TRUE,""
"madipge-acld11-d-persons-11-16-21","TEND_P_21","ACLD222","Dwelling Related Data Items","https://www.abs.gov.au/statistics/microdata-tablebuilder/available-microdata-tablebuilder/australian-census-longitudinal-dataset/ACLD%202011_16_21%20detailed%20microdata.xlsx","2023-12-19","bd0945f639fa8e8dafd59ca0b63df0276a590616063e26619a0eef9852cbecad",TRUE,""
"madipge-acld11-d-persons-11-16-21","TENLLD_P_11","ACLD223","Dwelling Related Data Items","https://www.abs.gov.au/statistics/microdata-tablebuilder/available-microdata-tablebuilder/australian-census-longitudinal-dataset/ACLD%202011_16_21%20detailed%20microdata.xlsx","2023-12-19","bd0945f639fa8e8dafd59ca0b63df0276a590616063e26619a0eef9852cbecad",TRUE,""
"madipge-acld11-d-persons-11-16-21","TENLLD_P_16","ACLD223","Dwelling Related Data Items","https://www.abs.gov.au/statistics/microdata-tablebuilder/available-microdata-tablebuilder/australian-census-longitudinal-dataset/ACLD%202011_16_21%20detailed%20microdata.xlsx","2023-12-19","bd0945f639fa8e8dafd59ca0b63df0276a590616063e26619a0eef9852cbecad",TRUE,""
"madipge-acld11-d-persons-11-16-21","TENLLD_P_21","ACLD224","Dwelling Related Data Items","https://www.abs.gov.au/statistics/microdata-tablebuilder/available-microdata-tablebuilder/australian-census-longitudinal-dataset/ACLD%202011_16_21%20detailed%20microdata.xlsx","2023-12-19","bd0945f639fa8e8dafd59ca0b63df0276a590616063e26619a0eef9852cbecad",TRUE,""
"madipge-acld11-d-persons-11-16-21","TISP_11","ACLD225","Person Related Data Items","https://www.abs.gov.au/statistics/microdata-tablebuilder/available-microdata-tablebuilder/australian-census-longitudinal-dataset/ACLD%202011_16_21%20detailed%20microdata.xlsx","2023-12-19","bd0945f639fa8e8dafd59ca0b63df0276a590616063e26619a0eef9852cbecad",TRUE,""
"madipge-acld11-d-persons-11-16-21","TISP_16","ACLD225","Person Related Data Items","https://www.abs.gov.au/statistics/microdata-tablebuilder/available-microdata-tablebuilder/australian-census-longitudinal-dataset/ACLD%202011_16_21%20detailed%20microdata.xlsx","2023-12-19","bd0945f639fa8e8dafd59ca0b63df0276a590616063e26619a0eef9852cbecad",TRUE,""
"madipge-acld11-d-persons-11-16-21","TISP_21","ACLD225","Person Related Data Items","https://www.abs.gov.au/statistics/microdata-tablebuilder/available-microdata-tablebuilder/australian-census-longitudinal-dataset/ACLD%202011_16_21%20detailed%20microdata.xlsx","2023-12-19","bd0945f639fa8e8dafd59ca0b63df0276a590616063e26619a0eef9852cbecad",TRUE,""
"madipge-acld11-d-persons-11-16-21","TISRP_11","ACLD226","Person Related Data Items","https://www.abs.gov.au/statistics/microdata-tablebuilder/available-microdata-tablebuilder/australian-census-longitudinal-dataset/ACLD%202011_16_21%20detailed%20microdata.xlsx","2023-12-19","bd0945f639fa8e8dafd59ca0b63df0276a590616063e26619a0eef9852cbecad",TRUE,""
"madipge-acld11-d-persons-11-16-21","TISRP_16","ACLD226","Person Related Data Items","https://www.abs.gov.au/statistics/microdata-tablebuilder/available-microdata-tablebuilder/australian-census-longitudinal-dataset/ACLD%202011_16_21%20detailed%20microdata.xlsx","2023-12-19","bd0945f639fa8e8dafd59ca0b63df0276a590616063e26619a0eef9852cbecad",TRUE,""
"madipge-acld11-d-persons-11-16-21","TISRP_21","ACLD226","Person Related Data Items","https://www.abs.gov.au/statistics/microdata-tablebuilder/available-microdata-tablebuilder/australian-census-longitudinal-dataset/ACLD%202011_16_21%20detailed%20microdata.xlsx","2023-12-19","bd0945f639fa8e8dafd59ca0b63df0276a590616063e26619a0eef9852cbecad",TRUE,""
"madipge-acld11-d-persons-11-16-21","TYPP_11","ACLD227","Person Related Data Items","https://www.abs.gov.au/statistics/microdata-tablebuilder/available-microdata-tablebuilder/australian-census-longitudinal-dataset/ACLD%202011_16_21%20detailed%20microdata.xlsx","2023-12-19","bd0945f639fa8e8dafd59ca0b63df0276a590616063e26619a0eef9852cbecad",TRUE,""
"madipge-acld11-d-persons-11-16-21","TYPP_16","ACLD227","Person Related Data Items","https://www.abs.gov.au/statistics/microdata-tablebuilder/available-microdata-tablebuilder/australian-census-longitudinal-dataset/ACLD%202011_16_21%20detailed%20microdata.xlsx","2023-12-19","bd0945f639fa8e8dafd59ca0b63df0276a590616063e26619a0eef9852cbecad",TRUE,""
"madipge-acld11-d-persons-11-16-21","TYPP_21","ACLD228","Person Related Data Items","https://www.abs.gov.au/statistics/microdata-tablebuilder/available-microdata-tablebuilder/australian-census-longitudinal-dataset/ACLD%202011_16_21%20detailed%20microdata.xlsx","2023-12-19","bd0945f639fa8e8dafd59ca0b63df0276a590616063e26619a0eef9852cbecad",TRUE,""
"madipge-acld11-d-persons-11-16-21","TYPP_FP_11","ACLD229","Female Parent Related Data","https://www.abs.gov.au/statistics/microdata-tablebuilder/available-microdata-tablebuilder/australian-census-longitudinal-dataset/ACLD%202011_16_21%20detailed%20microdata.xlsx","2023-12-19","bd0945f639fa8e8dafd59ca0b63df0276a590616063e26619a0eef9852cbecad",TRUE,""
"madipge-acld11-d-persons-11-16-21","TYPP_FP_16","ACLD229","Female Parent Related Data","https://www.abs.gov.au/statistics/microdata-tablebuilder/available-microdata-tablebuilder/australian-census-longitudinal-dataset/ACLD%202011_16_21%20detailed%20microdata.xlsx","2023-12-19","bd0945f639fa8e8dafd59ca0b63df0276a590616063e26619a0eef9852cbecad",TRUE,""
"madipge-acld11-d-persons-11-16-21","TYPP_FP_21","ACLD229","Female Parent Related Data","https://www.abs.gov.au/statistics/microdata-tablebuilder/available-microdata-tablebuilder/australian-census-longitudinal-dataset/ACLD%202011_16_21%20detailed%20microdata.xlsx","2023-12-19","bd0945f639fa8e8dafd59ca0b63df0276a590616063e26619a0eef9852cbecad",TRUE,""
"madipge-acld11-d-persons-11-16-21","TYPP_MP_11","ACLD229","Male Parent Related Data Items","https://www.abs.gov.au/statistics/microdata-tablebuilder/available-microdata-tablebuilder/australian-census-longitudinal-dataset/ACLD%202011_16_21%20detailed%20microdata.xlsx","2023-12-19","bd0945f639fa8e8dafd59ca0b63df0276a590616063e26619a0eef9852cbecad",TRUE,""
"madipge-acld11-d-persons-11-16-21","TYPP_MP_16","ACLD229","Male Parent Related Data Items","https://www.abs.gov.au/statistics/microdata-tablebuilder/available-microdata-tablebuilder/australian-census-longitudinal-dataset/ACLD%202011_16_21%20detailed%20microdata.xlsx","2023-12-19","bd0945f639fa8e8dafd59ca0b63df0276a590616063e26619a0eef9852cbecad",TRUE,""
"madipge-acld11-d-persons-11-16-21","TYPP_MP_21","ACLD229","Male Parent Related Data Items","https://www.abs.gov.au/statistics/microdata-tablebuilder/available-microdata-tablebuilder/australian-census-longitudinal-dataset/ACLD%202011_16_21%20detailed%20microdata.xlsx","2023-12-19","bd0945f639fa8e8dafd59ca0b63df0276a590616063e26619a0eef9852cbecad",TRUE,""
"madipge-acld11-d-persons-11-16-21","TYPP_SP_11","ACLD229","Spouse or Partner Data Items","https://www.abs.gov.au/statistics/microdata-tablebuilder/available-microdata-tablebuilder/australian-census-longitudinal-dataset/ACLD%202011_16_21%20detailed%20microdata.xlsx","2023-12-19","bd0945f639fa8e8dafd59ca0b63df0276a590616063e26619a0eef9852cbecad",TRUE,""
"madipge-acld11-d-persons-11-16-21","TYPP_SP_16","ACLD229","Spouse or Partner Data Items","https://www.abs.gov.au/statistics/microdata-tablebuilder/available-microdata-tablebuilder/australian-census-longitudinal-dataset/ACLD%202011_16_21%20detailed%20microdata.xlsx","2023-12-19","bd0945f639fa8e8dafd59ca0b63df0276a590616063e26619a0eef9852cbecad",TRUE,""
"madipge-acld11-d-persons-11-16-21","TYPP_SP_21","ACLD229","Spouse or Partner Data Items","https://www.abs.gov.au/statistics/microdata-tablebuilder/available-microdata-tablebuilder/australian-census-longitudinal-dataset/ACLD%202011_16_21%20detailed%20microdata.xlsx","2023-12-19","bd0945f639fa8e8dafd59ca0b63df0276a590616063e26619a0eef9852cbecad",TRUE,""
"madipge-acld11-d-persons-11-16-21","TYSTAP_11","ACLD230","Person Related Data Items","https://www.abs.gov.au/statistics/microdata-tablebuilder/available-microdata-tablebuilder/australian-census-longitudinal-dataset/ACLD%202011_16_21%20detailed%20microdata.xlsx","2023-12-19","bd0945f639fa8e8dafd59ca0b63df0276a590616063e26619a0eef9852cbecad",TRUE,""
"madipge-acld11-d-persons-11-16-21","TYSTAP_16","ACLD230","Person Related Data Items","https://www.abs.gov.au/statistics/microdata-tablebuilder/available-microdata-tablebuilder/australian-census-longitudinal-dataset/ACLD%202011_16_21%20detailed%20microdata.xlsx","2023-12-19","bd0945f639fa8e8dafd59ca0b63df0276a590616063e26619a0eef9852cbecad",TRUE,""
"madipge-acld11-d-persons-11-16-21","TYSTAP_21","ACLD231","Person Related Data Items","https://www.abs.gov.au/statistics/microdata-tablebuilder/available-microdata-tablebuilder/australian-census-longitudinal-dataset/ACLD%202011_16_21%20detailed%20microdata.xlsx","2023-12-19","bd0945f639fa8e8dafd59ca0b63df0276a590616063e26619a0eef9852cbecad",TRUE,""
"madipge-acld11-d-persons-11-16-21","UAI1P_11","ACLD232","Person Related Data Items","https://www.abs.gov.au/statistics/microdata-tablebuilder/available-microdata-tablebuilder/australian-census-longitudinal-dataset/ACLD%202011_16_21%20detailed%20microdata.xlsx","2023-12-19","bd0945f639fa8e8dafd59ca0b63df0276a590616063e26619a0eef9852cbecad",TRUE,""
"madipge-acld11-d-persons-11-16-21","UAI1P_16","ACLD233","Person Related Data Items","https://www.abs.gov.au/statistics/microdata-tablebuilder/available-microdata-tablebuilder/australian-census-longitudinal-dataset/ACLD%202011_16_21%20detailed%20microdata.xlsx","2023-12-19","bd0945f639fa8e8dafd59ca0b63df0276a590616063e26619a0eef9852cbecad",TRUE,""
"madipge-acld11-d-persons-11-16-21","UAI1P_21","ACLD234","Person Related Data Items","https://www.abs.gov.au/statistics/microdata-tablebuilder/available-microdata-tablebuilder/australian-census-longitudinal-dataset/ACLD%202011_16_21%20detailed%20microdata.xlsx","2023-12-19","bd0945f639fa8e8dafd59ca0b63df0276a590616063e26619a0eef9852cbecad",TRUE,""
"madipge-acld11-d-persons-11-16-21","UAI1P_SP_11","ACLD232","Spouse or Partner Data Items","https://www.abs.gov.au/statistics/microdata-tablebuilder/available-microdata-tablebuilder/australian-census-longitudinal-dataset/ACLD%202011_16_21%20detailed%20microdata.xlsx","2023-12-19","bd0945f639fa8e8dafd59ca0b63df0276a590616063e26619a0eef9852cbecad",TRUE,""
"madipge-acld11-d-persons-11-16-21","UAI1P_SP_16","ACLD233","Spouse or Partner Data Items","https://www.abs.gov.au/statistics/microdata-tablebuilder/available-microdata-tablebuilder/australian-census-longitudinal-dataset/ACLD%202011_16_21%20detailed%20microdata.xlsx","2023-12-19","bd0945f639fa8e8dafd59ca0b63df0276a590616063e26619a0eef9852cbecad",TRUE,""
"madipge-acld11-d-persons-11-16-21","UAI1P_SP_21","ACLD234","Spouse or Partner Data Items","https://www.abs.gov.au/statistics/microdata-tablebuilder/available-microdata-tablebuilder/australian-census-longitudinal-dataset/ACLD%202011_16_21%20detailed%20microdata.xlsx","2023-12-19","bd0945f639fa8e8dafd59ca0b63df0276a590616063e26619a0eef9852cbecad",TRUE,""
"madipge-acld11-d-persons-11-16-21","UAI5P_11","ACLD235","Person Related Data Items","https://www.abs.gov.au/statistics/microdata-tablebuilder/available-microdata-tablebuilder/australian-census-longitudinal-dataset/ACLD%202011_16_21%20detailed%20microdata.xlsx","2023-12-19","bd0945f639fa8e8dafd59ca0b63df0276a590616063e26619a0eef9852cbecad",TRUE,""
"madipge-acld11-d-persons-11-16-21","UAI5P_16","ACLD236","Person Related Data Items","https://www.abs.gov.au/statistics/microdata-tablebuilder/available-microdata-tablebuilder/australian-census-longitudinal-dataset/ACLD%202011_16_21%20detailed%20microdata.xlsx","2023-12-19","bd0945f639fa8e8dafd59ca0b63df0276a590616063e26619a0eef9852cbecad",TRUE,""
"madipge-acld11-d-persons-11-16-21","UAI5P_21","ACLD237","Person Related Data Items","https://www.abs.gov.au/statistics/microdata-tablebuilder/available-microdata-tablebuilder/australian-census-longitudinal-dataset/ACLD%202011_16_21%20detailed%20microdata.xlsx","2023-12-19","bd0945f639fa8e8dafd59ca0b63df0276a590616063e26619a0eef9852cbecad",TRUE,""
"madipge-acld11-d-persons-11-16-21","UAI5P_SP_11","ACLD235","Spouse or Partner Data Items","https://www.abs.gov.au/statistics/microdata-tablebuilder/available-microdata-tablebuilder/australian-census-longitudinal-dataset/ACLD%202011_16_21%20detailed%20microdata.xlsx","2023-12-19","bd0945f639fa8e8dafd59ca0b63df0276a590616063e26619a0eef9852cbecad",TRUE,""
"madipge-acld11-d-persons-11-16-21","UAI5P_SP_16","ACLD236","Spouse or Partner Data Items","https://www.abs.gov.au/statistics/microdata-tablebuilder/available-microdata-tablebuilder/australian-census-longitudinal-dataset/ACLD%202011_16_21%20detailed%20microdata.xlsx","2023-12-19","bd0945f639fa8e8dafd59ca0b63df0276a590616063e26619a0eef9852cbecad",TRUE,""
"madipge-acld11-d-persons-11-16-21","UAI5P_SP_21","ACLD237","Spouse or Partner Data Items","https://www.abs.gov.au/statistics/microdata-tablebuilder/available-microdata-tablebuilder/australian-census-longitudinal-dataset/ACLD%202011_16_21%20detailed%20microdata.xlsx","2023-12-19","bd0945f639fa8e8dafd59ca0b63df0276a590616063e26619a0eef9852cbecad",TRUE,""
"madipge-acld11-d-persons-11-16-21","UAICP_11","ACLD238","Person Related Data Items","https://www.abs.gov.au/statistics/microdata-tablebuilder/available-microdata-tablebuilder/australian-census-longitudinal-dataset/ACLD%202011_16_21%20detailed%20microdata.xlsx","2023-12-19","bd0945f639fa8e8dafd59ca0b63df0276a590616063e26619a0eef9852cbecad",TRUE,""
"madipge-acld11-d-persons-11-16-21","UAICP_16","ACLD238","Person Related Data Items","https://www.abs.gov.au/statistics/microdata-tablebuilder/available-microdata-tablebuilder/australian-census-longitudinal-dataset/ACLD%202011_16_21%20detailed%20microdata.xlsx","2023-12-19","bd0945f639fa8e8dafd59ca0b63df0276a590616063e26619a0eef9852cbecad",TRUE,""
"madipge-acld11-d-persons-11-16-21","UAICP_21","ACLD238","Person Related Data Items","https://www.abs.gov.au/statistics/microdata-tablebuilder/available-microdata-tablebuilder/australian-census-longitudinal-dataset/ACLD%202011_16_21%20detailed%20microdata.xlsx","2023-12-19","bd0945f639fa8e8dafd59ca0b63df0276a590616063e26619a0eef9852cbecad",TRUE,""
"madipge-acld11-d-persons-11-16-21","UNCAREP_11","ACLD239","Person Related Data Items","https://www.abs.gov.au/statistics/microdata-tablebuilder/available-microdata-tablebuilder/australian-census-longitudinal-dataset/ACLD%202011_16_21%20detailed%20microdata.xlsx","2023-12-19","bd0945f639fa8e8dafd59ca0b63df0276a590616063e26619a0eef9852cbecad",TRUE,""
"madipge-acld11-d-persons-11-16-21","UNCAREP_16","ACLD239","Person Related Data Items","https://www.abs.gov.au/statistics/microdata-tablebuilder/available-microdata-tablebuilder/australian-census-longitudinal-dataset/ACLD%202011_16_21%20detailed%20microdata.xlsx","2023-12-19","bd0945f639fa8e8dafd59ca0b63df0276a590616063e26619a0eef9852cbecad",TRUE,""
"madipge-acld11-d-persons-11-16-21","UNCAREP_21","ACLD239","Person Related Data Items","https://www.abs.gov.au/statistics/microdata-tablebuilder/available-microdata-tablebuilder/australian-census-longitudinal-dataset/ACLD%202011_16_21%20detailed%20microdata.xlsx","2023-12-19","bd0945f639fa8e8dafd59ca0b63df0276a590616063e26619a0eef9852cbecad",TRUE,""
"madipge-acld11-d-persons-11-16-21","UNCAREP_FP_11","ACLD239","Female Parent Related Data","https://www.abs.gov.au/statistics/microdata-tablebuilder/available-microdata-tablebuilder/australian-census-longitudinal-dataset/ACLD%202011_16_21%20detailed%20microdata.xlsx","2023-12-19","bd0945f639fa8e8dafd59ca0b63df0276a590616063e26619a0eef9852cbecad",TRUE,""
"madipge-acld11-d-persons-11-16-21","UNCAREP_FP_16","ACLD239","Female Parent Related Data","https://www.abs.gov.au/statistics/microdata-tablebuilder/available-microdata-tablebuilder/australian-census-longitudinal-dataset/ACLD%202011_16_21%20detailed%20microdata.xlsx","2023-12-19","bd0945f639fa8e8dafd59ca0b63df0276a590616063e26619a0eef9852cbecad",TRUE,""
"madipge-acld11-d-persons-11-16-21","UNCAREP_FP_21","ACLD239","Female Parent Related Data","https://www.abs.gov.au/statistics/microdata-tablebuilder/available-microdata-tablebuilder/australian-census-longitudinal-dataset/ACLD%202011_16_21%20detailed%20microdata.xlsx","2023-12-19","bd0945f639fa8e8dafd59ca0b63df0276a590616063e26619a0eef9852cbecad",TRUE,""
"madipge-acld11-d-persons-11-16-21","UNCAREP_MP_11","ACLD239","Male Parent Related Data Items","https://www.abs.gov.au/statistics/microdata-tablebuilder/available-microdata-tablebuilder/australian-census-longitudinal-dataset/ACLD%202011_16_21%20detailed%20microdata.xlsx","2023-12-19","bd0945f639fa8e8dafd59ca0b63df0276a590616063e26619a0eef9852cbecad",TRUE,""
"madipge-acld11-d-persons-11-16-21","UNCAREP_MP_16","ACLD239","Male Parent Related Data Items","https://www.abs.gov.au/statistics/microdata-tablebuilder/available-microdata-tablebuilder/australian-census-longitudinal-dataset/ACLD%202011_16_21%20detailed%20microdata.xlsx","2023-12-19","bd0945f639fa8e8dafd59ca0b63df0276a590616063e26619a0eef9852cbecad",TRUE,""
"madipge-acld11-d-persons-11-16-21","UNCAREP_MP_21","ACLD239","Male Parent Related Data Items","https://www.abs.gov.au/statistics/microdata-tablebuilder/available-microdata-tablebuilder/australian-census-longitudinal-dataset/ACLD%202011_16_21%20detailed%20microdata.xlsx","2023-12-19","bd0945f639fa8e8dafd59ca0b63df0276a590616063e26619a0eef9852cbecad",TRUE,""
"madipge-acld11-d-persons-11-16-21","UNCAREP_SP_11","ACLD239","Spouse or Partner Data Items","https://www.abs.gov.au/statistics/microdata-tablebuilder/available-microdata-tablebuilder/australian-census-longitudinal-dataset/ACLD%202011_16_21%20detailed%20microdata.xlsx","2023-12-19","bd0945f639fa8e8dafd59ca0b63df0276a590616063e26619a0eef9852cbecad",TRUE,""
"madipge-acld11-d-persons-11-16-21","UNCAREP_SP_16","ACLD239","Spouse or Partner Data Items","https://www.abs.gov.au/statistics/microdata-tablebuilder/available-microdata-tablebuilder/australian-census-longitudinal-dataset/ACLD%202011_16_21%20detailed%20microdata.xlsx","2023-12-19","bd0945f639fa8e8dafd59ca0b63df0276a590616063e26619a0eef9852cbecad",TRUE,""
"madipge-acld11-d-persons-11-16-21","UNCAREP_SP_21","ACLD239","Spouse or Partner Data Items","https://www.abs.gov.au/statistics/microdata-tablebuilder/available-microdata-tablebuilder/australian-census-longitudinal-dataset/ACLD%202011_16_21%20detailed%20microdata.xlsx","2023-12-19","bd0945f639fa8e8dafd59ca0b63df0276a590616063e26619a0eef9852cbecad",TRUE,""
"madipge-acld11-d-persons-11-16-21","VEHRD_P_11","ACLD240","Dwelling Related Data Items","https://www.abs.gov.au/statistics/microdata-tablebuilder/available-microdata-tablebuilder/australian-census-longitudinal-dataset/ACLD%202011_16_21%20detailed%20microdata.xlsx","2023-12-19","bd0945f639fa8e8dafd59ca0b63df0276a590616063e26619a0eef9852cbecad",TRUE,""
"madipge-acld11-d-persons-11-16-21","VEHRD_P_16","ACLD240","Dwelling Related Data Items","https://www.abs.gov.au/statistics/microdata-tablebuilder/available-microdata-tablebuilder/australian-census-longitudinal-dataset/ACLD%202011_16_21%20detailed%20microdata.xlsx","2023-12-19","bd0945f639fa8e8dafd59ca0b63df0276a590616063e26619a0eef9852cbecad",TRUE,""
"madipge-acld11-d-persons-11-16-21","VEHRD_P_21","ACLD240","Dwelling Related Data Items","https://www.abs.gov.au/statistics/microdata-tablebuilder/available-microdata-tablebuilder/australian-census-longitudinal-dataset/ACLD%202011_16_21%20detailed%20microdata.xlsx","2023-12-19","bd0945f639fa8e8dafd59ca0b63df0276a590616063e26619a0eef9852cbecad",TRUE,""
"madipge-acld11-d-persons-11-16-21","VOLWP_11","ACLD241","Person Related Data Items","https://www.abs.gov.au/statistics/microdata-tablebuilder/available-microdata-tablebuilder/australian-census-longitudinal-dataset/ACLD%202011_16_21%20detailed%20microdata.xlsx","2023-12-19","bd0945f639fa8e8dafd59ca0b63df0276a590616063e26619a0eef9852cbecad",TRUE,""
"madipge-acld11-d-persons-11-16-21","VOLWP_16","ACLD241","Person Related Data Items","https://www.abs.gov.au/statistics/microdata-tablebuilder/available-microdata-tablebuilder/australian-census-longitudinal-dataset/ACLD%202011_16_21%20detailed%20microdata.xlsx","2023-12-19","bd0945f639fa8e8dafd59ca0b63df0276a590616063e26619a0eef9852cbecad",TRUE,""
"madipge-acld11-d-persons-11-16-21","VOLWP_21","ACLD241","Person Related Data Items","https://www.abs.gov.au/statistics/microdata-tablebuilder/available-microdata-tablebuilder/australian-census-longitudinal-dataset/ACLD%202011_16_21%20detailed%20microdata.xlsx","2023-12-19","bd0945f639fa8e8dafd59ca0b63df0276a590616063e26619a0eef9852cbecad",TRUE,""
"madipge-acld11-d-persons-11-16-21","VOLWP_FP_11","ACLD241","Female Parent Related Data","https://www.abs.gov.au/statistics/microdata-tablebuilder/available-microdata-tablebuilder/australian-census-longitudinal-dataset/ACLD%202011_16_21%20detailed%20microdata.xlsx","2023-12-19","bd0945f639fa8e8dafd59ca0b63df0276a590616063e26619a0eef9852cbecad",TRUE,""
"madipge-acld11-d-persons-11-16-21","VOLWP_FP_16","ACLD241","Female Parent Related Data","https://www.abs.gov.au/statistics/microdata-tablebuilder/available-microdata-tablebuilder/australian-census-longitudinal-dataset/ACLD%202011_16_21%20detailed%20microdata.xlsx","2023-12-19","bd0945f639fa8e8dafd59ca0b63df0276a590616063e26619a0eef9852cbecad",TRUE,""
"madipge-acld11-d-persons-11-16-21","VOLWP_FP_21","ACLD241","Female Parent Related Data","https://www.abs.gov.au/statistics/microdata-tablebuilder/available-microdata-tablebuilder/australian-census-longitudinal-dataset/ACLD%202011_16_21%20detailed%20microdata.xlsx","2023-12-19","bd0945f639fa8e8dafd59ca0b63df0276a590616063e26619a0eef9852cbecad",TRUE,""
"madipge-acld11-d-persons-11-16-21","VOLWP_MP_11","ACLD241","Male Parent Related Data Items","https://www.abs.gov.au/statistics/microdata-tablebuilder/available-microdata-tablebuilder/australian-census-longitudinal-dataset/ACLD%202011_16_21%20detailed%20microdata.xlsx","2023-12-19","bd0945f639fa8e8dafd59ca0b63df0276a590616063e26619a0eef9852cbecad",TRUE,""
"madipge-acld11-d-persons-11-16-21","VOLWP_MP_16","ACLD241","Male Parent Related Data Items","https://www.abs.gov.au/statistics/microdata-tablebuilder/available-microdata-tablebuilder/australian-census-longitudinal-dataset/ACLD%202011_16_21%20detailed%20microdata.xlsx","2023-12-19","bd0945f639fa8e8dafd59ca0b63df0276a590616063e26619a0eef9852cbecad",TRUE,""
"madipge-acld11-d-persons-11-16-21","VOLWP_MP_21","ACLD241","Male Parent Related Data Items","https://www.abs.gov.au/statistics/microdata-tablebuilder/available-microdata-tablebuilder/australian-census-longitudinal-dataset/ACLD%202011_16_21%20detailed%20microdata.xlsx","2023-12-19","bd0945f639fa8e8dafd59ca0b63df0276a590616063e26619a0eef9852cbecad",TRUE,""
"madipge-acld11-d-persons-11-16-21","VOLWP_SP_11","ACLD241","Spouse or Partner Data Items","https://www.abs.gov.au/statistics/microdata-tablebuilder/available-microdata-tablebuilder/australian-census-longitudinal-dataset/ACLD%202011_16_21%20detailed%20microdata.xlsx","2023-12-19","bd0945f639fa8e8dafd59ca0b63df0276a590616063e26619a0eef9852cbecad",TRUE,""
"madipge-acld11-d-persons-11-16-21","VOLWP_SP_16","ACLD241","Spouse or Partner Data Items","https://www.abs.gov.au/statistics/microdata-tablebuilder/available-microdata-tablebuilder/australian-census-longitudinal-dataset/ACLD%202011_16_21%20detailed%20microdata.xlsx","2023-12-19","bd0945f639fa8e8dafd59ca0b63df0276a590616063e26619a0eef9852cbecad",TRUE,""
"madipge-acld11-d-persons-11-16-21","VOLWP_SP_21","ACLD241","Spouse or Partner Data Items","https://www.abs.gov.au/statistics/microdata-tablebuilder/available-microdata-tablebuilder/australian-census-longitudinal-dataset/ACLD%202011_16_21%20detailed%20microdata.xlsx","2023-12-19","bd0945f639fa8e8dafd59ca0b63df0276a590616063e26619a0eef9852cbecad",TRUE,""
"madipge-acld11-d-persons-11-16-21","WEIGHT4_11_16","","","https://www.abs.gov.au/statistics/microdata-tablebuilder/available-microdata-tablebuilder/australian-census-longitudinal-dataset/ACLD%202011_16_21%20detailed%20microdata.xlsx","2023-12-19","bd0945f639fa8e8dafd59ca0b63df0276a590616063e26619a0eef9852cbecad",FALSE,"not_enumerated_in_workbook"
"madipge-acld11-d-persons-11-16-21","WEIGHT4_11_16_21","","","https://www.abs.gov.au/statistics/microdata-tablebuilder/available-microdata-tablebuilder/australian-census-longitudinal-dataset/ACLD%202011_16_21%20detailed%20microdata.xlsx","2023-12-19","bd0945f639fa8e8dafd59ca0b63df0276a590616063e26619a0eef9852cbecad",FALSE,"not_enumerated_in_workbook"
"madipge-acld11-d-persons-11-16-21","YARP_FP_11","ACLD242","Female Parent Related Data","https://www.abs.gov.au/statistics/microdata-tablebuilder/available-microdata-tablebuilder/australian-census-longitudinal-dataset/ACLD%202011_16_21%20detailed%20microdata.xlsx","2023-12-19","bd0945f639fa8e8dafd59ca0b63df0276a590616063e26619a0eef9852cbecad",TRUE,""
"madipge-acld11-d-persons-11-16-21","YARP_FP_16","ACLD243","Female Parent Related Data","https://www.abs.gov.au/statistics/microdata-tablebuilder/available-microdata-tablebuilder/australian-census-longitudinal-dataset/ACLD%202011_16_21%20detailed%20microdata.xlsx","2023-12-19","bd0945f639fa8e8dafd59ca0b63df0276a590616063e26619a0eef9852cbecad",TRUE,""
"madipge-acld11-d-persons-11-16-21","YARP_FP_21","ACLD244","Female Parent Related Data","https://www.abs.gov.au/statistics/microdata-tablebuilder/available-microdata-tablebuilder/australian-census-longitudinal-dataset/ACLD%202011_16_21%20detailed%20microdata.xlsx","2023-12-19","bd0945f639fa8e8dafd59ca0b63df0276a590616063e26619a0eef9852cbecad",TRUE,""
"madipge-acld11-d-persons-11-16-21","YARP_MP_11","ACLD242","Male Parent Related Data Items","https://www.abs.gov.au/statistics/microdata-tablebuilder/available-microdata-tablebuilder/australian-census-longitudinal-dataset/ACLD%202011_16_21%20detailed%20microdata.xlsx","2023-12-19","bd0945f639fa8e8dafd59ca0b63df0276a590616063e26619a0eef9852cbecad",TRUE,""
"madipge-acld11-d-persons-11-16-21","YARP_MP_16","ACLD243","Male Parent Related Data Items","https://www.abs.gov.au/statistics/microdata-tablebuilder/available-microdata-tablebuilder/australian-census-longitudinal-dataset/ACLD%202011_16_21%20detailed%20microdata.xlsx","2023-12-19","bd0945f639fa8e8dafd59ca0b63df0276a590616063e26619a0eef9852cbecad",TRUE,""
"madipge-acld11-d-persons-11-16-21","YARP_MP_21","ACLD244","Male Parent Related Data Items","https://www.abs.gov.au/statistics/microdata-tablebuilder/available-microdata-tablebuilder/australian-census-longitudinal-dataset/ACLD%202011_16_21%20detailed%20microdata.xlsx","2023-12-19","bd0945f639fa8e8dafd59ca0b63df0276a590616063e26619a0eef9852cbecad",TRUE,""
"madipge-acld11-d-persons-11-16-21","YARP_S_11","ACLD245","Person Related Data Items","https://www.abs.gov.au/statistics/microdata-tablebuilder/available-microdata-tablebuilder/australian-census-longitudinal-dataset/ACLD%202011_16_21%20detailed%20microdata.xlsx","2023-12-19","bd0945f639fa8e8dafd59ca0b63df0276a590616063e26619a0eef9852cbecad",FALSE,"external_classification_reference_only"
"madipge-acld11-d-persons-11-16-21","YARP_S_16","ACLD246","Person Related Data Items","https://www.abs.gov.au/statistics/microdata-tablebuilder/available-microdata-tablebuilder/australian-census-longitudinal-dataset/ACLD%202011_16_21%20detailed%20microdata.xlsx","2023-12-19","bd0945f639fa8e8dafd59ca0b63df0276a590616063e26619a0eef9852cbecad",FALSE,"external_classification_reference_only"
"madipge-acld11-d-persons-11-16-21","YARP_S_21","ACLD247","Person Related Data Items","https://www.abs.gov.au/statistics/microdata-tablebuilder/available-microdata-tablebuilder/australian-census-longitudinal-dataset/ACLD%202011_16_21%20detailed%20microdata.xlsx","2023-12-19","bd0945f639fa8e8dafd59ca0b63df0276a590616063e26619a0eef9852cbecad",FALSE,"external_classification_reference_only"
"madipge-acld11-d-persons-11-16-21","YARP_SP_11","ACLD242","Spouse or Partner Data Items","https://www.abs.gov.au/statistics/microdata-tablebuilder/available-microdata-tablebuilder/australian-census-longitudinal-dataset/ACLD%202011_16_21%20detailed%20microdata.xlsx","2023-12-19","bd0945f639fa8e8dafd59ca0b63df0276a590616063e26619a0eef9852cbecad",TRUE,""
"madipge-acld11-d-persons-11-16-21","YARP_SP_16","ACLD243","Spouse or Partner Data Items","https://www.abs.gov.au/statistics/microdata-tablebuilder/available-microdata-tablebuilder/australian-census-longitudinal-dataset/ACLD%202011_16_21%20detailed%20microdata.xlsx","2023-12-19","bd0945f639fa8e8dafd59ca0b63df0276a590616063e26619a0eef9852cbecad",TRUE,""
"madipge-acld11-d-persons-11-16-21","YARP_SP_21","ACLD244","Spouse or Partner Data Items","https://www.abs.gov.au/statistics/microdata-tablebuilder/available-microdata-tablebuilder/australian-census-longitudinal-dataset/ACLD%202011_16_21%20detailed%20microdata.xlsx","2023-12-19","bd0945f639fa8e8dafd59ca0b63df0276a590616063e26619a0eef9852cbecad",TRUE,""
"madipge-acld16-d-person-16-21","ADCP_21","ACLD001","Person Related Data Items","https://www.abs.gov.au/statistics/microdata-tablebuilder/available-microdata-tablebuilder/australian-census-longitudinal-dataset/ACLD%202016_21%20detailed%20microdata.xlsx","2023-12-19","f8378ca88da84ca470ea25b7eb7de43a8de8e6f26a6dc2525596df855abfb1c6",TRUE,""
"madipge-acld16-d-person-16-21","ADFP_21","ACLD002","Person Related Data Items","https://www.abs.gov.au/statistics/microdata-tablebuilder/available-microdata-tablebuilder/australian-census-longitudinal-dataset/ACLD%202016_21%20detailed%20microdata.xlsx","2023-12-19","f8378ca88da84ca470ea25b7eb7de43a8de8e6f26a6dc2525596df855abfb1c6",TRUE,""
"madipge-acld16-d-person-16-21","AGEN_16","ACLD004","Continuous Variables","https://www.abs.gov.au/statistics/microdata-tablebuilder/available-microdata-tablebuilder/australian-census-longitudinal-dataset/ACLD%202016_21%20detailed%20microdata.xlsx","2023-12-19","f8378ca88da84ca470ea25b7eb7de43a8de8e6f26a6dc2525596df855abfb1c6",TRUE,""
"madipge-acld16-d-person-16-21","AGEN_21","ACLD004","Continuous Variables","https://www.abs.gov.au/statistics/microdata-tablebuilder/available-microdata-tablebuilder/australian-census-longitudinal-dataset/ACLD%202016_21%20detailed%20microdata.xlsx","2023-12-19","f8378ca88da84ca470ea25b7eb7de43a8de8e6f26a6dc2525596df855abfb1c6",TRUE,""
"madipge-acld16-d-person-16-21","AGEP_16","ACLD005","Person Related Data Items","https://www.abs.gov.au/statistics/microdata-tablebuilder/available-microdata-tablebuilder/australian-census-longitudinal-dataset/ACLD%202016_21%20detailed%20microdata.xlsx","2023-12-19","f8378ca88da84ca470ea25b7eb7de43a8de8e6f26a6dc2525596df855abfb1c6",TRUE,""
"madipge-acld16-d-person-16-21","AGEP_21","ACLD005","Person Related Data Items","https://www.abs.gov.au/statistics/microdata-tablebuilder/available-microdata-tablebuilder/australian-census-longitudinal-dataset/ACLD%202016_21%20detailed%20microdata.xlsx","2023-12-19","f8378ca88da84ca470ea25b7eb7de43a8de8e6f26a6dc2525596df855abfb1c6",TRUE,""
"madipge-acld16-d-person-16-21","AGEP_FP_16","ACLD006","Female Parent Related Data","https://www.abs.gov.au/statistics/microdata-tablebuilder/available-microdata-tablebuilder/australian-census-longitudinal-dataset/ACLD%202016_21%20detailed%20microdata.xlsx","2023-12-19","f8378ca88da84ca470ea25b7eb7de43a8de8e6f26a6dc2525596df855abfb1c6",TRUE,""
"madipge-acld16-d-person-16-21","AGEP_FP_21","ACLD006","Female Parent Related Data","https://www.abs.gov.au/statistics/microdata-tablebuilder/available-microdata-tablebuilder/australian-census-longitudinal-dataset/ACLD%202016_21%20detailed%20microdata.xlsx","2023-12-19","f8378ca88da84ca470ea25b7eb7de43a8de8e6f26a6dc2525596df855abfb1c6",TRUE,""
"madipge-acld16-d-person-16-21","AGEP_MP_16","ACLD006","Male Parent Related Data Items","https://www.abs.gov.au/statistics/microdata-tablebuilder/available-microdata-tablebuilder/australian-census-longitudinal-dataset/ACLD%202016_21%20detailed%20microdata.xlsx","2023-12-19","f8378ca88da84ca470ea25b7eb7de43a8de8e6f26a6dc2525596df855abfb1c6",TRUE,""
"madipge-acld16-d-person-16-21","AGEP_MP_21","ACLD006","Male Parent Related Data Items","https://www.abs.gov.au/statistics/microdata-tablebuilder/available-microdata-tablebuilder/australian-census-longitudinal-dataset/ACLD%202016_21%20detailed%20microdata.xlsx","2023-12-19","f8378ca88da84ca470ea25b7eb7de43a8de8e6f26a6dc2525596df855abfb1c6",TRUE,""
"madipge-acld16-d-person-16-21","AGEP_SP_16","ACLD006","Spouse or Partner Data Items","https://www.abs.gov.au/statistics/microdata-tablebuilder/available-microdata-tablebuilder/australian-census-longitudinal-dataset/ACLD%202016_21%20detailed%20microdata.xlsx","2023-12-19","f8378ca88da84ca470ea25b7eb7de43a8de8e6f26a6dc2525596df855abfb1c6",TRUE,""
"madipge-acld16-d-person-16-21","AGEP_SP_21","ACLD006","Spouse or Partner Data Items","https://www.abs.gov.au/statistics/microdata-tablebuilder/available-microdata-tablebuilder/australian-census-longitudinal-dataset/ACLD%202016_21%20detailed%20microdata.xlsx","2023-12-19","f8378ca88da84ca470ea25b7eb7de43a8de8e6f26a6dc2525596df855abfb1c6",TRUE,""
"madipge-acld16-d-person-16-21","AGEYARP_16","ACLD007","Person Related Data Items","https://www.abs.gov.au/statistics/microdata-tablebuilder/available-microdata-tablebuilder/australian-census-longitudinal-dataset/ACLD%202016_21%20detailed%20microdata.xlsx","2023-12-19","f8378ca88da84ca470ea25b7eb7de43a8de8e6f26a6dc2525596df855abfb1c6",TRUE,""
"madipge-acld16-d-person-16-21","AGEYARP_21","ACLD007","Person Related Data Items","https://www.abs.gov.au/statistics/microdata-tablebuilder/available-microdata-tablebuilder/australian-census-longitudinal-dataset/ACLD%202016_21%20detailed%20microdata.xlsx","2023-12-19","f8378ca88da84ca470ea25b7eb7de43a8de8e6f26a6dc2525596df855abfb1c6",TRUE,""
"madipge-acld16-d-person-16-21","ANC1P_16","ACLD009","Person Related Data Items","https://www.abs.gov.au/statistics/microdata-tablebuilder/available-microdata-tablebuilder/australian-census-longitudinal-dataset/ACLD%202016_21%20detailed%20microdata.xlsx","2023-12-19","f8378ca88da84ca470ea25b7eb7de43a8de8e6f26a6dc2525596df855abfb1c6",FALSE,"external_classification_reference_only"
"madipge-acld16-d-person-16-21","ANC1P_21","ACLD010","Person Related Data Items","https://www.abs.gov.au/statistics/microdata-tablebuilder/available-microdata-tablebuilder/australian-census-longitudinal-dataset/ACLD%202016_21%20detailed%20microdata.xlsx","2023-12-19","f8378ca88da84ca470ea25b7eb7de43a8de8e6f26a6dc2525596df855abfb1c6",FALSE,"external_classification_reference_only"
"madipge-acld16-d-person-16-21","ANC1P_FP_16","ACLD009","Female Parent Related Data","https://www.abs.gov.au/statistics/microdata-tablebuilder/available-microdata-tablebuilder/australian-census-longitudinal-dataset/ACLD%202016_21%20detailed%20microdata.xlsx","2023-12-19","f8378ca88da84ca470ea25b7eb7de43a8de8e6f26a6dc2525596df855abfb1c6",FALSE,"external_classification_reference_only"
"madipge-acld16-d-person-16-21","ANC1P_FP_21","ACLD010","Female Parent Related Data","https://www.abs.gov.au/statistics/microdata-tablebuilder/available-microdata-tablebuilder/australian-census-longitudinal-dataset/ACLD%202016_21%20detailed%20microdata.xlsx","2023-12-19","f8378ca88da84ca470ea25b7eb7de43a8de8e6f26a6dc2525596df855abfb1c6",FALSE,"external_classification_reference_only"
"madipge-acld16-d-person-16-21","ANC1P_MP_16","ACLD009","Male Parent Related Data Items","https://www.abs.gov.au/statistics/microdata-tablebuilder/available-microdata-tablebuilder/australian-census-longitudinal-dataset/ACLD%202016_21%20detailed%20microdata.xlsx","2023-12-19","f8378ca88da84ca470ea25b7eb7de43a8de8e6f26a6dc2525596df855abfb1c6",FALSE,"external_classification_reference_only"
"madipge-acld16-d-person-16-21","ANC1P_MP_21","ACLD010","Male Parent Related Data Items","https://www.abs.gov.au/statistics/microdata-tablebuilder/available-microdata-tablebuilder/australian-census-longitudinal-dataset/ACLD%202016_21%20detailed%20microdata.xlsx","2023-12-19","f8378ca88da84ca470ea25b7eb7de43a8de8e6f26a6dc2525596df855abfb1c6",FALSE,"external_classification_reference_only"
"madipge-acld16-d-person-16-21","ANC1P_SP_16","ACLD009","Spouse or Partner Data Items","https://www.abs.gov.au/statistics/microdata-tablebuilder/available-microdata-tablebuilder/australian-census-longitudinal-dataset/ACLD%202016_21%20detailed%20microdata.xlsx","2023-12-19","f8378ca88da84ca470ea25b7eb7de43a8de8e6f26a6dc2525596df855abfb1c6",FALSE,"external_classification_reference_only"
"madipge-acld16-d-person-16-21","ANC1P_SP_21","ACLD010","Spouse or Partner Data Items","https://www.abs.gov.au/statistics/microdata-tablebuilder/available-microdata-tablebuilder/australian-census-longitudinal-dataset/ACLD%202016_21%20detailed%20microdata.xlsx","2023-12-19","f8378ca88da84ca470ea25b7eb7de43a8de8e6f26a6dc2525596df855abfb1c6",FALSE,"external_classification_reference_only"
"madipge-acld16-d-person-16-21","ANC2P_16","ACLD009","Person Related Data Items","https://www.abs.gov.au/statistics/microdata-tablebuilder/available-microdata-tablebuilder/australian-census-longitudinal-dataset/ACLD%202016_21%20detailed%20microdata.xlsx","2023-12-19","f8378ca88da84ca470ea25b7eb7de43a8de8e6f26a6dc2525596df855abfb1c6",FALSE,"external_classification_reference_only"
"madipge-acld16-d-person-16-21","ANC2P_21","ACLD011","Person Related Data Items","https://www.abs.gov.au/statistics/microdata-tablebuilder/available-microdata-tablebuilder/australian-census-longitudinal-dataset/ACLD%202016_21%20detailed%20microdata.xlsx","2023-12-19","f8378ca88da84ca470ea25b7eb7de43a8de8e6f26a6dc2525596df855abfb1c6",FALSE,"external_classification_reference_only"
"madipge-acld16-d-person-16-21","ANC2P_FP_16","ACLD009","Female Parent Related Data","https://www.abs.gov.au/statistics/microdata-tablebuilder/available-microdata-tablebuilder/australian-census-longitudinal-dataset/ACLD%202016_21%20detailed%20microdata.xlsx","2023-12-19","f8378ca88da84ca470ea25b7eb7de43a8de8e6f26a6dc2525596df855abfb1c6",FALSE,"external_classification_reference_only"
"madipge-acld16-d-person-16-21","ANC2P_FP_21","ACLD011","Female Parent Related Data","https://www.abs.gov.au/statistics/microdata-tablebuilder/available-microdata-tablebuilder/australian-census-longitudinal-dataset/ACLD%202016_21%20detailed%20microdata.xlsx","2023-12-19","f8378ca88da84ca470ea25b7eb7de43a8de8e6f26a6dc2525596df855abfb1c6",FALSE,"external_classification_reference_only"
"madipge-acld16-d-person-16-21","ANC2P_MP_16","ACLD009","Male Parent Related Data Items","https://www.abs.gov.au/statistics/microdata-tablebuilder/available-microdata-tablebuilder/australian-census-longitudinal-dataset/ACLD%202016_21%20detailed%20microdata.xlsx","2023-12-19","f8378ca88da84ca470ea25b7eb7de43a8de8e6f26a6dc2525596df855abfb1c6",FALSE,"external_classification_reference_only"
"madipge-acld16-d-person-16-21","ANC2P_MP_21","ACLD011","Male Parent Related Data Items","https://www.abs.gov.au/statistics/microdata-tablebuilder/available-microdata-tablebuilder/australian-census-longitudinal-dataset/ACLD%202016_21%20detailed%20microdata.xlsx","2023-12-19","f8378ca88da84ca470ea25b7eb7de43a8de8e6f26a6dc2525596df855abfb1c6",FALSE,"external_classification_reference_only"
"madipge-acld16-d-person-16-21","ANC2P_SP_16","ACLD009","Spouse or Partner Data Items","https://www.abs.gov.au/statistics/microdata-tablebuilder/available-microdata-tablebuilder/australian-census-longitudinal-dataset/ACLD%202016_21%20detailed%20microdata.xlsx","2023-12-19","f8378ca88da84ca470ea25b7eb7de43a8de8e6f26a6dc2525596df855abfb1c6",FALSE,"external_classification_reference_only"
"madipge-acld16-d-person-16-21","ANC2P_SP_21","ACLD011","Spouse or Partner Data Items","https://www.abs.gov.au/statistics/microdata-tablebuilder/available-microdata-tablebuilder/australian-census-longitudinal-dataset/ACLD%202016_21%20detailed%20microdata.xlsx","2023-12-19","f8378ca88da84ca470ea25b7eb7de43a8de8e6f26a6dc2525596df855abfb1c6",FALSE,"external_classification_reference_only"
"madipge-acld16-d-person-16-21","AOCF_P_16","ACLD012","Family Related Data Items","https://www.abs.gov.au/statistics/microdata-tablebuilder/available-microdata-tablebuilder/australian-census-longitudinal-dataset/ACLD%202016_21%20detailed%20microdata.xlsx","2023-12-19","f8378ca88da84ca470ea25b7eb7de43a8de8e6f26a6dc2525596df855abfb1c6",TRUE,""
"madipge-acld16-d-person-16-21","AOCF_P_21","ACLD012","Family Related Data Items","https://www.abs.gov.au/statistics/microdata-tablebuilder/available-microdata-tablebuilder/australian-census-longitudinal-dataset/ACLD%202016_21%20detailed%20microdata.xlsx","2023-12-19","f8378ca88da84ca470ea25b7eb7de43a8de8e6f26a6dc2525596df855abfb1c6",TRUE,""
"madipge-acld16-d-person-16-21","AOCF_S_P_16","ACLD013","Continuous Variables","https://www.abs.gov.au/statistics/microdata-tablebuilder/available-microdata-tablebuilder/australian-census-longitudinal-dataset/ACLD%202016_21%20detailed%20microdata.xlsx","2023-12-19","f8378ca88da84ca470ea25b7eb7de43a8de8e6f26a6dc2525596df855abfb1c6",TRUE,""
"madipge-acld16-d-person-16-21","AOCF_S_P_21","ACLD013","Continuous Variables","https://www.abs.gov.au/statistics/microdata-tablebuilder/available-microdata-tablebuilder/australian-census-longitudinal-dataset/ACLD%202016_21%20detailed%20microdata.xlsx","2023-12-19","f8378ca88da84ca470ea25b7eb7de43a8de8e6f26a6dc2525596df855abfb1c6",TRUE,""
"madipge-acld16-d-person-16-21","AOCH_P_16","ACLD014","Household Related Data Items","https://www.abs.gov.au/statistics/microdata-tablebuilder/available-microdata-tablebuilder/australian-census-longitudinal-dataset/ACLD%202016_21%20detailed%20microdata.xlsx","2023-12-19","f8378ca88da84ca470ea25b7eb7de43a8de8e6f26a6dc2525596df855abfb1c6",TRUE,""
"madipge-acld16-d-person-16-21","AOCH_P_21","ACLD014","Household Related Data Items","https://www.abs.gov.au/statistics/microdata-tablebuilder/available-microdata-tablebuilder/australian-census-longitudinal-dataset/ACLD%202016_21%20detailed%20microdata.xlsx","2023-12-19","f8378ca88da84ca470ea25b7eb7de43a8de8e6f26a6dc2525596df855abfb1c6",TRUE,""
"madipge-acld16-d-person-16-21","AOPASSNF_P_16","ACLD015","Family Related Data Items","https://www.abs.gov.au/statistics/microdata-tablebuilder/available-microdata-tablebuilder/australian-census-longitudinal-dataset/ACLD%202016_21%20detailed%20microdata.xlsx","2023-12-19","f8378ca88da84ca470ea25b7eb7de43a8de8e6f26a6dc2525596df855abfb1c6",TRUE,""
"madipge-acld16-d-person-16-21","AOPASSNF_P_21","ACLD015","Family Related Data Items","https://www.abs.gov.au/statistics/microdata-tablebuilder/available-microdata-tablebuilder/australian-census-longitudinal-dataset/ACLD%202016_21%20detailed%20microdata.xlsx","2023-12-19","f8378ca88da84ca470ea25b7eb7de43a8de8e6f26a6dc2525596df855abfb1c6",TRUE,""
"madipge-acld16-d-person-16-21","AOPASSNF_S_P_16","ACLD016","Continuous Variables","https://www.abs.gov.au/statistics/microdata-tablebuilder/available-microdata-tablebuilder/australian-census-longitudinal-dataset/ACLD%202016_21%20detailed%20microdata.xlsx","2023-12-19","f8378ca88da84ca470ea25b7eb7de43a8de8e6f26a6dc2525596df855abfb1c6",TRUE,""
"madipge-acld16-d-person-16-21","AOPASSNF_S_P_21","ACLD016","Continuous Variables","https://www.abs.gov.au/statistics/microdata-tablebuilder/available-microdata-tablebuilder/australian-census-longitudinal-dataset/ACLD%202016_21%20detailed%20microdata.xlsx","2023-12-19","f8378ca88da84ca470ea25b7eb7de43a8de8e6f26a6dc2525596df855abfb1c6",TRUE,""
"madipge-acld16-d-person-16-21","AOPF_P_16","ACLD006","Family Related Data Items","https://www.abs.gov.au/statistics/microdata-tablebuilder/available-microdata-tablebuilder/australian-census-longitudinal-dataset/ACLD%202016_21%20detailed%20microdata.xlsx","2023-12-19","f8378ca88da84ca470ea25b7eb7de43a8de8e6f26a6dc2525596df855abfb1c6",TRUE,""
"madipge-acld16-d-person-16-21","AOPF_P_21","ACLD006","Family Related Data Items","https://www.abs.gov.au/statistics/microdata-tablebuilder/available-microdata-tablebuilder/australian-census-longitudinal-dataset/ACLD%202016_21%20detailed%20microdata.xlsx","2023-12-19","f8378ca88da84ca470ea25b7eb7de43a8de8e6f26a6dc2525596df855abfb1c6",TRUE,""
"madipge-acld16-d-person-16-21","AOPF_S_P_16","ACLD016","Continuous Variables","https://www.abs.gov.au/statistics/microdata-tablebuilder/available-microdata-tablebuilder/australian-census-longitudinal-dataset/ACLD%202016_21%20detailed%20microdata.xlsx","2023-12-19","f8378ca88da84ca470ea25b7eb7de43a8de8e6f26a6dc2525596df855abfb1c6",TRUE,""
"madipge-acld16-d-person-16-21","AOPF_S_P_21","ACLD016","Continuous Variables","https://www.abs.gov.au/statistics/microdata-tablebuilder/available-microdata-tablebuilder/australian-census-longitudinal-dataset/ACLD%202016_21%20detailed%20microdata.xlsx","2023-12-19","f8378ca88da84ca470ea25b7eb7de43a8de8e6f26a6dc2525596df855abfb1c6",TRUE,""
"madipge-acld16-d-person-16-21","AOPH_P_16","ACLD006","Household Related Data Items","https://www.abs.gov.au/statistics/microdata-tablebuilder/available-microdata-tablebuilder/australian-census-longitudinal-dataset/ACLD%202016_21%20detailed%20microdata.xlsx","2023-12-19","f8378ca88da84ca470ea25b7eb7de43a8de8e6f26a6dc2525596df855abfb1c6",TRUE,""
"madipge-acld16-d-person-16-21","AOPH_P_21","ACLD006","Household Related Data Items","https://www.abs.gov.au/statistics/microdata-tablebuilder/available-microdata-tablebuilder/australian-census-longitudinal-dataset/ACLD%202016_21%20detailed%20microdata.xlsx","2023-12-19","f8378ca88da84ca470ea25b7eb7de43a8de8e6f26a6dc2525596df855abfb1c6",TRUE,""
"madipge-acld16-d-person-16-21","ASSNP_16","ACLD018","Person Related Data Items","https://www.abs.gov.au/statistics/microdata-tablebuilder/available-microdata-tablebuilder/australian-census-longitudinal-dataset/ACLD%202016_21%20detailed%20microdata.xlsx","2023-12-19","f8378ca88da84ca470ea25b7eb7de43a8de8e6f26a6dc2525596df855abfb1c6",TRUE,""
"madipge-acld16-d-person-16-21","ASSNP_21","ACLD018","Person Related Data Items","https://www.abs.gov.au/statistics/microdata-tablebuilder/available-microdata-tablebuilder/australian-census-longitudinal-dataset/ACLD%202016_21%20detailed%20microdata.xlsx","2023-12-19","f8378ca88da84ca470ea25b7eb7de43a8de8e6f26a6dc2525596df855abfb1c6",TRUE,""
"madipge-acld16-d-person-16-21","ASSNP_FP_16","ACLD019","Female Parent Related Data","https://www.abs.gov.au/statistics/microdata-tablebuilder/available-microdata-tablebuilder/australian-census-longitudinal-dataset/ACLD%202016_21%20detailed%20microdata.xlsx","2023-12-19","f8378ca88da84ca470ea25b7eb7de43a8de8e6f26a6dc2525596df855abfb1c6",TRUE,""
"madipge-acld16-d-person-16-21","ASSNP_FP_21","ACLD019","Female Parent Related Data","https://www.abs.gov.au/statistics/microdata-tablebuilder/available-microdata-tablebuilder/australian-census-longitudinal-dataset/ACLD%202016_21%20detailed%20microdata.xlsx","2023-12-19","f8378ca88da84ca470ea25b7eb7de43a8de8e6f26a6dc2525596df855abfb1c6",TRUE,""
"madipge-acld16-d-person-16-21","ASSNP_MP_16","ACLD019","Male Parent Related Data Items","https://www.abs.gov.au/statistics/microdata-tablebuilder/available-microdata-tablebuilder/australian-census-longitudinal-dataset/ACLD%202016_21%20detailed%20microdata.xlsx","2023-12-19","f8378ca88da84ca470ea25b7eb7de43a8de8e6f26a6dc2525596df855abfb1c6",TRUE,""
"madipge-acld16-d-person-16-21","ASSNP_MP_21","ACLD019","Male Parent Related Data Items","https://www.abs.gov.au/statistics/microdata-tablebuilder/available-microdata-tablebuilder/australian-census-longitudinal-dataset/ACLD%202016_21%20detailed%20microdata.xlsx","2023-12-19","f8378ca88da84ca470ea25b7eb7de43a8de8e6f26a6dc2525596df855abfb1c6",TRUE,""
"madipge-acld16-d-person-16-21","ASSNP_SP_16","ACLD019","Spouse or Partner Data Items","https://www.abs.gov.au/statistics/microdata-tablebuilder/available-microdata-tablebuilder/australian-census-longitudinal-dataset/ACLD%202016_21%20detailed%20microdata.xlsx","2023-12-19","f8378ca88da84ca470ea25b7eb7de43a8de8e6f26a6dc2525596df855abfb1c6",TRUE,""
"madipge-acld16-d-person-16-21","ASSNP_SP_21","ACLD019","Spouse or Partner Data Items","https://www.abs.gov.au/statistics/microdata-tablebuilder/available-microdata-tablebuilder/australian-census-longitudinal-dataset/ACLD%202016_21%20detailed%20microdata.xlsx","2023-12-19","f8378ca88da84ca470ea25b7eb7de43a8de8e6f26a6dc2525596df855abfb1c6",TRUE,""
"madipge-acld16-d-person-16-21","AYCF_P_16","ACLD012","Family Related Data Items","https://www.abs.gov.au/statistics/microdata-tablebuilder/available-microdata-tablebuilder/australian-census-longitudinal-dataset/ACLD%202016_21%20detailed%20microdata.xlsx","2023-12-19","f8378ca88da84ca470ea25b7eb7de43a8de8e6f26a6dc2525596df855abfb1c6",TRUE,""
"madipge-acld16-d-person-16-21","AYCF_P_21","ACLD012","Family Related Data Items","https://www.abs.gov.au/statistics/microdata-tablebuilder/available-microdata-tablebuilder/australian-census-longitudinal-dataset/ACLD%202016_21%20detailed%20microdata.xlsx","2023-12-19","f8378ca88da84ca470ea25b7eb7de43a8de8e6f26a6dc2525596df855abfb1c6",TRUE,""
"madipge-acld16-d-person-16-21","AYCF_S_P_16","ACLD013","Continuous Variables","https://www.abs.gov.au/statistics/microdata-tablebuilder/available-microdata-tablebuilder/australian-census-longitudinal-dataset/ACLD%202016_21%20detailed%20microdata.xlsx","2023-12-19","f8378ca88da84ca470ea25b7eb7de43a8de8e6f26a6dc2525596df855abfb1c6",TRUE,""
"madipge-acld16-d-person-16-21","AYCF_S_P_21","ACLD013","Continuous Variables","https://www.abs.gov.au/statistics/microdata-tablebuilder/available-microdata-tablebuilder/australian-census-longitudinal-dataset/ACLD%202016_21%20detailed%20microdata.xlsx","2023-12-19","f8378ca88da84ca470ea25b7eb7de43a8de8e6f26a6dc2525596df855abfb1c6",TRUE,""
"madipge-acld16-d-person-16-21","AYPASSNF_P_16","ACLD015","Family Related Data Items","https://www.abs.gov.au/statistics/microdata-tablebuilder/available-microdata-tablebuilder/australian-census-longitudinal-dataset/ACLD%202016_21%20detailed%20microdata.xlsx","2023-12-19","f8378ca88da84ca470ea25b7eb7de43a8de8e6f26a6dc2525596df855abfb1c6",TRUE,""
"madipge-acld16-d-person-16-21","AYPASSNF_P_21","ACLD015","Family Related Data Items","https://www.abs.gov.au/statistics/microdata-tablebuilder/available-microdata-tablebuilder/australian-census-longitudinal-dataset/ACLD%202016_21%20detailed%20microdata.xlsx","2023-12-19","f8378ca88da84ca470ea25b7eb7de43a8de8e6f26a6dc2525596df855abfb1c6",TRUE,""
"madipge-acld16-d-person-16-21","AYPASSNF_S_P_16","ACLD016","Continuous Variables","https://www.abs.gov.au/statistics/microdata-tablebuilder/available-microdata-tablebuilder/australian-census-longitudinal-dataset/ACLD%202016_21%20detailed%20microdata.xlsx","2023-12-19","f8378ca88da84ca470ea25b7eb7de43a8de8e6f26a6dc2525596df855abfb1c6",TRUE,""
"madipge-acld16-d-person-16-21","AYPASSNF_S_P_21","ACLD016","Continuous Variables","https://www.abs.gov.au/statistics/microdata-tablebuilder/available-microdata-tablebuilder/australian-census-longitudinal-dataset/ACLD%202016_21%20detailed%20microdata.xlsx","2023-12-19","f8378ca88da84ca470ea25b7eb7de43a8de8e6f26a6dc2525596df855abfb1c6",TRUE,""
"madipge-acld16-d-person-16-21","AYPF_P_16","ACLD020","Family Related Data Items","https://www.abs.gov.au/statistics/microdata-tablebuilder/available-microdata-tablebuilder/australian-census-longitudinal-dataset/ACLD%202016_21%20detailed%20microdata.xlsx","2023-12-19","f8378ca88da84ca470ea25b7eb7de43a8de8e6f26a6dc2525596df855abfb1c6",TRUE,""
"madipge-acld16-d-person-16-21","AYPF_P_21","ACLD020","Family Related Data Items","https://www.abs.gov.au/statistics/microdata-tablebuilder/available-microdata-tablebuilder/australian-census-longitudinal-dataset/ACLD%202016_21%20detailed%20microdata.xlsx","2023-12-19","f8378ca88da84ca470ea25b7eb7de43a8de8e6f26a6dc2525596df855abfb1c6",TRUE,""
"madipge-acld16-d-person-16-21","AYPF_S_P_16","ACLD016","Continuous Variables","https://www.abs.gov.au/statistics/microdata-tablebuilder/available-microdata-tablebuilder/australian-census-longitudinal-dataset/ACLD%202016_21%20detailed%20microdata.xlsx","2023-12-19","f8378ca88da84ca470ea25b7eb7de43a8de8e6f26a6dc2525596df855abfb1c6",TRUE,""
"madipge-acld16-d-person-16-21","AYPF_S_P_21","ACLD016","Continuous Variables","https://www.abs.gov.au/statistics/microdata-tablebuilder/available-microdata-tablebuilder/australian-census-longitudinal-dataset/ACLD%202016_21%20detailed%20microdata.xlsx","2023-12-19","f8378ca88da84ca470ea25b7eb7de43a8de8e6f26a6dc2525596df855abfb1c6",TRUE,""
"madipge-acld16-d-person-16-21","AYPH_P_16","ACLD020","Household Related Data Items","https://www.abs.gov.au/statistics/microdata-tablebuilder/available-microdata-tablebuilder/australian-census-longitudinal-dataset/ACLD%202016_21%20detailed%20microdata.xlsx","2023-12-19","f8378ca88da84ca470ea25b7eb7de43a8de8e6f26a6dc2525596df855abfb1c6",TRUE,""
"madipge-acld16-d-person-16-21","AYPH_P_21","ACLD020","Household Related Data Items","https://www.abs.gov.au/statistics/microdata-tablebuilder/available-microdata-tablebuilder/australian-census-longitudinal-dataset/ACLD%202016_21%20detailed%20microdata.xlsx","2023-12-19","f8378ca88da84ca470ea25b7eb7de43a8de8e6f26a6dc2525596df855abfb1c6",TRUE,""
"madipge-acld16-d-person-16-21","BEDRD_P_16","ACLD021","Dwelling Related Data Items","https://www.abs.gov.au/statistics/microdata-tablebuilder/available-microdata-tablebuilder/australian-census-longitudinal-dataset/ACLD%202016_21%20detailed%20microdata.xlsx","2023-12-19","f8378ca88da84ca470ea25b7eb7de43a8de8e6f26a6dc2525596df855abfb1c6",TRUE,""
"madipge-acld16-d-person-16-21","BEDRD_P_21","ACLD248","Dwelling Related Data Items","https://www.abs.gov.au/statistics/microdata-tablebuilder/available-microdata-tablebuilder/australian-census-longitudinal-dataset/ACLD%202016_21%20detailed%20microdata.xlsx","2023-12-19","f8378ca88da84ca470ea25b7eb7de43a8de8e6f26a6dc2525596df855abfb1c6",TRUE,""
"madipge-acld16-d-person-16-21","BPFP_16","ACLD022","Person Related Data Items","https://www.abs.gov.au/statistics/microdata-tablebuilder/available-microdata-tablebuilder/australian-census-longitudinal-dataset/ACLD%202016_21%20detailed%20microdata.xlsx","2023-12-19","f8378ca88da84ca470ea25b7eb7de43a8de8e6f26a6dc2525596df855abfb1c6",TRUE,""
"madipge-acld16-d-person-16-21","BPFP_21","ACLD022","Person Related Data Items","https://www.abs.gov.au/statistics/microdata-tablebuilder/available-microdata-tablebuilder/australian-census-longitudinal-dataset/ACLD%202016_21%20detailed%20microdata.xlsx","2023-12-19","f8378ca88da84ca470ea25b7eb7de43a8de8e6f26a6dc2525596df855abfb1c6",TRUE,""
"madipge-acld16-d-person-16-21","BPFPR_16","ACLD023","Person Related Data Items","https://www.abs.gov.au/statistics/microdata-tablebuilder/available-microdata-tablebuilder/australian-census-longitudinal-dataset/ACLD%202016_21%20detailed%20microdata.xlsx","2023-12-19","f8378ca88da84ca470ea25b7eb7de43a8de8e6f26a6dc2525596df855abfb1c6",FALSE,"external_classification_reference_only"
"madipge-acld16-d-person-16-21","BPFPR_21","ACLD024","Person Related Data Items","https://www.abs.gov.au/statistics/microdata-tablebuilder/available-microdata-tablebuilder/australian-census-longitudinal-dataset/ACLD%202016_21%20detailed%20microdata.xlsx","2023-12-19","f8378ca88da84ca470ea25b7eb7de43a8de8e6f26a6dc2525596df855abfb1c6",FALSE,"external_classification_reference_only"
"madipge-acld16-d-person-16-21","BPLH_P_16","ACLD025","Household Related Data Items","https://www.abs.gov.au/statistics/microdata-tablebuilder/available-microdata-tablebuilder/australian-census-longitudinal-dataset/ACLD%202016_21%20detailed%20microdata.xlsx","2023-12-19","f8378ca88da84ca470ea25b7eb7de43a8de8e6f26a6dc2525596df855abfb1c6",TRUE,""
"madipge-acld16-d-person-16-21","BPLH_P_21","ACLD025","Household Related Data Items","https://www.abs.gov.au/statistics/microdata-tablebuilder/available-microdata-tablebuilder/australian-census-longitudinal-dataset/ACLD%202016_21%20detailed%20microdata.xlsx","2023-12-19","f8378ca88da84ca470ea25b7eb7de43a8de8e6f26a6dc2525596df855abfb1c6",TRUE,""
"madipge-acld16-d-person-16-21","BPLP_16","ACLD027","Person Related Data Items","https://www.abs.gov.au/statistics/microdata-tablebuilder/available-microdata-tablebuilder/australian-census-longitudinal-dataset/ACLD%202016_21%20detailed%20microdata.xlsx","2023-12-19","f8378ca88da84ca470ea25b7eb7de43a8de8e6f26a6dc2525596df855abfb1c6",FALSE,"external_classification_reference_only"
"madipge-acld16-d-person-16-21","BPLP_21","ACLD028","Person Related Data Items","https://www.abs.gov.au/statistics/microdata-tablebuilder/available-microdata-tablebuilder/australian-census-longitudinal-dataset/ACLD%202016_21%20detailed%20microdata.xlsx","2023-12-19","f8378ca88da84ca470ea25b7eb7de43a8de8e6f26a6dc2525596df855abfb1c6",FALSE,"external_classification_reference_only"
"madipge-acld16-d-person-16-21","BPLP_FP_16","ACLD027","Female Parent Related Data","https://www.abs.gov.au/statistics/microdata-tablebuilder/available-microdata-tablebuilder/australian-census-longitudinal-dataset/ACLD%202016_21%20detailed%20microdata.xlsx","2023-12-19","f8378ca88da84ca470ea25b7eb7de43a8de8e6f26a6dc2525596df855abfb1c6",FALSE,"external_classification_reference_only"
"madipge-acld16-d-person-16-21","BPLP_FP_21","ACLD028","Female Parent Related Data","https://www.abs.gov.au/statistics/microdata-tablebuilder/available-microdata-tablebuilder/australian-census-longitudinal-dataset/ACLD%202016_21%20detailed%20microdata.xlsx","2023-12-19","f8378ca88da84ca470ea25b7eb7de43a8de8e6f26a6dc2525596df855abfb1c6",FALSE,"external_classification_reference_only"
"madipge-acld16-d-person-16-21","BPLP_MP_16","ACLD027","Male Parent Related Data Items","https://www.abs.gov.au/statistics/microdata-tablebuilder/available-microdata-tablebuilder/australian-census-longitudinal-dataset/ACLD%202016_21%20detailed%20microdata.xlsx","2023-12-19","f8378ca88da84ca470ea25b7eb7de43a8de8e6f26a6dc2525596df855abfb1c6",FALSE,"external_classification_reference_only"
"madipge-acld16-d-person-16-21","BPLP_MP_21","ACLD028","Male Parent Related Data Items","https://www.abs.gov.au/statistics/microdata-tablebuilder/available-microdata-tablebuilder/australian-census-longitudinal-dataset/ACLD%202016_21%20detailed%20microdata.xlsx","2023-12-19","f8378ca88da84ca470ea25b7eb7de43a8de8e6f26a6dc2525596df855abfb1c6",FALSE,"external_classification_reference_only"
"madipge-acld16-d-person-16-21","BPLP_SP_16","ACLD027","Spouse or Partner Data Items","https://www.abs.gov.au/statistics/microdata-tablebuilder/available-microdata-tablebuilder/australian-census-longitudinal-dataset/ACLD%202016_21%20detailed%20microdata.xlsx","2023-12-19","f8378ca88da84ca470ea25b7eb7de43a8de8e6f26a6dc2525596df855abfb1c6",FALSE,"external_classification_reference_only"
"madipge-acld16-d-person-16-21","BPLP_SP_21","ACLD028","Spouse or Partner Data Items","https://www.abs.gov.au/statistics/microdata-tablebuilder/available-microdata-tablebuilder/australian-census-longitudinal-dataset/ACLD%202016_21%20detailed%20microdata.xlsx","2023-12-19","f8378ca88da84ca470ea25b7eb7de43a8de8e6f26a6dc2525596df855abfb1c6",FALSE,"external_classification_reference_only"
"madipge-acld16-d-person-16-21","BPMP_16","ACLD022","Person Related Data Items","https://www.abs.gov.au/statistics/microdata-tablebuilder/available-microdata-tablebuilder/australian-census-longitudinal-dataset/ACLD%202016_21%20detailed%20microdata.xlsx","2023-12-19","f8378ca88da84ca470ea25b7eb7de43a8de8e6f26a6dc2525596df855abfb1c6",TRUE,""
"madipge-acld16-d-person-16-21","BPMP_21","ACLD022","Person Related Data Items","https://www.abs.gov.au/statistics/microdata-tablebuilder/available-microdata-tablebuilder/australian-census-longitudinal-dataset/ACLD%202016_21%20detailed%20microdata.xlsx","2023-12-19","f8378ca88da84ca470ea25b7eb7de43a8de8e6f26a6dc2525596df855abfb1c6",TRUE,""
"madipge-acld16-d-person-16-21","BPMPR_16","ACLD029","Person Related Data Items","https://www.abs.gov.au/statistics/microdata-tablebuilder/available-microdata-tablebuilder/australian-census-longitudinal-dataset/ACLD%202016_21%20detailed%20microdata.xlsx","2023-12-19","f8378ca88da84ca470ea25b7eb7de43a8de8e6f26a6dc2525596df855abfb1c6",FALSE,"external_classification_reference_only"
"madipge-acld16-d-person-16-21","BPMPR_21","ACLD030","Person Related Data Items","https://www.abs.gov.au/statistics/microdata-tablebuilder/available-microdata-tablebuilder/australian-census-longitudinal-dataset/ACLD%202016_21%20detailed%20microdata.xlsx","2023-12-19","f8378ca88da84ca470ea25b7eb7de43a8de8e6f26a6dc2525596df855abfb1c6",FALSE,"external_classification_reference_only"
"madipge-acld16-d-person-16-21","CACF_P_16","ACLD031","Family Related Data Items","https://www.abs.gov.au/statistics/microdata-tablebuilder/available-microdata-tablebuilder/australian-census-longitudinal-dataset/ACLD%202016_21%20detailed%20microdata.xlsx","2023-12-19","f8378ca88da84ca470ea25b7eb7de43a8de8e6f26a6dc2525596df855abfb1c6",TRUE,""
"madipge-acld16-d-person-16-21","CACF_P_21","ACLD032","Family Related Data Items","https://www.abs.gov.au/statistics/microdata-tablebuilder/available-microdata-tablebuilder/australian-census-longitudinal-dataset/ACLD%202016_21%20detailed%20microdata.xlsx","2023-12-19","f8378ca88da84ca470ea25b7eb7de43a8de8e6f26a6dc2525596df855abfb1c6",TRUE,""
"madipge-acld16-d-person-16-21","CASSNF_P_16","ACLD033","Family Related Data Items","https://www.abs.gov.au/statistics/microdata-tablebuilder/available-microdata-tablebuilder/australian-census-longitudinal-dataset/ACLD%202016_21%20detailed%20microdata.xlsx","2023-12-19","f8378ca88da84ca470ea25b7eb7de43a8de8e6f26a6dc2525596df855abfb1c6",TRUE,""
"madipge-acld16-d-person-16-21","CASSNF_P_21","ACLD033","Family Related Data Items","https://www.abs.gov.au/statistics/microdata-tablebuilder/available-microdata-tablebuilder/australian-census-longitudinal-dataset/ACLD%202016_21%20detailed%20microdata.xlsx","2023-12-19","f8378ca88da84ca470ea25b7eb7de43a8de8e6f26a6dc2525596df855abfb1c6",TRUE,""
"madipge-acld16-d-person-16-21","CASSNH_P_16","ACLD034","Household Related Data Items","https://www.abs.gov.au/statistics/microdata-tablebuilder/available-microdata-tablebuilder/australian-census-longitudinal-dataset/ACLD%202016_21%20detailed%20microdata.xlsx","2023-12-19","f8378ca88da84ca470ea25b7eb7de43a8de8e6f26a6dc2525596df855abfb1c6",TRUE,""
"madipge-acld16-d-person-16-21","CASSNH_P_21","ACLD034","Household Related Data Items","https://www.abs.gov.au/statistics/microdata-tablebuilder/available-microdata-tablebuilder/australian-census-longitudinal-dataset/ACLD%202016_21%20detailed%20microdata.xlsx","2023-12-19","f8378ca88da84ca470ea25b7eb7de43a8de8e6f26a6dc2525596df855abfb1c6",TRUE,""
"madipge-acld16-d-person-16-21","CDC05H_P_16","ACLD035","Household Related Data Items","https://www.abs.gov.au/statistics/microdata-tablebuilder/available-microdata-tablebuilder/australian-census-longitudinal-dataset/ACLD%202016_21%20detailed%20microdata.xlsx","2023-12-19","f8378ca88da84ca470ea25b7eb7de43a8de8e6f26a6dc2525596df855abfb1c6",TRUE,""
"madipge-acld16-d-person-16-21","CDC05H_P_21","ACLD035","Household Related Data Items","https://www.abs.gov.au/statistics/microdata-tablebuilder/available-microdata-tablebuilder/australian-census-longitudinal-dataset/ACLD%202016_21%20detailed%20microdata.xlsx","2023-12-19","f8378ca88da84ca470ea25b7eb7de43a8de8e6f26a6dc2525596df855abfb1c6",TRUE,""
"madipge-acld16-d-person-16-21","CDC0F_P_16","ACLD036","Family Related Data Items","https://www.abs.gov.au/statistics/microdata-tablebuilder/available-microdata-tablebuilder/australian-census-longitudinal-dataset/ACLD%202016_21%20detailed%20microdata.xlsx","2023-12-19","f8378ca88da84ca470ea25b7eb7de43a8de8e6f26a6dc2525596df855abfb1c6",TRUE,""
"madipge-acld16-d-person-16-21","CDC0F_P_21","ACLD036","Family Related Data Items","https://www.abs.gov.au/statistics/microdata-tablebuilder/available-microdata-tablebuilder/australian-census-longitudinal-dataset/ACLD%202016_21%20detailed%20microdata.xlsx","2023-12-19","f8378ca88da84ca470ea25b7eb7de43a8de8e6f26a6dc2525596df855abfb1c6",TRUE,""
"madipge-acld16-d-person-16-21","CDC0H_P_16","ACLD037","Household Related Data Items","https://www.abs.gov.au/statistics/microdata-tablebuilder/available-microdata-tablebuilder/australian-census-longitudinal-dataset/ACLD%202016_21%20detailed%20microdata.xlsx","2023-12-19","f8378ca88da84ca470ea25b7eb7de43a8de8e6f26a6dc2525596df855abfb1c6",TRUE,""
"madipge-acld16-d-person-16-21","CDC0H_P_21","ACLD037","Household Related Data Items","https://www.abs.gov.au/statistics/microdata-tablebuilder/available-microdata-tablebuilder/australian-census-longitudinal-dataset/ACLD%202016_21%20detailed%20microdata.xlsx","2023-12-19","f8378ca88da84ca470ea25b7eb7de43a8de8e6f26a6dc2525596df855abfb1c6",TRUE,""
"madipge-acld16-d-person-16-21","CDC10F_P_16","ACLD038","Family Related Data Items","https://www.abs.gov.au/statistics/microdata-tablebuilder/available-microdata-tablebuilder/australian-census-longitudinal-dataset/ACLD%202016_21%20detailed%20microdata.xlsx","2023-12-19","f8378ca88da84ca470ea25b7eb7de43a8de8e6f26a6dc2525596df855abfb1c6",TRUE,""
"madipge-acld16-d-person-16-21","CDC10F_P_21","ACLD038","Family Related Data Items","https://www.abs.gov.au/statistics/microdata-tablebuilder/available-microdata-tablebuilder/australian-census-longitudinal-dataset/ACLD%202016_21%20detailed%20microdata.xlsx","2023-12-19","f8378ca88da84ca470ea25b7eb7de43a8de8e6f26a6dc2525596df855abfb1c6",TRUE,""
"madipge-acld16-d-person-16-21","CDC10H_P_16","ACLD039","Household Related Data Items","https://www.abs.gov.au/statistics/microdata-tablebuilder/available-microdata-tablebuilder/australian-census-longitudinal-dataset/ACLD%202016_21%20detailed%20microdata.xlsx","2023-12-19","f8378ca88da84ca470ea25b7eb7de43a8de8e6f26a6dc2525596df855abfb1c6",TRUE,""
"madipge-acld16-d-person-16-21","CDC10H_P_21","ACLD039","Household Related Data Items","https://www.abs.gov.au/statistics/microdata-tablebuilder/available-microdata-tablebuilder/australian-census-longitudinal-dataset/ACLD%202016_21%20detailed%20microdata.xlsx","2023-12-19","f8378ca88da84ca470ea25b7eb7de43a8de8e6f26a6dc2525596df855abfb1c6",TRUE,""
"madipge-acld16-d-person-16-21","CDC13F_P_16","ACLD040","Family Related Data Items","https://www.abs.gov.au/statistics/microdata-tablebuilder/available-microdata-tablebuilder/australian-census-longitudinal-dataset/ACLD%202016_21%20detailed%20microdata.xlsx","2023-12-19","f8378ca88da84ca470ea25b7eb7de43a8de8e6f26a6dc2525596df855abfb1c6",TRUE,""
"madipge-acld16-d-person-16-21","CDC13F_P_21","ACLD040","Family Related Data Items","https://www.abs.gov.au/statistics/microdata-tablebuilder/available-microdata-tablebuilder/australian-census-longitudinal-dataset/ACLD%202016_21%20detailed%20microdata.xlsx","2023-12-19","f8378ca88da84ca470ea25b7eb7de43a8de8e6f26a6dc2525596df855abfb1c6",TRUE,""
"madipge-acld16-d-person-16-21","CDC13H_P_16","ACLD041","Household Related Data Items","https://www.abs.gov.au/statistics/microdata-tablebuilder/available-microdata-tablebuilder/australian-census-longitudinal-dataset/ACLD%202016_21%20detailed%20microdata.xlsx","2023-12-19","f8378ca88da84ca470ea25b7eb7de43a8de8e6f26a6dc2525596df855abfb1c6",TRUE,""
"madipge-acld16-d-person-16-21","CDC13H_P_21","ACLD041","Household Related Data Items","https://www.abs.gov.au/statistics/microdata-tablebuilder/available-microdata-tablebuilder/australian-census-longitudinal-dataset/ACLD%202016_21%20detailed%20microdata.xlsx","2023-12-19","f8378ca88da84ca470ea25b7eb7de43a8de8e6f26a6dc2525596df855abfb1c6",TRUE,""
"madipge-acld16-d-person-16-21","CDC5F_P_16","ACLD042","Family Related Data Items","https://www.abs.gov.au/statistics/microdata-tablebuilder/available-microdata-tablebuilder/australian-census-longitudinal-dataset/ACLD%202016_21%20detailed%20microdata.xlsx","2023-12-19","f8378ca88da84ca470ea25b7eb7de43a8de8e6f26a6dc2525596df855abfb1c6",TRUE,""
"madipge-acld16-d-person-16-21","CDC5F_P_21","ACLD042","Family Related Data Items","https://www.abs.gov.au/statistics/microdata-tablebuilder/available-microdata-tablebuilder/australian-census-longitudinal-dataset/ACLD%202016_21%20detailed%20microdata.xlsx","2023-12-19","f8378ca88da84ca470ea25b7eb7de43a8de8e6f26a6dc2525596df855abfb1c6",TRUE,""
"madipge-acld16-d-person-16-21","CDCF_P_16","ACLD043","Family Related Data Items","https://www.abs.gov.au/statistics/microdata-tablebuilder/available-microdata-tablebuilder/australian-census-longitudinal-dataset/ACLD%202016_21%20detailed%20microdata.xlsx","2023-12-19","f8378ca88da84ca470ea25b7eb7de43a8de8e6f26a6dc2525596df855abfb1c6",TRUE,""
"madipge-acld16-d-person-16-21","CDCF_P_21","ACLD043","Family Related Data Items","https://www.abs.gov.au/statistics/microdata-tablebuilder/available-microdata-tablebuilder/australian-census-longitudinal-dataset/ACLD%202016_21%20detailed%20microdata.xlsx","2023-12-19","f8378ca88da84ca470ea25b7eb7de43a8de8e6f26a6dc2525596df855abfb1c6",TRUE,""
"madipge-acld16-d-person-16-21","CDSF_P_16","ACLD044","Family Related Data Items","https://www.abs.gov.au/statistics/microdata-tablebuilder/available-microdata-tablebuilder/australian-census-longitudinal-dataset/ACLD%202016_21%20detailed%20microdata.xlsx","2023-12-19","f8378ca88da84ca470ea25b7eb7de43a8de8e6f26a6dc2525596df855abfb1c6",TRUE,""
"madipge-acld16-d-person-16-21","CDSF_P_21","ACLD044","Family Related Data Items","https://www.abs.gov.au/statistics/microdata-tablebuilder/available-microdata-tablebuilder/australian-census-longitudinal-dataset/ACLD%202016_21%20detailed%20microdata.xlsx","2023-12-19","f8378ca88da84ca470ea25b7eb7de43a8de8e6f26a6dc2525596df855abfb1c6",TRUE,""
"madipge-acld16-d-person-16-21","CDSH_P_16","ACLD044","Household Related Data Items","https://www.abs.gov.au/statistics/microdata-tablebuilder/available-microdata-tablebuilder/australian-census-longitudinal-dataset/ACLD%202016_21%20detailed%20microdata.xlsx","2023-12-19","f8378ca88da84ca470ea25b7eb7de43a8de8e6f26a6dc2525596df855abfb1c6",TRUE,""
"madipge-acld16-d-person-16-21","CDSH_P_21","ACLD044","Household Related Data Items","https://www.abs.gov.au/statistics/microdata-tablebuilder/available-microdata-tablebuilder/australian-census-longitudinal-dataset/ACLD%202016_21%20detailed%20microdata.xlsx","2023-12-19","f8378ca88da84ca470ea25b7eb7de43a8de8e6f26a6dc2525596df855abfb1c6",TRUE,""
"madipge-acld16-d-person-16-21","CFAGEP_16_21","ACLD045","Quality Indicators","https://www.abs.gov.au/statistics/microdata-tablebuilder/available-microdata-tablebuilder/australian-census-longitudinal-dataset/ACLD%202016_21%20detailed%20microdata.xlsx","2023-12-19","f8378ca88da84ca470ea25b7eb7de43a8de8e6f26a6dc2525596df855abfb1c6",TRUE,""
"madipge-acld16-d-person-16-21","CFBPFP_16_21","ACLD046","Quality Indicators","https://www.abs.gov.au/statistics/microdata-tablebuilder/available-microdata-tablebuilder/australian-census-longitudinal-dataset/ACLD%202016_21%20detailed%20microdata.xlsx","2023-12-19","f8378ca88da84ca470ea25b7eb7de43a8de8e6f26a6dc2525596df855abfb1c6",TRUE,""
"madipge-acld16-d-person-16-21","CFBPLP_16_21","ACLD047","Quality Indicators","https://www.abs.gov.au/statistics/microdata-tablebuilder/available-microdata-tablebuilder/australian-census-longitudinal-dataset/ACLD%202016_21%20detailed%20microdata.xlsx","2023-12-19","f8378ca88da84ca470ea25b7eb7de43a8de8e6f26a6dc2525596df855abfb1c6",TRUE,""
"madipge-acld16-d-person-16-21","CFBPMP_16_21","ACLD048","Quality Indicators","https://www.abs.gov.au/statistics/microdata-tablebuilder/available-microdata-tablebuilder/australian-census-longitudinal-dataset/ACLD%202016_21%20detailed%20microdata.xlsx","2023-12-19","f8378ca88da84ca470ea25b7eb7de43a8de8e6f26a6dc2525596df855abfb1c6",TRUE,""
"madipge-acld16-d-person-16-21","CFBPSP_16_21","ACLD049","Quality Indicators","https://www.abs.gov.au/statistics/microdata-tablebuilder/available-microdata-tablebuilder/australian-census-longitudinal-dataset/ACLD%202016_21%20detailed%20microdata.xlsx","2023-12-19","f8378ca88da84ca470ea25b7eb7de43a8de8e6f26a6dc2525596df855abfb1c6",TRUE,""
"madipge-acld16-d-person-16-21","CFHSCP_16_21","ACLD050","Quality Indicators","https://www.abs.gov.au/statistics/microdata-tablebuilder/available-microdata-tablebuilder/australian-census-longitudinal-dataset/ACLD%202016_21%20detailed%20microdata.xlsx","2023-12-19","f8378ca88da84ca470ea25b7eb7de43a8de8e6f26a6dc2525596df855abfb1c6",TRUE,""
"madipge-acld16-d-person-16-21","CFINGP_16_21","ACLD051","Quality Indicators","https://www.abs.gov.au/statistics/microdata-tablebuilder/available-microdata-tablebuilder/australian-census-longitudinal-dataset/ACLD%202016_21%20detailed%20microdata.xlsx","2023-12-19","f8378ca88da84ca470ea25b7eb7de43a8de8e6f26a6dc2525596df855abfb1c6",TRUE,""
"madipge-acld16-d-person-16-21","CFMSTP_16_21","ACLD052","Quality Indicators","https://www.abs.gov.au/statistics/microdata-tablebuilder/available-microdata-tablebuilder/australian-census-longitudinal-dataset/ACLD%202016_21%20detailed%20microdata.xlsx","2023-12-19","f8378ca88da84ca470ea25b7eb7de43a8de8e6f26a6dc2525596df855abfb1c6",TRUE,""
"madipge-acld16-d-person-16-21","CFQALLP_16_21","ACLD053","Quality Indicators","https://www.abs.gov.au/statistics/microdata-tablebuilder/available-microdata-tablebuilder/australian-census-longitudinal-dataset/ACLD%202016_21%20detailed%20microdata.xlsx","2023-12-19","f8378ca88da84ca470ea25b7eb7de43a8de8e6f26a6dc2525596df855abfb1c6",TRUE,""
"madipge-acld16-d-person-16-21","CFSEXP_16_21","ACLD054","Quality Indicators","https://www.abs.gov.au/statistics/microdata-tablebuilder/available-microdata-tablebuilder/australian-census-longitudinal-dataset/ACLD%202016_21%20detailed%20microdata.xlsx","2023-12-19","f8378ca88da84ca470ea25b7eb7de43a8de8e6f26a6dc2525596df855abfb1c6",TRUE,""
"madipge-acld16-d-person-16-21","CFTISP_16_21","ACLD055","Quality Indicators","https://www.abs.gov.au/statistics/microdata-tablebuilder/available-microdata-tablebuilder/australian-census-longitudinal-dataset/ACLD%202016_21%20detailed%20microdata.xlsx","2023-12-19","f8378ca88da84ca470ea25b7eb7de43a8de8e6f26a6dc2525596df855abfb1c6",TRUE,""
"madipge-acld16-d-person-16-21","CFYARP_16_21","ACLD056","Quality Indicators","https://www.abs.gov.au/statistics/microdata-tablebuilder/available-microdata-tablebuilder/australian-census-longitudinal-dataset/ACLD%202016_21%20detailed%20microdata.xlsx","2023-12-19","f8378ca88da84ca470ea25b7eb7de43a8de8e6f26a6dc2525596df855abfb1c6",TRUE,""
"madipge-acld16-d-person-16-21","CHCAREP_16","ACLD057","Person Related Data Items","https://www.abs.gov.au/statistics/microdata-tablebuilder/available-microdata-tablebuilder/australian-census-longitudinal-dataset/ACLD%202016_21%20detailed%20microdata.xlsx","2023-12-19","f8378ca88da84ca470ea25b7eb7de43a8de8e6f26a6dc2525596df855abfb1c6",TRUE,""
"madipge-acld16-d-person-16-21","CHCAREP_21","ACLD057","Person Related Data Items","https://www.abs.gov.au/statistics/microdata-tablebuilder/available-microdata-tablebuilder/australian-census-longitudinal-dataset/ACLD%202016_21%20detailed%20microdata.xlsx","2023-12-19","f8378ca88da84ca470ea25b7eb7de43a8de8e6f26a6dc2525596df855abfb1c6",TRUE,""
"madipge-acld16-d-person-16-21","CHCAREP_FP_16","ACLD057","Female Parent Related Data","https://www.abs.gov.au/statistics/microdata-tablebuilder/available-microdata-tablebuilder/australian-census-longitudinal-dataset/ACLD%202016_21%20detailed%20microdata.xlsx","2023-12-19","f8378ca88da84ca470ea25b7eb7de43a8de8e6f26a6dc2525596df855abfb1c6",TRUE,""
"madipge-acld16-d-person-16-21","CHCAREP_FP_21","ACLD057","Female Parent Related Data","https://www.abs.gov.au/statistics/microdata-tablebuilder/available-microdata-tablebuilder/australian-census-longitudinal-dataset/ACLD%202016_21%20detailed%20microdata.xlsx","2023-12-19","f8378ca88da84ca470ea25b7eb7de43a8de8e6f26a6dc2525596df855abfb1c6",TRUE,""
"madipge-acld16-d-person-16-21","CHCAREP_MP_16","ACLD057","Male Parent Related Data Items","https://www.abs.gov.au/statistics/microdata-tablebuilder/available-microdata-tablebuilder/australian-census-longitudinal-dataset/ACLD%202016_21%20detailed%20microdata.xlsx","2023-12-19","f8378ca88da84ca470ea25b7eb7de43a8de8e6f26a6dc2525596df855abfb1c6",TRUE,""
"madipge-acld16-d-person-16-21","CHCAREP_MP_21","ACLD057","Male Parent Related Data Items","https://www.abs.gov.au/statistics/microdata-tablebuilder/available-microdata-tablebuilder/australian-census-longitudinal-dataset/ACLD%202016_21%20detailed%20microdata.xlsx","2023-12-19","f8378ca88da84ca470ea25b7eb7de43a8de8e6f26a6dc2525596df855abfb1c6",TRUE,""
"madipge-acld16-d-person-16-21","CHCAREP_SP_16","ACLD057","Spouse or Partner Data Items","https://www.abs.gov.au/statistics/microdata-tablebuilder/available-microdata-tablebuilder/australian-census-longitudinal-dataset/ACLD%202016_21%20detailed%20microdata.xlsx","2023-12-19","f8378ca88da84ca470ea25b7eb7de43a8de8e6f26a6dc2525596df855abfb1c6",TRUE,""
"madipge-acld16-d-person-16-21","CHCAREP_SP_21","ACLD057","Spouse or Partner Data Items","https://www.abs.gov.au/statistics/microdata-tablebuilder/available-microdata-tablebuilder/australian-census-longitudinal-dataset/ACLD%202016_21%20detailed%20microdata.xlsx","2023-12-19","f8378ca88da84ca470ea25b7eb7de43a8de8e6f26a6dc2525596df855abfb1c6",TRUE,""
"madipge-acld16-d-person-16-21","CITP_16","ACLD058","Person Related Data Items","https://www.abs.gov.au/statistics/microdata-tablebuilder/available-microdata-tablebuilder/australian-census-longitudinal-dataset/ACLD%202016_21%20detailed%20microdata.xlsx","2023-12-19","f8378ca88da84ca470ea25b7eb7de43a8de8e6f26a6dc2525596df855abfb1c6",TRUE,""
"madipge-acld16-d-person-16-21","CITP_21","ACLD058","Person Related Data Items","https://www.abs.gov.au/statistics/microdata-tablebuilder/available-microdata-tablebuilder/australian-census-longitudinal-dataset/ACLD%202016_21%20detailed%20microdata.xlsx","2023-12-19","f8378ca88da84ca470ea25b7eb7de43a8de8e6f26a6dc2525596df855abfb1c6",TRUE,""
"madipge-acld16-d-person-16-21","CITP_FP_16","ACLD059","Female Parent Related Data","https://www.abs.gov.au/statistics/microdata-tablebuilder/available-microdata-tablebuilder/australian-census-longitudinal-dataset/ACLD%202016_21%20detailed%20microdata.xlsx","2023-12-19","f8378ca88da84ca470ea25b7eb7de43a8de8e6f26a6dc2525596df855abfb1c6",TRUE,""
"madipge-acld16-d-person-16-21","CITP_FP_21","ACLD059","Female Parent Related Data","https://www.abs.gov.au/statistics/microdata-tablebuilder/available-microdata-tablebuilder/australian-census-longitudinal-dataset/ACLD%202016_21%20detailed%20microdata.xlsx","2023-12-19","f8378ca88da84ca470ea25b7eb7de43a8de8e6f26a6dc2525596df855abfb1c6",TRUE,""
"madipge-acld16-d-person-16-21","CITP_MP_16","ACLD059","Male Parent Related Data Items","https://www.abs.gov.au/statistics/microdata-tablebuilder/available-microdata-tablebuilder/australian-census-longitudinal-dataset/ACLD%202016_21%20detailed%20microdata.xlsx","2023-12-19","f8378ca88da84ca470ea25b7eb7de43a8de8e6f26a6dc2525596df855abfb1c6",TRUE,""
"madipge-acld16-d-person-16-21","CITP_MP_21","ACLD059","Male Parent Related Data Items","https://www.abs.gov.au/statistics/microdata-tablebuilder/available-microdata-tablebuilder/australian-census-longitudinal-dataset/ACLD%202016_21%20detailed%20microdata.xlsx","2023-12-19","f8378ca88da84ca470ea25b7eb7de43a8de8e6f26a6dc2525596df855abfb1c6",TRUE,""
"madipge-acld16-d-person-16-21","CITP_SP_16","ACLD059","Spouse or Partner Data Items","https://www.abs.gov.au/statistics/microdata-tablebuilder/available-microdata-tablebuilder/australian-census-longitudinal-dataset/ACLD%202016_21%20detailed%20microdata.xlsx","2023-12-19","f8378ca88da84ca470ea25b7eb7de43a8de8e6f26a6dc2525596df855abfb1c6",TRUE,""
"madipge-acld16-d-person-16-21","CITP_SP_21","ACLD059","Spouse or Partner Data Items","https://www.abs.gov.au/statistics/microdata-tablebuilder/available-microdata-tablebuilder/australian-census-longitudinal-dataset/ACLD%202016_21%20detailed%20microdata.xlsx","2023-12-19","f8378ca88da84ca470ea25b7eb7de43a8de8e6f26a6dc2525596df855abfb1c6",TRUE,""
"madipge-acld16-d-person-16-21","CLFEF_P_16","ACLD060","Family Related Data Items","https://www.abs.gov.au/statistics/microdata-tablebuilder/available-microdata-tablebuilder/australian-census-longitudinal-dataset/ACLD%202016_21%20detailed%20microdata.xlsx","2023-12-19","f8378ca88da84ca470ea25b7eb7de43a8de8e6f26a6dc2525596df855abfb1c6",TRUE,""
"madipge-acld16-d-person-16-21","CLFEF_P_21","ACLD060","Family Related Data Items","https://www.abs.gov.au/statistics/microdata-tablebuilder/available-microdata-tablebuilder/australian-census-longitudinal-dataset/ACLD%202016_21%20detailed%20microdata.xlsx","2023-12-19","f8378ca88da84ca470ea25b7eb7de43a8de8e6f26a6dc2525596df855abfb1c6",TRUE,""
"madipge-acld16-d-person-16-21","CLFEH_P_16","ACLD061","Household Related Data Items","https://www.abs.gov.au/statistics/microdata-tablebuilder/available-microdata-tablebuilder/australian-census-longitudinal-dataset/ACLD%202016_21%20detailed%20microdata.xlsx","2023-12-19","f8378ca88da84ca470ea25b7eb7de43a8de8e6f26a6dc2525596df855abfb1c6",TRUE,""
"madipge-acld16-d-person-16-21","CLFEH_P_21","ACLD061","Household Related Data Items","https://www.abs.gov.au/statistics/microdata-tablebuilder/available-microdata-tablebuilder/australian-census-longitudinal-dataset/ACLD%202016_21%20detailed%20microdata.xlsx","2023-12-19","f8378ca88da84ca470ea25b7eb7de43a8de8e6f26a6dc2525596df855abfb1c6",TRUE,""
"madipge-acld16-d-person-16-21","CLFNF_P_16","ACLD062","Family Related Data Items","https://www.abs.gov.au/statistics/microdata-tablebuilder/available-microdata-tablebuilder/australian-census-longitudinal-dataset/ACLD%202016_21%20detailed%20microdata.xlsx","2023-12-19","f8378ca88da84ca470ea25b7eb7de43a8de8e6f26a6dc2525596df855abfb1c6",TRUE,""
"madipge-acld16-d-person-16-21","CLFNF_P_21","ACLD062","Family Related Data Items","https://www.abs.gov.au/statistics/microdata-tablebuilder/available-microdata-tablebuilder/australian-census-longitudinal-dataset/ACLD%202016_21%20detailed%20microdata.xlsx","2023-12-19","f8378ca88da84ca470ea25b7eb7de43a8de8e6f26a6dc2525596df855abfb1c6",TRUE,""
"madipge-acld16-d-person-16-21","CLFNH_P_16","ACLD063","Household Related Data Items","https://www.abs.gov.au/statistics/microdata-tablebuilder/available-microdata-tablebuilder/australian-census-longitudinal-dataset/ACLD%202016_21%20detailed%20microdata.xlsx","2023-12-19","f8378ca88da84ca470ea25b7eb7de43a8de8e6f26a6dc2525596df855abfb1c6",TRUE,""
"madipge-acld16-d-person-16-21","CLFNH_P_21","ACLD063","Household Related Data Items","https://www.abs.gov.au/statistics/microdata-tablebuilder/available-microdata-tablebuilder/australian-census-longitudinal-dataset/ACLD%202016_21%20detailed%20microdata.xlsx","2023-12-19","f8378ca88da84ca470ea25b7eb7de43a8de8e6f26a6dc2525596df855abfb1c6",TRUE,""
"madipge-acld16-d-person-16-21","CLFUF_P_16","ACLD064","Family Related Data Items","https://www.abs.gov.au/statistics/microdata-tablebuilder/available-microdata-tablebuilder/australian-census-longitudinal-dataset/ACLD%202016_21%20detailed%20microdata.xlsx","2023-12-19","f8378ca88da84ca470ea25b7eb7de43a8de8e6f26a6dc2525596df855abfb1c6",TRUE,""
"madipge-acld16-d-person-16-21","CLFUF_P_21","ACLD064","Family Related Data Items","https://www.abs.gov.au/statistics/microdata-tablebuilder/available-microdata-tablebuilder/australian-census-longitudinal-dataset/ACLD%202016_21%20detailed%20microdata.xlsx","2023-12-19","f8378ca88da84ca470ea25b7eb7de43a8de8e6f26a6dc2525596df855abfb1c6",TRUE,""
"madipge-acld16-d-person-16-21","CLFUH_P_16","ACLD065","Household Related Data Items","https://www.abs.gov.au/statistics/microdata-tablebuilder/available-microdata-tablebuilder/australian-census-longitudinal-dataset/ACLD%202016_21%20detailed%20microdata.xlsx","2023-12-19","f8378ca88da84ca470ea25b7eb7de43a8de8e6f26a6dc2525596df855abfb1c6",TRUE,""
"madipge-acld16-d-person-16-21","CLFUH_P_21","ACLD065","Household Related Data Items","https://www.abs.gov.au/statistics/microdata-tablebuilder/available-microdata-tablebuilder/australian-census-longitudinal-dataset/ACLD%202016_21%20detailed%20microdata.xlsx","2023-12-19","f8378ca88da84ca470ea25b7eb7de43a8de8e6f26a6dc2525596df855abfb1c6",TRUE,""
"madipge-acld16-d-person-16-21","CLTHP_P_21","ACLD249","Person Related Data Items","https://www.abs.gov.au/statistics/microdata-tablebuilder/available-microdata-tablebuilder/australian-census-longitudinal-dataset/ACLD%202016_21%20detailed%20microdata.xlsx","2023-12-19","f8378ca88da84ca470ea25b7eb7de43a8de8e6f26a6dc2525596df855abfb1c6",TRUE,""
"madipge-acld16-d-person-16-21","CNDCF_P_16","ACLD066","Family Related Data Items","https://www.abs.gov.au/statistics/microdata-tablebuilder/available-microdata-tablebuilder/australian-census-longitudinal-dataset/ACLD%202016_21%20detailed%20microdata.xlsx","2023-12-19","f8378ca88da84ca470ea25b7eb7de43a8de8e6f26a6dc2525596df855abfb1c6",TRUE,""
"madipge-acld16-d-person-16-21","CNDCF_P_21","ACLD066","Family Related Data Items","https://www.abs.gov.au/statistics/microdata-tablebuilder/available-microdata-tablebuilder/australian-census-longitudinal-dataset/ACLD%202016_21%20detailed%20microdata.xlsx","2023-12-19","f8378ca88da84ca470ea25b7eb7de43a8de8e6f26a6dc2525596df855abfb1c6",TRUE,""
"madipge-acld16-d-person-16-21","CNDCH_P_16","ACLD066","Household Related Data Items","https://www.abs.gov.au/statistics/microdata-tablebuilder/available-microdata-tablebuilder/australian-census-longitudinal-dataset/ACLD%202016_21%20detailed%20microdata.xlsx","2023-12-19","f8378ca88da84ca470ea25b7eb7de43a8de8e6f26a6dc2525596df855abfb1c6",TRUE,""
"madipge-acld16-d-person-16-21","CNDCH_P_21","ACLD066","Household Related Data Items","https://www.abs.gov.au/statistics/microdata-tablebuilder/available-microdata-tablebuilder/australian-census-longitudinal-dataset/ACLD%202016_21%20detailed%20microdata.xlsx","2023-12-19","f8378ca88da84ca470ea25b7eb7de43a8de8e6f26a6dc2525596df855abfb1c6",TRUE,""
"madipge-acld16-d-person-16-21","CNOSH_P_16","ACLD067","Household Related Data Items","https://www.abs.gov.au/statistics/microdata-tablebuilder/available-microdata-tablebuilder/australian-census-longitudinal-dataset/ACLD%202016_21%20detailed%20microdata.xlsx","2023-12-19","f8378ca88da84ca470ea25b7eb7de43a8de8e6f26a6dc2525596df855abfb1c6",TRUE,""
"madipge-acld16-d-person-16-21","CNOSH_P_21","ACLD067","Household Related Data Items","https://www.abs.gov.au/statistics/microdata-tablebuilder/available-microdata-tablebuilder/australian-census-longitudinal-dataset/ACLD%202016_21%20detailed%20microdata.xlsx","2023-12-19","f8378ca88da84ca470ea25b7eb7de43a8de8e6f26a6dc2525596df855abfb1c6",TRUE,""
"madipge-acld16-d-person-16-21","CPR65D_P_16","ACLD068","Household Related Data Items","https://www.abs.gov.au/statistics/microdata-tablebuilder/available-microdata-tablebuilder/australian-census-longitudinal-dataset/ACLD%202016_21%20detailed%20microdata.xlsx","2023-12-19","f8378ca88da84ca470ea25b7eb7de43a8de8e6f26a6dc2525596df855abfb1c6",TRUE,""
"madipge-acld16-d-person-16-21","CPR65D_P_21","ACLD068","Household Related Data Items","https://www.abs.gov.au/statistics/microdata-tablebuilder/available-microdata-tablebuilder/australian-census-longitudinal-dataset/ACLD%202016_21%20detailed%20microdata.xlsx","2023-12-19","f8378ca88da84ca470ea25b7eb7de43a8de8e6f26a6dc2525596df855abfb1c6",TRUE,""
"madipge-acld16-d-person-16-21","CPR75D_P_16","ACLD069","Household Related Data Items","https://www.abs.gov.au/statistics/microdata-tablebuilder/available-microdata-tablebuilder/australian-census-longitudinal-dataset/ACLD%202016_21%20detailed%20microdata.xlsx","2023-12-19","f8378ca88da84ca470ea25b7eb7de43a8de8e6f26a6dc2525596df855abfb1c6",TRUE,""
"madipge-acld16-d-person-16-21","CPR75D_P_21","ACLD069","Household Related Data Items","https://www.abs.gov.au/statistics/microdata-tablebuilder/available-microdata-tablebuilder/australian-census-longitudinal-dataset/ACLD%202016_21%20detailed%20microdata.xlsx","2023-12-19","f8378ca88da84ca470ea25b7eb7de43a8de8e6f26a6dc2525596df855abfb1c6",TRUE,""
"madipge-acld16-d-person-16-21","CPR85D_P_16","ACLD070","Household Related Data Items","https://www.abs.gov.au/statistics/microdata-tablebuilder/available-microdata-tablebuilder/australian-census-longitudinal-dataset/ACLD%202016_21%20detailed%20microdata.xlsx","2023-12-19","f8378ca88da84ca470ea25b7eb7de43a8de8e6f26a6dc2525596df855abfb1c6",TRUE,""
"madipge-acld16-d-person-16-21","CPR85D_P_21","ACLD070","Household Related Data Items","https://www.abs.gov.au/statistics/microdata-tablebuilder/available-microdata-tablebuilder/australian-census-longitudinal-dataset/ACLD%202016_21%20detailed%20microdata.xlsx","2023-12-19","f8378ca88da84ca470ea25b7eb7de43a8de8e6f26a6dc2525596df855abfb1c6",TRUE,""
"madipge-acld16-d-person-16-21","CPRF_P_16","ACLD071","Family Related Data Items","https://www.abs.gov.au/statistics/microdata-tablebuilder/available-microdata-tablebuilder/australian-census-longitudinal-dataset/ACLD%202016_21%20detailed%20microdata.xlsx","2023-12-19","f8378ca88da84ca470ea25b7eb7de43a8de8e6f26a6dc2525596df855abfb1c6",TRUE,""
"madipge-acld16-d-person-16-21","CPRF_P_21","ACLD071","Family Related Data Items","https://www.abs.gov.au/statistics/microdata-tablebuilder/available-microdata-tablebuilder/australian-census-longitudinal-dataset/ACLD%202016_21%20detailed%20microdata.xlsx","2023-12-19","f8378ca88da84ca470ea25b7eb7de43a8de8e6f26a6dc2525596df855abfb1c6",TRUE,""
"madipge-acld16-d-person-16-21","CTGP_16","ACLD072","Person Related Data Items","https://www.abs.gov.au/statistics/microdata-tablebuilder/available-microdata-tablebuilder/australian-census-longitudinal-dataset/ACLD%202016_21%20detailed%20microdata.xlsx","2023-12-19","f8378ca88da84ca470ea25b7eb7de43a8de8e6f26a6dc2525596df855abfb1c6",TRUE,""
"madipge-acld16-d-person-16-21","CTGP_21","ACLD073","Person Related Data Items","https://www.abs.gov.au/statistics/microdata-tablebuilder/available-microdata-tablebuilder/australian-census-longitudinal-dataset/ACLD%202016_21%20detailed%20microdata.xlsx","2023-12-19","f8378ca88da84ca470ea25b7eb7de43a8de8e6f26a6dc2525596df855abfb1c6",TRUE,""
"madipge-acld16-d-person-16-21","CTPP_16","ACLD074","Person Related Data Items","https://www.abs.gov.au/statistics/microdata-tablebuilder/available-microdata-tablebuilder/australian-census-longitudinal-dataset/ACLD%202016_21%20detailed%20microdata.xlsx","2023-12-19","f8378ca88da84ca470ea25b7eb7de43a8de8e6f26a6dc2525596df855abfb1c6",TRUE,""
"madipge-acld16-d-person-16-21","CTPP_21","ACLD075","Person Related Data Items","https://www.abs.gov.au/statistics/microdata-tablebuilder/available-microdata-tablebuilder/australian-census-longitudinal-dataset/ACLD%202016_21%20detailed%20microdata.xlsx","2023-12-19","f8378ca88da84ca470ea25b7eb7de43a8de8e6f26a6dc2525596df855abfb1c6",TRUE,""
"madipge-acld16-d-person-16-21","CUNCAREF_P_16","ACLD076","Family Related Data Items","https://www.abs.gov.au/statistics/microdata-tablebuilder/available-microdata-tablebuilder/australian-census-longitudinal-dataset/ACLD%202016_21%20detailed%20microdata.xlsx","2023-12-19","f8378ca88da84ca470ea25b7eb7de43a8de8e6f26a6dc2525596df855abfb1c6",TRUE,""
"madipge-acld16-d-person-16-21","CUNCAREF_P_21","ACLD076","Family Related Data Items","https://www.abs.gov.au/statistics/microdata-tablebuilder/available-microdata-tablebuilder/australian-census-longitudinal-dataset/ACLD%202016_21%20detailed%20microdata.xlsx","2023-12-19","f8378ca88da84ca470ea25b7eb7de43a8de8e6f26a6dc2525596df855abfb1c6",TRUE,""
"madipge-acld16-d-person-16-21","CUNCAREH_P_16","ACLD077","Household Related Data Items","https://www.abs.gov.au/statistics/microdata-tablebuilder/available-microdata-tablebuilder/australian-census-longitudinal-dataset/ACLD%202016_21%20detailed%20microdata.xlsx","2023-12-19","f8378ca88da84ca470ea25b7eb7de43a8de8e6f26a6dc2525596df855abfb1c6",TRUE,""
"madipge-acld16-d-person-16-21","CUNCAREH_P_21","ACLD077","Household Related Data Items","https://www.abs.gov.au/statistics/microdata-tablebuilder/available-microdata-tablebuilder/australian-census-longitudinal-dataset/ACLD%202016_21%20detailed%20microdata.xlsx","2023-12-19","f8378ca88da84ca470ea25b7eb7de43a8de8e6f26a6dc2525596df855abfb1c6",TRUE,""
"madipge-acld16-d-person-16-21","DLOD_P_16","ACLD078","Dwelling Related Data Items","https://www.abs.gov.au/statistics/microdata-tablebuilder/available-microdata-tablebuilder/australian-census-longitudinal-dataset/ACLD%202016_21%20detailed%20microdata.xlsx","2023-12-19","f8378ca88da84ca470ea25b7eb7de43a8de8e6f26a6dc2525596df855abfb1c6",TRUE,""
"madipge-acld16-d-person-16-21","DLOD_P_21","ACLD078","Dwelling Related Data Items","https://www.abs.gov.au/statistics/microdata-tablebuilder/available-microdata-tablebuilder/australian-census-longitudinal-dataset/ACLD%202016_21%20detailed%20microdata.xlsx","2023-12-19","f8378ca88da84ca470ea25b7eb7de43a8de8e6f26a6dc2525596df855abfb1c6",TRUE,""
"madipge-acld16-d-person-16-21","DOMP_16","ACLD079","Person Related Data Items","https://www.abs.gov.au/statistics/microdata-tablebuilder/available-microdata-tablebuilder/australian-census-longitudinal-dataset/ACLD%202016_21%20detailed%20microdata.xlsx","2023-12-19","f8378ca88da84ca470ea25b7eb7de43a8de8e6f26a6dc2525596df855abfb1c6",TRUE,""
"madipge-acld16-d-person-16-21","DOMP_21","ACLD079","Person Related Data Items","https://www.abs.gov.au/statistics/microdata-tablebuilder/available-microdata-tablebuilder/australian-census-longitudinal-dataset/ACLD%202016_21%20detailed%20microdata.xlsx","2023-12-19","f8378ca88da84ca470ea25b7eb7de43a8de8e6f26a6dc2525596df855abfb1c6",TRUE,""
"madipge-acld16-d-person-16-21","DOMP_FP_16","ACLD079","Female Parent Related Data","https://www.abs.gov.au/statistics/microdata-tablebuilder/available-microdata-tablebuilder/australian-census-longitudinal-dataset/ACLD%202016_21%20detailed%20microdata.xlsx","2023-12-19","f8378ca88da84ca470ea25b7eb7de43a8de8e6f26a6dc2525596df855abfb1c6",TRUE,""
"madipge-acld16-d-person-16-21","DOMP_FP_21","ACLD079","Female Parent Related Data","https://www.abs.gov.au/statistics/microdata-tablebuilder/available-microdata-tablebuilder/australian-census-longitudinal-dataset/ACLD%202016_21%20detailed%20microdata.xlsx","2023-12-19","f8378ca88da84ca470ea25b7eb7de43a8de8e6f26a6dc2525596df855abfb1c6",TRUE,""
"madipge-acld16-d-person-16-21","DOMP_MP_16","ACLD079","Male Parent Related Data Items","https://www.abs.gov.au/statistics/microdata-tablebuilder/available-microdata-tablebuilder/australian-census-longitudinal-dataset/ACLD%202016_21%20detailed%20microdata.xlsx","2023-12-19","f8378ca88da84ca470ea25b7eb7de43a8de8e6f26a6dc2525596df855abfb1c6",TRUE,""
"madipge-acld16-d-person-16-21","DOMP_MP_21","ACLD079","Male Parent Related Data Items","https://www.abs.gov.au/statistics/microdata-tablebuilder/available-microdata-tablebuilder/australian-census-longitudinal-dataset/ACLD%202016_21%20detailed%20microdata.xlsx","2023-12-19","f8378ca88da84ca470ea25b7eb7de43a8de8e6f26a6dc2525596df855abfb1c6",TRUE,""
"madipge-acld16-d-person-16-21","DOMP_SP_16","ACLD079","Spouse or Partner Data Items","https://www.abs.gov.au/statistics/microdata-tablebuilder/available-microdata-tablebuilder/australian-census-longitudinal-dataset/ACLD%202016_21%20detailed%20microdata.xlsx","2023-12-19","f8378ca88da84ca470ea25b7eb7de43a8de8e6f26a6dc2525596df855abfb1c6",TRUE,""
"madipge-acld16-d-person-16-21","DOMP_SP_21","ACLD079","Spouse or Partner Data Items","https://www.abs.gov.au/statistics/microdata-tablebuilder/available-microdata-tablebuilder/australian-census-longitudinal-dataset/ACLD%202016_21%20detailed%20microdata.xlsx","2023-12-19","f8378ca88da84ca470ea25b7eb7de43a8de8e6f26a6dc2525596df855abfb1c6",TRUE,""
"madipge-acld16-d-person-16-21","DWTD_P_16","ACLD080","Dwelling Related Data Items","https://www.abs.gov.au/statistics/microdata-tablebuilder/available-microdata-tablebuilder/australian-census-longitudinal-dataset/ACLD%202016_21%20detailed%20microdata.xlsx","2023-12-19","f8378ca88da84ca470ea25b7eb7de43a8de8e6f26a6dc2525596df855abfb1c6",TRUE,""
"madipge-acld16-d-person-16-21","DWTD_P_21","ACLD080","Dwelling Related Data Items","https://www.abs.gov.au/statistics/microdata-tablebuilder/available-microdata-tablebuilder/australian-census-longitudinal-dataset/ACLD%202016_21%20detailed%20microdata.xlsx","2023-12-19","f8378ca88da84ca470ea25b7eb7de43a8de8e6f26a6dc2525596df855abfb1c6",TRUE,""
"madipge-acld16-d-person-16-21","EETP_16","","","https://www.abs.gov.au/statistics/microdata-tablebuilder/available-microdata-tablebuilder/australian-census-longitudinal-dataset/ACLD%202016_21%20detailed%20microdata.xlsx","2023-12-19","f8378ca88da84ca470ea25b7eb7de43a8de8e6f26a6dc2525596df855abfb1c6",FALSE,"not_enumerated_in_workbook"
"madipge-acld16-d-person-16-21","EETP_21","ACLD081","Person Related Data Items","https://www.abs.gov.au/statistics/microdata-tablebuilder/available-microdata-tablebuilder/australian-census-longitudinal-dataset/ACLD%202016_21%20detailed%20microdata.xlsx","2023-12-19","f8378ca88da84ca470ea25b7eb7de43a8de8e6f26a6dc2525596df855abfb1c6",TRUE,""
"madipge-acld16-d-person-16-21","EETP_FP_16","ACLD081","Female Parent Related Data","https://www.abs.gov.au/statistics/microdata-tablebuilder/available-microdata-tablebuilder/australian-census-longitudinal-dataset/ACLD%202016_21%20detailed%20microdata.xlsx","2023-12-19","f8378ca88da84ca470ea25b7eb7de43a8de8e6f26a6dc2525596df855abfb1c6",TRUE,""
"madipge-acld16-d-person-16-21","EETP_FP_21","ACLD081","Female Parent Related Data","https://www.abs.gov.au/statistics/microdata-tablebuilder/available-microdata-tablebuilder/australian-census-longitudinal-dataset/ACLD%202016_21%20detailed%20microdata.xlsx","2023-12-19","f8378ca88da84ca470ea25b7eb7de43a8de8e6f26a6dc2525596df855abfb1c6",TRUE,""
"madipge-acld16-d-person-16-21","EETP_MP_16","ACLD081","Male Parent Related Data Items","https://www.abs.gov.au/statistics/microdata-tablebuilder/available-microdata-tablebuilder/australian-census-longitudinal-dataset/ACLD%202016_21%20detailed%20microdata.xlsx","2023-12-19","f8378ca88da84ca470ea25b7eb7de43a8de8e6f26a6dc2525596df855abfb1c6",TRUE,""
"madipge-acld16-d-person-16-21","EETP_MP_21","ACLD081","Male Parent Related Data Items","https://www.abs.gov.au/statistics/microdata-tablebuilder/available-microdata-tablebuilder/australian-census-longitudinal-dataset/ACLD%202016_21%20detailed%20microdata.xlsx","2023-12-19","f8378ca88da84ca470ea25b7eb7de43a8de8e6f26a6dc2525596df855abfb1c6",TRUE,""
"madipge-acld16-d-person-16-21","EETP_SP_16","ACLD081","Spouse or Partner Data Items","https://www.abs.gov.au/statistics/microdata-tablebuilder/available-microdata-tablebuilder/australian-census-longitudinal-dataset/ACLD%202016_21%20detailed%20microdata.xlsx","2023-12-19","f8378ca88da84ca470ea25b7eb7de43a8de8e6f26a6dc2525596df855abfb1c6",TRUE,""
"madipge-acld16-d-person-16-21","EETP_SP_21","ACLD081","Spouse or Partner Data Items","https://www.abs.gov.au/statistics/microdata-tablebuilder/available-microdata-tablebuilder/australian-census-longitudinal-dataset/ACLD%202016_21%20detailed%20microdata.xlsx","2023-12-19","f8378ca88da84ca470ea25b7eb7de43a8de8e6f26a6dc2525596df855abfb1c6",TRUE,""
"madipge-acld16-d-person-16-21","EMPP_16","ACLD082","Person Related Data Items","https://www.abs.gov.au/statistics/microdata-tablebuilder/available-microdata-tablebuilder/australian-census-longitudinal-dataset/ACLD%202016_21%20detailed%20microdata.xlsx","2023-12-19","f8378ca88da84ca470ea25b7eb7de43a8de8e6f26a6dc2525596df855abfb1c6",TRUE,""
"madipge-acld16-d-person-16-21","EMPP_21","ACLD082","Person Related Data Items","https://www.abs.gov.au/statistics/microdata-tablebuilder/available-microdata-tablebuilder/australian-census-longitudinal-dataset/ACLD%202016_21%20detailed%20microdata.xlsx","2023-12-19","f8378ca88da84ca470ea25b7eb7de43a8de8e6f26a6dc2525596df855abfb1c6",TRUE,""
"madipge-acld16-d-person-16-21","EMTP_16","ACLD083","Person Related Data Items","https://www.abs.gov.au/statistics/microdata-tablebuilder/available-microdata-tablebuilder/australian-census-longitudinal-dataset/ACLD%202016_21%20detailed%20microdata.xlsx","2023-12-19","f8378ca88da84ca470ea25b7eb7de43a8de8e6f26a6dc2525596df855abfb1c6",TRUE,""
"madipge-acld16-d-person-16-21","EMTP_21","ACLD083","Person Related Data Items","https://www.abs.gov.au/statistics/microdata-tablebuilder/available-microdata-tablebuilder/australian-census-longitudinal-dataset/ACLD%202016_21%20detailed%20microdata.xlsx","2023-12-19","f8378ca88da84ca470ea25b7eb7de43a8de8e6f26a6dc2525596df855abfb1c6",TRUE,""
"madipge-acld16-d-person-16-21","EMTP_FP_16","ACLD083","Female Parent Related Data","https://www.abs.gov.au/statistics/microdata-tablebuilder/available-microdata-tablebuilder/australian-census-longitudinal-dataset/ACLD%202016_21%20detailed%20microdata.xlsx","2023-12-19","f8378ca88da84ca470ea25b7eb7de43a8de8e6f26a6dc2525596df855abfb1c6",TRUE,""
"madipge-acld16-d-person-16-21","EMTP_FP_21","ACLD083","Female Parent Related Data","https://www.abs.gov.au/statistics/microdata-tablebuilder/available-microdata-tablebuilder/australian-census-longitudinal-dataset/ACLD%202016_21%20detailed%20microdata.xlsx","2023-12-19","f8378ca88da84ca470ea25b7eb7de43a8de8e6f26a6dc2525596df855abfb1c6",TRUE,""
"madipge-acld16-d-person-16-21","EMTP_MP_16","ACLD083","Male Parent Related Data Items","https://www.abs.gov.au/statistics/microdata-tablebuilder/available-microdata-tablebuilder/australian-census-longitudinal-dataset/ACLD%202016_21%20detailed%20microdata.xlsx","2023-12-19","f8378ca88da84ca470ea25b7eb7de43a8de8e6f26a6dc2525596df855abfb1c6",TRUE,""
"madipge-acld16-d-person-16-21","EMTP_MP_21","ACLD083","Male Parent Related Data Items","https://www.abs.gov.au/statistics/microdata-tablebuilder/available-microdata-tablebuilder/australian-census-longitudinal-dataset/ACLD%202016_21%20detailed%20microdata.xlsx","2023-12-19","f8378ca88da84ca470ea25b7eb7de43a8de8e6f26a6dc2525596df855abfb1c6",TRUE,""
"madipge-acld16-d-person-16-21","EMTP_SP_16","ACLD083","Spouse or Partner Data Items","https://www.abs.gov.au/statistics/microdata-tablebuilder/available-microdata-tablebuilder/australian-census-longitudinal-dataset/ACLD%202016_21%20detailed%20microdata.xlsx","2023-12-19","f8378ca88da84ca470ea25b7eb7de43a8de8e6f26a6dc2525596df855abfb1c6",TRUE,""
"madipge-acld16-d-person-16-21","EMTP_SP_21","ACLD083","Spouse or Partner Data Items","https://www.abs.gov.au/statistics/microdata-tablebuilder/available-microdata-tablebuilder/australian-census-longitudinal-dataset/ACLD%202016_21%20detailed%20microdata.xlsx","2023-12-19","f8378ca88da84ca470ea25b7eb7de43a8de8e6f26a6dc2525596df855abfb1c6",TRUE,""
"madipge-acld16-d-person-16-21","ENGLP_16","ACLD250","Person Related Data Items","https://www.abs.gov.au/statistics/microdata-tablebuilder/available-microdata-tablebuilder/australian-census-longitudinal-dataset/ACLD%202016_21%20detailed%20microdata.xlsx","2023-12-19","f8378ca88da84ca470ea25b7eb7de43a8de8e6f26a6dc2525596df855abfb1c6",TRUE,""
"madipge-acld16-d-person-16-21","ENGLP_21","ACLD085","Person Related Data Items","https://www.abs.gov.au/statistics/microdata-tablebuilder/available-microdata-tablebuilder/australian-census-longitudinal-dataset/ACLD%202016_21%20detailed%20microdata.xlsx","2023-12-19","f8378ca88da84ca470ea25b7eb7de43a8de8e6f26a6dc2525596df855abfb1c6",TRUE,""
"madipge-acld16-d-person-16-21","ENGP_16","ACLD086","Person Related Data Items","https://www.abs.gov.au/statistics/microdata-tablebuilder/available-microdata-tablebuilder/australian-census-longitudinal-dataset/ACLD%202016_21%20detailed%20microdata.xlsx","2023-12-19","f8378ca88da84ca470ea25b7eb7de43a8de8e6f26a6dc2525596df855abfb1c6",TRUE,""
"madipge-acld16-d-person-16-21","ENGP_21","ACLD086","Person Related Data Items","https://www.abs.gov.au/statistics/microdata-tablebuilder/available-microdata-tablebuilder/australian-census-longitudinal-dataset/ACLD%202016_21%20detailed%20microdata.xlsx","2023-12-19","f8378ca88da84ca470ea25b7eb7de43a8de8e6f26a6dc2525596df855abfb1c6",TRUE,""
"madipge-acld16-d-person-16-21","ENGP_FP_16","ACLD086","Female Parent Related Data","https://www.abs.gov.au/statistics/microdata-tablebuilder/available-microdata-tablebuilder/australian-census-longitudinal-dataset/ACLD%202016_21%20detailed%20microdata.xlsx","2023-12-19","f8378ca88da84ca470ea25b7eb7de43a8de8e6f26a6dc2525596df855abfb1c6",TRUE,""
"madipge-acld16-d-person-16-21","ENGP_FP_21","ACLD086","Female Parent Related Data","https://www.abs.gov.au/statistics/microdata-tablebuilder/available-microdata-tablebuilder/australian-census-longitudinal-dataset/ACLD%202016_21%20detailed%20microdata.xlsx","2023-12-19","f8378ca88da84ca470ea25b7eb7de43a8de8e6f26a6dc2525596df855abfb1c6",TRUE,""
"madipge-acld16-d-person-16-21","ENGP_MP_16","ACLD086","Male Parent Related Data Items","https://www.abs.gov.au/statistics/microdata-tablebuilder/available-microdata-tablebuilder/australian-census-longitudinal-dataset/ACLD%202016_21%20detailed%20microdata.xlsx","2023-12-19","f8378ca88da84ca470ea25b7eb7de43a8de8e6f26a6dc2525596df855abfb1c6",TRUE,""
"madipge-acld16-d-person-16-21","ENGP_MP_21","ACLD086","Male Parent Related Data Items","https://www.abs.gov.au/statistics/microdata-tablebuilder/available-microdata-tablebuilder/australian-census-longitudinal-dataset/ACLD%202016_21%20detailed%20microdata.xlsx","2023-12-19","f8378ca88da84ca470ea25b7eb7de43a8de8e6f26a6dc2525596df855abfb1c6",TRUE,""
"madipge-acld16-d-person-16-21","ENGP_SP_16","ACLD086","Spouse or Partner Data Items","https://www.abs.gov.au/statistics/microdata-tablebuilder/available-microdata-tablebuilder/australian-census-longitudinal-dataset/ACLD%202016_21%20detailed%20microdata.xlsx","2023-12-19","f8378ca88da84ca470ea25b7eb7de43a8de8e6f26a6dc2525596df855abfb1c6",TRUE,""
"madipge-acld16-d-person-16-21","ENGP_SP_21","ACLD086","Spouse or Partner Data Items","https://www.abs.gov.au/statistics/microdata-tablebuilder/available-microdata-tablebuilder/australian-census-longitudinal-dataset/ACLD%202016_21%20detailed%20microdata.xlsx","2023-12-19","f8378ca88da84ca470ea25b7eb7de43a8de8e6f26a6dc2525596df855abfb1c6",TRUE,""
"madipge-acld16-d-person-16-21","FBLF_P_16","ACLD087","Family Related Data Items","https://www.abs.gov.au/statistics/microdata-tablebuilder/available-microdata-tablebuilder/australian-census-longitudinal-dataset/ACLD%202016_21%20detailed%20microdata.xlsx","2023-12-19","f8378ca88da84ca470ea25b7eb7de43a8de8e6f26a6dc2525596df855abfb1c6",TRUE,""
"madipge-acld16-d-person-16-21","FBLF_P_21","ACLD087","Family Related Data Items","https://www.abs.gov.au/statistics/microdata-tablebuilder/available-microdata-tablebuilder/australian-census-longitudinal-dataset/ACLD%202016_21%20detailed%20microdata.xlsx","2023-12-19","f8378ca88da84ca470ea25b7eb7de43a8de8e6f26a6dc2525596df855abfb1c6",TRUE,""
"madipge-acld16-d-person-16-21","FIDF_P_16","ACLD088","Family Related Data Items","https://www.abs.gov.au/statistics/microdata-tablebuilder/available-microdata-tablebuilder/australian-census-longitudinal-dataset/ACLD%202016_21%20detailed%20microdata.xlsx","2023-12-19","f8378ca88da84ca470ea25b7eb7de43a8de8e6f26a6dc2525596df855abfb1c6",TRUE,""
"madipge-acld16-d-person-16-21","FIDF_P_21","ACLD089","Family Related Data Items","https://www.abs.gov.au/statistics/microdata-tablebuilder/available-microdata-tablebuilder/australian-census-longitudinal-dataset/ACLD%202016_21%20detailed%20microdata.xlsx","2023-12-19","f8378ca88da84ca470ea25b7eb7de43a8de8e6f26a6dc2525596df855abfb1c6",TRUE,""
"madipge-acld16-d-person-16-21","FINASF_P_16","ACLD091","Family Related Data Items","https://www.abs.gov.au/statistics/microdata-tablebuilder/available-microdata-tablebuilder/australian-census-longitudinal-dataset/ACLD%202016_21%20detailed%20microdata.xlsx","2023-12-19","f8378ca88da84ca470ea25b7eb7de43a8de8e6f26a6dc2525596df855abfb1c6",TRUE,""
"madipge-acld16-d-person-16-21","FINASF_P_21","ACLD091","Family Related Data Items","https://www.abs.gov.au/statistics/microdata-tablebuilder/available-microdata-tablebuilder/australian-census-longitudinal-dataset/ACLD%202016_21%20detailed%20microdata.xlsx","2023-12-19","f8378ca88da84ca470ea25b7eb7de43a8de8e6f26a6dc2525596df855abfb1c6",TRUE,""
"madipge-acld16-d-person-16-21","FINF_P_16","ACLD093","Family Related Data Items","https://www.abs.gov.au/statistics/microdata-tablebuilder/available-microdata-tablebuilder/australian-census-longitudinal-dataset/ACLD%202016_21%20detailed%20microdata.xlsx","2023-12-19","f8378ca88da84ca470ea25b7eb7de43a8de8e6f26a6dc2525596df855abfb1c6",TRUE,""
"madipge-acld16-d-person-16-21","FINF_P_21","ACLD093","Family Related Data Items","https://www.abs.gov.au/statistics/microdata-tablebuilder/available-microdata-tablebuilder/australian-census-longitudinal-dataset/ACLD%202016_21%20detailed%20microdata.xlsx","2023-12-19","f8378ca88da84ca470ea25b7eb7de43a8de8e6f26a6dc2525596df855abfb1c6",TRUE,""
"madipge-acld16-d-person-16-21","FMCF_P_16","ACLD094","Family Related Data Items","https://www.abs.gov.au/statistics/microdata-tablebuilder/available-microdata-tablebuilder/australian-census-longitudinal-dataset/ACLD%202016_21%20detailed%20microdata.xlsx","2023-12-19","f8378ca88da84ca470ea25b7eb7de43a8de8e6f26a6dc2525596df855abfb1c6",TRUE,""
"madipge-acld16-d-person-16-21","FMCF_P_21","ACLD094","Family Related Data Items","https://www.abs.gov.au/statistics/microdata-tablebuilder/available-microdata-tablebuilder/australian-census-longitudinal-dataset/ACLD%202016_21%20detailed%20microdata.xlsx","2023-12-19","f8378ca88da84ca470ea25b7eb7de43a8de8e6f26a6dc2525596df855abfb1c6",TRUE,""
"madipge-acld16-d-person-16-21","FMGF_P_16","ACLD095","Family Related Data Items","https://www.abs.gov.au/statistics/microdata-tablebuilder/available-microdata-tablebuilder/australian-census-longitudinal-dataset/ACLD%202016_21%20detailed%20microdata.xlsx","2023-12-19","f8378ca88da84ca470ea25b7eb7de43a8de8e6f26a6dc2525596df855abfb1c6",TRUE,""
"madipge-acld16-d-person-16-21","FMGF_P_21","ACLD095","Family Related Data Items","https://www.abs.gov.au/statistics/microdata-tablebuilder/available-microdata-tablebuilder/australian-census-longitudinal-dataset/ACLD%202016_21%20detailed%20microdata.xlsx","2023-12-19","f8378ca88da84ca470ea25b7eb7de43a8de8e6f26a6dc2525596df855abfb1c6",TRUE,""
"madipge-acld16-d-person-16-21","FTPP_16","ACLD096","Person Related Data Items","https://www.abs.gov.au/statistics/microdata-tablebuilder/available-microdata-tablebuilder/australian-census-longitudinal-dataset/ACLD%202016_21%20detailed%20microdata.xlsx","2023-12-19","f8378ca88da84ca470ea25b7eb7de43a8de8e6f26a6dc2525596df855abfb1c6",TRUE,""
"madipge-acld16-d-person-16-21","FTPP_21","ACLD097","Person Related Data Items","https://www.abs.gov.au/statistics/microdata-tablebuilder/available-microdata-tablebuilder/australian-census-longitudinal-dataset/ACLD%202016_21%20detailed%20microdata.xlsx","2023-12-19","f8378ca88da84ca470ea25b7eb7de43a8de8e6f26a6dc2525596df855abfb1c6",TRUE,""
"madipge-acld16-d-person-16-21","GNGP_16","ACLD098","Person Related Data Items","https://www.abs.gov.au/statistics/microdata-tablebuilder/available-microdata-tablebuilder/australian-census-longitudinal-dataset/ACLD%202016_21%20detailed%20microdata.xlsx","2023-12-19","f8378ca88da84ca470ea25b7eb7de43a8de8e6f26a6dc2525596df855abfb1c6",TRUE,""
"madipge-acld16-d-person-16-21","GNGP_21","ACLD098","Person Related Data Items","https://www.abs.gov.au/statistics/microdata-tablebuilder/available-microdata-tablebuilder/australian-census-longitudinal-dataset/ACLD%202016_21%20detailed%20microdata.xlsx","2023-12-19","f8378ca88da84ca470ea25b7eb7de43a8de8e6f26a6dc2525596df855abfb1c6",TRUE,""
"madipge-acld16-d-person-16-21","GNGP_FP_16","ACLD098","Female Parent Related Data","https://www.abs.gov.au/statistics/microdata-tablebuilder/available-microdata-tablebuilder/australian-census-longitudinal-dataset/ACLD%202016_21%20detailed%20microdata.xlsx","2023-12-19","f8378ca88da84ca470ea25b7eb7de43a8de8e6f26a6dc2525596df855abfb1c6",TRUE,""
"madipge-acld16-d-person-16-21","GNGP_FP_21","ACLD098","Female Parent Related Data","https://www.abs.gov.au/statistics/microdata-tablebuilder/available-microdata-tablebuilder/australian-census-longitudinal-dataset/ACLD%202016_21%20detailed%20microdata.xlsx","2023-12-19","f8378ca88da84ca470ea25b7eb7de43a8de8e6f26a6dc2525596df855abfb1c6",TRUE,""
"madipge-acld16-d-person-16-21","GNGP_MP_16","ACLD098","Male Parent Related Data Items","https://www.abs.gov.au/statistics/microdata-tablebuilder/available-microdata-tablebuilder/australian-census-longitudinal-dataset/ACLD%202016_21%20detailed%20microdata.xlsx","2023-12-19","f8378ca88da84ca470ea25b7eb7de43a8de8e6f26a6dc2525596df855abfb1c6",TRUE,""
"madipge-acld16-d-person-16-21","GNGP_MP_21","ACLD098","Male Parent Related Data Items","https://www.abs.gov.au/statistics/microdata-tablebuilder/available-microdata-tablebuilder/australian-census-longitudinal-dataset/ACLD%202016_21%20detailed%20microdata.xlsx","2023-12-19","f8378ca88da84ca470ea25b7eb7de43a8de8e6f26a6dc2525596df855abfb1c6",TRUE,""
"madipge-acld16-d-person-16-21","GNGP_SP_16","ACLD098","Spouse or Partner Data Items","https://www.abs.gov.au/statistics/microdata-tablebuilder/available-microdata-tablebuilder/australian-census-longitudinal-dataset/ACLD%202016_21%20detailed%20microdata.xlsx","2023-12-19","f8378ca88da84ca470ea25b7eb7de43a8de8e6f26a6dc2525596df855abfb1c6",TRUE,""
"madipge-acld16-d-person-16-21","GNGP_SP_21","ACLD098","Spouse or Partner Data Items","https://www.abs.gov.au/statistics/microdata-tablebuilder/available-microdata-tablebuilder/australian-census-longitudinal-dataset/ACLD%202016_21%20detailed%20microdata.xlsx","2023-12-19","f8378ca88da84ca470ea25b7eb7de43a8de8e6f26a6dc2525596df855abfb1c6",TRUE,""
"madipge-acld16-d-person-16-21","HCFMD_P_16","ACLD099","Dwelling Related Data Items","https://www.abs.gov.au/statistics/microdata-tablebuilder/available-microdata-tablebuilder/australian-census-longitudinal-dataset/ACLD%202016_21%20detailed%20microdata.xlsx","2023-12-19","f8378ca88da84ca470ea25b7eb7de43a8de8e6f26a6dc2525596df855abfb1c6",TRUE,""
"madipge-acld16-d-person-16-21","HCFMD_P_21","ACLD099","Dwelling Related Data Items","https://www.abs.gov.au/statistics/microdata-tablebuilder/available-microdata-tablebuilder/australian-census-longitudinal-dataset/ACLD%202016_21%20detailed%20microdata.xlsx","2023-12-19","f8378ca88da84ca470ea25b7eb7de43a8de8e6f26a6dc2525596df855abfb1c6",TRUE,""
"madipge-acld16-d-person-16-21","HEAF_P_16","ACLD101","Family Related Data Items","https://www.abs.gov.au/statistics/microdata-tablebuilder/available-microdata-tablebuilder/australian-census-longitudinal-dataset/ACLD%202016_21%20detailed%20microdata.xlsx","2023-12-19","f8378ca88da84ca470ea25b7eb7de43a8de8e6f26a6dc2525596df855abfb1c6",TRUE,""
"madipge-acld16-d-person-16-21","HEAF_P_21","ACLD101","Family Related Data Items","https://www.abs.gov.au/statistics/microdata-tablebuilder/available-microdata-tablebuilder/australian-census-longitudinal-dataset/ACLD%202016_21%20detailed%20microdata.xlsx","2023-12-19","f8378ca88da84ca470ea25b7eb7de43a8de8e6f26a6dc2525596df855abfb1c6",TRUE,""
"madipge-acld16-d-person-16-21","HEAH_P_16","ACLD101","Household Related Data Items","https://www.abs.gov.au/statistics/microdata-tablebuilder/available-microdata-tablebuilder/australian-census-longitudinal-dataset/ACLD%202016_21%20detailed%20microdata.xlsx","2023-12-19","f8378ca88da84ca470ea25b7eb7de43a8de8e6f26a6dc2525596df855abfb1c6",TRUE,""
"madipge-acld16-d-person-16-21","HEAH_P_21","ACLD101","Household Related Data Items","https://www.abs.gov.au/statistics/microdata-tablebuilder/available-microdata-tablebuilder/australian-census-longitudinal-dataset/ACLD%202016_21%20detailed%20microdata.xlsx","2023-12-19","f8378ca88da84ca470ea25b7eb7de43a8de8e6f26a6dc2525596df855abfb1c6",TRUE,""
"madipge-acld16-d-person-16-21","HEAP_16","ACLD102","Person Related Data Items","https://www.abs.gov.au/statistics/microdata-tablebuilder/available-microdata-tablebuilder/australian-census-longitudinal-dataset/ACLD%202016_21%20detailed%20microdata.xlsx","2023-12-19","f8378ca88da84ca470ea25b7eb7de43a8de8e6f26a6dc2525596df855abfb1c6",TRUE,""
"madipge-acld16-d-person-16-21","HEAP_21","ACLD102","Person Related Data Items","https://www.abs.gov.au/statistics/microdata-tablebuilder/available-microdata-tablebuilder/australian-census-longitudinal-dataset/ACLD%202016_21%20detailed%20microdata.xlsx","2023-12-19","f8378ca88da84ca470ea25b7eb7de43a8de8e6f26a6dc2525596df855abfb1c6",TRUE,""
"madipge-acld16-d-person-16-21","HEAP_FP_16","ACLD102","Female Parent Related Data","https://www.abs.gov.au/statistics/microdata-tablebuilder/available-microdata-tablebuilder/australian-census-longitudinal-dataset/ACLD%202016_21%20detailed%20microdata.xlsx","2023-12-19","f8378ca88da84ca470ea25b7eb7de43a8de8e6f26a6dc2525596df855abfb1c6",TRUE,""
"madipge-acld16-d-person-16-21","HEAP_FP_21","ACLD102","Female Parent Related Data","https://www.abs.gov.au/statistics/microdata-tablebuilder/available-microdata-tablebuilder/australian-census-longitudinal-dataset/ACLD%202016_21%20detailed%20microdata.xlsx","2023-12-19","f8378ca88da84ca470ea25b7eb7de43a8de8e6f26a6dc2525596df855abfb1c6",TRUE,""
"madipge-acld16-d-person-16-21","HEAP_MP_16","ACLD102","Male Parent Related Data Items","https://www.abs.gov.au/statistics/microdata-tablebuilder/available-microdata-tablebuilder/australian-census-longitudinal-dataset/ACLD%202016_21%20detailed%20microdata.xlsx","2023-12-19","f8378ca88da84ca470ea25b7eb7de43a8de8e6f26a6dc2525596df855abfb1c6",TRUE,""
"madipge-acld16-d-person-16-21","HEAP_MP_21","ACLD102","Male Parent Related Data Items","https://www.abs.gov.au/statistics/microdata-tablebuilder/available-microdata-tablebuilder/australian-census-longitudinal-dataset/ACLD%202016_21%20detailed%20microdata.xlsx","2023-12-19","f8378ca88da84ca470ea25b7eb7de43a8de8e6f26a6dc2525596df855abfb1c6",TRUE,""
"madipge-acld16-d-person-16-21","HEAP_SP_16","ACLD102","Spouse or Partner Data Items","https://www.abs.gov.au/statistics/microdata-tablebuilder/available-microdata-tablebuilder/australian-census-longitudinal-dataset/ACLD%202016_21%20detailed%20microdata.xlsx","2023-12-19","f8378ca88da84ca470ea25b7eb7de43a8de8e6f26a6dc2525596df855abfb1c6",TRUE,""
"madipge-acld16-d-person-16-21","HEAP_SP_21","ACLD102","Spouse or Partner Data Items","https://www.abs.gov.au/statistics/microdata-tablebuilder/available-microdata-tablebuilder/australian-census-longitudinal-dataset/ACLD%202016_21%20detailed%20microdata.xlsx","2023-12-19","f8378ca88da84ca470ea25b7eb7de43a8de8e6f26a6dc2525596df855abfb1c6",TRUE,""
"madipge-acld16-d-person-16-21","HHCD_P_16","ACLD103","Household Related Data Items","https://www.abs.gov.au/statistics/microdata-tablebuilder/available-microdata-tablebuilder/australian-census-longitudinal-dataset/ACLD%202016_21%20detailed%20microdata.xlsx","2023-12-19","f8378ca88da84ca470ea25b7eb7de43a8de8e6f26a6dc2525596df855abfb1c6",TRUE,""
"madipge-acld16-d-person-16-21","HHCD_P_21","ACLD103","Household Related Data Items","https://www.abs.gov.au/statistics/microdata-tablebuilder/available-microdata-tablebuilder/australian-census-longitudinal-dataset/ACLD%202016_21%20detailed%20microdata.xlsx","2023-12-19","f8378ca88da84ca470ea25b7eb7de43a8de8e6f26a6dc2525596df855abfb1c6",TRUE,""
"madipge-acld16-d-person-16-21","HIDD_P_16","ACLD104","Household Related Data Items","https://www.abs.gov.au/statistics/microdata-tablebuilder/available-microdata-tablebuilder/australian-census-longitudinal-dataset/ACLD%202016_21%20detailed%20microdata.xlsx","2023-12-19","f8378ca88da84ca470ea25b7eb7de43a8de8e6f26a6dc2525596df855abfb1c6",TRUE,""
"madipge-acld16-d-person-16-21","HIDD_P_21","ACLD104","Household Related Data Items","https://www.abs.gov.au/statistics/microdata-tablebuilder/available-microdata-tablebuilder/australian-census-longitudinal-dataset/ACLD%202016_21%20detailed%20microdata.xlsx","2023-12-19","f8378ca88da84ca470ea25b7eb7de43a8de8e6f26a6dc2525596df855abfb1c6",TRUE,""
"madipge-acld16-d-person-16-21","HIED_P_16","ACLD106","Household Related Data Items","https://www.abs.gov.au/statistics/microdata-tablebuilder/available-microdata-tablebuilder/australian-census-longitudinal-dataset/ACLD%202016_21%20detailed%20microdata.xlsx","2023-12-19","f8378ca88da84ca470ea25b7eb7de43a8de8e6f26a6dc2525596df855abfb1c6",TRUE,""
"madipge-acld16-d-person-16-21","HIED_P_21","ACLD107","Household Related Data Items","https://www.abs.gov.au/statistics/microdata-tablebuilder/available-microdata-tablebuilder/australian-census-longitudinal-dataset/ACLD%202016_21%20detailed%20microdata.xlsx","2023-12-19","f8378ca88da84ca470ea25b7eb7de43a8de8e6f26a6dc2525596df855abfb1c6",TRUE,""
"madipge-acld16-d-person-16-21","HINASD_P_16","ACLD109","Household Related Data Items","https://www.abs.gov.au/statistics/microdata-tablebuilder/available-microdata-tablebuilder/australian-census-longitudinal-dataset/ACLD%202016_21%20detailed%20microdata.xlsx","2023-12-19","f8378ca88da84ca470ea25b7eb7de43a8de8e6f26a6dc2525596df855abfb1c6",TRUE,""
"madipge-acld16-d-person-16-21","HINASD_P_21","ACLD109","Household Related Data Items","https://www.abs.gov.au/statistics/microdata-tablebuilder/available-microdata-tablebuilder/australian-census-longitudinal-dataset/ACLD%202016_21%20detailed%20microdata.xlsx","2023-12-19","f8378ca88da84ca470ea25b7eb7de43a8de8e6f26a6dc2525596df855abfb1c6",TRUE,""
"madipge-acld16-d-person-16-21","HIND_P_16","ACLD110","Household Related Data Items","https://www.abs.gov.au/statistics/microdata-tablebuilder/available-microdata-tablebuilder/australian-census-longitudinal-dataset/ACLD%202016_21%20detailed%20microdata.xlsx","2023-12-19","f8378ca88da84ca470ea25b7eb7de43a8de8e6f26a6dc2525596df855abfb1c6",TRUE,""
"madipge-acld16-d-person-16-21","HIND_P_21","ACLD110","Household Related Data Items","https://www.abs.gov.au/statistics/microdata-tablebuilder/available-microdata-tablebuilder/australian-census-longitudinal-dataset/ACLD%202016_21%20detailed%20microdata.xlsx","2023-12-19","f8378ca88da84ca470ea25b7eb7de43a8de8e6f26a6dc2525596df855abfb1c6",TRUE,""
"madipge-acld16-d-person-16-21","HLTHP_P_21","ACLD251","Person Related Data Items","https://www.abs.gov.au/statistics/microdata-tablebuilder/available-microdata-tablebuilder/australian-census-longitudinal-dataset/ACLD%202016_21%20detailed%20microdata.xlsx","2023-12-19","f8378ca88da84ca470ea25b7eb7de43a8de8e6f26a6dc2525596df855abfb1c6",TRUE,""
"madipge-acld16-d-person-16-21","HRSP_16","ACLD111","Continuous Variables","https://www.abs.gov.au/statistics/microdata-tablebuilder/available-microdata-tablebuilder/australian-census-longitudinal-dataset/ACLD%202016_21%20detailed%20microdata.xlsx","2023-12-19","f8378ca88da84ca470ea25b7eb7de43a8de8e6f26a6dc2525596df855abfb1c6",TRUE,""
"madipge-acld16-d-person-16-21","HRSP_21","ACLD111","Continuous Variables","https://www.abs.gov.au/statistics/microdata-tablebuilder/available-microdata-tablebuilder/australian-census-longitudinal-dataset/ACLD%202016_21%20detailed%20microdata.xlsx","2023-12-19","f8378ca88da84ca470ea25b7eb7de43a8de8e6f26a6dc2525596df855abfb1c6",TRUE,""
"madipge-acld16-d-person-16-21","HRWF_P_16","ACLD112","Family Related Data Items","https://www.abs.gov.au/statistics/microdata-tablebuilder/available-microdata-tablebuilder/australian-census-longitudinal-dataset/ACLD%202016_21%20detailed%20microdata.xlsx","2023-12-19","f8378ca88da84ca470ea25b7eb7de43a8de8e6f26a6dc2525596df855abfb1c6",TRUE,""
"madipge-acld16-d-person-16-21","HRWF_P_21","ACLD112","Family Related Data Items","https://www.abs.gov.au/statistics/microdata-tablebuilder/available-microdata-tablebuilder/australian-census-longitudinal-dataset/ACLD%202016_21%20detailed%20microdata.xlsx","2023-12-19","f8378ca88da84ca470ea25b7eb7de43a8de8e6f26a6dc2525596df855abfb1c6",TRUE,""
"madipge-acld16-d-person-16-21","HRWH_P_16","ACLD112","Household Related Data Items","https://www.abs.gov.au/statistics/microdata-tablebuilder/available-microdata-tablebuilder/australian-census-longitudinal-dataset/ACLD%202016_21%20detailed%20microdata.xlsx","2023-12-19","f8378ca88da84ca470ea25b7eb7de43a8de8e6f26a6dc2525596df855abfb1c6",TRUE,""
"madipge-acld16-d-person-16-21","HRWH_P_21","ACLD112","Household Related Data Items","https://www.abs.gov.au/statistics/microdata-tablebuilder/available-microdata-tablebuilder/australian-census-longitudinal-dataset/ACLD%202016_21%20detailed%20microdata.xlsx","2023-12-19","f8378ca88da84ca470ea25b7eb7de43a8de8e6f26a6dc2525596df855abfb1c6",TRUE,""
"madipge-acld16-d-person-16-21","HRWRP_16","ACLD113","Person Related Data Items","https://www.abs.gov.au/statistics/microdata-tablebuilder/available-microdata-tablebuilder/australian-census-longitudinal-dataset/ACLD%202016_21%20detailed%20microdata.xlsx","2023-12-19","f8378ca88da84ca470ea25b7eb7de43a8de8e6f26a6dc2525596df855abfb1c6",TRUE,""
"madipge-acld16-d-person-16-21","HRWRP_21","ACLD113","Person Related Data Items","https://www.abs.gov.au/statistics/microdata-tablebuilder/available-microdata-tablebuilder/australian-census-longitudinal-dataset/ACLD%202016_21%20detailed%20microdata.xlsx","2023-12-19","f8378ca88da84ca470ea25b7eb7de43a8de8e6f26a6dc2525596df855abfb1c6",TRUE,""
"madipge-acld16-d-person-16-21","HRWRP_FP_16","ACLD113","Female Parent Related Data","https://www.abs.gov.au/statistics/microdata-tablebuilder/available-microdata-tablebuilder/australian-census-longitudinal-dataset/ACLD%202016_21%20detailed%20microdata.xlsx","2023-12-19","f8378ca88da84ca470ea25b7eb7de43a8de8e6f26a6dc2525596df855abfb1c6",TRUE,""
"madipge-acld16-d-person-16-21","HRWRP_FP_21","ACLD113","Female Parent Related Data","https://www.abs.gov.au/statistics/microdata-tablebuilder/available-microdata-tablebuilder/australian-census-longitudinal-dataset/ACLD%202016_21%20detailed%20microdata.xlsx","2023-12-19","f8378ca88da84ca470ea25b7eb7de43a8de8e6f26a6dc2525596df855abfb1c6",TRUE,""
"madipge-acld16-d-person-16-21","HRWRP_MP_16","ACLD113","Male Parent Related Data Items","https://www.abs.gov.au/statistics/microdata-tablebuilder/available-microdata-tablebuilder/australian-census-longitudinal-dataset/ACLD%202016_21%20detailed%20microdata.xlsx","2023-12-19","f8378ca88da84ca470ea25b7eb7de43a8de8e6f26a6dc2525596df855abfb1c6",TRUE,""
"madipge-acld16-d-person-16-21","HRWRP_MP_21","ACLD113","Male Parent Related Data Items","https://www.abs.gov.au/statistics/microdata-tablebuilder/available-microdata-tablebuilder/australian-census-longitudinal-dataset/ACLD%202016_21%20detailed%20microdata.xlsx","2023-12-19","f8378ca88da84ca470ea25b7eb7de43a8de8e6f26a6dc2525596df855abfb1c6",TRUE,""
"madipge-acld16-d-person-16-21","HRWRP_SP_16","ACLD113","Spouse or Partner Data Items","https://www.abs.gov.au/statistics/microdata-tablebuilder/available-microdata-tablebuilder/australian-census-longitudinal-dataset/ACLD%202016_21%20detailed%20microdata.xlsx","2023-12-19","f8378ca88da84ca470ea25b7eb7de43a8de8e6f26a6dc2525596df855abfb1c6",TRUE,""
"madipge-acld16-d-person-16-21","HRWRP_SP_21","ACLD113","Spouse or Partner Data Items","https://www.abs.gov.au/statistics/microdata-tablebuilder/available-microdata-tablebuilder/australian-census-longitudinal-dataset/ACLD%202016_21%20detailed%20microdata.xlsx","2023-12-19","f8378ca88da84ca470ea25b7eb7de43a8de8e6f26a6dc2525596df855abfb1c6",TRUE,""
"madipge-acld16-d-person-16-21","HSCF_P_16","ACLD114","Family Related Data Items","https://www.abs.gov.au/statistics/microdata-tablebuilder/available-microdata-tablebuilder/australian-census-longitudinal-dataset/ACLD%202016_21%20detailed%20microdata.xlsx","2023-12-19","f8378ca88da84ca470ea25b7eb7de43a8de8e6f26a6dc2525596df855abfb1c6",TRUE,""
"madipge-acld16-d-person-16-21","HSCF_P_21","ACLD114","Family Related Data Items","https://www.abs.gov.au/statistics/microdata-tablebuilder/available-microdata-tablebuilder/australian-census-longitudinal-dataset/ACLD%202016_21%20detailed%20microdata.xlsx","2023-12-19","f8378ca88da84ca470ea25b7eb7de43a8de8e6f26a6dc2525596df855abfb1c6",TRUE,""
"madipge-acld16-d-person-16-21","HSCH_P_16","ACLD114","Household Related Data Items","https://www.abs.gov.au/statistics/microdata-tablebuilder/available-microdata-tablebuilder/australian-census-longitudinal-dataset/ACLD%202016_21%20detailed%20microdata.xlsx","2023-12-19","f8378ca88da84ca470ea25b7eb7de43a8de8e6f26a6dc2525596df855abfb1c6",TRUE,""
"madipge-acld16-d-person-16-21","HSCH_P_21","ACLD114","Household Related Data Items","https://www.abs.gov.au/statistics/microdata-tablebuilder/available-microdata-tablebuilder/australian-census-longitudinal-dataset/ACLD%202016_21%20detailed%20microdata.xlsx","2023-12-19","f8378ca88da84ca470ea25b7eb7de43a8de8e6f26a6dc2525596df855abfb1c6",TRUE,""
"madipge-acld16-d-person-16-21","HSCP_16","ACLD114","Person Related Data Items","https://www.abs.gov.au/statistics/microdata-tablebuilder/available-microdata-tablebuilder/australian-census-longitudinal-dataset/ACLD%202016_21%20detailed%20microdata.xlsx","2023-12-19","f8378ca88da84ca470ea25b7eb7de43a8de8e6f26a6dc2525596df855abfb1c6",TRUE,""
"madipge-acld16-d-person-16-21","HSCP_21","ACLD114","Person Related Data Items","https://www.abs.gov.au/statistics/microdata-tablebuilder/available-microdata-tablebuilder/australian-census-longitudinal-dataset/ACLD%202016_21%20detailed%20microdata.xlsx","2023-12-19","f8378ca88da84ca470ea25b7eb7de43a8de8e6f26a6dc2525596df855abfb1c6",TRUE,""
"madipge-acld16-d-person-16-21","HSCP_FP_16","ACLD114","Female Parent Related Data","https://www.abs.gov.au/statistics/microdata-tablebuilder/available-microdata-tablebuilder/australian-census-longitudinal-dataset/ACLD%202016_21%20detailed%20microdata.xlsx","2023-12-19","f8378ca88da84ca470ea25b7eb7de43a8de8e6f26a6dc2525596df855abfb1c6",TRUE,""
"madipge-acld16-d-person-16-21","HSCP_FP_21","ACLD114","Female Parent Related Data","https://www.abs.gov.au/statistics/microdata-tablebuilder/available-microdata-tablebuilder/australian-census-longitudinal-dataset/ACLD%202016_21%20detailed%20microdata.xlsx","2023-12-19","f8378ca88da84ca470ea25b7eb7de43a8de8e6f26a6dc2525596df855abfb1c6",TRUE,""
"madipge-acld16-d-person-16-21","HSCP_MP_16","ACLD114","Male Parent Related Data Items","https://www.abs.gov.au/statistics/microdata-tablebuilder/available-microdata-tablebuilder/australian-census-longitudinal-dataset/ACLD%202016_21%20detailed%20microdata.xlsx","2023-12-19","f8378ca88da84ca470ea25b7eb7de43a8de8e6f26a6dc2525596df855abfb1c6",TRUE,""
"madipge-acld16-d-person-16-21","HSCP_MP_21","ACLD114","Male Parent Related Data Items","https://www.abs.gov.au/statistics/microdata-tablebuilder/available-microdata-tablebuilder/australian-census-longitudinal-dataset/ACLD%202016_21%20detailed%20microdata.xlsx","2023-12-19","f8378ca88da84ca470ea25b7eb7de43a8de8e6f26a6dc2525596df855abfb1c6",TRUE,""
"madipge-acld16-d-person-16-21","HSCP_SP_16","ACLD114","Spouse or Partner Data Items","https://www.abs.gov.au/statistics/microdata-tablebuilder/available-microdata-tablebuilder/australian-census-longitudinal-dataset/ACLD%202016_21%20detailed%20microdata.xlsx","2023-12-19","f8378ca88da84ca470ea25b7eb7de43a8de8e6f26a6dc2525596df855abfb1c6",TRUE,""
"madipge-acld16-d-person-16-21","HSCP_SP_21","ACLD114","Spouse or Partner Data Items","https://www.abs.gov.au/statistics/microdata-tablebuilder/available-microdata-tablebuilder/australian-census-longitudinal-dataset/ACLD%202016_21%20detailed%20microdata.xlsx","2023-12-19","f8378ca88da84ca470ea25b7eb7de43a8de8e6f26a6dc2525596df855abfb1c6",TRUE,""
"madipge-acld16-d-person-16-21","HSKD_P_16","ACLD115","Household Related Data Items","https://www.abs.gov.au/statistics/microdata-tablebuilder/available-microdata-tablebuilder/australian-census-longitudinal-dataset/ACLD%202016_21%20detailed%20microdata.xlsx","2023-12-19","f8378ca88da84ca470ea25b7eb7de43a8de8e6f26a6dc2525596df855abfb1c6",TRUE,""
"madipge-acld16-d-person-16-21","HSKD_P_21","ACLD115","Household Related Data Items","https://www.abs.gov.au/statistics/microdata-tablebuilder/available-microdata-tablebuilder/australian-census-longitudinal-dataset/ACLD%202016_21%20detailed%20microdata.xlsx","2023-12-19","f8378ca88da84ca470ea25b7eb7de43a8de8e6f26a6dc2525596df855abfb1c6",TRUE,""
"madipge-acld16-d-person-16-21","IAREA_UR_16","ACLD117","Geographical Areas","https://www.abs.gov.au/statistics/microdata-tablebuilder/available-microdata-tablebuilder/australian-census-longitudinal-dataset/ACLD%202016_21%20detailed%20microdata.xlsx","2023-12-19","f8378ca88da84ca470ea25b7eb7de43a8de8e6f26a6dc2525596df855abfb1c6",FALSE,"external_classification_reference_only"
"madipge-acld16-d-person-16-21","IAREA_UR_21","ACLD118","Geographical Areas","https://www.abs.gov.au/statistics/microdata-tablebuilder/available-microdata-tablebuilder/australian-census-longitudinal-dataset/ACLD%202016_21%20detailed%20microdata.xlsx","2023-12-19","f8378ca88da84ca470ea25b7eb7de43a8de8e6f26a6dc2525596df855abfb1c6",FALSE,"external_classification_reference_only"
"madipge-acld16-d-person-16-21","IEO_UR_16","ACLD119","Geographical Areas","https://www.abs.gov.au/statistics/microdata-tablebuilder/available-microdata-tablebuilder/australian-census-longitudinal-dataset/ACLD%202016_21%20detailed%20microdata.xlsx","2023-12-19","f8378ca88da84ca470ea25b7eb7de43a8de8e6f26a6dc2525596df855abfb1c6",TRUE,""
"madipge-acld16-d-person-16-21","IEO_UR_21","ACLD119","Geographical Areas","https://www.abs.gov.au/statistics/microdata-tablebuilder/available-microdata-tablebuilder/australian-census-longitudinal-dataset/ACLD%202016_21%20detailed%20microdata.xlsx","2023-12-19","f8378ca88da84ca470ea25b7eb7de43a8de8e6f26a6dc2525596df855abfb1c6",TRUE,""
"madipge-acld16-d-person-16-21","IER_UR_16","ACLD120","Geographical Areas","https://www.abs.gov.au/statistics/microdata-tablebuilder/available-microdata-tablebuilder/australian-census-longitudinal-dataset/ACLD%202016_21%20detailed%20microdata.xlsx","2023-12-19","f8378ca88da84ca470ea25b7eb7de43a8de8e6f26a6dc2525596df855abfb1c6",TRUE,""
"madipge-acld16-d-person-16-21","IER_UR_21","ACLD120","Geographical Areas","https://www.abs.gov.au/statistics/microdata-tablebuilder/available-microdata-tablebuilder/australian-census-longitudinal-dataset/ACLD%202016_21%20detailed%20microdata.xlsx","2023-12-19","f8378ca88da84ca470ea25b7eb7de43a8de8e6f26a6dc2525596df855abfb1c6",TRUE,""
"madipge-acld16-d-person-16-21","IFAGEP_16","ACLD121","Quality Indicators","https://www.abs.gov.au/statistics/microdata-tablebuilder/available-microdata-tablebuilder/australian-census-longitudinal-dataset/ACLD%202016_21%20detailed%20microdata.xlsx","2023-12-19","f8378ca88da84ca470ea25b7eb7de43a8de8e6f26a6dc2525596df855abfb1c6",TRUE,""
"madipge-acld16-d-person-16-21","IFAGEP_21","ACLD121","Quality Indicators","https://www.abs.gov.au/statistics/microdata-tablebuilder/available-microdata-tablebuilder/australian-census-longitudinal-dataset/ACLD%202016_21%20detailed%20microdata.xlsx","2023-12-19","f8378ca88da84ca470ea25b7eb7de43a8de8e6f26a6dc2525596df855abfb1c6",TRUE,""
"madipge-acld16-d-person-16-21","IFMSTP_16","ACLD122","Quality Indicators","https://www.abs.gov.au/statistics/microdata-tablebuilder/available-microdata-tablebuilder/australian-census-longitudinal-dataset/ACLD%202016_21%20detailed%20microdata.xlsx","2023-12-19","f8378ca88da84ca470ea25b7eb7de43a8de8e6f26a6dc2525596df855abfb1c6",TRUE,""
"madipge-acld16-d-person-16-21","IFMSTP_21","ACLD122","Quality Indicators","https://www.abs.gov.au/statistics/microdata-tablebuilder/available-microdata-tablebuilder/australian-census-longitudinal-dataset/ACLD%202016_21%20detailed%20microdata.xlsx","2023-12-19","f8378ca88da84ca470ea25b7eb7de43a8de8e6f26a6dc2525596df855abfb1c6",TRUE,""
"madipge-acld16-d-person-16-21","IFNMFD_P_16","","","https://www.abs.gov.au/statistics/microdata-tablebuilder/available-microdata-tablebuilder/australian-census-longitudinal-dataset/ACLD%202016_21%20detailed%20microdata.xlsx","2023-12-19","f8378ca88da84ca470ea25b7eb7de43a8de8e6f26a6dc2525596df855abfb1c6",FALSE,"not_enumerated_in_workbook"
"madipge-acld16-d-person-16-21","IFNMFD_P_21","","","https://www.abs.gov.au/statistics/microdata-tablebuilder/available-microdata-tablebuilder/australian-census-longitudinal-dataset/ACLD%202016_21%20detailed%20microdata.xlsx","2023-12-19","f8378ca88da84ca470ea25b7eb7de43a8de8e6f26a6dc2525596df855abfb1c6",FALSE,"not_enumerated_in_workbook"
"madipge-acld16-d-person-16-21","IFPOWP_16","ACLD123","Quality Indicators","https://www.abs.gov.au/statistics/microdata-tablebuilder/available-microdata-tablebuilder/australian-census-longitudinal-dataset/ACLD%202016_21%20detailed%20microdata.xlsx","2023-12-19","f8378ca88da84ca470ea25b7eb7de43a8de8e6f26a6dc2525596df855abfb1c6",TRUE,""
"madipge-acld16-d-person-16-21","IFPOWP_21","ACLD123","Quality Indicators","https://www.abs.gov.au/statistics/microdata-tablebuilder/available-microdata-tablebuilder/australian-census-longitudinal-dataset/ACLD%202016_21%20detailed%20microdata.xlsx","2023-12-19","f8378ca88da84ca470ea25b7eb7de43a8de8e6f26a6dc2525596df855abfb1c6",TRUE,""
"madipge-acld16-d-person-16-21","IFPURP_16","ACLD124","Quality Indicators","https://www.abs.gov.au/statistics/microdata-tablebuilder/available-microdata-tablebuilder/australian-census-longitudinal-dataset/ACLD%202016_21%20detailed%20microdata.xlsx","2023-12-19","f8378ca88da84ca470ea25b7eb7de43a8de8e6f26a6dc2525596df855abfb1c6",TRUE,""
"madipge-acld16-d-person-16-21","IFPURP_21","ACLD124","Quality Indicators","https://www.abs.gov.au/statistics/microdata-tablebuilder/available-microdata-tablebuilder/australian-census-longitudinal-dataset/ACLD%202016_21%20detailed%20microdata.xlsx","2023-12-19","f8378ca88da84ca470ea25b7eb7de43a8de8e6f26a6dc2525596df855abfb1c6",TRUE,""
"madipge-acld16-d-person-16-21","IFSEXP_16","ACLD125","Quality Indicators","https://www.abs.gov.au/statistics/microdata-tablebuilder/available-microdata-tablebuilder/australian-census-longitudinal-dataset/ACLD%202016_21%20detailed%20microdata.xlsx","2023-12-19","f8378ca88da84ca470ea25b7eb7de43a8de8e6f26a6dc2525596df855abfb1c6",TRUE,""
"madipge-acld16-d-person-16-21","IFSEXP_21","ACLD125","Quality Indicators","https://www.abs.gov.au/statistics/microdata-tablebuilder/available-microdata-tablebuilder/australian-census-longitudinal-dataset/ACLD%202016_21%20detailed%20microdata.xlsx","2023-12-19","f8378ca88da84ca470ea25b7eb7de43a8de8e6f26a6dc2525596df855abfb1c6",TRUE,""
"madipge-acld16-d-person-16-21","INCP_16","ACLD127","Person Related Data Items","https://www.abs.gov.au/statistics/microdata-tablebuilder/available-microdata-tablebuilder/australian-census-longitudinal-dataset/ACLD%202016_21%20detailed%20microdata.xlsx","2023-12-19","f8378ca88da84ca470ea25b7eb7de43a8de8e6f26a6dc2525596df855abfb1c6",TRUE,""
"madipge-acld16-d-person-16-21","INCP_21","ACLD128","Person Related Data Items","https://www.abs.gov.au/statistics/microdata-tablebuilder/available-microdata-tablebuilder/australian-census-longitudinal-dataset/ACLD%202016_21%20detailed%20microdata.xlsx","2023-12-19","f8378ca88da84ca470ea25b7eb7de43a8de8e6f26a6dc2525596df855abfb1c6",TRUE,""
"madipge-acld16-d-person-16-21","INCP_FP_16","ACLD130","Female Parent Related Data","https://www.abs.gov.au/statistics/microdata-tablebuilder/available-microdata-tablebuilder/australian-census-longitudinal-dataset/ACLD%202016_21%20detailed%20microdata.xlsx","2023-12-19","f8378ca88da84ca470ea25b7eb7de43a8de8e6f26a6dc2525596df855abfb1c6",TRUE,""
"madipge-acld16-d-person-16-21","INCP_FP_21","ACLD131","Female Parent Related Data","https://www.abs.gov.au/statistics/microdata-tablebuilder/available-microdata-tablebuilder/australian-census-longitudinal-dataset/ACLD%202016_21%20detailed%20microdata.xlsx","2023-12-19","f8378ca88da84ca470ea25b7eb7de43a8de8e6f26a6dc2525596df855abfb1c6",TRUE,""
"madipge-acld16-d-person-16-21","INCP_MP_16","ACLD127","Male Parent Related Data Items","https://www.abs.gov.au/statistics/microdata-tablebuilder/available-microdata-tablebuilder/australian-census-longitudinal-dataset/ACLD%202016_21%20detailed%20microdata.xlsx","2023-12-19","f8378ca88da84ca470ea25b7eb7de43a8de8e6f26a6dc2525596df855abfb1c6",TRUE,""
"madipge-acld16-d-person-16-21","INCP_MP_21","ACLD131","Male Parent Related Data Items","https://www.abs.gov.au/statistics/microdata-tablebuilder/available-microdata-tablebuilder/australian-census-longitudinal-dataset/ACLD%202016_21%20detailed%20microdata.xlsx","2023-12-19","f8378ca88da84ca470ea25b7eb7de43a8de8e6f26a6dc2525596df855abfb1c6",TRUE,""
"madipge-acld16-d-person-16-21","INCP_SP_16","ACLD127","Spouse or Partner Data Items","https://www.abs.gov.au/statistics/microdata-tablebuilder/available-microdata-tablebuilder/australian-census-longitudinal-dataset/ACLD%202016_21%20detailed%20microdata.xlsx","2023-12-19","f8378ca88da84ca470ea25b7eb7de43a8de8e6f26a6dc2525596df855abfb1c6",TRUE,""
"madipge-acld16-d-person-16-21","INCP_SP_21","ACLD131","Spouse or Partner Data Items","https://www.abs.gov.au/statistics/microdata-tablebuilder/available-microdata-tablebuilder/australian-census-longitudinal-dataset/ACLD%202016_21%20detailed%20microdata.xlsx","2023-12-19","f8378ca88da84ca470ea25b7eb7de43a8de8e6f26a6dc2525596df855abfb1c6",TRUE,""
"madipge-acld16-d-person-16-21","INDP_16","ACLD133","Person Related Data Items","https://www.abs.gov.au/statistics/microdata-tablebuilder/available-microdata-tablebuilder/australian-census-longitudinal-dataset/ACLD%202016_21%20detailed%20microdata.xlsx","2023-12-19","f8378ca88da84ca470ea25b7eb7de43a8de8e6f26a6dc2525596df855abfb1c6",FALSE,"external_classification_reference_only"
"madipge-acld16-d-person-16-21","INDP_1DIG_16","ACLD134","Person Related Data Items","https://www.abs.gov.au/statistics/microdata-tablebuilder/available-microdata-tablebuilder/australian-census-longitudinal-dataset/ACLD%202016_21%20detailed%20microdata.xlsx","2023-12-19","f8378ca88da84ca470ea25b7eb7de43a8de8e6f26a6dc2525596df855abfb1c6",FALSE,"external_classification_reference_only"
"madipge-acld16-d-person-16-21","INDP_1DIG_21","ACLD134","Person Related Data Items","https://www.abs.gov.au/statistics/microdata-tablebuilder/available-microdata-tablebuilder/australian-census-longitudinal-dataset/ACLD%202016_21%20detailed%20microdata.xlsx","2023-12-19","f8378ca88da84ca470ea25b7eb7de43a8de8e6f26a6dc2525596df855abfb1c6",FALSE,"external_classification_reference_only"
"madipge-acld16-d-person-16-21","INDP_21","ACLD135","Person Related Data Items","https://www.abs.gov.au/statistics/microdata-tablebuilder/available-microdata-tablebuilder/australian-census-longitudinal-dataset/ACLD%202016_21%20detailed%20microdata.xlsx","2023-12-19","f8378ca88da84ca470ea25b7eb7de43a8de8e6f26a6dc2525596df855abfb1c6",FALSE,"external_classification_reference_only"
"madipge-acld16-d-person-16-21","INDP_2DIG_16","ACLD136","Person Related Data Items","https://www.abs.gov.au/statistics/microdata-tablebuilder/available-microdata-tablebuilder/australian-census-longitudinal-dataset/ACLD%202016_21%20detailed%20microdata.xlsx","2023-12-19","f8378ca88da84ca470ea25b7eb7de43a8de8e6f26a6dc2525596df855abfb1c6",FALSE,"external_classification_reference_only"
"madipge-acld16-d-person-16-21","INDP_2DIG_21","ACLD136","Person Related Data Items","https://www.abs.gov.au/statistics/microdata-tablebuilder/available-microdata-tablebuilder/australian-census-longitudinal-dataset/ACLD%202016_21%20detailed%20microdata.xlsx","2023-12-19","f8378ca88da84ca470ea25b7eb7de43a8de8e6f26a6dc2525596df855abfb1c6",FALSE,"external_classification_reference_only"
"madipge-acld16-d-person-16-21","INDP_3DIG_16","ACLD137","Person Related Data Items","https://www.abs.gov.au/statistics/microdata-tablebuilder/available-microdata-tablebuilder/australian-census-longitudinal-dataset/ACLD%202016_21%20detailed%20microdata.xlsx","2023-12-19","f8378ca88da84ca470ea25b7eb7de43a8de8e6f26a6dc2525596df855abfb1c6",FALSE,"external_classification_reference_only"
"madipge-acld16-d-person-16-21","INDP_3DIG_21","ACLD137","Person Related Data Items","https://www.abs.gov.au/statistics/microdata-tablebuilder/available-microdata-tablebuilder/australian-census-longitudinal-dataset/ACLD%202016_21%20detailed%20microdata.xlsx","2023-12-19","f8378ca88da84ca470ea25b7eb7de43a8de8e6f26a6dc2525596df855abfb1c6",FALSE,"external_classification_reference_only"
"madipge-acld16-d-person-16-21","INDP_FP_16","ACLD138","Female Parent Related Data","https://www.abs.gov.au/statistics/microdata-tablebuilder/available-microdata-tablebuilder/australian-census-longitudinal-dataset/ACLD%202016_21%20detailed%20microdata.xlsx","2023-12-19","f8378ca88da84ca470ea25b7eb7de43a8de8e6f26a6dc2525596df855abfb1c6",TRUE,""
"madipge-acld16-d-person-16-21","INDP_FP_21","ACLD138","Female Parent Related Data","https://www.abs.gov.au/statistics/microdata-tablebuilder/available-microdata-tablebuilder/australian-census-longitudinal-dataset/ACLD%202016_21%20detailed%20microdata.xlsx","2023-12-19","f8378ca88da84ca470ea25b7eb7de43a8de8e6f26a6dc2525596df855abfb1c6",TRUE,""
"madipge-acld16-d-person-16-21","INDP_MP_16","ACLD138","Male Parent Related Data Items","https://www.abs.gov.au/statistics/microdata-tablebuilder/available-microdata-tablebuilder/australian-census-longitudinal-dataset/ACLD%202016_21%20detailed%20microdata.xlsx","2023-12-19","f8378ca88da84ca470ea25b7eb7de43a8de8e6f26a6dc2525596df855abfb1c6",TRUE,""
"madipge-acld16-d-person-16-21","INDP_MP_21","ACLD138","Male Parent Related Data Items","https://www.abs.gov.au/statistics/microdata-tablebuilder/available-microdata-tablebuilder/australian-census-longitudinal-dataset/ACLD%202016_21%20detailed%20microdata.xlsx","2023-12-19","f8378ca88da84ca470ea25b7eb7de43a8de8e6f26a6dc2525596df855abfb1c6",TRUE,""
"madipge-acld16-d-person-16-21","INDP_SP_16","ACLD138","Spouse or Partner Data Items","https://www.abs.gov.au/statistics/microdata-tablebuilder/available-microdata-tablebuilder/australian-census-longitudinal-dataset/ACLD%202016_21%20detailed%20microdata.xlsx","2023-12-19","f8378ca88da84ca470ea25b7eb7de43a8de8e6f26a6dc2525596df855abfb1c6",TRUE,""
"madipge-acld16-d-person-16-21","INDP_SP_21","ACLD138","Spouse or Partner Data Items","https://www.abs.gov.au/statistics/microdata-tablebuilder/available-microdata-tablebuilder/australian-census-longitudinal-dataset/ACLD%202016_21%20detailed%20microdata.xlsx","2023-12-19","f8378ca88da84ca470ea25b7eb7de43a8de8e6f26a6dc2525596df855abfb1c6",TRUE,""
"madipge-acld16-d-person-16-21","INGDWTD_P_16","ACLD139","Household Related Data Items","https://www.abs.gov.au/statistics/microdata-tablebuilder/available-microdata-tablebuilder/australian-census-longitudinal-dataset/ACLD%202016_21%20detailed%20microdata.xlsx","2023-12-19","f8378ca88da84ca470ea25b7eb7de43a8de8e6f26a6dc2525596df855abfb1c6",TRUE,""
"madipge-acld16-d-person-16-21","INGDWTD_P_21","ACLD140","Household Related Data Items","https://www.abs.gov.au/statistics/microdata-tablebuilder/available-microdata-tablebuilder/australian-census-longitudinal-dataset/ACLD%202016_21%20detailed%20microdata.xlsx","2023-12-19","f8378ca88da84ca470ea25b7eb7de43a8de8e6f26a6dc2525596df855abfb1c6",TRUE,""
"madipge-acld16-d-person-16-21","INGP_16","ACLD141","Person Related Data Items","https://www.abs.gov.au/statistics/microdata-tablebuilder/available-microdata-tablebuilder/australian-census-longitudinal-dataset/ACLD%202016_21%20detailed%20microdata.xlsx","2023-12-19","f8378ca88da84ca470ea25b7eb7de43a8de8e6f26a6dc2525596df855abfb1c6",TRUE,""
"madipge-acld16-d-person-16-21","INGP_21","ACLD141","Person Related Data Items","https://www.abs.gov.au/statistics/microdata-tablebuilder/available-microdata-tablebuilder/australian-census-longitudinal-dataset/ACLD%202016_21%20detailed%20microdata.xlsx","2023-12-19","f8378ca88da84ca470ea25b7eb7de43a8de8e6f26a6dc2525596df855abfb1c6",TRUE,""
"madipge-acld16-d-person-16-21","INGP_FP_16","ACLD142","Female Parent Related Data","https://www.abs.gov.au/statistics/microdata-tablebuilder/available-microdata-tablebuilder/australian-census-longitudinal-dataset/ACLD%202016_21%20detailed%20microdata.xlsx","2023-12-19","f8378ca88da84ca470ea25b7eb7de43a8de8e6f26a6dc2525596df855abfb1c6",TRUE,""
"madipge-acld16-d-person-16-21","INGP_FP_21","ACLD142","Female Parent Related Data","https://www.abs.gov.au/statistics/microdata-tablebuilder/available-microdata-tablebuilder/australian-census-longitudinal-dataset/ACLD%202016_21%20detailed%20microdata.xlsx","2023-12-19","f8378ca88da84ca470ea25b7eb7de43a8de8e6f26a6dc2525596df855abfb1c6",TRUE,""
"madipge-acld16-d-person-16-21","INGP_MP_16","ACLD142","Male Parent Related Data Items","https://www.abs.gov.au/statistics/microdata-tablebuilder/available-microdata-tablebuilder/australian-census-longitudinal-dataset/ACLD%202016_21%20detailed%20microdata.xlsx","2023-12-19","f8378ca88da84ca470ea25b7eb7de43a8de8e6f26a6dc2525596df855abfb1c6",TRUE,""
"madipge-acld16-d-person-16-21","INGP_MP_21","ACLD142","Male Parent Related Data Items","https://www.abs.gov.au/statistics/microdata-tablebuilder/available-microdata-tablebuilder/australian-census-longitudinal-dataset/ACLD%202016_21%20detailed%20microdata.xlsx","2023-12-19","f8378ca88da84ca470ea25b7eb7de43a8de8e6f26a6dc2525596df855abfb1c6",TRUE,""
"madipge-acld16-d-person-16-21","INGP_SP_16","ACLD142","Spouse or Partner Data Items","https://www.abs.gov.au/statistics/microdata-tablebuilder/available-microdata-tablebuilder/australian-census-longitudinal-dataset/ACLD%202016_21%20detailed%20microdata.xlsx","2023-12-19","f8378ca88da84ca470ea25b7eb7de43a8de8e6f26a6dc2525596df855abfb1c6",TRUE,""
"madipge-acld16-d-person-16-21","INGP_SP_21","ACLD142","Spouse or Partner Data Items","https://www.abs.gov.au/statistics/microdata-tablebuilder/available-microdata-tablebuilder/australian-census-longitudinal-dataset/ACLD%202016_21%20detailed%20microdata.xlsx","2023-12-19","f8378ca88da84ca470ea25b7eb7de43a8de8e6f26a6dc2525596df855abfb1c6",TRUE,""
"madipge-acld16-d-person-16-21","IRSAD_UR_16","ACLD120","Geographical Areas","https://www.abs.gov.au/statistics/microdata-tablebuilder/available-microdata-tablebuilder/australian-census-longitudinal-dataset/ACLD%202016_21%20detailed%20microdata.xlsx","2023-12-19","f8378ca88da84ca470ea25b7eb7de43a8de8e6f26a6dc2525596df855abfb1c6",TRUE,""
"madipge-acld16-d-person-16-21","IRSAD_UR_21","ACLD120","Geographical Areas","https://www.abs.gov.au/statistics/microdata-tablebuilder/available-microdata-tablebuilder/australian-census-longitudinal-dataset/ACLD%202016_21%20detailed%20microdata.xlsx","2023-12-19","f8378ca88da84ca470ea25b7eb7de43a8de8e6f26a6dc2525596df855abfb1c6",TRUE,""
"madipge-acld16-d-person-16-21","IRSD_UR_16","ACLD119","Geographical Areas","https://www.abs.gov.au/statistics/microdata-tablebuilder/available-microdata-tablebuilder/australian-census-longitudinal-dataset/ACLD%202016_21%20detailed%20microdata.xlsx","2023-12-19","f8378ca88da84ca470ea25b7eb7de43a8de8e6f26a6dc2525596df855abfb1c6",TRUE,""
"madipge-acld16-d-person-16-21","IRSD_UR_21","ACLD119","Geographical Areas","https://www.abs.gov.au/statistics/microdata-tablebuilder/available-microdata-tablebuilder/australian-census-longitudinal-dataset/ACLD%202016_21%20detailed%20microdata.xlsx","2023-12-19","f8378ca88da84ca470ea25b7eb7de43a8de8e6f26a6dc2525596df855abfb1c6",TRUE,""
"madipge-acld16-d-person-16-21","ISPH_P_16","ACLD143","Household Related Data Items","https://www.abs.gov.au/statistics/microdata-tablebuilder/available-microdata-tablebuilder/australian-census-longitudinal-dataset/ACLD%202016_21%20detailed%20microdata.xlsx","2023-12-19","f8378ca88da84ca470ea25b7eb7de43a8de8e6f26a6dc2525596df855abfb1c6",TRUE,""
"madipge-acld16-d-person-16-21","ISPH_P_21","ACLD143","Household Related Data Items","https://www.abs.gov.au/statistics/microdata-tablebuilder/available-microdata-tablebuilder/australian-census-longitudinal-dataset/ACLD%202016_21%20detailed%20microdata.xlsx","2023-12-19","f8378ca88da84ca470ea25b7eb7de43a8de8e6f26a6dc2525596df855abfb1c6",TRUE,""
"madipge-acld16-d-person-16-21","LANP_16","ACLD145","Person Related Data Items","https://www.abs.gov.au/statistics/microdata-tablebuilder/available-microdata-tablebuilder/australian-census-longitudinal-dataset/ACLD%202016_21%20detailed%20microdata.xlsx","2023-12-19","f8378ca88da84ca470ea25b7eb7de43a8de8e6f26a6dc2525596df855abfb1c6",FALSE,"external_classification_reference_only"
"madipge-acld16-d-person-16-21","LANP_21","ACLD146","Person Related Data Items","https://www.abs.gov.au/statistics/microdata-tablebuilder/available-microdata-tablebuilder/australian-census-longitudinal-dataset/ACLD%202016_21%20detailed%20microdata.xlsx","2023-12-19","f8378ca88da84ca470ea25b7eb7de43a8de8e6f26a6dc2525596df855abfb1c6",FALSE,"external_classification_reference_only"
"madipge-acld16-d-person-16-21","LANP_FP_16","ACLD145","Female Parent Related Data","https://www.abs.gov.au/statistics/microdata-tablebuilder/available-microdata-tablebuilder/australian-census-longitudinal-dataset/ACLD%202016_21%20detailed%20microdata.xlsx","2023-12-19","f8378ca88da84ca470ea25b7eb7de43a8de8e6f26a6dc2525596df855abfb1c6",FALSE,"external_classification_reference_only"
"madipge-acld16-d-person-16-21","LANP_FP_21","ACLD146","Female Parent Related Data","https://www.abs.gov.au/statistics/microdata-tablebuilder/available-microdata-tablebuilder/australian-census-longitudinal-dataset/ACLD%202016_21%20detailed%20microdata.xlsx","2023-12-19","f8378ca88da84ca470ea25b7eb7de43a8de8e6f26a6dc2525596df855abfb1c6",FALSE,"external_classification_reference_only"
"madipge-acld16-d-person-16-21","LANP_MP_16","ACLD145","Male Parent Related Data Items","https://www.abs.gov.au/statistics/microdata-tablebuilder/available-microdata-tablebuilder/australian-census-longitudinal-dataset/ACLD%202016_21%20detailed%20microdata.xlsx","2023-12-19","f8378ca88da84ca470ea25b7eb7de43a8de8e6f26a6dc2525596df855abfb1c6",FALSE,"external_classification_reference_only"
"madipge-acld16-d-person-16-21","LANP_MP_21","ACLD146","Male Parent Related Data Items","https://www.abs.gov.au/statistics/microdata-tablebuilder/available-microdata-tablebuilder/australian-census-longitudinal-dataset/ACLD%202016_21%20detailed%20microdata.xlsx","2023-12-19","f8378ca88da84ca470ea25b7eb7de43a8de8e6f26a6dc2525596df855abfb1c6",FALSE,"external_classification_reference_only"
"madipge-acld16-d-person-16-21","LANP_SP_16","ACLD145","Spouse or Partner Data Items","https://www.abs.gov.au/statistics/microdata-tablebuilder/available-microdata-tablebuilder/australian-census-longitudinal-dataset/ACLD%202016_21%20detailed%20microdata.xlsx","2023-12-19","f8378ca88da84ca470ea25b7eb7de43a8de8e6f26a6dc2525596df855abfb1c6",FALSE,"external_classification_reference_only"
"madipge-acld16-d-person-16-21","LANP_SP_21","ACLD146","Spouse or Partner Data Items","https://www.abs.gov.au/statistics/microdata-tablebuilder/available-microdata-tablebuilder/australian-census-longitudinal-dataset/ACLD%202016_21%20detailed%20microdata.xlsx","2023-12-19","f8378ca88da84ca470ea25b7eb7de43a8de8e6f26a6dc2525596df855abfb1c6",FALSE,"external_classification_reference_only"
"madipge-acld16-d-person-16-21","LEVEL","","","https://www.abs.gov.au/statistics/microdata-tablebuilder/available-microdata-tablebuilder/australian-census-longitudinal-dataset/ACLD%202016_21%20detailed%20microdata.xlsx","2023-12-19","f8378ca88da84ca470ea25b7eb7de43a8de8e6f26a6dc2525596df855abfb1c6",FALSE,"not_enumerated_in_workbook"
"madipge-acld16-d-person-16-21","LFDIF_P_16","ACLD147","Family Related Data Items","https://www.abs.gov.au/statistics/microdata-tablebuilder/available-microdata-tablebuilder/australian-census-longitudinal-dataset/ACLD%202016_21%20detailed%20microdata.xlsx","2023-12-19","f8378ca88da84ca470ea25b7eb7de43a8de8e6f26a6dc2525596df855abfb1c6",TRUE,""
"madipge-acld16-d-person-16-21","LFDIF_P_21","ACLD147","Family Related Data Items","https://www.abs.gov.au/statistics/microdata-tablebuilder/available-microdata-tablebuilder/australian-census-longitudinal-dataset/ACLD%202016_21%20detailed%20microdata.xlsx","2023-12-19","f8378ca88da84ca470ea25b7eb7de43a8de8e6f26a6dc2525596df855abfb1c6",TRUE,""
"madipge-acld16-d-person-16-21","LFHRP_16","ACLD148","Person Related Data Items","https://www.abs.gov.au/statistics/microdata-tablebuilder/available-microdata-tablebuilder/australian-census-longitudinal-dataset/ACLD%202016_21%20detailed%20microdata.xlsx","2023-12-19","f8378ca88da84ca470ea25b7eb7de43a8de8e6f26a6dc2525596df855abfb1c6",TRUE,""
"madipge-acld16-d-person-16-21","LFHRP_21","ACLD148","Person Related Data Items","https://www.abs.gov.au/statistics/microdata-tablebuilder/available-microdata-tablebuilder/australian-census-longitudinal-dataset/ACLD%202016_21%20detailed%20microdata.xlsx","2023-12-19","f8378ca88da84ca470ea25b7eb7de43a8de8e6f26a6dc2525596df855abfb1c6",TRUE,""
"madipge-acld16-d-person-16-21","LFSF_P_16","","","https://www.abs.gov.au/statistics/microdata-tablebuilder/available-microdata-tablebuilder/australian-census-longitudinal-dataset/ACLD%202016_21%20detailed%20microdata.xlsx","2023-12-19","f8378ca88da84ca470ea25b7eb7de43a8de8e6f26a6dc2525596df855abfb1c6",FALSE,"not_enumerated_in_workbook"
"madipge-acld16-d-person-16-21","LFSF_P_21","","","https://www.abs.gov.au/statistics/microdata-tablebuilder/available-microdata-tablebuilder/australian-census-longitudinal-dataset/ACLD%202016_21%20detailed%20microdata.xlsx","2023-12-19","f8378ca88da84ca470ea25b7eb7de43a8de8e6f26a6dc2525596df855abfb1c6",FALSE,"not_enumerated_in_workbook"
"madipge-acld16-d-person-16-21","LFSP_16","ACLD150","Person Related Data Items","https://www.abs.gov.au/statistics/microdata-tablebuilder/available-microdata-tablebuilder/australian-census-longitudinal-dataset/ACLD%202016_21%20detailed%20microdata.xlsx","2023-12-19","f8378ca88da84ca470ea25b7eb7de43a8de8e6f26a6dc2525596df855abfb1c6",TRUE,""
"madipge-acld16-d-person-16-21","LFSP_21","ACLD150","Person Related Data Items","https://www.abs.gov.au/statistics/microdata-tablebuilder/available-microdata-tablebuilder/australian-census-longitudinal-dataset/ACLD%202016_21%20detailed%20microdata.xlsx","2023-12-19","f8378ca88da84ca470ea25b7eb7de43a8de8e6f26a6dc2525596df855abfb1c6",TRUE,""
"madipge-acld16-d-person-16-21","LFSP_FP_16","ACLD150","Female Parent Related Data","https://www.abs.gov.au/statistics/microdata-tablebuilder/available-microdata-tablebuilder/australian-census-longitudinal-dataset/ACLD%202016_21%20detailed%20microdata.xlsx","2023-12-19","f8378ca88da84ca470ea25b7eb7de43a8de8e6f26a6dc2525596df855abfb1c6",TRUE,""
"madipge-acld16-d-person-16-21","LFSP_FP_21","ACLD150","Female Parent Related Data","https://www.abs.gov.au/statistics/microdata-tablebuilder/available-microdata-tablebuilder/australian-census-longitudinal-dataset/ACLD%202016_21%20detailed%20microdata.xlsx","2023-12-19","f8378ca88da84ca470ea25b7eb7de43a8de8e6f26a6dc2525596df855abfb1c6",TRUE,""
"madipge-acld16-d-person-16-21","LFSP_MP_16","ACLD150","Male Parent Related Data Items","https://www.abs.gov.au/statistics/microdata-tablebuilder/available-microdata-tablebuilder/australian-census-longitudinal-dataset/ACLD%202016_21%20detailed%20microdata.xlsx","2023-12-19","f8378ca88da84ca470ea25b7eb7de43a8de8e6f26a6dc2525596df855abfb1c6",TRUE,""
"madipge-acld16-d-person-16-21","LFSP_MP_21","ACLD150","Male Parent Related Data Items","https://www.abs.gov.au/statistics/microdata-tablebuilder/available-microdata-tablebuilder/australian-census-longitudinal-dataset/ACLD%202016_21%20detailed%20microdata.xlsx","2023-12-19","f8378ca88da84ca470ea25b7eb7de43a8de8e6f26a6dc2525596df855abfb1c6",TRUE,""
"madipge-acld16-d-person-16-21","LFSP_SP_16","ACLD150","Spouse or Partner Data Items","https://www.abs.gov.au/statistics/microdata-tablebuilder/available-microdata-tablebuilder/australian-census-longitudinal-dataset/ACLD%202016_21%20detailed%20microdata.xlsx","2023-12-19","f8378ca88da84ca470ea25b7eb7de43a8de8e6f26a6dc2525596df855abfb1c6",TRUE,""
"madipge-acld16-d-person-16-21","LFSP_SP_21","ACLD150","Spouse or Partner Data Items","https://www.abs.gov.au/statistics/microdata-tablebuilder/available-microdata-tablebuilder/australian-census-longitudinal-dataset/ACLD%202016_21%20detailed%20microdata.xlsx","2023-12-19","f8378ca88da84ca470ea25b7eb7de43a8de8e6f26a6dc2525596df855abfb1c6",TRUE,""
"madipge-acld16-d-person-16-21","LGA_UR_16","ACLD152","Geographical Areas","https://www.abs.gov.au/statistics/microdata-tablebuilder/available-microdata-tablebuilder/australian-census-longitudinal-dataset/ACLD%202016_21%20detailed%20microdata.xlsx","2023-12-19","f8378ca88da84ca470ea25b7eb7de43a8de8e6f26a6dc2525596df855abfb1c6",FALSE,"external_classification_reference_only"
"madipge-acld16-d-person-16-21","LGA_UR_21","ACLD153","Geographical Areas","https://www.abs.gov.au/statistics/microdata-tablebuilder/available-microdata-tablebuilder/australian-census-longitudinal-dataset/ACLD%202016_21%20detailed%20microdata.xlsx","2023-12-19","f8378ca88da84ca470ea25b7eb7de43a8de8e6f26a6dc2525596df855abfb1c6",FALSE,"external_classification_reference_only"
"madipge-acld16-d-person-16-21","LINKFLAG_21","ACLD155","Quality Indicators","https://www.abs.gov.au/statistics/microdata-tablebuilder/available-microdata-tablebuilder/australian-census-longitudinal-dataset/ACLD%202016_21%20detailed%20microdata.xlsx","2023-12-19","f8378ca88da84ca470ea25b7eb7de43a8de8e6f26a6dc2525596df855abfb1c6",TRUE,""
"madipge-acld16-d-person-16-21","LLDD_P_16","ACLD156","Dwelling Related Data Items","https://www.abs.gov.au/statistics/microdata-tablebuilder/available-microdata-tablebuilder/australian-census-longitudinal-dataset/ACLD%202016_21%20detailed%20microdata.xlsx","2023-12-19","f8378ca88da84ca470ea25b7eb7de43a8de8e6f26a6dc2525596df855abfb1c6",TRUE,""
"madipge-acld16-d-person-16-21","LLDD_P_21","ACLD157","Dwelling Related Data Items","https://www.abs.gov.au/statistics/microdata-tablebuilder/available-microdata-tablebuilder/australian-census-longitudinal-dataset/ACLD%202016_21%20detailed%20microdata.xlsx","2023-12-19","f8378ca88da84ca470ea25b7eb7de43a8de8e6f26a6dc2525596df855abfb1c6",TRUE,""
"madipge-acld16-d-person-16-21","MBUCD_16","ACLD159","Geographical Areas","https://www.abs.gov.au/statistics/microdata-tablebuilder/available-microdata-tablebuilder/australian-census-longitudinal-dataset/ACLD%202016_21%20detailed%20microdata.xlsx","2023-12-19","f8378ca88da84ca470ea25b7eb7de43a8de8e6f26a6dc2525596df855abfb1c6",FALSE,"external_classification_reference_only"
"madipge-acld16-d-person-16-21","MBUCD_21","ACLD160","Geographical Areas","https://www.abs.gov.au/statistics/microdata-tablebuilder/available-microdata-tablebuilder/australian-census-longitudinal-dataset/ACLD%202016_21%20detailed%20microdata.xlsx","2023-12-19","f8378ca88da84ca470ea25b7eb7de43a8de8e6f26a6dc2525596df855abfb1c6",FALSE,"external_classification_reference_only"
"madipge-acld16-d-person-16-21","MBUCP_16","ACLD159","Geographical Areas","https://www.abs.gov.au/statistics/microdata-tablebuilder/available-microdata-tablebuilder/australian-census-longitudinal-dataset/ACLD%202016_21%20detailed%20microdata.xlsx","2023-12-19","f8378ca88da84ca470ea25b7eb7de43a8de8e6f26a6dc2525596df855abfb1c6",FALSE,"external_classification_reference_only"
"madipge-acld16-d-person-16-21","MBUCP_21","ACLD160","Geographical Areas","https://www.abs.gov.au/statistics/microdata-tablebuilder/available-microdata-tablebuilder/australian-census-longitudinal-dataset/ACLD%202016_21%20detailed%20microdata.xlsx","2023-12-19","f8378ca88da84ca470ea25b7eb7de43a8de8e6f26a6dc2525596df855abfb1c6",FALSE,"external_classification_reference_only"
"madipge-acld16-d-person-16-21","MDCP_16","ACLD161","Person Related Data Items","https://www.abs.gov.au/statistics/microdata-tablebuilder/available-microdata-tablebuilder/australian-census-longitudinal-dataset/ACLD%202016_21%20detailed%20microdata.xlsx","2023-12-19","f8378ca88da84ca470ea25b7eb7de43a8de8e6f26a6dc2525596df855abfb1c6",TRUE,""
"madipge-acld16-d-person-16-21","MDCP_21","ACLD161","Person Related Data Items","https://www.abs.gov.au/statistics/microdata-tablebuilder/available-microdata-tablebuilder/australian-census-longitudinal-dataset/ACLD%202016_21%20detailed%20microdata.xlsx","2023-12-19","f8378ca88da84ca470ea25b7eb7de43a8de8e6f26a6dc2525596df855abfb1c6",TRUE,""
"madipge-acld16-d-person-16-21","MDCP_FP_16","ACLD161","Female Parent Related Data","https://www.abs.gov.au/statistics/microdata-tablebuilder/available-microdata-tablebuilder/australian-census-longitudinal-dataset/ACLD%202016_21%20detailed%20microdata.xlsx","2023-12-19","f8378ca88da84ca470ea25b7eb7de43a8de8e6f26a6dc2525596df855abfb1c6",TRUE,""
"madipge-acld16-d-person-16-21","MDCP_FP_21","ACLD161","Female Parent Related Data","https://www.abs.gov.au/statistics/microdata-tablebuilder/available-microdata-tablebuilder/australian-census-longitudinal-dataset/ACLD%202016_21%20detailed%20microdata.xlsx","2023-12-19","f8378ca88da84ca470ea25b7eb7de43a8de8e6f26a6dc2525596df855abfb1c6",TRUE,""
"madipge-acld16-d-person-16-21","MDCP_MP_16","ACLD161","Male Parent Related Data Items","https://www.abs.gov.au/statistics/microdata-tablebuilder/available-microdata-tablebuilder/australian-census-longitudinal-dataset/ACLD%202016_21%20detailed%20microdata.xlsx","2023-12-19","f8378ca88da84ca470ea25b7eb7de43a8de8e6f26a6dc2525596df855abfb1c6",TRUE,""
"madipge-acld16-d-person-16-21","MDCP_MP_21","ACLD161","Male Parent Related Data Items","https://www.abs.gov.au/statistics/microdata-tablebuilder/available-microdata-tablebuilder/australian-census-longitudinal-dataset/ACLD%202016_21%20detailed%20microdata.xlsx","2023-12-19","f8378ca88da84ca470ea25b7eb7de43a8de8e6f26a6dc2525596df855abfb1c6",TRUE,""
"madipge-acld16-d-person-16-21","MDCP_SP_16","ACLD161","Spouse or Partner Data Items","https://www.abs.gov.au/statistics/microdata-tablebuilder/available-microdata-tablebuilder/australian-census-longitudinal-dataset/ACLD%202016_21%20detailed%20microdata.xlsx","2023-12-19","f8378ca88da84ca470ea25b7eb7de43a8de8e6f26a6dc2525596df855abfb1c6",TRUE,""
"madipge-acld16-d-person-16-21","MDCP_SP_21","ACLD161","Spouse or Partner Data Items","https://www.abs.gov.au/statistics/microdata-tablebuilder/available-microdata-tablebuilder/australian-census-longitudinal-dataset/ACLD%202016_21%20detailed%20microdata.xlsx","2023-12-19","f8378ca88da84ca470ea25b7eb7de43a8de8e6f26a6dc2525596df855abfb1c6",TRUE,""
"madipge-acld16-d-person-16-21","MRERD_P_16","ACLD162","Dwelling Related Data Items","https://www.abs.gov.au/statistics/microdata-tablebuilder/available-microdata-tablebuilder/australian-census-longitudinal-dataset/ACLD%202016_21%20detailed%20microdata.xlsx","2023-12-19","f8378ca88da84ca470ea25b7eb7de43a8de8e6f26a6dc2525596df855abfb1c6",TRUE,""
"madipge-acld16-d-person-16-21","MRERD_P_21","ACLD163","Dwelling Related Data Items","https://www.abs.gov.au/statistics/microdata-tablebuilder/available-microdata-tablebuilder/australian-census-longitudinal-dataset/ACLD%202016_21%20detailed%20microdata.xlsx","2023-12-19","f8378ca88da84ca470ea25b7eb7de43a8de8e6f26a6dc2525596df855abfb1c6",TRUE,""
"madipge-acld16-d-person-16-21","MSTP_16","ACLD164","Person Related Data Items","https://www.abs.gov.au/statistics/microdata-tablebuilder/available-microdata-tablebuilder/australian-census-longitudinal-dataset/ACLD%202016_21%20detailed%20microdata.xlsx","2023-12-19","f8378ca88da84ca470ea25b7eb7de43a8de8e6f26a6dc2525596df855abfb1c6",TRUE,""
"madipge-acld16-d-person-16-21","MSTP_21","ACLD164","Person Related Data Items","https://www.abs.gov.au/statistics/microdata-tablebuilder/available-microdata-tablebuilder/australian-census-longitudinal-dataset/ACLD%202016_21%20detailed%20microdata.xlsx","2023-12-19","f8378ca88da84ca470ea25b7eb7de43a8de8e6f26a6dc2525596df855abfb1c6",TRUE,""
"madipge-acld16-d-person-16-21","MSTP_FP_16","ACLD165","Female Parent Related Data","https://www.abs.gov.au/statistics/microdata-tablebuilder/available-microdata-tablebuilder/australian-census-longitudinal-dataset/ACLD%202016_21%20detailed%20microdata.xlsx","2023-12-19","f8378ca88da84ca470ea25b7eb7de43a8de8e6f26a6dc2525596df855abfb1c6",TRUE,""
"madipge-acld16-d-person-16-21","MSTP_FP_21","ACLD165","Female Parent Related Data","https://www.abs.gov.au/statistics/microdata-tablebuilder/available-microdata-tablebuilder/australian-census-longitudinal-dataset/ACLD%202016_21%20detailed%20microdata.xlsx","2023-12-19","f8378ca88da84ca470ea25b7eb7de43a8de8e6f26a6dc2525596df855abfb1c6",TRUE,""
"madipge-acld16-d-person-16-21","MSTP_MP_16","ACLD165","Male Parent Related Data Items","https://www.abs.gov.au/statistics/microdata-tablebuilder/available-microdata-tablebuilder/australian-census-longitudinal-dataset/ACLD%202016_21%20detailed%20microdata.xlsx","2023-12-19","f8378ca88da84ca470ea25b7eb7de43a8de8e6f26a6dc2525596df855abfb1c6",TRUE,""
"madipge-acld16-d-person-16-21","MSTP_MP_21","ACLD165","Male Parent Related Data Items","https://www.abs.gov.au/statistics/microdata-tablebuilder/available-microdata-tablebuilder/australian-census-longitudinal-dataset/ACLD%202016_21%20detailed%20microdata.xlsx","2023-12-19","f8378ca88da84ca470ea25b7eb7de43a8de8e6f26a6dc2525596df855abfb1c6",TRUE,""
"madipge-acld16-d-person-16-21","MSTP_SP_16","ACLD165","Spouse or Partner Data Items","https://www.abs.gov.au/statistics/microdata-tablebuilder/available-microdata-tablebuilder/australian-census-longitudinal-dataset/ACLD%202016_21%20detailed%20microdata.xlsx","2023-12-19","f8378ca88da84ca470ea25b7eb7de43a8de8e6f26a6dc2525596df855abfb1c6",TRUE,""
"madipge-acld16-d-person-16-21","MSTP_SP_21","ACLD165","Spouse or Partner Data Items","https://www.abs.gov.au/statistics/microdata-tablebuilder/available-microdata-tablebuilder/australian-census-longitudinal-dataset/ACLD%202016_21%20detailed%20microdata.xlsx","2023-12-19","f8378ca88da84ca470ea25b7eb7de43a8de8e6f26a6dc2525596df855abfb1c6",TRUE,""
"madipge-acld16-d-person-16-21","MTWP_16","ACLD166","Person Related Data Items","https://www.abs.gov.au/statistics/microdata-tablebuilder/available-microdata-tablebuilder/australian-census-longitudinal-dataset/ACLD%202016_21%20detailed%20microdata.xlsx","2023-12-19","f8378ca88da84ca470ea25b7eb7de43a8de8e6f26a6dc2525596df855abfb1c6",TRUE,""
"madipge-acld16-d-person-16-21","MTWP_21","ACLD167","Person Related Data Items","https://www.abs.gov.au/statistics/microdata-tablebuilder/available-microdata-tablebuilder/australian-census-longitudinal-dataset/ACLD%202016_21%20detailed%20microdata.xlsx","2023-12-19","f8378ca88da84ca470ea25b7eb7de43a8de8e6f26a6dc2525596df855abfb1c6",TRUE,""
"madipge-acld16-d-person-16-21","MV1D_P_16","ACLD168","Household Related Data Items","https://www.abs.gov.au/statistics/microdata-tablebuilder/available-microdata-tablebuilder/australian-census-longitudinal-dataset/ACLD%202016_21%20detailed%20microdata.xlsx","2023-12-19","f8378ca88da84ca470ea25b7eb7de43a8de8e6f26a6dc2525596df855abfb1c6",TRUE,""
"madipge-acld16-d-person-16-21","MV1D_P_21","ACLD168","Household Related Data Items","https://www.abs.gov.au/statistics/microdata-tablebuilder/available-microdata-tablebuilder/australian-census-longitudinal-dataset/ACLD%202016_21%20detailed%20microdata.xlsx","2023-12-19","f8378ca88da84ca470ea25b7eb7de43a8de8e6f26a6dc2525596df855abfb1c6",TRUE,""
"madipge-acld16-d-person-16-21","MV5D_P_16","ACLD169","Household Related Data Items","https://www.abs.gov.au/statistics/microdata-tablebuilder/available-microdata-tablebuilder/australian-census-longitudinal-dataset/ACLD%202016_21%20detailed%20microdata.xlsx","2023-12-19","f8378ca88da84ca470ea25b7eb7de43a8de8e6f26a6dc2525596df855abfb1c6",TRUE,""
"madipge-acld16-d-person-16-21","MV5D_P_21","ACLD169","Household Related Data Items","https://www.abs.gov.au/statistics/microdata-tablebuilder/available-microdata-tablebuilder/australian-census-longitudinal-dataset/ACLD%202016_21%20detailed%20microdata.xlsx","2023-12-19","f8378ca88da84ca470ea25b7eb7de43a8de8e6f26a6dc2525596df855abfb1c6",TRUE,""
"madipge-acld16-d-person-16-21","NEDD_P_16","ACLD171","Dwelling Related Data Items","https://www.abs.gov.au/statistics/microdata-tablebuilder/available-microdata-tablebuilder/australian-census-longitudinal-dataset/ACLD%202016_21%20detailed%20microdata.xlsx","2023-12-19","f8378ca88da84ca470ea25b7eb7de43a8de8e6f26a6dc2525596df855abfb1c6",TRUE,""
"madipge-acld16-d-person-16-21","NLFDIH_P_16","ACLD172","Household Related Data Items","https://www.abs.gov.au/statistics/microdata-tablebuilder/available-microdata-tablebuilder/australian-census-longitudinal-dataset/ACLD%202016_21%20detailed%20microdata.xlsx","2023-12-19","f8378ca88da84ca470ea25b7eb7de43a8de8e6f26a6dc2525596df855abfb1c6",TRUE,""
"madipge-acld16-d-person-16-21","NLFDIH_P_21","ACLD172","Household Related Data Items","https://www.abs.gov.au/statistics/microdata-tablebuilder/available-microdata-tablebuilder/australian-census-longitudinal-dataset/ACLD%202016_21%20detailed%20microdata.xlsx","2023-12-19","f8378ca88da84ca470ea25b7eb7de43a8de8e6f26a6dc2525596df855abfb1c6",TRUE,""
"madipge-acld16-d-person-16-21","NPDD_P_16","ACLD173","Dwelling Related Data Items","https://www.abs.gov.au/statistics/microdata-tablebuilder/available-microdata-tablebuilder/australian-census-longitudinal-dataset/ACLD%202016_21%20detailed%20microdata.xlsx","2023-12-19","f8378ca88da84ca470ea25b7eb7de43a8de8e6f26a6dc2525596df855abfb1c6",TRUE,""
"madipge-acld16-d-person-16-21","NPDD_P_21","ACLD173","Dwelling Related Data Items","https://www.abs.gov.au/statistics/microdata-tablebuilder/available-microdata-tablebuilder/australian-census-longitudinal-dataset/ACLD%202016_21%20detailed%20microdata.xlsx","2023-12-19","f8378ca88da84ca470ea25b7eb7de43a8de8e6f26a6dc2525596df855abfb1c6",TRUE,""
"madipge-acld16-d-person-16-21","NPRD_P_16","ACLD174","Household Related Data Items","https://www.abs.gov.au/statistics/microdata-tablebuilder/available-microdata-tablebuilder/australian-census-longitudinal-dataset/ACLD%202016_21%20detailed%20microdata.xlsx","2023-12-19","f8378ca88da84ca470ea25b7eb7de43a8de8e6f26a6dc2525596df855abfb1c6",TRUE,""
"madipge-acld16-d-person-16-21","NPRD_P_21","ACLD174","Household Related Data Items","https://www.abs.gov.au/statistics/microdata-tablebuilder/available-microdata-tablebuilder/australian-census-longitudinal-dataset/ACLD%202016_21%20detailed%20microdata.xlsx","2023-12-19","f8378ca88da84ca470ea25b7eb7de43a8de8e6f26a6dc2525596df855abfb1c6",TRUE,""
"madipge-acld16-d-person-16-21","OCCP_16","ACLD176","Person Related Data Items","https://www.abs.gov.au/statistics/microdata-tablebuilder/available-microdata-tablebuilder/australian-census-longitudinal-dataset/ACLD%202016_21%20detailed%20microdata.xlsx","2023-12-19","f8378ca88da84ca470ea25b7eb7de43a8de8e6f26a6dc2525596df855abfb1c6",FALSE,"external_classification_reference_only"
"madipge-acld16-d-person-16-21","OCCP_21","ACLD177","Person Related Data Items","https://www.abs.gov.au/statistics/microdata-tablebuilder/available-microdata-tablebuilder/australian-census-longitudinal-dataset/ACLD%202016_21%20detailed%20microdata.xlsx","2023-12-19","f8378ca88da84ca470ea25b7eb7de43a8de8e6f26a6dc2525596df855abfb1c6",FALSE,"external_classification_reference_only"
"madipge-acld16-d-person-16-21","OCCP_FP_16","ACLD178","Female Parent Related Data","https://www.abs.gov.au/statistics/microdata-tablebuilder/available-microdata-tablebuilder/australian-census-longitudinal-dataset/ACLD%202016_21%20detailed%20microdata.xlsx","2023-12-19","f8378ca88da84ca470ea25b7eb7de43a8de8e6f26a6dc2525596df855abfb1c6",TRUE,""
"madipge-acld16-d-person-16-21","OCCP_FP_21","ACLD178","Female Parent Related Data","https://www.abs.gov.au/statistics/microdata-tablebuilder/available-microdata-tablebuilder/australian-census-longitudinal-dataset/ACLD%202016_21%20detailed%20microdata.xlsx","2023-12-19","f8378ca88da84ca470ea25b7eb7de43a8de8e6f26a6dc2525596df855abfb1c6",TRUE,""
"madipge-acld16-d-person-16-21","OCCP_MP_16","ACLD178","Male Parent Related Data Items","https://www.abs.gov.au/statistics/microdata-tablebuilder/available-microdata-tablebuilder/australian-census-longitudinal-dataset/ACLD%202016_21%20detailed%20microdata.xlsx","2023-12-19","f8378ca88da84ca470ea25b7eb7de43a8de8e6f26a6dc2525596df855abfb1c6",TRUE,""
"madipge-acld16-d-person-16-21","OCCP_MP_21","ACLD178","Male Parent Related Data Items","https://www.abs.gov.au/statistics/microdata-tablebuilder/available-microdata-tablebuilder/australian-census-longitudinal-dataset/ACLD%202016_21%20detailed%20microdata.xlsx","2023-12-19","f8378ca88da84ca470ea25b7eb7de43a8de8e6f26a6dc2525596df855abfb1c6",TRUE,""
"madipge-acld16-d-person-16-21","OCCP_SP_16","ACLD178","Spouse or Partner Data Items","https://www.abs.gov.au/statistics/microdata-tablebuilder/available-microdata-tablebuilder/australian-census-longitudinal-dataset/ACLD%202016_21%20detailed%20microdata.xlsx","2023-12-19","f8378ca88da84ca470ea25b7eb7de43a8de8e6f26a6dc2525596df855abfb1c6",TRUE,""
"madipge-acld16-d-person-16-21","OCCP_SP_21","ACLD178","Spouse or Partner Data Items","https://www.abs.gov.au/statistics/microdata-tablebuilder/available-microdata-tablebuilder/australian-census-longitudinal-dataset/ACLD%202016_21%20detailed%20microdata.xlsx","2023-12-19","f8378ca88da84ca470ea25b7eb7de43a8de8e6f26a6dc2525596df855abfb1c6",TRUE,""
"madipge-acld16-d-person-16-21","OCSKP_16","ACLD179","Person Related Data Items","https://www.abs.gov.au/statistics/microdata-tablebuilder/available-microdata-tablebuilder/australian-census-longitudinal-dataset/ACLD%202016_21%20detailed%20microdata.xlsx","2023-12-19","f8378ca88da84ca470ea25b7eb7de43a8de8e6f26a6dc2525596df855abfb1c6",TRUE,""
"madipge-acld16-d-person-16-21","OCSKP_21","ACLD180","Person Related Data Items","https://www.abs.gov.au/statistics/microdata-tablebuilder/available-microdata-tablebuilder/australian-census-longitudinal-dataset/ACLD%202016_21%20detailed%20microdata.xlsx","2023-12-19","f8378ca88da84ca470ea25b7eb7de43a8de8e6f26a6dc2525596df855abfb1c6",TRUE,""
"madipge-acld16-d-person-16-21","OCSKP_FP_16","ACLD179","Female Parent Related Data","https://www.abs.gov.au/statistics/microdata-tablebuilder/available-microdata-tablebuilder/australian-census-longitudinal-dataset/ACLD%202016_21%20detailed%20microdata.xlsx","2023-12-19","f8378ca88da84ca470ea25b7eb7de43a8de8e6f26a6dc2525596df855abfb1c6",TRUE,""
"madipge-acld16-d-person-16-21","OCSKP_FP_21","ACLD179","Female Parent Related Data","https://www.abs.gov.au/statistics/microdata-tablebuilder/available-microdata-tablebuilder/australian-census-longitudinal-dataset/ACLD%202016_21%20detailed%20microdata.xlsx","2023-12-19","f8378ca88da84ca470ea25b7eb7de43a8de8e6f26a6dc2525596df855abfb1c6",TRUE,""
"madipge-acld16-d-person-16-21","OCSKP_MP_16","ACLD181","Male Parent Related Data Items","https://www.abs.gov.au/statistics/microdata-tablebuilder/available-microdata-tablebuilder/australian-census-longitudinal-dataset/ACLD%202016_21%20detailed%20microdata.xlsx","2023-12-19","f8378ca88da84ca470ea25b7eb7de43a8de8e6f26a6dc2525596df855abfb1c6",TRUE,""
"madipge-acld16-d-person-16-21","OCSKP_MP_21","ACLD181","Male Parent Related Data Items","https://www.abs.gov.au/statistics/microdata-tablebuilder/available-microdata-tablebuilder/australian-census-longitudinal-dataset/ACLD%202016_21%20detailed%20microdata.xlsx","2023-12-19","f8378ca88da84ca470ea25b7eb7de43a8de8e6f26a6dc2525596df855abfb1c6",TRUE,""
"madipge-acld16-d-person-16-21","OCSKP_SP_16","ACLD179","Spouse or Partner Data Items","https://www.abs.gov.au/statistics/microdata-tablebuilder/available-microdata-tablebuilder/australian-census-longitudinal-dataset/ACLD%202016_21%20detailed%20microdata.xlsx","2023-12-19","f8378ca88da84ca470ea25b7eb7de43a8de8e6f26a6dc2525596df855abfb1c6",TRUE,""
"madipge-acld16-d-person-16-21","OCSKP_SP_21","ACLD179","Spouse or Partner Data Items","https://www.abs.gov.au/statistics/microdata-tablebuilder/available-microdata-tablebuilder/australian-census-longitudinal-dataset/ACLD%202016_21%20detailed%20microdata.xlsx","2023-12-19","f8378ca88da84ca470ea25b7eb7de43a8de8e6f26a6dc2525596df855abfb1c6",TRUE,""
"madipge-acld16-d-person-16-21","POWP_16","ACLD183","Geographical Areas","https://www.abs.gov.au/statistics/microdata-tablebuilder/available-microdata-tablebuilder/australian-census-longitudinal-dataset/ACLD%202016_21%20detailed%20microdata.xlsx","2023-12-19","f8378ca88da84ca470ea25b7eb7de43a8de8e6f26a6dc2525596df855abfb1c6",FALSE,"external_classification_reference_only"
"madipge-acld16-d-person-16-21","POWP_21","ACLD184","Geographical Areas","https://www.abs.gov.au/statistics/microdata-tablebuilder/available-microdata-tablebuilder/australian-census-longitudinal-dataset/ACLD%202016_21%20detailed%20microdata.xlsx","2023-12-19","f8378ca88da84ca470ea25b7eb7de43a8de8e6f26a6dc2525596df855abfb1c6",FALSE,"external_classification_reference_only"
"madipge-acld16-d-person-16-21","POWP_SA2_16","ACLD183","Geographical Areas","https://www.abs.gov.au/statistics/microdata-tablebuilder/available-microdata-tablebuilder/australian-census-longitudinal-dataset/ACLD%202016_21%20detailed%20microdata.xlsx","2023-12-19","f8378ca88da84ca470ea25b7eb7de43a8de8e6f26a6dc2525596df855abfb1c6",FALSE,"external_classification_reference_only"
"madipge-acld16-d-person-16-21","POWP_SA2_21","ACLD184","Geographical Areas","https://www.abs.gov.au/statistics/microdata-tablebuilder/available-microdata-tablebuilder/australian-census-longitudinal-dataset/ACLD%202016_21%20detailed%20microdata.xlsx","2023-12-19","f8378ca88da84ca470ea25b7eb7de43a8de8e6f26a6dc2525596df855abfb1c6",FALSE,"external_classification_reference_only"
"madipge-acld16-d-person-16-21","PUR1P_16","ACLD185","Person Related Data Items","https://www.abs.gov.au/statistics/microdata-tablebuilder/available-microdata-tablebuilder/australian-census-longitudinal-dataset/ACLD%202016_21%20detailed%20microdata.xlsx","2023-12-19","f8378ca88da84ca470ea25b7eb7de43a8de8e6f26a6dc2525596df855abfb1c6",TRUE,""
"madipge-acld16-d-person-16-21","PUR1P_21","ACLD185","Person Related Data Items","https://www.abs.gov.au/statistics/microdata-tablebuilder/available-microdata-tablebuilder/australian-census-longitudinal-dataset/ACLD%202016_21%20detailed%20microdata.xlsx","2023-12-19","f8378ca88da84ca470ea25b7eb7de43a8de8e6f26a6dc2525596df855abfb1c6",TRUE,""
"madipge-acld16-d-person-16-21","PUR5P_16","ACLD185","Person Related Data Items","https://www.abs.gov.au/statistics/microdata-tablebuilder/available-microdata-tablebuilder/australian-census-longitudinal-dataset/ACLD%202016_21%20detailed%20microdata.xlsx","2023-12-19","f8378ca88da84ca470ea25b7eb7de43a8de8e6f26a6dc2525596df855abfb1c6",TRUE,""
"madipge-acld16-d-person-16-21","PUR5P_21","ACLD185","Person Related Data Items","https://www.abs.gov.au/statistics/microdata-tablebuilder/available-microdata-tablebuilder/australian-census-longitudinal-dataset/ACLD%202016_21%20detailed%20microdata.xlsx","2023-12-19","f8378ca88da84ca470ea25b7eb7de43a8de8e6f26a6dc2525596df855abfb1c6",TRUE,""
"madipge-acld16-d-person-16-21","QALFP_16","ACLD187","Person Related Data Items","https://www.abs.gov.au/statistics/microdata-tablebuilder/available-microdata-tablebuilder/australian-census-longitudinal-dataset/ACLD%202016_21%20detailed%20microdata.xlsx","2023-12-19","f8378ca88da84ca470ea25b7eb7de43a8de8e6f26a6dc2525596df855abfb1c6",FALSE,"external_classification_reference_only"
"madipge-acld16-d-person-16-21","QALFP_21","ACLD188","Person Related Data Items","https://www.abs.gov.au/statistics/microdata-tablebuilder/available-microdata-tablebuilder/australian-census-longitudinal-dataset/ACLD%202016_21%20detailed%20microdata.xlsx","2023-12-19","f8378ca88da84ca470ea25b7eb7de43a8de8e6f26a6dc2525596df855abfb1c6",FALSE,"external_classification_reference_only"
"madipge-acld16-d-person-16-21","QALFP_FP_16","ACLD189","Female Parent Related Data","https://www.abs.gov.au/statistics/microdata-tablebuilder/available-microdata-tablebuilder/australian-census-longitudinal-dataset/ACLD%202016_21%20detailed%20microdata.xlsx","2023-12-19","f8378ca88da84ca470ea25b7eb7de43a8de8e6f26a6dc2525596df855abfb1c6",TRUE,""
"madipge-acld16-d-person-16-21","QALFP_FP_21","ACLD189","Female Parent Related Data","https://www.abs.gov.au/statistics/microdata-tablebuilder/available-microdata-tablebuilder/australian-census-longitudinal-dataset/ACLD%202016_21%20detailed%20microdata.xlsx","2023-12-19","f8378ca88da84ca470ea25b7eb7de43a8de8e6f26a6dc2525596df855abfb1c6",TRUE,""
"madipge-acld16-d-person-16-21","QALFP_MP_16","ACLD189","Male Parent Related Data Items","https://www.abs.gov.au/statistics/microdata-tablebuilder/available-microdata-tablebuilder/australian-census-longitudinal-dataset/ACLD%202016_21%20detailed%20microdata.xlsx","2023-12-19","f8378ca88da84ca470ea25b7eb7de43a8de8e6f26a6dc2525596df855abfb1c6",TRUE,""
"madipge-acld16-d-person-16-21","QALFP_MP_21","ACLD189","Male Parent Related Data Items","https://www.abs.gov.au/statistics/microdata-tablebuilder/available-microdata-tablebuilder/australian-census-longitudinal-dataset/ACLD%202016_21%20detailed%20microdata.xlsx","2023-12-19","f8378ca88da84ca470ea25b7eb7de43a8de8e6f26a6dc2525596df855abfb1c6",TRUE,""
"madipge-acld16-d-person-16-21","QALFP_SP_16","ACLD189","Spouse or Partner Data Items","https://www.abs.gov.au/statistics/microdata-tablebuilder/available-microdata-tablebuilder/australian-census-longitudinal-dataset/ACLD%202016_21%20detailed%20microdata.xlsx","2023-12-19","f8378ca88da84ca470ea25b7eb7de43a8de8e6f26a6dc2525596df855abfb1c6",TRUE,""
"madipge-acld16-d-person-16-21","QALFP_SP_21","ACLD189","Spouse or Partner Data Items","https://www.abs.gov.au/statistics/microdata-tablebuilder/available-microdata-tablebuilder/australian-census-longitudinal-dataset/ACLD%202016_21%20detailed%20microdata.xlsx","2023-12-19","f8378ca88da84ca470ea25b7eb7de43a8de8e6f26a6dc2525596df855abfb1c6",TRUE,""
"madipge-acld16-d-person-16-21","QALLP_16","ACLD190","Person Related Data Items","https://www.abs.gov.au/statistics/microdata-tablebuilder/available-microdata-tablebuilder/australian-census-longitudinal-dataset/ACLD%202016_21%20detailed%20microdata.xlsx","2023-12-19","f8378ca88da84ca470ea25b7eb7de43a8de8e6f26a6dc2525596df855abfb1c6",TRUE,""
"madipge-acld16-d-person-16-21","QALLP_21","ACLD190","Person Related Data Items","https://www.abs.gov.au/statistics/microdata-tablebuilder/available-microdata-tablebuilder/australian-census-longitudinal-dataset/ACLD%202016_21%20detailed%20microdata.xlsx","2023-12-19","f8378ca88da84ca470ea25b7eb7de43a8de8e6f26a6dc2525596df855abfb1c6",TRUE,""
"madipge-acld16-d-person-16-21","QALLP_FP_16","ACLD190","Female Parent Related Data","https://www.abs.gov.au/statistics/microdata-tablebuilder/available-microdata-tablebuilder/australian-census-longitudinal-dataset/ACLD%202016_21%20detailed%20microdata.xlsx","2023-12-19","f8378ca88da84ca470ea25b7eb7de43a8de8e6f26a6dc2525596df855abfb1c6",TRUE,""
"madipge-acld16-d-person-16-21","QALLP_FP_21","ACLD190","Female Parent Related Data","https://www.abs.gov.au/statistics/microdata-tablebuilder/available-microdata-tablebuilder/australian-census-longitudinal-dataset/ACLD%202016_21%20detailed%20microdata.xlsx","2023-12-19","f8378ca88da84ca470ea25b7eb7de43a8de8e6f26a6dc2525596df855abfb1c6",TRUE,""
"madipge-acld16-d-person-16-21","QALLP_MP_16","ACLD190","Male Parent Related Data Items","https://www.abs.gov.au/statistics/microdata-tablebuilder/available-microdata-tablebuilder/australian-census-longitudinal-dataset/ACLD%202016_21%20detailed%20microdata.xlsx","2023-12-19","f8378ca88da84ca470ea25b7eb7de43a8de8e6f26a6dc2525596df855abfb1c6",TRUE,""
"madipge-acld16-d-person-16-21","QALLP_MP_21","ACLD190","Male Parent Related Data Items","https://www.abs.gov.au/statistics/microdata-tablebuilder/available-microdata-tablebuilder/australian-census-longitudinal-dataset/ACLD%202016_21%20detailed%20microdata.xlsx","2023-12-19","f8378ca88da84ca470ea25b7eb7de43a8de8e6f26a6dc2525596df855abfb1c6",TRUE,""
"madipge-acld16-d-person-16-21","QALLP_SP_16","ACLD190","Spouse or Partner Data Items","https://www.abs.gov.au/statistics/microdata-tablebuilder/available-microdata-tablebuilder/australian-census-longitudinal-dataset/ACLD%202016_21%20detailed%20microdata.xlsx","2023-12-19","f8378ca88da84ca470ea25b7eb7de43a8de8e6f26a6dc2525596df855abfb1c6",TRUE,""
"madipge-acld16-d-person-16-21","QALLP_SP_21","ACLD190","Spouse or Partner Data Items","https://www.abs.gov.au/statistics/microdata-tablebuilder/available-microdata-tablebuilder/australian-census-longitudinal-dataset/ACLD%202016_21%20detailed%20microdata.xlsx","2023-12-19","f8378ca88da84ca470ea25b7eb7de43a8de8e6f26a6dc2525596df855abfb1c6",TRUE,""
"madipge-acld16-d-person-16-21","RA_UR_16","ACLD191","Geographical Areas","https://www.abs.gov.au/statistics/microdata-tablebuilder/available-microdata-tablebuilder/australian-census-longitudinal-dataset/ACLD%202016_21%20detailed%20microdata.xlsx","2023-12-19","f8378ca88da84ca470ea25b7eb7de43a8de8e6f26a6dc2525596df855abfb1c6",FALSE,"external_classification_reference_only"
"madipge-acld16-d-person-16-21","RA_UR_21","ACLD192","Geographical Areas","https://www.abs.gov.au/statistics/microdata-tablebuilder/available-microdata-tablebuilder/australian-census-longitudinal-dataset/ACLD%202016_21%20detailed%20microdata.xlsx","2023-12-19","f8378ca88da84ca470ea25b7eb7de43a8de8e6f26a6dc2525596df855abfb1c6",FALSE,"external_classification_reference_only"
"madipge-acld16-d-person-16-21","RELP_16","ACLD194","Person Related Data Items","https://www.abs.gov.au/statistics/microdata-tablebuilder/available-microdata-tablebuilder/australian-census-longitudinal-dataset/ACLD%202016_21%20detailed%20microdata.xlsx","2023-12-19","f8378ca88da84ca470ea25b7eb7de43a8de8e6f26a6dc2525596df855abfb1c6",TRUE,""
"madipge-acld16-d-person-16-21","RELP_21","ACLD194","Person Related Data Items","https://www.abs.gov.au/statistics/microdata-tablebuilder/available-microdata-tablebuilder/australian-census-longitudinal-dataset/ACLD%202016_21%20detailed%20microdata.xlsx","2023-12-19","f8378ca88da84ca470ea25b7eb7de43a8de8e6f26a6dc2525596df855abfb1c6",TRUE,""
"madipge-acld16-d-person-16-21","RELP_FP_16","ACLD196","Female Parent Related Data","https://www.abs.gov.au/statistics/microdata-tablebuilder/available-microdata-tablebuilder/australian-census-longitudinal-dataset/ACLD%202016_21%20detailed%20microdata.xlsx","2023-12-19","f8378ca88da84ca470ea25b7eb7de43a8de8e6f26a6dc2525596df855abfb1c6",TRUE,""
"madipge-acld16-d-person-16-21","RELP_FP_21","ACLD196","Female Parent Related Data","https://www.abs.gov.au/statistics/microdata-tablebuilder/available-microdata-tablebuilder/australian-census-longitudinal-dataset/ACLD%202016_21%20detailed%20microdata.xlsx","2023-12-19","f8378ca88da84ca470ea25b7eb7de43a8de8e6f26a6dc2525596df855abfb1c6",TRUE,""
"madipge-acld16-d-person-16-21","RELP_MP_16","ACLD198","Male Parent Related Data Items","https://www.abs.gov.au/statistics/microdata-tablebuilder/available-microdata-tablebuilder/australian-census-longitudinal-dataset/ACLD%202016_21%20detailed%20microdata.xlsx","2023-12-19","f8378ca88da84ca470ea25b7eb7de43a8de8e6f26a6dc2525596df855abfb1c6",TRUE,""
"madipge-acld16-d-person-16-21","RELP_MP_21","ACLD198","Male Parent Related Data Items","https://www.abs.gov.au/statistics/microdata-tablebuilder/available-microdata-tablebuilder/australian-census-longitudinal-dataset/ACLD%202016_21%20detailed%20microdata.xlsx","2023-12-19","f8378ca88da84ca470ea25b7eb7de43a8de8e6f26a6dc2525596df855abfb1c6",TRUE,""
"madipge-acld16-d-person-16-21","RELP_SP_16","ACLD198","Spouse or Partner Data Items","https://www.abs.gov.au/statistics/microdata-tablebuilder/available-microdata-tablebuilder/australian-census-longitudinal-dataset/ACLD%202016_21%20detailed%20microdata.xlsx","2023-12-19","f8378ca88da84ca470ea25b7eb7de43a8de8e6f26a6dc2525596df855abfb1c6",TRUE,""
"madipge-acld16-d-person-16-21","RELP_SP_21","ACLD198","Spouse or Partner Data Items","https://www.abs.gov.au/statistics/microdata-tablebuilder/available-microdata-tablebuilder/australian-census-longitudinal-dataset/ACLD%202016_21%20detailed%20microdata.xlsx","2023-12-19","f8378ca88da84ca470ea25b7eb7de43a8de8e6f26a6dc2525596df855abfb1c6",TRUE,""
"madipge-acld16-d-person-16-21","RLGP_16","ACLD199","Person Related Data Items","https://www.abs.gov.au/statistics/microdata-tablebuilder/available-microdata-tablebuilder/australian-census-longitudinal-dataset/ACLD%202016_21%20detailed%20microdata.xlsx","2023-12-19","f8378ca88da84ca470ea25b7eb7de43a8de8e6f26a6dc2525596df855abfb1c6",TRUE,""
"madipge-acld16-d-person-16-21","RLGP_21","ACLD199","Person Related Data Items","https://www.abs.gov.au/statistics/microdata-tablebuilder/available-microdata-tablebuilder/australian-census-longitudinal-dataset/ACLD%202016_21%20detailed%20microdata.xlsx","2023-12-19","f8378ca88da84ca470ea25b7eb7de43a8de8e6f26a6dc2525596df855abfb1c6",TRUE,""
"madipge-acld16-d-person-16-21","RLHP_16","ACLD200","Person Related Data Items","https://www.abs.gov.au/statistics/microdata-tablebuilder/available-microdata-tablebuilder/australian-census-longitudinal-dataset/ACLD%202016_21%20detailed%20microdata.xlsx","2023-12-19","f8378ca88da84ca470ea25b7eb7de43a8de8e6f26a6dc2525596df855abfb1c6",TRUE,""
"madipge-acld16-d-person-16-21","RLHP_21","ACLD200","Person Related Data Items","https://www.abs.gov.au/statistics/microdata-tablebuilder/available-microdata-tablebuilder/australian-census-longitudinal-dataset/ACLD%202016_21%20detailed%20microdata.xlsx","2023-12-19","f8378ca88da84ca470ea25b7eb7de43a8de8e6f26a6dc2525596df855abfb1c6",TRUE,""
"madipge-acld16-d-person-16-21","RLNP_16","ACLD201","Dwelling Related Data Items","https://www.abs.gov.au/statistics/microdata-tablebuilder/available-microdata-tablebuilder/australian-census-longitudinal-dataset/ACLD%202016_21%20detailed%20microdata.xlsx","2023-12-19","f8378ca88da84ca470ea25b7eb7de43a8de8e6f26a6dc2525596df855abfb1c6",TRUE,""
"madipge-acld16-d-person-16-21","RLNP_21","ACLD201","Dwelling Related Data Items","https://www.abs.gov.au/statistics/microdata-tablebuilder/available-microdata-tablebuilder/australian-census-longitudinal-dataset/ACLD%202016_21%20detailed%20microdata.xlsx","2023-12-19","f8378ca88da84ca470ea25b7eb7de43a8de8e6f26a6dc2525596df855abfb1c6",TRUE,""
"madipge-acld16-d-person-16-21","RNTRD_P_16","ACLD203","Dwelling Related Data Items","https://www.abs.gov.au/statistics/microdata-tablebuilder/available-microdata-tablebuilder/australian-census-longitudinal-dataset/ACLD%202016_21%20detailed%20microdata.xlsx","2023-12-19","f8378ca88da84ca470ea25b7eb7de43a8de8e6f26a6dc2525596df855abfb1c6",TRUE,""
"madipge-acld16-d-person-16-21","RNTRD_P_21","ACLD204","Dwelling Related Data Items","https://www.abs.gov.au/statistics/microdata-tablebuilder/available-microdata-tablebuilder/australian-census-longitudinal-dataset/ACLD%202016_21%20detailed%20microdata.xlsx","2023-12-19","f8378ca88da84ca470ea25b7eb7de43a8de8e6f26a6dc2525596df855abfb1c6",TRUE,""
"madipge-acld16-d-person-16-21","SA1UCD_16","ACLD206","Geographical Areas","https://www.abs.gov.au/statistics/microdata-tablebuilder/available-microdata-tablebuilder/australian-census-longitudinal-dataset/ACLD%202016_21%20detailed%20microdata.xlsx","2023-12-19","f8378ca88da84ca470ea25b7eb7de43a8de8e6f26a6dc2525596df855abfb1c6",FALSE,"external_classification_reference_only"
"madipge-acld16-d-person-16-21","SA1UCD_21","ACLD207","Geographical Areas","https://www.abs.gov.au/statistics/microdata-tablebuilder/available-microdata-tablebuilder/australian-census-longitudinal-dataset/ACLD%202016_21%20detailed%20microdata.xlsx","2023-12-19","f8378ca88da84ca470ea25b7eb7de43a8de8e6f26a6dc2525596df855abfb1c6",FALSE,"external_classification_reference_only"
"madipge-acld16-d-person-16-21","SA1UCP_16","ACLD206","Geographical Areas","https://www.abs.gov.au/statistics/microdata-tablebuilder/available-microdata-tablebuilder/australian-census-longitudinal-dataset/ACLD%202016_21%20detailed%20microdata.xlsx","2023-12-19","f8378ca88da84ca470ea25b7eb7de43a8de8e6f26a6dc2525596df855abfb1c6",FALSE,"external_classification_reference_only"
"madipge-acld16-d-person-16-21","SA1UCP_21","ACLD208","Geographical Areas","https://www.abs.gov.au/statistics/microdata-tablebuilder/available-microdata-tablebuilder/australian-census-longitudinal-dataset/ACLD%202016_21%20detailed%20microdata.xlsx","2023-12-19","f8378ca88da84ca470ea25b7eb7de43a8de8e6f26a6dc2525596df855abfb1c6",FALSE,"external_classification_reference_only"
"madipge-acld16-d-person-16-21","SA2_MOVE_1YR_21","ACLD210","Quality Indicators","https://www.abs.gov.au/statistics/microdata-tablebuilder/available-microdata-tablebuilder/australian-census-longitudinal-dataset/ACLD%202016_21%20detailed%20microdata.xlsx","2023-12-19","f8378ca88da84ca470ea25b7eb7de43a8de8e6f26a6dc2525596df855abfb1c6",TRUE,""
"madipge-acld16-d-person-16-21","SA2_MOVE_5YR_21","ACLD212","Quality Indicators","https://www.abs.gov.au/statistics/microdata-tablebuilder/available-microdata-tablebuilder/australian-census-longitudinal-dataset/ACLD%202016_21%20detailed%20microdata.xlsx","2023-12-19","f8378ca88da84ca470ea25b7eb7de43a8de8e6f26a6dc2525596df855abfb1c6",TRUE,""
"madipge-acld16-d-person-16-21","SA2UCD_16","ACLD183","Geographical Areas","https://www.abs.gov.au/statistics/microdata-tablebuilder/available-microdata-tablebuilder/australian-census-longitudinal-dataset/ACLD%202016_21%20detailed%20microdata.xlsx","2023-12-19","f8378ca88da84ca470ea25b7eb7de43a8de8e6f26a6dc2525596df855abfb1c6",FALSE,"external_classification_reference_only"
"madipge-acld16-d-person-16-21","SA2UCD_16_ASGS21","ACLD183","Geographical Concordance","https://www.abs.gov.au/statistics/microdata-tablebuilder/available-microdata-tablebuilder/australian-census-longitudinal-dataset/ACLD%202016_21%20detailed%20microdata.xlsx","2023-12-19","f8378ca88da84ca470ea25b7eb7de43a8de8e6f26a6dc2525596df855abfb1c6",FALSE,"external_classification_reference_only"
"madipge-acld16-d-person-16-21","SA2UCD_21","ACLD184","Geographical Areas","https://www.abs.gov.au/statistics/microdata-tablebuilder/available-microdata-tablebuilder/australian-census-longitudinal-dataset/ACLD%202016_21%20detailed%20microdata.xlsx","2023-12-19","f8378ca88da84ca470ea25b7eb7de43a8de8e6f26a6dc2525596df855abfb1c6",FALSE,"external_classification_reference_only"
"madipge-acld16-d-person-16-21","SA2UCP_16","ACLD183","Geographical Areas","https://www.abs.gov.au/statistics/microdata-tablebuilder/available-microdata-tablebuilder/australian-census-longitudinal-dataset/ACLD%202016_21%20detailed%20microdata.xlsx","2023-12-19","f8378ca88da84ca470ea25b7eb7de43a8de8e6f26a6dc2525596df855abfb1c6",FALSE,"external_classification_reference_only"
"madipge-acld16-d-person-16-21","SA2UCP_16_ASGS21","ACLD183","Geographical Concordance","https://www.abs.gov.au/statistics/microdata-tablebuilder/available-microdata-tablebuilder/australian-census-longitudinal-dataset/ACLD%202016_21%20detailed%20microdata.xlsx","2023-12-19","f8378ca88da84ca470ea25b7eb7de43a8de8e6f26a6dc2525596df855abfb1c6",FALSE,"external_classification_reference_only"
"madipge-acld16-d-person-16-21","SA2UCP_21","ACLD184","Geographical Areas","https://www.abs.gov.au/statistics/microdata-tablebuilder/available-microdata-tablebuilder/australian-census-longitudinal-dataset/ACLD%202016_21%20detailed%20microdata.xlsx","2023-12-19","f8378ca88da84ca470ea25b7eb7de43a8de8e6f26a6dc2525596df855abfb1c6",FALSE,"external_classification_reference_only"
"madipge-acld16-d-person-16-21","SEXP_16","ACLD213","Person Related Data Items","https://www.abs.gov.au/statistics/microdata-tablebuilder/available-microdata-tablebuilder/australian-census-longitudinal-dataset/ACLD%202016_21%20detailed%20microdata.xlsx","2023-12-19","f8378ca88da84ca470ea25b7eb7de43a8de8e6f26a6dc2525596df855abfb1c6",TRUE,""
"madipge-acld16-d-person-16-21","SEXP_21","ACLD213","Person Related Data Items","https://www.abs.gov.au/statistics/microdata-tablebuilder/available-microdata-tablebuilder/australian-census-longitudinal-dataset/ACLD%202016_21%20detailed%20microdata.xlsx","2023-12-19","f8378ca88da84ca470ea25b7eb7de43a8de8e6f26a6dc2525596df855abfb1c6",TRUE,""
"madipge-acld16-d-person-16-21","SIEMP_16","ACLD214","Person Related Data Items","https://www.abs.gov.au/statistics/microdata-tablebuilder/available-microdata-tablebuilder/australian-census-longitudinal-dataset/ACLD%202016_21%20detailed%20microdata.xlsx","2023-12-19","f8378ca88da84ca470ea25b7eb7de43a8de8e6f26a6dc2525596df855abfb1c6",TRUE,""
"madipge-acld16-d-person-16-21","SIEMP_21","ACLD214","Person Related Data Items","https://www.abs.gov.au/statistics/microdata-tablebuilder/available-microdata-tablebuilder/australian-census-longitudinal-dataset/ACLD%202016_21%20detailed%20microdata.xlsx","2023-12-19","f8378ca88da84ca470ea25b7eb7de43a8de8e6f26a6dc2525596df855abfb1c6",TRUE,""
"madipge-acld16-d-person-16-21","SIEMP_FP_16","ACLD214","Female Parent Related Data","https://www.abs.gov.au/statistics/microdata-tablebuilder/available-microdata-tablebuilder/australian-census-longitudinal-dataset/ACLD%202016_21%20detailed%20microdata.xlsx","2023-12-19","f8378ca88da84ca470ea25b7eb7de43a8de8e6f26a6dc2525596df855abfb1c6",TRUE,""
"madipge-acld16-d-person-16-21","SIEMP_FP_21","ACLD214","Female Parent Related Data","https://www.abs.gov.au/statistics/microdata-tablebuilder/available-microdata-tablebuilder/australian-census-longitudinal-dataset/ACLD%202016_21%20detailed%20microdata.xlsx","2023-12-19","f8378ca88da84ca470ea25b7eb7de43a8de8e6f26a6dc2525596df855abfb1c6",TRUE,""
"madipge-acld16-d-person-16-21","SIEMP_MP_16","ACLD214","Male Parent Related Data Items","https://www.abs.gov.au/statistics/microdata-tablebuilder/available-microdata-tablebuilder/australian-census-longitudinal-dataset/ACLD%202016_21%20detailed%20microdata.xlsx","2023-12-19","f8378ca88da84ca470ea25b7eb7de43a8de8e6f26a6dc2525596df855abfb1c6",TRUE,""
"madipge-acld16-d-person-16-21","SIEMP_MP_21","ACLD214","Male Parent Related Data Items","https://www.abs.gov.au/statistics/microdata-tablebuilder/available-microdata-tablebuilder/australian-census-longitudinal-dataset/ACLD%202016_21%20detailed%20microdata.xlsx","2023-12-19","f8378ca88da84ca470ea25b7eb7de43a8de8e6f26a6dc2525596df855abfb1c6",TRUE,""
"madipge-acld16-d-person-16-21","SIEMP_SP_16","ACLD214","Spouse or Partner Data Items","https://www.abs.gov.au/statistics/microdata-tablebuilder/available-microdata-tablebuilder/australian-census-longitudinal-dataset/ACLD%202016_21%20detailed%20microdata.xlsx","2023-12-19","f8378ca88da84ca470ea25b7eb7de43a8de8e6f26a6dc2525596df855abfb1c6",TRUE,""
"madipge-acld16-d-person-16-21","SIEMP_SP_21","ACLD214","Spouse or Partner Data Items","https://www.abs.gov.au/statistics/microdata-tablebuilder/available-microdata-tablebuilder/australian-census-longitudinal-dataset/ACLD%202016_21%20detailed%20microdata.xlsx","2023-12-19","f8378ca88da84ca470ea25b7eb7de43a8de8e6f26a6dc2525596df855abfb1c6",TRUE,""
"madipge-acld16-d-person-16-21","STATE_MOVE_1YR_21","ACLD216","Quality Indicators","https://www.abs.gov.au/statistics/microdata-tablebuilder/available-microdata-tablebuilder/australian-census-longitudinal-dataset/ACLD%202016_21%20detailed%20microdata.xlsx","2023-12-19","f8378ca88da84ca470ea25b7eb7de43a8de8e6f26a6dc2525596df855abfb1c6",TRUE,""
"madipge-acld16-d-person-16-21","STATE_MOVE_5YR_21","ACLD218","Quality Indicators","https://www.abs.gov.au/statistics/microdata-tablebuilder/available-microdata-tablebuilder/australian-census-longitudinal-dataset/ACLD%202016_21%20detailed%20microdata.xlsx","2023-12-19","f8378ca88da84ca470ea25b7eb7de43a8de8e6f26a6dc2525596df855abfb1c6",TRUE,""
"madipge-acld16-d-person-16-21","STRD_P_16","ACLD219","Dwelling Related Data Items","https://www.abs.gov.au/statistics/microdata-tablebuilder/available-microdata-tablebuilder/australian-census-longitudinal-dataset/ACLD%202016_21%20detailed%20microdata.xlsx","2023-12-19","f8378ca88da84ca470ea25b7eb7de43a8de8e6f26a6dc2525596df855abfb1c6",TRUE,""
"madipge-acld16-d-person-16-21","STRD_P_21","ACLD219","Dwelling Related Data Items","https://www.abs.gov.au/statistics/microdata-tablebuilder/available-microdata-tablebuilder/australian-census-longitudinal-dataset/ACLD%202016_21%20detailed%20microdata.xlsx","2023-12-19","f8378ca88da84ca470ea25b7eb7de43a8de8e6f26a6dc2525596df855abfb1c6",TRUE,""
"madipge-acld16-d-person-16-21","STUP_16","ACLD220","Person Related Data Items","https://www.abs.gov.au/statistics/microdata-tablebuilder/available-microdata-tablebuilder/australian-census-longitudinal-dataset/ACLD%202016_21%20detailed%20microdata.xlsx","2023-12-19","f8378ca88da84ca470ea25b7eb7de43a8de8e6f26a6dc2525596df855abfb1c6",TRUE,""
"madipge-acld16-d-person-16-21","STUP_21","ACLD220","Person Related Data Items","https://www.abs.gov.au/statistics/microdata-tablebuilder/available-microdata-tablebuilder/australian-census-longitudinal-dataset/ACLD%202016_21%20detailed%20microdata.xlsx","2023-12-19","f8378ca88da84ca470ea25b7eb7de43a8de8e6f26a6dc2525596df855abfb1c6",TRUE,""
"madipge-acld16-d-person-16-21","STUP_FP_16","ACLD221","Female Parent Related Data","https://www.abs.gov.au/statistics/microdata-tablebuilder/available-microdata-tablebuilder/australian-census-longitudinal-dataset/ACLD%202016_21%20detailed%20microdata.xlsx","2023-12-19","f8378ca88da84ca470ea25b7eb7de43a8de8e6f26a6dc2525596df855abfb1c6",TRUE,""
"madipge-acld16-d-person-16-21","STUP_FP_21","ACLD221","Female Parent Related Data","https://www.abs.gov.au/statistics/microdata-tablebuilder/available-microdata-tablebuilder/australian-census-longitudinal-dataset/ACLD%202016_21%20detailed%20microdata.xlsx","2023-12-19","f8378ca88da84ca470ea25b7eb7de43a8de8e6f26a6dc2525596df855abfb1c6",TRUE,""
"madipge-acld16-d-person-16-21","STUP_MP_16","ACLD221","Male Parent Related Data Items","https://www.abs.gov.au/statistics/microdata-tablebuilder/available-microdata-tablebuilder/australian-census-longitudinal-dataset/ACLD%202016_21%20detailed%20microdata.xlsx","2023-12-19","f8378ca88da84ca470ea25b7eb7de43a8de8e6f26a6dc2525596df855abfb1c6",TRUE,""
"madipge-acld16-d-person-16-21","STUP_MP_21","ACLD221","Male Parent Related Data Items","https://www.abs.gov.au/statistics/microdata-tablebuilder/available-microdata-tablebuilder/australian-census-longitudinal-dataset/ACLD%202016_21%20detailed%20microdata.xlsx","2023-12-19","f8378ca88da84ca470ea25b7eb7de43a8de8e6f26a6dc2525596df855abfb1c6",TRUE,""
"madipge-acld16-d-person-16-21","STUP_SP_16","ACLD221","Spouse or Partner Data Items","https://www.abs.gov.au/statistics/microdata-tablebuilder/available-microdata-tablebuilder/australian-census-longitudinal-dataset/ACLD%202016_21%20detailed%20microdata.xlsx","2023-12-19","f8378ca88da84ca470ea25b7eb7de43a8de8e6f26a6dc2525596df855abfb1c6",TRUE,""
"madipge-acld16-d-person-16-21","STUP_SP_21","ACLD221","Spouse or Partner Data Items","https://www.abs.gov.au/statistics/microdata-tablebuilder/available-microdata-tablebuilder/australian-census-longitudinal-dataset/ACLD%202016_21%20detailed%20microdata.xlsx","2023-12-19","f8378ca88da84ca470ea25b7eb7de43a8de8e6f26a6dc2525596df855abfb1c6",TRUE,""
"madipge-acld16-d-person-16-21","SYNTHETIC_AEUID","","","https://www.abs.gov.au/statistics/microdata-tablebuilder/available-microdata-tablebuilder/australian-census-longitudinal-dataset/ACLD%202016_21%20detailed%20microdata.xlsx","2023-12-19","f8378ca88da84ca470ea25b7eb7de43a8de8e6f26a6dc2525596df855abfb1c6",FALSE,"not_enumerated_in_workbook"
"madipge-acld16-d-person-16-21","TEND_P_16","ACLD222","Dwelling Related Data Items","https://www.abs.gov.au/statistics/microdata-tablebuilder/available-microdata-tablebuilder/australian-census-longitudinal-dataset/ACLD%202016_21%20detailed%20microdata.xlsx","2023-12-19","f8378ca88da84ca470ea25b7eb7de43a8de8e6f26a6dc2525596df855abfb1c6",TRUE,""
"madipge-acld16-d-person-16-21","TEND_P_21","ACLD222","Dwelling Related Data Items","https://www.abs.gov.au/statistics/microdata-tablebuilder/available-microdata-tablebuilder/australian-census-longitudinal-dataset/ACLD%202016_21%20detailed%20microdata.xlsx","2023-12-19","f8378ca88da84ca470ea25b7eb7de43a8de8e6f26a6dc2525596df855abfb1c6",TRUE,""
"madipge-acld16-d-person-16-21","TENLLD_P_16","ACLD223","Dwelling Related Data Items","https://www.abs.gov.au/statistics/microdata-tablebuilder/available-microdata-tablebuilder/australian-census-longitudinal-dataset/ACLD%202016_21%20detailed%20microdata.xlsx","2023-12-19","f8378ca88da84ca470ea25b7eb7de43a8de8e6f26a6dc2525596df855abfb1c6",TRUE,""
"madipge-acld16-d-person-16-21","TENLLD_P_21","ACLD224","Dwelling Related Data Items","https://www.abs.gov.au/statistics/microdata-tablebuilder/available-microdata-tablebuilder/australian-census-longitudinal-dataset/ACLD%202016_21%20detailed%20microdata.xlsx","2023-12-19","f8378ca88da84ca470ea25b7eb7de43a8de8e6f26a6dc2525596df855abfb1c6",TRUE,""
"madipge-acld16-d-person-16-21","TISP_16","ACLD225","Person Related Data Items","https://www.abs.gov.au/statistics/microdata-tablebuilder/available-microdata-tablebuilder/australian-census-longitudinal-dataset/ACLD%202016_21%20detailed%20microdata.xlsx","2023-12-19","f8378ca88da84ca470ea25b7eb7de43a8de8e6f26a6dc2525596df855abfb1c6",TRUE,""
"madipge-acld16-d-person-16-21","TISP_21","ACLD225","Person Related Data Items","https://www.abs.gov.au/statistics/microdata-tablebuilder/available-microdata-tablebuilder/australian-census-longitudinal-dataset/ACLD%202016_21%20detailed%20microdata.xlsx","2023-12-19","f8378ca88da84ca470ea25b7eb7de43a8de8e6f26a6dc2525596df855abfb1c6",TRUE,""
"madipge-acld16-d-person-16-21","TISRP_16","ACLD226","Person Related Data Items","https://www.abs.gov.au/statistics/microdata-tablebuilder/available-microdata-tablebuilder/australian-census-longitudinal-dataset/ACLD%202016_21%20detailed%20microdata.xlsx","2023-12-19","f8378ca88da84ca470ea25b7eb7de43a8de8e6f26a6dc2525596df855abfb1c6",TRUE,""
"madipge-acld16-d-person-16-21","TISRP_21","ACLD226","Person Related Data Items","https://www.abs.gov.au/statistics/microdata-tablebuilder/available-microdata-tablebuilder/australian-census-longitudinal-dataset/ACLD%202016_21%20detailed%20microdata.xlsx","2023-12-19","f8378ca88da84ca470ea25b7eb7de43a8de8e6f26a6dc2525596df855abfb1c6",TRUE,""
"madipge-acld16-d-person-16-21","TYPP_16","ACLD227","Person Related Data Items","https://www.abs.gov.au/statistics/microdata-tablebuilder/available-microdata-tablebuilder/australian-census-longitudinal-dataset/ACLD%202016_21%20detailed%20microdata.xlsx","2023-12-19","f8378ca88da84ca470ea25b7eb7de43a8de8e6f26a6dc2525596df855abfb1c6",TRUE,""
"madipge-acld16-d-person-16-21","TYPP_21","ACLD228","Person Related Data Items","https://www.abs.gov.au/statistics/microdata-tablebuilder/available-microdata-tablebuilder/australian-census-longitudinal-dataset/ACLD%202016_21%20detailed%20microdata.xlsx","2023-12-19","f8378ca88da84ca470ea25b7eb7de43a8de8e6f26a6dc2525596df855abfb1c6",TRUE,""
"madipge-acld16-d-person-16-21","TYPP_FP_16","ACLD229","Female Parent Related Data","https://www.abs.gov.au/statistics/microdata-tablebuilder/available-microdata-tablebuilder/australian-census-longitudinal-dataset/ACLD%202016_21%20detailed%20microdata.xlsx","2023-12-19","f8378ca88da84ca470ea25b7eb7de43a8de8e6f26a6dc2525596df855abfb1c6",TRUE,""
"madipge-acld16-d-person-16-21","TYPP_FP_21","ACLD229","Female Parent Related Data","https://www.abs.gov.au/statistics/microdata-tablebuilder/available-microdata-tablebuilder/australian-census-longitudinal-dataset/ACLD%202016_21%20detailed%20microdata.xlsx","2023-12-19","f8378ca88da84ca470ea25b7eb7de43a8de8e6f26a6dc2525596df855abfb1c6",TRUE,""
"madipge-acld16-d-person-16-21","TYPP_MP_16","ACLD229","Male Parent Related Data Items","https://www.abs.gov.au/statistics/microdata-tablebuilder/available-microdata-tablebuilder/australian-census-longitudinal-dataset/ACLD%202016_21%20detailed%20microdata.xlsx","2023-12-19","f8378ca88da84ca470ea25b7eb7de43a8de8e6f26a6dc2525596df855abfb1c6",TRUE,""
"madipge-acld16-d-person-16-21","TYPP_MP_21","ACLD229","Male Parent Related Data Items","https://www.abs.gov.au/statistics/microdata-tablebuilder/available-microdata-tablebuilder/australian-census-longitudinal-dataset/ACLD%202016_21%20detailed%20microdata.xlsx","2023-12-19","f8378ca88da84ca470ea25b7eb7de43a8de8e6f26a6dc2525596df855abfb1c6",TRUE,""
"madipge-acld16-d-person-16-21","TYPP_SP_16","ACLD229","Spouse or Partner Data Items","https://www.abs.gov.au/statistics/microdata-tablebuilder/available-microdata-tablebuilder/australian-census-longitudinal-dataset/ACLD%202016_21%20detailed%20microdata.xlsx","2023-12-19","f8378ca88da84ca470ea25b7eb7de43a8de8e6f26a6dc2525596df855abfb1c6",TRUE,""
"madipge-acld16-d-person-16-21","TYPP_SP_21","ACLD229","Spouse or Partner Data Items","https://www.abs.gov.au/statistics/microdata-tablebuilder/available-microdata-tablebuilder/australian-census-longitudinal-dataset/ACLD%202016_21%20detailed%20microdata.xlsx","2023-12-19","f8378ca88da84ca470ea25b7eb7de43a8de8e6f26a6dc2525596df855abfb1c6",TRUE,""
"madipge-acld16-d-person-16-21","TYSTAP_16","ACLD230","Person Related Data Items","https://www.abs.gov.au/statistics/microdata-tablebuilder/available-microdata-tablebuilder/australian-census-longitudinal-dataset/ACLD%202016_21%20detailed%20microdata.xlsx","2023-12-19","f8378ca88da84ca470ea25b7eb7de43a8de8e6f26a6dc2525596df855abfb1c6",TRUE,""
"madipge-acld16-d-person-16-21","TYSTAP_21","ACLD231","Person Related Data Items","https://www.abs.gov.au/statistics/microdata-tablebuilder/available-microdata-tablebuilder/australian-census-longitudinal-dataset/ACLD%202016_21%20detailed%20microdata.xlsx","2023-12-19","f8378ca88da84ca470ea25b7eb7de43a8de8e6f26a6dc2525596df855abfb1c6",TRUE,""
"madipge-acld16-d-person-16-21","UAI1P_16","ACLD233","Person Related Data Items","https://www.abs.gov.au/statistics/microdata-tablebuilder/available-microdata-tablebuilder/australian-census-longitudinal-dataset/ACLD%202016_21%20detailed%20microdata.xlsx","2023-12-19","f8378ca88da84ca470ea25b7eb7de43a8de8e6f26a6dc2525596df855abfb1c6",TRUE,""
"madipge-acld16-d-person-16-21","UAI1P_21","ACLD234","Person Related Data Items","https://www.abs.gov.au/statistics/microdata-tablebuilder/available-microdata-tablebuilder/australian-census-longitudinal-dataset/ACLD%202016_21%20detailed%20microdata.xlsx","2023-12-19","f8378ca88da84ca470ea25b7eb7de43a8de8e6f26a6dc2525596df855abfb1c6",TRUE,""
"madipge-acld16-d-person-16-21","UAI1P_SP_16","ACLD233","Spouse or Partner Data Items","https://www.abs.gov.au/statistics/microdata-tablebuilder/available-microdata-tablebuilder/australian-census-longitudinal-dataset/ACLD%202016_21%20detailed%20microdata.xlsx","2023-12-19","f8378ca88da84ca470ea25b7eb7de43a8de8e6f26a6dc2525596df855abfb1c6",TRUE,""
"madipge-acld16-d-person-16-21","UAI1P_SP_21","ACLD234","Spouse or Partner Data Items","https://www.abs.gov.au/statistics/microdata-tablebuilder/available-microdata-tablebuilder/australian-census-longitudinal-dataset/ACLD%202016_21%20detailed%20microdata.xlsx","2023-12-19","f8378ca88da84ca470ea25b7eb7de43a8de8e6f26a6dc2525596df855abfb1c6",TRUE,""
"madipge-acld16-d-person-16-21","UAI5P_16","ACLD236","Person Related Data Items","https://www.abs.gov.au/statistics/microdata-tablebuilder/available-microdata-tablebuilder/australian-census-longitudinal-dataset/ACLD%202016_21%20detailed%20microdata.xlsx","2023-12-19","f8378ca88da84ca470ea25b7eb7de43a8de8e6f26a6dc2525596df855abfb1c6",TRUE,""
"madipge-acld16-d-person-16-21","UAI5P_21","ACLD237","Person Related Data Items","https://www.abs.gov.au/statistics/microdata-tablebuilder/available-microdata-tablebuilder/australian-census-longitudinal-dataset/ACLD%202016_21%20detailed%20microdata.xlsx","2023-12-19","f8378ca88da84ca470ea25b7eb7de43a8de8e6f26a6dc2525596df855abfb1c6",TRUE,""
"madipge-acld16-d-person-16-21","UAI5P_SP_16","ACLD236","Spouse or Partner Data Items","https://www.abs.gov.au/statistics/microdata-tablebuilder/available-microdata-tablebuilder/australian-census-longitudinal-dataset/ACLD%202016_21%20detailed%20microdata.xlsx","2023-12-19","f8378ca88da84ca470ea25b7eb7de43a8de8e6f26a6dc2525596df855abfb1c6",TRUE,""
"madipge-acld16-d-person-16-21","UAI5P_SP_21","ACLD237","Spouse or Partner Data Items","https://www.abs.gov.au/statistics/microdata-tablebuilder/available-microdata-tablebuilder/australian-census-longitudinal-dataset/ACLD%202016_21%20detailed%20microdata.xlsx","2023-12-19","f8378ca88da84ca470ea25b7eb7de43a8de8e6f26a6dc2525596df855abfb1c6",TRUE,""
"madipge-acld16-d-person-16-21","UAICP_16","ACLD238","Person Related Data Items","https://www.abs.gov.au/statistics/microdata-tablebuilder/available-microdata-tablebuilder/australian-census-longitudinal-dataset/ACLD%202016_21%20detailed%20microdata.xlsx","2023-12-19","f8378ca88da84ca470ea25b7eb7de43a8de8e6f26a6dc2525596df855abfb1c6",TRUE,""
"madipge-acld16-d-person-16-21","UAICP_21","ACLD238","Person Related Data Items","https://www.abs.gov.au/statistics/microdata-tablebuilder/available-microdata-tablebuilder/australian-census-longitudinal-dataset/ACLD%202016_21%20detailed%20microdata.xlsx","2023-12-19","f8378ca88da84ca470ea25b7eb7de43a8de8e6f26a6dc2525596df855abfb1c6",TRUE,""
"madipge-acld16-d-person-16-21","UNCAREP_16","ACLD239","Person Related Data Items","https://www.abs.gov.au/statistics/microdata-tablebuilder/available-microdata-tablebuilder/australian-census-longitudinal-dataset/ACLD%202016_21%20detailed%20microdata.xlsx","2023-12-19","f8378ca88da84ca470ea25b7eb7de43a8de8e6f26a6dc2525596df855abfb1c6",TRUE,""
"madipge-acld16-d-person-16-21","UNCAREP_21","ACLD239","Person Related Data Items","https://www.abs.gov.au/statistics/microdata-tablebuilder/available-microdata-tablebuilder/australian-census-longitudinal-dataset/ACLD%202016_21%20detailed%20microdata.xlsx","2023-12-19","f8378ca88da84ca470ea25b7eb7de43a8de8e6f26a6dc2525596df855abfb1c6",TRUE,""
"madipge-acld16-d-person-16-21","UNCAREP_FP_16","ACLD239","Female Parent Related Data","https://www.abs.gov.au/statistics/microdata-tablebuilder/available-microdata-tablebuilder/australian-census-longitudinal-dataset/ACLD%202016_21%20detailed%20microdata.xlsx","2023-12-19","f8378ca88da84ca470ea25b7eb7de43a8de8e6f26a6dc2525596df855abfb1c6",TRUE,""
"madipge-acld16-d-person-16-21","UNCAREP_FP_21","ACLD239","Female Parent Related Data","https://www.abs.gov.au/statistics/microdata-tablebuilder/available-microdata-tablebuilder/australian-census-longitudinal-dataset/ACLD%202016_21%20detailed%20microdata.xlsx","2023-12-19","f8378ca88da84ca470ea25b7eb7de43a8de8e6f26a6dc2525596df855abfb1c6",TRUE,""
"madipge-acld16-d-person-16-21","UNCAREP_MP_16","ACLD239","Male Parent Related Data Items","https://www.abs.gov.au/statistics/microdata-tablebuilder/available-microdata-tablebuilder/australian-census-longitudinal-dataset/ACLD%202016_21%20detailed%20microdata.xlsx","2023-12-19","f8378ca88da84ca470ea25b7eb7de43a8de8e6f26a6dc2525596df855abfb1c6",TRUE,""
"madipge-acld16-d-person-16-21","UNCAREP_MP_21","ACLD239","Male Parent Related Data Items","https://www.abs.gov.au/statistics/microdata-tablebuilder/available-microdata-tablebuilder/australian-census-longitudinal-dataset/ACLD%202016_21%20detailed%20microdata.xlsx","2023-12-19","f8378ca88da84ca470ea25b7eb7de43a8de8e6f26a6dc2525596df855abfb1c6",TRUE,""
"madipge-acld16-d-person-16-21","UNCAREP_SP_16","ACLD239","Spouse or Partner Data Items","https://www.abs.gov.au/statistics/microdata-tablebuilder/available-microdata-tablebuilder/australian-census-longitudinal-dataset/ACLD%202016_21%20detailed%20microdata.xlsx","2023-12-19","f8378ca88da84ca470ea25b7eb7de43a8de8e6f26a6dc2525596df855abfb1c6",TRUE,""
"madipge-acld16-d-person-16-21","UNCAREP_SP_21","ACLD239","Spouse or Partner Data Items","https://www.abs.gov.au/statistics/microdata-tablebuilder/available-microdata-tablebuilder/australian-census-longitudinal-dataset/ACLD%202016_21%20detailed%20microdata.xlsx","2023-12-19","f8378ca88da84ca470ea25b7eb7de43a8de8e6f26a6dc2525596df855abfb1c6",TRUE,""
"madipge-acld16-d-person-16-21","VEHRD_P_16","ACLD240","Dwelling Related Data Items","https://www.abs.gov.au/statistics/microdata-tablebuilder/available-microdata-tablebuilder/australian-census-longitudinal-dataset/ACLD%202016_21%20detailed%20microdata.xlsx","2023-12-19","f8378ca88da84ca470ea25b7eb7de43a8de8e6f26a6dc2525596df855abfb1c6",TRUE,""
"madipge-acld16-d-person-16-21","VEHRD_P_21","ACLD240","Dwelling Related Data Items","https://www.abs.gov.au/statistics/microdata-tablebuilder/available-microdata-tablebuilder/australian-census-longitudinal-dataset/ACLD%202016_21%20detailed%20microdata.xlsx","2023-12-19","f8378ca88da84ca470ea25b7eb7de43a8de8e6f26a6dc2525596df855abfb1c6",TRUE,""
"madipge-acld16-d-person-16-21","VOLWP_16","ACLD241","Person Related Data Items","https://www.abs.gov.au/statistics/microdata-tablebuilder/available-microdata-tablebuilder/australian-census-longitudinal-dataset/ACLD%202016_21%20detailed%20microdata.xlsx","2023-12-19","f8378ca88da84ca470ea25b7eb7de43a8de8e6f26a6dc2525596df855abfb1c6",TRUE,""
"madipge-acld16-d-person-16-21","VOLWP_21","ACLD241","Person Related Data Items","https://www.abs.gov.au/statistics/microdata-tablebuilder/available-microdata-tablebuilder/australian-census-longitudinal-dataset/ACLD%202016_21%20detailed%20microdata.xlsx","2023-12-19","f8378ca88da84ca470ea25b7eb7de43a8de8e6f26a6dc2525596df855abfb1c6",TRUE,""
"madipge-acld16-d-person-16-21","VOLWP_FP_16","ACLD241","Female Parent Related Data","https://www.abs.gov.au/statistics/microdata-tablebuilder/available-microdata-tablebuilder/australian-census-longitudinal-dataset/ACLD%202016_21%20detailed%20microdata.xlsx","2023-12-19","f8378ca88da84ca470ea25b7eb7de43a8de8e6f26a6dc2525596df855abfb1c6",TRUE,""
"madipge-acld16-d-person-16-21","VOLWP_FP_21","ACLD241","Female Parent Related Data","https://www.abs.gov.au/statistics/microdata-tablebuilder/available-microdata-tablebuilder/australian-census-longitudinal-dataset/ACLD%202016_21%20detailed%20microdata.xlsx","2023-12-19","f8378ca88da84ca470ea25b7eb7de43a8de8e6f26a6dc2525596df855abfb1c6",TRUE,""
"madipge-acld16-d-person-16-21","VOLWP_MP_16","ACLD241","Male Parent Related Data Items","https://www.abs.gov.au/statistics/microdata-tablebuilder/available-microdata-tablebuilder/australian-census-longitudinal-dataset/ACLD%202016_21%20detailed%20microdata.xlsx","2023-12-19","f8378ca88da84ca470ea25b7eb7de43a8de8e6f26a6dc2525596df855abfb1c6",TRUE,""
"madipge-acld16-d-person-16-21","VOLWP_MP_21","ACLD241","Male Parent Related Data Items","https://www.abs.gov.au/statistics/microdata-tablebuilder/available-microdata-tablebuilder/australian-census-longitudinal-dataset/ACLD%202016_21%20detailed%20microdata.xlsx","2023-12-19","f8378ca88da84ca470ea25b7eb7de43a8de8e6f26a6dc2525596df855abfb1c6",TRUE,""
"madipge-acld16-d-person-16-21","VOLWP_SP_16","ACLD241","Spouse or Partner Data Items","https://www.abs.gov.au/statistics/microdata-tablebuilder/available-microdata-tablebuilder/australian-census-longitudinal-dataset/ACLD%202016_21%20detailed%20microdata.xlsx","2023-12-19","f8378ca88da84ca470ea25b7eb7de43a8de8e6f26a6dc2525596df855abfb1c6",TRUE,""
"madipge-acld16-d-person-16-21","VOLWP_SP_21","ACLD241","Spouse or Partner Data Items","https://www.abs.gov.au/statistics/microdata-tablebuilder/available-microdata-tablebuilder/australian-census-longitudinal-dataset/ACLD%202016_21%20detailed%20microdata.xlsx","2023-12-19","f8378ca88da84ca470ea25b7eb7de43a8de8e6f26a6dc2525596df855abfb1c6",TRUE,""
"madipge-acld16-d-person-16-21","WEIGHT4_16_21","","","https://www.abs.gov.au/statistics/microdata-tablebuilder/available-microdata-tablebuilder/australian-census-longitudinal-dataset/ACLD%202016_21%20detailed%20microdata.xlsx","2023-12-19","f8378ca88da84ca470ea25b7eb7de43a8de8e6f26a6dc2525596df855abfb1c6",FALSE,"not_enumerated_in_workbook"
"madipge-acld16-d-person-16-21","YARP_FP_16","ACLD243","Female Parent Related Data","https://www.abs.gov.au/statistics/microdata-tablebuilder/available-microdata-tablebuilder/australian-census-longitudinal-dataset/ACLD%202016_21%20detailed%20microdata.xlsx","2023-12-19","f8378ca88da84ca470ea25b7eb7de43a8de8e6f26a6dc2525596df855abfb1c6",TRUE,""
"madipge-acld16-d-person-16-21","YARP_FP_21","ACLD244","Female Parent Related Data","https://www.abs.gov.au/statistics/microdata-tablebuilder/available-microdata-tablebuilder/australian-census-longitudinal-dataset/ACLD%202016_21%20detailed%20microdata.xlsx","2023-12-19","f8378ca88da84ca470ea25b7eb7de43a8de8e6f26a6dc2525596df855abfb1c6",TRUE,""
"madipge-acld16-d-person-16-21","YARP_MP_16","ACLD243","Male Parent Related Data Items","https://www.abs.gov.au/statistics/microdata-tablebuilder/available-microdata-tablebuilder/australian-census-longitudinal-dataset/ACLD%202016_21%20detailed%20microdata.xlsx","2023-12-19","f8378ca88da84ca470ea25b7eb7de43a8de8e6f26a6dc2525596df855abfb1c6",TRUE,""
"madipge-acld16-d-person-16-21","YARP_MP_21","ACLD244","Male Parent Related Data Items","https://www.abs.gov.au/statistics/microdata-tablebuilder/available-microdata-tablebuilder/australian-census-longitudinal-dataset/ACLD%202016_21%20detailed%20microdata.xlsx","2023-12-19","f8378ca88da84ca470ea25b7eb7de43a8de8e6f26a6dc2525596df855abfb1c6",TRUE,""
"madipge-acld16-d-person-16-21","YARP_S_16","ACLD246","Person Related Data Items","https://www.abs.gov.au/statistics/microdata-tablebuilder/available-microdata-tablebuilder/australian-census-longitudinal-dataset/ACLD%202016_21%20detailed%20microdata.xlsx","2023-12-19","f8378ca88da84ca470ea25b7eb7de43a8de8e6f26a6dc2525596df855abfb1c6",FALSE,"external_classification_reference_only"
"madipge-acld16-d-person-16-21","YARP_S_21","ACLD247","Person Related Data Items","https://www.abs.gov.au/statistics/microdata-tablebuilder/available-microdata-tablebuilder/australian-census-longitudinal-dataset/ACLD%202016_21%20detailed%20microdata.xlsx","2023-12-19","f8378ca88da84ca470ea25b7eb7de43a8de8e6f26a6dc2525596df855abfb1c6",FALSE,"external_classification_reference_only"
"madipge-acld16-d-person-16-21","YARP_SP_16","ACLD243","Spouse or Partner Data Items","https://www.abs.gov.au/statistics/microdata-tablebuilder/available-microdata-tablebuilder/australian-census-longitudinal-dataset/ACLD%202016_21%20detailed%20microdata.xlsx","2023-12-19","f8378ca88da84ca470ea25b7eb7de43a8de8e6f26a6dc2525596df855abfb1c6",TRUE,""
"madipge-acld16-d-person-16-21","YARP_SP_21","ACLD244","Spouse or Partner Data Items","https://www.abs.gov.au/statistics/microdata-tablebuilder/available-microdata-tablebuilder/australian-census-longitudinal-dataset/ACLD%202016_21%20detailed%20microdata.xlsx","2023-12-19","f8378ca88da84ca470ea25b7eb7de43a8de8e6f26a6dc2525596df855abfb1c6",TRUE,""
