year	code	name	state	source_url
2011	10050	Albury (C)	1	https://geo.abs.gov.au/arcgis/rest/services/ASGS2011/LGA/MapServer
2011	10110	Armidale Dumaresq (A)	1	https://geo.abs.gov.au/arcgis/rest/services/ASGS2011/LGA/MapServer
2011	10150	Ashfield (A)	1	https://geo.abs.gov.au/arcgis/rest/services/ASGS2011/LGA/MapServer
2011	10200	Auburn (C)	1	https://geo.abs.gov.au/arcgis/rest/services/ASGS2011/LGA/MapServer
2011	10250	Ballina (A)	1	https://geo.abs.gov.au/arcgis/rest/services/ASGS2011/LGA/MapServer
2011	10300	Balranald (A)	1	https://geo.abs.gov.au/arcgis/rest/services/ASGS2011/LGA/MapServer
2011	10350	Bankstown (C)	1	https://geo.abs.gov.au/arcgis/rest/services/ASGS2011/LGA/MapServer
2011	10470	Bathurst Regional (A)	1	https://geo.abs.gov.au/arcgis/rest/services/ASGS2011/LGA/MapServer
2011	10550	Bega Valley (A)	1	https://geo.abs.gov.au/arcgis/rest/services/ASGS2011/LGA/MapServer
2011	10600	Bellingen (A)	1	https://geo.abs.gov.au/arcgis/rest/services/ASGS2011/LGA/MapServer
2011	10650	Berrigan (A)	1	https://geo.abs.gov.au/arcgis/rest/services/ASGS2011/LGA/MapServer
2011	10750	Blacktown (C)	1	https://geo.abs.gov.au/arcgis/rest/services/ASGS2011/LGA/MapServer
2011	10800	Bland (A)	1	https://geo.abs.gov.au/arcgis/rest/services/ASGS2011/LGA/MapServer
2011	10850	Blayney (A)	1	https://geo.abs.gov.au/arcgis/rest/services/ASGS2011/LGA/MapServer
2011	10900	Blue Mountains (C)	1	https://geo.abs.gov.au/arcgis/rest/services/ASGS2011/LGA/MapServer
2011	10950	Bogan (A)	1	https://geo.abs.gov.au/arcgis/rest/services/ASGS2011/LGA/MapServer
2011	11000	Bombala (A)	1	https://geo.abs.gov.au/arcgis/rest/services/ASGS2011/LGA/MapServer
2011	11050	Boorowa (A)	1	https://geo.abs.gov.au/arcgis/rest/services/ASGS2011/LGA/MapServer
2011	11100	Botany Bay (C)	1	https://geo.abs.gov.au/arcgis/rest/services/ASGS2011/LGA/MapServer
2011	11150	Bourke (A)	1	https://geo.abs.gov.au/arcgis/rest/services/ASGS2011/LGA/MapServer
2011	11200	Brewarrina (A)	1	https://geo.abs.gov.au/arcgis/rest/services/ASGS2011/LGA/MapServer
2011	11250	Broken Hill (C)	1	https://geo.abs.gov.au/arcgis/rest/services/ASGS2011/LGA/MapServer
2011	11300	Burwood (A)	1	https://geo.abs.gov.au/arcgis/rest/services/ASGS2011/LGA/MapServer
2011	11350	Byron (A)	1	https://geo.abs.gov.au/arcgis/rest/services/ASGS2011/LGA/MapServer
2011	11400	Cabonne (A)	1	https://geo.abs.gov.au/arcgis/rest/services/ASGS2011/LGA/MapServer
2011	11450	Camden (A)	1	https://geo.abs.gov.au/arcgis/rest/services/ASGS2011/LGA/MapServer
2011	11500	Campbelltown (C)	1	https://geo.abs.gov.au/arcgis/rest/services/ASGS2011/LGA/MapServer
2011	11520	Canada Bay (A)	1	https://geo.abs.gov.au/arcgis/rest/services/ASGS2011/LGA/MapServer
2011	11550	Canterbury (C)	1	https://geo.abs.gov.au/arcgis/rest/services/ASGS2011/LGA/MapServer
2011	11600	Carrathool (A)	1	https://geo.abs.gov.au/arcgis/rest/services/ASGS2011/LGA/MapServer
2011	11700	Central Darling (A)	1	https://geo.abs.gov.au/arcgis/rest/services/ASGS2011/LGA/MapServer
2011	11720	Cessnock (C)	1	https://geo.abs.gov.au/arcgis/rest/services/ASGS2011/LGA/MapServer
2011	11730	Clarence Valley (A)	1	https://geo.abs.gov.au/arcgis/rest/services/ASGS2011/LGA/MapServer
2011	11750	Cobar (A)	1	https://geo.abs.gov.au/arcgis/rest/services/ASGS2011/LGA/MapServer
2011	11800	Coffs Harbour (C)	1	https://geo.abs.gov.au/arcgis/rest/services/ASGS2011/LGA/MapServer
2011	11860	Conargo (A)	1	https://geo.abs.gov.au/arcgis/rest/services/ASGS2011/LGA/MapServer
2011	12000	Coolamon (A)	1	https://geo.abs.gov.au/arcgis/rest/services/ASGS2011/LGA/MapServer
2011	12050	Cooma-Monaro (A)	1	https://geo.abs.gov.au/arcgis/rest/services/ASGS2011/LGA/MapServer
2011	12150	Coonamble (A)	1	https://geo.abs.gov.au/arcgis/rest/services/ASGS2011/LGA/MapServer
2011	12200	Cootamundra (A)	1	https://geo.abs.gov.au/arcgis/rest/services/ASGS2011/LGA/MapServer
2011	12300	Corowa Shire (A)	1	https://geo.abs.gov.au/arcgis/rest/services/ASGS2011/LGA/MapServer
2011	12350	Cowra (A)	1	https://geo.abs.gov.au/arcgis/rest/services/ASGS2011/LGA/MapServer
2011	12500	Deniliquin (A)	1	https://geo.abs.gov.au/arcgis/rest/services/ASGS2011/LGA/MapServer
2011	12600	Dubbo (C)	1	https://geo.abs.gov.au/arcgis/rest/services/ASGS2011/LGA/MapServer
2011	12700	Dungog (A)	1	https://geo.abs.gov.au/arcgis/rest/services/ASGS2011/LGA/MapServer
2011	12750	Eurobodalla (A)	1	https://geo.abs.gov.au/arcgis/rest/services/ASGS2011/LGA/MapServer
2011	12850	Fairfield (C)	1	https://geo.abs.gov.au/arcgis/rest/services/ASGS2011/LGA/MapServer
2011	12900	Forbes (A)	1	https://geo.abs.gov.au/arcgis/rest/services/ASGS2011/LGA/MapServer
2011	12950	Gilgandra (A)	1	https://geo.abs.gov.au/arcgis/rest/services/ASGS2011/LGA/MapServer
2011	13010	Glen Innes Severn (A)	1	https://geo.abs.gov.au/arcgis/rest/services/ASGS2011/LGA/MapServer
2011	13050	Gloucester (A)	1	https://geo.abs.gov.au/arcgis/rest/services/ASGS2011/LGA/MapServer
2011	13100	Gosford (C)	1	https://geo.abs.gov.au/arcgis/rest/services/ASGS2011/LGA/MapServer
2011	13310	Goulburn Mulwaree (A)	1	https://geo.abs.gov.au/arcgis/rest/services/ASGS2011/LGA/MapServer
2011	13320	Great Lakes (A)	1	https://geo.abs.gov.au/arcgis/rest/services/ASGS2011/LGA/MapServer
2011	13340	Greater Hume Shire (A)	1	https://geo.abs.gov.au/arcgis/rest/services/ASGS2011/LGA/MapServer
2011	13380	Greater Taree (C)	1	https://geo.abs.gov.au/arcgis/rest/services/ASGS2011/LGA/MapServer
2011	13450	Griffith (C)	1	https://geo.abs.gov.au/arcgis/rest/services/ASGS2011/LGA/MapServer
2011	13500	Gundagai (A)	1	https://geo.abs.gov.au/arcgis/rest/services/ASGS2011/LGA/MapServer
2011	13550	Gunnedah (A)	1	https://geo.abs.gov.au/arcgis/rest/services/ASGS2011/LGA/MapServer
2011	13650	Guyra (A)	1	https://geo.abs.gov.au/arcgis/rest/services/ASGS2011/LGA/MapServer
2011	13660	Gwydir (A)	1	https://geo.abs.gov.au/arcgis/rest/services/ASGS2011/LGA/MapServer
2011	13700	Harden (A)	1	https://geo.abs.gov.au/arcgis/rest/services/ASGS2011/LGA/MapServer
2011	13800	Hawkesbury (C)	1	https://geo.abs.gov.au/arcgis/rest/services/ASGS2011/LGA/MapServer
2011	13850	Hay (A)	1	https://geo.abs.gov.au/arcgis/rest/services/ASGS2011/LGA/MapServer
2011	13950	Holroyd (C)	1	https://geo.abs.gov.au/arcgis/rest/services/ASGS2011/LGA/MapServer
2011	14000	Hornsby (A)	1	https://geo.abs.gov.au/arcgis/rest/services/ASGS2011/LGA/MapServer
2011	14100	Hunters Hill (A)	1	https://geo.abs.gov.au/arcgis/rest/services/ASGS2011/LGA/MapServer
2011	14150	Hurstville (C)	1	https://geo.abs.gov.au/arcgis/rest/services/ASGS2011/LGA/MapServer
2011	14200	Inverell (A)	1	https://geo.abs.gov.au/arcgis/rest/services/ASGS2011/LGA/MapServer
2011	14250	Jerilderie (A)	1	https://geo.abs.gov.au/arcgis/rest/services/ASGS2011/LGA/MapServer
2011	14300	Junee (A)	1	https://geo.abs.gov.au/arcgis/rest/services/ASGS2011/LGA/MapServer
2011	14350	Kempsey (A)	1	https://geo.abs.gov.au/arcgis/rest/services/ASGS2011/LGA/MapServer
2011	14400	Kiama (A)	1	https://geo.abs.gov.au/arcgis/rest/services/ASGS2011/LGA/MapServer
2011	14450	Kogarah (C)	1	https://geo.abs.gov.au/arcgis/rest/services/ASGS2011/LGA/MapServer
2011	14500	Ku-ring-gai (A)	1	https://geo.abs.gov.au/arcgis/rest/services/ASGS2011/LGA/MapServer
2011	14550	Kyogle (A)	1	https://geo.abs.gov.au/arcgis/rest/services/ASGS2011/LGA/MapServer
2011	14600	Lachlan (A)	1	https://geo.abs.gov.au/arcgis/rest/services/ASGS2011/LGA/MapServer
2011	14650	Lake Macquarie (C)	1	https://geo.abs.gov.au/arcgis/rest/services/ASGS2011/LGA/MapServer
2011	14700	Lane Cove (A)	1	https://geo.abs.gov.au/arcgis/rest/services/ASGS2011/LGA/MapServer
2011	14750	Leeton (A)	1	https://geo.abs.gov.au/arcgis/rest/services/ASGS2011/LGA/MapServer
2011	14800	Leichhardt (A)	1	https://geo.abs.gov.au/arcgis/rest/services/ASGS2011/LGA/MapServer
2011	14850	Lismore (C)	1	https://geo.abs.gov.au/arcgis/rest/services/ASGS2011/LGA/MapServer
2011	14870	Lithgow (C)	1	https://geo.abs.gov.au/arcgis/rest/services/ASGS2011/LGA/MapServer
2011	14900	Liverpool (C)	1	https://geo.abs.gov.au/arcgis/rest/services/ASGS2011/LGA/MapServer
2011	14920	Liverpool Plains (A)	1	https://geo.abs.gov.au/arcgis/rest/services/ASGS2011/LGA/MapServer
2011	14950	Lockhart (A)	1	https://geo.abs.gov.au/arcgis/rest/services/ASGS2011/LGA/MapServer
2011	15050	Maitland (C)	1	https://geo.abs.gov.au/arcgis/rest/services/ASGS2011/LGA/MapServer
2011	15150	Manly (A)	1	https://geo.abs.gov.au/arcgis/rest/services/ASGS2011/LGA/MapServer
2011	15200	Marrickville (A)	1	https://geo.abs.gov.au/arcgis/rest/services/ASGS2011/LGA/MapServer
2011	15270	Mid-Western Regional (A)	1	https://geo.abs.gov.au/arcgis/rest/services/ASGS2011/LGA/MapServer
2011	15300	Moree Plains (A)	1	https://geo.abs.gov.au/arcgis/rest/services/ASGS2011/LGA/MapServer
2011	15350	Mosman (A)	1	https://geo.abs.gov.au/arcgis/rest/services/ASGS2011/LGA/MapServer
2011	15500	Murray (A)	1	https://geo.abs.gov.au/arcgis/rest/services/ASGS2011/LGA/MapServer
2011	15550	Murrumbidgee (A)	1	https://geo.abs.gov.au/arcgis/rest/services/ASGS2011/LGA/MapServer
2011	15650	Muswellbrook (A)	1	https://geo.abs.gov.au/arcgis/rest/services/ASGS2011/LGA/MapServer
2011	15700	Nambucca (A)	1	https://geo.abs.gov.au/arcgis/rest/services/ASGS2011/LGA/MapServer
2011	15750	Narrabri (A)	1	https://geo.abs.gov.au/arcgis/rest/services/ASGS2011/LGA/MapServer
2011	15800	Narrandera (A)	1	https://geo.abs.gov.au/arcgis/rest/services/ASGS2011/LGA/MapServer
2011	15850	Narromine (A)	1	https://geo.abs.gov.au/arcgis/rest/services/ASGS2011/LGA/MapServer
2011	15900	Newcastle (C)	1	https://geo.abs.gov.au/arcgis/rest/services/ASGS2011/LGA/MapServer
2011	15950	North Sydney (A)	1	https://geo.abs.gov.au/arcgis/rest/services/ASGS2011/LGA/MapServer
2011	16100	Oberon (A)	1	https://geo.abs.gov.au/arcgis/rest/services/ASGS2011/LGA/MapServer
2011	16150	Orange (C)	1	https://geo.abs.gov.au/arcgis/rest/services/ASGS2011/LGA/MapServer
2011	16180	Palerang (A)	1	https://geo.abs.gov.au/arcgis/rest/services/ASGS2011/LGA/MapServer
2011	16200	Parkes (A)	1	https://geo.abs.gov.au/arcgis/rest/services/ASGS2011/LGA/MapServer
2011	16250	Parramatta (C)	1	https://geo.abs.gov.au/arcgis/rest/services/ASGS2011/LGA/MapServer
2011	16350	Penrith (C)	1	https://geo.abs.gov.au/arcgis/rest/services/ASGS2011/LGA/MapServer
2011	16370	Pittwater (A)	1	https://geo.abs.gov.au/arcgis/rest/services/ASGS2011/LGA/MapServer
2011	16380	Port Macquarie-Hastings (A)	1	https://geo.abs.gov.au/arcgis/rest/services/ASGS2011/LGA/MapServer
2011	16400	Port Stephens (A)	1	https://geo.abs.gov.au/arcgis/rest/services/ASGS2011/LGA/MapServer
2011	16470	Queanbeyan (C)	1	https://geo.abs.gov.au/arcgis/rest/services/ASGS2011/LGA/MapServer
2011	16550	Randwick (C)	1	https://geo.abs.gov.au/arcgis/rest/services/ASGS2011/LGA/MapServer
2011	16610	Richmond Valley (A)	1	https://geo.abs.gov.au/arcgis/rest/services/ASGS2011/LGA/MapServer
2011	16650	Rockdale (C)	1	https://geo.abs.gov.au/arcgis/rest/services/ASGS2011/LGA/MapServer
2011	16700	Ryde (C)	1	https://geo.abs.gov.au/arcgis/rest/services/ASGS2011/LGA/MapServer
2011	16900	Shellharbour (C)	1	https://geo.abs.gov.au/arcgis/rest/services/ASGS2011/LGA/MapServer
2011	16950	Shoalhaven (C)	1	https://geo.abs.gov.au/arcgis/rest/services/ASGS2011/LGA/MapServer
2011	17000	Singleton (A)	1	https://geo.abs.gov.au/arcgis/rest/services/ASGS2011/LGA/MapServer
2011	17050	Snowy River (A)	1	https://geo.abs.gov.au/arcgis/rest/services/ASGS2011/LGA/MapServer
2011	17100	Strathfield (A)	1	https://geo.abs.gov.au/arcgis/rest/services/ASGS2011/LGA/MapServer
2011	17150	Sutherland Shire (A)	1	https://geo.abs.gov.au/arcgis/rest/services/ASGS2011/LGA/MapServer
2011	17200	Sydney (C)	1	https://geo.abs.gov.au/arcgis/rest/services/ASGS2011/LGA/MapServer
2011	17310	Tamworth Regional (A)	1	https://geo.abs.gov.au/arcgis/rest/services/ASGS2011/LGA/MapServer
2011	17350	Temora (A)	1	https://geo.abs.gov.au/arcgis/rest/services/ASGS2011/LGA/MapServer
2011	17400	Tenterfield (A)	1	https://geo.abs.gov.au/arcgis/rest/services/ASGS2011/LGA/MapServer
2011	17420	The Hills Shire (A)	1	https://geo.abs.gov.au/arcgis/rest/services/ASGS2011/LGA/MapServer
2011	17450	Tumbarumba (A)	1	https://geo.abs.gov.au/arcgis/rest/services/ASGS2011/LGA/MapServer
2011	17500	Tumut Shire (A)	1	https://geo.abs.gov.au/arcgis/rest/services/ASGS2011/LGA/MapServer
2011	17550	Tweed (A)	1	https://geo.abs.gov.au/arcgis/rest/services/ASGS2011/LGA/MapServer
2011	17620	Upper Hunter Shire (A)	1	https://geo.abs.gov.au/arcgis/rest/services/ASGS2011/LGA/MapServer
2011	17640	Upper Lachlan Shire (A)	1	https://geo.abs.gov.au/arcgis/rest/services/ASGS2011/LGA/MapServer
2011	17650	Uralla (A)	1	https://geo.abs.gov.au/arcgis/rest/services/ASGS2011/LGA/MapServer
2011	17700	Urana (A)	1	https://geo.abs.gov.au/arcgis/rest/services/ASGS2011/LGA/MapServer
2011	17750	Wagga Wagga (C)	1	https://geo.abs.gov.au/arcgis/rest/services/ASGS2011/LGA/MapServer
2011	17800	Wakool (A)	1	https://geo.abs.gov.au/arcgis/rest/services/ASGS2011/LGA/MapServer
2011	17850	Walcha (A)	1	https://geo.abs.gov.au/arcgis/rest/services/ASGS2011/LGA/MapServer
2011	17900	Walgett (A)	1	https://geo.abs.gov.au/arcgis/rest/services/ASGS2011/LGA/MapServer
2011	17950	Warren (A)	1	https://geo.abs.gov.au/arcgis/rest/services/ASGS2011/LGA/MapServer
2011	18000	Warringah (A)	1	https://geo.abs.gov.au/arcgis/rest/services/ASGS2011/LGA/MapServer
2011	18020	Warrumbungle Shire (A)	1	https://geo.abs.gov.au/arcgis/rest/services/ASGS2011/LGA/MapServer
2011	18050	Waverley (A)	1	https://geo.abs.gov.au/arcgis/rest/services/ASGS2011/LGA/MapServer
2011	18100	Weddin (A)	1	https://geo.abs.gov.au/arcgis/rest/services/ASGS2011/LGA/MapServer
2011	18150	Wellington (A)	1	https://geo.abs.gov.au/arcgis/rest/services/ASGS2011/LGA/MapServer
2011	18200	Wentworth (A)	1	https://geo.abs.gov.au/arcgis/rest/services/ASGS2011/LGA/MapServer
2011	18250	Willoughby (C)	1	https://geo.abs.gov.au/arcgis/rest/services/ASGS2011/LGA/MapServer
2011	18350	Wingecarribee (A)	1	https://geo.abs.gov.au/arcgis/rest/services/ASGS2011/LGA/MapServer
2011	18400	Wollondilly (A)	1	https://geo.abs.gov.au/arcgis/rest/services/ASGS2011/LGA/MapServer
2011	18450	Wollongong (C)	1	https://geo.abs.gov.au/arcgis/rest/services/ASGS2011/LGA/MapServer
2011	18500	Woollahra (A)	1	https://geo.abs.gov.au/arcgis/rest/services/ASGS2011/LGA/MapServer
2011	18550	Wyong (A)	1	https://geo.abs.gov.au/arcgis/rest/services/ASGS2011/LGA/MapServer
2011	18710	Yass Valley (A)	1	https://geo.abs.gov.au/arcgis/rest/services/ASGS2011/LGA/MapServer
2011	18750	Young (A)	1	https://geo.abs.gov.au/arcgis/rest/services/ASGS2011/LGA/MapServer
2011	19399	Unincorporated NSW	1	https://geo.abs.gov.au/arcgis/rest/services/ASGS2011/LGA/MapServer
2011	20110	Alpine (S)	2	https://geo.abs.gov.au/arcgis/rest/services/ASGS2011/LGA/MapServer
2011	20260	Ararat (RC)	2	https://geo.abs.gov.au/arcgis/rest/services/ASGS2011/LGA/MapServer
2011	20570	Ballarat (C)	2	https://geo.abs.gov.au/arcgis/rest/services/ASGS2011/LGA/MapServer
2011	20660	Banyule (C)	2	https://geo.abs.gov.au/arcgis/rest/services/ASGS2011/LGA/MapServer
2011	20740	Bass Coast (S)	2	https://geo.abs.gov.au/arcgis/rest/services/ASGS2011/LGA/MapServer
2011	20830	Baw Baw (S)	2	https://geo.abs.gov.au/arcgis/rest/services/ASGS2011/LGA/MapServer
2011	20910	Bayside (C)	2	https://geo.abs.gov.au/arcgis/rest/services/ASGS2011/LGA/MapServer
2011	21010	Benalla (RC)	2	https://geo.abs.gov.au/arcgis/rest/services/ASGS2011/LGA/MapServer
2011	21110	Boroondara (C)	2	https://geo.abs.gov.au/arcgis/rest/services/ASGS2011/LGA/MapServer
2011	21180	Brimbank (C)	2	https://geo.abs.gov.au/arcgis/rest/services/ASGS2011/LGA/MapServer
2011	21270	Buloke (S)	2	https://geo.abs.gov.au/arcgis/rest/services/ASGS2011/LGA/MapServer
2011	21370	Campaspe (S)	2	https://geo.abs.gov.au/arcgis/rest/services/ASGS2011/LGA/MapServer
2011	21450	Cardinia (S)	2	https://geo.abs.gov.au/arcgis/rest/services/ASGS2011/LGA/MapServer
2011	21610	Casey (C)	2	https://geo.abs.gov.au/arcgis/rest/services/ASGS2011/LGA/MapServer
2011	21670	Central Goldfields (S)	2	https://geo.abs.gov.au/arcgis/rest/services/ASGS2011/LGA/MapServer
2011	21750	Colac-Otway (S)	2	https://geo.abs.gov.au/arcgis/rest/services/ASGS2011/LGA/MapServer
2011	21830	Corangamite (S)	2	https://geo.abs.gov.au/arcgis/rest/services/ASGS2011/LGA/MapServer
2011	21890	Darebin (C)	2	https://geo.abs.gov.au/arcgis/rest/services/ASGS2011/LGA/MapServer
2011	22110	East Gippsland (S)	2	https://geo.abs.gov.au/arcgis/rest/services/ASGS2011/LGA/MapServer
2011	22170	Frankston (C)	2	https://geo.abs.gov.au/arcgis/rest/services/ASGS2011/LGA/MapServer
2011	22250	Gannawarra (S)	2	https://geo.abs.gov.au/arcgis/rest/services/ASGS2011/LGA/MapServer
2011	22310	Glen Eira (C)	2	https://geo.abs.gov.au/arcgis/rest/services/ASGS2011/LGA/MapServer
2011	22410	Glenelg (S)	2	https://geo.abs.gov.au/arcgis/rest/services/ASGS2011/LGA/MapServer
2011	22490	Golden Plains (S)	2	https://geo.abs.gov.au/arcgis/rest/services/ASGS2011/LGA/MapServer
2011	22620	Greater Bendigo (C)	2	https://geo.abs.gov.au/arcgis/rest/services/ASGS2011/LGA/MapServer
2011	22670	Greater Dandenong (C)	2	https://geo.abs.gov.au/arcgis/rest/services/ASGS2011/LGA/MapServer
2011	22750	Greater Geelong (C)	2	https://geo.abs.gov.au/arcgis/rest/services/ASGS2011/LGA/MapServer
2011	22830	Greater Shepparton (C)	2	https://geo.abs.gov.au/arcgis/rest/services/ASGS2011/LGA/MapServer
2011	22910	Hepburn (S)	2	https://geo.abs.gov.au/arcgis/rest/services/ASGS2011/LGA/MapServer
2011	22980	Hindmarsh (S)	2	https://geo.abs.gov.au/arcgis/rest/services/ASGS2011/LGA/MapServer
2011	23110	Hobsons Bay (C)	2	https://geo.abs.gov.au/arcgis/rest/services/ASGS2011/LGA/MapServer
2011	23190	Horsham (RC)	2	https://geo.abs.gov.au/arcgis/rest/services/ASGS2011/LGA/MapServer
2011	23270	Hume (C)	2	https://geo.abs.gov.au/arcgis/rest/services/ASGS2011/LGA/MapServer
2011	23350	Indigo (S)	2	https://geo.abs.gov.au/arcgis/rest/services/ASGS2011/LGA/MapServer
2011	23430	Kingston (C)	2	https://geo.abs.gov.au/arcgis/rest/services/ASGS2011/LGA/MapServer
2011	23670	Knox (C)	2	https://geo.abs.gov.au/arcgis/rest/services/ASGS2011/LGA/MapServer
2011	23810	Latrobe (C)	2	https://geo.abs.gov.au/arcgis/rest/services/ASGS2011/LGA/MapServer
2011	23940	Loddon (S)	2	https://geo.abs.gov.au/arcgis/rest/services/ASGS2011/LGA/MapServer
2011	24130	Macedon Ranges (S)	2	https://geo.abs.gov.au/arcgis/rest/services/ASGS2011/LGA/MapServer
2011	24210	Manningham (C)	2	https://geo.abs.gov.au/arcgis/rest/services/ASGS2011/LGA/MapServer
2011	24250	Mansfield (S)	2	https://geo.abs.gov.au/arcgis/rest/services/ASGS2011/LGA/MapServer
2011	24330	Maribyrnong (C)	2	https://geo.abs.gov.au/arcgis/rest/services/ASGS2011/LGA/MapServer
2011	24410	Maroondah (C)	2	https://geo.abs.gov.au/arcgis/rest/services/ASGS2011/LGA/MapServer
2011	24600	Melbourne (C)	2	https://geo.abs.gov.au/arcgis/rest/services/ASGS2011/LGA/MapServer
2011	24650	Melton (S)	2	https://geo.abs.gov.au/arcgis/rest/services/ASGS2011/LGA/MapServer
2011	24780	Mildura (RC)	2	https://geo.abs.gov.au/arcgis/rest/services/ASGS2011/LGA/MapServer
2011	24850	Mitchell (S)	2	https://geo.abs.gov.au/arcgis/rest/services/ASGS2011/LGA/MapServer
2011	24900	Moira (S)	2	https://geo.abs.gov.au/arcgis/rest/services/ASGS2011/LGA/MapServer
2011	24970	Monash (C)	2	https://geo.abs.gov.au/arcgis/rest/services/ASGS2011/LGA/MapServer
2011	25060	Moonee Valley (C)	2	https://geo.abs.gov.au/arcgis/rest/services/ASGS2011/LGA/MapServer
2011	25150	Moorabool (S)	2	https://geo.abs.gov.au/arcgis/rest/services/ASGS2011/LGA/MapServer
2011	25250	Moreland (C)	2	https://geo.abs.gov.au/arcgis/rest/services/ASGS2011/LGA/MapServer
2011	25340	Mornington Peninsula (S)	2	https://geo.abs.gov.au/arcgis/rest/services/ASGS2011/LGA/MapServer
2011	25430	Mount Alexander (S)	2	https://geo.abs.gov.au/arcgis/rest/services/ASGS2011/LGA/MapServer
2011	25490	Moyne (S)	2	https://geo.abs.gov.au/arcgis/rest/services/ASGS2011/LGA/MapServer
2011	25620	Murrindindi (S)	2	https://geo.abs.gov.au/arcgis/rest/services/ASGS2011/LGA/MapServer
2011	25710	Nillumbik (S)	2	https://geo.abs.gov.au/arcgis/rest/services/ASGS2011/LGA/MapServer
2011	25810	Northern Grampians (S)	2	https://geo.abs.gov.au/arcgis/rest/services/ASGS2011/LGA/MapServer
2011	25900	Port Phillip (C)	2	https://geo.abs.gov.au/arcgis/rest/services/ASGS2011/LGA/MapServer
2011	25990	Pyrenees (S)	2	https://geo.abs.gov.au/arcgis/rest/services/ASGS2011/LGA/MapServer
2011	26080	Queenscliffe (B)	2	https://geo.abs.gov.au/arcgis/rest/services/ASGS2011/LGA/MapServer
2011	26170	South Gippsland (S)	2	https://geo.abs.gov.au/arcgis/rest/services/ASGS2011/LGA/MapServer
2011	26260	Southern Grampians (S)	2	https://geo.abs.gov.au/arcgis/rest/services/ASGS2011/LGA/MapServer
2011	26350	Stonnington (C)	2	https://geo.abs.gov.au/arcgis/rest/services/ASGS2011/LGA/MapServer
2011	26430	Strathbogie (S)	2	https://geo.abs.gov.au/arcgis/rest/services/ASGS2011/LGA/MapServer
2011	26490	Surf Coast (S)	2	https://geo.abs.gov.au/arcgis/rest/services/ASGS2011/LGA/MapServer
2011	26610	Swan Hill (RC)	2	https://geo.abs.gov.au/arcgis/rest/services/ASGS2011/LGA/MapServer
2011	26670	Towong (S)	2	https://geo.abs.gov.au/arcgis/rest/services/ASGS2011/LGA/MapServer
2011	26700	Wangaratta (RC)	2	https://geo.abs.gov.au/arcgis/rest/services/ASGS2011/LGA/MapServer
2011	26730	Warrnambool (C)	2	https://geo.abs.gov.au/arcgis/rest/services/ASGS2011/LGA/MapServer
2011	26810	Wellington (S)	2	https://geo.abs.gov.au/arcgis/rest/services/ASGS2011/LGA/MapServer
2011	26890	West Wimmera (S)	2	https://geo.abs.gov.au/arcgis/rest/services/ASGS2011/LGA/MapServer
2011	26980	Whitehorse (C)	2	https://geo.abs.gov.au/arcgis/rest/services/ASGS2011/LGA/MapServer
2011	27070	Whittlesea (C)	2	https://geo.abs.gov.au/arcgis/rest/services/ASGS2011/LGA/MapServer
2011	27170	Wodonga (RC)	2	https://geo.abs.gov.au/arcgis/rest/services/ASGS2011/LGA/MapServer
2011	27260	Wyndham (C)	2	https://geo.abs.gov.au/arcgis/rest/services/ASGS2011/LGA/MapServer
2011	27350	Yarra (C)	2	https://geo.abs.gov.au/arcgis/rest/services/ASGS2011/LGA/MapServer
2011	27450	Yarra Ranges (S)	2	https://geo.abs.gov.au/arcgis/rest/services/ASGS2011/LGA/MapServer
2011	27630	Yarriambiack (S)	2	https://geo.abs.gov.au/arcgis/rest/services/ASGS2011/LGA/MapServer
2011	29399	Unincorporated Vic	2	https://geo.abs.gov.au/arcgis/rest/services/ASGS2011/LGA/MapServer
2011	30250	Aurukun (S)	3	https://geo.abs.gov.au/arcgis/rest/services/ASGS2011/LGA/MapServer
2011	30300	Balonne (S)	3	https://geo.abs.gov.au/arcgis/rest/services/ASGS2011/LGA/MapServer
2011	30370	Banana (S)	3	https://geo.abs.gov.au/arcgis/rest/services/ASGS2011/LGA/MapServer
2011	30410	Barcaldine (R)	3	https://geo.abs.gov.au/arcgis/rest/services/ASGS2011/LGA/MapServer
2011	30450	Barcoo (S)	3	https://geo.abs.gov.au/arcgis/rest/services/ASGS2011/LGA/MapServer
2011	30760	Blackall Tambo (R)	3	https://geo.abs.gov.au/arcgis/rest/services/ASGS2011/LGA/MapServer
2011	30900	Boulia (S)	3	https://geo.abs.gov.au/arcgis/rest/services/ASGS2011/LGA/MapServer
2011	31000	Brisbane (C)	3	https://geo.abs.gov.au/arcgis/rest/services/ASGS2011/LGA/MapServer
2011	31750	Bulloo (S)	3	https://geo.abs.gov.au/arcgis/rest/services/ASGS2011/LGA/MapServer
2011	31820	Bundaberg (R)	3	https://geo.abs.gov.au/arcgis/rest/services/ASGS2011/LGA/MapServer
2011	31900	Burdekin (S)	3	https://geo.abs.gov.au/arcgis/rest/services/ASGS2011/LGA/MapServer
2011	31950	Burke (S)	3	https://geo.abs.gov.au/arcgis/rest/services/ASGS2011/LGA/MapServer
2011	32070	Cairns (R)	3	https://geo.abs.gov.au/arcgis/rest/services/ASGS2011/LGA/MapServer
2011	32250	Carpentaria (S)	3	https://geo.abs.gov.au/arcgis/rest/services/ASGS2011/LGA/MapServer
2011	32260	Cassowary Coast (R)	3	https://geo.abs.gov.au/arcgis/rest/services/ASGS2011/LGA/MapServer
2011	32270	Central Highlands (R)	3	https://geo.abs.gov.au/arcgis/rest/services/ASGS2011/LGA/MapServer
2011	32310	Charters Towers (R)	3	https://geo.abs.gov.au/arcgis/rest/services/ASGS2011/LGA/MapServer
2011	32330	Cherbourg (S)	3	https://geo.abs.gov.au/arcgis/rest/services/ASGS2011/LGA/MapServer
2011	32450	Cloncurry (S)	3	https://geo.abs.gov.au/arcgis/rest/services/ASGS2011/LGA/MapServer
2011	32500	Cook (S)	3	https://geo.abs.gov.au/arcgis/rest/services/ASGS2011/LGA/MapServer
2011	32600	Croydon (S)	3	https://geo.abs.gov.au/arcgis/rest/services/ASGS2011/LGA/MapServer
2011	32750	Diamantina (S)	3	https://geo.abs.gov.au/arcgis/rest/services/ASGS2011/LGA/MapServer
2011	32770	Doomadgee (S)	3	https://geo.abs.gov.au/arcgis/rest/services/ASGS2011/LGA/MapServer
2011	33100	Etheridge (S)	3	https://geo.abs.gov.au/arcgis/rest/services/ASGS2011/LGA/MapServer
2011	33200	Flinders (S)	3	https://geo.abs.gov.au/arcgis/rest/services/ASGS2011/LGA/MapServer
2011	33220	Fraser Coast (R)	3	https://geo.abs.gov.au/arcgis/rest/services/ASGS2011/LGA/MapServer
2011	33360	Gladstone (R)	3	https://geo.abs.gov.au/arcgis/rest/services/ASGS2011/LGA/MapServer
2011	33430	Gold Coast (C)	3	https://geo.abs.gov.au/arcgis/rest/services/ASGS2011/LGA/MapServer
2011	33610	Goondiwindi (R)	3	https://geo.abs.gov.au/arcgis/rest/services/ASGS2011/LGA/MapServer
2011	33620	Gympie (R)	3	https://geo.abs.gov.au/arcgis/rest/services/ASGS2011/LGA/MapServer
2011	33800	Hinchinbrook (S)	3	https://geo.abs.gov.au/arcgis/rest/services/ASGS2011/LGA/MapServer
2011	33830	Hope Vale (S)	3	https://geo.abs.gov.au/arcgis/rest/services/ASGS2011/LGA/MapServer
2011	33960	Ipswich (C)	3	https://geo.abs.gov.au/arcgis/rest/services/ASGS2011/LGA/MapServer
2011	33980	Isaac (R)	3	https://geo.abs.gov.au/arcgis/rest/services/ASGS2011/LGA/MapServer
2011	34420	Kowanyama (S)	3	https://geo.abs.gov.au/arcgis/rest/services/ASGS2011/LGA/MapServer
2011	34570	Lockhart River (S)	3	https://geo.abs.gov.au/arcgis/rest/services/ASGS2011/LGA/MapServer
2011	34580	Lockyer Valley (R)	3	https://geo.abs.gov.au/arcgis/rest/services/ASGS2011/LGA/MapServer
2011	34590	Logan (C)	3	https://geo.abs.gov.au/arcgis/rest/services/ASGS2011/LGA/MapServer
2011	34710	Longreach (R)	3	https://geo.abs.gov.au/arcgis/rest/services/ASGS2011/LGA/MapServer
2011	34770	Mackay (R)	3	https://geo.abs.gov.au/arcgis/rest/services/ASGS2011/LGA/MapServer
2011	34800	McKinlay (S)	3	https://geo.abs.gov.au/arcgis/rest/services/ASGS2011/LGA/MapServer
2011	34830	Mapoon (S)	3	https://geo.abs.gov.au/arcgis/rest/services/ASGS2011/LGA/MapServer
2011	34860	Maranoa (R)	3	https://geo.abs.gov.au/arcgis/rest/services/ASGS2011/LGA/MapServer
2011	35010	Moreton Bay (R)	3	https://geo.abs.gov.au/arcgis/rest/services/ASGS2011/LGA/MapServer
2011	35250	Mornington (S)	3	https://geo.abs.gov.au/arcgis/rest/services/ASGS2011/LGA/MapServer
2011	35300	Mount Isa (C)	3	https://geo.abs.gov.au/arcgis/rest/services/ASGS2011/LGA/MapServer
2011	35600	Murweh (S)	3	https://geo.abs.gov.au/arcgis/rest/services/ASGS2011/LGA/MapServer
2011	35670	Napranum (S)	3	https://geo.abs.gov.au/arcgis/rest/services/ASGS2011/LGA/MapServer
2011	35760	North Burnett (R)	3	https://geo.abs.gov.au/arcgis/rest/services/ASGS2011/LGA/MapServer
2011	35780	Northern Peninsula Area (R)	3	https://geo.abs.gov.au/arcgis/rest/services/ASGS2011/LGA/MapServer
2011	35790	Palm Island (S)	3	https://geo.abs.gov.au/arcgis/rest/services/ASGS2011/LGA/MapServer
2011	35800	Paroo (S)	3	https://geo.abs.gov.au/arcgis/rest/services/ASGS2011/LGA/MapServer
2011	36070	Pormpuraaw (S)	3	https://geo.abs.gov.au/arcgis/rest/services/ASGS2011/LGA/MapServer
2011	36150	Quilpie (S)	3	https://geo.abs.gov.au/arcgis/rest/services/ASGS2011/LGA/MapServer
2011	36250	Redland (C)	3	https://geo.abs.gov.au/arcgis/rest/services/ASGS2011/LGA/MapServer
2011	36300	Richmond (S)	3	https://geo.abs.gov.au/arcgis/rest/services/ASGS2011/LGA/MapServer
2011	36360	Rockhampton (R)	3	https://geo.abs.gov.au/arcgis/rest/services/ASGS2011/LGA/MapServer
2011	36510	Scenic Rim (R)	3	https://geo.abs.gov.au/arcgis/rest/services/ASGS2011/LGA/MapServer
2011	36580	Somerset (R)	3	https://geo.abs.gov.au/arcgis/rest/services/ASGS2011/LGA/MapServer
2011	36630	South Burnett (R)	3	https://geo.abs.gov.au/arcgis/rest/services/ASGS2011/LGA/MapServer
2011	36660	Southern Downs (R)	3	https://geo.abs.gov.au/arcgis/rest/services/ASGS2011/LGA/MapServer
2011	36710	Sunshine Coast (R)	3	https://geo.abs.gov.au/arcgis/rest/services/ASGS2011/LGA/MapServer
2011	36810	Tablelands (R)	3	https://geo.abs.gov.au/arcgis/rest/services/ASGS2011/LGA/MapServer
2011	36910	Toowoomba (R)	3	https://geo.abs.gov.au/arcgis/rest/services/ASGS2011/LGA/MapServer
2011	36950	Torres (S)	3	https://geo.abs.gov.au/arcgis/rest/services/ASGS2011/LGA/MapServer
2011	36960	Torres Strait Island (R)	3	https://geo.abs.gov.au/arcgis/rest/services/ASGS2011/LGA/MapServer
2011	37010	Townsville (C)	3	https://geo.abs.gov.au/arcgis/rest/services/ASGS2011/LGA/MapServer
2011	37300	Weipa (T)	3	https://geo.abs.gov.au/arcgis/rest/services/ASGS2011/LGA/MapServer
2011	37310	Western Downs (R)	3	https://geo.abs.gov.au/arcgis/rest/services/ASGS2011/LGA/MapServer
2011	37340	Whitsunday (R)	3	https://geo.abs.gov.au/arcgis/rest/services/ASGS2011/LGA/MapServer
2011	37400	Winton (S)	3	https://geo.abs.gov.au/arcgis/rest/services/ASGS2011/LGA/MapServer
2011	37550	Woorabinda (S)	3	https://geo.abs.gov.au/arcgis/rest/services/ASGS2011/LGA/MapServer
2011	37570	Wujal Wujal (S)	3	https://geo.abs.gov.au/arcgis/rest/services/ASGS2011/LGA/MapServer
2011	37600	Yarrabah (S)	3	https://geo.abs.gov.au/arcgis/rest/services/ASGS2011/LGA/MapServer
2011	40070	Adelaide (C)	4	https://geo.abs.gov.au/arcgis/rest/services/ASGS2011/LGA/MapServer
2011	40120	Adelaide Hills (DC)	4	https://geo.abs.gov.au/arcgis/rest/services/ASGS2011/LGA/MapServer
2011	40220	Alexandrina (DC)	4	https://geo.abs.gov.au/arcgis/rest/services/ASGS2011/LGA/MapServer
2011	40250	Anangu Pitjantjatjara (AC)	4	https://geo.abs.gov.au/arcgis/rest/services/ASGS2011/LGA/MapServer
2011	40310	Barossa (DC)	4	https://geo.abs.gov.au/arcgis/rest/services/ASGS2011/LGA/MapServer
2011	40430	Barunga West (DC)	4	https://geo.abs.gov.au/arcgis/rest/services/ASGS2011/LGA/MapServer
2011	40520	Berri and Barmera (DC)	4	https://geo.abs.gov.au/arcgis/rest/services/ASGS2011/LGA/MapServer
2011	40700	Burnside (C)	4	https://geo.abs.gov.au/arcgis/rest/services/ASGS2011/LGA/MapServer
2011	40910	Campbelltown (C)	4	https://geo.abs.gov.au/arcgis/rest/services/ASGS2011/LGA/MapServer
2011	41010	Ceduna (DC)	4	https://geo.abs.gov.au/arcgis/rest/services/ASGS2011/LGA/MapServer
2011	41060	Charles Sturt (C)	4	https://geo.abs.gov.au/arcgis/rest/services/ASGS2011/LGA/MapServer
2011	41140	Clare and Gilbert Valleys (DC)	4	https://geo.abs.gov.au/arcgis/rest/services/ASGS2011/LGA/MapServer
2011	41190	Cleve (DC)	4	https://geo.abs.gov.au/arcgis/rest/services/ASGS2011/LGA/MapServer
2011	41330	Coober Pedy (DC)	4	https://geo.abs.gov.au/arcgis/rest/services/ASGS2011/LGA/MapServer
2011	41560	Copper Coast (DC)	4	https://geo.abs.gov.au/arcgis/rest/services/ASGS2011/LGA/MapServer
2011	41750	Elliston (DC)	4	https://geo.abs.gov.au/arcgis/rest/services/ASGS2011/LGA/MapServer
2011	41830	Flinders Ranges (DC)	4	https://geo.abs.gov.au/arcgis/rest/services/ASGS2011/LGA/MapServer
2011	41960	Franklin Harbour (DC)	4	https://geo.abs.gov.au/arcgis/rest/services/ASGS2011/LGA/MapServer
2011	42030	Gawler (T)	4	https://geo.abs.gov.au/arcgis/rest/services/ASGS2011/LGA/MapServer
2011	42110	Goyder (DC)	4	https://geo.abs.gov.au/arcgis/rest/services/ASGS2011/LGA/MapServer
2011	42250	Grant (DC)	4	https://geo.abs.gov.au/arcgis/rest/services/ASGS2011/LGA/MapServer
2011	42600	Holdfast Bay (C)	4	https://geo.abs.gov.au/arcgis/rest/services/ASGS2011/LGA/MapServer
2011	42750	Kangaroo Island (DC)	4	https://geo.abs.gov.au/arcgis/rest/services/ASGS2011/LGA/MapServer
2011	43080	Karoonda East Murray (DC)	4	https://geo.abs.gov.au/arcgis/rest/services/ASGS2011/LGA/MapServer
2011	43220	Kimba (DC)	4	https://geo.abs.gov.au/arcgis/rest/services/ASGS2011/LGA/MapServer
2011	43360	Kingston (DC)	4	https://geo.abs.gov.au/arcgis/rest/services/ASGS2011/LGA/MapServer
2011	43650	Light (RegC)	4	https://geo.abs.gov.au/arcgis/rest/services/ASGS2011/LGA/MapServer
2011	43710	Lower Eyre Peninsula (DC)	4	https://geo.abs.gov.au/arcgis/rest/services/ASGS2011/LGA/MapServer
2011	43790	Loxton Waikerie (DC)	4	https://geo.abs.gov.au/arcgis/rest/services/ASGS2011/LGA/MapServer
2011	43920	Mallala (DC)	4	https://geo.abs.gov.au/arcgis/rest/services/ASGS2011/LGA/MapServer
2011	44000	Maralinga Tjarutja (AC)	4	https://geo.abs.gov.au/arcgis/rest/services/ASGS2011/LGA/MapServer
2011	44060	Marion (C)	4	https://geo.abs.gov.au/arcgis/rest/services/ASGS2011/LGA/MapServer
2011	44210	Mid Murray (DC)	4	https://geo.abs.gov.au/arcgis/rest/services/ASGS2011/LGA/MapServer
2011	44340	Mitcham (C)	4	https://geo.abs.gov.au/arcgis/rest/services/ASGS2011/LGA/MapServer
2011	44550	Mount Barker (DC)	4	https://geo.abs.gov.au/arcgis/rest/services/ASGS2011/LGA/MapServer
2011	44620	Mount Gambier (C)	4	https://geo.abs.gov.au/arcgis/rest/services/ASGS2011/LGA/MapServer
2011	44830	Mount Remarkable (DC)	4	https://geo.abs.gov.au/arcgis/rest/services/ASGS2011/LGA/MapServer
2011	45040	Murray Bridge (RC)	4	https://geo.abs.gov.au/arcgis/rest/services/ASGS2011/LGA/MapServer
2011	45090	Naracoorte and Lucindale (DC)	4	https://geo.abs.gov.au/arcgis/rest/services/ASGS2011/LGA/MapServer
2011	45120	Northern Areas (DC)	4	https://geo.abs.gov.au/arcgis/rest/services/ASGS2011/LGA/MapServer
2011	45290	Norwood Payneham St Peters (C)	4	https://geo.abs.gov.au/arcgis/rest/services/ASGS2011/LGA/MapServer
2011	45340	Onkaparinga (C)	4	https://geo.abs.gov.au/arcgis/rest/services/ASGS2011/LGA/MapServer
2011	45400	Orroroo/Carrieton (DC)	4	https://geo.abs.gov.au/arcgis/rest/services/ASGS2011/LGA/MapServer
2011	45540	Peterborough (DC)	4	https://geo.abs.gov.au/arcgis/rest/services/ASGS2011/LGA/MapServer
2011	45680	Playford (C)	4	https://geo.abs.gov.au/arcgis/rest/services/ASGS2011/LGA/MapServer
2011	45890	Port Adelaide Enfield (C)	4	https://geo.abs.gov.au/arcgis/rest/services/ASGS2011/LGA/MapServer
2011	46090	Port Augusta (C)	4	https://geo.abs.gov.au/arcgis/rest/services/ASGS2011/LGA/MapServer
2011	46300	Port Lincoln (C)	4	https://geo.abs.gov.au/arcgis/rest/services/ASGS2011/LGA/MapServer
2011	46450	Port Pirie City and Dists (M)	4	https://geo.abs.gov.au/arcgis/rest/services/ASGS2011/LGA/MapServer
2011	46510	Prospect (C)	4	https://geo.abs.gov.au/arcgis/rest/services/ASGS2011/LGA/MapServer
2011	46670	Renmark Paringa (DC)	4	https://geo.abs.gov.au/arcgis/rest/services/ASGS2011/LGA/MapServer
2011	46860	Robe (DC)	4	https://geo.abs.gov.au/arcgis/rest/services/ASGS2011/LGA/MapServer
2011	46970	Roxby Downs (M)	4	https://geo.abs.gov.au/arcgis/rest/services/ASGS2011/LGA/MapServer
2011	47140	Salisbury (C)	4	https://geo.abs.gov.au/arcgis/rest/services/ASGS2011/LGA/MapServer
2011	47290	Southern Mallee (DC)	4	https://geo.abs.gov.au/arcgis/rest/services/ASGS2011/LGA/MapServer
2011	47490	Streaky Bay (DC)	4	https://geo.abs.gov.au/arcgis/rest/services/ASGS2011/LGA/MapServer
2011	47630	Tatiara (DC)	4	https://geo.abs.gov.au/arcgis/rest/services/ASGS2011/LGA/MapServer
2011	47700	Tea Tree Gully (C)	4	https://geo.abs.gov.au/arcgis/rest/services/ASGS2011/LGA/MapServer
2011	47800	The Coorong (DC)	4	https://geo.abs.gov.au/arcgis/rest/services/ASGS2011/LGA/MapServer
2011	47910	Tumby Bay (DC)	4	https://geo.abs.gov.au/arcgis/rest/services/ASGS2011/LGA/MapServer
2011	47980	Unley (C)	4	https://geo.abs.gov.au/arcgis/rest/services/ASGS2011/LGA/MapServer
2011	48050	Victor Harbor (C)	4	https://geo.abs.gov.au/arcgis/rest/services/ASGS2011/LGA/MapServer
2011	48130	Wakefield (DC)	4	https://geo.abs.gov.au/arcgis/rest/services/ASGS2011/LGA/MapServer
2011	48260	Walkerville (M)	4	https://geo.abs.gov.au/arcgis/rest/services/ASGS2011/LGA/MapServer
2011	48340	Wattle Range (DC)	4	https://geo.abs.gov.au/arcgis/rest/services/ASGS2011/LGA/MapServer
2011	48410	West Torrens (C)	4	https://geo.abs.gov.au/arcgis/rest/services/ASGS2011/LGA/MapServer
2011	48540	Whyalla (C)	4	https://geo.abs.gov.au/arcgis/rest/services/ASGS2011/LGA/MapServer
2011	48640	Wudinna (DC)	4	https://geo.abs.gov.au/arcgis/rest/services/ASGS2011/LGA/MapServer
2011	48750	Yankalilla (DC)	4	https://geo.abs.gov.au/arcgis/rest/services/ASGS2011/LGA/MapServer
2011	48830	Yorke Peninsula (DC)	4	https://geo.abs.gov.au/arcgis/rest/services/ASGS2011/LGA/MapServer
2011	49399	Unincorporated SA	4	https://geo.abs.gov.au/arcgis/rest/services/ASGS2011/LGA/MapServer
2011	50080	Albany (C)	5	https://geo.abs.gov.au/arcgis/rest/services/ASGS2011/LGA/MapServer
2011	50210	Armadale (C)	5	https://geo.abs.gov.au/arcgis/rest/services/ASGS2011/LGA/MapServer
2011	50250	Ashburton (S)	5	https://geo.abs.gov.au/arcgis/rest/services/ASGS2011/LGA/MapServer
2011	50280	Augusta-Margaret River (S)	5	https://geo.abs.gov.au/arcgis/rest/services/ASGS2011/LGA/MapServer
2011	50350	Bassendean (T)	5	https://geo.abs.gov.au/arcgis/rest/services/ASGS2011/LGA/MapServer
2011	50420	Bayswater (C)	5	https://geo.abs.gov.au/arcgis/rest/services/ASGS2011/LGA/MapServer
2011	50490	Belmont (C)	5	https://geo.abs.gov.au/arcgis/rest/services/ASGS2011/LGA/MapServer
2011	50560	Beverley (S)	5	https://geo.abs.gov.au/arcgis/rest/services/ASGS2011/LGA/MapServer
2011	50630	Boddington (S)	5	https://geo.abs.gov.au/arcgis/rest/services/ASGS2011/LGA/MapServer
2011	50770	Boyup Brook (S)	5	https://geo.abs.gov.au/arcgis/rest/services/ASGS2011/LGA/MapServer
2011	50840	Bridgetown-Greenbushes (S)	5	https://geo.abs.gov.au/arcgis/rest/services/ASGS2011/LGA/MapServer
2011	50910	Brookton (S)	5	https://geo.abs.gov.au/arcgis/rest/services/ASGS2011/LGA/MapServer
2011	50980	Broome (S)	5	https://geo.abs.gov.au/arcgis/rest/services/ASGS2011/LGA/MapServer
2011	51080	Broomehill-Tambellup (S)	5	https://geo.abs.gov.au/arcgis/rest/services/ASGS2011/LGA/MapServer
2011	51120	Bruce Rock (S)	5	https://geo.abs.gov.au/arcgis/rest/services/ASGS2011/LGA/MapServer
2011	51190	Bunbury (C)	5	https://geo.abs.gov.au/arcgis/rest/services/ASGS2011/LGA/MapServer
2011	51260	Busselton (S)	5	https://geo.abs.gov.au/arcgis/rest/services/ASGS2011/LGA/MapServer
2011	51310	Cambridge (T)	5	https://geo.abs.gov.au/arcgis/rest/services/ASGS2011/LGA/MapServer
2011	51330	Canning (C)	5	https://geo.abs.gov.au/arcgis/rest/services/ASGS2011/LGA/MapServer
2011	51400	Capel (S)	5	https://geo.abs.gov.au/arcgis/rest/services/ASGS2011/LGA/MapServer
2011	51470	Carnamah (S)	5	https://geo.abs.gov.au/arcgis/rest/services/ASGS2011/LGA/MapServer
2011	51540	Carnarvon (S)	5	https://geo.abs.gov.au/arcgis/rest/services/ASGS2011/LGA/MapServer
2011	51610	Chapman Valley (S)	5	https://geo.abs.gov.au/arcgis/rest/services/ASGS2011/LGA/MapServer
2011	51680	Chittering (S)	5	https://geo.abs.gov.au/arcgis/rest/services/ASGS2011/LGA/MapServer
2011	51750	Claremont (T)	5	https://geo.abs.gov.au/arcgis/rest/services/ASGS2011/LGA/MapServer
2011	51820	Cockburn (C)	5	https://geo.abs.gov.au/arcgis/rest/services/ASGS2011/LGA/MapServer
2011	51890	Collie (S)	5	https://geo.abs.gov.au/arcgis/rest/services/ASGS2011/LGA/MapServer
2011	51960	Coolgardie (S)	5	https://geo.abs.gov.au/arcgis/rest/services/ASGS2011/LGA/MapServer
2011	52030	Coorow (S)	5	https://geo.abs.gov.au/arcgis/rest/services/ASGS2011/LGA/MapServer
2011	52100	Corrigin (S)	5	https://geo.abs.gov.au/arcgis/rest/services/ASGS2011/LGA/MapServer
2011	52170	Cottesloe (T)	5	https://geo.abs.gov.au/arcgis/rest/services/ASGS2011/LGA/MapServer
2011	52240	Cranbrook (S)	5	https://geo.abs.gov.au/arcgis/rest/services/ASGS2011/LGA/MapServer
2011	52310	Cuballing (S)	5	https://geo.abs.gov.au/arcgis/rest/services/ASGS2011/LGA/MapServer
2011	52380	Cue (S)	5	https://geo.abs.gov.au/arcgis/rest/services/ASGS2011/LGA/MapServer
2011	52450	Cunderdin (S)	5	https://geo.abs.gov.au/arcgis/rest/services/ASGS2011/LGA/MapServer
2011	52520	Dalwallinu (S)	5	https://geo.abs.gov.au/arcgis/rest/services/ASGS2011/LGA/MapServer
2011	52590	Dandaragan (S)	5	https://geo.abs.gov.au/arcgis/rest/services/ASGS2011/LGA/MapServer
2011	52660	Dardanup (S)	5	https://geo.abs.gov.au/arcgis/rest/services/ASGS2011/LGA/MapServer
2011	52730	Denmark (S)	5	https://geo.abs.gov.au/arcgis/rest/services/ASGS2011/LGA/MapServer
2011	52800	Derby-West Kimberley (S)	5	https://geo.abs.gov.au/arcgis/rest/services/ASGS2011/LGA/MapServer
2011	52870	Donnybrook-Balingup (S)	5	https://geo.abs.gov.au/arcgis/rest/services/ASGS2011/LGA/MapServer
2011	52940	Dowerin (S)	5	https://geo.abs.gov.au/arcgis/rest/services/ASGS2011/LGA/MapServer
2011	53010	Dumbleyung (S)	5	https://geo.abs.gov.au/arcgis/rest/services/ASGS2011/LGA/MapServer
2011	53080	Dundas (S)	5	https://geo.abs.gov.au/arcgis/rest/services/ASGS2011/LGA/MapServer
2011	53150	East Fremantle (T)	5	https://geo.abs.gov.au/arcgis/rest/services/ASGS2011/LGA/MapServer
2011	53220	East Pilbara (S)	5	https://geo.abs.gov.au/arcgis/rest/services/ASGS2011/LGA/MapServer
2011	53290	Esperance (S)	5	https://geo.abs.gov.au/arcgis/rest/services/ASGS2011/LGA/MapServer
2011	53360	Exmouth (S)	5	https://geo.abs.gov.au/arcgis/rest/services/ASGS2011/LGA/MapServer
2011	53430	Fremantle (C)	5	https://geo.abs.gov.au/arcgis/rest/services/ASGS2011/LGA/MapServer
2011	53520	Geraldton-Greenough (C)	5	https://geo.abs.gov.au/arcgis/rest/services/ASGS2011/LGA/MapServer
2011	53570	Gingin (S)	5	https://geo.abs.gov.au/arcgis/rest/services/ASGS2011/LGA/MapServer
2011	53640	Gnowangerup (S)	5	https://geo.abs.gov.au/arcgis/rest/services/ASGS2011/LGA/MapServer
2011	53710	Goomalling (S)	5	https://geo.abs.gov.au/arcgis/rest/services/ASGS2011/LGA/MapServer
2011	53780	Gosnells (C)	5	https://geo.abs.gov.au/arcgis/rest/services/ASGS2011/LGA/MapServer
2011	53920	Halls Creek (S)	5	https://geo.abs.gov.au/arcgis/rest/services/ASGS2011/LGA/MapServer
2011	53990	Harvey (S)	5	https://geo.abs.gov.au/arcgis/rest/services/ASGS2011/LGA/MapServer
2011	54060	Irwin (S)	5	https://geo.abs.gov.au/arcgis/rest/services/ASGS2011/LGA/MapServer
2011	54130	Jerramungup (S)	5	https://geo.abs.gov.au/arcgis/rest/services/ASGS2011/LGA/MapServer
2011	54170	Joondalup (C)	5	https://geo.abs.gov.au/arcgis/rest/services/ASGS2011/LGA/MapServer
2011	54200	Kalamunda (S)	5	https://geo.abs.gov.au/arcgis/rest/services/ASGS2011/LGA/MapServer
2011	54280	Kalgoorlie/Boulder (C)	5	https://geo.abs.gov.au/arcgis/rest/services/ASGS2011/LGA/MapServer
2011	54340	Katanning (S)	5	https://geo.abs.gov.au/arcgis/rest/services/ASGS2011/LGA/MapServer
2011	54410	Kellerberrin (S)	5	https://geo.abs.gov.au/arcgis/rest/services/ASGS2011/LGA/MapServer
2011	54480	Kent (S)	5	https://geo.abs.gov.au/arcgis/rest/services/ASGS2011/LGA/MapServer
2011	54550	Kojonup (S)	5	https://geo.abs.gov.au/arcgis/rest/services/ASGS2011/LGA/MapServer
2011	54620	Kondinin (S)	5	https://geo.abs.gov.au/arcgis/rest/services/ASGS2011/LGA/MapServer
2011	54690	Koorda (S)	5	https://geo.abs.gov.au/arcgis/rest/services/ASGS2011/LGA/MapServer
2011	54760	Kulin (S)	5	https://geo.abs.gov.au/arcgis/rest/services/ASGS2011/LGA/MapServer
2011	54830	Kwinana (T)	5	https://geo.abs.gov.au/arcgis/rest/services/ASGS2011/LGA/MapServer
2011	54900	Lake Grace (S)	5	https://geo.abs.gov.au/arcgis/rest/services/ASGS2011/LGA/MapServer
2011	54970	Laverton (S)	5	https://geo.abs.gov.au/arcgis/rest/services/ASGS2011/LGA/MapServer
2011	55040	Leonora (S)	5	https://geo.abs.gov.au/arcgis/rest/services/ASGS2011/LGA/MapServer
2011	55110	Mandurah (C)	5	https://geo.abs.gov.au/arcgis/rest/services/ASGS2011/LGA/MapServer
2011	55180	Manjimup (S)	5	https://geo.abs.gov.au/arcgis/rest/services/ASGS2011/LGA/MapServer
2011	55250	Meekatharra (S)	5	https://geo.abs.gov.au/arcgis/rest/services/ASGS2011/LGA/MapServer
2011	55320	Melville (C)	5	https://geo.abs.gov.au/arcgis/rest/services/ASGS2011/LGA/MapServer
2011	55390	Menzies (S)	5	https://geo.abs.gov.au/arcgis/rest/services/ASGS2011/LGA/MapServer
2011	55460	Merredin (S)	5	https://geo.abs.gov.au/arcgis/rest/services/ASGS2011/LGA/MapServer
2011	55530	Mingenew (S)	5	https://geo.abs.gov.au/arcgis/rest/services/ASGS2011/LGA/MapServer
2011	55600	Moora (S)	5	https://geo.abs.gov.au/arcgis/rest/services/ASGS2011/LGA/MapServer
2011	55670	Morawa (S)	5	https://geo.abs.gov.au/arcgis/rest/services/ASGS2011/LGA/MapServer
2011	55740	Mosman Park (T)	5	https://geo.abs.gov.au/arcgis/rest/services/ASGS2011/LGA/MapServer
2011	55810	Mount Magnet (S)	5	https://geo.abs.gov.au/arcgis/rest/services/ASGS2011/LGA/MapServer
2011	55880	Mount Marshall (S)	5	https://geo.abs.gov.au/arcgis/rest/services/ASGS2011/LGA/MapServer
2011	55950	Mukinbudin (S)	5	https://geo.abs.gov.au/arcgis/rest/services/ASGS2011/LGA/MapServer
2011	56020	Mullewa (S)	5	https://geo.abs.gov.au/arcgis/rest/services/ASGS2011/LGA/MapServer
2011	56090	Mundaring (S)	5	https://geo.abs.gov.au/arcgis/rest/services/ASGS2011/LGA/MapServer
2011	56160	Murchison (S)	5	https://geo.abs.gov.au/arcgis/rest/services/ASGS2011/LGA/MapServer
2011	56230	Murray (S)	5	https://geo.abs.gov.au/arcgis/rest/services/ASGS2011/LGA/MapServer
2011	56300	Nannup (S)	5	https://geo.abs.gov.au/arcgis/rest/services/ASGS2011/LGA/MapServer
2011	56370	Narembeen (S)	5	https://geo.abs.gov.au/arcgis/rest/services/ASGS2011/LGA/MapServer
2011	56450	Narrogin (S)	5	https://geo.abs.gov.au/arcgis/rest/services/ASGS2011/LGA/MapServer
2011	56520	Narrogin (T)	5	https://geo.abs.gov.au/arcgis/rest/services/ASGS2011/LGA/MapServer
2011	56580	Nedlands (C)	5	https://geo.abs.gov.au/arcgis/rest/services/ASGS2011/LGA/MapServer
2011	56620	Ngaanyatjarraku (S)	5	https://geo.abs.gov.au/arcgis/rest/services/ASGS2011/LGA/MapServer
2011	56730	Northam (S)	5	https://geo.abs.gov.au/arcgis/rest/services/ASGS2011/LGA/MapServer
2011	56790	Northampton (S)	5	https://geo.abs.gov.au/arcgis/rest/services/ASGS2011/LGA/MapServer
2011	56860	Nungarin (S)	5	https://geo.abs.gov.au/arcgis/rest/services/ASGS2011/LGA/MapServer
2011	56930	Peppermint Grove (S)	5	https://geo.abs.gov.au/arcgis/rest/services/ASGS2011/LGA/MapServer
2011	57000	Perenjori (S)	5	https://geo.abs.gov.au/arcgis/rest/services/ASGS2011/LGA/MapServer
2011	57080	Perth (C)	5	https://geo.abs.gov.au/arcgis/rest/services/ASGS2011/LGA/MapServer
2011	57140	Pingelly (S)	5	https://geo.abs.gov.au/arcgis/rest/services/ASGS2011/LGA/MapServer
2011	57210	Plantagenet (S)	5	https://geo.abs.gov.au/arcgis/rest/services/ASGS2011/LGA/MapServer
2011	57280	Port Hedland (T)	5	https://geo.abs.gov.au/arcgis/rest/services/ASGS2011/LGA/MapServer
2011	57350	Quairading (S)	5	https://geo.abs.gov.au/arcgis/rest/services/ASGS2011/LGA/MapServer
2011	57420	Ravensthorpe (S)	5	https://geo.abs.gov.au/arcgis/rest/services/ASGS2011/LGA/MapServer
2011	57490	Rockingham (C)	5	https://geo.abs.gov.au/arcgis/rest/services/ASGS2011/LGA/MapServer
2011	57560	Roebourne (S)	5	https://geo.abs.gov.au/arcgis/rest/services/ASGS2011/LGA/MapServer
2011	57630	Sandstone (S)	5	https://geo.abs.gov.au/arcgis/rest/services/ASGS2011/LGA/MapServer
2011	57700	Serpentine-Jarrahdale (S)	5	https://geo.abs.gov.au/arcgis/rest/services/ASGS2011/LGA/MapServer
2011	57770	Shark Bay (S)	5	https://geo.abs.gov.au/arcgis/rest/services/ASGS2011/LGA/MapServer
2011	57840	South Perth (C)	5	https://geo.abs.gov.au/arcgis/rest/services/ASGS2011/LGA/MapServer
2011	57910	Stirling (C)	5	https://geo.abs.gov.au/arcgis/rest/services/ASGS2011/LGA/MapServer
2011	57980	Subiaco (C)	5	https://geo.abs.gov.au/arcgis/rest/services/ASGS2011/LGA/MapServer
2011	58050	Swan (C)	5	https://geo.abs.gov.au/arcgis/rest/services/ASGS2011/LGA/MapServer
2011	58190	Tammin (S)	5	https://geo.abs.gov.au/arcgis/rest/services/ASGS2011/LGA/MapServer
2011	58260	Three Springs (S)	5	https://geo.abs.gov.au/arcgis/rest/services/ASGS2011/LGA/MapServer
2011	58330	Toodyay (S)	5	https://geo.abs.gov.au/arcgis/rest/services/ASGS2011/LGA/MapServer
2011	58400	Trayning (S)	5	https://geo.abs.gov.au/arcgis/rest/services/ASGS2011/LGA/MapServer
2011	58470	Upper Gascoyne (S)	5	https://geo.abs.gov.au/arcgis/rest/services/ASGS2011/LGA/MapServer
2011	58510	Victoria Park (T)	5	https://geo.abs.gov.au/arcgis/rest/services/ASGS2011/LGA/MapServer
2011	58540	Victoria Plains (S)	5	https://geo.abs.gov.au/arcgis/rest/services/ASGS2011/LGA/MapServer
2011	58570	Vincent (T)	5	https://geo.abs.gov.au/arcgis/rest/services/ASGS2011/LGA/MapServer
2011	58610	Wagin (S)	5	https://geo.abs.gov.au/arcgis/rest/services/ASGS2011/LGA/MapServer
2011	58680	Wandering (S)	5	https://geo.abs.gov.au/arcgis/rest/services/ASGS2011/LGA/MapServer
2011	58760	Wanneroo (C)	5	https://geo.abs.gov.au/arcgis/rest/services/ASGS2011/LGA/MapServer
2011	58820	Waroona (S)	5	https://geo.abs.gov.au/arcgis/rest/services/ASGS2011/LGA/MapServer
2011	58890	West Arthur (S)	5	https://geo.abs.gov.au/arcgis/rest/services/ASGS2011/LGA/MapServer
2011	59030	Westonia (S)	5	https://geo.abs.gov.au/arcgis/rest/services/ASGS2011/LGA/MapServer
2011	59100	Wickepin (S)	5	https://geo.abs.gov.au/arcgis/rest/services/ASGS2011/LGA/MapServer
2011	59170	Williams (S)	5	https://geo.abs.gov.au/arcgis/rest/services/ASGS2011/LGA/MapServer
2011	59250	Wiluna (S)	5	https://geo.abs.gov.au/arcgis/rest/services/ASGS2011/LGA/MapServer
2011	59310	Wongan-Ballidu (S)	5	https://geo.abs.gov.au/arcgis/rest/services/ASGS2011/LGA/MapServer
2011	59320	Woodanilling (S)	5	https://geo.abs.gov.au/arcgis/rest/services/ASGS2011/LGA/MapServer
2011	59330	Wyalkatchem (S)	5	https://geo.abs.gov.au/arcgis/rest/services/ASGS2011/LGA/MapServer
2011	59340	Wyndham-East Kimberley (S)	5	https://geo.abs.gov.au/arcgis/rest/services/ASGS2011/LGA/MapServer
2011	59350	Yalgoo (S)	5	https://geo.abs.gov.au/arcgis/rest/services/ASGS2011/LGA/MapServer
2011	59360	Yilgarn (S)	5	https://geo.abs.gov.au/arcgis/rest/services/ASGS2011/LGA/MapServer
2011	59370	York (S)	5	https://geo.abs.gov.au/arcgis/rest/services/ASGS2011/LGA/MapServer
2011	60210	Break O'Day (M)	6	https://geo.abs.gov.au/arcgis/rest/services/ASGS2011/LGA/MapServer
2011	60410	Brighton (M)	6	https://geo.abs.gov.au/arcgis/rest/services/ASGS2011/LGA/MapServer
2011	60610	Burnie (C)	6	https://geo.abs.gov.au/arcgis/rest/services/ASGS2011/LGA/MapServer
2011	60810	Central Coast (M)	6	https://geo.abs.gov.au/arcgis/rest/services/ASGS2011/LGA/MapServer
2011	61010	Central Highlands (M)	6	https://geo.abs.gov.au/arcgis/rest/services/ASGS2011/LGA/MapServer
2011	61210	Circular Head (M)	6	https://geo.abs.gov.au/arcgis/rest/services/ASGS2011/LGA/MapServer
2011	61410	Clarence (C)	6	https://geo.abs.gov.au/arcgis/rest/services/ASGS2011/LGA/MapServer
2011	61510	Derwent Valley (M)	6	https://geo.abs.gov.au/arcgis/rest/services/ASGS2011/LGA/MapServer
2011	61610	Devonport (C)	6	https://geo.abs.gov.au/arcgis/rest/services/ASGS2011/LGA/MapServer
2011	61810	Dorset (M)	6	https://geo.abs.gov.au/arcgis/rest/services/ASGS2011/LGA/MapServer
2011	62010	Flinders (M)	6	https://geo.abs.gov.au/arcgis/rest/services/ASGS2011/LGA/MapServer
2011	62210	George Town (M)	6	https://geo.abs.gov.au/arcgis/rest/services/ASGS2011/LGA/MapServer
2011	62410	Glamorgan/Spring Bay (M)	6	https://geo.abs.gov.au/arcgis/rest/services/ASGS2011/LGA/MapServer
2011	62610	Glenorchy (C)	6	https://geo.abs.gov.au/arcgis/rest/services/ASGS2011/LGA/MapServer
2011	62810	Hobart (C)	6	https://geo.abs.gov.au/arcgis/rest/services/ASGS2011/LGA/MapServer
2011	63010	Huon Valley (M)	6	https://geo.abs.gov.au/arcgis/rest/services/ASGS2011/LGA/MapServer
2011	63210	Kentish (M)	6	https://geo.abs.gov.au/arcgis/rest/services/ASGS2011/LGA/MapServer
2011	63410	King Island (M)	6	https://geo.abs.gov.au/arcgis/rest/services/ASGS2011/LGA/MapServer
2011	63610	Kingborough (M)	6	https://geo.abs.gov.au/arcgis/rest/services/ASGS2011/LGA/MapServer
2011	63810	Latrobe (M)	6	https://geo.abs.gov.au/arcgis/rest/services/ASGS2011/LGA/MapServer
2011	64010	Launceston (C)	6	https://geo.abs.gov.au/arcgis/rest/services/ASGS2011/LGA/MapServer
2011	64210	Meander Valley (M)	6	https://geo.abs.gov.au/arcgis/rest/services/ASGS2011/LGA/MapServer
2011	64610	Northern Midlands (M)	6	https://geo.abs.gov.au/arcgis/rest/services/ASGS2011/LGA/MapServer
2011	64810	Sorell (M)	6	https://geo.abs.gov.au/arcgis/rest/services/ASGS2011/LGA/MapServer
2011	65010	Southern Midlands (M)	6	https://geo.abs.gov.au/arcgis/rest/services/ASGS2011/LGA/MapServer
2011	65210	Tasman (M)	6	https://geo.abs.gov.au/arcgis/rest/services/ASGS2011/LGA/MapServer
2011	65410	Waratah/Wynyard (M)	6	https://geo.abs.gov.au/arcgis/rest/services/ASGS2011/LGA/MapServer
2011	65610	West Coast (M)	6	https://geo.abs.gov.au/arcgis/rest/services/ASGS2011/LGA/MapServer
2011	65810	West Tamar (M)	6	https://geo.abs.gov.au/arcgis/rest/services/ASGS2011/LGA/MapServer
2011	70200	Alice Springs (T)	7	https://geo.abs.gov.au/arcgis/rest/services/ASGS2011/LGA/MapServer
2011	70420	Barkly (S)	7	https://geo.abs.gov.au/arcgis/rest/services/ASGS2011/LGA/MapServer
2011	70540	Belyuen (S)	7	https://geo.abs.gov.au/arcgis/rest/services/ASGS2011/LGA/MapServer
2011	70620	Central Desert (S)	7	https://geo.abs.gov.au/arcgis/rest/services/ASGS2011/LGA/MapServer
2011	70700	Coomalie (S)	7	https://geo.abs.gov.au/arcgis/rest/services/ASGS2011/LGA/MapServer
2011	71000	Darwin (C)	7	https://geo.abs.gov.au/arcgis/rest/services/ASGS2011/LGA/MapServer
2011	71300	East Arnhem (S)	7	https://geo.abs.gov.au/arcgis/rest/services/ASGS2011/LGA/MapServer
2011	72200	Katherine (T)	7	https://geo.abs.gov.au/arcgis/rest/services/ASGS2011/LGA/MapServer
2011	72300	Litchfield (M)	7	https://geo.abs.gov.au/arcgis/rest/services/ASGS2011/LGA/MapServer
2011	72330	MacDonnell (S)	7	https://geo.abs.gov.au/arcgis/rest/services/ASGS2011/LGA/MapServer
2011	72800	Palmerston (C)	7	https://geo.abs.gov.au/arcgis/rest/services/ASGS2011/LGA/MapServer
2011	73600	Roper Gulf (S)	7	https://geo.abs.gov.au/arcgis/rest/services/ASGS2011/LGA/MapServer
2011	74050	Tiwi Islands (S)	7	https://geo.abs.gov.au/arcgis/rest/services/ASGS2011/LGA/MapServer
2011	74500	Victoria-Daly (S)	7	https://geo.abs.gov.au/arcgis/rest/services/ASGS2011/LGA/MapServer
2011	74560	Wagait (S)	7	https://geo.abs.gov.au/arcgis/rest/services/ASGS2011/LGA/MapServer
2011	74660	West Arnhem (S)	7	https://geo.abs.gov.au/arcgis/rest/services/ASGS2011/LGA/MapServer
2011	79399	Unincorporated NT	7	https://geo.abs.gov.au/arcgis/rest/services/ASGS2011/LGA/MapServer
2011	89399	Unincorporated ACT	8	https://geo.abs.gov.au/arcgis/rest/services/ASGS2011/LGA/MapServer
2011	99399	Unincorp. Other Territories	9	https://geo.abs.gov.au/arcgis/rest/services/ASGS2011/LGA/MapServer
2016	10050	Albury (C)	1	https://geo.abs.gov.au/arcgis/rest/services/ASGS2016/LGA/MapServer
2016	10130	Armidale Regional (A)	1	https://geo.abs.gov.au/arcgis/rest/services/ASGS2016/LGA/MapServer
2016	10250	Ballina (A)	1	https://geo.abs.gov.au/arcgis/rest/services/ASGS2016/LGA/MapServer
2016	10300	Balranald (A)	1	https://geo.abs.gov.au/arcgis/rest/services/ASGS2016/LGA/MapServer
2016	10470	Bathurst Regional (A)	1	https://geo.abs.gov.au/arcgis/rest/services/ASGS2016/LGA/MapServer
2016	10550	Bega Valley (A)	1	https://geo.abs.gov.au/arcgis/rest/services/ASGS2016/LGA/MapServer
2016	10600	Bellingen (A)	1	https://geo.abs.gov.au/arcgis/rest/services/ASGS2016/LGA/MapServer
2016	10650	Berrigan (A)	1	https://geo.abs.gov.au/arcgis/rest/services/ASGS2016/LGA/MapServer
2016	10750	Blacktown (C)	1	https://geo.abs.gov.au/arcgis/rest/services/ASGS2016/LGA/MapServer
2016	10800	Bland (A)	1	https://geo.abs.gov.au/arcgis/rest/services/ASGS2016/LGA/MapServer
2016	10850	Blayney (A)	1	https://geo.abs.gov.au/arcgis/rest/services/ASGS2016/LGA/MapServer
2016	10900	Blue Mountains (C)	1	https://geo.abs.gov.au/arcgis/rest/services/ASGS2016/LGA/MapServer
2016	10950	Bogan (A)	1	https://geo.abs.gov.au/arcgis/rest/services/ASGS2016/LGA/MapServer
2016	11100	Botany Bay (C)	1	https://geo.abs.gov.au/arcgis/rest/services/ASGS2016/LGA/MapServer
2016	11150	Bourke (A)	1	https://geo.abs.gov.au/arcgis/rest/services/ASGS2016/LGA/MapServer
2016	11200	Brewarrina (A)	1	https://geo.abs.gov.au/arcgis/rest/services/ASGS2016/LGA/MapServer
2016	11250	Broken Hill (C)	1	https://geo.abs.gov.au/arcgis/rest/services/ASGS2016/LGA/MapServer
2016	11300	Burwood (A)	1	https://geo.abs.gov.au/arcgis/rest/services/ASGS2016/LGA/MapServer
2016	11350	Byron (A)	1	https://geo.abs.gov.au/arcgis/rest/services/ASGS2016/LGA/MapServer
2016	11400	Cabonne (A)	1	https://geo.abs.gov.au/arcgis/rest/services/ASGS2016/LGA/MapServer
2016	11450	Camden (A)	1	https://geo.abs.gov.au/arcgis/rest/services/ASGS2016/LGA/MapServer
2016	11500	Campbelltown (C) (NSW)	1	https://geo.abs.gov.au/arcgis/rest/services/ASGS2016/LGA/MapServer
2016	11520	Canada Bay (A)	1	https://geo.abs.gov.au/arcgis/rest/services/ASGS2016/LGA/MapServer
2016	11570	Canterbury-Bankstown (A)	1	https://geo.abs.gov.au/arcgis/rest/services/ASGS2016/LGA/MapServer
2016	11600	Carrathool (A)	1	https://geo.abs.gov.au/arcgis/rest/services/ASGS2016/LGA/MapServer
2016	11650	Central Coast (C) (NSW)	1	https://geo.abs.gov.au/arcgis/rest/services/ASGS2016/LGA/MapServer
2016	11700	Central Darling (A)	1	https://geo.abs.gov.au/arcgis/rest/services/ASGS2016/LGA/MapServer
2016	11720	Cessnock (C)	1	https://geo.abs.gov.au/arcgis/rest/services/ASGS2016/LGA/MapServer
2016	11730	Clarence Valley (A)	1	https://geo.abs.gov.au/arcgis/rest/services/ASGS2016/LGA/MapServer
2016	11750	Cobar (A)	1	https://geo.abs.gov.au/arcgis/rest/services/ASGS2016/LGA/MapServer
2016	11800	Coffs Harbour (C)	1	https://geo.abs.gov.au/arcgis/rest/services/ASGS2016/LGA/MapServer
2016	12000	Coolamon (A)	1	https://geo.abs.gov.au/arcgis/rest/services/ASGS2016/LGA/MapServer
2016	12150	Coonamble (A)	1	https://geo.abs.gov.au/arcgis/rest/services/ASGS2016/LGA/MapServer
2016	12350	Cowra (A)	1	https://geo.abs.gov.au/arcgis/rest/services/ASGS2016/LGA/MapServer
2016	12380	Cumberland (A)	1	https://geo.abs.gov.au/arcgis/rest/services/ASGS2016/LGA/MapServer
2016	12700	Dungog (A)	1	https://geo.abs.gov.au/arcgis/rest/services/ASGS2016/LGA/MapServer
2016	12730	Edward River (A)	1	https://geo.abs.gov.au/arcgis/rest/services/ASGS2016/LGA/MapServer
2016	12750	Eurobodalla (A)	1	https://geo.abs.gov.au/arcgis/rest/services/ASGS2016/LGA/MapServer
2016	12850	Fairfield (C)	1	https://geo.abs.gov.au/arcgis/rest/services/ASGS2016/LGA/MapServer
2016	12870	Federation (A)	1	https://geo.abs.gov.au/arcgis/rest/services/ASGS2016/LGA/MapServer
2016	12900	Forbes (A)	1	https://geo.abs.gov.au/arcgis/rest/services/ASGS2016/LGA/MapServer
2016	12930	Georges River (A)	1	https://geo.abs.gov.au/arcgis/rest/services/ASGS2016/LGA/MapServer
2016	12950	Gilgandra (A)	1	https://geo.abs.gov.au/arcgis/rest/services/ASGS2016/LGA/MapServer
2016	13010	Glen Innes Severn (A)	1	https://geo.abs.gov.au/arcgis/rest/services/ASGS2016/LGA/MapServer
2016	13310	Goulburn Mulwaree (A)	1	https://geo.abs.gov.au/arcgis/rest/services/ASGS2016/LGA/MapServer
2016	13340	Greater Hume Shire (A)	1	https://geo.abs.gov.au/arcgis/rest/services/ASGS2016/LGA/MapServer
2016	13450	Griffith (C)	1	https://geo.abs.gov.au/arcgis/rest/services/ASGS2016/LGA/MapServer
2016	13510	Gundagai (A)	1	https://geo.abs.gov.au/arcgis/rest/services/ASGS2016/LGA/MapServer
2016	13550	Gunnedah (A)	1	https://geo.abs.gov.au/arcgis/rest/services/ASGS2016/LGA/MapServer
2016	13660	Gwydir (A)	1	https://geo.abs.gov.au/arcgis/rest/services/ASGS2016/LGA/MapServer
2016	13800	Hawkesbury (C)	1	https://geo.abs.gov.au/arcgis/rest/services/ASGS2016/LGA/MapServer
2016	13850	Hay (A)	1	https://geo.abs.gov.au/arcgis/rest/services/ASGS2016/LGA/MapServer
2016	13910	Hilltops (A)	1	https://geo.abs.gov.au/arcgis/rest/services/ASGS2016/LGA/MapServer
2016	14000	Hornsby (A)	1	https://geo.abs.gov.au/arcgis/rest/services/ASGS2016/LGA/MapServer
2016	14100	Hunters Hill (A)	1	https://geo.abs.gov.au/arcgis/rest/services/ASGS2016/LGA/MapServer
2016	14170	Inner West (A)	1	https://geo.abs.gov.au/arcgis/rest/services/ASGS2016/LGA/MapServer
2016	14200	Inverell (A)	1	https://geo.abs.gov.au/arcgis/rest/services/ASGS2016/LGA/MapServer
2016	14300	Junee (A)	1	https://geo.abs.gov.au/arcgis/rest/services/ASGS2016/LGA/MapServer
2016	14350	Kempsey (A)	1	https://geo.abs.gov.au/arcgis/rest/services/ASGS2016/LGA/MapServer
2016	14400	Kiama (A)	1	https://geo.abs.gov.au/arcgis/rest/services/ASGS2016/LGA/MapServer
2016	14500	Ku-ring-gai (A)	1	https://geo.abs.gov.au/arcgis/rest/services/ASGS2016/LGA/MapServer
2016	14550	Kyogle (A)	1	https://geo.abs.gov.au/arcgis/rest/services/ASGS2016/LGA/MapServer
2016	14600	Lachlan (A)	1	https://geo.abs.gov.au/arcgis/rest/services/ASGS2016/LGA/MapServer
2016	14650	Lake Macquarie (C)	1	https://geo.abs.gov.au/arcgis/rest/services/ASGS2016/LGA/MapServer
2016	14700	Lane Cove (A)	1	https://geo.abs.gov.au/arcgis/rest/services/ASGS2016/LGA/MapServer
2016	14750	Leeton (A)	1	https://geo.abs.gov.au/arcgis/rest/services/ASGS2016/LGA/MapServer
2016	14850	Lismore (C)	1	https://geo.abs.gov.au/arcgis/rest/services/ASGS2016/LGA/MapServer
2016	14870	Lithgow (C)	1	https://geo.abs.gov.au/arcgis/rest/services/ASGS2016/LGA/MapServer
2016	14900	Liverpool (C)	1	https://geo.abs.gov.au/arcgis/rest/services/ASGS2016/LGA/MapServer
2016	14920	Liverpool Plains (A)	1	https://geo.abs.gov.au/arcgis/rest/services/ASGS2016/LGA/MapServer
2016	14950	Lockhart (A)	1	https://geo.abs.gov.au/arcgis/rest/services/ASGS2016/LGA/MapServer
2016	15050	Maitland (C)	1	https://geo.abs.gov.au/arcgis/rest/services/ASGS2016/LGA/MapServer
2016	15240	Mid-Coast (A)	1	https://geo.abs.gov.au/arcgis/rest/services/ASGS2016/LGA/MapServer
2016	15270	Mid-Western Regional (A)	1	https://geo.abs.gov.au/arcgis/rest/services/ASGS2016/LGA/MapServer
2016	15300	Moree Plains (A)	1	https://geo.abs.gov.au/arcgis/rest/services/ASGS2016/LGA/MapServer
2016	15350	Mosman (A)	1	https://geo.abs.gov.au/arcgis/rest/services/ASGS2016/LGA/MapServer
2016	15520	Murray River (A)	1	https://geo.abs.gov.au/arcgis/rest/services/ASGS2016/LGA/MapServer
2016	15560	Murrumbidgee (A)	1	https://geo.abs.gov.au/arcgis/rest/services/ASGS2016/LGA/MapServer
2016	15650	Muswellbrook (A)	1	https://geo.abs.gov.au/arcgis/rest/services/ASGS2016/LGA/MapServer
2016	15700	Nambucca (A)	1	https://geo.abs.gov.au/arcgis/rest/services/ASGS2016/LGA/MapServer
2016	15750	Narrabri (A)	1	https://geo.abs.gov.au/arcgis/rest/services/ASGS2016/LGA/MapServer
2016	15800	Narrandera (A)	1	https://geo.abs.gov.au/arcgis/rest/services/ASGS2016/LGA/MapServer
2016	15850	Narromine (A)	1	https://geo.abs.gov.au/arcgis/rest/services/ASGS2016/LGA/MapServer
2016	15900	Newcastle (C)	1	https://geo.abs.gov.au/arcgis/rest/services/ASGS2016/LGA/MapServer
2016	15950	North Sydney (A)	1	https://geo.abs.gov.au/arcgis/rest/services/ASGS2016/LGA/MapServer
2016	15990	Northern Beaches (A)	1	https://geo.abs.gov.au/arcgis/rest/services/ASGS2016/LGA/MapServer
2016	16100	Oberon (A)	1	https://geo.abs.gov.au/arcgis/rest/services/ASGS2016/LGA/MapServer
2016	16150	Orange (C)	1	https://geo.abs.gov.au/arcgis/rest/services/ASGS2016/LGA/MapServer
2016	16200	Parkes (A)	1	https://geo.abs.gov.au/arcgis/rest/services/ASGS2016/LGA/MapServer
2016	16260	Parramatta (C)	1	https://geo.abs.gov.au/arcgis/rest/services/ASGS2016/LGA/MapServer
2016	16350	Penrith (C)	1	https://geo.abs.gov.au/arcgis/rest/services/ASGS2016/LGA/MapServer
2016	16380	Port Macquarie-Hastings (A)	1	https://geo.abs.gov.au/arcgis/rest/services/ASGS2016/LGA/MapServer
2016	16400	Port Stephens (A)	1	https://geo.abs.gov.au/arcgis/rest/services/ASGS2016/LGA/MapServer
2016	16490	Queanbeyan-Palerang Regional (A)	1	https://geo.abs.gov.au/arcgis/rest/services/ASGS2016/LGA/MapServer
2016	16550	Randwick (C)	1	https://geo.abs.gov.au/arcgis/rest/services/ASGS2016/LGA/MapServer
2016	16610	Richmond Valley (A)	1	https://geo.abs.gov.au/arcgis/rest/services/ASGS2016/LGA/MapServer
2016	16650	Rockdale (C)	1	https://geo.abs.gov.au/arcgis/rest/services/ASGS2016/LGA/MapServer
2016	16700	Ryde (C)	1	https://geo.abs.gov.au/arcgis/rest/services/ASGS2016/LGA/MapServer
2016	16900	Shellharbour (C)	1	https://geo.abs.gov.au/arcgis/rest/services/ASGS2016/LGA/MapServer
2016	16950	Shoalhaven (C)	1	https://geo.abs.gov.au/arcgis/rest/services/ASGS2016/LGA/MapServer
2016	17000	Singleton (A)	1	https://geo.abs.gov.au/arcgis/rest/services/ASGS2016/LGA/MapServer
2016	17040	Snowy Monaro Regional (A)	1	https://geo.abs.gov.au/arcgis/rest/services/ASGS2016/LGA/MapServer
2016	17080	Snowy Valleys (A)	1	https://geo.abs.gov.au/arcgis/rest/services/ASGS2016/LGA/MapServer
2016	17100	Strathfield (A)	1	https://geo.abs.gov.au/arcgis/rest/services/ASGS2016/LGA/MapServer
2016	17150	Sutherland Shire (A)	1	https://geo.abs.gov.au/arcgis/rest/services/ASGS2016/LGA/MapServer
2016	17200	Sydney (C)	1	https://geo.abs.gov.au/arcgis/rest/services/ASGS2016/LGA/MapServer
2016	17310	Tamworth Regional (A)	1	https://geo.abs.gov.au/arcgis/rest/services/ASGS2016/LGA/MapServer
2016	17350	Temora (A)	1	https://geo.abs.gov.au/arcgis/rest/services/ASGS2016/LGA/MapServer
2016	17400	Tenterfield (A)	1	https://geo.abs.gov.au/arcgis/rest/services/ASGS2016/LGA/MapServer
2016	17420	The Hills Shire (A)	1	https://geo.abs.gov.au/arcgis/rest/services/ASGS2016/LGA/MapServer
2016	17550	Tweed (A)	1	https://geo.abs.gov.au/arcgis/rest/services/ASGS2016/LGA/MapServer
2016	17620	Upper Hunter Shire (A)	1	https://geo.abs.gov.au/arcgis/rest/services/ASGS2016/LGA/MapServer
2016	17640	Upper Lachlan Shire (A)	1	https://geo.abs.gov.au/arcgis/rest/services/ASGS2016/LGA/MapServer
2016	17650	Uralla (A)	1	https://geo.abs.gov.au/arcgis/rest/services/ASGS2016/LGA/MapServer
2016	17750	Wagga Wagga (C)	1	https://geo.abs.gov.au/arcgis/rest/services/ASGS2016/LGA/MapServer
2016	17850	Walcha (A)	1	https://geo.abs.gov.au/arcgis/rest/services/ASGS2016/LGA/MapServer
2016	17900	Walgett (A)	1	https://geo.abs.gov.au/arcgis/rest/services/ASGS2016/LGA/MapServer
2016	17950	Warren (A)	1	https://geo.abs.gov.au/arcgis/rest/services/ASGS2016/LGA/MapServer
2016	18020	Warrumbungle Shire (A)	1	https://geo.abs.gov.au/arcgis/rest/services/ASGS2016/LGA/MapServer
2016	18050	Waverley (A)	1	https://geo.abs.gov.au/arcgis/rest/services/ASGS2016/LGA/MapServer
2016	18100	Weddin (A)	1	https://geo.abs.gov.au/arcgis/rest/services/ASGS2016/LGA/MapServer
2016	18200	Wentworth (A)	1	https://geo.abs.gov.au/arcgis/rest/services/ASGS2016/LGA/MapServer
2016	18230	Western Plains Regional (A)	1	https://geo.abs.gov.au/arcgis/rest/services/ASGS2016/LGA/MapServer
2016	18250	Willoughby (C)	1	https://geo.abs.gov.au/arcgis/rest/services/ASGS2016/LGA/MapServer
2016	18350	Wingecarribee (A)	1	https://geo.abs.gov.au/arcgis/rest/services/ASGS2016/LGA/MapServer
2016	18400	Wollondilly (A)	1	https://geo.abs.gov.au/arcgis/rest/services/ASGS2016/LGA/MapServer
2016	18450	Wollongong (C)	1	https://geo.abs.gov.au/arcgis/rest/services/ASGS2016/LGA/MapServer
2016	18500	Woollahra (A)	1	https://geo.abs.gov.au/arcgis/rest/services/ASGS2016/LGA/MapServer
2016	18710	Yass Valley (A)	1	https://geo.abs.gov.au/arcgis/rest/services/ASGS2016/LGA/MapServer
2016	19399	Unincorporated NSW	1	https://geo.abs.gov.au/arcgis/rest/services/ASGS2016/LGA/MapServer
2016	20110	Alpine (S)	2	https://geo.abs.gov.au/arcgis/rest/services/ASGS2016/LGA/MapServer
2016	20260	Ararat (RC)	2	https://geo.abs.gov.au/arcgis/rest/services/ASGS2016/LGA/MapServer
2016	20570	Ballarat (C)	2	https://geo.abs.gov.au/arcgis/rest/services/ASGS2016/LGA/MapServer
2016	20660	Banyule (C)	2	https://geo.abs.gov.au/arcgis/rest/services/ASGS2016/LGA/MapServer
2016	20740	Bass Coast (S)	2	https://geo.abs.gov.au/arcgis/rest/services/ASGS2016/LGA/MapServer
2016	20830	Baw Baw (S)	2	https://geo.abs.gov.au/arcgis/rest/services/ASGS2016/LGA/MapServer
2016	20910	Bayside (C)	2	https://geo.abs.gov.au/arcgis/rest/services/ASGS2016/LGA/MapServer
2016	21010	Benalla (RC)	2	https://geo.abs.gov.au/arcgis/rest/services/ASGS2016/LGA/MapServer
2016	21110	Boroondara (C)	2	https://geo.abs.gov.au/arcgis/rest/services/ASGS2016/LGA/MapServer
2016	21180	Brimbank (C)	2	https://geo.abs.gov.au/arcgis/rest/services/ASGS2016/LGA/MapServer
2016	21270	Buloke (S)	2	https://geo.abs.gov.au/arcgis/rest/services/ASGS2016/LGA/MapServer
2016	21370	Campaspe (S)	2	https://geo.abs.gov.au/arcgis/rest/services/ASGS2016/LGA/MapServer
2016	21450	Cardinia (S)	2	https://geo.abs.gov.au/arcgis/rest/services/ASGS2016/LGA/MapServer
2016	21610	Casey (C)	2	https://geo.abs.gov.au/arcgis/rest/services/ASGS2016/LGA/MapServer
2016	21670	Central Goldfields (S)	2	https://geo.abs.gov.au/arcgis/rest/services/ASGS2016/LGA/MapServer
2016	21750	Colac-Otway (S)	2	https://geo.abs.gov.au/arcgis/rest/services/ASGS2016/LGA/MapServer
2016	21830	Corangamite (S)	2	https://geo.abs.gov.au/arcgis/rest/services/ASGS2016/LGA/MapServer
2016	21890	Darebin (C)	2	https://geo.abs.gov.au/arcgis/rest/services/ASGS2016/LGA/MapServer
2016	22110	East Gippsland (S)	2	https://geo.abs.gov.au/arcgis/rest/services/ASGS2016/LGA/MapServer
2016	22170	Frankston (C)	2	https://geo.abs.gov.au/arcgis/rest/services/ASGS2016/LGA/MapServer
2016	22250	Gannawarra (S)	2	https://geo.abs.gov.au/arcgis/rest/services/ASGS2016/LGA/MapServer
2016	22310	Glen Eira (C)	2	https://geo.abs.gov.au/arcgis/rest/services/ASGS2016/LGA/MapServer
2016	22410	Glenelg (S)	2	https://geo.abs.gov.au/arcgis/rest/services/ASGS2016/LGA/MapServer
2016	22490	Golden Plains (S)	2	https://geo.abs.gov.au/arcgis/rest/services/ASGS2016/LGA/MapServer
2016	22620	Greater Bendigo (C)	2	https://geo.abs.gov.au/arcgis/rest/services/ASGS2016/LGA/MapServer
2016	22670	Greater Dandenong (C)	2	https://geo.abs.gov.au/arcgis/rest/services/ASGS2016/LGA/MapServer
2016	22750	Greater Geelong (C)	2	https://geo.abs.gov.au/arcgis/rest/services/ASGS2016/LGA/MapServer
2016	22830	Greater Shepparton (C)	2	https://geo.abs.gov.au/arcgis/rest/services/ASGS2016/LGA/MapServer
2016	22910	Hepburn (S)	2	https://geo.abs.gov.au/arcgis/rest/services/ASGS2016/LGA/MapServer
2016	22980	Hindmarsh (S)	2	https://geo.abs.gov.au/arcgis/rest/services/ASGS2016/LGA/MapServer
2016	23110	Hobsons Bay (C)	2	https://geo.abs.gov.au/arcgis/rest/services/ASGS2016/LGA/MapServer
2016	23190	Horsham (RC)	2	https://geo.abs.gov.au/arcgis/rest/services/ASGS2016/LGA/MapServer
2016	23270	Hume (C)	2	https://geo.abs.gov.au/arcgis/rest/services/ASGS2016/LGA/MapServer
2016	23350	Indigo (S)	2	https://geo.abs.gov.au/arcgis/rest/services/ASGS2016/LGA/MapServer
2016	23430	Kingston (C) (Vic.)	2	https://geo.abs.gov.au/arcgis/rest/services/ASGS2016/LGA/MapServer
2016	23670	Knox (C)	2	https://geo.abs.gov.au/arcgis/rest/services/ASGS2016/LGA/MapServer
2016	23810	Latrobe (C) (Vic.)	2	https://geo.abs.gov.au/arcgis/rest/services/ASGS2016/LGA/MapServer
2016	23940	Loddon (S)	2	https://geo.abs.gov.au/arcgis/rest/services/ASGS2016/LGA/MapServer
2016	24130	Macedon Ranges (S)	2	https://geo.abs.gov.au/arcgis/rest/services/ASGS2016/LGA/MapServer
2016	24210	Manningham (C)	2	https://geo.abs.gov.au/arcgis/rest/services/ASGS2016/LGA/MapServer
2016	24250	Mansfield (S)	2	https://geo.abs.gov.au/arcgis/rest/services/ASGS2016/LGA/MapServer
2016	24330	Maribyrnong (C)	2	https://geo.abs.gov.au/arcgis/rest/services/ASGS2016/LGA/MapServer
2016	24410	Maroondah (C)	2	https://geo.abs.gov.au/arcgis/rest/services/ASGS2016/LGA/MapServer
2016	24600	Melbourne (C)	2	https://geo.abs.gov.au/arcgis/rest/services/ASGS2016/LGA/MapServer
2016	24650	Melton (C)	2	https://geo.abs.gov.au/arcgis/rest/services/ASGS2016/LGA/MapServer
2016	24780	Mildura (RC)	2	https://geo.abs.gov.au/arcgis/rest/services/ASGS2016/LGA/MapServer
2016	24850	Mitchell (S)	2	https://geo.abs.gov.au/arcgis/rest/services/ASGS2016/LGA/MapServer
2016	24900	Moira (S)	2	https://geo.abs.gov.au/arcgis/rest/services/ASGS2016/LGA/MapServer
2016	24970	Monash (C)	2	https://geo.abs.gov.au/arcgis/rest/services/ASGS2016/LGA/MapServer
2016	25060	Moonee Valley (C)	2	https://geo.abs.gov.au/arcgis/rest/services/ASGS2016/LGA/MapServer
2016	25150	Moorabool (S)	2	https://geo.abs.gov.au/arcgis/rest/services/ASGS2016/LGA/MapServer
2016	25250	Moreland (C)	2	https://geo.abs.gov.au/arcgis/rest/services/ASGS2016/LGA/MapServer
2016	25340	Mornington Peninsula (S)	2	https://geo.abs.gov.au/arcgis/rest/services/ASGS2016/LGA/MapServer
2016	25430	Mount Alexander (S)	2	https://geo.abs.gov.au/arcgis/rest/services/ASGS2016/LGA/MapServer
2016	25490	Moyne (S)	2	https://geo.abs.gov.au/arcgis/rest/services/ASGS2016/LGA/MapServer
2016	25620	Murrindindi (S)	2	https://geo.abs.gov.au/arcgis/rest/services/ASGS2016/LGA/MapServer
2016	25710	Nillumbik (S)	2	https://geo.abs.gov.au/arcgis/rest/services/ASGS2016/LGA/MapServer
2016	25810	Northern Grampians (S)	2	https://geo.abs.gov.au/arcgis/rest/services/ASGS2016/LGA/MapServer
2016	25900	Port Phillip (C)	2	https://geo.abs.gov.au/arcgis/rest/services/ASGS2016/LGA/MapServer
2016	25990	Pyrenees (S)	2	https://geo.abs.gov.au/arcgis/rest/services/ASGS2016/LGA/MapServer
2016	26080	Queenscliffe (B)	2	https://geo.abs.gov.au/arcgis/rest/services/ASGS2016/LGA/MapServer
2016	26170	South Gippsland (S)	2	https://geo.abs.gov.au/arcgis/rest/services/ASGS2016/LGA/MapServer
2016	26260	Southern Grampians (S)	2	https://geo.abs.gov.au/arcgis/rest/services/ASGS2016/LGA/MapServer
2016	26350	Stonnington (C)	2	https://geo.abs.gov.au/arcgis/rest/services/ASGS2016/LGA/MapServer
2016	26430	Strathbogie (S)	2	https://geo.abs.gov.au/arcgis/rest/services/ASGS2016/LGA/MapServer
2016	26490	Surf Coast (S)	2	https://geo.abs.gov.au/arcgis/rest/services/ASGS2016/LGA/MapServer
2016	26610	Swan Hill (RC)	2	https://geo.abs.gov.au/arcgis/rest/services/ASGS2016/LGA/MapServer
2016	26670	Towong (S)	2	https://geo.abs.gov.au/arcgis/rest/services/ASGS2016/LGA/MapServer
2016	26700	Wangaratta (RC)	2	https://geo.abs.gov.au/arcgis/rest/services/ASGS2016/LGA/MapServer
2016	26730	Warrnambool (C)	2	https://geo.abs.gov.au/arcgis/rest/services/ASGS2016/LGA/MapServer
2016	26810	Wellington (S)	2	https://geo.abs.gov.au/arcgis/rest/services/ASGS2016/LGA/MapServer
2016	26890	West Wimmera (S)	2	https://geo.abs.gov.au/arcgis/rest/services/ASGS2016/LGA/MapServer
2016	26980	Whitehorse (C)	2	https://geo.abs.gov.au/arcgis/rest/services/ASGS2016/LGA/MapServer
2016	27070	Whittlesea (C)	2	https://geo.abs.gov.au/arcgis/rest/services/ASGS2016/LGA/MapServer
2016	27170	Wodonga (C)	2	https://geo.abs.gov.au/arcgis/rest/services/ASGS2016/LGA/MapServer
2016	27260	Wyndham (C)	2	https://geo.abs.gov.au/arcgis/rest/services/ASGS2016/LGA/MapServer
2016	27350	Yarra (C)	2	https://geo.abs.gov.au/arcgis/rest/services/ASGS2016/LGA/MapServer
2016	27450	Yarra Ranges (S)	2	https://geo.abs.gov.au/arcgis/rest/services/ASGS2016/LGA/MapServer
2016	27630	Yarriambiack (S)	2	https://geo.abs.gov.au/arcgis/rest/services/ASGS2016/LGA/MapServer
2016	29399	Unincorporated Vic	2	https://geo.abs.gov.au/arcgis/rest/services/ASGS2016/LGA/MapServer
2016	30250	Aurukun (S)	3	https://geo.abs.gov.au/arcgis/rest/services/ASGS2016/LGA/MapServer
2016	30300	Balonne (S)	3	https://geo.abs.gov.au/arcgis/rest/services/ASGS2016/LGA/MapServer
2016	30370	Banana (S)	3	https://geo.abs.gov.au/arcgis/rest/services/ASGS2016/LGA/MapServer
2016	30410	Barcaldine (R)	3	https://geo.abs.gov.au/arcgis/rest/services/ASGS2016/LGA/MapServer
2016	30450	Barcoo (S)	3	https://geo.abs.gov.au/arcgis/rest/services/ASGS2016/LGA/MapServer
2016	30760	Blackall-Tambo (R)	3	https://geo.abs.gov.au/arcgis/rest/services/ASGS2016/LGA/MapServer
2016	30900	Boulia (S)	3	https://geo.abs.gov.au/arcgis/rest/services/ASGS2016/LGA/MapServer
2016	31000	Brisbane (C)	3	https://geo.abs.gov.au/arcgis/rest/services/ASGS2016/LGA/MapServer
2016	31750	Bulloo (S)	3	https://geo.abs.gov.au/arcgis/rest/services/ASGS2016/LGA/MapServer
2016	31820	Bundaberg (R)	3	https://geo.abs.gov.au/arcgis/rest/services/ASGS2016/LGA/MapServer
2016	31900	Burdekin (S)	3	https://geo.abs.gov.au/arcgis/rest/services/ASGS2016/LGA/MapServer
2016	31950	Burke (S)	3	https://geo.abs.gov.au/arcgis/rest/services/ASGS2016/LGA/MapServer
2016	32080	Cairns (R)	3	https://geo.abs.gov.au/arcgis/rest/services/ASGS2016/LGA/MapServer
2016	32250	Carpentaria (S)	3	https://geo.abs.gov.au/arcgis/rest/services/ASGS2016/LGA/MapServer
2016	32260	Cassowary Coast (R)	3	https://geo.abs.gov.au/arcgis/rest/services/ASGS2016/LGA/MapServer
2016	32270	Central Highlands (R) (Qld)	3	https://geo.abs.gov.au/arcgis/rest/services/ASGS2016/LGA/MapServer
2016	32310	Charters Towers (R)	3	https://geo.abs.gov.au/arcgis/rest/services/ASGS2016/LGA/MapServer
2016	32330	Cherbourg (S)	3	https://geo.abs.gov.au/arcgis/rest/services/ASGS2016/LGA/MapServer
2016	32450	Cloncurry (S)	3	https://geo.abs.gov.au/arcgis/rest/services/ASGS2016/LGA/MapServer
2016	32500	Cook (S)	3	https://geo.abs.gov.au/arcgis/rest/services/ASGS2016/LGA/MapServer
2016	32600	Croydon (S)	3	https://geo.abs.gov.au/arcgis/rest/services/ASGS2016/LGA/MapServer
2016	32750	Diamantina (S)	3	https://geo.abs.gov.au/arcgis/rest/services/ASGS2016/LGA/MapServer
2016	32770	Doomadgee (S)	3	https://geo.abs.gov.au/arcgis/rest/services/ASGS2016/LGA/MapServer
2016	32810	Douglas (S)	3	https://geo.abs.gov.au/arcgis/rest/services/ASGS2016/LGA/MapServer
2016	33100	Etheridge (S)	3	https://geo.abs.gov.au/arcgis/rest/services/ASGS2016/LGA/MapServer
2016	33200	Flinders (S) (Qld)	3	https://geo.abs.gov.au/arcgis/rest/services/ASGS2016/LGA/MapServer
2016	33220	Fraser Coast (R)	3	https://geo.abs.gov.au/arcgis/rest/services/ASGS2016/LGA/MapServer
2016	33360	Gladstone (R)	3	https://geo.abs.gov.au/arcgis/rest/services/ASGS2016/LGA/MapServer
2016	33430	Gold Coast (C)	3	https://geo.abs.gov.au/arcgis/rest/services/ASGS2016/LGA/MapServer
2016	33610	Goondiwindi (R)	3	https://geo.abs.gov.au/arcgis/rest/services/ASGS2016/LGA/MapServer
2016	33620	Gympie (R)	3	https://geo.abs.gov.au/arcgis/rest/services/ASGS2016/LGA/MapServer
2016	33800	Hinchinbrook (S)	3	https://geo.abs.gov.au/arcgis/rest/services/ASGS2016/LGA/MapServer
2016	33830	Hope Vale (S)	3	https://geo.abs.gov.au/arcgis/rest/services/ASGS2016/LGA/MapServer
2016	33960	Ipswich (C)	3	https://geo.abs.gov.au/arcgis/rest/services/ASGS2016/LGA/MapServer
2016	33980	Isaac (R)	3	https://geo.abs.gov.au/arcgis/rest/services/ASGS2016/LGA/MapServer
2016	34420	Kowanyama (S)	3	https://geo.abs.gov.au/arcgis/rest/services/ASGS2016/LGA/MapServer
2016	34530	Livingstone (S)	3	https://geo.abs.gov.au/arcgis/rest/services/ASGS2016/LGA/MapServer
2016	34570	Lockhart River (S)	3	https://geo.abs.gov.au/arcgis/rest/services/ASGS2016/LGA/MapServer
2016	34580	Lockyer Valley (R)	3	https://geo.abs.gov.au/arcgis/rest/services/ASGS2016/LGA/MapServer
2016	34590	Logan (C)	3	https://geo.abs.gov.au/arcgis/rest/services/ASGS2016/LGA/MapServer
2016	34710	Longreach (R)	3	https://geo.abs.gov.au/arcgis/rest/services/ASGS2016/LGA/MapServer
2016	34770	Mackay (R)	3	https://geo.abs.gov.au/arcgis/rest/services/ASGS2016/LGA/MapServer
2016	34800	McKinlay (S)	3	https://geo.abs.gov.au/arcgis/rest/services/ASGS2016/LGA/MapServer
2016	34830	Mapoon (S)	3	https://geo.abs.gov.au/arcgis/rest/services/ASGS2016/LGA/MapServer
2016	34860	Maranoa (R)	3	https://geo.abs.gov.au/arcgis/rest/services/ASGS2016/LGA/MapServer
2016	34880	Mareeba (S)	3	https://geo.abs.gov.au/arcgis/rest/services/ASGS2016/LGA/MapServer
2016	35010	Moreton Bay (R)	3	https://geo.abs.gov.au/arcgis/rest/services/ASGS2016/LGA/MapServer
2016	35250	Mornington (S)	3	https://geo.abs.gov.au/arcgis/rest/services/ASGS2016/LGA/MapServer
2016	35300	Mount Isa (C)	3	https://geo.abs.gov.au/arcgis/rest/services/ASGS2016/LGA/MapServer
2016	35600	Murweh (S)	3	https://geo.abs.gov.au/arcgis/rest/services/ASGS2016/LGA/MapServer
2016	35670	Napranum (S)	3	https://geo.abs.gov.au/arcgis/rest/services/ASGS2016/LGA/MapServer
2016	35740	Noosa (S)	3	https://geo.abs.gov.au/arcgis/rest/services/ASGS2016/LGA/MapServer
2016	35760	North Burnett (R)	3	https://geo.abs.gov.au/arcgis/rest/services/ASGS2016/LGA/MapServer
2016	35780	Northern Peninsula Area (R)	3	https://geo.abs.gov.au/arcgis/rest/services/ASGS2016/LGA/MapServer
2016	35790	Palm Island (S)	3	https://geo.abs.gov.au/arcgis/rest/services/ASGS2016/LGA/MapServer
2016	35800	Paroo (S)	3	https://geo.abs.gov.au/arcgis/rest/services/ASGS2016/LGA/MapServer
2016	36070	Pormpuraaw (S)	3	https://geo.abs.gov.au/arcgis/rest/services/ASGS2016/LGA/MapServer
2016	36150	Quilpie (S)	3	https://geo.abs.gov.au/arcgis/rest/services/ASGS2016/LGA/MapServer
2016	36250	Redland (C)	3	https://geo.abs.gov.au/arcgis/rest/services/ASGS2016/LGA/MapServer
2016	36300	Richmond (S)	3	https://geo.abs.gov.au/arcgis/rest/services/ASGS2016/LGA/MapServer
2016	36370	Rockhampton (R)	3	https://geo.abs.gov.au/arcgis/rest/services/ASGS2016/LGA/MapServer
2016	36510	Scenic Rim (R)	3	https://geo.abs.gov.au/arcgis/rest/services/ASGS2016/LGA/MapServer
2016	36580	Somerset (R)	3	https://geo.abs.gov.au/arcgis/rest/services/ASGS2016/LGA/MapServer
2016	36630	South Burnett (R)	3	https://geo.abs.gov.au/arcgis/rest/services/ASGS2016/LGA/MapServer
2016	36660	Southern Downs (R)	3	https://geo.abs.gov.au/arcgis/rest/services/ASGS2016/LGA/MapServer
2016	36720	Sunshine Coast (R)	3	https://geo.abs.gov.au/arcgis/rest/services/ASGS2016/LGA/MapServer
2016	36820	Tablelands (R)	3	https://geo.abs.gov.au/arcgis/rest/services/ASGS2016/LGA/MapServer
2016	36910	Toowoomba (R)	3	https://geo.abs.gov.au/arcgis/rest/services/ASGS2016/LGA/MapServer
2016	36950	Torres (S)	3	https://geo.abs.gov.au/arcgis/rest/services/ASGS2016/LGA/MapServer
2016	36960	Torres Strait Island (R)	3	https://geo.abs.gov.au/arcgis/rest/services/ASGS2016/LGA/MapServer
2016	37010	Townsville (C)	3	https://geo.abs.gov.au/arcgis/rest/services/ASGS2016/LGA/MapServer
2016	37300	Weipa (T)	3	https://geo.abs.gov.au/arcgis/rest/services/ASGS2016/LGA/MapServer
2016	37310	Western Downs (R)	3	https://geo.abs.gov.au/arcgis/rest/services/ASGS2016/LGA/MapServer
2016	37340	Whitsunday (R)	3	https://geo.abs.gov.au/arcgis/rest/services/ASGS2016/LGA/MapServer
2016	37400	Winton (S)	3	https://geo.abs.gov.au/arcgis/rest/services/ASGS2016/LGA/MapServer
2016	37550	Woorabinda (S)	3	https://geo.abs.gov.au/arcgis/rest/services/ASGS2016/LGA/MapServer
2016	37570	Wujal Wujal (S)	3	https://geo.abs.gov.au/arcgis/rest/services/ASGS2016/LGA/MapServer
2016	37600	Yarrabah (S)	3	https://geo.abs.gov.au/arcgis/rest/services/ASGS2016/LGA/MapServer
2016	40070	Adelaide (C)	4	https://geo.abs.gov.au/arcgis/rest/services/ASGS2016/LGA/MapServer
2016	40120	Adelaide Hills (DC)	4	https://geo.abs.gov.au/arcgis/rest/services/ASGS2016/LGA/MapServer
2016	40220	Alexandrina (DC)	4	https://geo.abs.gov.au/arcgis/rest/services/ASGS2016/LGA/MapServer
2016	40250	Anangu Pitjantjatjara (AC)	4	https://geo.abs.gov.au/arcgis/rest/services/ASGS2016/LGA/MapServer
2016	40310	Barossa (DC)	4	https://geo.abs.gov.au/arcgis/rest/services/ASGS2016/LGA/MapServer
2016	40430	Barunga West (DC)	4	https://geo.abs.gov.au/arcgis/rest/services/ASGS2016/LGA/MapServer
2016	40520	Berri and Barmera (DC)	4	https://geo.abs.gov.au/arcgis/rest/services/ASGS2016/LGA/MapServer
2016	40700	Burnside (C)	4	https://geo.abs.gov.au/arcgis/rest/services/ASGS2016/LGA/MapServer
2016	40910	Campbelltown (C) (SA)	4	https://geo.abs.gov.au/arcgis/rest/services/ASGS2016/LGA/MapServer
2016	41010	Ceduna (DC)	4	https://geo.abs.gov.au/arcgis/rest/services/ASGS2016/LGA/MapServer
2016	41060	Charles Sturt (C)	4	https://geo.abs.gov.au/arcgis/rest/services/ASGS2016/LGA/MapServer
2016	41140	Clare and Gilbert Valleys (DC)	4	https://geo.abs.gov.au/arcgis/rest/services/ASGS2016/LGA/MapServer
2016	41190	Cleve (DC)	4	https://geo.abs.gov.au/arcgis/rest/services/ASGS2016/LGA/MapServer
2016	41330	Coober Pedy (DC)	4	https://geo.abs.gov.au/arcgis/rest/services/ASGS2016/LGA/MapServer
2016	41560	Copper Coast (DC)	4	https://geo.abs.gov.au/arcgis/rest/services/ASGS2016/LGA/MapServer
2016	41750	Elliston (DC)	4	https://geo.abs.gov.au/arcgis/rest/services/ASGS2016/LGA/MapServer
2016	41830	Flinders Ranges (DC)	4	https://geo.abs.gov.au/arcgis/rest/services/ASGS2016/LGA/MapServer
2016	41960	Franklin Harbour (DC)	4	https://geo.abs.gov.au/arcgis/rest/services/ASGS2016/LGA/MapServer
2016	42030	Gawler (T)	4	https://geo.abs.gov.au/arcgis/rest/services/ASGS2016/LGA/MapServer
2016	42110	Goyder (DC)	4	https://geo.abs.gov.au/arcgis/rest/services/ASGS2016/LGA/MapServer
2016	42250	Grant (DC)	4	https://geo.abs.gov.au/arcgis/rest/services/ASGS2016/LGA/MapServer
2016	42600	Holdfast Bay (C)	4	https://geo.abs.gov.au/arcgis/rest/services/ASGS2016/LGA/MapServer
2016	42750	Kangaroo Island (DC)	4	https://geo.abs.gov.au/arcgis/rest/services/ASGS2016/LGA/MapServer
2016	43080	Karoonda East Murray (DC)	4	https://geo.abs.gov.au/arcgis/rest/services/ASGS2016/LGA/MapServer
2016	43220	Kimba (DC)	4	https://geo.abs.gov.au/arcgis/rest/services/ASGS2016/LGA/MapServer
2016	43360	Kingston (DC) (SA)	4	https://geo.abs.gov.au/arcgis/rest/services/ASGS2016/LGA/MapServer
2016	43650	Light (RegC)	4	https://geo.abs.gov.au/arcgis/rest/services/ASGS2016/LGA/MapServer
2016	43710	Lower Eyre Peninsula (DC)	4	https://geo.abs.gov.au/arcgis/rest/services/ASGS2016/LGA/MapServer
2016	43790	Loxton Waikerie (DC)	4	https://geo.abs.gov.au/arcgis/rest/services/ASGS2016/LGA/MapServer
2016	43920	Mallala (DC)	4	https://geo.abs.gov.au/arcgis/rest/services/ASGS2016/LGA/MapServer
2016	44000	Maralinga Tjarutja (AC)	4	https://geo.abs.gov.au/arcgis/rest/services/ASGS2016/LGA/MapServer
2016	44060	Marion (C)	4	https://geo.abs.gov.au/arcgis/rest/services/ASGS2016/LGA/MapServer
2016	44210	Mid Murray (DC)	4	https://geo.abs.gov.au/arcgis/rest/services/ASGS2016/LGA/MapServer
2016	44340	Mitcham (C)	4	https://geo.abs.gov.au/arcgis/rest/services/ASGS2016/LGA/MapServer
2016	44550	Mount Barker (DC)	4	https://geo.abs.gov.au/arcgis/rest/services/ASGS2016/LGA/MapServer
2016	44620	Mount Gambier (C)	4	https://geo.abs.gov.au/arcgis/rest/services/ASGS2016/LGA/MapServer
2016	44830	Mount Remarkable (DC)	4	https://geo.abs.gov.au/arcgis/rest/services/ASGS2016/LGA/MapServer
2016	45040	Murray Bridge (RC)	4	https://geo.abs.gov.au/arcgis/rest/services/ASGS2016/LGA/MapServer
2016	45090	Naracoorte and Lucindale (DC)	4	https://geo.abs.gov.au/arcgis/rest/services/ASGS2016/LGA/MapServer
2016	45120	Northern Areas (DC)	4	https://geo.abs.gov.au/arcgis/rest/services/ASGS2016/LGA/MapServer
2016	45290	Norwood Payneham St Peters (C)	4	https://geo.abs.gov.au/arcgis/rest/services/ASGS2016/LGA/MapServer
2016	45340	Onkaparinga (C)	4	https://geo.abs.gov.au/arcgis/rest/services/ASGS2016/LGA/MapServer
2016	45400	Orroroo/Carrieton (DC)	4	https://geo.abs.gov.au/arcgis/rest/services/ASGS2016/LGA/MapServer
2016	45540	Peterborough (DC)	4	https://geo.abs.gov.au/arcgis/rest/services/ASGS2016/LGA/MapServer
2016	45680	Playford (C)	4	https://geo.abs.gov.au/arcgis/rest/services/ASGS2016/LGA/MapServer
2016	45890	Port Adelaide Enfield (C)	4	https://geo.abs.gov.au/arcgis/rest/services/ASGS2016/LGA/MapServer
2016	46090	Port Augusta (C)	4	https://geo.abs.gov.au/arcgis/rest/services/ASGS2016/LGA/MapServer
2016	46300	Port Lincoln (C)	4	https://geo.abs.gov.au/arcgis/rest/services/ASGS2016/LGA/MapServer
2016	46450	Port Pirie City and Dists (M)	4	https://geo.abs.gov.au/arcgis/rest/services/ASGS2016/LGA/MapServer
2016	46510	Prospect (C)	4	https://geo.abs.gov.au/arcgis/rest/services/ASGS2016/LGA/MapServer
2016	46670	Renmark Paringa (DC)	4	https://geo.abs.gov.au/arcgis/rest/services/ASGS2016/LGA/MapServer
2016	46860	Robe (DC)	4	https://geo.abs.gov.au/arcgis/rest/services/ASGS2016/LGA/MapServer
2016	46970	Roxby Downs (M)	4	https://geo.abs.gov.au/arcgis/rest/services/ASGS2016/LGA/MapServer
2016	47140	Salisbury (C)	4	https://geo.abs.gov.au/arcgis/rest/services/ASGS2016/LGA/MapServer
2016	47290	Southern Mallee (DC)	4	https://geo.abs.gov.au/arcgis/rest/services/ASGS2016/LGA/MapServer
2016	47490	Streaky Bay (DC)	4	https://geo.abs.gov.au/arcgis/rest/services/ASGS2016/LGA/MapServer
2016	47630	Tatiara (DC)	4	https://geo.abs.gov.au/arcgis/rest/services/ASGS2016/LGA/MapServer
2016	47700	Tea Tree Gully (C)	4	https://geo.abs.gov.au/arcgis/rest/services/ASGS2016/LGA/MapServer
2016	47800	The Coorong (DC)	4	https://geo.abs.gov.au/arcgis/rest/services/ASGS2016/LGA/MapServer
2016	47910	Tumby Bay (DC)	4	https://geo.abs.gov.au/arcgis/rest/services/ASGS2016/LGA/MapServer
2016	47980	Unley (C)	4	https://geo.abs.gov.au/arcgis/rest/services/ASGS2016/LGA/MapServer
2016	48050	Victor Harbor (C)	4	https://geo.abs.gov.au/arcgis/rest/services/ASGS2016/LGA/MapServer
2016	48130	Wakefield (DC)	4	https://geo.abs.gov.au/arcgis/rest/services/ASGS2016/LGA/MapServer
2016	48260	Walkerville (M)	4	https://geo.abs.gov.au/arcgis/rest/services/ASGS2016/LGA/MapServer
2016	48340	Wattle Range (DC)	4	https://geo.abs.gov.au/arcgis/rest/services/ASGS2016/LGA/MapServer
2016	48410	West Torrens (C)	4	https://geo.abs.gov.au/arcgis/rest/services/ASGS2016/LGA/MapServer
2016	48540	Whyalla (C)	4	https://geo.abs.gov.au/arcgis/rest/services/ASGS2016/LGA/MapServer
2016	48640	Wudinna (DC)	4	https://geo.abs.gov.au/arcgis/rest/services/ASGS2016/LGA/MapServer
2016	48750	Yankalilla (DC)	4	https://geo.abs.gov.au/arcgis/rest/services/ASGS2016/LGA/MapServer
2016	48830	Yorke Peninsula (DC)	4	https://geo.abs.gov.au/arcgis/rest/services/ASGS2016/LGA/MapServer
2016	49399	Unincorporated SA	4	https://geo.abs.gov.au/arcgis/rest/services/ASGS2016/LGA/MapServer
2016	50080	Albany (C)	5	https://geo.abs.gov.au/arcgis/rest/services/ASGS2016/LGA/MapServer
2016	50210	Armadale (C)	5	https://geo.abs.gov.au/arcgis/rest/services/ASGS2016/LGA/MapServer
2016	50250	Ashburton (S)	5	https://geo.abs.gov.au/arcgis/rest/services/ASGS2016/LGA/MapServer
2016	50280	Augusta-Margaret River (S)	5	https://geo.abs.gov.au/arcgis/rest/services/ASGS2016/LGA/MapServer
2016	50350	Bassendean (T)	5	https://geo.abs.gov.au/arcgis/rest/services/ASGS2016/LGA/MapServer
2016	50420	Bayswater (C)	5	https://geo.abs.gov.au/arcgis/rest/services/ASGS2016/LGA/MapServer
2016	50490	Belmont (C)	5	https://geo.abs.gov.au/arcgis/rest/services/ASGS2016/LGA/MapServer
2016	50560	Beverley (S)	5	https://geo.abs.gov.au/arcgis/rest/services/ASGS2016/LGA/MapServer
2016	50630	Boddington (S)	5	https://geo.abs.gov.au/arcgis/rest/services/ASGS2016/LGA/MapServer
2016	50770	Boyup Brook (S)	5	https://geo.abs.gov.au/arcgis/rest/services/ASGS2016/LGA/MapServer
2016	50840	Bridgetown-Greenbushes (S)	5	https://geo.abs.gov.au/arcgis/rest/services/ASGS2016/LGA/MapServer
2016	50910	Brookton (S)	5	https://geo.abs.gov.au/arcgis/rest/services/ASGS2016/LGA/MapServer
2016	50980	Broome (S)	5	https://geo.abs.gov.au/arcgis/rest/services/ASGS2016/LGA/MapServer
2016	51080	Broomehill-Tambellup (S)	5	https://geo.abs.gov.au/arcgis/rest/services/ASGS2016/LGA/MapServer
2016	51120	Bruce Rock (S)	5	https://geo.abs.gov.au/arcgis/rest/services/ASGS2016/LGA/MapServer
2016	51190	Bunbury (C)	5	https://geo.abs.gov.au/arcgis/rest/services/ASGS2016/LGA/MapServer
2016	51260	Busselton (C)	5	https://geo.abs.gov.au/arcgis/rest/services/ASGS2016/LGA/MapServer
2016	51310	Cambridge (T)	5	https://geo.abs.gov.au/arcgis/rest/services/ASGS2016/LGA/MapServer
2016	51330	Canning (C)	5	https://geo.abs.gov.au/arcgis/rest/services/ASGS2016/LGA/MapServer
2016	51400	Capel (S)	5	https://geo.abs.gov.au/arcgis/rest/services/ASGS2016/LGA/MapServer
2016	51470	Carnamah (S)	5	https://geo.abs.gov.au/arcgis/rest/services/ASGS2016/LGA/MapServer
2016	51540	Carnarvon (S)	5	https://geo.abs.gov.au/arcgis/rest/services/ASGS2016/LGA/MapServer
2016	51610	Chapman Valley (S)	5	https://geo.abs.gov.au/arcgis/rest/services/ASGS2016/LGA/MapServer
2016	51680	Chittering (S)	5	https://geo.abs.gov.au/arcgis/rest/services/ASGS2016/LGA/MapServer
2016	51750	Claremont (T)	5	https://geo.abs.gov.au/arcgis/rest/services/ASGS2016/LGA/MapServer
2016	51820	Cockburn (C)	5	https://geo.abs.gov.au/arcgis/rest/services/ASGS2016/LGA/MapServer
2016	51890	Collie (S)	5	https://geo.abs.gov.au/arcgis/rest/services/ASGS2016/LGA/MapServer
2016	51960	Coolgardie (S)	5	https://geo.abs.gov.au/arcgis/rest/services/ASGS2016/LGA/MapServer
2016	52030	Coorow (S)	5	https://geo.abs.gov.au/arcgis/rest/services/ASGS2016/LGA/MapServer
2016	52100	Corrigin (S)	5	https://geo.abs.gov.au/arcgis/rest/services/ASGS2016/LGA/MapServer
2016	52170	Cottesloe (T)	5	https://geo.abs.gov.au/arcgis/rest/services/ASGS2016/LGA/MapServer
2016	52240	Cranbrook (S)	5	https://geo.abs.gov.au/arcgis/rest/services/ASGS2016/LGA/MapServer
2016	52310	Cuballing (S)	5	https://geo.abs.gov.au/arcgis/rest/services/ASGS2016/LGA/MapServer
2016	52380	Cue (S)	5	https://geo.abs.gov.au/arcgis/rest/services/ASGS2016/LGA/MapServer
2016	52450	Cunderdin (S)	5	https://geo.abs.gov.au/arcgis/rest/services/ASGS2016/LGA/MapServer
2016	52520	Dalwallinu (S)	5	https://geo.abs.gov.au/arcgis/rest/services/ASGS2016/LGA/MapServer
2016	52590	Dandaragan (S)	5	https://geo.abs.gov.au/arcgis/rest/services/ASGS2016/LGA/MapServer
2016	52660	Dardanup (S)	5	https://geo.abs.gov.au/arcgis/rest/services/ASGS2016/LGA/MapServer
2016	52730	Denmark (S)	5	https://geo.abs.gov.au/arcgis/rest/services/ASGS2016/LGA/MapServer
2016	52800	Derby-West Kimberley (S)	5	https://geo.abs.gov.au/arcgis/rest/services/ASGS2016/LGA/MapServer
2016	52870	Donnybrook-Balingup (S)	5	https://geo.abs.gov.au/arcgis/rest/services/ASGS2016/LGA/MapServer
2016	52940	Dowerin (S)	5	https://geo.abs.gov.au/arcgis/rest/services/ASGS2016/LGA/MapServer
2016	53010	Dumbleyung (S)	5	https://geo.abs.gov.au/arcgis/rest/services/ASGS2016/LGA/MapServer
2016	53080	Dundas (S)	5	https://geo.abs.gov.au/arcgis/rest/services/ASGS2016/LGA/MapServer
2016	53150	East Fremantle (T)	5	https://geo.abs.gov.au/arcgis/rest/services/ASGS2016/LGA/MapServer
2016	53220	East Pilbara (S)	5	https://geo.abs.gov.au/arcgis/rest/services/ASGS2016/LGA/MapServer
2016	53290	Esperance (S)	5	https://geo.abs.gov.au/arcgis/rest/services/ASGS2016/LGA/MapServer
2016	53360	Exmouth (S)	5	https://geo.abs.gov.au/arcgis/rest/services/ASGS2016/LGA/MapServer
2016	53430	Fremantle (C)	5	https://geo.abs.gov.au/arcgis/rest/services/ASGS2016/LGA/MapServer
2016	53570	Gingin (S)	5	https://geo.abs.gov.au/arcgis/rest/services/ASGS2016/LGA/MapServer
2016	53640	Gnowangerup (S)	5	https://geo.abs.gov.au/arcgis/rest/services/ASGS2016/LGA/MapServer
2016	53710	Goomalling (S)	5	https://geo.abs.gov.au/arcgis/rest/services/ASGS2016/LGA/MapServer
2016	53780	Gosnells (C)	5	https://geo.abs.gov.au/arcgis/rest/services/ASGS2016/LGA/MapServer
2016	53800	Greater Geraldton (C)	5	https://geo.abs.gov.au/arcgis/rest/services/ASGS2016/LGA/MapServer
2016	53920	Halls Creek (S)	5	https://geo.abs.gov.au/arcgis/rest/services/ASGS2016/LGA/MapServer
2016	53990	Harvey (S)	5	https://geo.abs.gov.au/arcgis/rest/services/ASGS2016/LGA/MapServer
2016	54060	Irwin (S)	5	https://geo.abs.gov.au/arcgis/rest/services/ASGS2016/LGA/MapServer
2016	54130	Jerramungup (S)	5	https://geo.abs.gov.au/arcgis/rest/services/ASGS2016/LGA/MapServer
2016	54170	Joondalup (C)	5	https://geo.abs.gov.au/arcgis/rest/services/ASGS2016/LGA/MapServer
2016	54200	Kalamunda (S)	5	https://geo.abs.gov.au/arcgis/rest/services/ASGS2016/LGA/MapServer
2016	54280	Kalgoorlie/Boulder (C)	5	https://geo.abs.gov.au/arcgis/rest/services/ASGS2016/LGA/MapServer
2016	54310	Karratha (C)	5	https://geo.abs.gov.au/arcgis/rest/services/ASGS2016/LGA/MapServer
2016	54340	Katanning (S)	5	https://geo.abs.gov.au/arcgis/rest/services/ASGS2016/LGA/MapServer
2016	54410	Kellerberrin (S)	5	https://geo.abs.gov.au/arcgis/rest/services/ASGS2016/LGA/MapServer
2016	54480	Kent (S)	5	https://geo.abs.gov.au/arcgis/rest/services/ASGS2016/LGA/MapServer
2016	54550	Kojonup (S)	5	https://geo.abs.gov.au/arcgis/rest/services/ASGS2016/LGA/MapServer
2016	54620	Kondinin (S)	5	https://geo.abs.gov.au/arcgis/rest/services/ASGS2016/LGA/MapServer
2016	54690	Koorda (S)	5	https://geo.abs.gov.au/arcgis/rest/services/ASGS2016/LGA/MapServer
2016	54760	Kulin (S)	5	https://geo.abs.gov.au/arcgis/rest/services/ASGS2016/LGA/MapServer
2016	54830	Kwinana (C)	5	https://geo.abs.gov.au/arcgis/rest/services/ASGS2016/LGA/MapServer
2016	54900	Lake Grace (S)	5	https://geo.abs.gov.au/arcgis/rest/services/ASGS2016/LGA/MapServer
2016	54970	Laverton (S)	5	https://geo.abs.gov.au/arcgis/rest/services/ASGS2016/LGA/MapServer
2016	55040	Leonora (S)	5	https://geo.abs.gov.au/arcgis/rest/services/ASGS2016/LGA/MapServer
2016	55110	Mandurah (C)	5	https://geo.abs.gov.au/arcgis/rest/services/ASGS2016/LGA/MapServer
2016	55180	Manjimup (S)	5	https://geo.abs.gov.au/arcgis/rest/services/ASGS2016/LGA/MapServer
2016	55250	Meekatharra (S)	5	https://geo.abs.gov.au/arcgis/rest/services/ASGS2016/LGA/MapServer
2016	55320	Melville (C)	5	https://geo.abs.gov.au/arcgis/rest/services/ASGS2016/LGA/MapServer
2016	55390	Menzies (S)	5	https://geo.abs.gov.au/arcgis/rest/services/ASGS2016/LGA/MapServer
2016	55460	Merredin (S)	5	https://geo.abs.gov.au/arcgis/rest/services/ASGS2016/LGA/MapServer
2016	55530	Mingenew (S)	5	https://geo.abs.gov.au/arcgis/rest/services/ASGS2016/LGA/MapServer
2016	55600	Moora (S)	5	https://geo.abs.gov.au/arcgis/rest/services/ASGS2016/LGA/MapServer
2016	55670	Morawa (S)	5	https://geo.abs.gov.au/arcgis/rest/services/ASGS2016/LGA/MapServer
2016	55740	Mosman Park (T)	5	https://geo.abs.gov.au/arcgis/rest/services/ASGS2016/LGA/MapServer
2016	55810	Mount Magnet (S)	5	https://geo.abs.gov.au/arcgis/rest/services/ASGS2016/LGA/MapServer
2016	55880	Mount Marshall (S)	5	https://geo.abs.gov.au/arcgis/rest/services/ASGS2016/LGA/MapServer
2016	55950	Mukinbudin (S)	5	https://geo.abs.gov.au/arcgis/rest/services/ASGS2016/LGA/MapServer
2016	56090	Mundaring (S)	5	https://geo.abs.gov.au/arcgis/rest/services/ASGS2016/LGA/MapServer
2016	56160	Murchison (S)	5	https://geo.abs.gov.au/arcgis/rest/services/ASGS2016/LGA/MapServer
2016	56230	Murray (S)	5	https://geo.abs.gov.au/arcgis/rest/services/ASGS2016/LGA/MapServer
2016	56300	Nannup (S)	5	https://geo.abs.gov.au/arcgis/rest/services/ASGS2016/LGA/MapServer
2016	56370	Narembeen (S)	5	https://geo.abs.gov.au/arcgis/rest/services/ASGS2016/LGA/MapServer
2016	56460	Narrogin (S)	5	https://geo.abs.gov.au/arcgis/rest/services/ASGS2016/LGA/MapServer
2016	56580	Nedlands (C)	5	https://geo.abs.gov.au/arcgis/rest/services/ASGS2016/LGA/MapServer
2016	56620	Ngaanyatjarraku (S)	5	https://geo.abs.gov.au/arcgis/rest/services/ASGS2016/LGA/MapServer
2016	56730	Northam (S)	5	https://geo.abs.gov.au/arcgis/rest/services/ASGS2016/LGA/MapServer
2016	56790	Northampton (S)	5	https://geo.abs.gov.au/arcgis/rest/services/ASGS2016/LGA/MapServer
2016	56860	Nungarin (S)	5	https://geo.abs.gov.au/arcgis/rest/services/ASGS2016/LGA/MapServer
2016	56930	Peppermint Grove (S)	5	https://geo.abs.gov.au/arcgis/rest/services/ASGS2016/LGA/MapServer
2016	57000	Perenjori (S)	5	https://geo.abs.gov.au/arcgis/rest/services/ASGS2016/LGA/MapServer
2016	57080	Perth (C)	5	https://geo.abs.gov.au/arcgis/rest/services/ASGS2016/LGA/MapServer
2016	57140	Pingelly (S)	5	https://geo.abs.gov.au/arcgis/rest/services/ASGS2016/LGA/MapServer
2016	57210	Plantagenet (S)	5	https://geo.abs.gov.au/arcgis/rest/services/ASGS2016/LGA/MapServer
2016	57280	Port Hedland (T)	5	https://geo.abs.gov.au/arcgis/rest/services/ASGS2016/LGA/MapServer
2016	57350	Quairading (S)	5	https://geo.abs.gov.au/arcgis/rest/services/ASGS2016/LGA/MapServer
2016	57420	Ravensthorpe (S)	5	https://geo.abs.gov.au/arcgis/rest/services/ASGS2016/LGA/MapServer
2016	57490	Rockingham (C)	5	https://geo.abs.gov.au/arcgis/rest/services/ASGS2016/LGA/MapServer
2016	57630	Sandstone (S)	5	https://geo.abs.gov.au/arcgis/rest/services/ASGS2016/LGA/MapServer
2016	57700	Serpentine-Jarrahdale (S)	5	https://geo.abs.gov.au/arcgis/rest/services/ASGS2016/LGA/MapServer
2016	57770	Shark Bay (S)	5	https://geo.abs.gov.au/arcgis/rest/services/ASGS2016/LGA/MapServer
2016	57840	South Perth (C)	5	https://geo.abs.gov.au/arcgis/rest/services/ASGS2016/LGA/MapServer
2016	57910	Stirling (C)	5	https://geo.abs.gov.au/arcgis/rest/services/ASGS2016/LGA/MapServer
2016	57980	Subiaco (C)	5	https://geo.abs.gov.au/arcgis/rest/services/ASGS2016/LGA/MapServer
2016	58050	Swan (C)	5	https://geo.abs.gov.au/arcgis/rest/services/ASGS2016/LGA/MapServer
2016	58190	Tammin (S)	5	https://geo.abs.gov.au/arcgis/rest/services/ASGS2016/LGA/MapServer
2016	58260	Three Springs (S)	5	https://geo.abs.gov.au/arcgis/rest/services/ASGS2016/LGA/MapServer
2016	58330	Toodyay (S)	5	https://geo.abs.gov.au/arcgis/rest/services/ASGS2016/LGA/MapServer
2016	58400	Trayning (S)	5	https://geo.abs.gov.au/arcgis/rest/services/ASGS2016/LGA/MapServer
2016	58470	Upper Gascoyne (S)	5	https://geo.abs.gov.au/arcgis/rest/services/ASGS2016/LGA/MapServer
2016	58510	Victoria Park (T)	5	https://geo.abs.gov.au/arcgis/rest/services/ASGS2016/LGA/MapServer
2016	58540	Victoria Plains (S)	5	https://geo.abs.gov.au/arcgis/rest/services/ASGS2016/LGA/MapServer
2016	58570	Vincent (C)	5	https://geo.abs.gov.au/arcgis/rest/services/ASGS2016/LGA/MapServer
2016	58610	Wagin (S)	5	https://geo.abs.gov.au/arcgis/rest/services/ASGS2016/LGA/MapServer
2016	58680	Wandering (S)	5	https://geo.abs.gov.au/arcgis/rest/services/ASGS2016/LGA/MapServer
2016	58760	Wanneroo (C)	5	https://geo.abs.gov.au/arcgis/rest/services/ASGS2016/LGA/MapServer
2016	58820	Waroona (S)	5	https://geo.abs.gov.au/arcgis/rest/services/ASGS2016/LGA/MapServer
2016	58890	West Arthur (S)	5	https://geo.abs.gov.au/arcgis/rest/services/ASGS2016/LGA/MapServer
2016	59030	Westonia (S)	5	https://geo.abs.gov.au/arcgis/rest/services/ASGS2016/LGA/MapServer
2016	59100	Wickepin (S)	5	https://geo.abs.gov.au/arcgis/rest/services/ASGS2016/LGA/MapServer
2016	59170	Williams (S)	5	https://geo.abs.gov.au/arcgis/rest/services/ASGS2016/LGA/MapServer
2016	59250	Wiluna (S)	5	https://geo.abs.gov.au/arcgis/rest/services/ASGS2016/LGA/MapServer
2016	59310	Wongan-Ballidu (S)	5	https://geo.abs.gov.au/arcgis/rest/services/ASGS2016/LGA/MapServer
2016	59320	Woodanilling (S)	5	https://geo.abs.gov.au/arcgis/rest/services/ASGS2016/LGA/MapServer
2016	59330	Wyalkatchem (S)	5	https://geo.abs.gov.au/arcgis/rest/services/ASGS2016/LGA/MapServer
2016	59340	Wyndham-East Kimberley (S)	5	https://geo.abs.gov.au/arcgis/rest/services/ASGS2016/LGA/MapServer
2016	59350	Yalgoo (S)	5	https://geo.abs.gov.au/arcgis/rest/services/ASGS2016/LGA/MapServer
2016	59360	Yilgarn (S)	5	https://geo.abs.gov.au/arcgis/rest/services/ASGS2016/LGA/MapServer
2016	59370	York (S)	5	https://geo.abs.gov.au/arcgis/rest/services/ASGS2016/LGA/MapServer
2016	60210	Break O'Day (M)	6	https://geo.abs.gov.au/arcgis/rest/services/ASGS2016/LGA/MapServer
2016	60410	Brighton (M)	6	https://geo.abs.gov.au/arcgis/rest/services/ASGS2016/LGA/MapServer
2016	60610	Burnie (C)	6	https://geo.abs.gov.au/arcgis/rest/services/ASGS2016/LGA/MapServer
2016	60810	Central Coast (M) (Tas.)	6	https://geo.abs.gov.au/arcgis/rest/services/ASGS2016/LGA/MapServer
2016	61010	Central Highlands (M) (Tas.)	6	https://geo.abs.gov.au/arcgis/rest/services/ASGS2016/LGA/MapServer
2016	61210	Circular Head (M)	6	https://geo.abs.gov.au/arcgis/rest/services/ASGS2016/LGA/MapServer
2016	61410	Clarence (C)	6	https://geo.abs.gov.au/arcgis/rest/services/ASGS2016/LGA/MapServer
2016	61510	Derwent Valley (M)	6	https://geo.abs.gov.au/arcgis/rest/services/ASGS2016/LGA/MapServer
2016	61610	Devonport (C)	6	https://geo.abs.gov.au/arcgis/rest/services/ASGS2016/LGA/MapServer
2016	61810	Dorset (M)	6	https://geo.abs.gov.au/arcgis/rest/services/ASGS2016/LGA/MapServer
2016	62010	Flinders (M) (Tas.)	6	https://geo.abs.gov.au/arcgis/rest/services/ASGS2016/LGA/MapServer
2016	62210	George Town (M)	6	https://geo.abs.gov.au/arcgis/rest/services/ASGS2016/LGA/MapServer
2016	62410	Glamorgan/Spring Bay (M)	6	https://geo.abs.gov.au/arcgis/rest/services/ASGS2016/LGA/MapServer
2016	62610	Glenorchy (C)	6	https://geo.abs.gov.au/arcgis/rest/services/ASGS2016/LGA/MapServer
2016	62810	Hobart (C)	6	https://geo.abs.gov.au/arcgis/rest/services/ASGS2016/LGA/MapServer
2016	63010	Huon Valley (M)	6	https://geo.abs.gov.au/arcgis/rest/services/ASGS2016/LGA/MapServer
2016	63210	Kentish (M)	6	https://geo.abs.gov.au/arcgis/rest/services/ASGS2016/LGA/MapServer
2016	63410	King Island (M)	6	https://geo.abs.gov.au/arcgis/rest/services/ASGS2016/LGA/MapServer
2016	63610	Kingborough (M)	6	https://geo.abs.gov.au/arcgis/rest/services/ASGS2016/LGA/MapServer
2016	63810	Latrobe (M) (Tas.)	6	https://geo.abs.gov.au/arcgis/rest/services/ASGS2016/LGA/MapServer
2016	64010	Launceston (C)	6	https://geo.abs.gov.au/arcgis/rest/services/ASGS2016/LGA/MapServer
2016	64210	Meander Valley (M)	6	https://geo.abs.gov.au/arcgis/rest/services/ASGS2016/LGA/MapServer
2016	64610	Northern Midlands (M)	6	https://geo.abs.gov.au/arcgis/rest/services/ASGS2016/LGA/MapServer
2016	64810	Sorell (M)	6	https://geo.abs.gov.au/arcgis/rest/services/ASGS2016/LGA/MapServer
2016	65010	Southern Midlands (M)	6	https://geo.abs.gov.au/arcgis/rest/services/ASGS2016/LGA/MapServer
2016	65210	Tasman (M)	6	https://geo.abs.gov.au/arcgis/rest/services/ASGS2016/LGA/MapServer
2016	65410	Waratah/Wynyard (M)	6	https://geo.abs.gov.au/arcgis/rest/services/ASGS2016/LGA/MapServer
2016	65610	West Coast (M)	6	https://geo.abs.gov.au/arcgis/rest/services/ASGS2016/LGA/MapServer
2016	65810	West Tamar (M)	6	https://geo.abs.gov.au/arcgis/rest/services/ASGS2016/LGA/MapServer
2016	70200	Alice Springs (T)	7	https://geo.abs.gov.au/arcgis/rest/services/ASGS2016/LGA/MapServer
2016	70420	Barkly (R)	7	https://geo.abs.gov.au/arcgis/rest/services/ASGS2016/LGA/MapServer
2016	70540	Belyuen (S)	7	https://geo.abs.gov.au/arcgis/rest/services/ASGS2016/LGA/MapServer
2016	70620	Central Desert (R)	7	https://geo.abs.gov.au/arcgis/rest/services/ASGS2016/LGA/MapServer
2016	70700	Coomalie (S)	7	https://geo.abs.gov.au/arcgis/rest/services/ASGS2016/LGA/MapServer
2016	71000	Darwin (C)	7	https://geo.abs.gov.au/arcgis/rest/services/ASGS2016/LGA/MapServer
2016	71300	East Arnhem (R)	7	https://geo.abs.gov.au/arcgis/rest/services/ASGS2016/LGA/MapServer
2016	72200	Katherine (T)	7	https://geo.abs.gov.au/arcgis/rest/services/ASGS2016/LGA/MapServer
2016	72300	Litchfield (M)	7	https://geo.abs.gov.au/arcgis/rest/services/ASGS2016/LGA/MapServer
2016	72330	MacDonnell (R)	7	https://geo.abs.gov.au/arcgis/rest/services/ASGS2016/LGA/MapServer
2016	72800	Palmerston (C)	7	https://geo.abs.gov.au/arcgis/rest/services/ASGS2016/LGA/MapServer
2016	73600	Roper Gulf (R)	7	https://geo.abs.gov.au/arcgis/rest/services/ASGS2016/LGA/MapServer
2016	74050	Tiwi Islands (R)	7	https://geo.abs.gov.au/arcgis/rest/services/ASGS2016/LGA/MapServer
2016	74550	Victoria Daly (R)	7	https://geo.abs.gov.au/arcgis/rest/services/ASGS2016/LGA/MapServer
2016	74560	Wagait (S)	7	https://geo.abs.gov.au/arcgis/rest/services/ASGS2016/LGA/MapServer
2016	74660	West Arnhem (R)	7	https://geo.abs.gov.au/arcgis/rest/services/ASGS2016/LGA/MapServer
2016	74680	West Daly (R)	7	https://geo.abs.gov.au/arcgis/rest/services/ASGS2016/LGA/MapServer
2016	79399	Unincorporated NT	7	https://geo.abs.gov.au/arcgis/rest/services/ASGS2016/LGA/MapServer
2016	89399	Unincorporated ACT	8	https://geo.abs.gov.au/arcgis/rest/services/ASGS2016/LGA/MapServer
2016	99399	Unincorp. Other Territories	9	https://geo.abs.gov.au/arcgis/rest/services/ASGS2016/LGA/MapServer
2021	10050	Albury	1	https://geo.abs.gov.au/arcgis/rest/services/ASGS2021/LGA/MapServer
2021	10180	Armidale Regional	1	https://geo.abs.gov.au/arcgis/rest/services/ASGS2021/LGA/MapServer
2021	10250	Ballina	1	https://geo.abs.gov.au/arcgis/rest/services/ASGS2021/LGA/MapServer
2021	10300	Balranald	1	https://geo.abs.gov.au/arcgis/rest/services/ASGS2021/LGA/MapServer
2021	10470	Bathurst Regional	1	https://geo.abs.gov.au/arcgis/rest/services/ASGS2021/LGA/MapServer
2021	10500	Bayside (NSW)	1	https://geo.abs.gov.au/arcgis/rest/services/ASGS2021/LGA/MapServer
2021	10550	Bega Valley	1	https://geo.abs.gov.au/arcgis/rest/services/ASGS2021/LGA/MapServer
2021	10600	Bellingen	1	https://geo.abs.gov.au/arcgis/rest/services/ASGS2021/LGA/MapServer
2021	10650	Berrigan	1	https://geo.abs.gov.au/arcgis/rest/services/ASGS2021/LGA/MapServer
2021	10750	Blacktown	1	https://geo.abs.gov.au/arcgis/rest/services/ASGS2021/LGA/MapServer
2021	10800	Bland	1	https://geo.abs.gov.au/arcgis/rest/services/ASGS2021/LGA/MapServer
2021	10850	Blayney	1	https://geo.abs.gov.au/arcgis/rest/services/ASGS2021/LGA/MapServer
2021	10900	Blue Mountains	1	https://geo.abs.gov.au/arcgis/rest/services/ASGS2021/LGA/MapServer
2021	10950	Bogan	1	https://geo.abs.gov.au/arcgis/rest/services/ASGS2021/LGA/MapServer
2021	11150	Bourke	1	https://geo.abs.gov.au/arcgis/rest/services/ASGS2021/LGA/MapServer
2021	11200	Brewarrina	1	https://geo.abs.gov.au/arcgis/rest/services/ASGS2021/LGA/MapServer
2021	11250	Broken Hill	1	https://geo.abs.gov.au/arcgis/rest/services/ASGS2021/LGA/MapServer
2021	11300	Burwood	1	https://geo.abs.gov.au/arcgis/rest/services/ASGS2021/LGA/MapServer
2021	11350	Byron	1	https://geo.abs.gov.au/arcgis/rest/services/ASGS2021/LGA/MapServer
2021	11400	Cabonne	1	https://geo.abs.gov.au/arcgis/rest/services/ASGS2021/LGA/MapServer
2021	11450	Camden	1	https://geo.abs.gov.au/arcgis/rest/services/ASGS2021/LGA/MapServer
2021	11500	Campbelltown (NSW)	1	https://geo.abs.gov.au/arcgis/rest/services/ASGS2021/LGA/MapServer
2021	11520	Canada Bay	1	https://geo.abs.gov.au/arcgis/rest/services/ASGS2021/LGA/MapServer
2021	11570	Canterbury-Bankstown	1	https://geo.abs.gov.au/arcgis/rest/services/ASGS2021/LGA/MapServer
2021	11600	Carrathool	1	https://geo.abs.gov.au/arcgis/rest/services/ASGS2021/LGA/MapServer
2021	11650	Central Coast (NSW)	1	https://geo.abs.gov.au/arcgis/rest/services/ASGS2021/LGA/MapServer
2021	11700	Central Darling	1	https://geo.abs.gov.au/arcgis/rest/services/ASGS2021/LGA/MapServer
2021	11720	Cessnock	1	https://geo.abs.gov.au/arcgis/rest/services/ASGS2021/LGA/MapServer
2021	11730	Clarence Valley	1	https://geo.abs.gov.au/arcgis/rest/services/ASGS2021/LGA/MapServer
2021	11750	Cobar	1	https://geo.abs.gov.au/arcgis/rest/services/ASGS2021/LGA/MapServer
2021	11800	Coffs Harbour	1	https://geo.abs.gov.au/arcgis/rest/services/ASGS2021/LGA/MapServer
2021	12000	Coolamon	1	https://geo.abs.gov.au/arcgis/rest/services/ASGS2021/LGA/MapServer
2021	12150	Coonamble	1	https://geo.abs.gov.au/arcgis/rest/services/ASGS2021/LGA/MapServer
2021	12160	Cootamundra-Gundagai Regional	1	https://geo.abs.gov.au/arcgis/rest/services/ASGS2021/LGA/MapServer
2021	12350	Cowra	1	https://geo.abs.gov.au/arcgis/rest/services/ASGS2021/LGA/MapServer
2021	12380	Cumberland	1	https://geo.abs.gov.au/arcgis/rest/services/ASGS2021/LGA/MapServer
2021	12390	Dubbo Regional	1	https://geo.abs.gov.au/arcgis/rest/services/ASGS2021/LGA/MapServer
2021	12700	Dungog	1	https://geo.abs.gov.au/arcgis/rest/services/ASGS2021/LGA/MapServer
2021	12730	Edward River	1	https://geo.abs.gov.au/arcgis/rest/services/ASGS2021/LGA/MapServer
2021	12750	Eurobodalla	1	https://geo.abs.gov.au/arcgis/rest/services/ASGS2021/LGA/MapServer
2021	12850	Fairfield	1	https://geo.abs.gov.au/arcgis/rest/services/ASGS2021/LGA/MapServer
2021	12870	Federation	1	https://geo.abs.gov.au/arcgis/rest/services/ASGS2021/LGA/MapServer
2021	12900	Forbes	1	https://geo.abs.gov.au/arcgis/rest/services/ASGS2021/LGA/MapServer
2021	12930	Georges River	1	https://geo.abs.gov.au/arcgis/rest/services/ASGS2021/LGA/MapServer
2021	12950	Gilgandra	1	https://geo.abs.gov.au/arcgis/rest/services/ASGS2021/LGA/MapServer
2021	13010	Glen Innes Severn	1	https://geo.abs.gov.au/arcgis/rest/services/ASGS2021/LGA/MapServer
2021	13310	Goulburn Mulwaree	1	https://geo.abs.gov.au/arcgis/rest/services/ASGS2021/LGA/MapServer
2021	13340	Greater Hume Shire	1	https://geo.abs.gov.au/arcgis/rest/services/ASGS2021/LGA/MapServer
2021	13450	Griffith	1	https://geo.abs.gov.au/arcgis/rest/services/ASGS2021/LGA/MapServer
2021	13550	Gunnedah	1	https://geo.abs.gov.au/arcgis/rest/services/ASGS2021/LGA/MapServer
2021	13660	Gwydir	1	https://geo.abs.gov.au/arcgis/rest/services/ASGS2021/LGA/MapServer
2021	13800	Hawkesbury	1	https://geo.abs.gov.au/arcgis/rest/services/ASGS2021/LGA/MapServer
2021	13850	Hay	1	https://geo.abs.gov.au/arcgis/rest/services/ASGS2021/LGA/MapServer
2021	13910	Hilltops	1	https://geo.abs.gov.au/arcgis/rest/services/ASGS2021/LGA/MapServer
2021	14000	Hornsby	1	https://geo.abs.gov.au/arcgis/rest/services/ASGS2021/LGA/MapServer
2021	14100	Hunters Hill	1	https://geo.abs.gov.au/arcgis/rest/services/ASGS2021/LGA/MapServer
2021	14170	Inner West	1	https://geo.abs.gov.au/arcgis/rest/services/ASGS2021/LGA/MapServer
2021	14220	Inverell	1	https://geo.abs.gov.au/arcgis/rest/services/ASGS2021/LGA/MapServer
2021	14300	Junee	1	https://geo.abs.gov.au/arcgis/rest/services/ASGS2021/LGA/MapServer
2021	14350	Kempsey	1	https://geo.abs.gov.au/arcgis/rest/services/ASGS2021/LGA/MapServer
2021	14400	Kiama	1	https://geo.abs.gov.au/arcgis/rest/services/ASGS2021/LGA/MapServer
2021	14500	Ku-ring-gai	1	https://geo.abs.gov.au/arcgis/rest/services/ASGS2021/LGA/MapServer
2021	14550	Kyogle	1	https://geo.abs.gov.au/arcgis/rest/services/ASGS2021/LGA/MapServer
2021	14600	Lachlan	1	https://geo.abs.gov.au/arcgis/rest/services/ASGS2021/LGA/MapServer
2021	14650	Lake Macquarie	1	https://geo.abs.gov.au/arcgis/rest/services/ASGS2021/LGA/MapServer
2021	14700	Lane Cove	1	https://geo.abs.gov.au/arcgis/rest/services/ASGS2021/LGA/MapServer
2021	14750	Leeton	1	https://geo.abs.gov.au/arcgis/rest/services/ASGS2021/LGA/MapServer
2021	14850	Lismore	1	https://geo.abs.gov.au/arcgis/rest/services/ASGS2021/LGA/MapServer
2021	14870	Lithgow	1	https://geo.abs.gov.au/arcgis/rest/services/ASGS2021/LGA/MapServer
2021	14900	Liverpool	1	https://geo.abs.gov.au/arcgis/rest/services/ASGS2021/LGA/MapServer
2021	14920	Liverpool Plains	1	https://geo.abs.gov.au/arcgis/rest/services/ASGS2021/LGA/MapServer
2021	14950	Lockhart	1	https://geo.abs.gov.au/arcgis/rest/services/ASGS2021/LGA/MapServer
2021	15050	Maitland	1	https://geo.abs.gov.au/arcgis/rest/services/ASGS2021/LGA/MapServer
2021	15240	Mid-Coast	1	https://geo.abs.gov.au/arcgis/rest/services/ASGS2021/LGA/MapServer
2021	15270	Mid-Western Regional	1	https://geo.abs.gov.au/arcgis/rest/services/ASGS2021/LGA/MapServer
2021	15300	Moree Plains	1	https://geo.abs.gov.au/arcgis/rest/services/ASGS2021/LGA/MapServer
2021	15350	Mosman	1	https://geo.abs.gov.au/arcgis/rest/services/ASGS2021/LGA/MapServer
2021	15520	Murray River	1	https://geo.abs.gov.au/arcgis/rest/services/ASGS2021/LGA/MapServer
2021	15560	Murrumbidgee	1	https://geo.abs.gov.au/arcgis/rest/services/ASGS2021/LGA/MapServer
2021	15650	Muswellbrook	1	https://geo.abs.gov.au/arcgis/rest/services/ASGS2021/LGA/MapServer
2021	15700	Nambucca Valley	1	https://geo.abs.gov.au/arcgis/rest/services/ASGS2021/LGA/MapServer
2021	15750	Narrabri	1	https://geo.abs.gov.au/arcgis/rest/services/ASGS2021/LGA/MapServer
2021	15800	Narrandera	1	https://geo.abs.gov.au/arcgis/rest/services/ASGS2021/LGA/MapServer
2021	15850	Narromine	1	https://geo.abs.gov.au/arcgis/rest/services/ASGS2021/LGA/MapServer
2021	15900	Newcastle	1	https://geo.abs.gov.au/arcgis/rest/services/ASGS2021/LGA/MapServer
2021	15950	North Sydney	1	https://geo.abs.gov.au/arcgis/rest/services/ASGS2021/LGA/MapServer
2021	15990	Northern Beaches	1	https://geo.abs.gov.au/arcgis/rest/services/ASGS2021/LGA/MapServer
2021	16100	Oberon	1	https://geo.abs.gov.au/arcgis/rest/services/ASGS2021/LGA/MapServer
2021	16150	Orange	1	https://geo.abs.gov.au/arcgis/rest/services/ASGS2021/LGA/MapServer
2021	16200	Parkes	1	https://geo.abs.gov.au/arcgis/rest/services/ASGS2021/LGA/MapServer
2021	16260	Parramatta	1	https://geo.abs.gov.au/arcgis/rest/services/ASGS2021/LGA/MapServer
2021	16350	Penrith	1	https://geo.abs.gov.au/arcgis/rest/services/ASGS2021/LGA/MapServer
2021	16380	Port Macquarie-Hastings	1	https://geo.abs.gov.au/arcgis/rest/services/ASGS2021/LGA/MapServer
2021	16400	Port Stephens	1	https://geo.abs.gov.au/arcgis/rest/services/ASGS2021/LGA/MapServer
2021	16490	Queanbeyan-Palerang Regional	1	https://geo.abs.gov.au/arcgis/rest/services/ASGS2021/LGA/MapServer
2021	16550	Randwick	1	https://geo.abs.gov.au/arcgis/rest/services/ASGS2021/LGA/MapServer
2021	16610	Richmond Valley	1	https://geo.abs.gov.au/arcgis/rest/services/ASGS2021/LGA/MapServer
2021	16700	Ryde	1	https://geo.abs.gov.au/arcgis/rest/services/ASGS2021/LGA/MapServer
2021	16900	Shellharbour	1	https://geo.abs.gov.au/arcgis/rest/services/ASGS2021/LGA/MapServer
2021	16950	Shoalhaven	1	https://geo.abs.gov.au/arcgis/rest/services/ASGS2021/LGA/MapServer
2021	17000	Singleton	1	https://geo.abs.gov.au/arcgis/rest/services/ASGS2021/LGA/MapServer
2021	17040	Snowy Monaro Regional	1	https://geo.abs.gov.au/arcgis/rest/services/ASGS2021/LGA/MapServer
2021	17080	Snowy Valleys	1	https://geo.abs.gov.au/arcgis/rest/services/ASGS2021/LGA/MapServer
2021	17100	Strathfield	1	https://geo.abs.gov.au/arcgis/rest/services/ASGS2021/LGA/MapServer
2021	17150	Sutherland Shire	1	https://geo.abs.gov.au/arcgis/rest/services/ASGS2021/LGA/MapServer
2021	17200	Sydney	1	https://geo.abs.gov.au/arcgis/rest/services/ASGS2021/LGA/MapServer
2021	17310	Tamworth Regional	1	https://geo.abs.gov.au/arcgis/rest/services/ASGS2021/LGA/MapServer
2021	17350	Temora	1	https://geo.abs.gov.au/arcgis/rest/services/ASGS2021/LGA/MapServer
2021	17400	Tenterfield	1	https://geo.abs.gov.au/arcgis/rest/services/ASGS2021/LGA/MapServer
2021	17420	The Hills Shire	1	https://geo.abs.gov.au/arcgis/rest/services/ASGS2021/LGA/MapServer
2021	17550	Tweed	1	https://geo.abs.gov.au/arcgis/rest/services/ASGS2021/LGA/MapServer
2021	17620	Upper Hunter Shire	1	https://geo.abs.gov.au/arcgis/rest/services/ASGS2021/LGA/MapServer
2021	17640	Upper Lachlan Shire	1	https://geo.abs.gov.au/arcgis/rest/services/ASGS2021/LGA/MapServer
2021	17650	Uralla	1	https://geo.abs.gov.au/arcgis/rest/services/ASGS2021/LGA/MapServer
2021	17750	Wagga Wagga	1	https://geo.abs.gov.au/arcgis/rest/services/ASGS2021/LGA/MapServer
2021	17850	Walcha	1	https://geo.abs.gov.au/arcgis/rest/services/ASGS2021/LGA/MapServer
2021	17900	Walgett	1	https://geo.abs.gov.au/arcgis/rest/services/ASGS2021/LGA/MapServer
2021	17950	Warren	1	https://geo.abs.gov.au/arcgis/rest/services/ASGS2021/LGA/MapServer
2021	18020	Warrumbungle Shire	1	https://geo.abs.gov.au/arcgis/rest/services/ASGS2021/LGA/MapServer
2021	18050	Waverley	1	https://geo.abs.gov.au/arcgis/rest/services/ASGS2021/LGA/MapServer
2021	18100	Weddin	1	https://geo.abs.gov.au/arcgis/rest/services/ASGS2021/LGA/MapServer
2021	18200	Wentworth	1	https://geo.abs.gov.au/arcgis/rest/services/ASGS2021/LGA/MapServer
2021	18250	Willoughby	1	https://geo.abs.gov.au/arcgis/rest/services/ASGS2021/LGA/MapServer
2021	18350	Wingecarribee	1	https://geo.abs.gov.au/arcgis/rest/services/ASGS2021/LGA/MapServer
2021	18400	Wollondilly	1	https://geo.abs.gov.au/arcgis/rest/services/ASGS2021/LGA/MapServer
2021	18450	Wollongong	1	https://geo.abs.gov.au/arcgis/rest/services/ASGS2021/LGA/MapServer
2021	18500	Woollahra	1	https://geo.abs.gov.au/arcgis/rest/services/ASGS2021/LGA/MapServer
2021	18710	Yass Valley	1	https://geo.abs.gov.au/arcgis/rest/services/ASGS2021/LGA/MapServer
2021	19399	Unincorporated NSW	1	https://geo.abs.gov.au/arcgis/rest/services/ASGS2021/LGA/MapServer
2021	19499	No usual address (NSW)	1	https://geo.abs.gov.au/arcgis/rest/services/ASGS2021/LGA/MapServer
2021	19799	Migratory - Offshore - Shipping (NSW)	1	https://geo.abs.gov.au/arcgis/rest/services/ASGS2021/LGA/MapServer
2021	20110	Alpine	2	https://geo.abs.gov.au/arcgis/rest/services/ASGS2021/LGA/MapServer
2021	20260	Ararat	2	https://geo.abs.gov.au/arcgis/rest/services/ASGS2021/LGA/MapServer
2021	20570	Ballarat	2	https://geo.abs.gov.au/arcgis/rest/services/ASGS2021/LGA/MapServer
2021	20660	Banyule	2	https://geo.abs.gov.au/arcgis/rest/services/ASGS2021/LGA/MapServer
2021	20740	Bass Coast	2	https://geo.abs.gov.au/arcgis/rest/services/ASGS2021/LGA/MapServer
2021	20830	Baw Baw	2	https://geo.abs.gov.au/arcgis/rest/services/ASGS2021/LGA/MapServer
2021	20910	Bayside (Vic.)	2	https://geo.abs.gov.au/arcgis/rest/services/ASGS2021/LGA/MapServer
2021	21010	Benalla	2	https://geo.abs.gov.au/arcgis/rest/services/ASGS2021/LGA/MapServer
2021	21110	Boroondara	2	https://geo.abs.gov.au/arcgis/rest/services/ASGS2021/LGA/MapServer
2021	21180	Brimbank	2	https://geo.abs.gov.au/arcgis/rest/services/ASGS2021/LGA/MapServer
2021	21270	Buloke	2	https://geo.abs.gov.au/arcgis/rest/services/ASGS2021/LGA/MapServer
2021	21370	Campaspe	2	https://geo.abs.gov.au/arcgis/rest/services/ASGS2021/LGA/MapServer
2021	21450	Cardinia	2	https://geo.abs.gov.au/arcgis/rest/services/ASGS2021/LGA/MapServer
2021	21610	Casey	2	https://geo.abs.gov.au/arcgis/rest/services/ASGS2021/LGA/MapServer
2021	21670	Central Goldfields	2	https://geo.abs.gov.au/arcgis/rest/services/ASGS2021/LGA/MapServer
2021	21750	Colac Otway	2	https://geo.abs.gov.au/arcgis/rest/services/ASGS2021/LGA/MapServer
2021	21830	Corangamite	2	https://geo.abs.gov.au/arcgis/rest/services/ASGS2021/LGA/MapServer
2021	21890	Darebin	2	https://geo.abs.gov.au/arcgis/rest/services/ASGS2021/LGA/MapServer
2021	22110	East Gippsland	2	https://geo.abs.gov.au/arcgis/rest/services/ASGS2021/LGA/MapServer
2021	22170	Frankston	2	https://geo.abs.gov.au/arcgis/rest/services/ASGS2021/LGA/MapServer
2021	22250	Gannawarra	2	https://geo.abs.gov.au/arcgis/rest/services/ASGS2021/LGA/MapServer
2021	22310	Glen Eira	2	https://geo.abs.gov.au/arcgis/rest/services/ASGS2021/LGA/MapServer
2021	22410	Glenelg	2	https://geo.abs.gov.au/arcgis/rest/services/ASGS2021/LGA/MapServer
2021	22490	Golden Plains	2	https://geo.abs.gov.au/arcgis/rest/services/ASGS2021/LGA/MapServer
2021	22620	Greater Bendigo	2	https://geo.abs.gov.au/arcgis/rest/services/ASGS2021/LGA/MapServer
2021	22670	Greater Dandenong	2	https://geo.abs.gov.au/arcgis/rest/services/ASGS2021/LGA/MapServer
2021	22750	Greater Geelong	2	https://geo.abs.gov.au/arcgis/rest/services/ASGS2021/LGA/MapServer
2021	22830	Greater Shepparton	2	https://geo.abs.gov.au/arcgis/rest/services/ASGS2021/LGA/MapServer
2021	22910	Hepburn	2	https://geo.abs.gov.au/arcgis/rest/services/ASGS2021/LGA/MapServer
2021	22980	Hindmarsh	2	https://geo.abs.gov.au/arcgis/rest/services/ASGS2021/LGA/MapServer
2021	23110	Hobsons Bay	2	https://geo.abs.gov.au/arcgis/rest/services/ASGS2021/LGA/MapServer
2021	23190	Horsham	2	https://geo.abs.gov.au/arcgis/rest/services/ASGS2021/LGA/MapServer
2021	23270	Hume	2	https://geo.abs.gov.au/arcgis/rest/services/ASGS2021/LGA/MapServer
2021	23350	Indigo	2	https://geo.abs.gov.au/arcgis/rest/services/ASGS2021/LGA/MapServer
2021	23430	Kingston (Vic.)	2	https://geo.abs.gov.au/arcgis/rest/services/ASGS2021/LGA/MapServer
2021	23670	Knox	2	https://geo.abs.gov.au/arcgis/rest/services/ASGS2021/LGA/MapServer
2021	23810	Latrobe (Vic.)	2	https://geo.abs.gov.au/arcgis/rest/services/ASGS2021/LGA/MapServer
2021	23940	Loddon	2	https://geo.abs.gov.au/arcgis/rest/services/ASGS2021/LGA/MapServer
2021	24130	Macedon Ranges	2	https://geo.abs.gov.au/arcgis/rest/services/ASGS2021/LGA/MapServer
2021	24210	Manningham	2	https://geo.abs.gov.au/arcgis/rest/services/ASGS2021/LGA/MapServer
2021	24250	Mansfield	2	https://geo.abs.gov.au/arcgis/rest/services/ASGS2021/LGA/MapServer
2021	24330	Maribyrnong	2	https://geo.abs.gov.au/arcgis/rest/services/ASGS2021/LGA/MapServer
2021	24410	Maroondah	2	https://geo.abs.gov.au/arcgis/rest/services/ASGS2021/LGA/MapServer
2021	24600	Melbourne	2	https://geo.abs.gov.au/arcgis/rest/services/ASGS2021/LGA/MapServer
2021	24650	Melton	2	https://geo.abs.gov.au/arcgis/rest/services/ASGS2021/LGA/MapServer
2021	24780	Mildura	2	https://geo.abs.gov.au/arcgis/rest/services/ASGS2021/LGA/MapServer
2021	24850	Mitchell	2	https://geo.abs.gov.au/arcgis/rest/services/ASGS2021/LGA/MapServer
2021	24900	Moira	2	https://geo.abs.gov.au/arcgis/rest/services/ASGS2021/LGA/MapServer
2021	24970	Monash	2	https://geo.abs.gov.au/arcgis/rest/services/ASGS2021/LGA/MapServer
2021	25060	Moonee Valley	2	https://geo.abs.gov.au/arcgis/rest/services/ASGS2021/LGA/MapServer
2021	25150	Moorabool	2	https://geo.abs.gov.au/arcgis/rest/services/ASGS2021/LGA/MapServer
2021	25250	Moreland	2	https://geo.abs.gov.au/arcgis/rest/services/ASGS2021/LGA/MapServer
2021	25340	Mornington Peninsula	2	https://geo.abs.gov.au/arcgis/rest/services/ASGS2021/LGA/MapServer
2021	25430	Mount Alexander	2	https://geo.abs.gov.au/arcgis/rest/services/ASGS2021/LGA/MapServer
2021	25490	Moyne	2	https://geo.abs.gov.au/arcgis/rest/services/ASGS2021/LGA/MapServer
2021	25620	Murrindindi	2	https://geo.abs.gov.au/arcgis/rest/services/ASGS2021/LGA/MapServer
2021	25710	Nillumbik	2	https://geo.abs.gov.au/arcgis/rest/services/ASGS2021/LGA/MapServer
2021	25810	Northern Grampians	2	https://geo.abs.gov.au/arcgis/rest/services/ASGS2021/LGA/MapServer
2021	25900	Port Phillip	2	https://geo.abs.gov.au/arcgis/rest/services/ASGS2021/LGA/MapServer
2021	25990	Pyrenees	2	https://geo.abs.gov.au/arcgis/rest/services/ASGS2021/LGA/MapServer
2021	26080	Queenscliffe	2	https://geo.abs.gov.au/arcgis/rest/services/ASGS2021/LGA/MapServer
2021	26170	South Gippsland	2	https://geo.abs.gov.au/arcgis/rest/services/ASGS2021/LGA/MapServer
2021	26260	Southern Grampians	2	https://geo.abs.gov.au/arcgis/rest/services/ASGS2021/LGA/MapServer
2021	26350	Stonnington	2	https://geo.abs.gov.au/arcgis/rest/services/ASGS2021/LGA/MapServer
2021	26430	Strathbogie	2	https://geo.abs.gov.au/arcgis/rest/services/ASGS2021/LGA/MapServer
2021	26490	Surf Coast	2	https://geo.abs.gov.au/arcgis/rest/services/ASGS2021/LGA/MapServer
2021	26610	Swan Hill	2	https://geo.abs.gov.au/arcgis/rest/services/ASGS2021/LGA/MapServer
2021	26670	Towong	2	https://geo.abs.gov.au/arcgis/rest/services/ASGS2021/LGA/MapServer
2021	26700	Wangaratta	2	https://geo.abs.gov.au/arcgis/rest/services/ASGS2021/LGA/MapServer
2021	26730	Warrnambool	2	https://geo.abs.gov.au/arcgis/rest/services/ASGS2021/LGA/MapServer
2021	26810	Wellington	2	https://geo.abs.gov.au/arcgis/rest/services/ASGS2021/LGA/MapServer
2021	26890	West Wimmera	2	https://geo.abs.gov.au/arcgis/rest/services/ASGS2021/LGA/MapServer
2021	26980	Whitehorse	2	https://geo.abs.gov.au/arcgis/rest/services/ASGS2021/LGA/MapServer
2021	27070	Whittlesea	2	https://geo.abs.gov.au/arcgis/rest/services/ASGS2021/LGA/MapServer
2021	27170	Wodonga	2	https://geo.abs.gov.au/arcgis/rest/services/ASGS2021/LGA/MapServer
2021	27260	Wyndham	2	https://geo.abs.gov.au/arcgis/rest/services/ASGS2021/LGA/MapServer
2021	27350	Yarra	2	https://geo.abs.gov.au/arcgis/rest/services/ASGS2021/LGA/MapServer
2021	27450	Yarra Ranges	2	https://geo.abs.gov.au/arcgis/rest/services/ASGS2021/LGA/MapServer
2021	27630	Yarriambiack	2	https://geo.abs.gov.au/arcgis/rest/services/ASGS2021/LGA/MapServer
2021	29399	Unincorporated Vic	2	https://geo.abs.gov.au/arcgis/rest/services/ASGS2021/LGA/MapServer
2021	29499	No usual address (Vic.)	2	https://geo.abs.gov.au/arcgis/rest/services/ASGS2021/LGA/MapServer
2021	29799	Migratory - Offshore - Shipping (Vic.)	2	https://geo.abs.gov.au/arcgis/rest/services/ASGS2021/LGA/MapServer
2021	30250	Aurukun	3	https://geo.abs.gov.au/arcgis/rest/services/ASGS2021/LGA/MapServer
2021	30300	Balonne	3	https://geo.abs.gov.au/arcgis/rest/services/ASGS2021/LGA/MapServer
2021	30370	Banana	3	https://geo.abs.gov.au/arcgis/rest/services/ASGS2021/LGA/MapServer
2021	30410	Barcaldine	3	https://geo.abs.gov.au/arcgis/rest/services/ASGS2021/LGA/MapServer
2021	30450	Barcoo	3	https://geo.abs.gov.au/arcgis/rest/services/ASGS2021/LGA/MapServer
2021	30760	Blackall Tambo	3	https://geo.abs.gov.au/arcgis/rest/services/ASGS2021/LGA/MapServer
2021	30900	Boulia	3	https://geo.abs.gov.au/arcgis/rest/services/ASGS2021/LGA/MapServer
2021	31000	Brisbane	3	https://geo.abs.gov.au/arcgis/rest/services/ASGS2021/LGA/MapServer
2021	31750	Bulloo	3	https://geo.abs.gov.au/arcgis/rest/services/ASGS2021/LGA/MapServer
2021	31820	Bundaberg	3	https://geo.abs.gov.au/arcgis/rest/services/ASGS2021/LGA/MapServer
2021	31900	Burdekin	3	https://geo.abs.gov.au/arcgis/rest/services/ASGS2021/LGA/MapServer
2021	31950	Burke	3	https://geo.abs.gov.au/arcgis/rest/services/ASGS2021/LGA/MapServer
2021	32080	Cairns	3	https://geo.abs.gov.au/arcgis/rest/services/ASGS2021/LGA/MapServer
2021	32250	Carpentaria	3	https://geo.abs.gov.au/arcgis/rest/services/ASGS2021/LGA/MapServer
2021	32260	Cassowary Coast	3	https://geo.abs.gov.au/arcgis/rest/services/ASGS2021/LGA/MapServer
2021	32270	Central Highlands (Qld)	3	https://geo.abs.gov.au/arcgis/rest/services/ASGS2021/LGA/MapServer
2021	32310	Charters Towers	3	https://geo.abs.gov.au/arcgis/rest/services/ASGS2021/LGA/MapServer
2021	32330	Cherbourg	3	https://geo.abs.gov.au/arcgis/rest/services/ASGS2021/LGA/MapServer
2021	32450	Cloncurry	3	https://geo.abs.gov.au/arcgis/rest/services/ASGS2021/LGA/MapServer
2021	32500	Cook	3	https://geo.abs.gov.au/arcgis/rest/services/ASGS2021/LGA/MapServer
2021	32600	Croydon	3	https://geo.abs.gov.au/arcgis/rest/services/ASGS2021/LGA/MapServer
2021	32750	Diamantina	3	https://geo.abs.gov.au/arcgis/rest/services/ASGS2021/LGA/MapServer
2021	32770	Doomadgee	3	https://geo.abs.gov.au/arcgis/rest/services/ASGS2021/LGA/MapServer
2021	32810	Douglas	3	https://geo.abs.gov.au/arcgis/rest/services/ASGS2021/LGA/MapServer
2021	33100	Etheridge	3	https://geo.abs.gov.au/arcgis/rest/services/ASGS2021/LGA/MapServer
2021	33200	Flinders (Qld)	3	https://geo.abs.gov.au/arcgis/rest/services/ASGS2021/LGA/MapServer
2021	33220	Fraser Coast	3	https://geo.abs.gov.au/arcgis/rest/services/ASGS2021/LGA/MapServer
2021	33360	Gladstone	3	https://geo.abs.gov.au/arcgis/rest/services/ASGS2021/LGA/MapServer
2021	33430	Gold Coast	3	https://geo.abs.gov.au/arcgis/rest/services/ASGS2021/LGA/MapServer
2021	33610	Goondiwindi	3	https://geo.abs.gov.au/arcgis/rest/services/ASGS2021/LGA/MapServer
2021	33620	Gympie	3	https://geo.abs.gov.au/arcgis/rest/services/ASGS2021/LGA/MapServer
2021	33800	Hinchinbrook	3	https://geo.abs.gov.au/arcgis/rest/services/ASGS2021/LGA/MapServer
2021	33830	Hope Vale	3	https://geo.abs.gov.au/arcgis/rest/services/ASGS2021/LGA/MapServer
2021	33960	Ipswich	3	https://geo.abs.gov.au/arcgis/rest/services/ASGS2021/LGA/MapServer
2021	33980	Isaac	3	https://geo.abs.gov.au/arcgis/rest/services/ASGS2021/LGA/MapServer
2021	34420	Kowanyama	3	https://geo.abs.gov.au/arcgis/rest/services/ASGS2021/LGA/MapServer
2021	34530	Livingstone	3	https://geo.abs.gov.au/arcgis/rest/services/ASGS2021/LGA/MapServer
2021	34570	Lockhart River	3	https://geo.abs.gov.au/arcgis/rest/services/ASGS2021/LGA/MapServer
2021	34580	Lockyer Valley	3	https://geo.abs.gov.au/arcgis/rest/services/ASGS2021/LGA/MapServer
2021	34590	Logan	3	https://geo.abs.gov.au/arcgis/rest/services/ASGS2021/LGA/MapServer
2021	34710	Longreach	3	https://geo.abs.gov.au/arcgis/rest/services/ASGS2021/LGA/MapServer
2021	34770	Mackay	3	https://geo.abs.gov.au/arcgis/rest/services/ASGS2021/LGA/MapServer
2021	34800	McKinlay	3	https://geo.abs.gov.au/arcgis/rest/services/ASGS2021/LGA/MapServer
2021	34830	Mapoon	3	https://geo.abs.gov.au/arcgis/rest/services/ASGS2021/LGA/MapServer
2021	34860	Maranoa	3	https://geo.abs.gov.au/arcgis/rest/services/ASGS2021/LGA/MapServer
2021	34880	Mareeba	3	https://geo.abs.gov.au/arcgis/rest/services/ASGS2021/LGA/MapServer
2021	35010	Moreton Bay	3	https://geo.abs.gov.au/arcgis/rest/services/ASGS2021/LGA/MapServer
2021	35250	Mornington	3	https://geo.abs.gov.au/arcgis/rest/services/ASGS2021/LGA/MapServer
2021	35300	Mount Isa	3	https://geo.abs.gov.au/arcgis/rest/services/ASGS2021/LGA/MapServer
2021	35600	Murweh	3	https://geo.abs.gov.au/arcgis/rest/services/ASGS2021/LGA/MapServer
2021	35670	Napranum	3	https://geo.abs.gov.au/arcgis/rest/services/ASGS2021/LGA/MapServer
2021	35740	Noosa	3	https://geo.abs.gov.au/arcgis/rest/services/ASGS2021/LGA/MapServer
2021	35760	North Burnett	3	https://geo.abs.gov.au/arcgis/rest/services/ASGS2021/LGA/MapServer
2021	35780	Northern Peninsula Area	3	https://geo.abs.gov.au/arcgis/rest/services/ASGS2021/LGA/MapServer
2021	35790	Palm Island	3	https://geo.abs.gov.au/arcgis/rest/services/ASGS2021/LGA/MapServer
2021	35800	Paroo	3	https://geo.abs.gov.au/arcgis/rest/services/ASGS2021/LGA/MapServer
2021	36070	Pormpuraaw	3	https://geo.abs.gov.au/arcgis/rest/services/ASGS2021/LGA/MapServer
2021	36150	Quilpie	3	https://geo.abs.gov.au/arcgis/rest/services/ASGS2021/LGA/MapServer
2021	36250	Redland	3	https://geo.abs.gov.au/arcgis/rest/services/ASGS2021/LGA/MapServer
2021	36300	Richmond	3	https://geo.abs.gov.au/arcgis/rest/services/ASGS2021/LGA/MapServer
2021	36370	Rockhampton	3	https://geo.abs.gov.au/arcgis/rest/services/ASGS2021/LGA/MapServer
2021	36510	Scenic Rim	3	https://geo.abs.gov.au/arcgis/rest/services/ASGS2021/LGA/MapServer
2021	36580	Somerset	3	https://geo.abs.gov.au/arcgis/rest/services/ASGS2021/LGA/MapServer
2021	36630	South Burnett	3	https://geo.abs.gov.au/arcgis/rest/services/ASGS2021/LGA/MapServer
2021	36660	Southern Downs	3	https://geo.abs.gov.au/arcgis/rest/services/ASGS2021/LGA/MapServer
2021	36720	Sunshine Coast	3	https://geo.abs.gov.au/arcgis/rest/services/ASGS2021/LGA/MapServer
2021	36820	Tablelands	3	https://geo.abs.gov.au/arcgis/rest/services/ASGS2021/LGA/MapServer
2021	36910	Toowoomba	3	https://geo.abs.gov.au/arcgis/rest/services/ASGS2021/LGA/MapServer
2021	36950	Torres	3	https://geo.abs.gov.au/arcgis/rest/services/ASGS2021/LGA/MapServer
2021	36960	Torres Strait Island	3	https://geo.abs.gov.au/arcgis/rest/services/ASGS2021/LGA/MapServer
2021	37010	Townsville	3	https://geo.abs.gov.au/arcgis/rest/services/ASGS2021/LGA/MapServer
2021	37300	Weipa	3	https://geo.abs.gov.au/arcgis/rest/services/ASGS2021/LGA/MapServer
2021	37310	Western Downs	3	https://geo.abs.gov.au/arcgis/rest/services/ASGS2021/LGA/MapServer
2021	37340	Whitsunday	3	https://geo.abs.gov.au/arcgis/rest/services/ASGS2021/LGA/MapServer
2021	37400	Winton	3	https://geo.abs.gov.au/arcgis/rest/services/ASGS2021/LGA/MapServer
2021	37550	Woorabinda	3	https://geo.abs.gov.au/arcgis/rest/services/ASGS2021/LGA/MapServer
2021	37570	Wujal Wujal	3	https://geo.abs.gov.au/arcgis/rest/services/ASGS2021/LGA/MapServer
2021	37600	Yarrabah	3	https://geo.abs.gov.au/arcgis/rest/services/ASGS2021/LGA/MapServer
2021	39499	No usual address (Qld)	3	https://geo.abs.gov.au/arcgis/rest/services/ASGS2021/LGA/MapServer
2021	39799	Migratory - Offshore - Shipping (Qld)	3	https://geo.abs.gov.au/arcgis/rest/services/ASGS2021/LGA/MapServer
2021	40070	Adelaide	4	https://geo.abs.gov.au/arcgis/rest/services/ASGS2021/LGA/MapServer
2021	40120	Adelaide Hills	4	https://geo.abs.gov.au/arcgis/rest/services/ASGS2021/LGA/MapServer
2021	40150	Adelaide Plains	4	https://geo.abs.gov.au/arcgis/rest/services/ASGS2021/LGA/MapServer
2021	40220	Alexandrina	4	https://geo.abs.gov.au/arcgis/rest/services/ASGS2021/LGA/MapServer
2021	40250	Anangu Pitjantjatjara Yunkunytjatjara	4	https://geo.abs.gov.au/arcgis/rest/services/ASGS2021/LGA/MapServer
2021	40310	Barossa	4	https://geo.abs.gov.au/arcgis/rest/services/ASGS2021/LGA/MapServer
2021	40430	Barunga West	4	https://geo.abs.gov.au/arcgis/rest/services/ASGS2021/LGA/MapServer
2021	40520	Berri Barmera	4	https://geo.abs.gov.au/arcgis/rest/services/ASGS2021/LGA/MapServer
2021	40700	Burnside	4	https://geo.abs.gov.au/arcgis/rest/services/ASGS2021/LGA/MapServer
2021	40910	Campbelltown (SA)	4	https://geo.abs.gov.au/arcgis/rest/services/ASGS2021/LGA/MapServer
2021	41010	Ceduna	4	https://geo.abs.gov.au/arcgis/rest/services/ASGS2021/LGA/MapServer
2021	41060	Charles Sturt	4	https://geo.abs.gov.au/arcgis/rest/services/ASGS2021/LGA/MapServer
2021	41140	Clare and Gilbert Valleys	4	https://geo.abs.gov.au/arcgis/rest/services/ASGS2021/LGA/MapServer
2021	41190	Cleve	4	https://geo.abs.gov.au/arcgis/rest/services/ASGS2021/LGA/MapServer
2021	41330	Coober Pedy	4	https://geo.abs.gov.au/arcgis/rest/services/ASGS2021/LGA/MapServer
2021	41560	Copper Coast	4	https://geo.abs.gov.au/arcgis/rest/services/ASGS2021/LGA/MapServer
2021	41750	Elliston	4	https://geo.abs.gov.au/arcgis/rest/services/ASGS2021/LGA/MapServer
2021	41830	Flinders Ranges	4	https://geo.abs.gov.au/arcgis/rest/services/ASGS2021/LGA/MapServer
2021	41960	Franklin Harbour	4	https://geo.abs.gov.au/arcgis/rest/services/ASGS2021/LGA/MapServer
2021	42030	Gawler	4	https://geo.abs.gov.au/arcgis/rest/services/ASGS2021/LGA/MapServer
2021	42110	Goyder	4	https://geo.abs.gov.au/arcgis/rest/services/ASGS2021/LGA/MapServer
2021	42250	Grant	4	https://geo.abs.gov.au/arcgis/rest/services/ASGS2021/LGA/MapServer
2021	42600	Holdfast Bay	4	https://geo.abs.gov.au/arcgis/rest/services/ASGS2021/LGA/MapServer
2021	42750	Kangaroo Island	4	https://geo.abs.gov.au/arcgis/rest/services/ASGS2021/LGA/MapServer
2021	43080	Karoonda East Murray	4	https://geo.abs.gov.au/arcgis/rest/services/ASGS2021/LGA/MapServer
2021	43220	Kimba	4	https://geo.abs.gov.au/arcgis/rest/services/ASGS2021/LGA/MapServer
2021	43360	Kingston (SA)	4	https://geo.abs.gov.au/arcgis/rest/services/ASGS2021/LGA/MapServer
2021	43650	Light	4	https://geo.abs.gov.au/arcgis/rest/services/ASGS2021/LGA/MapServer
2021	43710	Lower Eyre Peninsula	4	https://geo.abs.gov.au/arcgis/rest/services/ASGS2021/LGA/MapServer
2021	43790	Loxton Waikerie	4	https://geo.abs.gov.au/arcgis/rest/services/ASGS2021/LGA/MapServer
2021	44000	Maralinga Tjarutja	4	https://geo.abs.gov.au/arcgis/rest/services/ASGS2021/LGA/MapServer
2021	44060	Marion	4	https://geo.abs.gov.au/arcgis/rest/services/ASGS2021/LGA/MapServer
2021	44210	Mid Murray	4	https://geo.abs.gov.au/arcgis/rest/services/ASGS2021/LGA/MapServer
2021	44340	Mitcham	4	https://geo.abs.gov.au/arcgis/rest/services/ASGS2021/LGA/MapServer
2021	44550	Mount Barker	4	https://geo.abs.gov.au/arcgis/rest/services/ASGS2021/LGA/MapServer
2021	44620	Mount Gambier	4	https://geo.abs.gov.au/arcgis/rest/services/ASGS2021/LGA/MapServer
2021	44830	Mount Remarkable	4	https://geo.abs.gov.au/arcgis/rest/services/ASGS2021/LGA/MapServer
2021	45040	Murray Bridge	4	https://geo.abs.gov.au/arcgis/rest/services/ASGS2021/LGA/MapServer
2021	45090	Naracoorte Lucindale	4	https://geo.abs.gov.au/arcgis/rest/services/ASGS2021/LGA/MapServer
2021	45120	Northern Areas	4	https://geo.abs.gov.au/arcgis/rest/services/ASGS2021/LGA/MapServer
2021	45290	Norwood Payneham and St Peters	4	https://geo.abs.gov.au/arcgis/rest/services/ASGS2021/LGA/MapServer
2021	45340	Onkaparinga	4	https://geo.abs.gov.au/arcgis/rest/services/ASGS2021/LGA/MapServer
2021	45400	Orroroo Carrieton	4	https://geo.abs.gov.au/arcgis/rest/services/ASGS2021/LGA/MapServer
2021	45540	Peterborough	4	https://geo.abs.gov.au/arcgis/rest/services/ASGS2021/LGA/MapServer
2021	45680	Playford	4	https://geo.abs.gov.au/arcgis/rest/services/ASGS2021/LGA/MapServer
2021	45890	Port Adelaide Enfield	4	https://geo.abs.gov.au/arcgis/rest/services/ASGS2021/LGA/MapServer
2021	46090	Port Augusta	4	https://geo.abs.gov.au/arcgis/rest/services/ASGS2021/LGA/MapServer
2021	46300	Port Lincoln	4	https://geo.abs.gov.au/arcgis/rest/services/ASGS2021/LGA/MapServer
2021	46450	Port Pirie	4	https://geo.abs.gov.au/arcgis/rest/services/ASGS2021/LGA/MapServer
2021	46510	Prospect	4	https://geo.abs.gov.au/arcgis/rest/services/ASGS2021/LGA/MapServer
2021	46670	Renmark Paringa	4	https://geo.abs.gov.au/arcgis/rest/services/ASGS2021/LGA/MapServer
2021	46860	Robe	4	https://geo.abs.gov.au/arcgis/rest/services/ASGS2021/LGA/MapServer
2021	46970	Roxby Downs	4	https://geo.abs.gov.au/arcgis/rest/services/ASGS2021/LGA/MapServer
2021	47140	Salisbury	4	https://geo.abs.gov.au/arcgis/rest/services/ASGS2021/LGA/MapServer
2021	47290	Southern Mallee	4	https://geo.abs.gov.au/arcgis/rest/services/ASGS2021/LGA/MapServer
2021	47490	Streaky Bay	4	https://geo.abs.gov.au/arcgis/rest/services/ASGS2021/LGA/MapServer
2021	47630	Tatiara	4	https://geo.abs.gov.au/arcgis/rest/services/ASGS2021/LGA/MapServer
2021	47700	Tea Tree Gully	4	https://geo.abs.gov.au/arcgis/rest/services/ASGS2021/LGA/MapServer
2021	47800	Coorong	4	https://geo.abs.gov.au/arcgis/rest/services/ASGS2021/LGA/MapServer
2021	47910	Tumby Bay	4	https://geo.abs.gov.au/arcgis/rest/services/ASGS2021/LGA/MapServer
2021	47980	Unley	4	https://geo.abs.gov.au/arcgis/rest/services/ASGS2021/LGA/MapServer
2021	48050	Victor Harbor	4	https://geo.abs.gov.au/arcgis/rest/services/ASGS2021/LGA/MapServer
2021	48130	Wakefield	4	https://geo.abs.gov.au/arcgis/rest/services/ASGS2021/LGA/MapServer
2021	48260	Walkerville	4	https://geo.abs.gov.au/arcgis/rest/services/ASGS2021/LGA/MapServer
2021	48340	Wattle Range	4	https://geo.abs.gov.au/arcgis/rest/services/ASGS2021/LGA/MapServer
2021	48410	West Torrens	4	https://geo.abs.gov.au/arcgis/rest/services/ASGS2021/LGA/MapServer
2021	48540	Whyalla	4	https://geo.abs.gov.au/arcgis/rest/services/ASGS2021/LGA/MapServer
2021	48640	Wudinna	4	https://geo.abs.gov.au/arcgis/rest/services/ASGS2021/LGA/MapServer
2021	48750	Yankalilla	4	https://geo.abs.gov.au/arcgis/rest/services/ASGS2021/LGA/MapServer
2021	48830	Yorke Peninsula	4	https://geo.abs.gov.au/arcgis/rest/services/ASGS2021/LGA/MapServer
2021	49399	Unincorporated SA	4	https://geo.abs.gov.au/arcgis/rest/services/ASGS2021/LGA/MapServer
2021	49499	No usual address (SA)	4	https://geo.abs.gov.au/arcgis/rest/services/ASGS2021/LGA/MapServer
2021	49799	Migratory - Offshore - Shipping (SA)	4	https://geo.abs.gov.au/arcgis/rest/services/ASGS2021/LGA/MapServer
2021	50080	Albany	5	https://geo.abs.gov.au/arcgis/rest/services/ASGS2021/LGA/MapServer
2021	50210	Armadale	5	https://geo.abs.gov.au/arcgis/rest/services/ASGS2021/LGA/MapServer
2021	50250	Ashburton	5	https://geo.abs.gov.au/arcgis/rest/services/ASGS2021/LGA/MapServer
2021	50280	Augusta Margaret River	5	https://geo.abs.gov.au/arcgis/rest/services/ASGS2021/LGA/MapServer
2021	50350	Bassendean	5	https://geo.abs.gov.au/arcgis/rest/services/ASGS2021/LGA/MapServer
2021	50420	Bayswater	5	https://geo.abs.gov.au/arcgis/rest/services/ASGS2021/LGA/MapServer
2021	50490	Belmont	5	https://geo.abs.gov.au/arcgis/rest/services/ASGS2021/LGA/MapServer
2021	50560	Beverley	5	https://geo.abs.gov.au/arcgis/rest/services/ASGS2021/LGA/MapServer
2021	50630	Boddington	5	https://geo.abs.gov.au/arcgis/rest/services/ASGS2021/LGA/MapServer
2021	50770	Boyup Brook	5	https://geo.abs.gov.au/arcgis/rest/services/ASGS2021/LGA/MapServer
2021	50840	Bridgetown-Greenbushes	5	https://geo.abs.gov.au/arcgis/rest/services/ASGS2021/LGA/MapServer
2021	50910	Brookton	5	https://geo.abs.gov.au/arcgis/rest/services/ASGS2021/LGA/MapServer
2021	50980	Broome	5	https://geo.abs.gov.au/arcgis/rest/services/ASGS2021/LGA/MapServer
2021	51080	Broomehill-Tambellup	5	https://geo.abs.gov.au/arcgis/rest/services/ASGS2021/LGA/MapServer
2021	51120	Bruce Rock	5	https://geo.abs.gov.au/arcgis/rest/services/ASGS2021/LGA/MapServer
2021	51190	Bunbury	5	https://geo.abs.gov.au/arcgis/rest/services/ASGS2021/LGA/MapServer
2021	51260	Busselton	5	https://geo.abs.gov.au/arcgis/rest/services/ASGS2021/LGA/MapServer
2021	51310	Cambridge	5	https://geo.abs.gov.au/arcgis/rest/services/ASGS2021/LGA/MapServer
2021	51330	Canning	5	https://geo.abs.gov.au/arcgis/rest/services/ASGS2021/LGA/MapServer
2021	51400	Capel	5	https://geo.abs.gov.au/arcgis/rest/services/ASGS2021/LGA/MapServer
2021	51470	Carnamah	5	https://geo.abs.gov.au/arcgis/rest/services/ASGS2021/LGA/MapServer
2021	51540	Carnarvon	5	https://geo.abs.gov.au/arcgis/rest/services/ASGS2021/LGA/MapServer
2021	51610	Chapman Valley	5	https://geo.abs.gov.au/arcgis/rest/services/ASGS2021/LGA/MapServer
2021	51680	Chittering	5	https://geo.abs.gov.au/arcgis/rest/services/ASGS2021/LGA/MapServer
2021	51710	Christmas Island	5	https://geo.abs.gov.au/arcgis/rest/services/ASGS2021/LGA/MapServer
2021	51750	Claremont	5	https://geo.abs.gov.au/arcgis/rest/services/ASGS2021/LGA/MapServer
2021	51820	Cockburn	5	https://geo.abs.gov.au/arcgis/rest/services/ASGS2021/LGA/MapServer
2021	51860	Cocos Islands	5	https://geo.abs.gov.au/arcgis/rest/services/ASGS2021/LGA/MapServer
2021	51890	Collie	5	https://geo.abs.gov.au/arcgis/rest/services/ASGS2021/LGA/MapServer
2021	51960	Coolgardie	5	https://geo.abs.gov.au/arcgis/rest/services/ASGS2021/LGA/MapServer
2021	52030	Coorow	5	https://geo.abs.gov.au/arcgis/rest/services/ASGS2021/LGA/MapServer
2021	52100	Corrigin	5	https://geo.abs.gov.au/arcgis/rest/services/ASGS2021/LGA/MapServer
2021	52170	Cottesloe 	5	https://geo.abs.gov.au/arcgis/rest/services/ASGS2021/LGA/MapServer
2021	52240	Cranbrook	5	https://geo.abs.gov.au/arcgis/rest/services/ASGS2021/LGA/MapServer
2021	52310	Cuballing	5	https://geo.abs.gov.au/arcgis/rest/services/ASGS2021/LGA/MapServer
2021	52380	Cue	5	https://geo.abs.gov.au/arcgis/rest/services/ASGS2021/LGA/MapServer
2021	52450	Cunderdin	5	https://geo.abs.gov.au/arcgis/rest/services/ASGS2021/LGA/MapServer
2021	52520	Dalwallinu	5	https://geo.abs.gov.au/arcgis/rest/services/ASGS2021/LGA/MapServer
2021	52590	Dandaragan	5	https://geo.abs.gov.au/arcgis/rest/services/ASGS2021/LGA/MapServer
2021	52660	Dardanup	5	https://geo.abs.gov.au/arcgis/rest/services/ASGS2021/LGA/MapServer
2021	52730	Denmark	5	https://geo.abs.gov.au/arcgis/rest/services/ASGS2021/LGA/MapServer
2021	52800	Derby-West Kimberley	5	https://geo.abs.gov.au/arcgis/rest/services/ASGS2021/LGA/MapServer
2021	52870	Donnybrook-Balingup	5	https://geo.abs.gov.au/arcgis/rest/services/ASGS2021/LGA/MapServer
2021	52940	Dowerin	5	https://geo.abs.gov.au/arcgis/rest/services/ASGS2021/LGA/MapServer
2021	53010	Dumbleyung	5	https://geo.abs.gov.au/arcgis/rest/services/ASGS2021/LGA/MapServer
2021	53080	Dundas	5	https://geo.abs.gov.au/arcgis/rest/services/ASGS2021/LGA/MapServer
2021	53150	East Fremantle	5	https://geo.abs.gov.au/arcgis/rest/services/ASGS2021/LGA/MapServer
2021	53220	East Pilbara	5	https://geo.abs.gov.au/arcgis/rest/services/ASGS2021/LGA/MapServer
2021	53290	Esperance	5	https://geo.abs.gov.au/arcgis/rest/services/ASGS2021/LGA/MapServer
2021	53360	Exmouth	5	https://geo.abs.gov.au/arcgis/rest/services/ASGS2021/LGA/MapServer
2021	53430	Fremantle	5	https://geo.abs.gov.au/arcgis/rest/services/ASGS2021/LGA/MapServer
2021	53570	Gingin	5	https://geo.abs.gov.au/arcgis/rest/services/ASGS2021/LGA/MapServer
2021	53640	Gnowangerup	5	https://geo.abs.gov.au/arcgis/rest/services/ASGS2021/LGA/MapServer
2021	53710	Goomalling	5	https://geo.abs.gov.au/arcgis/rest/services/ASGS2021/LGA/MapServer
2021	53780	Gosnells	5	https://geo.abs.gov.au/arcgis/rest/services/ASGS2021/LGA/MapServer
2021	53800	Greater Geraldton	5	https://geo.abs.gov.au/arcgis/rest/services/ASGS2021/LGA/MapServer
2021	53920	Halls Creek	5	https://geo.abs.gov.au/arcgis/rest/services/ASGS2021/LGA/MapServer
2021	53990	Harvey	5	https://geo.abs.gov.au/arcgis/rest/services/ASGS2021/LGA/MapServer
2021	54060	Irwin	5	https://geo.abs.gov.au/arcgis/rest/services/ASGS2021/LGA/MapServer
2021	54130	Jerramungup	5	https://geo.abs.gov.au/arcgis/rest/services/ASGS2021/LGA/MapServer
2021	54170	Joondalup	5	https://geo.abs.gov.au/arcgis/rest/services/ASGS2021/LGA/MapServer
2021	54200	Kalamunda	5	https://geo.abs.gov.au/arcgis/rest/services/ASGS2021/LGA/MapServer
2021	54280	Kalgoorlie-Boulder	5	https://geo.abs.gov.au/arcgis/rest/services/ASGS2021/LGA/MapServer
2021	54310	Karratha	5	https://geo.abs.gov.au/arcgis/rest/services/ASGS2021/LGA/MapServer
2021	54340	Katanning	5	https://geo.abs.gov.au/arcgis/rest/services/ASGS2021/LGA/MapServer
2021	54410	Kellerberrin	5	https://geo.abs.gov.au/arcgis/rest/services/ASGS2021/LGA/MapServer
2021	54480	Kent	5	https://geo.abs.gov.au/arcgis/rest/services/ASGS2021/LGA/MapServer
2021	54550	Kojonup	5	https://geo.abs.gov.au/arcgis/rest/services/ASGS2021/LGA/MapServer
2021	54620	Kondinin	5	https://geo.abs.gov.au/arcgis/rest/services/ASGS2021/LGA/MapServer
2021	54690	Koorda	5	https://geo.abs.gov.au/arcgis/rest/services/ASGS2021/LGA/MapServer
2021	54760	Kulin	5	https://geo.abs.gov.au/arcgis/rest/services/ASGS2021/LGA/MapServer
2021	54830	Kwinana	5	https://geo.abs.gov.au/arcgis/rest/services/ASGS2021/LGA/MapServer
2021	54900	Lake Grace	5	https://geo.abs.gov.au/arcgis/rest/services/ASGS2021/LGA/MapServer
2021	54970	Laverton	5	https://geo.abs.gov.au/arcgis/rest/services/ASGS2021/LGA/MapServer
2021	55040	Leonora	5	https://geo.abs.gov.au/arcgis/rest/services/ASGS2021/LGA/MapServer
2021	55110	Mandurah	5	https://geo.abs.gov.au/arcgis/rest/services/ASGS2021/LGA/MapServer
2021	55180	Manjimup	5	https://geo.abs.gov.au/arcgis/rest/services/ASGS2021/LGA/MapServer
2021	55250	Meekatharra	5	https://geo.abs.gov.au/arcgis/rest/services/ASGS2021/LGA/MapServer
2021	55320	Melville	5	https://geo.abs.gov.au/arcgis/rest/services/ASGS2021/LGA/MapServer
2021	55390	Menzies	5	https://geo.abs.gov.au/arcgis/rest/services/ASGS2021/LGA/MapServer
2021	55460	Merredin	5	https://geo.abs.gov.au/arcgis/rest/services/ASGS2021/LGA/MapServer
2021	55530	Mingenew	5	https://geo.abs.gov.au/arcgis/rest/services/ASGS2021/LGA/MapServer
2021	55600	Moora	5	https://geo.abs.gov.au/arcgis/rest/services/ASGS2021/LGA/MapServer
2021	55670	Morawa	5	https://geo.abs.gov.au/arcgis/rest/services/ASGS2021/LGA/MapServer
2021	55740	Mosman Park	5	https://geo.abs.gov.au/arcgis/rest/services/ASGS2021/LGA/MapServer
2021	55810	Mount Magnet	5	https://geo.abs.gov.au/arcgis/rest/services/ASGS2021/LGA/MapServer
2021	55880	Mount Marshall	5	https://geo.abs.gov.au/arcgis/rest/services/ASGS2021/LGA/MapServer
2021	55950	Mukinbudin	5	https://geo.abs.gov.au/arcgis/rest/services/ASGS2021/LGA/MapServer
2021	56090	Mundaring	5	https://geo.abs.gov.au/arcgis/rest/services/ASGS2021/LGA/MapServer
2021	56160	Murchison	5	https://geo.abs.gov.au/arcgis/rest/services/ASGS2021/LGA/MapServer
2021	56230	Murray	5	https://geo.abs.gov.au/arcgis/rest/services/ASGS2021/LGA/MapServer
2021	56300	Nannup	5	https://geo.abs.gov.au/arcgis/rest/services/ASGS2021/LGA/MapServer
2021	56370	Narembeen	5	https://geo.abs.gov.au/arcgis/rest/services/ASGS2021/LGA/MapServer
2021	56460	Narrogin	5	https://geo.abs.gov.au/arcgis/rest/services/ASGS2021/LGA/MapServer
2021	56580	Nedlands	5	https://geo.abs.gov.au/arcgis/rest/services/ASGS2021/LGA/MapServer
2021	56620	Ngaanyatjarraku	5	https://geo.abs.gov.au/arcgis/rest/services/ASGS2021/LGA/MapServer
2021	56730	Northam	5	https://geo.abs.gov.au/arcgis/rest/services/ASGS2021/LGA/MapServer
2021	56790	Northampton	5	https://geo.abs.gov.au/arcgis/rest/services/ASGS2021/LGA/MapServer
2021	56860	Nungarin	5	https://geo.abs.gov.au/arcgis/rest/services/ASGS2021/LGA/MapServer
2021	56930	Peppermint Grove	5	https://geo.abs.gov.au/arcgis/rest/services/ASGS2021/LGA/MapServer
2021	57000	Perenjori	5	https://geo.abs.gov.au/arcgis/rest/services/ASGS2021/LGA/MapServer
2021	57080	Perth	5	https://geo.abs.gov.au/arcgis/rest/services/ASGS2021/LGA/MapServer
2021	57140	Pingelly	5	https://geo.abs.gov.au/arcgis/rest/services/ASGS2021/LGA/MapServer
2021	57210	Plantagenet	5	https://geo.abs.gov.au/arcgis/rest/services/ASGS2021/LGA/MapServer
2021	57280	Port Hedland	5	https://geo.abs.gov.au/arcgis/rest/services/ASGS2021/LGA/MapServer
2021	57350	Quairading	5	https://geo.abs.gov.au/arcgis/rest/services/ASGS2021/LGA/MapServer
2021	57420	Ravensthorpe	5	https://geo.abs.gov.au/arcgis/rest/services/ASGS2021/LGA/MapServer
2021	57490	Rockingham	5	https://geo.abs.gov.au/arcgis/rest/services/ASGS2021/LGA/MapServer
2021	57630	Sandstone	5	https://geo.abs.gov.au/arcgis/rest/services/ASGS2021/LGA/MapServer
2021	57700	Serpentine-Jarrahdale	5	https://geo.abs.gov.au/arcgis/rest/services/ASGS2021/LGA/MapServer
2021	57770	Shark Bay	5	https://geo.abs.gov.au/arcgis/rest/services/ASGS2021/LGA/MapServer
2021	57840	South Perth	5	https://geo.abs.gov.au/arcgis/rest/services/ASGS2021/LGA/MapServer
2021	57910	Stirling	5	https://geo.abs.gov.au/arcgis/rest/services/ASGS2021/LGA/MapServer
2021	57980	Subiaco	5	https://geo.abs.gov.au/arcgis/rest/services/ASGS2021/LGA/MapServer
2021	58050	Swan	5	https://geo.abs.gov.au/arcgis/rest/services/ASGS2021/LGA/MapServer
2021	58190	Tammin	5	https://geo.abs.gov.au/arcgis/rest/services/ASGS2021/LGA/MapServer
2021	58260	Three Springs	5	https://geo.abs.gov.au/arcgis/rest/services/ASGS2021/LGA/MapServer
2021	58330	Toodyay	5	https://geo.abs.gov.au/arcgis/rest/services/ASGS2021/LGA/MapServer
2021	58400	Trayning	5	https://geo.abs.gov.au/arcgis/rest/services/ASGS2021/LGA/MapServer
2021	58470	Upper Gascoyne	5	https://geo.abs.gov.au/arcgis/rest/services/ASGS2021/LGA/MapServer
2021	58510	Victoria Park	5	https://geo.abs.gov.au/arcgis/rest/services/ASGS2021/LGA/MapServer
2021	58540	Victoria Plains	5	https://geo.abs.gov.au/arcgis/rest/services/ASGS2021/LGA/MapServer
2021	58570	Vincent	5	https://geo.abs.gov.au/arcgis/rest/services/ASGS2021/LGA/MapServer
2021	58610	Wagin	5	https://geo.abs.gov.au/arcgis/rest/services/ASGS2021/LGA/MapServer
2021	58680	Wandering	5	https://geo.abs.gov.au/arcgis/rest/services/ASGS2021/LGA/MapServer
2021	58760	Wanneroo	5	https://geo.abs.gov.au/arcgis/rest/services/ASGS2021/LGA/MapServer
2021	58820	Waroona	5	https://geo.abs.gov.au/arcgis/rest/services/ASGS2021/LGA/MapServer
2021	58890	West Arthur	5	https://geo.abs.gov.au/arcgis/rest/services/ASGS2021/LGA/MapServer
2021	59030	Westonia	5	https://geo.abs.gov.au/arcgis/rest/services/ASGS2021/LGA/MapServer
2021	59100	Wickepin	5	https://geo.abs.gov.au/arcgis/rest/services/ASGS2021/LGA/MapServer
2021	59170	Williams	5	https://geo.abs.gov.au/arcgis/rest/services/ASGS2021/LGA/MapServer
2021	59250	Wiluna	5	https://geo.abs.gov.au/arcgis/rest/services/ASGS2021/LGA/MapServer
2021	59310	Wongan-Ballidu	5	https://geo.abs.gov.au/arcgis/rest/services/ASGS2021/LGA/MapServer
2021	59320	Woodanilling	5	https://geo.abs.gov.au/arcgis/rest/services/ASGS2021/LGA/MapServer
2021	59330	Wyalkatchem	5	https://geo.abs.gov.au/arcgis/rest/services/ASGS2021/LGA/MapServer
2021	59340	Wyndham-East Kimberley	5	https://geo.abs.gov.au/arcgis/rest/services/ASGS2021/LGA/MapServer
2021	59350	Yalgoo	5	https://geo.abs.gov.au/arcgis/rest/services/ASGS2021/LGA/MapServer
2021	59360	Yilgarn	5	https://geo.abs.gov.au/arcgis/rest/services/ASGS2021/LGA/MapServer
2021	59370	York	5	https://geo.abs.gov.au/arcgis/rest/services/ASGS2021/LGA/MapServer
2021	59499	No usual address (WA)	5	https://geo.abs.gov.au/arcgis/rest/services/ASGS2021/LGA/MapServer
2021	59799	Migratory - Offshore - Shipping (WA)	5	https://geo.abs.gov.au/arcgis/rest/services/ASGS2021/LGA/MapServer
2021	60210	Break O'Day	6	https://geo.abs.gov.au/arcgis/rest/services/ASGS2021/LGA/MapServer
2021	60410	Brighton	6	https://geo.abs.gov.au/arcgis/rest/services/ASGS2021/LGA/MapServer
2021	60610	Burnie	6	https://geo.abs.gov.au/arcgis/rest/services/ASGS2021/LGA/MapServer
2021	60810	Central Coast (Tas.)	6	https://geo.abs.gov.au/arcgis/rest/services/ASGS2021/LGA/MapServer
2021	61010	Central Highlands (Tas.)	6	https://geo.abs.gov.au/arcgis/rest/services/ASGS2021/LGA/MapServer
2021	61210	Circular Head	6	https://geo.abs.gov.au/arcgis/rest/services/ASGS2021/LGA/MapServer
2021	61410	Clarence	6	https://geo.abs.gov.au/arcgis/rest/services/ASGS2021/LGA/MapServer
2021	61510	Derwent Valley	6	https://geo.abs.gov.au/arcgis/rest/services/ASGS2021/LGA/MapServer
2021	61610	Devonport	6	https://geo.abs.gov.au/arcgis/rest/services/ASGS2021/LGA/MapServer
2021	61810	Dorset	6	https://geo.abs.gov.au/arcgis/rest/services/ASGS2021/LGA/MapServer
2021	62010	Flinders (Tas.)	6	https://geo.abs.gov.au/arcgis/rest/services/ASGS2021/LGA/MapServer
2021	62210	George Town	6	https://geo.abs.gov.au/arcgis/rest/services/ASGS2021/LGA/MapServer
2021	62410	Glamorgan-Spring Bay	6	https://geo.abs.gov.au/arcgis/rest/services/ASGS2021/LGA/MapServer
2021	62610	Glenorchy	6	https://geo.abs.gov.au/arcgis/rest/services/ASGS2021/LGA/MapServer
2021	62810	Hobart	6	https://geo.abs.gov.au/arcgis/rest/services/ASGS2021/LGA/MapServer
2021	63010	Huon Valley	6	https://geo.abs.gov.au/arcgis/rest/services/ASGS2021/LGA/MapServer
2021	63210	Kentish	6	https://geo.abs.gov.au/arcgis/rest/services/ASGS2021/LGA/MapServer
2021	63410	King Island	6	https://geo.abs.gov.au/arcgis/rest/services/ASGS2021/LGA/MapServer
2021	63610	Kingborough	6	https://geo.abs.gov.au/arcgis/rest/services/ASGS2021/LGA/MapServer
2021	63810	Latrobe (Tas.)	6	https://geo.abs.gov.au/arcgis/rest/services/ASGS2021/LGA/MapServer
2021	64010	Launceston	6	https://geo.abs.gov.au/arcgis/rest/services/ASGS2021/LGA/MapServer
2021	64210	Meander Valley	6	https://geo.abs.gov.au/arcgis/rest/services/ASGS2021/LGA/MapServer
2021	64610	Northern Midlands	6	https://geo.abs.gov.au/arcgis/rest/services/ASGS2021/LGA/MapServer
2021	64810	Sorell	6	https://geo.abs.gov.au/arcgis/rest/services/ASGS2021/LGA/MapServer
2021	65010	Southern Midlands	6	https://geo.abs.gov.au/arcgis/rest/services/ASGS2021/LGA/MapServer
2021	65210	Tasman	6	https://geo.abs.gov.au/arcgis/rest/services/ASGS2021/LGA/MapServer
2021	65410	Waratah-Wynyard	6	https://geo.abs.gov.au/arcgis/rest/services/ASGS2021/LGA/MapServer
2021	65610	West Coast	6	https://geo.abs.gov.au/arcgis/rest/services/ASGS2021/LGA/MapServer
2021	65810	West Tamar	6	https://geo.abs.gov.au/arcgis/rest/services/ASGS2021/LGA/MapServer
2021	69499	No usual address (Tas.)	6	https://geo.abs.gov.au/arcgis/rest/services/ASGS2021/LGA/MapServer
2021	69799	Migratory - Offshore - Shipping (Tas.)	6	https://geo.abs.gov.au/arcgis/rest/services/ASGS2021/LGA/MapServer
2021	70200	Alice Springs	7	https://geo.abs.gov.au/arcgis/rest/services/ASGS2021/LGA/MapServer
2021	70420	Barkly	7	https://geo.abs.gov.au/arcgis/rest/services/ASGS2021/LGA/MapServer
2021	70540	Belyuen	7	https://geo.abs.gov.au/arcgis/rest/services/ASGS2021/LGA/MapServer
2021	70620	Central Desert	7	https://geo.abs.gov.au/arcgis/rest/services/ASGS2021/LGA/MapServer
2021	70700	Coomalie 	7	https://geo.abs.gov.au/arcgis/rest/services/ASGS2021/LGA/MapServer
2021	71000	Darwin	7	https://geo.abs.gov.au/arcgis/rest/services/ASGS2021/LGA/MapServer
2021	71150	Darwin Waterfront Precinct	7	https://geo.abs.gov.au/arcgis/rest/services/ASGS2021/LGA/MapServer
2021	71300	East Arnhem	7	https://geo.abs.gov.au/arcgis/rest/services/ASGS2021/LGA/MapServer
2021	72200	Katherine	7	https://geo.abs.gov.au/arcgis/rest/services/ASGS2021/LGA/MapServer
2021	72300	Litchfield	7	https://geo.abs.gov.au/arcgis/rest/services/ASGS2021/LGA/MapServer
2021	72330	MacDonnell	7	https://geo.abs.gov.au/arcgis/rest/services/ASGS2021/LGA/MapServer
2021	72800	Palmerston	7	https://geo.abs.gov.au/arcgis/rest/services/ASGS2021/LGA/MapServer
2021	73600	Roper Gulf	7	https://geo.abs.gov.au/arcgis/rest/services/ASGS2021/LGA/MapServer
2021	74050	Tiwi Islands	7	https://geo.abs.gov.au/arcgis/rest/services/ASGS2021/LGA/MapServer
2021	74550	Victoria Daly	7	https://geo.abs.gov.au/arcgis/rest/services/ASGS2021/LGA/MapServer
2021	74560	Wagait	7	https://geo.abs.gov.au/arcgis/rest/services/ASGS2021/LGA/MapServer
2021	74660	West Arnhem	7	https://geo.abs.gov.au/arcgis/rest/services/ASGS2021/LGA/MapServer
2021	74680	West Daly	7	https://geo.abs.gov.au/arcgis/rest/services/ASGS2021/LGA/MapServer
2021	79399	Unincorporated NT	7	https://geo.abs.gov.au/arcgis/rest/services/ASGS2021/LGA/MapServer
2021	79499	No usual address (NT)	7	https://geo.abs.gov.au/arcgis/rest/services/ASGS2021/LGA/MapServer
2021	79799	Migratory - Offshore - Shipping (NT)	7	https://geo.abs.gov.au/arcgis/rest/services/ASGS2021/LGA/MapServer
2021	89399	Unincorporated ACT	8	https://geo.abs.gov.au/arcgis/rest/services/ASGS2021/LGA/MapServer
2021	89499	No usual address (ACT)	8	https://geo.abs.gov.au/arcgis/rest/services/ASGS2021/LGA/MapServer
2021	89799	Migratory - Offshore - Shipping (ACT)	8	https://geo.abs.gov.au/arcgis/rest/services/ASGS2021/LGA/MapServer
2021	99399	Unincorp. Other Territories	9	https://geo.abs.gov.au/arcgis/rest/services/ASGS2021/LGA/MapServer
2021	99499	No usual address (OT)	9	https://geo.abs.gov.au/arcgis/rest/services/ASGS2021/LGA/MapServer
2021	99799	Migratory - Offshore - Shipping (OT)	9	https://geo.abs.gov.au/arcgis/rest/services/ASGS2021/LGA/MapServer
2021	ZZZZZ	Outside Australia	9	https://geo.abs.gov.au/arcgis/rest/services/ASGS2021/LGA/MapServer
2022	10050	Albury	1	https://geo.abs.gov.au/arcgis/rest/services/ASGS2022/LGA/MapServer
2022	10180	Armidale	1	https://geo.abs.gov.au/arcgis/rest/services/ASGS2022/LGA/MapServer
2022	10250	Ballina	1	https://geo.abs.gov.au/arcgis/rest/services/ASGS2022/LGA/MapServer
2022	10300	Balranald	1	https://geo.abs.gov.au/arcgis/rest/services/ASGS2022/LGA/MapServer
2022	10470	Bathurst	1	https://geo.abs.gov.au/arcgis/rest/services/ASGS2022/LGA/MapServer
2022	10500	Bayside (NSW)	1	https://geo.abs.gov.au/arcgis/rest/services/ASGS2022/LGA/MapServer
2022	10550	Bega Valley	1	https://geo.abs.gov.au/arcgis/rest/services/ASGS2022/LGA/MapServer
2022	10600	Bellingen	1	https://geo.abs.gov.au/arcgis/rest/services/ASGS2022/LGA/MapServer
2022	10650	Berrigan	1	https://geo.abs.gov.au/arcgis/rest/services/ASGS2022/LGA/MapServer
2022	10750	Blacktown	1	https://geo.abs.gov.au/arcgis/rest/services/ASGS2022/LGA/MapServer
2022	10800	Bland	1	https://geo.abs.gov.au/arcgis/rest/services/ASGS2022/LGA/MapServer
2022	10850	Blayney	1	https://geo.abs.gov.au/arcgis/rest/services/ASGS2022/LGA/MapServer
2022	10900	Blue Mountains	1	https://geo.abs.gov.au/arcgis/rest/services/ASGS2022/LGA/MapServer
2022	10950	Bogan	1	https://geo.abs.gov.au/arcgis/rest/services/ASGS2022/LGA/MapServer
2022	11150	Bourke	1	https://geo.abs.gov.au/arcgis/rest/services/ASGS2022/LGA/MapServer
2022	11200	Brewarrina	1	https://geo.abs.gov.au/arcgis/rest/services/ASGS2022/LGA/MapServer
2022	11250	Broken Hill	1	https://geo.abs.gov.au/arcgis/rest/services/ASGS2022/LGA/MapServer
2022	11300	Burwood	1	https://geo.abs.gov.au/arcgis/rest/services/ASGS2022/LGA/MapServer
2022	11350	Byron	1	https://geo.abs.gov.au/arcgis/rest/services/ASGS2022/LGA/MapServer
2022	11400	Cabonne	1	https://geo.abs.gov.au/arcgis/rest/services/ASGS2022/LGA/MapServer
2022	11450	Camden	1	https://geo.abs.gov.au/arcgis/rest/services/ASGS2022/LGA/MapServer
2022	11500	Campbelltown (NSW)	1	https://geo.abs.gov.au/arcgis/rest/services/ASGS2022/LGA/MapServer
2022	11520	Canada Bay	1	https://geo.abs.gov.au/arcgis/rest/services/ASGS2022/LGA/MapServer
2022	11570	Canterbury-Bankstown	1	https://geo.abs.gov.au/arcgis/rest/services/ASGS2022/LGA/MapServer
2022	11600	Carrathool	1	https://geo.abs.gov.au/arcgis/rest/services/ASGS2022/LGA/MapServer
2022	11650	Central Coast (NSW)	1	https://geo.abs.gov.au/arcgis/rest/services/ASGS2022/LGA/MapServer
2022	11700	Central Darling	1	https://geo.abs.gov.au/arcgis/rest/services/ASGS2022/LGA/MapServer
2022	11720	Cessnock	1	https://geo.abs.gov.au/arcgis/rest/services/ASGS2022/LGA/MapServer
2022	11730	Clarence Valley	1	https://geo.abs.gov.au/arcgis/rest/services/ASGS2022/LGA/MapServer
2022	11750	Cobar	1	https://geo.abs.gov.au/arcgis/rest/services/ASGS2022/LGA/MapServer
2022	11800	Coffs Harbour	1	https://geo.abs.gov.au/arcgis/rest/services/ASGS2022/LGA/MapServer
2022	12000	Coolamon	1	https://geo.abs.gov.au/arcgis/rest/services/ASGS2022/LGA/MapServer
2022	12150	Coonamble	1	https://geo.abs.gov.au/arcgis/rest/services/ASGS2022/LGA/MapServer
2022	12160	Cootamundra-Gundagai	1	https://geo.abs.gov.au/arcgis/rest/services/ASGS2022/LGA/MapServer
2022	12350	Cowra	1	https://geo.abs.gov.au/arcgis/rest/services/ASGS2022/LGA/MapServer
2022	12380	Cumberland	1	https://geo.abs.gov.au/arcgis/rest/services/ASGS2022/LGA/MapServer
2022	12390	Dubbo	1	https://geo.abs.gov.au/arcgis/rest/services/ASGS2022/LGA/MapServer
2022	12700	Dungog	1	https://geo.abs.gov.au/arcgis/rest/services/ASGS2022/LGA/MapServer
2022	12730	Edward River	1	https://geo.abs.gov.au/arcgis/rest/services/ASGS2022/LGA/MapServer
2022	12750	Eurobodalla	1	https://geo.abs.gov.au/arcgis/rest/services/ASGS2022/LGA/MapServer
2022	12850	Fairfield	1	https://geo.abs.gov.au/arcgis/rest/services/ASGS2022/LGA/MapServer
2022	12870	Federation	1	https://geo.abs.gov.au/arcgis/rest/services/ASGS2022/LGA/MapServer
2022	12900	Forbes	1	https://geo.abs.gov.au/arcgis/rest/services/ASGS2022/LGA/MapServer
2022	12930	Georges River	1	https://geo.abs.gov.au/arcgis/rest/services/ASGS2022/LGA/MapServer
2022	12950	Gilgandra	1	https://geo.abs.gov.au/arcgis/rest/services/ASGS2022/LGA/MapServer
2022	13010	Glen Innes Severn	1	https://geo.abs.gov.au/arcgis/rest/services/ASGS2022/LGA/MapServer
2022	13310	Goulburn Mulwaree	1	https://geo.abs.gov.au/arcgis/rest/services/ASGS2022/LGA/MapServer
2022	13340	Greater Hume	1	https://geo.abs.gov.au/arcgis/rest/services/ASGS2022/LGA/MapServer
2022	13450	Griffith	1	https://geo.abs.gov.au/arcgis/rest/services/ASGS2022/LGA/MapServer
2022	13550	Gunnedah	1	https://geo.abs.gov.au/arcgis/rest/services/ASGS2022/LGA/MapServer
2022	13660	Gwydir	1	https://geo.abs.gov.au/arcgis/rest/services/ASGS2022/LGA/MapServer
2022	13800	Hawkesbury	1	https://geo.abs.gov.au/arcgis/rest/services/ASGS2022/LGA/MapServer
2022	13850	Hay	1	https://geo.abs.gov.au/arcgis/rest/services/ASGS2022/LGA/MapServer
2022	13910	Hilltops	1	https://geo.abs.gov.au/arcgis/rest/services/ASGS2022/LGA/MapServer
2022	14000	Hornsby	1	https://geo.abs.gov.au/arcgis/rest/services/ASGS2022/LGA/MapServer
2022	14100	Hunters Hill	1	https://geo.abs.gov.au/arcgis/rest/services/ASGS2022/LGA/MapServer
2022	14170	Inner West	1	https://geo.abs.gov.au/arcgis/rest/services/ASGS2022/LGA/MapServer
2022	14220	Inverell	1	https://geo.abs.gov.au/arcgis/rest/services/ASGS2022/LGA/MapServer
2022	14300	Junee	1	https://geo.abs.gov.au/arcgis/rest/services/ASGS2022/LGA/MapServer
2022	14350	Kempsey	1	https://geo.abs.gov.au/arcgis/rest/services/ASGS2022/LGA/MapServer
2022	14400	Kiama	1	https://geo.abs.gov.au/arcgis/rest/services/ASGS2022/LGA/MapServer
2022	14500	Ku-ring-gai	1	https://geo.abs.gov.au/arcgis/rest/services/ASGS2022/LGA/MapServer
2022	14550	Kyogle	1	https://geo.abs.gov.au/arcgis/rest/services/ASGS2022/LGA/MapServer
2022	14600	Lachlan	1	https://geo.abs.gov.au/arcgis/rest/services/ASGS2022/LGA/MapServer
2022	14650	Lake Macquarie	1	https://geo.abs.gov.au/arcgis/rest/services/ASGS2022/LGA/MapServer
2022	14700	Lane Cove	1	https://geo.abs.gov.au/arcgis/rest/services/ASGS2022/LGA/MapServer
2022	14750	Leeton	1	https://geo.abs.gov.au/arcgis/rest/services/ASGS2022/LGA/MapServer
2022	14850	Lismore	1	https://geo.abs.gov.au/arcgis/rest/services/ASGS2022/LGA/MapServer
2022	14870	Lithgow	1	https://geo.abs.gov.au/arcgis/rest/services/ASGS2022/LGA/MapServer
2022	14900	Liverpool	1	https://geo.abs.gov.au/arcgis/rest/services/ASGS2022/LGA/MapServer
2022	14920	Liverpool Plains	1	https://geo.abs.gov.au/arcgis/rest/services/ASGS2022/LGA/MapServer
2022	14950	Lockhart	1	https://geo.abs.gov.au/arcgis/rest/services/ASGS2022/LGA/MapServer
2022	15050	Maitland	1	https://geo.abs.gov.au/arcgis/rest/services/ASGS2022/LGA/MapServer
2022	15240	Mid-Coast	1	https://geo.abs.gov.au/arcgis/rest/services/ASGS2022/LGA/MapServer
2022	15270	Mid-Western	1	https://geo.abs.gov.au/arcgis/rest/services/ASGS2022/LGA/MapServer
2022	15300	Moree Plains	1	https://geo.abs.gov.au/arcgis/rest/services/ASGS2022/LGA/MapServer
2022	15350	Mosman	1	https://geo.abs.gov.au/arcgis/rest/services/ASGS2022/LGA/MapServer
2022	15520	Murray River	1	https://geo.abs.gov.au/arcgis/rest/services/ASGS2022/LGA/MapServer
2022	15560	Murrumbidgee	1	https://geo.abs.gov.au/arcgis/rest/services/ASGS2022/LGA/MapServer
2022	15650	Muswellbrook	1	https://geo.abs.gov.au/arcgis/rest/services/ASGS2022/LGA/MapServer
2022	15700	Nambucca Valley	1	https://geo.abs.gov.au/arcgis/rest/services/ASGS2022/LGA/MapServer
2022	15750	Narrabri	1	https://geo.abs.gov.au/arcgis/rest/services/ASGS2022/LGA/MapServer
2022	15800	Narrandera	1	https://geo.abs.gov.au/arcgis/rest/services/ASGS2022/LGA/MapServer
2022	15850	Narromine	1	https://geo.abs.gov.au/arcgis/rest/services/ASGS2022/LGA/MapServer
2022	15900	Newcastle	1	https://geo.abs.gov.au/arcgis/rest/services/ASGS2022/LGA/MapServer
2022	15950	North Sydney	1	https://geo.abs.gov.au/arcgis/rest/services/ASGS2022/LGA/MapServer
2022	15990	Northern Beaches	1	https://geo.abs.gov.au/arcgis/rest/services/ASGS2022/LGA/MapServer
2022	16100	Oberon	1	https://geo.abs.gov.au/arcgis/rest/services/ASGS2022/LGA/MapServer
2022	16150	Orange	1	https://geo.abs.gov.au/arcgis/rest/services/ASGS2022/LGA/MapServer
2022	16200	Parkes	1	https://geo.abs.gov.au/arcgis/rest/services/ASGS2022/LGA/MapServer
2022	16260	Parramatta	1	https://geo.abs.gov.au/arcgis/rest/services/ASGS2022/LGA/MapServer
2022	16350	Penrith	1	https://geo.abs.gov.au/arcgis/rest/services/ASGS2022/LGA/MapServer
2022	16380	Port Macquarie-Hastings	1	https://geo.abs.gov.au/arcgis/rest/services/ASGS2022/LGA/MapServer
2022	16400	Port Stephens	1	https://geo.abs.gov.au/arcgis/rest/services/ASGS2022/LGA/MapServer
2022	16490	Queanbeyan-Palerang	1	https://geo.abs.gov.au/arcgis/rest/services/ASGS2022/LGA/MapServer
2022	16550	Randwick	1	https://geo.abs.gov.au/arcgis/rest/services/ASGS2022/LGA/MapServer
2022	16610	Richmond Valley	1	https://geo.abs.gov.au/arcgis/rest/services/ASGS2022/LGA/MapServer
2022	16700	Ryde	1	https://geo.abs.gov.au/arcgis/rest/services/ASGS2022/LGA/MapServer
2022	16900	Shellharbour	1	https://geo.abs.gov.au/arcgis/rest/services/ASGS2022/LGA/MapServer
2022	16950	Shoalhaven	1	https://geo.abs.gov.au/arcgis/rest/services/ASGS2022/LGA/MapServer
2022	17000	Singleton	1	https://geo.abs.gov.au/arcgis/rest/services/ASGS2022/LGA/MapServer
2022	17040	Snowy Monaro	1	https://geo.abs.gov.au/arcgis/rest/services/ASGS2022/LGA/MapServer
2022	17080	Snowy Valleys	1	https://geo.abs.gov.au/arcgis/rest/services/ASGS2022/LGA/MapServer
2022	17100	Strathfield	1	https://geo.abs.gov.au/arcgis/rest/services/ASGS2022/LGA/MapServer
2022	17150	Sutherland	1	https://geo.abs.gov.au/arcgis/rest/services/ASGS2022/LGA/MapServer
2022	17200	Sydney	1	https://geo.abs.gov.au/arcgis/rest/services/ASGS2022/LGA/MapServer
2022	17310	Tamworth	1	https://geo.abs.gov.au/arcgis/rest/services/ASGS2022/LGA/MapServer
2022	17350	Temora	1	https://geo.abs.gov.au/arcgis/rest/services/ASGS2022/LGA/MapServer
2022	17400	Tenterfield	1	https://geo.abs.gov.au/arcgis/rest/services/ASGS2022/LGA/MapServer
2022	17420	The Hills	1	https://geo.abs.gov.au/arcgis/rest/services/ASGS2022/LGA/MapServer
2022	17550	Tweed	1	https://geo.abs.gov.au/arcgis/rest/services/ASGS2022/LGA/MapServer
2022	17620	Upper Hunter	1	https://geo.abs.gov.au/arcgis/rest/services/ASGS2022/LGA/MapServer
2022	17640	Upper Lachlan	1	https://geo.abs.gov.au/arcgis/rest/services/ASGS2022/LGA/MapServer
2022	17650	Uralla	1	https://geo.abs.gov.au/arcgis/rest/services/ASGS2022/LGA/MapServer
2022	17750	Wagga Wagga	1	https://geo.abs.gov.au/arcgis/rest/services/ASGS2022/LGA/MapServer
2022	17850	Walcha	1	https://geo.abs.gov.au/arcgis/rest/services/ASGS2022/LGA/MapServer
2022	17900	Walgett	1	https://geo.abs.gov.au/arcgis/rest/services/ASGS2022/LGA/MapServer
2022	17950	Warren	1	https://geo.abs.gov.au/arcgis/rest/services/ASGS2022/LGA/MapServer
2022	18020	Warrumbungle	1	https://geo.abs.gov.au/arcgis/rest/services/ASGS2022/LGA/MapServer
2022	18050	Waverley	1	https://geo.abs.gov.au/arcgis/rest/services/ASGS2022/LGA/MapServer
2022	18100	Weddin	1	https://geo.abs.gov.au/arcgis/rest/services/ASGS2022/LGA/MapServer
2022	18200	Wentworth	1	https://geo.abs.gov.au/arcgis/rest/services/ASGS2022/LGA/MapServer
2022	18250	Willoughby	1	https://geo.abs.gov.au/arcgis/rest/services/ASGS2022/LGA/MapServer
2022	18350	Wingecarribee	1	https://geo.abs.gov.au/arcgis/rest/services/ASGS2022/LGA/MapServer
2022	18400	Wollondilly	1	https://geo.abs.gov.au/arcgis/rest/services/ASGS2022/LGA/MapServer
2022	18450	Wollongong	1	https://geo.abs.gov.au/arcgis/rest/services/ASGS2022/LGA/MapServer
2022	18500	Woollahra	1	https://geo.abs.gov.au/arcgis/rest/services/ASGS2022/LGA/MapServer
2022	18710	Yass Valley	1	https://geo.abs.gov.au/arcgis/rest/services/ASGS2022/LGA/MapServer
2022	19399	Unincorporated NSW	1	https://geo.abs.gov.au/arcgis/rest/services/ASGS2022/LGA/MapServer
2022	19499	No usual address (NSW)	1	https://geo.abs.gov.au/arcgis/rest/services/ASGS2022/LGA/MapServer
2022	19799	Migratory - Offshore - Shipping (NSW)	1	https://geo.abs.gov.au/arcgis/rest/services/ASGS2022/LGA/MapServer
2022	20110	Alpine	2	https://geo.abs.gov.au/arcgis/rest/services/ASGS2022/LGA/MapServer
2022	20260	Ararat	2	https://geo.abs.gov.au/arcgis/rest/services/ASGS2022/LGA/MapServer
2022	20570	Ballarat	2	https://geo.abs.gov.au/arcgis/rest/services/ASGS2022/LGA/MapServer
2022	20660	Banyule	2	https://geo.abs.gov.au/arcgis/rest/services/ASGS2022/LGA/MapServer
2022	20740	Bass Coast	2	https://geo.abs.gov.au/arcgis/rest/services/ASGS2022/LGA/MapServer
2022	20830	Baw Baw	2	https://geo.abs.gov.au/arcgis/rest/services/ASGS2022/LGA/MapServer
2022	20910	Bayside (Vic.)	2	https://geo.abs.gov.au/arcgis/rest/services/ASGS2022/LGA/MapServer
2022	21010	Benalla	2	https://geo.abs.gov.au/arcgis/rest/services/ASGS2022/LGA/MapServer
2022	21110	Boroondara	2	https://geo.abs.gov.au/arcgis/rest/services/ASGS2022/LGA/MapServer
2022	21180	Brimbank	2	https://geo.abs.gov.au/arcgis/rest/services/ASGS2022/LGA/MapServer
2022	21270	Buloke	2	https://geo.abs.gov.au/arcgis/rest/services/ASGS2022/LGA/MapServer
2022	21370	Campaspe	2	https://geo.abs.gov.au/arcgis/rest/services/ASGS2022/LGA/MapServer
2022	21450	Cardinia	2	https://geo.abs.gov.au/arcgis/rest/services/ASGS2022/LGA/MapServer
2022	21610	Casey	2	https://geo.abs.gov.au/arcgis/rest/services/ASGS2022/LGA/MapServer
2022	21670	Central Goldfields	2	https://geo.abs.gov.au/arcgis/rest/services/ASGS2022/LGA/MapServer
2022	21750	Colac Otway	2	https://geo.abs.gov.au/arcgis/rest/services/ASGS2022/LGA/MapServer
2022	21830	Corangamite	2	https://geo.abs.gov.au/arcgis/rest/services/ASGS2022/LGA/MapServer
2022	21890	Darebin	2	https://geo.abs.gov.au/arcgis/rest/services/ASGS2022/LGA/MapServer
2022	22110	East Gippsland	2	https://geo.abs.gov.au/arcgis/rest/services/ASGS2022/LGA/MapServer
2022	22170	Frankston	2	https://geo.abs.gov.au/arcgis/rest/services/ASGS2022/LGA/MapServer
2022	22250	Gannawarra	2	https://geo.abs.gov.au/arcgis/rest/services/ASGS2022/LGA/MapServer
2022	22310	Glen Eira	2	https://geo.abs.gov.au/arcgis/rest/services/ASGS2022/LGA/MapServer
2022	22410	Glenelg	2	https://geo.abs.gov.au/arcgis/rest/services/ASGS2022/LGA/MapServer
2022	22490	Golden Plains	2	https://geo.abs.gov.au/arcgis/rest/services/ASGS2022/LGA/MapServer
2022	22620	Greater Bendigo	2	https://geo.abs.gov.au/arcgis/rest/services/ASGS2022/LGA/MapServer
2022	22670	Greater Dandenong	2	https://geo.abs.gov.au/arcgis/rest/services/ASGS2022/LGA/MapServer
2022	22750	Greater Geelong	2	https://geo.abs.gov.au/arcgis/rest/services/ASGS2022/LGA/MapServer
2022	22830	Greater Shepparton	2	https://geo.abs.gov.au/arcgis/rest/services/ASGS2022/LGA/MapServer
2022	22910	Hepburn	2	https://geo.abs.gov.au/arcgis/rest/services/ASGS2022/LGA/MapServer
2022	22980	Hindmarsh	2	https://geo.abs.gov.au/arcgis/rest/services/ASGS2022/LGA/MapServer
2022	23110	Hobsons Bay	2	https://geo.abs.gov.au/arcgis/rest/services/ASGS2022/LGA/MapServer
2022	23190	Horsham	2	https://geo.abs.gov.au/arcgis/rest/services/ASGS2022/LGA/MapServer
2022	23270	Hume	2	https://geo.abs.gov.au/arcgis/rest/services/ASGS2022/LGA/MapServer
2022	23350	Indigo	2	https://geo.abs.gov.au/arcgis/rest/services/ASGS2022/LGA/MapServer
2022	23430	Kingston (Vic.)	2	https://geo.abs.gov.au/arcgis/rest/services/ASGS2022/LGA/MapServer
2022	23670	Knox	2	https://geo.abs.gov.au/arcgis/rest/services/ASGS2022/LGA/MapServer
2022	23810	Latrobe (Vic.)	2	https://geo.abs.gov.au/arcgis/rest/services/ASGS2022/LGA/MapServer
2022	23940	Loddon	2	https://geo.abs.gov.au/arcgis/rest/services/ASGS2022/LGA/MapServer
2022	24130	Macedon Ranges	2	https://geo.abs.gov.au/arcgis/rest/services/ASGS2022/LGA/MapServer
2022	24210	Manningham	2	https://geo.abs.gov.au/arcgis/rest/services/ASGS2022/LGA/MapServer
2022	24250	Mansfield	2	https://geo.abs.gov.au/arcgis/rest/services/ASGS2022/LGA/MapServer
2022	24330	Maribyrnong	2	https://geo.abs.gov.au/arcgis/rest/services/ASGS2022/LGA/MapServer
2022	24410	Maroondah	2	https://geo.abs.gov.au/arcgis/rest/services/ASGS2022/LGA/MapServer
2022	24600	Melbourne	2	https://geo.abs.gov.au/arcgis/rest/services/ASGS2022/LGA/MapServer
2022	24650	Melton	2	https://geo.abs.gov.au/arcgis/rest/services/ASGS2022/LGA/MapServer
2022	24780	Mildura	2	https://geo.abs.gov.au/arcgis/rest/services/ASGS2022/LGA/MapServer
2022	24850	Mitchell	2	https://geo.abs.gov.au/arcgis/rest/services/ASGS2022/LGA/MapServer
2022	24900	Moira	2	https://geo.abs.gov.au/arcgis/rest/services/ASGS2022/LGA/MapServer
2022	24970	Monash	2	https://geo.abs.gov.au/arcgis/rest/services/ASGS2022/LGA/MapServer
2022	25060	Moonee Valley	2	https://geo.abs.gov.au/arcgis/rest/services/ASGS2022/LGA/MapServer
2022	25150	Moorabool	2	https://geo.abs.gov.au/arcgis/rest/services/ASGS2022/LGA/MapServer
2022	25250	Moreland	2	https://geo.abs.gov.au/arcgis/rest/services/ASGS2022/LGA/MapServer
2022	25340	Mornington Peninsula	2	https://geo.abs.gov.au/arcgis/rest/services/ASGS2022/LGA/MapServer
2022	25430	Mount Alexander	2	https://geo.abs.gov.au/arcgis/rest/services/ASGS2022/LGA/MapServer
2022	25490	Moyne	2	https://geo.abs.gov.au/arcgis/rest/services/ASGS2022/LGA/MapServer
2022	25620	Murrindindi	2	https://geo.abs.gov.au/arcgis/rest/services/ASGS2022/LGA/MapServer
2022	25710	Nillumbik	2	https://geo.abs.gov.au/arcgis/rest/services/ASGS2022/LGA/MapServer
2022	25810	Northern Grampians	2	https://geo.abs.gov.au/arcgis/rest/services/ASGS2022/LGA/MapServer
2022	25900	Port Phillip	2	https://geo.abs.gov.au/arcgis/rest/services/ASGS2022/LGA/MapServer
2022	25990	Pyrenees	2	https://geo.abs.gov.au/arcgis/rest/services/ASGS2022/LGA/MapServer
2022	26080	Queenscliffe	2	https://geo.abs.gov.au/arcgis/rest/services/ASGS2022/LGA/MapServer
2022	26170	South Gippsland	2	https://geo.abs.gov.au/arcgis/rest/services/ASGS2022/LGA/MapServer
2022	26260	Southern Grampians	2	https://geo.abs.gov.au/arcgis/rest/services/ASGS2022/LGA/MapServer
2022	26350	Stonnington	2	https://geo.abs.gov.au/arcgis/rest/services/ASGS2022/LGA/MapServer
2022	26430	Strathbogie	2	https://geo.abs.gov.au/arcgis/rest/services/ASGS2022/LGA/MapServer
2022	26490	Surf Coast	2	https://geo.abs.gov.au/arcgis/rest/services/ASGS2022/LGA/MapServer
2022	26610	Swan Hill	2	https://geo.abs.gov.au/arcgis/rest/services/ASGS2022/LGA/MapServer
2022	26670	Towong	2	https://geo.abs.gov.au/arcgis/rest/services/ASGS2022/LGA/MapServer
2022	26700	Wangaratta	2	https://geo.abs.gov.au/arcgis/rest/services/ASGS2022/LGA/MapServer
2022	26730	Warrnambool	2	https://geo.abs.gov.au/arcgis/rest/services/ASGS2022/LGA/MapServer
2022	26810	Wellington	2	https://geo.abs.gov.au/arcgis/rest/services/ASGS2022/LGA/MapServer
2022	26890	West Wimmera	2	https://geo.abs.gov.au/arcgis/rest/services/ASGS2022/LGA/MapServer
2022	26980	Whitehorse	2	https://geo.abs.gov.au/arcgis/rest/services/ASGS2022/LGA/MapServer
2022	27070	Whittlesea	2	https://geo.abs.gov.au/arcgis/rest/services/ASGS2022/LGA/MapServer
2022	27170	Wodonga	2	https://geo.abs.gov.au/arcgis/rest/services/ASGS2022/LGA/MapServer
2022	27260	Wyndham	2	https://geo.abs.gov.au/arcgis/rest/services/ASGS2022/LGA/MapServer
2022	27350	Yarra	2	https://geo.abs.gov.au/arcgis/rest/services/ASGS2022/LGA/MapServer
2022	27450	Yarra Ranges	2	https://geo.abs.gov.au/arcgis/rest/services/ASGS2022/LGA/MapServer
2022	27630	Yarriambiack	2	https://geo.abs.gov.au/arcgis/rest/services/ASGS2022/LGA/MapServer
2022	29399	Unincorporated Vic	2	https://geo.abs.gov.au/arcgis/rest/services/ASGS2022/LGA/MapServer
2022	29499	No usual address (Vic.)	2	https://geo.abs.gov.au/arcgis/rest/services/ASGS2022/LGA/MapServer
2022	29799	Migratory - Offshore - Shipping (Vic.)	2	https://geo.abs.gov.au/arcgis/rest/services/ASGS2022/LGA/MapServer
2022	30250	Aurukun	3	https://geo.abs.gov.au/arcgis/rest/services/ASGS2022/LGA/MapServer
2022	30300	Balonne	3	https://geo.abs.gov.au/arcgis/rest/services/ASGS2022/LGA/MapServer
2022	30370	Banana	3	https://geo.abs.gov.au/arcgis/rest/services/ASGS2022/LGA/MapServer
2022	30410	Barcaldine	3	https://geo.abs.gov.au/arcgis/rest/services/ASGS2022/LGA/MapServer
2022	30450	Barcoo	3	https://geo.abs.gov.au/arcgis/rest/services/ASGS2022/LGA/MapServer
2022	30760	Blackall Tambo	3	https://geo.abs.gov.au/arcgis/rest/services/ASGS2022/LGA/MapServer
2022	30900	Boulia	3	https://geo.abs.gov.au/arcgis/rest/services/ASGS2022/LGA/MapServer
2022	31000	Brisbane	3	https://geo.abs.gov.au/arcgis/rest/services/ASGS2022/LGA/MapServer
2022	31750	Bulloo	3	https://geo.abs.gov.au/arcgis/rest/services/ASGS2022/LGA/MapServer
2022	31820	Bundaberg	3	https://geo.abs.gov.au/arcgis/rest/services/ASGS2022/LGA/MapServer
2022	31900	Burdekin	3	https://geo.abs.gov.au/arcgis/rest/services/ASGS2022/LGA/MapServer
2022	31950	Burke	3	https://geo.abs.gov.au/arcgis/rest/services/ASGS2022/LGA/MapServer
2022	32080	Cairns	3	https://geo.abs.gov.au/arcgis/rest/services/ASGS2022/LGA/MapServer
2022	32250	Carpentaria	3	https://geo.abs.gov.au/arcgis/rest/services/ASGS2022/LGA/MapServer
2022	32260	Cassowary Coast	3	https://geo.abs.gov.au/arcgis/rest/services/ASGS2022/LGA/MapServer
2022	32270	Central Highlands (Qld)	3	https://geo.abs.gov.au/arcgis/rest/services/ASGS2022/LGA/MapServer
2022	32310	Charters Towers	3	https://geo.abs.gov.au/arcgis/rest/services/ASGS2022/LGA/MapServer
2022	32330	Cherbourg	3	https://geo.abs.gov.au/arcgis/rest/services/ASGS2022/LGA/MapServer
2022	32450	Cloncurry	3	https://geo.abs.gov.au/arcgis/rest/services/ASGS2022/LGA/MapServer
2022	32500	Cook	3	https://geo.abs.gov.au/arcgis/rest/services/ASGS2022/LGA/MapServer
2022	32600	Croydon	3	https://geo.abs.gov.au/arcgis/rest/services/ASGS2022/LGA/MapServer
2022	32750	Diamantina	3	https://geo.abs.gov.au/arcgis/rest/services/ASGS2022/LGA/MapServer
2022	32770	Doomadgee	3	https://geo.abs.gov.au/arcgis/rest/services/ASGS2022/LGA/MapServer
2022	32810	Douglas	3	https://geo.abs.gov.au/arcgis/rest/services/ASGS2022/LGA/MapServer
2022	33100	Etheridge	3	https://geo.abs.gov.au/arcgis/rest/services/ASGS2022/LGA/MapServer
2022	33200	Flinders (Qld)	3	https://geo.abs.gov.au/arcgis/rest/services/ASGS2022/LGA/MapServer
2022	33220	Fraser Coast	3	https://geo.abs.gov.au/arcgis/rest/services/ASGS2022/LGA/MapServer
2022	33360	Gladstone	3	https://geo.abs.gov.au/arcgis/rest/services/ASGS2022/LGA/MapServer
2022	33430	Gold Coast	3	https://geo.abs.gov.au/arcgis/rest/services/ASGS2022/LGA/MapServer
2022	33610	Goondiwindi	3	https://geo.abs.gov.au/arcgis/rest/services/ASGS2022/LGA/MapServer
2022	33620	Gympie	3	https://geo.abs.gov.au/arcgis/rest/services/ASGS2022/LGA/MapServer
2022	33800	Hinchinbrook	3	https://geo.abs.gov.au/arcgis/rest/services/ASGS2022/LGA/MapServer
2022	33830	Hope Vale	3	https://geo.abs.gov.au/arcgis/rest/services/ASGS2022/LGA/MapServer
2022	33960	Ipswich	3	https://geo.abs.gov.au/arcgis/rest/services/ASGS2022/LGA/MapServer
2022	33980	Isaac	3	https://geo.abs.gov.au/arcgis/rest/services/ASGS2022/LGA/MapServer
2022	34420	Kowanyama	3	https://geo.abs.gov.au/arcgis/rest/services/ASGS2022/LGA/MapServer
2022	34530	Livingstone	3	https://geo.abs.gov.au/arcgis/rest/services/ASGS2022/LGA/MapServer
2022	34570	Lockhart River	3	https://geo.abs.gov.au/arcgis/rest/services/ASGS2022/LGA/MapServer
2022	34580	Lockyer Valley	3	https://geo.abs.gov.au/arcgis/rest/services/ASGS2022/LGA/MapServer
2022	34590	Logan	3	https://geo.abs.gov.au/arcgis/rest/services/ASGS2022/LGA/MapServer
2022	34710	Longreach	3	https://geo.abs.gov.au/arcgis/rest/services/ASGS2022/LGA/MapServer
2022	34770	Mackay	3	https://geo.abs.gov.au/arcgis/rest/services/ASGS2022/LGA/MapServer
2022	34800	McKinlay	3	https://geo.abs.gov.au/arcgis/rest/services/ASGS2022/LGA/MapServer
2022	34830	Mapoon	3	https://geo.abs.gov.au/arcgis/rest/services/ASGS2022/LGA/MapServer
2022	34860	Maranoa	3	https://geo.abs.gov.au/arcgis/rest/services/ASGS2022/LGA/MapServer
2022	34880	Mareeba	3	https://geo.abs.gov.au/arcgis/rest/services/ASGS2022/LGA/MapServer
2022	35010	Moreton Bay	3	https://geo.abs.gov.au/arcgis/rest/services/ASGS2022/LGA/MapServer
2022	35250	Mornington	3	https://geo.abs.gov.au/arcgis/rest/services/ASGS2022/LGA/MapServer
2022	35300	Mount Isa	3	https://geo.abs.gov.au/arcgis/rest/services/ASGS2022/LGA/MapServer
2022	35600	Murweh	3	https://geo.abs.gov.au/arcgis/rest/services/ASGS2022/LGA/MapServer
2022	35670	Napranum	3	https://geo.abs.gov.au/arcgis/rest/services/ASGS2022/LGA/MapServer
2022	35740	Noosa	3	https://geo.abs.gov.au/arcgis/rest/services/ASGS2022/LGA/MapServer
2022	35760	North Burnett	3	https://geo.abs.gov.au/arcgis/rest/services/ASGS2022/LGA/MapServer
2022	35780	Northern Peninsula Area	3	https://geo.abs.gov.au/arcgis/rest/services/ASGS2022/LGA/MapServer
2022	35790	Palm Island	3	https://geo.abs.gov.au/arcgis/rest/services/ASGS2022/LGA/MapServer
2022	35800	Paroo	3	https://geo.abs.gov.au/arcgis/rest/services/ASGS2022/LGA/MapServer
2022	36070	Pormpuraaw	3	https://geo.abs.gov.au/arcgis/rest/services/ASGS2022/LGA/MapServer
2022	36150	Quilpie	3	https://geo.abs.gov.au/arcgis/rest/services/ASGS2022/LGA/MapServer
2022	36250	Redland	3	https://geo.abs.gov.au/arcgis/rest/services/ASGS2022/LGA/MapServer
2022	36300	Richmond	3	https://geo.abs.gov.au/arcgis/rest/services/ASGS2022/LGA/MapServer
2022	36370	Rockhampton	3	https://geo.abs.gov.au/arcgis/rest/services/ASGS2022/LGA/MapServer
2022	36510	Scenic Rim	3	https://geo.abs.gov.au/arcgis/rest/services/ASGS2022/LGA/MapServer
2022	36580	Somerset	3	https://geo.abs.gov.au/arcgis/rest/services/ASGS2022/LGA/MapServer
2022	36630	South Burnett	3	https://geo.abs.gov.au/arcgis/rest/services/ASGS2022/LGA/MapServer
2022	36660	Southern Downs	3	https://geo.abs.gov.au/arcgis/rest/services/ASGS2022/LGA/MapServer
2022	36720	Sunshine Coast	3	https://geo.abs.gov.au/arcgis/rest/services/ASGS2022/LGA/MapServer
2022	36820	Tablelands	3	https://geo.abs.gov.au/arcgis/rest/services/ASGS2022/LGA/MapServer
2022	36910	Toowoomba	3	https://geo.abs.gov.au/arcgis/rest/services/ASGS2022/LGA/MapServer
2022	36950	Torres	3	https://geo.abs.gov.au/arcgis/rest/services/ASGS2022/LGA/MapServer
2022	36960	Torres Strait Island	3	https://geo.abs.gov.au/arcgis/rest/services/ASGS2022/LGA/MapServer
2022	37010	Townsville	3	https://geo.abs.gov.au/arcgis/rest/services/ASGS2022/LGA/MapServer
2022	37300	Weipa	3	https://geo.abs.gov.au/arcgis/rest/services/ASGS2022/LGA/MapServer
2022	37310	Western Downs	3	https://geo.abs.gov.au/arcgis/rest/services/ASGS2022/LGA/MapServer
2022	37340	Whitsunday	3	https://geo.abs.gov.au/arcgis/rest/services/ASGS2022/LGA/MapServer
2022	37400	Winton	3	https://geo.abs.gov.au/arcgis/rest/services/ASGS2022/LGA/MapServer
2022	37550	Woorabinda	3	https://geo.abs.gov.au/arcgis/rest/services/ASGS2022/LGA/MapServer
2022	37570	Wujal Wujal	3	https://geo.abs.gov.au/arcgis/rest/services/ASGS2022/LGA/MapServer
2022	37600	Yarrabah	3	https://geo.abs.gov.au/arcgis/rest/services/ASGS2022/LGA/MapServer
2022	39499	No usual address (Qld)	3	https://geo.abs.gov.au/arcgis/rest/services/ASGS2022/LGA/MapServer
2022	39799	Migratory - Offshore - Shipping (Qld)	3	https://geo.abs.gov.au/arcgis/rest/services/ASGS2022/LGA/MapServer
2022	40070	Adelaide	4	https://geo.abs.gov.au/arcgis/rest/services/ASGS2022/LGA/MapServer
2022	40120	Adelaide Hills	4	https://geo.abs.gov.au/arcgis/rest/services/ASGS2022/LGA/MapServer
2022	40150	Adelaide Plains	4	https://geo.abs.gov.au/arcgis/rest/services/ASGS2022/LGA/MapServer
2022	40220	Alexandrina	4	https://geo.abs.gov.au/arcgis/rest/services/ASGS2022/LGA/MapServer
2022	40250	Anangu Pitjantjatjara Yunkunytjatjara	4	https://geo.abs.gov.au/arcgis/rest/services/ASGS2022/LGA/MapServer
2022	40310	Barossa	4	https://geo.abs.gov.au/arcgis/rest/services/ASGS2022/LGA/MapServer
2022	40430	Barunga West	4	https://geo.abs.gov.au/arcgis/rest/services/ASGS2022/LGA/MapServer
2022	40520	Berri Barmera	4	https://geo.abs.gov.au/arcgis/rest/services/ASGS2022/LGA/MapServer
2022	40700	Burnside	4	https://geo.abs.gov.au/arcgis/rest/services/ASGS2022/LGA/MapServer
2022	40910	Campbelltown (SA)	4	https://geo.abs.gov.au/arcgis/rest/services/ASGS2022/LGA/MapServer
2022	41010	Ceduna	4	https://geo.abs.gov.au/arcgis/rest/services/ASGS2022/LGA/MapServer
2022	41060	Charles Sturt	4	https://geo.abs.gov.au/arcgis/rest/services/ASGS2022/LGA/MapServer
2022	41140	Clare and Gilbert Valleys	4	https://geo.abs.gov.au/arcgis/rest/services/ASGS2022/LGA/MapServer
2022	41190	Cleve	4	https://geo.abs.gov.au/arcgis/rest/services/ASGS2022/LGA/MapServer
2022	41330	Coober Pedy	4	https://geo.abs.gov.au/arcgis/rest/services/ASGS2022/LGA/MapServer
2022	41560	Copper Coast	4	https://geo.abs.gov.au/arcgis/rest/services/ASGS2022/LGA/MapServer
2022	41750	Elliston	4	https://geo.abs.gov.au/arcgis/rest/services/ASGS2022/LGA/MapServer
2022	41830	Flinders Ranges	4	https://geo.abs.gov.au/arcgis/rest/services/ASGS2022/LGA/MapServer
2022	41960	Franklin Harbour	4	https://geo.abs.gov.au/arcgis/rest/services/ASGS2022/LGA/MapServer
2022	42030	Gawler	4	https://geo.abs.gov.au/arcgis/rest/services/ASGS2022/LGA/MapServer
2022	42110	Goyder	4	https://geo.abs.gov.au/arcgis/rest/services/ASGS2022/LGA/MapServer
2022	42250	Grant	4	https://geo.abs.gov.au/arcgis/rest/services/ASGS2022/LGA/MapServer
2022	42600	Holdfast Bay	4	https://geo.abs.gov.au/arcgis/rest/services/ASGS2022/LGA/MapServer
2022	42750	Kangaroo Island	4	https://geo.abs.gov.au/arcgis/rest/services/ASGS2022/LGA/MapServer
2022	43080	Karoonda East Murray	4	https://geo.abs.gov.au/arcgis/rest/services/ASGS2022/LGA/MapServer
2022	43220	Kimba	4	https://geo.abs.gov.au/arcgis/rest/services/ASGS2022/LGA/MapServer
2022	43360	Kingston (SA)	4	https://geo.abs.gov.au/arcgis/rest/services/ASGS2022/LGA/MapServer
2022	43650	Light	4	https://geo.abs.gov.au/arcgis/rest/services/ASGS2022/LGA/MapServer
2022	43710	Lower Eyre Peninsula	4	https://geo.abs.gov.au/arcgis/rest/services/ASGS2022/LGA/MapServer
2022	43790	Loxton Waikerie	4	https://geo.abs.gov.au/arcgis/rest/services/ASGS2022/LGA/MapServer
2022	44000	Maralinga Tjarutja	4	https://geo.abs.gov.au/arcgis/rest/services/ASGS2022/LGA/MapServer
2022	44060	Marion	4	https://geo.abs.gov.au/arcgis/rest/services/ASGS2022/LGA/MapServer
2022	44210	Mid Murray	4	https://geo.abs.gov.au/arcgis/rest/services/ASGS2022/LGA/MapServer
2022	44340	Mitcham	4	https://geo.abs.gov.au/arcgis/rest/services/ASGS2022/LGA/MapServer
2022	44550	Mount Barker	4	https://geo.abs.gov.au/arcgis/rest/services/ASGS2022/LGA/MapServer
2022	44620	Mount Gambier	4	https://geo.abs.gov.au/arcgis/rest/services/ASGS2022/LGA/MapServer
2022	44830	Mount Remarkable	4	https://geo.abs.gov.au/arcgis/rest/services/ASGS2022/LGA/MapServer
2022	45040	Murray Bridge	4	https://geo.abs.gov.au/arcgis/rest/services/ASGS2022/LGA/MapServer
2022	45090	Naracoorte Lucindale	4	https://geo.abs.gov.au/arcgis/rest/services/ASGS2022/LGA/MapServer
2022	45120	Northern Areas	4	https://geo.abs.gov.au/arcgis/rest/services/ASGS2022/LGA/MapServer
2022	45290	Norwood Payneham and St Peters	4	https://geo.abs.gov.au/arcgis/rest/services/ASGS2022/LGA/MapServer
2022	45340	Onkaparinga	4	https://geo.abs.gov.au/arcgis/rest/services/ASGS2022/LGA/MapServer
2022	45400	Orroroo Carrieton	4	https://geo.abs.gov.au/arcgis/rest/services/ASGS2022/LGA/MapServer
2022	45540	Peterborough	4	https://geo.abs.gov.au/arcgis/rest/services/ASGS2022/LGA/MapServer
2022	45680	Playford	4	https://geo.abs.gov.au/arcgis/rest/services/ASGS2022/LGA/MapServer
2022	45890	Port Adelaide Enfield	4	https://geo.abs.gov.au/arcgis/rest/services/ASGS2022/LGA/MapServer
2022	46090	Port Augusta	4	https://geo.abs.gov.au/arcgis/rest/services/ASGS2022/LGA/MapServer
2022	46300	Port Lincoln	4	https://geo.abs.gov.au/arcgis/rest/services/ASGS2022/LGA/MapServer
2022	46450	Port Pirie	4	https://geo.abs.gov.au/arcgis/rest/services/ASGS2022/LGA/MapServer
2022	46510	Prospect	4	https://geo.abs.gov.au/arcgis/rest/services/ASGS2022/LGA/MapServer
2022	46670	Renmark Paringa	4	https://geo.abs.gov.au/arcgis/rest/services/ASGS2022/LGA/MapServer
2022	46860	Robe	4	https://geo.abs.gov.au/arcgis/rest/services/ASGS2022/LGA/MapServer
2022	46970	Roxby Downs	4	https://geo.abs.gov.au/arcgis/rest/services/ASGS2022/LGA/MapServer
2022	47140	Salisbury	4	https://geo.abs.gov.au/arcgis/rest/services/ASGS2022/LGA/MapServer
2022	47290	Southern Mallee	4	https://geo.abs.gov.au/arcgis/rest/services/ASGS2022/LGA/MapServer
2022	47490	Streaky Bay	4	https://geo.abs.gov.au/arcgis/rest/services/ASGS2022/LGA/MapServer
2022	47630	Tatiara	4	https://geo.abs.gov.au/arcgis/rest/services/ASGS2022/LGA/MapServer
2022	47700	Tea Tree Gully	4	https://geo.abs.gov.au/arcgis/rest/services/ASGS2022/LGA/MapServer
2022	47800	Coorong	4	https://geo.abs.gov.au/arcgis/rest/services/ASGS2022/LGA/MapServer
2022	47910	Tumby Bay	4	https://geo.abs.gov.au/arcgis/rest/services/ASGS2022/LGA/MapServer
2022	47980	Unley	4	https://geo.abs.gov.au/arcgis/rest/services/ASGS2022/LGA/MapServer
2022	48050	Victor Harbor	4	https://geo.abs.gov.au/arcgis/rest/services/ASGS2022/LGA/MapServer
2022	48130	Wakefield	4	https://geo.abs.gov.au/arcgis/rest/services/ASGS2022/LGA/MapServer
2022	48260	Walkerville	4	https://geo.abs.gov.au/arcgis/rest/services/ASGS2022/LGA/MapServer
2022	48340	Wattle Range	4	https://geo.abs.gov.au/arcgis/rest/services/ASGS2022/LGA/MapServer
2022	48410	West Torrens	4	https://geo.abs.gov.au/arcgis/rest/services/ASGS2022/LGA/MapServer
2022	48540	Whyalla	4	https://geo.abs.gov.au/arcgis/rest/services/ASGS2022/LGA/MapServer
2022	48640	Wudinna	4	https://geo.abs.gov.au/arcgis/rest/services/ASGS2022/LGA/MapServer
2022	48750	Yankalilla	4	https://geo.abs.gov.au/arcgis/rest/services/ASGS2022/LGA/MapServer
2022	48830	Yorke Peninsula	4	https://geo.abs.gov.au/arcgis/rest/services/ASGS2022/LGA/MapServer
2022	49399	Unincorporated SA	4	https://geo.abs.gov.au/arcgis/rest/services/ASGS2022/LGA/MapServer
2022	49499	No usual address (SA)	4	https://geo.abs.gov.au/arcgis/rest/services/ASGS2022/LGA/MapServer
2022	49799	Migratory - Offshore - Shipping (SA)	4	https://geo.abs.gov.au/arcgis/rest/services/ASGS2022/LGA/MapServer
2022	50080	Albany	5	https://geo.abs.gov.au/arcgis/rest/services/ASGS2022/LGA/MapServer
2022	50210	Armadale	5	https://geo.abs.gov.au/arcgis/rest/services/ASGS2022/LGA/MapServer
2022	50250	Ashburton	5	https://geo.abs.gov.au/arcgis/rest/services/ASGS2022/LGA/MapServer
2022	50280	Augusta Margaret River	5	https://geo.abs.gov.au/arcgis/rest/services/ASGS2022/LGA/MapServer
2022	50350	Bassendean	5	https://geo.abs.gov.au/arcgis/rest/services/ASGS2022/LGA/MapServer
2022	50420	Bayswater	5	https://geo.abs.gov.au/arcgis/rest/services/ASGS2022/LGA/MapServer
2022	50490	Belmont	5	https://geo.abs.gov.au/arcgis/rest/services/ASGS2022/LGA/MapServer
2022	50560	Beverley	5	https://geo.abs.gov.au/arcgis/rest/services/ASGS2022/LGA/MapServer
2022	50630	Boddington	5	https://geo.abs.gov.au/arcgis/rest/services/ASGS2022/LGA/MapServer
2022	50770	Boyup Brook	5	https://geo.abs.gov.au/arcgis/rest/services/ASGS2022/LGA/MapServer
2022	50840	Bridgetown-Greenbushes	5	https://geo.abs.gov.au/arcgis/rest/services/ASGS2022/LGA/MapServer
2022	50910	Brookton	5	https://geo.abs.gov.au/arcgis/rest/services/ASGS2022/LGA/MapServer
2022	50980	Broome	5	https://geo.abs.gov.au/arcgis/rest/services/ASGS2022/LGA/MapServer
2022	51080	Broomehill-Tambellup	5	https://geo.abs.gov.au/arcgis/rest/services/ASGS2022/LGA/MapServer
2022	51120	Bruce Rock	5	https://geo.abs.gov.au/arcgis/rest/services/ASGS2022/LGA/MapServer
2022	51190	Bunbury	5	https://geo.abs.gov.au/arcgis/rest/services/ASGS2022/LGA/MapServer
2022	51260	Busselton	5	https://geo.abs.gov.au/arcgis/rest/services/ASGS2022/LGA/MapServer
2022	51310	Cambridge	5	https://geo.abs.gov.au/arcgis/rest/services/ASGS2022/LGA/MapServer
2022	51330	Canning	5	https://geo.abs.gov.au/arcgis/rest/services/ASGS2022/LGA/MapServer
2022	51400	Capel	5	https://geo.abs.gov.au/arcgis/rest/services/ASGS2022/LGA/MapServer
2022	51470	Carnamah	5	https://geo.abs.gov.au/arcgis/rest/services/ASGS2022/LGA/MapServer
2022	51540	Carnarvon	5	https://geo.abs.gov.au/arcgis/rest/services/ASGS2022/LGA/MapServer
2022	51610	Chapman Valley	5	https://geo.abs.gov.au/arcgis/rest/services/ASGS2022/LGA/MapServer
2022	51680	Chittering	5	https://geo.abs.gov.au/arcgis/rest/services/ASGS2022/LGA/MapServer
2022	51710	Christmas Island	5	https://geo.abs.gov.au/arcgis/rest/services/ASGS2022/LGA/MapServer
2022	51750	Claremont	5	https://geo.abs.gov.au/arcgis/rest/services/ASGS2022/LGA/MapServer
2022	51820	Cockburn	5	https://geo.abs.gov.au/arcgis/rest/services/ASGS2022/LGA/MapServer
2022	51860	Cocos Islands	5	https://geo.abs.gov.au/arcgis/rest/services/ASGS2022/LGA/MapServer
2022	51890	Collie	5	https://geo.abs.gov.au/arcgis/rest/services/ASGS2022/LGA/MapServer
2022	51960	Coolgardie	5	https://geo.abs.gov.au/arcgis/rest/services/ASGS2022/LGA/MapServer
2022	52030	Coorow	5	https://geo.abs.gov.au/arcgis/rest/services/ASGS2022/LGA/MapServer
2022	52100	Corrigin	5	https://geo.abs.gov.au/arcgis/rest/services/ASGS2022/LGA/MapServer
2022	52170	Cottesloe 	5	https://geo.abs.gov.au/arcgis/rest/services/ASGS2022/LGA/MapServer
2022	52240	Cranbrook	5	https://geo.abs.gov.au/arcgis/rest/services/ASGS2022/LGA/MapServer
2022	52310	Cuballing	5	https://geo.abs.gov.au/arcgis/rest/services/ASGS2022/LGA/MapServer
2022	52380	Cue	5	https://geo.abs.gov.au/arcgis/rest/services/ASGS2022/LGA/MapServer
2022	52450	Cunderdin	5	https://geo.abs.gov.au/arcgis/rest/services/ASGS2022/LGA/MapServer
2022	52520	Dalwallinu	5	https://geo.abs.gov.au/arcgis/rest/services/ASGS2022/LGA/MapServer
2022	52590	Dandaragan	5	https://geo.abs.gov.au/arcgis/rest/services/ASGS2022/LGA/MapServer
2022	52660	Dardanup	5	https://geo.abs.gov.au/arcgis/rest/services/ASGS2022/LGA/MapServer
2022	52730	Denmark	5	https://geo.abs.gov.au/arcgis/rest/services/ASGS2022/LGA/MapServer
2022	52800	Derby-West Kimberley	5	https://geo.abs.gov.au/arcgis/rest/services/ASGS2022/LGA/MapServer
2022	52870	Donnybrook-Balingup	5	https://geo.abs.gov.au/arcgis/rest/services/ASGS2022/LGA/MapServer
2022	52940	Dowerin	5	https://geo.abs.gov.au/arcgis/rest/services/ASGS2022/LGA/MapServer
2022	53010	Dumbleyung	5	https://geo.abs.gov.au/arcgis/rest/services/ASGS2022/LGA/MapServer
2022	53080	Dundas	5	https://geo.abs.gov.au/arcgis/rest/services/ASGS2022/LGA/MapServer
2022	53150	East Fremantle	5	https://geo.abs.gov.au/arcgis/rest/services/ASGS2022/LGA/MapServer
2022	53220	East Pilbara	5	https://geo.abs.gov.au/arcgis/rest/services/ASGS2022/LGA/MapServer
2022	53290	Esperance	5	https://geo.abs.gov.au/arcgis/rest/services/ASGS2022/LGA/MapServer
2022	53360	Exmouth	5	https://geo.abs.gov.au/arcgis/rest/services/ASGS2022/LGA/MapServer
2022	53430	Fremantle	5	https://geo.abs.gov.au/arcgis/rest/services/ASGS2022/LGA/MapServer
2022	53570	Gingin	5	https://geo.abs.gov.au/arcgis/rest/services/ASGS2022/LGA/MapServer
2022	53640	Gnowangerup	5	https://geo.abs.gov.au/arcgis/rest/services/ASGS2022/LGA/MapServer
2022	53710	Goomalling	5	https://geo.abs.gov.au/arcgis/rest/services/ASGS2022/LGA/MapServer
2022	53780	Gosnells	5	https://geo.abs.gov.au/arcgis/rest/services/ASGS2022/LGA/MapServer
2022	53800	Greater Geraldton	5	https://geo.abs.gov.au/arcgis/rest/services/ASGS2022/LGA/MapServer
2022	53920	Halls Creek	5	https://geo.abs.gov.au/arcgis/rest/services/ASGS2022/LGA/MapServer
2022	53990	Harvey	5	https://geo.abs.gov.au/arcgis/rest/services/ASGS2022/LGA/MapServer
2022	54060	Irwin	5	https://geo.abs.gov.au/arcgis/rest/services/ASGS2022/LGA/MapServer
2022	54130	Jerramungup	5	https://geo.abs.gov.au/arcgis/rest/services/ASGS2022/LGA/MapServer
2022	54170	Joondalup	5	https://geo.abs.gov.au/arcgis/rest/services/ASGS2022/LGA/MapServer
2022	54200	Kalamunda	5	https://geo.abs.gov.au/arcgis/rest/services/ASGS2022/LGA/MapServer
2022	54280	Kalgoorlie-Boulder	5	https://geo.abs.gov.au/arcgis/rest/services/ASGS2022/LGA/MapServer
2022	54310	Karratha	5	https://geo.abs.gov.au/arcgis/rest/services/ASGS2022/LGA/MapServer
2022	54340	Katanning	5	https://geo.abs.gov.au/arcgis/rest/services/ASGS2022/LGA/MapServer
2022	54410	Kellerberrin	5	https://geo.abs.gov.au/arcgis/rest/services/ASGS2022/LGA/MapServer
2022	54480	Kent	5	https://geo.abs.gov.au/arcgis/rest/services/ASGS2022/LGA/MapServer
2022	54550	Kojonup	5	https://geo.abs.gov.au/arcgis/rest/services/ASGS2022/LGA/MapServer
2022	54620	Kondinin	5	https://geo.abs.gov.au/arcgis/rest/services/ASGS2022/LGA/MapServer
2022	54690	Koorda	5	https://geo.abs.gov.au/arcgis/rest/services/ASGS2022/LGA/MapServer
2022	54760	Kulin	5	https://geo.abs.gov.au/arcgis/rest/services/ASGS2022/LGA/MapServer
2022	54830	Kwinana	5	https://geo.abs.gov.au/arcgis/rest/services/ASGS2022/LGA/MapServer
2022	54900	Lake Grace	5	https://geo.abs.gov.au/arcgis/rest/services/ASGS2022/LGA/MapServer
2022	54970	Laverton	5	https://geo.abs.gov.au/arcgis/rest/services/ASGS2022/LGA/MapServer
2022	55040	Leonora	5	https://geo.abs.gov.au/arcgis/rest/services/ASGS2022/LGA/MapServer
2022	55110	Mandurah	5	https://geo.abs.gov.au/arcgis/rest/services/ASGS2022/LGA/MapServer
2022	55180	Manjimup	5	https://geo.abs.gov.au/arcgis/rest/services/ASGS2022/LGA/MapServer
2022	55250	Meekatharra	5	https://geo.abs.gov.au/arcgis/rest/services/ASGS2022/LGA/MapServer
2022	55320	Melville	5	https://geo.abs.gov.au/arcgis/rest/services/ASGS2022/LGA/MapServer
2022	55390	Menzies	5	https://geo.abs.gov.au/arcgis/rest/services/ASGS2022/LGA/MapServer
2022	55460	Merredin	5	https://geo.abs.gov.au/arcgis/rest/services/ASGS2022/LGA/MapServer
2022	55530	Mingenew	5	https://geo.abs.gov.au/arcgis/rest/services/ASGS2022/LGA/MapServer
2022	55600	Moora	5	https://geo.abs.gov.au/arcgis/rest/services/ASGS2022/LGA/MapServer
2022	55670	Morawa	5	https://geo.abs.gov.au/arcgis/rest/services/ASGS2022/LGA/MapServer
2022	55740	Mosman Park	5	https://geo.abs.gov.au/arcgis/rest/services/ASGS2022/LGA/MapServer
2022	55810	Mount Magnet	5	https://geo.abs.gov.au/arcgis/rest/services/ASGS2022/LGA/MapServer
2022	55880	Mount Marshall	5	https://geo.abs.gov.au/arcgis/rest/services/ASGS2022/LGA/MapServer
2022	55950	Mukinbudin	5	https://geo.abs.gov.au/arcgis/rest/services/ASGS2022/LGA/MapServer
2022	56090	Mundaring	5	https://geo.abs.gov.au/arcgis/rest/services/ASGS2022/LGA/MapServer
2022	56160	Murchison	5	https://geo.abs.gov.au/arcgis/rest/services/ASGS2022/LGA/MapServer
2022	56230	Murray	5	https://geo.abs.gov.au/arcgis/rest/services/ASGS2022/LGA/MapServer
2022	56300	Nannup	5	https://geo.abs.gov.au/arcgis/rest/services/ASGS2022/LGA/MapServer
2022	56370	Narembeen	5	https://geo.abs.gov.au/arcgis/rest/services/ASGS2022/LGA/MapServer
2022	56460	Narrogin	5	https://geo.abs.gov.au/arcgis/rest/services/ASGS2022/LGA/MapServer
2022	56580	Nedlands	5	https://geo.abs.gov.au/arcgis/rest/services/ASGS2022/LGA/MapServer
2022	56620	Ngaanyatjarraku	5	https://geo.abs.gov.au/arcgis/rest/services/ASGS2022/LGA/MapServer
2022	56730	Northam	5	https://geo.abs.gov.au/arcgis/rest/services/ASGS2022/LGA/MapServer
2022	56790	Northampton	5	https://geo.abs.gov.au/arcgis/rest/services/ASGS2022/LGA/MapServer
2022	56860	Nungarin	5	https://geo.abs.gov.au/arcgis/rest/services/ASGS2022/LGA/MapServer
2022	56930	Peppermint Grove	5	https://geo.abs.gov.au/arcgis/rest/services/ASGS2022/LGA/MapServer
2022	57000	Perenjori	5	https://geo.abs.gov.au/arcgis/rest/services/ASGS2022/LGA/MapServer
2022	57080	Perth	5	https://geo.abs.gov.au/arcgis/rest/services/ASGS2022/LGA/MapServer
2022	57140	Pingelly	5	https://geo.abs.gov.au/arcgis/rest/services/ASGS2022/LGA/MapServer
2022	57210	Plantagenet	5	https://geo.abs.gov.au/arcgis/rest/services/ASGS2022/LGA/MapServer
2022	57280	Port Hedland	5	https://geo.abs.gov.au/arcgis/rest/services/ASGS2022/LGA/MapServer
2022	57350	Quairading	5	https://geo.abs.gov.au/arcgis/rest/services/ASGS2022/LGA/MapServer
2022	57420	Ravensthorpe	5	https://geo.abs.gov.au/arcgis/rest/services/ASGS2022/LGA/MapServer
2022	57490	Rockingham	5	https://geo.abs.gov.au/arcgis/rest/services/ASGS2022/LGA/MapServer
2022	57630	Sandstone	5	https://geo.abs.gov.au/arcgis/rest/services/ASGS2022/LGA/MapServer
2022	57700	Serpentine-Jarrahdale	5	https://geo.abs.gov.au/arcgis/rest/services/ASGS2022/LGA/MapServer
2022	57770	Shark Bay	5	https://geo.abs.gov.au/arcgis/rest/services/ASGS2022/LGA/MapServer
2022	57840	South Perth	5	https://geo.abs.gov.au/arcgis/rest/services/ASGS2022/LGA/MapServer
2022	57910	Stirling	5	https://geo.abs.gov.au/arcgis/rest/services/ASGS2022/LGA/MapServer
2022	57980	Subiaco	5	https://geo.abs.gov.au/arcgis/rest/services/ASGS2022/LGA/MapServer
2022	58050	Swan	5	https://geo.abs.gov.au/arcgis/rest/services/ASGS2022/LGA/MapServer
2022	58190	Tammin	5	https://geo.abs.gov.au/arcgis/rest/services/ASGS2022/LGA/MapServer
2022	58260	Three Springs	5	https://geo.abs.gov.au/arcgis/rest/services/ASGS2022/LGA/MapServer
2022	58330	Toodyay	5	https://geo.abs.gov.au/arcgis/rest/services/ASGS2022/LGA/MapServer
2022	58400	Trayning	5	https://geo.abs.gov.au/arcgis/rest/services/ASGS2022/LGA/MapServer
2022	58470	Upper Gascoyne	5	https://geo.abs.gov.au/arcgis/rest/services/ASGS2022/LGA/MapServer
2022	58510	Victoria Park	5	https://geo.abs.gov.au/arcgis/rest/services/ASGS2022/LGA/MapServer
2022	58540	Victoria Plains	5	https://geo.abs.gov.au/arcgis/rest/services/ASGS2022/LGA/MapServer
2022	58570	Vincent	5	https://geo.abs.gov.au/arcgis/rest/services/ASGS2022/LGA/MapServer
2022	58610	Wagin	5	https://geo.abs.gov.au/arcgis/rest/services/ASGS2022/LGA/MapServer
2022	58680	Wandering	5	https://geo.abs.gov.au/arcgis/rest/services/ASGS2022/LGA/MapServer
2022	58760	Wanneroo	5	https://geo.abs.gov.au/arcgis/rest/services/ASGS2022/LGA/MapServer
2022	58820	Waroona	5	https://geo.abs.gov.au/arcgis/rest/services/ASGS2022/LGA/MapServer
2022	58890	West Arthur	5	https://geo.abs.gov.au/arcgis/rest/services/ASGS2022/LGA/MapServer
2022	59030	Westonia	5	https://geo.abs.gov.au/arcgis/rest/services/ASGS2022/LGA/MapServer
2022	59100	Wickepin	5	https://geo.abs.gov.au/arcgis/rest/services/ASGS2022/LGA/MapServer
2022	59170	Williams	5	https://geo.abs.gov.au/arcgis/rest/services/ASGS2022/LGA/MapServer
2022	59250	Wiluna	5	https://geo.abs.gov.au/arcgis/rest/services/ASGS2022/LGA/MapServer
2022	59310	Wongan-Ballidu	5	https://geo.abs.gov.au/arcgis/rest/services/ASGS2022/LGA/MapServer
2022	59320	Woodanilling	5	https://geo.abs.gov.au/arcgis/rest/services/ASGS2022/LGA/MapServer
2022	59330	Wyalkatchem	5	https://geo.abs.gov.au/arcgis/rest/services/ASGS2022/LGA/MapServer
2022	59340	Wyndham-East Kimberley	5	https://geo.abs.gov.au/arcgis/rest/services/ASGS2022/LGA/MapServer
2022	59350	Yalgoo	5	https://geo.abs.gov.au/arcgis/rest/services/ASGS2022/LGA/MapServer
2022	59360	Yilgarn	5	https://geo.abs.gov.au/arcgis/rest/services/ASGS2022/LGA/MapServer
2022	59370	York	5	https://geo.abs.gov.au/arcgis/rest/services/ASGS2022/LGA/MapServer
2022	59499	No usual address (WA)	5	https://geo.abs.gov.au/arcgis/rest/services/ASGS2022/LGA/MapServer
2022	59799	Migratory - Offshore - Shipping (WA)	5	https://geo.abs.gov.au/arcgis/rest/services/ASGS2022/LGA/MapServer
2022	60210	Break O'Day	6	https://geo.abs.gov.au/arcgis/rest/services/ASGS2022/LGA/MapServer
2022	60410	Brighton	6	https://geo.abs.gov.au/arcgis/rest/services/ASGS2022/LGA/MapServer
2022	60610	Burnie	6	https://geo.abs.gov.au/arcgis/rest/services/ASGS2022/LGA/MapServer
2022	60810	Central Coast (Tas.)	6	https://geo.abs.gov.au/arcgis/rest/services/ASGS2022/LGA/MapServer
2022	61010	Central Highlands (Tas.)	6	https://geo.abs.gov.au/arcgis/rest/services/ASGS2022/LGA/MapServer
2022	61210	Circular Head	6	https://geo.abs.gov.au/arcgis/rest/services/ASGS2022/LGA/MapServer
2022	61410	Clarence	6	https://geo.abs.gov.au/arcgis/rest/services/ASGS2022/LGA/MapServer
2022	61510	Derwent Valley	6	https://geo.abs.gov.au/arcgis/rest/services/ASGS2022/LGA/MapServer
2022	61610	Devonport	6	https://geo.abs.gov.au/arcgis/rest/services/ASGS2022/LGA/MapServer
2022	61810	Dorset	6	https://geo.abs.gov.au/arcgis/rest/services/ASGS2022/LGA/MapServer
2022	62010	Flinders (Tas.)	6	https://geo.abs.gov.au/arcgis/rest/services/ASGS2022/LGA/MapServer
2022	62210	George Town	6	https://geo.abs.gov.au/arcgis/rest/services/ASGS2022/LGA/MapServer
2022	62410	Glamorgan-Spring Bay	6	https://geo.abs.gov.au/arcgis/rest/services/ASGS2022/LGA/MapServer
2022	62610	Glenorchy	6	https://geo.abs.gov.au/arcgis/rest/services/ASGS2022/LGA/MapServer
2022	62810	Hobart	6	https://geo.abs.gov.au/arcgis/rest/services/ASGS2022/LGA/MapServer
2022	63010	Huon Valley	6	https://geo.abs.gov.au/arcgis/rest/services/ASGS2022/LGA/MapServer
2022	63210	Kentish	6	https://geo.abs.gov.au/arcgis/rest/services/ASGS2022/LGA/MapServer
2022	63410	King Island	6	https://geo.abs.gov.au/arcgis/rest/services/ASGS2022/LGA/MapServer
2022	63610	Kingborough	6	https://geo.abs.gov.au/arcgis/rest/services/ASGS2022/LGA/MapServer
2022	63810	Latrobe (Tas.)	6	https://geo.abs.gov.au/arcgis/rest/services/ASGS2022/LGA/MapServer
2022	64010	Launceston	6	https://geo.abs.gov.au/arcgis/rest/services/ASGS2022/LGA/MapServer
2022	64210	Meander Valley	6	https://geo.abs.gov.au/arcgis/rest/services/ASGS2022/LGA/MapServer
2022	64610	Northern Midlands	6	https://geo.abs.gov.au/arcgis/rest/services/ASGS2022/LGA/MapServer
2022	64810	Sorell	6	https://geo.abs.gov.au/arcgis/rest/services/ASGS2022/LGA/MapServer
2022	65010	Southern Midlands	6	https://geo.abs.gov.au/arcgis/rest/services/ASGS2022/LGA/MapServer
2022	65210	Tasman	6	https://geo.abs.gov.au/arcgis/rest/services/ASGS2022/LGA/MapServer
2022	65410	Waratah-Wynyard	6	https://geo.abs.gov.au/arcgis/rest/services/ASGS2022/LGA/MapServer
2022	65610	West Coast	6	https://geo.abs.gov.au/arcgis/rest/services/ASGS2022/LGA/MapServer
2022	65810	West Tamar	6	https://geo.abs.gov.au/arcgis/rest/services/ASGS2022/LGA/MapServer
2022	69499	No usual address (Tas.)	6	https://geo.abs.gov.au/arcgis/rest/services/ASGS2022/LGA/MapServer
2022	69799	Migratory - Offshore - Shipping (Tas.)	6	https://geo.abs.gov.au/arcgis/rest/services/ASGS2022/LGA/MapServer
2022	70200	Alice Springs	7	https://geo.abs.gov.au/arcgis/rest/services/ASGS2022/LGA/MapServer
2022	70420	Barkly	7	https://geo.abs.gov.au/arcgis/rest/services/ASGS2022/LGA/MapServer
2022	70540	Belyuen	7	https://geo.abs.gov.au/arcgis/rest/services/ASGS2022/LGA/MapServer
2022	70620	Central Desert	7	https://geo.abs.gov.au/arcgis/rest/services/ASGS2022/LGA/MapServer
2022	70700	Coomalie 	7	https://geo.abs.gov.au/arcgis/rest/services/ASGS2022/LGA/MapServer
2022	71000	Darwin	7	https://geo.abs.gov.au/arcgis/rest/services/ASGS2022/LGA/MapServer
2022	71150	Darwin Waterfront Precinct	7	https://geo.abs.gov.au/arcgis/rest/services/ASGS2022/LGA/MapServer
2022	71300	East Arnhem	7	https://geo.abs.gov.au/arcgis/rest/services/ASGS2022/LGA/MapServer
2022	72200	Katherine	7	https://geo.abs.gov.au/arcgis/rest/services/ASGS2022/LGA/MapServer
2022	72300	Litchfield	7	https://geo.abs.gov.au/arcgis/rest/services/ASGS2022/LGA/MapServer
2022	72330	MacDonnell	7	https://geo.abs.gov.au/arcgis/rest/services/ASGS2022/LGA/MapServer
2022	72800	Palmerston	7	https://geo.abs.gov.au/arcgis/rest/services/ASGS2022/LGA/MapServer
2022	73600	Roper Gulf	7	https://geo.abs.gov.au/arcgis/rest/services/ASGS2022/LGA/MapServer
2022	74050	Tiwi Islands	7	https://geo.abs.gov.au/arcgis/rest/services/ASGS2022/LGA/MapServer
2022	74550	Victoria Daly	7	https://geo.abs.gov.au/arcgis/rest/services/ASGS2022/LGA/MapServer
2022	74560	Wagait	7	https://geo.abs.gov.au/arcgis/rest/services/ASGS2022/LGA/MapServer
2022	74660	West Arnhem	7	https://geo.abs.gov.au/arcgis/rest/services/ASGS2022/LGA/MapServer
2022	74680	West Daly	7	https://geo.abs.gov.au/arcgis/rest/services/ASGS2022/LGA/MapServer
2022	79399	Unincorporated NT	7	https://geo.abs.gov.au/arcgis/rest/services/ASGS2022/LGA/MapServer
2022	79499	No usual address (NT)	7	https://geo.abs.gov.au/arcgis/rest/services/ASGS2022/LGA/MapServer
2022	79799	Migratory - Offshore - Shipping (NT)	7	https://geo.abs.gov.au/arcgis/rest/services/ASGS2022/LGA/MapServer
2022	89399	Unincorporated ACT	8	https://geo.abs.gov.au/arcgis/rest/services/ASGS2022/LGA/MapServer
2022	89499	No usual address (ACT)	8	https://geo.abs.gov.au/arcgis/rest/services/ASGS2022/LGA/MapServer
2022	89799	Migratory - Offshore - Shipping (ACT)	8	https://geo.abs.gov.au/arcgis/rest/services/ASGS2022/LGA/MapServer
2022	99399	Unincorp. Other Territories	9	https://geo.abs.gov.au/arcgis/rest/services/ASGS2022/LGA/MapServer
2022	99499	No usual address (OT)	9	https://geo.abs.gov.au/arcgis/rest/services/ASGS2022/LGA/MapServer
2022	99799	Migratory - Offshore - Shipping (OT)	9	https://geo.abs.gov.au/arcgis/rest/services/ASGS2022/LGA/MapServer
2022	ZZZZZ	Outside Australia	9	https://geo.abs.gov.au/arcgis/rest/services/ASGS2022/LGA/MapServer
2023	10050	Albury	1	https://geo.abs.gov.au/arcgis/rest/services/ASGS2023/LGA/MapServer
2023	10180	Armidale	1	https://geo.abs.gov.au/arcgis/rest/services/ASGS2023/LGA/MapServer
2023	10250	Ballina	1	https://geo.abs.gov.au/arcgis/rest/services/ASGS2023/LGA/MapServer
2023	10300	Balranald	1	https://geo.abs.gov.au/arcgis/rest/services/ASGS2023/LGA/MapServer
2023	10470	Bathurst	1	https://geo.abs.gov.au/arcgis/rest/services/ASGS2023/LGA/MapServer
2023	10500	Bayside (NSW)	1	https://geo.abs.gov.au/arcgis/rest/services/ASGS2023/LGA/MapServer
2023	10550	Bega Valley	1	https://geo.abs.gov.au/arcgis/rest/services/ASGS2023/LGA/MapServer
2023	10600	Bellingen	1	https://geo.abs.gov.au/arcgis/rest/services/ASGS2023/LGA/MapServer
2023	10650	Berrigan	1	https://geo.abs.gov.au/arcgis/rest/services/ASGS2023/LGA/MapServer
2023	10750	Blacktown	1	https://geo.abs.gov.au/arcgis/rest/services/ASGS2023/LGA/MapServer
2023	10800	Bland	1	https://geo.abs.gov.au/arcgis/rest/services/ASGS2023/LGA/MapServer
2023	10850	Blayney	1	https://geo.abs.gov.au/arcgis/rest/services/ASGS2023/LGA/MapServer
2023	10900	Blue Mountains	1	https://geo.abs.gov.au/arcgis/rest/services/ASGS2023/LGA/MapServer
2023	10950	Bogan	1	https://geo.abs.gov.au/arcgis/rest/services/ASGS2023/LGA/MapServer
2023	11150	Bourke	1	https://geo.abs.gov.au/arcgis/rest/services/ASGS2023/LGA/MapServer
2023	11200	Brewarrina	1	https://geo.abs.gov.au/arcgis/rest/services/ASGS2023/LGA/MapServer
2023	11250	Broken Hill	1	https://geo.abs.gov.au/arcgis/rest/services/ASGS2023/LGA/MapServer
2023	11300	Burwood	1	https://geo.abs.gov.au/arcgis/rest/services/ASGS2023/LGA/MapServer
2023	11350	Byron	1	https://geo.abs.gov.au/arcgis/rest/services/ASGS2023/LGA/MapServer
2023	11400	Cabonne	1	https://geo.abs.gov.au/arcgis/rest/services/ASGS2023/LGA/MapServer
2023	11450	Camden	1	https://geo.abs.gov.au/arcgis/rest/services/ASGS2023/LGA/MapServer
2023	11500	Campbelltown (NSW)	1	https://geo.abs.gov.au/arcgis/rest/services/ASGS2023/LGA/MapServer
2023	11520	Canada Bay	1	https://geo.abs.gov.au/arcgis/rest/services/ASGS2023/LGA/MapServer
2023	11570	Canterbury-Bankstown	1	https://geo.abs.gov.au/arcgis/rest/services/ASGS2023/LGA/MapServer
2023	11600	Carrathool	1	https://geo.abs.gov.au/arcgis/rest/services/ASGS2023/LGA/MapServer
2023	11650	Central Coast (NSW)	1	https://geo.abs.gov.au/arcgis/rest/services/ASGS2023/LGA/MapServer
2023	11700	Central Darling	1	https://geo.abs.gov.au/arcgis/rest/services/ASGS2023/LGA/MapServer
2023	11720	Cessnock	1	https://geo.abs.gov.au/arcgis/rest/services/ASGS2023/LGA/MapServer
2023	11730	Clarence Valley	1	https://geo.abs.gov.au/arcgis/rest/services/ASGS2023/LGA/MapServer
2023	11750	Cobar	1	https://geo.abs.gov.au/arcgis/rest/services/ASGS2023/LGA/MapServer
2023	11800	Coffs Harbour	1	https://geo.abs.gov.au/arcgis/rest/services/ASGS2023/LGA/MapServer
2023	12000	Coolamon	1	https://geo.abs.gov.au/arcgis/rest/services/ASGS2023/LGA/MapServer
2023	12150	Coonamble	1	https://geo.abs.gov.au/arcgis/rest/services/ASGS2023/LGA/MapServer
2023	12160	Cootamundra-Gundagai	1	https://geo.abs.gov.au/arcgis/rest/services/ASGS2023/LGA/MapServer
2023	12350	Cowra	1	https://geo.abs.gov.au/arcgis/rest/services/ASGS2023/LGA/MapServer
2023	12380	Cumberland	1	https://geo.abs.gov.au/arcgis/rest/services/ASGS2023/LGA/MapServer
2023	12390	Dubbo	1	https://geo.abs.gov.au/arcgis/rest/services/ASGS2023/LGA/MapServer
2023	12700	Dungog	1	https://geo.abs.gov.au/arcgis/rest/services/ASGS2023/LGA/MapServer
2023	12730	Edward River	1	https://geo.abs.gov.au/arcgis/rest/services/ASGS2023/LGA/MapServer
2023	12750	Eurobodalla	1	https://geo.abs.gov.au/arcgis/rest/services/ASGS2023/LGA/MapServer
2023	12850	Fairfield	1	https://geo.abs.gov.au/arcgis/rest/services/ASGS2023/LGA/MapServer
2023	12870	Federation	1	https://geo.abs.gov.au/arcgis/rest/services/ASGS2023/LGA/MapServer
2023	12900	Forbes	1	https://geo.abs.gov.au/arcgis/rest/services/ASGS2023/LGA/MapServer
2023	12930	Georges River	1	https://geo.abs.gov.au/arcgis/rest/services/ASGS2023/LGA/MapServer
2023	12950	Gilgandra	1	https://geo.abs.gov.au/arcgis/rest/services/ASGS2023/LGA/MapServer
2023	13010	Glen Innes Severn	1	https://geo.abs.gov.au/arcgis/rest/services/ASGS2023/LGA/MapServer
2023	13310	Goulburn Mulwaree	1	https://geo.abs.gov.au/arcgis/rest/services/ASGS2023/LGA/MapServer
2023	13340	Greater Hume	1	https://geo.abs.gov.au/arcgis/rest/services/ASGS2023/LGA/MapServer
2023	13450	Griffith	1	https://geo.abs.gov.au/arcgis/rest/services/ASGS2023/LGA/MapServer
2023	13550	Gunnedah	1	https://geo.abs.gov.au/arcgis/rest/services/ASGS2023/LGA/MapServer
2023	13660	Gwydir	1	https://geo.abs.gov.au/arcgis/rest/services/ASGS2023/LGA/MapServer
2023	13800	Hawkesbury	1	https://geo.abs.gov.au/arcgis/rest/services/ASGS2023/LGA/MapServer
2023	13850	Hay	1	https://geo.abs.gov.au/arcgis/rest/services/ASGS2023/LGA/MapServer
2023	13910	Hilltops	1	https://geo.abs.gov.au/arcgis/rest/services/ASGS2023/LGA/MapServer
2023	14000	Hornsby	1	https://geo.abs.gov.au/arcgis/rest/services/ASGS2023/LGA/MapServer
2023	14100	Hunters Hill	1	https://geo.abs.gov.au/arcgis/rest/services/ASGS2023/LGA/MapServer
2023	14170	Inner West	1	https://geo.abs.gov.au/arcgis/rest/services/ASGS2023/LGA/MapServer
2023	14220	Inverell	1	https://geo.abs.gov.au/arcgis/rest/services/ASGS2023/LGA/MapServer
2023	14300	Junee	1	https://geo.abs.gov.au/arcgis/rest/services/ASGS2023/LGA/MapServer
2023	14350	Kempsey	1	https://geo.abs.gov.au/arcgis/rest/services/ASGS2023/LGA/MapServer
2023	14400	Kiama	1	https://geo.abs.gov.au/arcgis/rest/services/ASGS2023/LGA/MapServer
2023	14500	Ku-ring-gai	1	https://geo.abs.gov.au/arcgis/rest/services/ASGS2023/LGA/MapServer
2023	14550	Kyogle	1	https://geo.abs.gov.au/arcgis/rest/services/ASGS2023/LGA/MapServer
2023	14600	Lachlan	1	https://geo.abs.gov.au/arcgis/rest/services/ASGS2023/LGA/MapServer
2023	14650	Lake Macquarie	1	https://geo.abs.gov.au/arcgis/rest/services/ASGS2023/LGA/MapServer
2023	14700	Lane Cove	1	https://geo.abs.gov.au/arcgis/rest/services/ASGS2023/LGA/MapServer
2023	14750	Leeton	1	https://geo.abs.gov.au/arcgis/rest/services/ASGS2023/LGA/MapServer
2023	14850	Lismore	1	https://geo.abs.gov.au/arcgis/rest/services/ASGS2023/LGA/MapServer
2023	14870	Lithgow	1	https://geo.abs.gov.au/arcgis/rest/services/ASGS2023/LGA/MapServer
2023	14900	Liverpool	1	https://geo.abs.gov.au/arcgis/rest/services/ASGS2023/LGA/MapServer
2023	14920	Liverpool Plains	1	https://geo.abs.gov.au/arcgis/rest/services/ASGS2023/LGA/MapServer
2023	14950	Lockhart	1	https://geo.abs.gov.au/arcgis/rest/services/ASGS2023/LGA/MapServer
2023	15050	Maitland	1	https://geo.abs.gov.au/arcgis/rest/services/ASGS2023/LGA/MapServer
2023	15240	Mid-Coast	1	https://geo.abs.gov.au/arcgis/rest/services/ASGS2023/LGA/MapServer
2023	15270	Mid-Western	1	https://geo.abs.gov.au/arcgis/rest/services/ASGS2023/LGA/MapServer
2023	15300	Moree Plains	1	https://geo.abs.gov.au/arcgis/rest/services/ASGS2023/LGA/MapServer
2023	15350	Mosman	1	https://geo.abs.gov.au/arcgis/rest/services/ASGS2023/LGA/MapServer
2023	15520	Murray River	1	https://geo.abs.gov.au/arcgis/rest/services/ASGS2023/LGA/MapServer
2023	15560	Murrumbidgee	1	https://geo.abs.gov.au/arcgis/rest/services/ASGS2023/LGA/MapServer
2023	15650	Muswellbrook	1	https://geo.abs.gov.au/arcgis/rest/services/ASGS2023/LGA/MapServer
2023	15700	Nambucca Valley	1	https://geo.abs.gov.au/arcgis/rest/services/ASGS2023/LGA/MapServer
2023	15750	Narrabri	1	https://geo.abs.gov.au/arcgis/rest/services/ASGS2023/LGA/MapServer
2023	15800	Narrandera	1	https://geo.abs.gov.au/arcgis/rest/services/ASGS2023/LGA/MapServer
2023	15850	Narromine	1	https://geo.abs.gov.au/arcgis/rest/services/ASGS2023/LGA/MapServer
2023	15900	Newcastle	1	https://geo.abs.gov.au/arcgis/rest/services/ASGS2023/LGA/MapServer
2023	15950	North Sydney	1	https://geo.abs.gov.au/arcgis/rest/services/ASGS2023/LGA/MapServer
2023	15990	Northern Beaches	1	https://geo.abs.gov.au/arcgis/rest/services/ASGS2023/LGA/MapServer
2023	16100	Oberon	1	https://geo.abs.gov.au/arcgis/rest/services/ASGS2023/LGA/MapServer
2023	16150	Orange	1	https://geo.abs.gov.au/arcgis/rest/services/ASGS2023/LGA/MapServer
2023	16200	Parkes	1	https://geo.abs.gov.au/arcgis/rest/services/ASGS2023/LGA/MapServer
2023	16260	Parramatta	1	https://geo.abs.gov.au/arcgis/rest/services/ASGS2023/LGA/MapServer
2023	16350	Penrith	1	https://geo.abs.gov.au/arcgis/rest/services/ASGS2023/LGA/MapServer
2023	16380	Port Macquarie-Hastings	1	https://geo.abs.gov.au/arcgis/rest/services/ASGS2023/LGA/MapServer
2023	16400	Port Stephens	1	https://geo.abs.gov.au/arcgis/rest/services/ASGS2023/LGA/MapServer
2023	16490	Queanbeyan-Palerang	1	https://geo.abs.gov.au/arcgis/rest/services/ASGS2023/LGA/MapServer
2023	16550	Randwick	1	https://geo.abs.gov.au/arcgis/rest/services/ASGS2023/LGA/MapServer
2023	16610	Richmond Valley	1	https://geo.abs.gov.au/arcgis/rest/services/ASGS2023/LGA/MapServer
2023	16700	Ryde	1	https://geo.abs.gov.au/arcgis/rest/services/ASGS2023/LGA/MapServer
2023	16900	Shellharbour	1	https://geo.abs.gov.au/arcgis/rest/services/ASGS2023/LGA/MapServer
2023	16950	Shoalhaven	1	https://geo.abs.gov.au/arcgis/rest/services/ASGS2023/LGA/MapServer
2023	17000	Singleton	1	https://geo.abs.gov.au/arcgis/rest/services/ASGS2023/LGA/MapServer
2023	17040	Snowy Monaro	1	https://geo.abs.gov.au/arcgis/rest/services/ASGS2023/LGA/MapServer
2023	17080	Snowy Valleys	1	https://geo.abs.gov.au/arcgis/rest/services/ASGS2023/LGA/MapServer
2023	17100	Strathfield	1	https://geo.abs.gov.au/arcgis/rest/services/ASGS2023/LGA/MapServer
2023	17150	Sutherland	1	https://geo.abs.gov.au/arcgis/rest/services/ASGS2023/LGA/MapServer
2023	17200	Sydney	1	https://geo.abs.gov.au/arcgis/rest/services/ASGS2023/LGA/MapServer
2023	17310	Tamworth	1	https://geo.abs.gov.au/arcgis/rest/services/ASGS2023/LGA/MapServer
2023	17350	Temora	1	https://geo.abs.gov.au/arcgis/rest/services/ASGS2023/LGA/MapServer
2023	17400	Tenterfield	1	https://geo.abs.gov.au/arcgis/rest/services/ASGS2023/LGA/MapServer
2023	17420	The Hills	1	https://geo.abs.gov.au/arcgis/rest/services/ASGS2023/LGA/MapServer
2023	17550	Tweed	1	https://geo.abs.gov.au/arcgis/rest/services/ASGS2023/LGA/MapServer
2023	17620	Upper Hunter	1	https://geo.abs.gov.au/arcgis/rest/services/ASGS2023/LGA/MapServer
2023	17640	Upper Lachlan	1	https://geo.abs.gov.au/arcgis/rest/services/ASGS2023/LGA/MapServer
2023	17650	Uralla	1	https://geo.abs.gov.au/arcgis/rest/services/ASGS2023/LGA/MapServer
2023	17750	Wagga Wagga	1	https://geo.abs.gov.au/arcgis/rest/services/ASGS2023/LGA/MapServer
2023	17850	Walcha	1	https://geo.abs.gov.au/arcgis/rest/services/ASGS2023/LGA/MapServer
2023	17900	Walgett	1	https://geo.abs.gov.au/arcgis/rest/services/ASGS2023/LGA/MapServer
2023	17950	Warren	1	https://geo.abs.gov.au/arcgis/rest/services/ASGS2023/LGA/MapServer
2023	18020	Warrumbungle	1	https://geo.abs.gov.au/arcgis/rest/services/ASGS2023/LGA/MapServer
2023	18050	Waverley	1	https://geo.abs.gov.au/arcgis/rest/services/ASGS2023/LGA/MapServer
2023	18100	Weddin	1	https://geo.abs.gov.au/arcgis/rest/services/ASGS2023/LGA/MapServer
2023	18200	Wentworth	1	https://geo.abs.gov.au/arcgis/rest/services/ASGS2023/LGA/MapServer
2023	18250	Willoughby	1	https://geo.abs.gov.au/arcgis/rest/services/ASGS2023/LGA/MapServer
2023	18350	Wingecarribee	1	https://geo.abs.gov.au/arcgis/rest/services/ASGS2023/LGA/MapServer
2023	18400	Wollondilly	1	https://geo.abs.gov.au/arcgis/rest/services/ASGS2023/LGA/MapServer
2023	18450	Wollongong	1	https://geo.abs.gov.au/arcgis/rest/services/ASGS2023/LGA/MapServer
2023	18500	Woollahra	1	https://geo.abs.gov.au/arcgis/rest/services/ASGS2023/LGA/MapServer
2023	18710	Yass Valley	1	https://geo.abs.gov.au/arcgis/rest/services/ASGS2023/LGA/MapServer
2023	19399	Unincorporated NSW	1	https://geo.abs.gov.au/arcgis/rest/services/ASGS2023/LGA/MapServer
2023	19499	No usual address (NSW)	1	https://geo.abs.gov.au/arcgis/rest/services/ASGS2023/LGA/MapServer
2023	19799	Migratory - Offshore - Shipping (NSW)	1	https://geo.abs.gov.au/arcgis/rest/services/ASGS2023/LGA/MapServer
2023	20110	Alpine	2	https://geo.abs.gov.au/arcgis/rest/services/ASGS2023/LGA/MapServer
2023	20260	Ararat	2	https://geo.abs.gov.au/arcgis/rest/services/ASGS2023/LGA/MapServer
2023	20570	Ballarat	2	https://geo.abs.gov.au/arcgis/rest/services/ASGS2023/LGA/MapServer
2023	20660	Banyule	2	https://geo.abs.gov.au/arcgis/rest/services/ASGS2023/LGA/MapServer
2023	20740	Bass Coast	2	https://geo.abs.gov.au/arcgis/rest/services/ASGS2023/LGA/MapServer
2023	20830	Baw Baw	2	https://geo.abs.gov.au/arcgis/rest/services/ASGS2023/LGA/MapServer
2023	20910	Bayside (Vic.)	2	https://geo.abs.gov.au/arcgis/rest/services/ASGS2023/LGA/MapServer
2023	21010	Benalla	2	https://geo.abs.gov.au/arcgis/rest/services/ASGS2023/LGA/MapServer
2023	21110	Boroondara	2	https://geo.abs.gov.au/arcgis/rest/services/ASGS2023/LGA/MapServer
2023	21180	Brimbank	2	https://geo.abs.gov.au/arcgis/rest/services/ASGS2023/LGA/MapServer
2023	21270	Buloke	2	https://geo.abs.gov.au/arcgis/rest/services/ASGS2023/LGA/MapServer
2023	21370	Campaspe	2	https://geo.abs.gov.au/arcgis/rest/services/ASGS2023/LGA/MapServer
2023	21450	Cardinia	2	https://geo.abs.gov.au/arcgis/rest/services/ASGS2023/LGA/MapServer
2023	21610	Casey	2	https://geo.abs.gov.au/arcgis/rest/services/ASGS2023/LGA/MapServer
2023	21670	Central Goldfields	2	https://geo.abs.gov.au/arcgis/rest/services/ASGS2023/LGA/MapServer
2023	21750	Colac Otway	2	https://geo.abs.gov.au/arcgis/rest/services/ASGS2023/LGA/MapServer
2023	21830	Corangamite	2	https://geo.abs.gov.au/arcgis/rest/services/ASGS2023/LGA/MapServer
2023	21890	Darebin	2	https://geo.abs.gov.au/arcgis/rest/services/ASGS2023/LGA/MapServer
2023	22110	East Gippsland	2	https://geo.abs.gov.au/arcgis/rest/services/ASGS2023/LGA/MapServer
2023	22170	Frankston	2	https://geo.abs.gov.au/arcgis/rest/services/ASGS2023/LGA/MapServer
2023	22250	Gannawarra	2	https://geo.abs.gov.au/arcgis/rest/services/ASGS2023/LGA/MapServer
2023	22310	Glen Eira	2	https://geo.abs.gov.au/arcgis/rest/services/ASGS2023/LGA/MapServer
2023	22410	Glenelg	2	https://geo.abs.gov.au/arcgis/rest/services/ASGS2023/LGA/MapServer
2023	22490	Golden Plains	2	https://geo.abs.gov.au/arcgis/rest/services/ASGS2023/LGA/MapServer
2023	22620	Greater Bendigo	2	https://geo.abs.gov.au/arcgis/rest/services/ASGS2023/LGA/MapServer
2023	22670	Greater Dandenong	2	https://geo.abs.gov.au/arcgis/rest/services/ASGS2023/LGA/MapServer
2023	22750	Greater Geelong	2	https://geo.abs.gov.au/arcgis/rest/services/ASGS2023/LGA/MapServer
2023	22830	Greater Shepparton	2	https://geo.abs.gov.au/arcgis/rest/services/ASGS2023/LGA/MapServer
2023	22910	Hepburn	2	https://geo.abs.gov.au/arcgis/rest/services/ASGS2023/LGA/MapServer
2023	22980	Hindmarsh	2	https://geo.abs.gov.au/arcgis/rest/services/ASGS2023/LGA/MapServer
2023	23110	Hobsons Bay	2	https://geo.abs.gov.au/arcgis/rest/services/ASGS2023/LGA/MapServer
2023	23190	Horsham	2	https://geo.abs.gov.au/arcgis/rest/services/ASGS2023/LGA/MapServer
2023	23270	Hume	2	https://geo.abs.gov.au/arcgis/rest/services/ASGS2023/LGA/MapServer
2023	23350	Indigo	2	https://geo.abs.gov.au/arcgis/rest/services/ASGS2023/LGA/MapServer
2023	23430	Kingston (Vic.)	2	https://geo.abs.gov.au/arcgis/rest/services/ASGS2023/LGA/MapServer
2023	23670	Knox	2	https://geo.abs.gov.au/arcgis/rest/services/ASGS2023/LGA/MapServer
2023	23810	Latrobe (Vic.)	2	https://geo.abs.gov.au/arcgis/rest/services/ASGS2023/LGA/MapServer
2023	23940	Loddon	2	https://geo.abs.gov.au/arcgis/rest/services/ASGS2023/LGA/MapServer
2023	24130	Macedon Ranges	2	https://geo.abs.gov.au/arcgis/rest/services/ASGS2023/LGA/MapServer
2023	24210	Manningham	2	https://geo.abs.gov.au/arcgis/rest/services/ASGS2023/LGA/MapServer
2023	24250	Mansfield	2	https://geo.abs.gov.au/arcgis/rest/services/ASGS2023/LGA/MapServer
2023	24330	Maribyrnong	2	https://geo.abs.gov.au/arcgis/rest/services/ASGS2023/LGA/MapServer
2023	24410	Maroondah	2	https://geo.abs.gov.au/arcgis/rest/services/ASGS2023/LGA/MapServer
2023	24600	Melbourne	2	https://geo.abs.gov.au/arcgis/rest/services/ASGS2023/LGA/MapServer
2023	24650	Melton	2	https://geo.abs.gov.au/arcgis/rest/services/ASGS2023/LGA/MapServer
2023	24700	Merri-bek	2	https://geo.abs.gov.au/arcgis/rest/services/ASGS2023/LGA/MapServer
2023	24780	Mildura	2	https://geo.abs.gov.au/arcgis/rest/services/ASGS2023/LGA/MapServer
2023	24850	Mitchell	2	https://geo.abs.gov.au/arcgis/rest/services/ASGS2023/LGA/MapServer
2023	24900	Moira	2	https://geo.abs.gov.au/arcgis/rest/services/ASGS2023/LGA/MapServer
2023	24970	Monash	2	https://geo.abs.gov.au/arcgis/rest/services/ASGS2023/LGA/MapServer
2023	25060	Moonee Valley	2	https://geo.abs.gov.au/arcgis/rest/services/ASGS2023/LGA/MapServer
2023	25150	Moorabool	2	https://geo.abs.gov.au/arcgis/rest/services/ASGS2023/LGA/MapServer
2023	25340	Mornington Peninsula	2	https://geo.abs.gov.au/arcgis/rest/services/ASGS2023/LGA/MapServer
2023	25430	Mount Alexander	2	https://geo.abs.gov.au/arcgis/rest/services/ASGS2023/LGA/MapServer
2023	25490	Moyne	2	https://geo.abs.gov.au/arcgis/rest/services/ASGS2023/LGA/MapServer
2023	25620	Murrindindi	2	https://geo.abs.gov.au/arcgis/rest/services/ASGS2023/LGA/MapServer
2023	25710	Nillumbik	2	https://geo.abs.gov.au/arcgis/rest/services/ASGS2023/LGA/MapServer
2023	25810	Northern Grampians	2	https://geo.abs.gov.au/arcgis/rest/services/ASGS2023/LGA/MapServer
2023	25900	Port Phillip	2	https://geo.abs.gov.au/arcgis/rest/services/ASGS2023/LGA/MapServer
2023	25990	Pyrenees	2	https://geo.abs.gov.au/arcgis/rest/services/ASGS2023/LGA/MapServer
2023	26080	Queenscliffe	2	https://geo.abs.gov.au/arcgis/rest/services/ASGS2023/LGA/MapServer
2023	26170	South Gippsland	2	https://geo.abs.gov.au/arcgis/rest/services/ASGS2023/LGA/MapServer
2023	26260	Southern Grampians	2	https://geo.abs.gov.au/arcgis/rest/services/ASGS2023/LGA/MapServer
2023	26350	Stonnington	2	https://geo.abs.gov.au/arcgis/rest/services/ASGS2023/LGA/MapServer
2023	26430	Strathbogie	2	https://geo.abs.gov.au/arcgis/rest/services/ASGS2023/LGA/MapServer
2023	26490	Surf Coast	2	https://geo.abs.gov.au/arcgis/rest/services/ASGS2023/LGA/MapServer
2023	26610	Swan Hill	2	https://geo.abs.gov.au/arcgis/rest/services/ASGS2023/LGA/MapServer
2023	26670	Towong	2	https://geo.abs.gov.au/arcgis/rest/services/ASGS2023/LGA/MapServer
2023	26700	Wangaratta	2	https://geo.abs.gov.au/arcgis/rest/services/ASGS2023/LGA/MapServer
2023	26730	Warrnambool	2	https://geo.abs.gov.au/arcgis/rest/services/ASGS2023/LGA/MapServer
2023	26810	Wellington	2	https://geo.abs.gov.au/arcgis/rest/services/ASGS2023/LGA/MapServer
2023	26890	West Wimmera	2	https://geo.abs.gov.au/arcgis/rest/services/ASGS2023/LGA/MapServer
2023	26980	Whitehorse	2	https://geo.abs.gov.au/arcgis/rest/services/ASGS2023/LGA/MapServer
2023	27070	Whittlesea	2	https://geo.abs.gov.au/arcgis/rest/services/ASGS2023/LGA/MapServer
2023	27170	Wodonga	2	https://geo.abs.gov.au/arcgis/rest/services/ASGS2023/LGA/MapServer
2023	27260	Wyndham	2	https://geo.abs.gov.au/arcgis/rest/services/ASGS2023/LGA/MapServer
2023	27350	Yarra	2	https://geo.abs.gov.au/arcgis/rest/services/ASGS2023/LGA/MapServer
2023	27450	Yarra Ranges	2	https://geo.abs.gov.au/arcgis/rest/services/ASGS2023/LGA/MapServer
2023	27630	Yarriambiack	2	https://geo.abs.gov.au/arcgis/rest/services/ASGS2023/LGA/MapServer
2023	29399	Unincorporated Vic	2	https://geo.abs.gov.au/arcgis/rest/services/ASGS2023/LGA/MapServer
2023	29499	No usual address (Vic.)	2	https://geo.abs.gov.au/arcgis/rest/services/ASGS2023/LGA/MapServer
2023	29799	Migratory - Offshore - Shipping (Vic.)	2	https://geo.abs.gov.au/arcgis/rest/services/ASGS2023/LGA/MapServer
2023	30250	Aurukun	3	https://geo.abs.gov.au/arcgis/rest/services/ASGS2023/LGA/MapServer
2023	30300	Balonne	3	https://geo.abs.gov.au/arcgis/rest/services/ASGS2023/LGA/MapServer
2023	30370	Banana	3	https://geo.abs.gov.au/arcgis/rest/services/ASGS2023/LGA/MapServer
2023	30410	Barcaldine	3	https://geo.abs.gov.au/arcgis/rest/services/ASGS2023/LGA/MapServer
2023	30450	Barcoo	3	https://geo.abs.gov.au/arcgis/rest/services/ASGS2023/LGA/MapServer
2023	30760	Blackall Tambo	3	https://geo.abs.gov.au/arcgis/rest/services/ASGS2023/LGA/MapServer
2023	30900	Boulia	3	https://geo.abs.gov.au/arcgis/rest/services/ASGS2023/LGA/MapServer
2023	31000	Brisbane	3	https://geo.abs.gov.au/arcgis/rest/services/ASGS2023/LGA/MapServer
2023	31750	Bulloo	3	https://geo.abs.gov.au/arcgis/rest/services/ASGS2023/LGA/MapServer
2023	31820	Bundaberg	3	https://geo.abs.gov.au/arcgis/rest/services/ASGS2023/LGA/MapServer
2023	31900	Burdekin	3	https://geo.abs.gov.au/arcgis/rest/services/ASGS2023/LGA/MapServer
2023	31950	Burke	3	https://geo.abs.gov.au/arcgis/rest/services/ASGS2023/LGA/MapServer
2023	32080	Cairns	3	https://geo.abs.gov.au/arcgis/rest/services/ASGS2023/LGA/MapServer
2023	32250	Carpentaria	3	https://geo.abs.gov.au/arcgis/rest/services/ASGS2023/LGA/MapServer
2023	32260	Cassowary Coast	3	https://geo.abs.gov.au/arcgis/rest/services/ASGS2023/LGA/MapServer
2023	32270	Central Highlands (Qld)	3	https://geo.abs.gov.au/arcgis/rest/services/ASGS2023/LGA/MapServer
2023	32310	Charters Towers	3	https://geo.abs.gov.au/arcgis/rest/services/ASGS2023/LGA/MapServer
2023	32330	Cherbourg	3	https://geo.abs.gov.au/arcgis/rest/services/ASGS2023/LGA/MapServer
2023	32450	Cloncurry	3	https://geo.abs.gov.au/arcgis/rest/services/ASGS2023/LGA/MapServer
2023	32500	Cook	3	https://geo.abs.gov.au/arcgis/rest/services/ASGS2023/LGA/MapServer
2023	32600	Croydon	3	https://geo.abs.gov.au/arcgis/rest/services/ASGS2023/LGA/MapServer
2023	32750	Diamantina	3	https://geo.abs.gov.au/arcgis/rest/services/ASGS2023/LGA/MapServer
2023	32770	Doomadgee	3	https://geo.abs.gov.au/arcgis/rest/services/ASGS2023/LGA/MapServer
2023	32810	Douglas	3	https://geo.abs.gov.au/arcgis/rest/services/ASGS2023/LGA/MapServer
2023	33100	Etheridge	3	https://geo.abs.gov.au/arcgis/rest/services/ASGS2023/LGA/MapServer
2023	33200	Flinders (Qld)	3	https://geo.abs.gov.au/arcgis/rest/services/ASGS2023/LGA/MapServer
2023	33220	Fraser Coast	3	https://geo.abs.gov.au/arcgis/rest/services/ASGS2023/LGA/MapServer
2023	33360	Gladstone	3	https://geo.abs.gov.au/arcgis/rest/services/ASGS2023/LGA/MapServer
2023	33430	Gold Coast	3	https://geo.abs.gov.au/arcgis/rest/services/ASGS2023/LGA/MapServer
2023	33610	Goondiwindi	3	https://geo.abs.gov.au/arcgis/rest/services/ASGS2023/LGA/MapServer
2023	33620	Gympie	3	https://geo.abs.gov.au/arcgis/rest/services/ASGS2023/LGA/MapServer
2023	33800	Hinchinbrook	3	https://geo.abs.gov.au/arcgis/rest/services/ASGS2023/LGA/MapServer
2023	33830	Hope Vale	3	https://geo.abs.gov.au/arcgis/rest/services/ASGS2023/LGA/MapServer
2023	33960	Ipswich	3	https://geo.abs.gov.au/arcgis/rest/services/ASGS2023/LGA/MapServer
2023	33980	Isaac	3	https://geo.abs.gov.au/arcgis/rest/services/ASGS2023/LGA/MapServer
2023	34420	Kowanyama	3	https://geo.abs.gov.au/arcgis/rest/services/ASGS2023/LGA/MapServer
2023	34530	Livingstone	3	https://geo.abs.gov.au/arcgis/rest/services/ASGS2023/LGA/MapServer
2023	34570	Lockhart River	3	https://geo.abs.gov.au/arcgis/rest/services/ASGS2023/LGA/MapServer
2023	34580	Lockyer Valley	3	https://geo.abs.gov.au/arcgis/rest/services/ASGS2023/LGA/MapServer
2023	34590	Logan	3	https://geo.abs.gov.au/arcgis/rest/services/ASGS2023/LGA/MapServer
2023	34710	Longreach	3	https://geo.abs.gov.au/arcgis/rest/services/ASGS2023/LGA/MapServer
2023	34770	Mackay	3	https://geo.abs.gov.au/arcgis/rest/services/ASGS2023/LGA/MapServer
2023	34800	McKinlay	3	https://geo.abs.gov.au/arcgis/rest/services/ASGS2023/LGA/MapServer
2023	34830	Mapoon	3	https://geo.abs.gov.au/arcgis/rest/services/ASGS2023/LGA/MapServer
2023	34860	Maranoa	3	https://geo.abs.gov.au/arcgis/rest/services/ASGS2023/LGA/MapServer
2023	34880	Mareeba	3	https://geo.abs.gov.au/arcgis/rest/services/ASGS2023/LGA/MapServer
2023	35010	Moreton Bay	3	https://geo.abs.gov.au/arcgis/rest/services/ASGS2023/LGA/MapServer
2023	35250	Mornington	3	https://geo.abs.gov.au/arcgis/rest/services/ASGS2023/LGA/MapServer
2023	35300	Mount Isa	3	https://geo.abs.gov.au/arcgis/rest/services/ASGS2023/LGA/MapServer
2023	35600	Murweh	3	https://geo.abs.gov.au/arcgis/rest/services/ASGS2023/LGA/MapServer
2023	35670	Napranum	3	https://geo.abs.gov.au/arcgis/rest/services/ASGS2023/LGA/MapServer
2023	35740	Noosa	3	https://geo.abs.gov.au/arcgis/rest/services/ASGS2023/LGA/MapServer
2023	35760	North Burnett	3	https://geo.abs.gov.au/arcgis/rest/services/ASGS2023/LGA/MapServer
2023	35780	Northern Peninsula Area	3	https://geo.abs.gov.au/arcgis/rest/services/ASGS2023/LGA/MapServer
2023	35790	Palm Island	3	https://geo.abs.gov.au/arcgis/rest/services/ASGS2023/LGA/MapServer
2023	35800	Paroo	3	https://geo.abs.gov.au/arcgis/rest/services/ASGS2023/LGA/MapServer
2023	36070	Pormpuraaw	3	https://geo.abs.gov.au/arcgis/rest/services/ASGS2023/LGA/MapServer
2023	36150	Quilpie	3	https://geo.abs.gov.au/arcgis/rest/services/ASGS2023/LGA/MapServer
2023	36250	Redland	3	https://geo.abs.gov.au/arcgis/rest/services/ASGS2023/LGA/MapServer
2023	36300	Richmond	3	https://geo.abs.gov.au/arcgis/rest/services/ASGS2023/LGA/MapServer
2023	36370	Rockhampton	3	https://geo.abs.gov.au/arcgis/rest/services/ASGS2023/LGA/MapServer
2023	36510	Scenic Rim	3	https://geo.abs.gov.au/arcgis/rest/services/ASGS2023/LGA/MapServer
2023	36580	Somerset	3	https://geo.abs.gov.au/arcgis/rest/services/ASGS2023/LGA/MapServer
2023	36630	South Burnett	3	https://geo.abs.gov.au/arcgis/rest/services/ASGS2023/LGA/MapServer
2023	36660	Southern Downs	3	https://geo.abs.gov.au/arcgis/rest/services/ASGS2023/LGA/MapServer
2023	36720	Sunshine Coast	3	https://geo.abs.gov.au/arcgis/rest/services/ASGS2023/LGA/MapServer
2023	36820	Tablelands	3	https://geo.abs.gov.au/arcgis/rest/services/ASGS2023/LGA/MapServer
2023	36910	Toowoomba	3	https://geo.abs.gov.au/arcgis/rest/services/ASGS2023/LGA/MapServer
2023	36950	Torres	3	https://geo.abs.gov.au/arcgis/rest/services/ASGS2023/LGA/MapServer
2023	36960	Torres Strait Island	3	https://geo.abs.gov.au/arcgis/rest/services/ASGS2023/LGA/MapServer
2023	37010	Townsville	3	https://geo.abs.gov.au/arcgis/rest/services/ASGS2023/LGA/MapServer
2023	37300	Weipa	3	https://geo.abs.gov.au/arcgis/rest/services/ASGS2023/LGA/MapServer
2023	37310	Western Downs	3	https://geo.abs.gov.au/arcgis/rest/services/ASGS2023/LGA/MapServer
2023	37340	Whitsunday	3	https://geo.abs.gov.au/arcgis/rest/services/ASGS2023/LGA/MapServer
2023	37400	Winton	3	https://geo.abs.gov.au/arcgis/rest/services/ASGS2023/LGA/MapServer
2023	37550	Woorabinda	3	https://geo.abs.gov.au/arcgis/rest/services/ASGS2023/LGA/MapServer
2023	37570	Wujal Wujal	3	https://geo.abs.gov.au/arcgis/rest/services/ASGS2023/LGA/MapServer
2023	37600	Yarrabah	3	https://geo.abs.gov.au/arcgis/rest/services/ASGS2023/LGA/MapServer
2023	39499	No usual address (Qld)	3	https://geo.abs.gov.au/arcgis/rest/services/ASGS2023/LGA/MapServer
2023	39799	Migratory - Offshore - Shipping (Qld)	3	https://geo.abs.gov.au/arcgis/rest/services/ASGS2023/LGA/MapServer
2023	40070	Adelaide	4	https://geo.abs.gov.au/arcgis/rest/services/ASGS2023/LGA/MapServer
2023	40120	Adelaide Hills	4	https://geo.abs.gov.au/arcgis/rest/services/ASGS2023/LGA/MapServer
2023	40150	Adelaide Plains	4	https://geo.abs.gov.au/arcgis/rest/services/ASGS2023/LGA/MapServer
2023	40220	Alexandrina	4	https://geo.abs.gov.au/arcgis/rest/services/ASGS2023/LGA/MapServer
2023	40250	Anangu Pitjantjatjara Yankunytjatjara	4	https://geo.abs.gov.au/arcgis/rest/services/ASGS2023/LGA/MapServer
2023	40310	Barossa	4	https://geo.abs.gov.au/arcgis/rest/services/ASGS2023/LGA/MapServer
2023	40430	Barunga West	4	https://geo.abs.gov.au/arcgis/rest/services/ASGS2023/LGA/MapServer
2023	40520	Berri Barmera	4	https://geo.abs.gov.au/arcgis/rest/services/ASGS2023/LGA/MapServer
2023	40700	Burnside	4	https://geo.abs.gov.au/arcgis/rest/services/ASGS2023/LGA/MapServer
2023	40910	Campbelltown (SA)	4	https://geo.abs.gov.au/arcgis/rest/services/ASGS2023/LGA/MapServer
2023	41010	Ceduna	4	https://geo.abs.gov.au/arcgis/rest/services/ASGS2023/LGA/MapServer
2023	41060	Charles Sturt	4	https://geo.abs.gov.au/arcgis/rest/services/ASGS2023/LGA/MapServer
2023	41140	Clare and Gilbert Valleys	4	https://geo.abs.gov.au/arcgis/rest/services/ASGS2023/LGA/MapServer
2023	41190	Cleve	4	https://geo.abs.gov.au/arcgis/rest/services/ASGS2023/LGA/MapServer
2023	41330	Coober Pedy	4	https://geo.abs.gov.au/arcgis/rest/services/ASGS2023/LGA/MapServer
2023	41560	Copper Coast	4	https://geo.abs.gov.au/arcgis/rest/services/ASGS2023/LGA/MapServer
2023	41750	Elliston	4	https://geo.abs.gov.au/arcgis/rest/services/ASGS2023/LGA/MapServer
2023	41830	Flinders Ranges	4	https://geo.abs.gov.au/arcgis/rest/services/ASGS2023/LGA/MapServer
2023	41960	Franklin Harbour	4	https://geo.abs.gov.au/arcgis/rest/services/ASGS2023/LGA/MapServer
2023	42030	Gawler	4	https://geo.abs.gov.au/arcgis/rest/services/ASGS2023/LGA/MapServer
2023	42110	Goyder	4	https://geo.abs.gov.au/arcgis/rest/services/ASGS2023/LGA/MapServer
2023	42250	Grant	4	https://geo.abs.gov.au/arcgis/rest/services/ASGS2023/LGA/MapServer
2023	42600	Holdfast Bay	4	https://geo.abs.gov.au/arcgis/rest/services/ASGS2023/LGA/MapServer
2023	42750	Kangaroo Island	4	https://geo.abs.gov.au/arcgis/rest/services/ASGS2023/LGA/MapServer
2023	43080	Karoonda East Murray	4	https://geo.abs.gov.au/arcgis/rest/services/ASGS2023/LGA/MapServer
2023	43220	Kimba	4	https://geo.abs.gov.au/arcgis/rest/services/ASGS2023/LGA/MapServer
2023	43360	Kingston (SA)	4	https://geo.abs.gov.au/arcgis/rest/services/ASGS2023/LGA/MapServer
2023	43650	Light	4	https://geo.abs.gov.au/arcgis/rest/services/ASGS2023/LGA/MapServer
2023	43710	Lower Eyre Peninsula	4	https://geo.abs.gov.au/arcgis/rest/services/ASGS2023/LGA/MapServer
2023	43790	Loxton Waikerie	4	https://geo.abs.gov.au/arcgis/rest/services/ASGS2023/LGA/MapServer
2023	44000	Maralinga Tjarutja	4	https://geo.abs.gov.au/arcgis/rest/services/ASGS2023/LGA/MapServer
2023	44060	Marion	4	https://geo.abs.gov.au/arcgis/rest/services/ASGS2023/LGA/MapServer
2023	44210	Mid Murray	4	https://geo.abs.gov.au/arcgis/rest/services/ASGS2023/LGA/MapServer
2023	44340	Mitcham	4	https://geo.abs.gov.au/arcgis/rest/services/ASGS2023/LGA/MapServer
2023	44550	Mount Barker	4	https://geo.abs.gov.au/arcgis/rest/services/ASGS2023/LGA/MapServer
2023	44620	Mount Gambier	4	https://geo.abs.gov.au/arcgis/rest/services/ASGS2023/LGA/MapServer
2023	44830	Mount Remarkable	4	https://geo.abs.gov.au/arcgis/rest/services/ASGS2023/LGA/MapServer
2023	45040	Murray Bridge	4	https://geo.abs.gov.au/arcgis/rest/services/ASGS2023/LGA/MapServer
2023	45090	Naracoorte Lucindale	4	https://geo.abs.gov.au/arcgis/rest/services/ASGS2023/LGA/MapServer
2023	45120	Northern Areas	4	https://geo.abs.gov.au/arcgis/rest/services/ASGS2023/LGA/MapServer
2023	45290	Norwood Payneham and St Peters	4	https://geo.abs.gov.au/arcgis/rest/services/ASGS2023/LGA/MapServer
2023	45340	Onkaparinga	4	https://geo.abs.gov.au/arcgis/rest/services/ASGS2023/LGA/MapServer
2023	45400	Orroroo Carrieton	4	https://geo.abs.gov.au/arcgis/rest/services/ASGS2023/LGA/MapServer
2023	45540	Peterborough	4	https://geo.abs.gov.au/arcgis/rest/services/ASGS2023/LGA/MapServer
2023	45680	Playford	4	https://geo.abs.gov.au/arcgis/rest/services/ASGS2023/LGA/MapServer
2023	45890	Port Adelaide Enfield	4	https://geo.abs.gov.au/arcgis/rest/services/ASGS2023/LGA/MapServer
2023	46090	Port Augusta	4	https://geo.abs.gov.au/arcgis/rest/services/ASGS2023/LGA/MapServer
2023	46300	Port Lincoln	4	https://geo.abs.gov.au/arcgis/rest/services/ASGS2023/LGA/MapServer
2023	46450	Port Pirie	4	https://geo.abs.gov.au/arcgis/rest/services/ASGS2023/LGA/MapServer
2023	46510	Prospect	4	https://geo.abs.gov.au/arcgis/rest/services/ASGS2023/LGA/MapServer
2023	46670	Renmark Paringa	4	https://geo.abs.gov.au/arcgis/rest/services/ASGS2023/LGA/MapServer
2023	46860	Robe	4	https://geo.abs.gov.au/arcgis/rest/services/ASGS2023/LGA/MapServer
2023	46970	Roxby Downs	4	https://geo.abs.gov.au/arcgis/rest/services/ASGS2023/LGA/MapServer
2023	47140	Salisbury	4	https://geo.abs.gov.au/arcgis/rest/services/ASGS2023/LGA/MapServer
2023	47290	Southern Mallee	4	https://geo.abs.gov.au/arcgis/rest/services/ASGS2023/LGA/MapServer
2023	47490	Streaky Bay	4	https://geo.abs.gov.au/arcgis/rest/services/ASGS2023/LGA/MapServer
2023	47630	Tatiara	4	https://geo.abs.gov.au/arcgis/rest/services/ASGS2023/LGA/MapServer
2023	47700	Tea Tree Gully	4	https://geo.abs.gov.au/arcgis/rest/services/ASGS2023/LGA/MapServer
2023	47800	Coorong	4	https://geo.abs.gov.au/arcgis/rest/services/ASGS2023/LGA/MapServer
2023	47910	Tumby Bay	4	https://geo.abs.gov.au/arcgis/rest/services/ASGS2023/LGA/MapServer
2023	47980	Unley	4	https://geo.abs.gov.au/arcgis/rest/services/ASGS2023/LGA/MapServer
2023	48050	Victor Harbor	4	https://geo.abs.gov.au/arcgis/rest/services/ASGS2023/LGA/MapServer
2023	48130	Wakefield	4	https://geo.abs.gov.au/arcgis/rest/services/ASGS2023/LGA/MapServer
2023	48260	Walkerville	4	https://geo.abs.gov.au/arcgis/rest/services/ASGS2023/LGA/MapServer
2023	48340	Wattle Range	4	https://geo.abs.gov.au/arcgis/rest/services/ASGS2023/LGA/MapServer
2023	48410	West Torrens	4	https://geo.abs.gov.au/arcgis/rest/services/ASGS2023/LGA/MapServer
2023	48540	Whyalla	4	https://geo.abs.gov.au/arcgis/rest/services/ASGS2023/LGA/MapServer
2023	48640	Wudinna	4	https://geo.abs.gov.au/arcgis/rest/services/ASGS2023/LGA/MapServer
2023	48750	Yankalilla	4	https://geo.abs.gov.au/arcgis/rest/services/ASGS2023/LGA/MapServer
2023	48830	Yorke Peninsula	4	https://geo.abs.gov.au/arcgis/rest/services/ASGS2023/LGA/MapServer
2023	49399	Unincorporated SA	4	https://geo.abs.gov.au/arcgis/rest/services/ASGS2023/LGA/MapServer
2023	49499	No usual address (SA)	4	https://geo.abs.gov.au/arcgis/rest/services/ASGS2023/LGA/MapServer
2023	49799	Migratory - Offshore - Shipping (SA)	4	https://geo.abs.gov.au/arcgis/rest/services/ASGS2023/LGA/MapServer
2023	50080	Albany	5	https://geo.abs.gov.au/arcgis/rest/services/ASGS2023/LGA/MapServer
2023	50210	Armadale	5	https://geo.abs.gov.au/arcgis/rest/services/ASGS2023/LGA/MapServer
2023	50250	Ashburton	5	https://geo.abs.gov.au/arcgis/rest/services/ASGS2023/LGA/MapServer
2023	50280	Augusta Margaret River	5	https://geo.abs.gov.au/arcgis/rest/services/ASGS2023/LGA/MapServer
2023	50350	Bassendean	5	https://geo.abs.gov.au/arcgis/rest/services/ASGS2023/LGA/MapServer
2023	50420	Bayswater	5	https://geo.abs.gov.au/arcgis/rest/services/ASGS2023/LGA/MapServer
2023	50490	Belmont	5	https://geo.abs.gov.au/arcgis/rest/services/ASGS2023/LGA/MapServer
2023	50560	Beverley	5	https://geo.abs.gov.au/arcgis/rest/services/ASGS2023/LGA/MapServer
2023	50630	Boddington	5	https://geo.abs.gov.au/arcgis/rest/services/ASGS2023/LGA/MapServer
2023	50770	Boyup Brook	5	https://geo.abs.gov.au/arcgis/rest/services/ASGS2023/LGA/MapServer
2023	50840	Bridgetown-Greenbushes	5	https://geo.abs.gov.au/arcgis/rest/services/ASGS2023/LGA/MapServer
2023	50910	Brookton	5	https://geo.abs.gov.au/arcgis/rest/services/ASGS2023/LGA/MapServer
2023	50980	Broome	5	https://geo.abs.gov.au/arcgis/rest/services/ASGS2023/LGA/MapServer
2023	51080	Broomehill-Tambellup	5	https://geo.abs.gov.au/arcgis/rest/services/ASGS2023/LGA/MapServer
2023	51120	Bruce Rock	5	https://geo.abs.gov.au/arcgis/rest/services/ASGS2023/LGA/MapServer
2023	51190	Bunbury	5	https://geo.abs.gov.au/arcgis/rest/services/ASGS2023/LGA/MapServer
2023	51260	Busselton	5	https://geo.abs.gov.au/arcgis/rest/services/ASGS2023/LGA/MapServer
2023	51310	Cambridge	5	https://geo.abs.gov.au/arcgis/rest/services/ASGS2023/LGA/MapServer
2023	51330	Canning	5	https://geo.abs.gov.au/arcgis/rest/services/ASGS2023/LGA/MapServer
2023	51400	Capel	5	https://geo.abs.gov.au/arcgis/rest/services/ASGS2023/LGA/MapServer
2023	51470	Carnamah	5	https://geo.abs.gov.au/arcgis/rest/services/ASGS2023/LGA/MapServer
2023	51540	Carnarvon	5	https://geo.abs.gov.au/arcgis/rest/services/ASGS2023/LGA/MapServer
2023	51610	Chapman Valley	5	https://geo.abs.gov.au/arcgis/rest/services/ASGS2023/LGA/MapServer
2023	51680	Chittering	5	https://geo.abs.gov.au/arcgis/rest/services/ASGS2023/LGA/MapServer
2023	51710	Christmas Island	5	https://geo.abs.gov.au/arcgis/rest/services/ASGS2023/LGA/MapServer
2023	51750	Claremont	5	https://geo.abs.gov.au/arcgis/rest/services/ASGS2023/LGA/MapServer
2023	51820	Cockburn	5	https://geo.abs.gov.au/arcgis/rest/services/ASGS2023/LGA/MapServer
2023	51860	Cocos Islands	5	https://geo.abs.gov.au/arcgis/rest/services/ASGS2023/LGA/MapServer
2023	51890	Collie	5	https://geo.abs.gov.au/arcgis/rest/services/ASGS2023/LGA/MapServer
2023	51960	Coolgardie	5	https://geo.abs.gov.au/arcgis/rest/services/ASGS2023/LGA/MapServer
2023	52030	Coorow	5	https://geo.abs.gov.au/arcgis/rest/services/ASGS2023/LGA/MapServer
2023	52100	Corrigin	5	https://geo.abs.gov.au/arcgis/rest/services/ASGS2023/LGA/MapServer
2023	52170	Cottesloe 	5	https://geo.abs.gov.au/arcgis/rest/services/ASGS2023/LGA/MapServer
2023	52240	Cranbrook	5	https://geo.abs.gov.au/arcgis/rest/services/ASGS2023/LGA/MapServer
2023	52310	Cuballing	5	https://geo.abs.gov.au/arcgis/rest/services/ASGS2023/LGA/MapServer
2023	52380	Cue	5	https://geo.abs.gov.au/arcgis/rest/services/ASGS2023/LGA/MapServer
2023	52450	Cunderdin	5	https://geo.abs.gov.au/arcgis/rest/services/ASGS2023/LGA/MapServer
2023	52520	Dalwallinu	5	https://geo.abs.gov.au/arcgis/rest/services/ASGS2023/LGA/MapServer
2023	52590	Dandaragan	5	https://geo.abs.gov.au/arcgis/rest/services/ASGS2023/LGA/MapServer
2023	52660	Dardanup	5	https://geo.abs.gov.au/arcgis/rest/services/ASGS2023/LGA/MapServer
2023	52730	Denmark	5	https://geo.abs.gov.au/arcgis/rest/services/ASGS2023/LGA/MapServer
2023	52800	Derby-West Kimberley	5	https://geo.abs.gov.au/arcgis/rest/services/ASGS2023/LGA/MapServer
2023	52870	Donnybrook-Balingup	5	https://geo.abs.gov.au/arcgis/rest/services/ASGS2023/LGA/MapServer
2023	52940	Dowerin	5	https://geo.abs.gov.au/arcgis/rest/services/ASGS2023/LGA/MapServer
2023	53010	Dumbleyung	5	https://geo.abs.gov.au/arcgis/rest/services/ASGS2023/LGA/MapServer
2023	53080	Dundas	5	https://geo.abs.gov.au/arcgis/rest/services/ASGS2023/LGA/MapServer
2023	53150	East Fremantle	5	https://geo.abs.gov.au/arcgis/rest/services/ASGS2023/LGA/MapServer
2023	53220	East Pilbara	5	https://geo.abs.gov.au/arcgis/rest/services/ASGS2023/LGA/MapServer
2023	53290	Esperance	5	https://geo.abs.gov.au/arcgis/rest/services/ASGS2023/LGA/MapServer
2023	53360	Exmouth	5	https://geo.abs.gov.au/arcgis/rest/services/ASGS2023/LGA/MapServer
2023	53430	Fremantle	5	https://geo.abs.gov.au/arcgis/rest/services/ASGS2023/LGA/MapServer
2023	53570	Gingin	5	https://geo.abs.gov.au/arcgis/rest/services/ASGS2023/LGA/MapServer
2023	53640	Gnowangerup	5	https://geo.abs.gov.au/arcgis/rest/services/ASGS2023/LGA/MapServer
2023	53710	Goomalling	5	https://geo.abs.gov.au/arcgis/rest/services/ASGS2023/LGA/MapServer
2023	53780	Gosnells	5	https://geo.abs.gov.au/arcgis/rest/services/ASGS2023/LGA/MapServer
2023	53800	Greater Geraldton	5	https://geo.abs.gov.au/arcgis/rest/services/ASGS2023/LGA/MapServer
2023	53920	Halls Creek	5	https://geo.abs.gov.au/arcgis/rest/services/ASGS2023/LGA/MapServer
2023	53990	Harvey	5	https://geo.abs.gov.au/arcgis/rest/services/ASGS2023/LGA/MapServer
2023	54060	Irwin	5	https://geo.abs.gov.au/arcgis/rest/services/ASGS2023/LGA/MapServer
2023	54130	Jerramungup	5	https://geo.abs.gov.au/arcgis/rest/services/ASGS2023/LGA/MapServer
2023	54170	Joondalup	5	https://geo.abs.gov.au/arcgis/rest/services/ASGS2023/LGA/MapServer
2023	54200	Kalamunda	5	https://geo.abs.gov.au/arcgis/rest/services/ASGS2023/LGA/MapServer
2023	54280	Kalgoorlie-Boulder	5	https://geo.abs.gov.au/arcgis/rest/services/ASGS2023/LGA/MapServer
2023	54310	Karratha	5	https://geo.abs.gov.au/arcgis/rest/services/ASGS2023/LGA/MapServer
2023	54340	Katanning	5	https://geo.abs.gov.au/arcgis/rest/services/ASGS2023/LGA/MapServer
2023	54410	Kellerberrin	5	https://geo.abs.gov.au/arcgis/rest/services/ASGS2023/LGA/MapServer
2023	54480	Kent	5	https://geo.abs.gov.au/arcgis/rest/services/ASGS2023/LGA/MapServer
2023	54550	Kojonup	5	https://geo.abs.gov.au/arcgis/rest/services/ASGS2023/LGA/MapServer
2023	54620	Kondinin	5	https://geo.abs.gov.au/arcgis/rest/services/ASGS2023/LGA/MapServer
2023	54690	Koorda	5	https://geo.abs.gov.au/arcgis/rest/services/ASGS2023/LGA/MapServer
2023	54760	Kulin	5	https://geo.abs.gov.au/arcgis/rest/services/ASGS2023/LGA/MapServer
2023	54830	Kwinana	5	https://geo.abs.gov.au/arcgis/rest/services/ASGS2023/LGA/MapServer
2023	54900	Lake Grace	5	https://geo.abs.gov.au/arcgis/rest/services/ASGS2023/LGA/MapServer
2023	54970	Laverton	5	https://geo.abs.gov.au/arcgis/rest/services/ASGS2023/LGA/MapServer
2023	55040	Leonora	5	https://geo.abs.gov.au/arcgis/rest/services/ASGS2023/LGA/MapServer
2023	55110	Mandurah	5	https://geo.abs.gov.au/arcgis/rest/services/ASGS2023/LGA/MapServer
2023	55180	Manjimup	5	https://geo.abs.gov.au/arcgis/rest/services/ASGS2023/LGA/MapServer
2023	55250	Meekatharra	5	https://geo.abs.gov.au/arcgis/rest/services/ASGS2023/LGA/MapServer
2023	55320	Melville	5	https://geo.abs.gov.au/arcgis/rest/services/ASGS2023/LGA/MapServer
2023	55390	Menzies	5	https://geo.abs.gov.au/arcgis/rest/services/ASGS2023/LGA/MapServer
2023	55460	Merredin	5	https://geo.abs.gov.au/arcgis/rest/services/ASGS2023/LGA/MapServer
2023	55530	Mingenew	5	https://geo.abs.gov.au/arcgis/rest/services/ASGS2023/LGA/MapServer
2023	55600	Moora	5	https://geo.abs.gov.au/arcgis/rest/services/ASGS2023/LGA/MapServer
2023	55670	Morawa	5	https://geo.abs.gov.au/arcgis/rest/services/ASGS2023/LGA/MapServer
2023	55740	Mosman Park	5	https://geo.abs.gov.au/arcgis/rest/services/ASGS2023/LGA/MapServer
2023	55810	Mount Magnet	5	https://geo.abs.gov.au/arcgis/rest/services/ASGS2023/LGA/MapServer
2023	55880	Mount Marshall	5	https://geo.abs.gov.au/arcgis/rest/services/ASGS2023/LGA/MapServer
2023	55950	Mukinbudin	5	https://geo.abs.gov.au/arcgis/rest/services/ASGS2023/LGA/MapServer
2023	56090	Mundaring	5	https://geo.abs.gov.au/arcgis/rest/services/ASGS2023/LGA/MapServer
2023	56160	Murchison	5	https://geo.abs.gov.au/arcgis/rest/services/ASGS2023/LGA/MapServer
2023	56230	Murray	5	https://geo.abs.gov.au/arcgis/rest/services/ASGS2023/LGA/MapServer
2023	56300	Nannup	5	https://geo.abs.gov.au/arcgis/rest/services/ASGS2023/LGA/MapServer
2023	56370	Narembeen	5	https://geo.abs.gov.au/arcgis/rest/services/ASGS2023/LGA/MapServer
2023	56460	Narrogin	5	https://geo.abs.gov.au/arcgis/rest/services/ASGS2023/LGA/MapServer
2023	56580	Nedlands	5	https://geo.abs.gov.au/arcgis/rest/services/ASGS2023/LGA/MapServer
2023	56620	Ngaanyatjarraku	5	https://geo.abs.gov.au/arcgis/rest/services/ASGS2023/LGA/MapServer
2023	56730	Northam	5	https://geo.abs.gov.au/arcgis/rest/services/ASGS2023/LGA/MapServer
2023	56790	Northampton	5	https://geo.abs.gov.au/arcgis/rest/services/ASGS2023/LGA/MapServer
2023	56860	Nungarin	5	https://geo.abs.gov.au/arcgis/rest/services/ASGS2023/LGA/MapServer
2023	56930	Peppermint Grove	5	https://geo.abs.gov.au/arcgis/rest/services/ASGS2023/LGA/MapServer
2023	57000	Perenjori	5	https://geo.abs.gov.au/arcgis/rest/services/ASGS2023/LGA/MapServer
2023	57080	Perth	5	https://geo.abs.gov.au/arcgis/rest/services/ASGS2023/LGA/MapServer
2023	57140	Pingelly	5	https://geo.abs.gov.au/arcgis/rest/services/ASGS2023/LGA/MapServer
2023	57210	Plantagenet	5	https://geo.abs.gov.au/arcgis/rest/services/ASGS2023/LGA/MapServer
2023	57280	Port Hedland	5	https://geo.abs.gov.au/arcgis/rest/services/ASGS2023/LGA/MapServer
2023	57350	Quairading	5	https://geo.abs.gov.au/arcgis/rest/services/ASGS2023/LGA/MapServer
2023	57420	Ravensthorpe	5	https://geo.abs.gov.au/arcgis/rest/services/ASGS2023/LGA/MapServer
2023	57490	Rockingham	5	https://geo.abs.gov.au/arcgis/rest/services/ASGS2023/LGA/MapServer
2023	57630	Sandstone	5	https://geo.abs.gov.au/arcgis/rest/services/ASGS2023/LGA/MapServer
2023	57700	Serpentine-Jarrahdale	5	https://geo.abs.gov.au/arcgis/rest/services/ASGS2023/LGA/MapServer
2023	57770	Shark Bay	5	https://geo.abs.gov.au/arcgis/rest/services/ASGS2023/LGA/MapServer
2023	57840	South Perth	5	https://geo.abs.gov.au/arcgis/rest/services/ASGS2023/LGA/MapServer
2023	57910	Stirling	5	https://geo.abs.gov.au/arcgis/rest/services/ASGS2023/LGA/MapServer
2023	57980	Subiaco	5	https://geo.abs.gov.au/arcgis/rest/services/ASGS2023/LGA/MapServer
2023	58050	Swan	5	https://geo.abs.gov.au/arcgis/rest/services/ASGS2023/LGA/MapServer
2023	58190	Tammin	5	https://geo.abs.gov.au/arcgis/rest/services/ASGS2023/LGA/MapServer
2023	58260	Three Springs	5	https://geo.abs.gov.au/arcgis/rest/services/ASGS2023/LGA/MapServer
2023	58330	Toodyay	5	https://geo.abs.gov.au/arcgis/rest/services/ASGS2023/LGA/MapServer
2023	58400	Trayning	5	https://geo.abs.gov.au/arcgis/rest/services/ASGS2023/LGA/MapServer
2023	58470	Upper Gascoyne	5	https://geo.abs.gov.au/arcgis/rest/services/ASGS2023/LGA/MapServer
2023	58510	Victoria Park	5	https://geo.abs.gov.au/arcgis/rest/services/ASGS2023/LGA/MapServer
2023	58540	Victoria Plains	5	https://geo.abs.gov.au/arcgis/rest/services/ASGS2023/LGA/MapServer
2023	58570	Vincent	5	https://geo.abs.gov.au/arcgis/rest/services/ASGS2023/LGA/MapServer
2023	58610	Wagin	5	https://geo.abs.gov.au/arcgis/rest/services/ASGS2023/LGA/MapServer
2023	58680	Wandering	5	https://geo.abs.gov.au/arcgis/rest/services/ASGS2023/LGA/MapServer
2023	58760	Wanneroo	5	https://geo.abs.gov.au/arcgis/rest/services/ASGS2023/LGA/MapServer
2023	58820	Waroona	5	https://geo.abs.gov.au/arcgis/rest/services/ASGS2023/LGA/MapServer
2023	58890	West Arthur	5	https://geo.abs.gov.au/arcgis/rest/services/ASGS2023/LGA/MapServer
2023	59030	Westonia	5	https://geo.abs.gov.au/arcgis/rest/services/ASGS2023/LGA/MapServer
2023	59100	Wickepin	5	https://geo.abs.gov.au/arcgis/rest/services/ASGS2023/LGA/MapServer
2023	59170	Williams	5	https://geo.abs.gov.au/arcgis/rest/services/ASGS2023/LGA/MapServer
2023	59250	Wiluna	5	https://geo.abs.gov.au/arcgis/rest/services/ASGS2023/LGA/MapServer
2023	59310	Wongan-Ballidu	5	https://geo.abs.gov.au/arcgis/rest/services/ASGS2023/LGA/MapServer
2023	59320	Woodanilling	5	https://geo.abs.gov.au/arcgis/rest/services/ASGS2023/LGA/MapServer
2023	59330	Wyalkatchem	5	https://geo.abs.gov.au/arcgis/rest/services/ASGS2023/LGA/MapServer
2023	59340	Wyndham-East Kimberley	5	https://geo.abs.gov.au/arcgis/rest/services/ASGS2023/LGA/MapServer
2023	59350	Yalgoo	5	https://geo.abs.gov.au/arcgis/rest/services/ASGS2023/LGA/MapServer
2023	59360	Yilgarn	5	https://geo.abs.gov.au/arcgis/rest/services/ASGS2023/LGA/MapServer
2023	59370	York	5	https://geo.abs.gov.au/arcgis/rest/services/ASGS2023/LGA/MapServer
2023	59499	No usual address (WA)	5	https://geo.abs.gov.au/arcgis/rest/services/ASGS2023/LGA/MapServer
2023	59799	Migratory - Offshore - Shipping (WA)	5	https://geo.abs.gov.au/arcgis/rest/services/ASGS2023/LGA/MapServer
2023	60210	Break O'Day	6	https://geo.abs.gov.au/arcgis/rest/services/ASGS2023/LGA/MapServer
2023	60410	Brighton	6	https://geo.abs.gov.au/arcgis/rest/services/ASGS2023/LGA/MapServer
2023	60610	Burnie	6	https://geo.abs.gov.au/arcgis/rest/services/ASGS2023/LGA/MapServer
2023	60810	Central Coast (Tas.)	6	https://geo.abs.gov.au/arcgis/rest/services/ASGS2023/LGA/MapServer
2023	61010	Central Highlands (Tas.)	6	https://geo.abs.gov.au/arcgis/rest/services/ASGS2023/LGA/MapServer
2023	61210	Circular Head	6	https://geo.abs.gov.au/arcgis/rest/services/ASGS2023/LGA/MapServer
2023	61410	Clarence	6	https://geo.abs.gov.au/arcgis/rest/services/ASGS2023/LGA/MapServer
2023	61510	Derwent Valley	6	https://geo.abs.gov.au/arcgis/rest/services/ASGS2023/LGA/MapServer
2023	61610	Devonport	6	https://geo.abs.gov.au/arcgis/rest/services/ASGS2023/LGA/MapServer
2023	61810	Dorset	6	https://geo.abs.gov.au/arcgis/rest/services/ASGS2023/LGA/MapServer
2023	62010	Flinders (Tas.)	6	https://geo.abs.gov.au/arcgis/rest/services/ASGS2023/LGA/MapServer
2023	62210	George Town	6	https://geo.abs.gov.au/arcgis/rest/services/ASGS2023/LGA/MapServer
2023	62410	Glamorgan-Spring Bay	6	https://geo.abs.gov.au/arcgis/rest/services/ASGS2023/LGA/MapServer
2023	62610	Glenorchy	6	https://geo.abs.gov.au/arcgis/rest/services/ASGS2023/LGA/MapServer
2023	62810	Hobart	6	https://geo.abs.gov.au/arcgis/rest/services/ASGS2023/LGA/MapServer
2023	63010	Huon Valley	6	https://geo.abs.gov.au/arcgis/rest/services/ASGS2023/LGA/MapServer
2023	63210	Kentish	6	https://geo.abs.gov.au/arcgis/rest/services/ASGS2023/LGA/MapServer
2023	63410	King Island	6	https://geo.abs.gov.au/arcgis/rest/services/ASGS2023/LGA/MapServer
2023	63610	Kingborough	6	https://geo.abs.gov.au/arcgis/rest/services/ASGS2023/LGA/MapServer
2023	63810	Latrobe (Tas.)	6	https://geo.abs.gov.au/arcgis/rest/services/ASGS2023/LGA/MapServer
2023	64010	Launceston	6	https://geo.abs.gov.au/arcgis/rest/services/ASGS2023/LGA/MapServer
2023	64210	Meander Valley	6	https://geo.abs.gov.au/arcgis/rest/services/ASGS2023/LGA/MapServer
2023	64610	Northern Midlands	6	https://geo.abs.gov.au/arcgis/rest/services/ASGS2023/LGA/MapServer
2023	64810	Sorell	6	https://geo.abs.gov.au/arcgis/rest/services/ASGS2023/LGA/MapServer
2023	65010	Southern Midlands	6	https://geo.abs.gov.au/arcgis/rest/services/ASGS2023/LGA/MapServer
2023	65210	Tasman	6	https://geo.abs.gov.au/arcgis/rest/services/ASGS2023/LGA/MapServer
2023	65410	Waratah-Wynyard	6	https://geo.abs.gov.au/arcgis/rest/services/ASGS2023/LGA/MapServer
2023	65610	West Coast	6	https://geo.abs.gov.au/arcgis/rest/services/ASGS2023/LGA/MapServer
2023	65810	West Tamar	6	https://geo.abs.gov.au/arcgis/rest/services/ASGS2023/LGA/MapServer
2023	69499	No usual address (Tas.)	6	https://geo.abs.gov.au/arcgis/rest/services/ASGS2023/LGA/MapServer
2023	69799	Migratory - Offshore - Shipping (Tas.)	6	https://geo.abs.gov.au/arcgis/rest/services/ASGS2023/LGA/MapServer
2023	70200	Alice Springs	7	https://geo.abs.gov.au/arcgis/rest/services/ASGS2023/LGA/MapServer
2023	70420	Barkly	7	https://geo.abs.gov.au/arcgis/rest/services/ASGS2023/LGA/MapServer
2023	70540	Belyuen	7	https://geo.abs.gov.au/arcgis/rest/services/ASGS2023/LGA/MapServer
2023	70620	Central Desert	7	https://geo.abs.gov.au/arcgis/rest/services/ASGS2023/LGA/MapServer
2023	70700	Coomalie 	7	https://geo.abs.gov.au/arcgis/rest/services/ASGS2023/LGA/MapServer
2023	71000	Darwin	7	https://geo.abs.gov.au/arcgis/rest/services/ASGS2023/LGA/MapServer
2023	71150	Darwin Waterfront Precinct	7	https://geo.abs.gov.au/arcgis/rest/services/ASGS2023/LGA/MapServer
2023	71300	East Arnhem	7	https://geo.abs.gov.au/arcgis/rest/services/ASGS2023/LGA/MapServer
2023	72200	Katherine	7	https://geo.abs.gov.au/arcgis/rest/services/ASGS2023/LGA/MapServer
2023	72300	Litchfield	7	https://geo.abs.gov.au/arcgis/rest/services/ASGS2023/LGA/MapServer
2023	72330	MacDonnell	7	https://geo.abs.gov.au/arcgis/rest/services/ASGS2023/LGA/MapServer
2023	72800	Palmerston	7	https://geo.abs.gov.au/arcgis/rest/services/ASGS2023/LGA/MapServer
2023	73600	Roper Gulf	7	https://geo.abs.gov.au/arcgis/rest/services/ASGS2023/LGA/MapServer
2023	74050	Tiwi Islands	7	https://geo.abs.gov.au/arcgis/rest/services/ASGS2023/LGA/MapServer
2023	74550	Victoria Daly	7	https://geo.abs.gov.au/arcgis/rest/services/ASGS2023/LGA/MapServer
2023	74560	Wagait	7	https://geo.abs.gov.au/arcgis/rest/services/ASGS2023/LGA/MapServer
2023	74660	West Arnhem	7	https://geo.abs.gov.au/arcgis/rest/services/ASGS2023/LGA/MapServer
2023	74680	West Daly	7	https://geo.abs.gov.au/arcgis/rest/services/ASGS2023/LGA/MapServer
2023	79399	Unincorporated NT	7	https://geo.abs.gov.au/arcgis/rest/services/ASGS2023/LGA/MapServer
2023	79499	No usual address (NT)	7	https://geo.abs.gov.au/arcgis/rest/services/ASGS2023/LGA/MapServer
2023	79799	Migratory - Offshore - Shipping (NT)	7	https://geo.abs.gov.au/arcgis/rest/services/ASGS2023/LGA/MapServer
2023	89399	Unincorporated ACT	8	https://geo.abs.gov.au/arcgis/rest/services/ASGS2023/LGA/MapServer
2023	89499	No usual address (ACT)	8	https://geo.abs.gov.au/arcgis/rest/services/ASGS2023/LGA/MapServer
2023	89799	Migratory - Offshore - Shipping (ACT)	8	https://geo.abs.gov.au/arcgis/rest/services/ASGS2023/LGA/MapServer
2023	99399	Unincorp. Other Territories	9	https://geo.abs.gov.au/arcgis/rest/services/ASGS2023/LGA/MapServer
2023	99499	No usual address (OT)	9	https://geo.abs.gov.au/arcgis/rest/services/ASGS2023/LGA/MapServer
2023	99799	Migratory - Offshore - Shipping (OT)	9	https://geo.abs.gov.au/arcgis/rest/services/ASGS2023/LGA/MapServer
2023	ZZZZZ	Outside Australia	9	https://geo.abs.gov.au/arcgis/rest/services/ASGS2023/LGA/MapServer
2024	10050	Albury	1	https://geo.abs.gov.au/arcgis/rest/services/ASGS2024/LGA/MapServer
2024	10180	Armidale	1	https://geo.abs.gov.au/arcgis/rest/services/ASGS2024/LGA/MapServer
2024	10250	Ballina	1	https://geo.abs.gov.au/arcgis/rest/services/ASGS2024/LGA/MapServer
2024	10300	Balranald	1	https://geo.abs.gov.au/arcgis/rest/services/ASGS2024/LGA/MapServer
2024	10470	Bathurst	1	https://geo.abs.gov.au/arcgis/rest/services/ASGS2024/LGA/MapServer
2024	10500	Bayside (NSW)	1	https://geo.abs.gov.au/arcgis/rest/services/ASGS2024/LGA/MapServer
2024	10550	Bega Valley	1	https://geo.abs.gov.au/arcgis/rest/services/ASGS2024/LGA/MapServer
2024	10600	Bellingen	1	https://geo.abs.gov.au/arcgis/rest/services/ASGS2024/LGA/MapServer
2024	10650	Berrigan	1	https://geo.abs.gov.au/arcgis/rest/services/ASGS2024/LGA/MapServer
2024	10750	Blacktown	1	https://geo.abs.gov.au/arcgis/rest/services/ASGS2024/LGA/MapServer
2024	10800	Bland	1	https://geo.abs.gov.au/arcgis/rest/services/ASGS2024/LGA/MapServer
2024	10850	Blayney	1	https://geo.abs.gov.au/arcgis/rest/services/ASGS2024/LGA/MapServer
2024	10900	Blue Mountains	1	https://geo.abs.gov.au/arcgis/rest/services/ASGS2024/LGA/MapServer
2024	10950	Bogan	1	https://geo.abs.gov.au/arcgis/rest/services/ASGS2024/LGA/MapServer
2024	11150	Bourke	1	https://geo.abs.gov.au/arcgis/rest/services/ASGS2024/LGA/MapServer
2024	11200	Brewarrina	1	https://geo.abs.gov.au/arcgis/rest/services/ASGS2024/LGA/MapServer
2024	11250	Broken Hill	1	https://geo.abs.gov.au/arcgis/rest/services/ASGS2024/LGA/MapServer
2024	11300	Burwood	1	https://geo.abs.gov.au/arcgis/rest/services/ASGS2024/LGA/MapServer
2024	11350	Byron	1	https://geo.abs.gov.au/arcgis/rest/services/ASGS2024/LGA/MapServer
2024	11400	Cabonne	1	https://geo.abs.gov.au/arcgis/rest/services/ASGS2024/LGA/MapServer
2024	11450	Camden	1	https://geo.abs.gov.au/arcgis/rest/services/ASGS2024/LGA/MapServer
2024	11500	Campbelltown (NSW)	1	https://geo.abs.gov.au/arcgis/rest/services/ASGS2024/LGA/MapServer
2024	11520	Canada Bay	1	https://geo.abs.gov.au/arcgis/rest/services/ASGS2024/LGA/MapServer
2024	11570	Canterbury-Bankstown	1	https://geo.abs.gov.au/arcgis/rest/services/ASGS2024/LGA/MapServer
2024	11600	Carrathool	1	https://geo.abs.gov.au/arcgis/rest/services/ASGS2024/LGA/MapServer
2024	11650	Central Coast (NSW)	1	https://geo.abs.gov.au/arcgis/rest/services/ASGS2024/LGA/MapServer
2024	11700	Central Darling	1	https://geo.abs.gov.au/arcgis/rest/services/ASGS2024/LGA/MapServer
2024	11720	Cessnock	1	https://geo.abs.gov.au/arcgis/rest/services/ASGS2024/LGA/MapServer
2024	11730	Clarence Valley	1	https://geo.abs.gov.au/arcgis/rest/services/ASGS2024/LGA/MapServer
2024	11750	Cobar	1	https://geo.abs.gov.au/arcgis/rest/services/ASGS2024/LGA/MapServer
2024	11800	Coffs Harbour	1	https://geo.abs.gov.au/arcgis/rest/services/ASGS2024/LGA/MapServer
2024	12000	Coolamon	1	https://geo.abs.gov.au/arcgis/rest/services/ASGS2024/LGA/MapServer
2024	12150	Coonamble	1	https://geo.abs.gov.au/arcgis/rest/services/ASGS2024/LGA/MapServer
2024	12160	Cootamundra-Gundagai	1	https://geo.abs.gov.au/arcgis/rest/services/ASGS2024/LGA/MapServer
2024	12350	Cowra	1	https://geo.abs.gov.au/arcgis/rest/services/ASGS2024/LGA/MapServer
2024	12380	Cumberland	1	https://geo.abs.gov.au/arcgis/rest/services/ASGS2024/LGA/MapServer
2024	12390	Dubbo	1	https://geo.abs.gov.au/arcgis/rest/services/ASGS2024/LGA/MapServer
2024	12700	Dungog	1	https://geo.abs.gov.au/arcgis/rest/services/ASGS2024/LGA/MapServer
2024	12730	Edward River	1	https://geo.abs.gov.au/arcgis/rest/services/ASGS2024/LGA/MapServer
2024	12750	Eurobodalla	1	https://geo.abs.gov.au/arcgis/rest/services/ASGS2024/LGA/MapServer
2024	12850	Fairfield	1	https://geo.abs.gov.au/arcgis/rest/services/ASGS2024/LGA/MapServer
2024	12870	Federation	1	https://geo.abs.gov.au/arcgis/rest/services/ASGS2024/LGA/MapServer
2024	12900	Forbes	1	https://geo.abs.gov.au/arcgis/rest/services/ASGS2024/LGA/MapServer
2024	12930	Georges River	1	https://geo.abs.gov.au/arcgis/rest/services/ASGS2024/LGA/MapServer
2024	12950	Gilgandra	1	https://geo.abs.gov.au/arcgis/rest/services/ASGS2024/LGA/MapServer
2024	13010	Glen Innes Severn	1	https://geo.abs.gov.au/arcgis/rest/services/ASGS2024/LGA/MapServer
2024	13310	Goulburn Mulwaree	1	https://geo.abs.gov.au/arcgis/rest/services/ASGS2024/LGA/MapServer
2024	13340	Greater Hume	1	https://geo.abs.gov.au/arcgis/rest/services/ASGS2024/LGA/MapServer
2024	13450	Griffith	1	https://geo.abs.gov.au/arcgis/rest/services/ASGS2024/LGA/MapServer
2024	13550	Gunnedah	1	https://geo.abs.gov.au/arcgis/rest/services/ASGS2024/LGA/MapServer
2024	13660	Gwydir	1	https://geo.abs.gov.au/arcgis/rest/services/ASGS2024/LGA/MapServer
2024	13800	Hawkesbury	1	https://geo.abs.gov.au/arcgis/rest/services/ASGS2024/LGA/MapServer
2024	13850	Hay	1	https://geo.abs.gov.au/arcgis/rest/services/ASGS2024/LGA/MapServer
2024	13910	Hilltops	1	https://geo.abs.gov.au/arcgis/rest/services/ASGS2024/LGA/MapServer
2024	14000	Hornsby	1	https://geo.abs.gov.au/arcgis/rest/services/ASGS2024/LGA/MapServer
2024	14100	Hunters Hill	1	https://geo.abs.gov.au/arcgis/rest/services/ASGS2024/LGA/MapServer
2024	14170	Inner West	1	https://geo.abs.gov.au/arcgis/rest/services/ASGS2024/LGA/MapServer
2024	14220	Inverell	1	https://geo.abs.gov.au/arcgis/rest/services/ASGS2024/LGA/MapServer
2024	14300	Junee	1	https://geo.abs.gov.au/arcgis/rest/services/ASGS2024/LGA/MapServer
2024	14350	Kempsey	1	https://geo.abs.gov.au/arcgis/rest/services/ASGS2024/LGA/MapServer
2024	14400	Kiama	1	https://geo.abs.gov.au/arcgis/rest/services/ASGS2024/LGA/MapServer
2024	14500	Ku-ring-gai	1	https://geo.abs.gov.au/arcgis/rest/services/ASGS2024/LGA/MapServer
2024	14550	Kyogle	1	https://geo.abs.gov.au/arcgis/rest/services/ASGS2024/LGA/MapServer
2024	14600	Lachlan	1	https://geo.abs.gov.au/arcgis/rest/services/ASGS2024/LGA/MapServer
2024	14650	Lake Macquarie	1	https://geo.abs.gov.au/arcgis/rest/services/ASGS2024/LGA/MapServer
2024	14700	Lane Cove	1	https://geo.abs.gov.au/arcgis/rest/services/ASGS2024/LGA/MapServer
2024	14750	Leeton	1	https://geo.abs.gov.au/arcgis/rest/services/ASGS2024/LGA/MapServer
2024	14850	Lismore	1	https://geo.abs.gov.au/arcgis/rest/services/ASGS2024/LGA/MapServer
2024	14870	Lithgow	1	https://geo.abs.gov.au/arcgis/rest/services/ASGS2024/LGA/MapServer
2024	14900	Liverpool	1	https://geo.abs.gov.au/arcgis/rest/services/ASGS2024/LGA/MapServer
2024	14920	Liverpool Plains	1	https://geo.abs.gov.au/arcgis/rest/services/ASGS2024/LGA/MapServer
2024	14950	Lockhart	1	https://geo.abs.gov.au/arcgis/rest/services/ASGS2024/LGA/MapServer
2024	15050	Maitland	1	https://geo.abs.gov.au/arcgis/rest/services/ASGS2024/LGA/MapServer
2024	15240	Mid-Coast	1	https://geo.abs.gov.au/arcgis/rest/services/ASGS2024/LGA/MapServer
2024	15270	Mid-Western	1	https://geo.abs.gov.au/arcgis/rest/services/ASGS2024/LGA/MapServer
2024	15300	Moree Plains	1	https://geo.abs.gov.au/arcgis/rest/services/ASGS2024/LGA/MapServer
2024	15350	Mosman	1	https://geo.abs.gov.au/arcgis/rest/services/ASGS2024/LGA/MapServer
2024	15520	Murray River	1	https://geo.abs.gov.au/arcgis/rest/services/ASGS2024/LGA/MapServer
2024	15560	Murrumbidgee	1	https://geo.abs.gov.au/arcgis/rest/services/ASGS2024/LGA/MapServer
2024	15650	Muswellbrook	1	https://geo.abs.gov.au/arcgis/rest/services/ASGS2024/LGA/MapServer
2024	15700	Nambucca Valley	1	https://geo.abs.gov.au/arcgis/rest/services/ASGS2024/LGA/MapServer
2024	15750	Narrabri	1	https://geo.abs.gov.au/arcgis/rest/services/ASGS2024/LGA/MapServer
2024	15800	Narrandera	1	https://geo.abs.gov.au/arcgis/rest/services/ASGS2024/LGA/MapServer
2024	15850	Narromine	1	https://geo.abs.gov.au/arcgis/rest/services/ASGS2024/LGA/MapServer
2024	15900	Newcastle	1	https://geo.abs.gov.au/arcgis/rest/services/ASGS2024/LGA/MapServer
2024	15950	North Sydney	1	https://geo.abs.gov.au/arcgis/rest/services/ASGS2024/LGA/MapServer
2024	15990	Northern Beaches	1	https://geo.abs.gov.au/arcgis/rest/services/ASGS2024/LGA/MapServer
2024	16100	Oberon	1	https://geo.abs.gov.au/arcgis/rest/services/ASGS2024/LGA/MapServer
2024	16150	Orange	1	https://geo.abs.gov.au/arcgis/rest/services/ASGS2024/LGA/MapServer
2024	16200	Parkes	1	https://geo.abs.gov.au/arcgis/rest/services/ASGS2024/LGA/MapServer
2024	16260	Parramatta	1	https://geo.abs.gov.au/arcgis/rest/services/ASGS2024/LGA/MapServer
2024	16350	Penrith	1	https://geo.abs.gov.au/arcgis/rest/services/ASGS2024/LGA/MapServer
2024	16380	Port Macquarie-Hastings	1	https://geo.abs.gov.au/arcgis/rest/services/ASGS2024/LGA/MapServer
2024	16400	Port Stephens	1	https://geo.abs.gov.au/arcgis/rest/services/ASGS2024/LGA/MapServer
2024	16490	Queanbeyan-Palerang	1	https://geo.abs.gov.au/arcgis/rest/services/ASGS2024/LGA/MapServer
2024	16550	Randwick	1	https://geo.abs.gov.au/arcgis/rest/services/ASGS2024/LGA/MapServer
2024	16610	Richmond Valley	1	https://geo.abs.gov.au/arcgis/rest/services/ASGS2024/LGA/MapServer
2024	16700	Ryde	1	https://geo.abs.gov.au/arcgis/rest/services/ASGS2024/LGA/MapServer
2024	16900	Shellharbour	1	https://geo.abs.gov.au/arcgis/rest/services/ASGS2024/LGA/MapServer
2024	16950	Shoalhaven	1	https://geo.abs.gov.au/arcgis/rest/services/ASGS2024/LGA/MapServer
2024	17000	Singleton	1	https://geo.abs.gov.au/arcgis/rest/services/ASGS2024/LGA/MapServer
2024	17040	Snowy Monaro	1	https://geo.abs.gov.au/arcgis/rest/services/ASGS2024/LGA/MapServer
2024	17080	Snowy Valleys	1	https://geo.abs.gov.au/arcgis/rest/services/ASGS2024/LGA/MapServer
2024	17100	Strathfield	1	https://geo.abs.gov.au/arcgis/rest/services/ASGS2024/LGA/MapServer
2024	17150	Sutherland	1	https://geo.abs.gov.au/arcgis/rest/services/ASGS2024/LGA/MapServer
2024	17200	Sydney	1	https://geo.abs.gov.au/arcgis/rest/services/ASGS2024/LGA/MapServer
2024	17310	Tamworth	1	https://geo.abs.gov.au/arcgis/rest/services/ASGS2024/LGA/MapServer
2024	17350	Temora	1	https://geo.abs.gov.au/arcgis/rest/services/ASGS2024/LGA/MapServer
2024	17400	Tenterfield	1	https://geo.abs.gov.au/arcgis/rest/services/ASGS2024/LGA/MapServer
2024	17420	The Hills	1	https://geo.abs.gov.au/arcgis/rest/services/ASGS2024/LGA/MapServer
2024	17550	Tweed	1	https://geo.abs.gov.au/arcgis/rest/services/ASGS2024/LGA/MapServer
2024	17620	Upper Hunter	1	https://geo.abs.gov.au/arcgis/rest/services/ASGS2024/LGA/MapServer
2024	17640	Upper Lachlan	1	https://geo.abs.gov.au/arcgis/rest/services/ASGS2024/LGA/MapServer
2024	17650	Uralla	1	https://geo.abs.gov.au/arcgis/rest/services/ASGS2024/LGA/MapServer
2024	17750	Wagga Wagga	1	https://geo.abs.gov.au/arcgis/rest/services/ASGS2024/LGA/MapServer
2024	17850	Walcha	1	https://geo.abs.gov.au/arcgis/rest/services/ASGS2024/LGA/MapServer
2024	17900	Walgett	1	https://geo.abs.gov.au/arcgis/rest/services/ASGS2024/LGA/MapServer
2024	17950	Warren	1	https://geo.abs.gov.au/arcgis/rest/services/ASGS2024/LGA/MapServer
2024	18020	Warrumbungle	1	https://geo.abs.gov.au/arcgis/rest/services/ASGS2024/LGA/MapServer
2024	18050	Waverley	1	https://geo.abs.gov.au/arcgis/rest/services/ASGS2024/LGA/MapServer
2024	18100	Weddin	1	https://geo.abs.gov.au/arcgis/rest/services/ASGS2024/LGA/MapServer
2024	18200	Wentworth	1	https://geo.abs.gov.au/arcgis/rest/services/ASGS2024/LGA/MapServer
2024	18250	Willoughby	1	https://geo.abs.gov.au/arcgis/rest/services/ASGS2024/LGA/MapServer
2024	18350	Wingecarribee	1	https://geo.abs.gov.au/arcgis/rest/services/ASGS2024/LGA/MapServer
2024	18400	Wollondilly	1	https://geo.abs.gov.au/arcgis/rest/services/ASGS2024/LGA/MapServer
2024	18450	Wollongong	1	https://geo.abs.gov.au/arcgis/rest/services/ASGS2024/LGA/MapServer
2024	18500	Woollahra	1	https://geo.abs.gov.au/arcgis/rest/services/ASGS2024/LGA/MapServer
2024	18710	Yass Valley	1	https://geo.abs.gov.au/arcgis/rest/services/ASGS2024/LGA/MapServer
2024	19399	Unincorporated NSW	1	https://geo.abs.gov.au/arcgis/rest/services/ASGS2024/LGA/MapServer
2024	19499	No usual address (NSW)	1	https://geo.abs.gov.au/arcgis/rest/services/ASGS2024/LGA/MapServer
2024	19799	Migratory - Offshore - Shipping (NSW)	1	https://geo.abs.gov.au/arcgis/rest/services/ASGS2024/LGA/MapServer
2024	20110	Alpine	2	https://geo.abs.gov.au/arcgis/rest/services/ASGS2024/LGA/MapServer
2024	20260	Ararat	2	https://geo.abs.gov.au/arcgis/rest/services/ASGS2024/LGA/MapServer
2024	20570	Ballarat	2	https://geo.abs.gov.au/arcgis/rest/services/ASGS2024/LGA/MapServer
2024	20660	Banyule	2	https://geo.abs.gov.au/arcgis/rest/services/ASGS2024/LGA/MapServer
2024	20740	Bass Coast	2	https://geo.abs.gov.au/arcgis/rest/services/ASGS2024/LGA/MapServer
2024	20830	Baw Baw	2	https://geo.abs.gov.au/arcgis/rest/services/ASGS2024/LGA/MapServer
2024	20910	Bayside (Vic.)	2	https://geo.abs.gov.au/arcgis/rest/services/ASGS2024/LGA/MapServer
2024	21010	Benalla	2	https://geo.abs.gov.au/arcgis/rest/services/ASGS2024/LGA/MapServer
2024	21110	Boroondara	2	https://geo.abs.gov.au/arcgis/rest/services/ASGS2024/LGA/MapServer
2024	21180	Brimbank	2	https://geo.abs.gov.au/arcgis/rest/services/ASGS2024/LGA/MapServer
2024	21270	Buloke	2	https://geo.abs.gov.au/arcgis/rest/services/ASGS2024/LGA/MapServer
2024	21370	Campaspe	2	https://geo.abs.gov.au/arcgis/rest/services/ASGS2024/LGA/MapServer
2024	21450	Cardinia	2	https://geo.abs.gov.au/arcgis/rest/services/ASGS2024/LGA/MapServer
2024	21610	Casey	2	https://geo.abs.gov.au/arcgis/rest/services/ASGS2024/LGA/MapServer
2024	21670	Central Goldfields	2	https://geo.abs.gov.au/arcgis/rest/services/ASGS2024/LGA/MapServer
2024	21750	Colac Otway	2	https://geo.abs.gov.au/arcgis/rest/services/ASGS2024/LGA/MapServer
2024	21830	Corangamite	2	https://geo.abs.gov.au/arcgis/rest/services/ASGS2024/LGA/MapServer
2024	21890	Darebin	2	https://geo.abs.gov.au/arcgis/rest/services/ASGS2024/LGA/MapServer
2024	22110	East Gippsland	2	https://geo.abs.gov.au/arcgis/rest/services/ASGS2024/LGA/MapServer
2024	22170	Frankston	2	https://geo.abs.gov.au/arcgis/rest/services/ASGS2024/LGA/MapServer
2024	22250	Gannawarra	2	https://geo.abs.gov.au/arcgis/rest/services/ASGS2024/LGA/MapServer
2024	22310	Glen Eira	2	https://geo.abs.gov.au/arcgis/rest/services/ASGS2024/LGA/MapServer
2024	22410	Glenelg	2	https://geo.abs.gov.au/arcgis/rest/services/ASGS2024/LGA/MapServer
2024	22490	Golden Plains	2	https://geo.abs.gov.au/arcgis/rest/services/ASGS2024/LGA/MapServer
2024	22620	Greater Bendigo	2	https://geo.abs.gov.au/arcgis/rest/services/ASGS2024/LGA/MapServer
2024	22670	Greater Dandenong	2	https://geo.abs.gov.au/arcgis/rest/services/ASGS2024/LGA/MapServer
2024	22750	Greater Geelong	2	https://geo.abs.gov.au/arcgis/rest/services/ASGS2024/LGA/MapServer
2024	22830	Greater Shepparton	2	https://geo.abs.gov.au/arcgis/rest/services/ASGS2024/LGA/MapServer
2024	22910	Hepburn	2	https://geo.abs.gov.au/arcgis/rest/services/ASGS2024/LGA/MapServer
2024	22980	Hindmarsh	2	https://geo.abs.gov.au/arcgis/rest/services/ASGS2024/LGA/MapServer
2024	23110	Hobsons Bay	2	https://geo.abs.gov.au/arcgis/rest/services/ASGS2024/LGA/MapServer
2024	23190	Horsham	2	https://geo.abs.gov.au/arcgis/rest/services/ASGS2024/LGA/MapServer
2024	23270	Hume	2	https://geo.abs.gov.au/arcgis/rest/services/ASGS2024/LGA/MapServer
2024	23350	Indigo	2	https://geo.abs.gov.au/arcgis/rest/services/ASGS2024/LGA/MapServer
2024	23430	Kingston (Vic.)	2	https://geo.abs.gov.au/arcgis/rest/services/ASGS2024/LGA/MapServer
2024	23670	Knox	2	https://geo.abs.gov.au/arcgis/rest/services/ASGS2024/LGA/MapServer
2024	23810	Latrobe (Vic.)	2	https://geo.abs.gov.au/arcgis/rest/services/ASGS2024/LGA/MapServer
2024	23940	Loddon	2	https://geo.abs.gov.au/arcgis/rest/services/ASGS2024/LGA/MapServer
2024	24130	Macedon Ranges	2	https://geo.abs.gov.au/arcgis/rest/services/ASGS2024/LGA/MapServer
2024	24210	Manningham	2	https://geo.abs.gov.au/arcgis/rest/services/ASGS2024/LGA/MapServer
2024	24250	Mansfield	2	https://geo.abs.gov.au/arcgis/rest/services/ASGS2024/LGA/MapServer
2024	24330	Maribyrnong	2	https://geo.abs.gov.au/arcgis/rest/services/ASGS2024/LGA/MapServer
2024	24410	Maroondah	2	https://geo.abs.gov.au/arcgis/rest/services/ASGS2024/LGA/MapServer
2024	24600	Melbourne	2	https://geo.abs.gov.au/arcgis/rest/services/ASGS2024/LGA/MapServer
2024	24650	Melton	2	https://geo.abs.gov.au/arcgis/rest/services/ASGS2024/LGA/MapServer
2024	24700	Merri-bek	2	https://geo.abs.gov.au/arcgis/rest/services/ASGS2024/LGA/MapServer
2024	24780	Mildura	2	https://geo.abs.gov.au/arcgis/rest/services/ASGS2024/LGA/MapServer
2024	24850	Mitchell	2	https://geo.abs.gov.au/arcgis/rest/services/ASGS2024/LGA/MapServer
2024	24900	Moira	2	https://geo.abs.gov.au/arcgis/rest/services/ASGS2024/LGA/MapServer
2024	24970	Monash	2	https://geo.abs.gov.au/arcgis/rest/services/ASGS2024/LGA/MapServer
2024	25060	Moonee Valley	2	https://geo.abs.gov.au/arcgis/rest/services/ASGS2024/LGA/MapServer
2024	25150	Moorabool	2	https://geo.abs.gov.au/arcgis/rest/services/ASGS2024/LGA/MapServer
2024	25340	Mornington Peninsula	2	https://geo.abs.gov.au/arcgis/rest/services/ASGS2024/LGA/MapServer
2024	25430	Mount Alexander	2	https://geo.abs.gov.au/arcgis/rest/services/ASGS2024/LGA/MapServer
2024	25490	Moyne	2	https://geo.abs.gov.au/arcgis/rest/services/ASGS2024/LGA/MapServer
2024	25620	Murrindindi	2	https://geo.abs.gov.au/arcgis/rest/services/ASGS2024/LGA/MapServer
2024	25710	Nillumbik	2	https://geo.abs.gov.au/arcgis/rest/services/ASGS2024/LGA/MapServer
2024	25810	Northern Grampians	2	https://geo.abs.gov.au/arcgis/rest/services/ASGS2024/LGA/MapServer
2024	25900	Port Phillip	2	https://geo.abs.gov.au/arcgis/rest/services/ASGS2024/LGA/MapServer
2024	25990	Pyrenees	2	https://geo.abs.gov.au/arcgis/rest/services/ASGS2024/LGA/MapServer
2024	26080	Queenscliffe	2	https://geo.abs.gov.au/arcgis/rest/services/ASGS2024/LGA/MapServer
2024	26170	South Gippsland	2	https://geo.abs.gov.au/arcgis/rest/services/ASGS2024/LGA/MapServer
2024	26260	Southern Grampians	2	https://geo.abs.gov.au/arcgis/rest/services/ASGS2024/LGA/MapServer
2024	26350	Stonnington	2	https://geo.abs.gov.au/arcgis/rest/services/ASGS2024/LGA/MapServer
2024	26430	Strathbogie	2	https://geo.abs.gov.au/arcgis/rest/services/ASGS2024/LGA/MapServer
2024	26490	Surf Coast	2	https://geo.abs.gov.au/arcgis/rest/services/ASGS2024/LGA/MapServer
2024	26610	Swan Hill	2	https://geo.abs.gov.au/arcgis/rest/services/ASGS2024/LGA/MapServer
2024	26670	Towong	2	https://geo.abs.gov.au/arcgis/rest/services/ASGS2024/LGA/MapServer
2024	26700	Wangaratta	2	https://geo.abs.gov.au/arcgis/rest/services/ASGS2024/LGA/MapServer
2024	26730	Warrnambool	2	https://geo.abs.gov.au/arcgis/rest/services/ASGS2024/LGA/MapServer
2024	26810	Wellington	2	https://geo.abs.gov.au/arcgis/rest/services/ASGS2024/LGA/MapServer
2024	26890	West Wimmera	2	https://geo.abs.gov.au/arcgis/rest/services/ASGS2024/LGA/MapServer
2024	26980	Whitehorse	2	https://geo.abs.gov.au/arcgis/rest/services/ASGS2024/LGA/MapServer
2024	27070	Whittlesea	2	https://geo.abs.gov.au/arcgis/rest/services/ASGS2024/LGA/MapServer
2024	27170	Wodonga	2	https://geo.abs.gov.au/arcgis/rest/services/ASGS2024/LGA/MapServer
2024	27260	Wyndham	2	https://geo.abs.gov.au/arcgis/rest/services/ASGS2024/LGA/MapServer
2024	27350	Yarra	2	https://geo.abs.gov.au/arcgis/rest/services/ASGS2024/LGA/MapServer
2024	27450	Yarra Ranges	2	https://geo.abs.gov.au/arcgis/rest/services/ASGS2024/LGA/MapServer
2024	27630	Yarriambiack	2	https://geo.abs.gov.au/arcgis/rest/services/ASGS2024/LGA/MapServer
2024	29399	Unincorporated Vic	2	https://geo.abs.gov.au/arcgis/rest/services/ASGS2024/LGA/MapServer
2024	29499	No usual address (Vic.)	2	https://geo.abs.gov.au/arcgis/rest/services/ASGS2024/LGA/MapServer
2024	29799	Migratory - Offshore - Shipping (Vic.)	2	https://geo.abs.gov.au/arcgis/rest/services/ASGS2024/LGA/MapServer
2024	30250	Aurukun	3	https://geo.abs.gov.au/arcgis/rest/services/ASGS2024/LGA/MapServer
2024	30300	Balonne	3	https://geo.abs.gov.au/arcgis/rest/services/ASGS2024/LGA/MapServer
2024	30370	Banana	3	https://geo.abs.gov.au/arcgis/rest/services/ASGS2024/LGA/MapServer
2024	30410	Barcaldine	3	https://geo.abs.gov.au/arcgis/rest/services/ASGS2024/LGA/MapServer
2024	30450	Barcoo	3	https://geo.abs.gov.au/arcgis/rest/services/ASGS2024/LGA/MapServer
2024	30760	Blackall Tambo	3	https://geo.abs.gov.au/arcgis/rest/services/ASGS2024/LGA/MapServer
2024	30900	Boulia	3	https://geo.abs.gov.au/arcgis/rest/services/ASGS2024/LGA/MapServer
2024	31000	Brisbane	3	https://geo.abs.gov.au/arcgis/rest/services/ASGS2024/LGA/MapServer
2024	31750	Bulloo	3	https://geo.abs.gov.au/arcgis/rest/services/ASGS2024/LGA/MapServer
2024	31820	Bundaberg	3	https://geo.abs.gov.au/arcgis/rest/services/ASGS2024/LGA/MapServer
2024	31900	Burdekin	3	https://geo.abs.gov.au/arcgis/rest/services/ASGS2024/LGA/MapServer
2024	31950	Burke	3	https://geo.abs.gov.au/arcgis/rest/services/ASGS2024/LGA/MapServer
2024	32080	Cairns	3	https://geo.abs.gov.au/arcgis/rest/services/ASGS2024/LGA/MapServer
2024	32250	Carpentaria	3	https://geo.abs.gov.au/arcgis/rest/services/ASGS2024/LGA/MapServer
2024	32260	Cassowary Coast	3	https://geo.abs.gov.au/arcgis/rest/services/ASGS2024/LGA/MapServer
2024	32270	Central Highlands (Qld)	3	https://geo.abs.gov.au/arcgis/rest/services/ASGS2024/LGA/MapServer
2024	32310	Charters Towers	3	https://geo.abs.gov.au/arcgis/rest/services/ASGS2024/LGA/MapServer
2024	32330	Cherbourg	3	https://geo.abs.gov.au/arcgis/rest/services/ASGS2024/LGA/MapServer
2024	32450	Cloncurry	3	https://geo.abs.gov.au/arcgis/rest/services/ASGS2024/LGA/MapServer
2024	32500	Cook	3	https://geo.abs.gov.au/arcgis/rest/services/ASGS2024/LGA/MapServer
2024	32600	Croydon	3	https://geo.abs.gov.au/arcgis/rest/services/ASGS2024/LGA/MapServer
2024	32750	Diamantina	3	https://geo.abs.gov.au/arcgis/rest/services/ASGS2024/LGA/MapServer
2024	32770	Doomadgee	3	https://geo.abs.gov.au/arcgis/rest/services/ASGS2024/LGA/MapServer
2024	32810	Douglas	3	https://geo.abs.gov.au/arcgis/rest/services/ASGS2024/LGA/MapServer
2024	33100	Etheridge	3	https://geo.abs.gov.au/arcgis/rest/services/ASGS2024/LGA/MapServer
2024	33200	Flinders (Qld)	3	https://geo.abs.gov.au/arcgis/rest/services/ASGS2024/LGA/MapServer
2024	33220	Fraser Coast	3	https://geo.abs.gov.au/arcgis/rest/services/ASGS2024/LGA/MapServer
2024	33360	Gladstone	3	https://geo.abs.gov.au/arcgis/rest/services/ASGS2024/LGA/MapServer
2024	33430	Gold Coast	3	https://geo.abs.gov.au/arcgis/rest/services/ASGS2024/LGA/MapServer
2024	33610	Goondiwindi	3	https://geo.abs.gov.au/arcgis/rest/services/ASGS2024/LGA/MapServer
2024	33620	Gympie	3	https://geo.abs.gov.au/arcgis/rest/services/ASGS2024/LGA/MapServer
2024	33800	Hinchinbrook	3	https://geo.abs.gov.au/arcgis/rest/services/ASGS2024/LGA/MapServer
2024	33830	Hope Vale	3	https://geo.abs.gov.au/arcgis/rest/services/ASGS2024/LGA/MapServer
2024	33960	Ipswich	3	https://geo.abs.gov.au/arcgis/rest/services/ASGS2024/LGA/MapServer
2024	33980	Isaac	3	https://geo.abs.gov.au/arcgis/rest/services/ASGS2024/LGA/MapServer
2024	34420	Kowanyama	3	https://geo.abs.gov.au/arcgis/rest/services/ASGS2024/LGA/MapServer
2024	34530	Livingstone	3	https://geo.abs.gov.au/arcgis/rest/services/ASGS2024/LGA/MapServer
2024	34570	Lockhart River	3	https://geo.abs.gov.au/arcgis/rest/services/ASGS2024/LGA/MapServer
2024	34580	Lockyer Valley	3	https://geo.abs.gov.au/arcgis/rest/services/ASGS2024/LGA/MapServer
2024	34590	Logan	3	https://geo.abs.gov.au/arcgis/rest/services/ASGS2024/LGA/MapServer
2024	34710	Longreach	3	https://geo.abs.gov.au/arcgis/rest/services/ASGS2024/LGA/MapServer
2024	34770	Mackay	3	https://geo.abs.gov.au/arcgis/rest/services/ASGS2024/LGA/MapServer
2024	34800	McKinlay	3	https://geo.abs.gov.au/arcgis/rest/services/ASGS2024/LGA/MapServer
2024	34830	Mapoon	3	https://geo.abs.gov.au/arcgis/rest/services/ASGS2024/LGA/MapServer
2024	34860	Maranoa	3	https://geo.abs.gov.au/arcgis/rest/services/ASGS2024/LGA/MapServer
2024	34880	Mareeba	3	https://geo.abs.gov.au/arcgis/rest/services/ASGS2024/LGA/MapServer
2024	35010	Moreton Bay	3	https://geo.abs.gov.au/arcgis/rest/services/ASGS2024/LGA/MapServer
2024	35250	Mornington	3	https://geo.abs.gov.au/arcgis/rest/services/ASGS2024/LGA/MapServer
2024	35300	Mount Isa	3	https://geo.abs.gov.au/arcgis/rest/services/ASGS2024/LGA/MapServer
2024	35600	Murweh	3	https://geo.abs.gov.au/arcgis/rest/services/ASGS2024/LGA/MapServer
2024	35670	Napranum	3	https://geo.abs.gov.au/arcgis/rest/services/ASGS2024/LGA/MapServer
2024	35740	Noosa	3	https://geo.abs.gov.au/arcgis/rest/services/ASGS2024/LGA/MapServer
2024	35760	North Burnett	3	https://geo.abs.gov.au/arcgis/rest/services/ASGS2024/LGA/MapServer
2024	35780	Northern Peninsula Area	3	https://geo.abs.gov.au/arcgis/rest/services/ASGS2024/LGA/MapServer
2024	35790	Palm Island	3	https://geo.abs.gov.au/arcgis/rest/services/ASGS2024/LGA/MapServer
2024	35800	Paroo	3	https://geo.abs.gov.au/arcgis/rest/services/ASGS2024/LGA/MapServer
2024	36070	Pormpuraaw	3	https://geo.abs.gov.au/arcgis/rest/services/ASGS2024/LGA/MapServer
2024	36150	Quilpie	3	https://geo.abs.gov.au/arcgis/rest/services/ASGS2024/LGA/MapServer
2024	36250	Redland	3	https://geo.abs.gov.au/arcgis/rest/services/ASGS2024/LGA/MapServer
2024	36300	Richmond	3	https://geo.abs.gov.au/arcgis/rest/services/ASGS2024/LGA/MapServer
2024	36370	Rockhampton	3	https://geo.abs.gov.au/arcgis/rest/services/ASGS2024/LGA/MapServer
2024	36510	Scenic Rim	3	https://geo.abs.gov.au/arcgis/rest/services/ASGS2024/LGA/MapServer
2024	36580	Somerset	3	https://geo.abs.gov.au/arcgis/rest/services/ASGS2024/LGA/MapServer
2024	36630	South Burnett	3	https://geo.abs.gov.au/arcgis/rest/services/ASGS2024/LGA/MapServer
2024	36660	Southern Downs	3	https://geo.abs.gov.au/arcgis/rest/services/ASGS2024/LGA/MapServer
2024	36720	Sunshine Coast	3	https://geo.abs.gov.au/arcgis/rest/services/ASGS2024/LGA/MapServer
2024	36820	Tablelands	3	https://geo.abs.gov.au/arcgis/rest/services/ASGS2024/LGA/MapServer
2024	36910	Toowoomba	3	https://geo.abs.gov.au/arcgis/rest/services/ASGS2024/LGA/MapServer
2024	36950	Torres	3	https://geo.abs.gov.au/arcgis/rest/services/ASGS2024/LGA/MapServer
2024	36960	Torres Strait Island	3	https://geo.abs.gov.au/arcgis/rest/services/ASGS2024/LGA/MapServer
2024	37010	Townsville	3	https://geo.abs.gov.au/arcgis/rest/services/ASGS2024/LGA/MapServer
2024	37300	Weipa	3	https://geo.abs.gov.au/arcgis/rest/services/ASGS2024/LGA/MapServer
2024	37310	Western Downs	3	https://geo.abs.gov.au/arcgis/rest/services/ASGS2024/LGA/MapServer
2024	37340	Whitsunday	3	https://geo.abs.gov.au/arcgis/rest/services/ASGS2024/LGA/MapServer
2024	37400	Winton	3	https://geo.abs.gov.au/arcgis/rest/services/ASGS2024/LGA/MapServer
2024	37550	Woorabinda	3	https://geo.abs.gov.au/arcgis/rest/services/ASGS2024/LGA/MapServer
2024	37570	Wujal Wujal	3	https://geo.abs.gov.au/arcgis/rest/services/ASGS2024/LGA/MapServer
2024	37600	Yarrabah	3	https://geo.abs.gov.au/arcgis/rest/services/ASGS2024/LGA/MapServer
2024	39499	No usual address (Qld)	3	https://geo.abs.gov.au/arcgis/rest/services/ASGS2024/LGA/MapServer
2024	39799	Migratory - Offshore - Shipping (Qld)	3	https://geo.abs.gov.au/arcgis/rest/services/ASGS2024/LGA/MapServer
2024	40070	Adelaide	4	https://geo.abs.gov.au/arcgis/rest/services/ASGS2024/LGA/MapServer
2024	40120	Adelaide Hills	4	https://geo.abs.gov.au/arcgis/rest/services/ASGS2024/LGA/MapServer
2024	40150	Adelaide Plains	4	https://geo.abs.gov.au/arcgis/rest/services/ASGS2024/LGA/MapServer
2024	40220	Alexandrina	4	https://geo.abs.gov.au/arcgis/rest/services/ASGS2024/LGA/MapServer
2024	40250	Anangu Pitjantjatjara Yankunytjatjara	4	https://geo.abs.gov.au/arcgis/rest/services/ASGS2024/LGA/MapServer
2024	40310	Barossa	4	https://geo.abs.gov.au/arcgis/rest/services/ASGS2024/LGA/MapServer
2024	40430	Barunga West	4	https://geo.abs.gov.au/arcgis/rest/services/ASGS2024/LGA/MapServer
2024	40520	Berri Barmera	4	https://geo.abs.gov.au/arcgis/rest/services/ASGS2024/LGA/MapServer
2024	40700	Burnside	4	https://geo.abs.gov.au/arcgis/rest/services/ASGS2024/LGA/MapServer
2024	40910	Campbelltown (SA)	4	https://geo.abs.gov.au/arcgis/rest/services/ASGS2024/LGA/MapServer
2024	41010	Ceduna	4	https://geo.abs.gov.au/arcgis/rest/services/ASGS2024/LGA/MapServer
2024	41060	Charles Sturt	4	https://geo.abs.gov.au/arcgis/rest/services/ASGS2024/LGA/MapServer
2024	41140	Clare and Gilbert Valleys	4	https://geo.abs.gov.au/arcgis/rest/services/ASGS2024/LGA/MapServer
2024	41190	Cleve	4	https://geo.abs.gov.au/arcgis/rest/services/ASGS2024/LGA/MapServer
2024	41330	Coober Pedy	4	https://geo.abs.gov.au/arcgis/rest/services/ASGS2024/LGA/MapServer
2024	41560	Copper Coast	4	https://geo.abs.gov.au/arcgis/rest/services/ASGS2024/LGA/MapServer
2024	41750	Elliston	4	https://geo.abs.gov.au/arcgis/rest/services/ASGS2024/LGA/MapServer
2024	41830	Flinders Ranges	4	https://geo.abs.gov.au/arcgis/rest/services/ASGS2024/LGA/MapServer
2024	41960	Franklin Harbour	4	https://geo.abs.gov.au/arcgis/rest/services/ASGS2024/LGA/MapServer
2024	42030	Gawler	4	https://geo.abs.gov.au/arcgis/rest/services/ASGS2024/LGA/MapServer
2024	42110	Goyder	4	https://geo.abs.gov.au/arcgis/rest/services/ASGS2024/LGA/MapServer
2024	42250	Grant	4	https://geo.abs.gov.au/arcgis/rest/services/ASGS2024/LGA/MapServer
2024	42600	Holdfast Bay	4	https://geo.abs.gov.au/arcgis/rest/services/ASGS2024/LGA/MapServer
2024	42750	Kangaroo Island	4	https://geo.abs.gov.au/arcgis/rest/services/ASGS2024/LGA/MapServer
2024	43080	Karoonda East Murray	4	https://geo.abs.gov.au/arcgis/rest/services/ASGS2024/LGA/MapServer
2024	43220	Kimba	4	https://geo.abs.gov.au/arcgis/rest/services/ASGS2024/LGA/MapServer
2024	43360	Kingston (SA)	4	https://geo.abs.gov.au/arcgis/rest/services/ASGS2024/LGA/MapServer
2024	43650	Light	4	https://geo.abs.gov.au/arcgis/rest/services/ASGS2024/LGA/MapServer
2024	43710	Lower Eyre Peninsula	4	https://geo.abs.gov.au/arcgis/rest/services/ASGS2024/LGA/MapServer
2024	43790	Loxton Waikerie	4	https://geo.abs.gov.au/arcgis/rest/services/ASGS2024/LGA/MapServer
2024	44000	Maralinga Tjarutja	4	https://geo.abs.gov.au/arcgis/rest/services/ASGS2024/LGA/MapServer
2024	44060	Marion	4	https://geo.abs.gov.au/arcgis/rest/services/ASGS2024/LGA/MapServer
2024	44210	Mid Murray	4	https://geo.abs.gov.au/arcgis/rest/services/ASGS2024/LGA/MapServer
2024	44340	Mitcham	4	https://geo.abs.gov.au/arcgis/rest/services/ASGS2024/LGA/MapServer
2024	44550	Mount Barker	4	https://geo.abs.gov.au/arcgis/rest/services/ASGS2024/LGA/MapServer
2024	44620	Mount Gambier	4	https://geo.abs.gov.au/arcgis/rest/services/ASGS2024/LGA/MapServer
2024	44830	Mount Remarkable	4	https://geo.abs.gov.au/arcgis/rest/services/ASGS2024/LGA/MapServer
2024	45040	Murray Bridge	4	https://geo.abs.gov.au/arcgis/rest/services/ASGS2024/LGA/MapServer
2024	45090	Naracoorte Lucindale	4	https://geo.abs.gov.au/arcgis/rest/services/ASGS2024/LGA/MapServer
2024	45120	Northern Areas	4	https://geo.abs.gov.au/arcgis/rest/services/ASGS2024/LGA/MapServer
2024	45290	Norwood Payneham and St Peters	4	https://geo.abs.gov.au/arcgis/rest/services/ASGS2024/LGA/MapServer
2024	45340	Onkaparinga	4	https://geo.abs.gov.au/arcgis/rest/services/ASGS2024/LGA/MapServer
2024	45400	Orroroo Carrieton	4	https://geo.abs.gov.au/arcgis/rest/services/ASGS2024/LGA/MapServer
2024	45540	Peterborough	4	https://geo.abs.gov.au/arcgis/rest/services/ASGS2024/LGA/MapServer
2024	45680	Playford	4	https://geo.abs.gov.au/arcgis/rest/services/ASGS2024/LGA/MapServer
2024	45890	Port Adelaide Enfield	4	https://geo.abs.gov.au/arcgis/rest/services/ASGS2024/LGA/MapServer
2024	46090	Port Augusta	4	https://geo.abs.gov.au/arcgis/rest/services/ASGS2024/LGA/MapServer
2024	46300	Port Lincoln	4	https://geo.abs.gov.au/arcgis/rest/services/ASGS2024/LGA/MapServer
2024	46450	Port Pirie	4	https://geo.abs.gov.au/arcgis/rest/services/ASGS2024/LGA/MapServer
2024	46510	Prospect	4	https://geo.abs.gov.au/arcgis/rest/services/ASGS2024/LGA/MapServer
2024	46670	Renmark Paringa	4	https://geo.abs.gov.au/arcgis/rest/services/ASGS2024/LGA/MapServer
2024	46860	Robe	4	https://geo.abs.gov.au/arcgis/rest/services/ASGS2024/LGA/MapServer
2024	46970	Roxby Downs	4	https://geo.abs.gov.au/arcgis/rest/services/ASGS2024/LGA/MapServer
2024	47140	Salisbury	4	https://geo.abs.gov.au/arcgis/rest/services/ASGS2024/LGA/MapServer
2024	47290	Southern Mallee	4	https://geo.abs.gov.au/arcgis/rest/services/ASGS2024/LGA/MapServer
2024	47490	Streaky Bay	4	https://geo.abs.gov.au/arcgis/rest/services/ASGS2024/LGA/MapServer
2024	47630	Tatiara	4	https://geo.abs.gov.au/arcgis/rest/services/ASGS2024/LGA/MapServer
2024	47700	Tea Tree Gully	4	https://geo.abs.gov.au/arcgis/rest/services/ASGS2024/LGA/MapServer
2024	47800	Coorong	4	https://geo.abs.gov.au/arcgis/rest/services/ASGS2024/LGA/MapServer
2024	47910	Tumby Bay	4	https://geo.abs.gov.au/arcgis/rest/services/ASGS2024/LGA/MapServer
2024	47980	Unley	4	https://geo.abs.gov.au/arcgis/rest/services/ASGS2024/LGA/MapServer
2024	48050	Victor Harbor	4	https://geo.abs.gov.au/arcgis/rest/services/ASGS2024/LGA/MapServer
2024	48130	Wakefield	4	https://geo.abs.gov.au/arcgis/rest/services/ASGS2024/LGA/MapServer
2024	48260	Walkerville	4	https://geo.abs.gov.au/arcgis/rest/services/ASGS2024/LGA/MapServer
2024	48340	Wattle Range	4	https://geo.abs.gov.au/arcgis/rest/services/ASGS2024/LGA/MapServer
2024	48410	West Torrens	4	https://geo.abs.gov.au/arcgis/rest/services/ASGS2024/LGA/MapServer
2024	48540	Whyalla	4	https://geo.abs.gov.au/arcgis/rest/services/ASGS2024/LGA/MapServer
2024	48640	Wudinna	4	https://geo.abs.gov.au/arcgis/rest/services/ASGS2024/LGA/MapServer
2024	48750	Yankalilla	4	https://geo.abs.gov.au/arcgis/rest/services/ASGS2024/LGA/MapServer
2024	48830	Yorke Peninsula	4	https://geo.abs.gov.au/arcgis/rest/services/ASGS2024/LGA/MapServer
2024	49399	Unincorporated SA	4	https://geo.abs.gov.au/arcgis/rest/services/ASGS2024/LGA/MapServer
2024	49499	No usual address (SA)	4	https://geo.abs.gov.au/arcgis/rest/services/ASGS2024/LGA/MapServer
2024	49799	Migratory - Offshore - Shipping (SA)	4	https://geo.abs.gov.au/arcgis/rest/services/ASGS2024/LGA/MapServer
2024	50080	Albany	5	https://geo.abs.gov.au/arcgis/rest/services/ASGS2024/LGA/MapServer
2024	50210	Armadale	5	https://geo.abs.gov.au/arcgis/rest/services/ASGS2024/LGA/MapServer
2024	50250	Ashburton	5	https://geo.abs.gov.au/arcgis/rest/services/ASGS2024/LGA/MapServer
2024	50280	Augusta Margaret River	5	https://geo.abs.gov.au/arcgis/rest/services/ASGS2024/LGA/MapServer
2024	50350	Bassendean	5	https://geo.abs.gov.au/arcgis/rest/services/ASGS2024/LGA/MapServer
2024	50420	Bayswater	5	https://geo.abs.gov.au/arcgis/rest/services/ASGS2024/LGA/MapServer
2024	50490	Belmont	5	https://geo.abs.gov.au/arcgis/rest/services/ASGS2024/LGA/MapServer
2024	50560	Beverley	5	https://geo.abs.gov.au/arcgis/rest/services/ASGS2024/LGA/MapServer
2024	50630	Boddington	5	https://geo.abs.gov.au/arcgis/rest/services/ASGS2024/LGA/MapServer
2024	50770	Boyup Brook	5	https://geo.abs.gov.au/arcgis/rest/services/ASGS2024/LGA/MapServer
2024	50840	Bridgetown-Greenbushes	5	https://geo.abs.gov.au/arcgis/rest/services/ASGS2024/LGA/MapServer
2024	50910	Brookton	5	https://geo.abs.gov.au/arcgis/rest/services/ASGS2024/LGA/MapServer
2024	50980	Broome	5	https://geo.abs.gov.au/arcgis/rest/services/ASGS2024/LGA/MapServer
2024	51080	Broomehill-Tambellup	5	https://geo.abs.gov.au/arcgis/rest/services/ASGS2024/LGA/MapServer
2024	51120	Bruce Rock	5	https://geo.abs.gov.au/arcgis/rest/services/ASGS2024/LGA/MapServer
2024	51190	Bunbury	5	https://geo.abs.gov.au/arcgis/rest/services/ASGS2024/LGA/MapServer
2024	51260	Busselton	5	https://geo.abs.gov.au/arcgis/rest/services/ASGS2024/LGA/MapServer
2024	51310	Cambridge	5	https://geo.abs.gov.au/arcgis/rest/services/ASGS2024/LGA/MapServer
2024	51330	Canning	5	https://geo.abs.gov.au/arcgis/rest/services/ASGS2024/LGA/MapServer
2024	51400	Capel	5	https://geo.abs.gov.au/arcgis/rest/services/ASGS2024/LGA/MapServer
2024	51470	Carnamah	5	https://geo.abs.gov.au/arcgis/rest/services/ASGS2024/LGA/MapServer
2024	51540	Carnarvon	5	https://geo.abs.gov.au/arcgis/rest/services/ASGS2024/LGA/MapServer
2024	51610	Chapman Valley	5	https://geo.abs.gov.au/arcgis/rest/services/ASGS2024/LGA/MapServer
2024	51680	Chittering	5	https://geo.abs.gov.au/arcgis/rest/services/ASGS2024/LGA/MapServer
2024	51710	Christmas Island	5	https://geo.abs.gov.au/arcgis/rest/services/ASGS2024/LGA/MapServer
2024	51750	Claremont	5	https://geo.abs.gov.au/arcgis/rest/services/ASGS2024/LGA/MapServer
2024	51820	Cockburn	5	https://geo.abs.gov.au/arcgis/rest/services/ASGS2024/LGA/MapServer
2024	51860	Cocos Islands	5	https://geo.abs.gov.au/arcgis/rest/services/ASGS2024/LGA/MapServer
2024	51890	Collie	5	https://geo.abs.gov.au/arcgis/rest/services/ASGS2024/LGA/MapServer
2024	51960	Coolgardie	5	https://geo.abs.gov.au/arcgis/rest/services/ASGS2024/LGA/MapServer
2024	52030	Coorow	5	https://geo.abs.gov.au/arcgis/rest/services/ASGS2024/LGA/MapServer
2024	52100	Corrigin	5	https://geo.abs.gov.au/arcgis/rest/services/ASGS2024/LGA/MapServer
2024	52170	Cottesloe 	5	https://geo.abs.gov.au/arcgis/rest/services/ASGS2024/LGA/MapServer
2024	52240	Cranbrook	5	https://geo.abs.gov.au/arcgis/rest/services/ASGS2024/LGA/MapServer
2024	52310	Cuballing	5	https://geo.abs.gov.au/arcgis/rest/services/ASGS2024/LGA/MapServer
2024	52380	Cue	5	https://geo.abs.gov.au/arcgis/rest/services/ASGS2024/LGA/MapServer
2024	52450	Cunderdin	5	https://geo.abs.gov.au/arcgis/rest/services/ASGS2024/LGA/MapServer
2024	52520	Dalwallinu	5	https://geo.abs.gov.au/arcgis/rest/services/ASGS2024/LGA/MapServer
2024	52590	Dandaragan	5	https://geo.abs.gov.au/arcgis/rest/services/ASGS2024/LGA/MapServer
2024	52660	Dardanup	5	https://geo.abs.gov.au/arcgis/rest/services/ASGS2024/LGA/MapServer
2024	52730	Denmark	5	https://geo.abs.gov.au/arcgis/rest/services/ASGS2024/LGA/MapServer
2024	52800	Derby-West Kimberley	5	https://geo.abs.gov.au/arcgis/rest/services/ASGS2024/LGA/MapServer
2024	52870	Donnybrook-Balingup	5	https://geo.abs.gov.au/arcgis/rest/services/ASGS2024/LGA/MapServer
2024	52940	Dowerin	5	https://geo.abs.gov.au/arcgis/rest/services/ASGS2024/LGA/MapServer
2024	53010	Dumbleyung	5	https://geo.abs.gov.au/arcgis/rest/services/ASGS2024/LGA/MapServer
2024	53080	Dundas	5	https://geo.abs.gov.au/arcgis/rest/services/ASGS2024/LGA/MapServer
2024	53150	East Fremantle	5	https://geo.abs.gov.au/arcgis/rest/services/ASGS2024/LGA/MapServer
2024	53220	East Pilbara	5	https://geo.abs.gov.au/arcgis/rest/services/ASGS2024/LGA/MapServer
2024	53290	Esperance	5	https://geo.abs.gov.au/arcgis/rest/services/ASGS2024/LGA/MapServer
2024	53360	Exmouth	5	https://geo.abs.gov.au/arcgis/rest/services/ASGS2024/LGA/MapServer
2024	53430	Fremantle	5	https://geo.abs.gov.au/arcgis/rest/services/ASGS2024/LGA/MapServer
2024	53570	Gingin	5	https://geo.abs.gov.au/arcgis/rest/services/ASGS2024/LGA/MapServer
2024	53640	Gnowangerup	5	https://geo.abs.gov.au/arcgis/rest/services/ASGS2024/LGA/MapServer
2024	53710	Goomalling	5	https://geo.abs.gov.au/arcgis/rest/services/ASGS2024/LGA/MapServer
2024	53780	Gosnells	5	https://geo.abs.gov.au/arcgis/rest/services/ASGS2024/LGA/MapServer
2024	53800	Greater Geraldton	5	https://geo.abs.gov.au/arcgis/rest/services/ASGS2024/LGA/MapServer
2024	53920	Halls Creek	5	https://geo.abs.gov.au/arcgis/rest/services/ASGS2024/LGA/MapServer
2024	53990	Harvey	5	https://geo.abs.gov.au/arcgis/rest/services/ASGS2024/LGA/MapServer
2024	54060	Irwin	5	https://geo.abs.gov.au/arcgis/rest/services/ASGS2024/LGA/MapServer
2024	54130	Jerramungup	5	https://geo.abs.gov.au/arcgis/rest/services/ASGS2024/LGA/MapServer
2024	54170	Joondalup	5	https://geo.abs.gov.au/arcgis/rest/services/ASGS2024/LGA/MapServer
2024	54200	Kalamunda	5	https://geo.abs.gov.au/arcgis/rest/services/ASGS2024/LGA/MapServer
2024	54280	Kalgoorlie-Boulder	5	https://geo.abs.gov.au/arcgis/rest/services/ASGS2024/LGA/MapServer
2024	54310	Karratha	5	https://geo.abs.gov.au/arcgis/rest/services/ASGS2024/LGA/MapServer
2024	54340	Katanning	5	https://geo.abs.gov.au/arcgis/rest/services/ASGS2024/LGA/MapServer
2024	54410	Kellerberrin	5	https://geo.abs.gov.au/arcgis/rest/services/ASGS2024/LGA/MapServer
2024	54480	Kent	5	https://geo.abs.gov.au/arcgis/rest/services/ASGS2024/LGA/MapServer
2024	54550	Kojonup	5	https://geo.abs.gov.au/arcgis/rest/services/ASGS2024/LGA/MapServer
2024	54620	Kondinin	5	https://geo.abs.gov.au/arcgis/rest/services/ASGS2024/LGA/MapServer
2024	54690	Koorda	5	https://geo.abs.gov.au/arcgis/rest/services/ASGS2024/LGA/MapServer
2024	54760	Kulin	5	https://geo.abs.gov.au/arcgis/rest/services/ASGS2024/LGA/MapServer
2024	54830	Kwinana	5	https://geo.abs.gov.au/arcgis/rest/services/ASGS2024/LGA/MapServer
2024	54900	Lake Grace	5	https://geo.abs.gov.au/arcgis/rest/services/ASGS2024/LGA/MapServer
2024	54970	Laverton	5	https://geo.abs.gov.au/arcgis/rest/services/ASGS2024/LGA/MapServer
2024	55040	Leonora	5	https://geo.abs.gov.au/arcgis/rest/services/ASGS2024/LGA/MapServer
2024	55110	Mandurah	5	https://geo.abs.gov.au/arcgis/rest/services/ASGS2024/LGA/MapServer
2024	55180	Manjimup	5	https://geo.abs.gov.au/arcgis/rest/services/ASGS2024/LGA/MapServer
2024	55250	Meekatharra	5	https://geo.abs.gov.au/arcgis/rest/services/ASGS2024/LGA/MapServer
2024	55320	Melville	5	https://geo.abs.gov.au/arcgis/rest/services/ASGS2024/LGA/MapServer
2024	55390	Menzies	5	https://geo.abs.gov.au/arcgis/rest/services/ASGS2024/LGA/MapServer
2024	55460	Merredin	5	https://geo.abs.gov.au/arcgis/rest/services/ASGS2024/LGA/MapServer
2024	55530	Mingenew	5	https://geo.abs.gov.au/arcgis/rest/services/ASGS2024/LGA/MapServer
2024	55600	Moora	5	https://geo.abs.gov.au/arcgis/rest/services/ASGS2024/LGA/MapServer
2024	55670	Morawa	5	https://geo.abs.gov.au/arcgis/rest/services/ASGS2024/LGA/MapServer
2024	55740	Mosman Park	5	https://geo.abs.gov.au/arcgis/rest/services/ASGS2024/LGA/MapServer
2024	55810	Mount Magnet	5	https://geo.abs.gov.au/arcgis/rest/services/ASGS2024/LGA/MapServer
2024	55880	Mount Marshall	5	https://geo.abs.gov.au/arcgis/rest/services/ASGS2024/LGA/MapServer
2024	55950	Mukinbudin	5	https://geo.abs.gov.au/arcgis/rest/services/ASGS2024/LGA/MapServer
2024	56090	Mundaring	5	https://geo.abs.gov.au/arcgis/rest/services/ASGS2024/LGA/MapServer
2024	56160	Murchison	5	https://geo.abs.gov.au/arcgis/rest/services/ASGS2024/LGA/MapServer
2024	56230	Murray	5	https://geo.abs.gov.au/arcgis/rest/services/ASGS2024/LGA/MapServer
2024	56300	Nannup	5	https://geo.abs.gov.au/arcgis/rest/services/ASGS2024/LGA/MapServer
2024	56370	Narembeen	5	https://geo.abs.gov.au/arcgis/rest/services/ASGS2024/LGA/MapServer
2024	56460	Narrogin	5	https://geo.abs.gov.au/arcgis/rest/services/ASGS2024/LGA/MapServer
2024	56580	Nedlands	5	https://geo.abs.gov.au/arcgis/rest/services/ASGS2024/LGA/MapServer
2024	56620	Ngaanyatjarraku	5	https://geo.abs.gov.au/arcgis/rest/services/ASGS2024/LGA/MapServer
2024	56730	Northam	5	https://geo.abs.gov.au/arcgis/rest/services/ASGS2024/LGA/MapServer
2024	56790	Northampton	5	https://geo.abs.gov.au/arcgis/rest/services/ASGS2024/LGA/MapServer
2024	56860	Nungarin	5	https://geo.abs.gov.au/arcgis/rest/services/ASGS2024/LGA/MapServer
2024	56930	Peppermint Grove	5	https://geo.abs.gov.au/arcgis/rest/services/ASGS2024/LGA/MapServer
2024	57000	Perenjori	5	https://geo.abs.gov.au/arcgis/rest/services/ASGS2024/LGA/MapServer
2024	57080	Perth	5	https://geo.abs.gov.au/arcgis/rest/services/ASGS2024/LGA/MapServer
2024	57140	Pingelly	5	https://geo.abs.gov.au/arcgis/rest/services/ASGS2024/LGA/MapServer
2024	57210	Plantagenet	5	https://geo.abs.gov.au/arcgis/rest/services/ASGS2024/LGA/MapServer
2024	57280	Port Hedland	5	https://geo.abs.gov.au/arcgis/rest/services/ASGS2024/LGA/MapServer
2024	57350	Quairading	5	https://geo.abs.gov.au/arcgis/rest/services/ASGS2024/LGA/MapServer
2024	57420	Ravensthorpe	5	https://geo.abs.gov.au/arcgis/rest/services/ASGS2024/LGA/MapServer
2024	57490	Rockingham	5	https://geo.abs.gov.au/arcgis/rest/services/ASGS2024/LGA/MapServer
2024	57630	Sandstone	5	https://geo.abs.gov.au/arcgis/rest/services/ASGS2024/LGA/MapServer
2024	57700	Serpentine-Jarrahdale	5	https://geo.abs.gov.au/arcgis/rest/services/ASGS2024/LGA/MapServer
2024	57770	Shark Bay	5	https://geo.abs.gov.au/arcgis/rest/services/ASGS2024/LGA/MapServer
2024	57840	South Perth	5	https://geo.abs.gov.au/arcgis/rest/services/ASGS2024/LGA/MapServer
2024	57910	Stirling	5	https://geo.abs.gov.au/arcgis/rest/services/ASGS2024/LGA/MapServer
2024	57980	Subiaco	5	https://geo.abs.gov.au/arcgis/rest/services/ASGS2024/LGA/MapServer
2024	58050	Swan	5	https://geo.abs.gov.au/arcgis/rest/services/ASGS2024/LGA/MapServer
2024	58190	Tammin	5	https://geo.abs.gov.au/arcgis/rest/services/ASGS2024/LGA/MapServer
2024	58260	Three Springs	5	https://geo.abs.gov.au/arcgis/rest/services/ASGS2024/LGA/MapServer
2024	58330	Toodyay	5	https://geo.abs.gov.au/arcgis/rest/services/ASGS2024/LGA/MapServer
2024	58400	Trayning	5	https://geo.abs.gov.au/arcgis/rest/services/ASGS2024/LGA/MapServer
2024	58470	Upper Gascoyne	5	https://geo.abs.gov.au/arcgis/rest/services/ASGS2024/LGA/MapServer
2024	58510	Victoria Park	5	https://geo.abs.gov.au/arcgis/rest/services/ASGS2024/LGA/MapServer
2024	58540	Victoria Plains	5	https://geo.abs.gov.au/arcgis/rest/services/ASGS2024/LGA/MapServer
2024	58570	Vincent	5	https://geo.abs.gov.au/arcgis/rest/services/ASGS2024/LGA/MapServer
2024	58610	Wagin	5	https://geo.abs.gov.au/arcgis/rest/services/ASGS2024/LGA/MapServer
2024	58680	Wandering	5	https://geo.abs.gov.au/arcgis/rest/services/ASGS2024/LGA/MapServer
2024	58760	Wanneroo	5	https://geo.abs.gov.au/arcgis/rest/services/ASGS2024/LGA/MapServer
2024	58820	Waroona	5	https://geo.abs.gov.au/arcgis/rest/services/ASGS2024/LGA/MapServer
2024	58890	West Arthur	5	https://geo.abs.gov.au/arcgis/rest/services/ASGS2024/LGA/MapServer
2024	59030	Westonia	5	https://geo.abs.gov.au/arcgis/rest/services/ASGS2024/LGA/MapServer
2024	59100	Wickepin	5	https://geo.abs.gov.au/arcgis/rest/services/ASGS2024/LGA/MapServer
2024	59170	Williams	5	https://geo.abs.gov.au/arcgis/rest/services/ASGS2024/LGA/MapServer
2024	59250	Wiluna	5	https://geo.abs.gov.au/arcgis/rest/services/ASGS2024/LGA/MapServer
2024	59310	Wongan-Ballidu	5	https://geo.abs.gov.au/arcgis/rest/services/ASGS2024/LGA/MapServer
2024	59320	Woodanilling	5	https://geo.abs.gov.au/arcgis/rest/services/ASGS2024/LGA/MapServer
2024	59330	Wyalkatchem	5	https://geo.abs.gov.au/arcgis/rest/services/ASGS2024/LGA/MapServer
2024	59340	Wyndham-East Kimberley	5	https://geo.abs.gov.au/arcgis/rest/services/ASGS2024/LGA/MapServer
2024	59350	Yalgoo	5	https://geo.abs.gov.au/arcgis/rest/services/ASGS2024/LGA/MapServer
2024	59360	Yilgarn	5	https://geo.abs.gov.au/arcgis/rest/services/ASGS2024/LGA/MapServer
2024	59370	York	5	https://geo.abs.gov.au/arcgis/rest/services/ASGS2024/LGA/MapServer
2024	59499	No usual address (WA)	5	https://geo.abs.gov.au/arcgis/rest/services/ASGS2024/LGA/MapServer
2024	59799	Migratory - Offshore - Shipping (WA)	5	https://geo.abs.gov.au/arcgis/rest/services/ASGS2024/LGA/MapServer
2024	60210	Break O'Day	6	https://geo.abs.gov.au/arcgis/rest/services/ASGS2024/LGA/MapServer
2024	60410	Brighton	6	https://geo.abs.gov.au/arcgis/rest/services/ASGS2024/LGA/MapServer
2024	60610	Burnie	6	https://geo.abs.gov.au/arcgis/rest/services/ASGS2024/LGA/MapServer
2024	60810	Central Coast (Tas.)	6	https://geo.abs.gov.au/arcgis/rest/services/ASGS2024/LGA/MapServer
2024	61010	Central Highlands (Tas.)	6	https://geo.abs.gov.au/arcgis/rest/services/ASGS2024/LGA/MapServer
2024	61210	Circular Head	6	https://geo.abs.gov.au/arcgis/rest/services/ASGS2024/LGA/MapServer
2024	61410	Clarence	6	https://geo.abs.gov.au/arcgis/rest/services/ASGS2024/LGA/MapServer
2024	61510	Derwent Valley	6	https://geo.abs.gov.au/arcgis/rest/services/ASGS2024/LGA/MapServer
2024	61610	Devonport	6	https://geo.abs.gov.au/arcgis/rest/services/ASGS2024/LGA/MapServer
2024	61810	Dorset	6	https://geo.abs.gov.au/arcgis/rest/services/ASGS2024/LGA/MapServer
2024	62010	Flinders (Tas.)	6	https://geo.abs.gov.au/arcgis/rest/services/ASGS2024/LGA/MapServer
2024	62210	George Town	6	https://geo.abs.gov.au/arcgis/rest/services/ASGS2024/LGA/MapServer
2024	62410	Glamorgan-Spring Bay	6	https://geo.abs.gov.au/arcgis/rest/services/ASGS2024/LGA/MapServer
2024	62610	Glenorchy	6	https://geo.abs.gov.au/arcgis/rest/services/ASGS2024/LGA/MapServer
2024	62810	Hobart	6	https://geo.abs.gov.au/arcgis/rest/services/ASGS2024/LGA/MapServer
2024	63010	Huon Valley	6	https://geo.abs.gov.au/arcgis/rest/services/ASGS2024/LGA/MapServer
2024	63210	Kentish	6	https://geo.abs.gov.au/arcgis/rest/services/ASGS2024/LGA/MapServer
2024	63410	King Island	6	https://geo.abs.gov.au/arcgis/rest/services/ASGS2024/LGA/MapServer
2024	63610	Kingborough	6	https://geo.abs.gov.au/arcgis/rest/services/ASGS2024/LGA/MapServer
2024	63810	Latrobe (Tas.)	6	https://geo.abs.gov.au/arcgis/rest/services/ASGS2024/LGA/MapServer
2024	64010	Launceston	6	https://geo.abs.gov.au/arcgis/rest/services/ASGS2024/LGA/MapServer
2024	64210	Meander Valley	6	https://geo.abs.gov.au/arcgis/rest/services/ASGS2024/LGA/MapServer
2024	64610	Northern Midlands	6	https://geo.abs.gov.au/arcgis/rest/services/ASGS2024/LGA/MapServer
2024	64810	Sorell	6	https://geo.abs.gov.au/arcgis/rest/services/ASGS2024/LGA/MapServer
2024	65010	Southern Midlands	6	https://geo.abs.gov.au/arcgis/rest/services/ASGS2024/LGA/MapServer
2024	65210	Tasman	6	https://geo.abs.gov.au/arcgis/rest/services/ASGS2024/LGA/MapServer
2024	65410	Waratah-Wynyard	6	https://geo.abs.gov.au/arcgis/rest/services/ASGS2024/LGA/MapServer
2024	65610	West Coast	6	https://geo.abs.gov.au/arcgis/rest/services/ASGS2024/LGA/MapServer
2024	65810	West Tamar	6	https://geo.abs.gov.au/arcgis/rest/services/ASGS2024/LGA/MapServer
2024	69499	No usual address (Tas.)	6	https://geo.abs.gov.au/arcgis/rest/services/ASGS2024/LGA/MapServer
2024	69799	Migratory - Offshore - Shipping (Tas.)	6	https://geo.abs.gov.au/arcgis/rest/services/ASGS2024/LGA/MapServer
2024	70200	Alice Springs	7	https://geo.abs.gov.au/arcgis/rest/services/ASGS2024/LGA/MapServer
2024	70420	Barkly	7	https://geo.abs.gov.au/arcgis/rest/services/ASGS2024/LGA/MapServer
2024	70540	Belyuen	7	https://geo.abs.gov.au/arcgis/rest/services/ASGS2024/LGA/MapServer
2024	70620	Central Desert	7	https://geo.abs.gov.au/arcgis/rest/services/ASGS2024/LGA/MapServer
2024	70700	Coomalie 	7	https://geo.abs.gov.au/arcgis/rest/services/ASGS2024/LGA/MapServer
2024	71000	Darwin	7	https://geo.abs.gov.au/arcgis/rest/services/ASGS2024/LGA/MapServer
2024	71150	Darwin Waterfront Precinct	7	https://geo.abs.gov.au/arcgis/rest/services/ASGS2024/LGA/MapServer
2024	71300	East Arnhem	7	https://geo.abs.gov.au/arcgis/rest/services/ASGS2024/LGA/MapServer
2024	72200	Katherine	7	https://geo.abs.gov.au/arcgis/rest/services/ASGS2024/LGA/MapServer
2024	72300	Litchfield	7	https://geo.abs.gov.au/arcgis/rest/services/ASGS2024/LGA/MapServer
2024	72330	MacDonnell	7	https://geo.abs.gov.au/arcgis/rest/services/ASGS2024/LGA/MapServer
2024	72800	Palmerston	7	https://geo.abs.gov.au/arcgis/rest/services/ASGS2024/LGA/MapServer
2024	73600	Roper Gulf	7	https://geo.abs.gov.au/arcgis/rest/services/ASGS2024/LGA/MapServer
2024	74050	Tiwi Islands	7	https://geo.abs.gov.au/arcgis/rest/services/ASGS2024/LGA/MapServer
2024	74550	Victoria Daly	7	https://geo.abs.gov.au/arcgis/rest/services/ASGS2024/LGA/MapServer
2024	74560	Wagait	7	https://geo.abs.gov.au/arcgis/rest/services/ASGS2024/LGA/MapServer
2024	74660	West Arnhem	7	https://geo.abs.gov.au/arcgis/rest/services/ASGS2024/LGA/MapServer
2024	74680	West Daly	7	https://geo.abs.gov.au/arcgis/rest/services/ASGS2024/LGA/MapServer
2024	79399	Unincorporated NT	7	https://geo.abs.gov.au/arcgis/rest/services/ASGS2024/LGA/MapServer
2024	79499	No usual address (NT)	7	https://geo.abs.gov.au/arcgis/rest/services/ASGS2024/LGA/MapServer
2024	79799	Migratory - Offshore - Shipping (NT)	7	https://geo.abs.gov.au/arcgis/rest/services/ASGS2024/LGA/MapServer
2024	89399	Unincorporated ACT	8	https://geo.abs.gov.au/arcgis/rest/services/ASGS2024/LGA/MapServer
2024	89499	No usual address (ACT)	8	https://geo.abs.gov.au/arcgis/rest/services/ASGS2024/LGA/MapServer
2024	89799	Migratory - Offshore - Shipping (ACT)	8	https://geo.abs.gov.au/arcgis/rest/services/ASGS2024/LGA/MapServer
2024	99399	Unincorp. Other Territories	9	https://geo.abs.gov.au/arcgis/rest/services/ASGS2024/LGA/MapServer
2024	99499	No usual address (OT)	9	https://geo.abs.gov.au/arcgis/rest/services/ASGS2024/LGA/MapServer
2024	99799	Migratory - Offshore - Shipping (OT)	9	https://geo.abs.gov.au/arcgis/rest/services/ASGS2024/LGA/MapServer
2024	ZZZZZ	Outside Australia	9	https://geo.abs.gov.au/arcgis/rest/services/ASGS2024/LGA/MapServer
